{
"type": "FeatureCollection",
"name": "kaa_fields",
"crs": { "type": "name", "properties": { "name": "urn:ogc:def:crs:OGC:1.3:CRS84" } },
"features": [
{ "type": "Feature", "properties": { "dataset_code": "KAA", "source_file": "КАА.kml", "placemark_index": 1, "organization_code": "KAA", "organization_name_raw": "КАА", "farm_name_raw": "Орошение Солнцево", "region_name_raw": "Курская область", "district_name_raw": "Солнцевский район", "field_external_key": "KAA:КУР-СОЛ-0005-02", "field_code_raw": "КУР-СОЛ-0005-02", "field_name_raw": "КУР-СОЛ-0005-02", "field_code_unique_status": "unique", "source_fid": "1", "declared_area_ha": 108.8, "geometry_area_ha": 108.803296, "area_diff_ha": 0.003296, "area_diff_pct": 0.003029, "area_quality_status": "ok", "geometry_type": "Polygon", "polygon_count": 1, "inner_ring_count": 1, "geometry_valid": true, "geometry_validity_reason": "Valid Geometry", "centroid_lon": 36.760888794000003, "centroid_lat": 51.513240195000002, "representative_lon": 36.758682223000001, "representative_lat": 51.513243740999997, "centroid_within_geometry": true, "weather_point_lon_candidate": 36.760888794000003, "weather_point_lat_candidate": 51.513240195000002, "active_2026_candidate": true, "active_reason": "kaa_crop_plan_present", "season_year_candidate": null, "crop_raw": "Кукуруза зерновая", "crop_code_candidate": "maize_grain", "crop_parameter_set_candidate_key": "aquacrop_v7_3_regional_maize_grain_kursk_oblast", "regional_crop_parameter_set_candidate_key": "aquacrop_v7_3_regional_maize_grain_kursk_oblast", "crop_parameter_candidate_status": "resolved_from_kml_region_kursk_oblast", "crop_parameter_candidate_comment_ru": "Кандидат выбран по культуре и признаку региона 'Курская область' из KAA.kml.", "sowing_date_raw": "", "calculation_ready": false, "calculation_blockers_json": [ "missing_sowing_date", "missing_soil_profile" ], "geometry_hash_sha256": "b7def21d11bd4cb2a4feac0aa52d939c05f1b6d6900b1efa5a59936f4c2450d3", "source_attributes_json": { "ESRI_OID": "2031", "fid": "1", "is_experimental_production": "Нет", "source_fid": "1", "В аренде": "Нет", "Дата изменения": "10.11.2025 9:56:26", "Изменил": "GEODATA", "Интенсивность": "MAX", "История": "2013: Кукуруза зерновая, 2014: Ячмень яровой, 2015: Соя, 2016: Пшеница озимая, 2017: Соя, 2018: Гречиха, Пшеница яровая, 2019: Пар, 2020: Пшеница озимая, 2021: Соя, 2022: Пар, Пшеница яровая, 2023: Кукуруза зерновая, 2024: Подсолнечник, 2025: Кукуруза зерновая, 2026: Кукуруза зерновая", "Культура": "Кукуруза зерновая", "Мех.состав (пески; карбонаты)": "Да", "Название": "КУР-СОЛ-0005-02", "Направление склона": "В, З", "Область": "Курская область", "Ограничение сева по ХСЗР (сах.свекла)": "2017", "Опытное": "Нет", "План. хозяйство": "Орошение Солнцево", "Площадь (га)": "108.8", "Под оптимизацию": "Нет", "Пред. предшественник": "Подсолнечник", "Предшественник": "Кукуруза зерновая", "Район": "Солнцевский район", "Территория": "Орошение", "Технология": "Кукуруза зерновая АТ орошение MAS MAX_Кораген", "Технология компании": "АТ семенная", "Тип посевов": "Семенные", "Уклон (град.)": "2.1", "Хозяйство": "Орошение Солнцево" } }, "geometry": { "type": "Polygon", "coordinates": [ [ [ 36.757027472382603, 51.517943309628002 ], [ 36.757191057392497, 51.517993792367797 ], [ 36.757576219952, 51.518114943448197 ], [ 36.757843085168403, 51.518185625150899 ], [ 36.758403981553698, 51.518306134000802 ], [ 36.758646434154002, 51.518346670802501 ], [ 36.758814332873797, 51.518374741557899 ], [ 36.758976989924001, 51.518401936360803 ], [ 36.7595593156204, 51.518472563955299 ], [ 36.760148120864997, 51.518517674242098 ], [ 36.760740536438597, 51.518537047056299 ], [ 36.761333674257799, 51.518530586843902 ], [ 36.761924644442203, 51.518498327133102 ], [ 36.762510566993001, 51.518440423267897 ], [ 36.7630885861659, 51.518357157998899 ], [ 36.763328978030898, 51.518311300183903 ], [ 36.763655883946001, 51.518248938132103 ], [ 36.764209697115199, 51.518116290060199 ], [ 36.7647473271347, 51.517959860325703 ], [ 36.765266151821997, 51.517780411154597 ], [ 36.7657636460128, 51.517578817107697 ], [ 36.766237383357698, 51.5173560622925 ], [ 36.766685056084597, 51.517113229190102 ], [ 36.767104483982401, 51.516851503134397 ], [ 36.767493621587001, 51.5165721600222 ], [ 36.767850576148298, 51.516276559052898 ], [ 36.767952368744702, 51.516178741442197 ], [ 36.768073767970499, 51.516062083065002 ], [ 36.768306755921003, 51.515795045305303 ], [ 36.7684524428971, 51.515623289261299 ], [ 36.768587916926798, 51.5154483103506 ], [ 36.768712997448603, 51.515270343886399 ], [ 36.7688275128844, 51.515089630216302 ], [ 36.768931311418903, 51.514906414163399 ], [ 36.7690242502198, 51.514720943349502 ], [ 36.769106207116501, 51.514533465959097 ], [ 36.7691413132778, 51.5144397177503 ], [ 36.769177068921003, 51.514344236888803 ], [ 36.769207183144303, 51.514247986029602 ], [ 36.769236742208697, 51.514153512157598 ], [ 36.769285145232899, 51.5139615472293 ], [ 36.769322213314801, 51.513768603162397 ], [ 36.769347896148702, 51.513574939342902 ], [ 36.769362158700503, 51.513380817955898 ], [ 36.769364983902101, 51.513186500073402 ], [ 36.769356367261899, 51.512992249007503 ], [ 36.769336318661303, 51.512798326957203 ], [ 36.769331345587901, 51.512767756572401 ], [ 36.769304917152297, 51.512605305285703 ], [ 36.769304866846603, 51.512604993889397 ], [ 36.769262054936803, 51.512412514247998 ], [ 36.769207940424103, 51.5122211440952 ], [ 36.769142596072001, 51.512031143970397 ], [ 36.7690661099154, 51.511842769944202 ], [ 36.768978587057298, 51.511656276973298 ], [ 36.768942860160102, 51.511589369498097 ], [ 36.768880143380301, 51.511471914986799 ], [ 36.768789758489703, 51.511321330489501 ], [ 36.768770913631599, 51.511289933917503 ], [ 36.768651045135101, 51.511110580347399 ], [ 36.768520698689002, 51.510934094152802 ], [ 36.768380052159898, 51.510760716331802 ], [ 36.768229294194001, 51.510590677821497 ], [ 36.768068628708797, 51.5104242101213 ], [ 36.768020425110699, 51.510378180506699 ], [ 36.767898273096598, 51.510261536905602 ], [ 36.7677677981915, 51.510146415407597 ], [ 36.7677184564279, 51.5101028790559 ], [ 36.767529422145998, 51.509948450187402 ], [ 36.767331425372603, 51.509798458326102 ], [ 36.767124732907199, 51.5096531053495 ], [ 36.766909625024198, 51.5095125881044 ], [ 36.766686391879503, 51.5093770972884 ], [ 36.766455332611997, 51.5092468140951 ], [ 36.766216763428702, 51.509121915245501 ], [ 36.7661696144527, 51.509099018875098 ], [ 36.765971002333302, 51.509002567956003 ], [ 36.765952089203303, 51.508994060629597 ], [ 36.7657183817023, 51.508888936088098 ], [ 36.765459243793998, 51.508781170084198 ], [ 36.765193938951199, 51.508679417031303 ], [ 36.7649228238052, 51.508583813951603 ], [ 36.764646263970299, 51.508494488919901 ], [ 36.764364634043901, 51.508411563859198 ], [ 36.764078313115, 51.508335151186301 ], [ 36.763787689255999, 51.5082653521333 ], [ 36.763493152335599, 51.508202261220703 ], [ 36.763312352011702, 51.5081681110983 ], [ 36.763195100307499, 51.508145964021097 ], [ 36.763032781023902, 51.508119324446 ], [ 36.762893937413601, 51.508096537158302 ], [ 36.762590066997298, 51.508054047189297 ], [ 36.762283902283897, 51.508018550045399 ], [ 36.7619758538033, 51.507990094945001 ], [ 36.7616663401704, 51.507968719921301 ], [ 36.7613557764071, 51.507954454058201 ], [ 36.7610445820264, 51.507947315813396 ], [ 36.760733178338199, 51.507947315813396 ], [ 36.7604219839574, 51.507954454058201 ], [ 36.760111421092297, 51.507968719921301 ], [ 36.759801905662897, 51.507990094945001 ], [ 36.759493858080603, 51.508018550045399 ], [ 36.759187693367203, 51.508054047189297 ], [ 36.758883823849303, 51.508096537158302 ], [ 36.758582660057002, 51.508145964021097 ], [ 36.758284608927198, 51.508202261220703 ], [ 36.7581188598758, 51.508237765490001 ], [ 36.7580042222692, 51.508262321181597 ], [ 36.757990072006798, 51.5082653521333 ], [ 36.757699447249401, 51.508335151186301 ], [ 36.7574131263206, 51.508411563859198 ], [ 36.757131496394202, 51.508494488919801 ], [ 36.756854936559201, 51.508583813951603 ], [ 36.756583821413201, 51.508679417031303 ], [ 36.756318515672199, 51.508781170084198 ], [ 36.756059377763798, 51.508888936088098 ], [ 36.755806758929502, 51.509002567956003 ], [ 36.755560997834102, 51.509121915245501 ], [ 36.7553224268542, 51.5092468140951 ], [ 36.7550913693834, 51.5093770972884 ], [ 36.755073686945302, 51.509387829199099 ], [ 36.7549672114313, 51.509452454313298 ], [ 36.754868135340303, 51.5095125881044 ], [ 36.754653026558998, 51.5096531053495 ], [ 36.754446334991897, 51.509798458326102 ], [ 36.754248338218503, 51.509948450187402 ], [ 36.7540593039366, 51.5101028790559 ], [ 36.753879488166199, 51.510261536905602 ], [ 36.753709131655697, 51.5104242101213 ], [ 36.7535484661705, 51.510590677821497 ], [ 36.7534158011727, 51.510740309261699 ], [ 36.753397708204602, 51.510760716331802 ], [ 36.753257060777202, 51.510934094152802 ], [ 36.753126715229399, 51.511110580347399 ], [ 36.753006846732902, 51.511289933917503 ], [ 36.7528976169842, 51.511471914986799 ], [ 36.752799174205499, 51.511656276973298 ], [ 36.752783704317999, 51.5116892392507 ], [ 36.7527116504491, 51.511842769944202 ], [ 36.752646030314203, 51.512004384231297 ], [ 36.752635165190803, 51.512031143970397 ], [ 36.752569819940398, 51.5122211440952 ], [ 36.752515705427697, 51.512412514247998 ], [ 36.7524728926196, 51.512604993889397 ], [ 36.752441441703198, 51.512798326957203 ], [ 36.752421394000997, 51.512992249007503 ], [ 36.752419856085197, 51.513026907048797 ], [ 36.752412775564103, 51.513186500073402 ], [ 36.752415600765701, 51.513380817955898 ], [ 36.752429864215799, 51.513574939342902 ], [ 36.752455547049699, 51.513768603162397 ], [ 36.752492615131601, 51.513961547229201 ], [ 36.752541018155803, 51.514153512157598 ], [ 36.752600691443497, 51.514344236888803 ], [ 36.752621824310502, 51.5144006717792 ], [ 36.752660966602399, 51.514505194378302 ], [ 36.752671554146403, 51.514533465959097 ], [ 36.7527535101447, 51.514720943349502 ], [ 36.752846449843901, 51.514906414163399 ], [ 36.752950248378397, 51.515089630216302 ], [ 36.753064763814201, 51.515270343886399 ], [ 36.753189843437703, 51.5154483103506 ], [ 36.753325318365697, 51.515623289261299 ], [ 36.753456175953097, 51.5157775636102 ], [ 36.753526035237797, 51.515854529528703 ], [ 36.753626705838499, 51.5159633459673 ], [ 36.753792214141399, 51.516127964325001 ], [ 36.753967302976797, 51.516288676812401 ], [ 36.754151737884399, 51.516445268250997 ], [ 36.754345270030903, 51.516597526259403 ], [ 36.754547637108203, 51.516745246283499 ], [ 36.754758566028499, 51.516888227125101 ], [ 36.754797780185598, 51.516912922937003 ], [ 36.754977773822397, 51.517026277089798 ], [ 36.755204963147698, 51.517159208956301 ], [ 36.7554398258821, 51.517286843329501 ], [ 36.755682047615302, 51.517409009199802 ], [ 36.755837982572203, 51.517481911227499 ], [ 36.755931301360498, 51.5175255389113 ], [ 36.756059332848103, 51.517580934035699 ], [ 36.7561872475546, 51.517636278224003 ], [ 36.756390696203603, 51.517717563725597 ], [ 36.756449543939503, 51.517741075132903 ], [ 36.7567178347823, 51.517839788812097 ], [ 36.756825466427998, 51.517876134125302 ], [ 36.756946006864503, 51.517916838449104 ], [ 36.756991758061901, 51.517932287937597 ], [ 36.757027472382603, 51.517943309628002 ], [ 36.757027472382603, 51.517943309628002 ] ], [ [ 36.7647727081347, 51.5133607586708 ], [ 36.764788996387502, 51.513318873473096 ], [ 36.764829307387501, 51.513295212752702 ], [ 36.764911178045899, 51.513258701658998 ], [ 36.7649772275755, 51.5132337863947 ], [ 36.765034350546102, 51.513220297585598 ], [ 36.765099378691197, 51.513231356195497 ], [ 36.765147860767101, 51.513253695350699 ], [ 36.765194480635401, 51.513314070665899 ], [ 36.7651666166919, 51.513415856414497 ], [ 36.765091433990797, 51.513471531030298 ], [ 36.765021108480497, 51.513505882348198 ], [ 36.764960032922602, 51.513507097720002 ], [ 36.764880721564502, 51.513491309065003 ], [ 36.764855215698702, 51.513467027889497 ], [ 36.764794398855599, 51.513417108685999 ], [ 36.7647727081347, 51.5133607586708 ], [ 36.7647727081347, 51.5133607586708 ] ] ] } },
{ "type": "Feature", "properties": { "dataset_code": "KAA", "source_file": "КАА.kml", "placemark_index": 2, "organization_code": "KAA", "organization_name_raw": "КАА", "farm_name_raw": "Орошение Горшечное", "region_name_raw": "Курская область", "district_name_raw": "Горшеченский район", "field_external_key": "KAA:КУР-ГОР-0063-03", "field_code_raw": "КУР-ГОР-0063-03", "field_name_raw": "КУР-ГОР-0063-03", "field_code_unique_status": "unique", "source_fid": "2", "declared_area_ha": 75.1, "geometry_area_ha": 75.100242, "area_diff_ha": 0.000242, "area_diff_pct": 0.000322, "area_quality_status": "ok", "geometry_type": "Polygon", "polygon_count": 1, "inner_ring_count": 0, "geometry_valid": true, "geometry_validity_reason": "Valid Geometry", "centroid_lon": 37.674821326999997, "centroid_lat": 51.451302741, "representative_lon": 37.674822255000002, "representative_lat": 51.451287401000002, "centroid_within_geometry": true, "weather_point_lon_candidate": 37.674821326999997, "weather_point_lat_candidate": 51.451302741, "active_2026_candidate": true, "active_reason": "kaa_crop_plan_present", "season_year_candidate": null, "crop_raw": "Пшеница яровая", "crop_code_candidate": "spring_wheat", "crop_parameter_set_candidate_key": "aquacrop_v7_3_regional_spring_wheat_kursk_oblast", "regional_crop_parameter_set_candidate_key": "aquacrop_v7_3_regional_spring_wheat_kursk_oblast", "crop_parameter_candidate_status": "resolved_from_kml_region_kursk_oblast", "crop_parameter_candidate_comment_ru": "Кандидат выбран по культуре и признаку региона 'Курская область' из KAA.kml.", "sowing_date_raw": "", "calculation_ready": false, "calculation_blockers_json": [ "missing_sowing_date", "missing_soil_profile" ], "geometry_hash_sha256": "cf251212c3f7ba729a79d7dc256a20c1fcc898f3672ee0977cbc57b5f1b9ca17", "source_attributes_json": { "ESRI_OID": "1831", "fid": "2", "is_experimental_production": "Нет", "source_fid": "2", "В аренде": "Нет", "Вид семян": "Собственные", "Дата изменения": "10.11.2025 9:56:53", "Изменил": "GEODATA", "Интенсивность": "MAX", "История": "2013: Пшеница озимая, 2014: Соя, 2015: Соя, 2016: Пшеница озимая, 2017: Соя, 2018: Пшеница озимая, 2019: Соя, 2020: Соя, 2021: Залежь, Пшеница яровая, 2022: Кукуруза зерновая, Соя, 2023: Кукуруза зерновая, 2024: Кукуруза зерновая, 2025: Подсолнечник, 2026: Пшеница яровая", "Итого семян (т; п.ед.)": "18.02", "Культура": "Пшеница яровая", "Мех.состав (пески; карбонаты)": "Нет", "Название": "КУР-ГОР-0063-03", "Направление склона": "Ю, З", "Норма высева (кг/га; п.ед./га)": "240", "Область": "Курская область", "Ограничение сева по ХСЗР (сах.свекла)": "2017", "Опытное": "Нет", "План. хозяйство": "Орошение Горшечное", "Площадь (га)": "75.1", "Под оптимизацию": "Нет", "Пред. предшественник": "Кукуруза зерновая", "Предшественник": "Подсолнечник", "Район": "Горшеченский район", "Рельеф": "Пригодно", "Семена": "Семена яровой пшеницы КВС АКВИЛОН РС1 (соб.)", "Сред. норма высева (кг/га; п.ед./га)": "0", "Территория": "Орошение", "Технология": "Пшеница яровая АТ семенная орошение MAX", "Технология компании": "АТ семенная", "Тип посевов": "Семенные", "Уклон (град.)": "1.6", "Хозяйство": "Орошение Горшечное" } }, "geometry": { "type": "Polygon", "coordinates": [ [ [ 37.671747968087203, 51.455242895570002 ], [ 37.671928572578402, 51.455295091239996 ], [ 37.672111474960097, 51.455344082771703 ], [ 37.672296527908699, 51.455389830432303 ], [ 37.672504406150203, 51.455437592067298 ], [ 37.6727145921638, 51.455481257325197 ], [ 37.6729268775401, 51.455520781996803 ], [ 37.6731410529719, 51.455556128029002 ], [ 37.6733569055583, 51.4555872596071 ], [ 37.673574223296797, 51.455614146512602 ], [ 37.673792789693699, 51.455636762444499 ], [ 37.674012389153098, 51.455655084459003 ], [ 37.674232804282802, 51.455669094089203 ], [ 37.674453818588802, 51.455678778464701 ], [ 37.6746752110855, 51.455684127512498 ], [ 37.674896764380598, 51.455685136196401 ], [ 37.675118259285298, 51.455681802837397 ], [ 37.675339476610503, 51.455674131912701 ], [ 37.6755601971674, 51.455662129577199 ], [ 37.675780202665301, 51.455645808702201 ], [ 37.675999276610298, 51.455625184956197 ], [ 37.676217200711697, 51.455600279044397 ], [ 37.676433760272197, 51.455571115589301 ], [ 37.676648741492698, 51.455537723130398 ], [ 37.676861930574297, 51.455500135244101 ], [ 37.6770731182093, 51.4554583883044 ], [ 37.677282094192201, 51.455412524282103 ], [ 37.677488652808599, 51.4553625879458 ], [ 37.677692588344399, 51.455308629100799 ], [ 37.677893701373598, 51.455250700350703 ], [ 37.678091791571902, 51.455188860455699 ], [ 37.678286662208102, 51.455123169294602 ], [ 37.678478121941197, 51.455053692343398 ], [ 37.6786659812267, 51.454980497876498 ], [ 37.678850054113298, 51.454903658645499 ], [ 37.679030158242902, 51.454823250760803 ], [ 37.679206116647499, 51.454739353130897 ], [ 37.679377753257299, 51.454652049142503 ], [ 37.679544900087301, 51.454561425540597 ], [ 37.679707390949098, 51.4544675707496 ], [ 37.679865065044403, 51.454370578791497 ], [ 37.680017766964603, 51.454270544808303 ], [ 37.680165345792702, 51.454167567860402 ], [ 37.680307655103398, 51.454061750367103 ], [ 37.680444553861101, 51.453953195868003 ], [ 37.680575907318598, 51.453842012940903 ], [ 37.680701586118502, 51.453728310164401 ], [ 37.680821464496503, 51.4536122011556 ], [ 37.680935424773402, 51.453493800651998 ], [ 37.681043353761503, 51.4533732245118 ], [ 37.681145145459602, 51.453250593631601 ], [ 37.681240698358103, 51.453126027789999 ], [ 37.681329919032102, 51.452999651244703 ], [ 37.681412718548501, 51.452871588254602 ], [ 37.681489014262198, 51.452741965878701 ], [ 37.681558731613102, 51.452610912856798 ], [ 37.681621802329197, 51.452478557370199 ], [ 37.681678162630099, 51.452345031520103 ], [ 37.681727757718598, 51.4522104662895 ], [ 37.681770537289097, 51.4520749960218 ], [ 37.681806460917301, 51.451938753942301 ], [ 37.681835491772297, 51.451801874397397 ], [ 37.681857601108099, 51.451664493974398 ], [ 37.681872768263403, 51.451526747023003 ], [ 37.681880977068403, 51.4513887712531 ], [ 37.681882219438499, 51.4512507021375 ], [ 37.681872630821097, 51.451108927194802 ], [ 37.681855871851198, 51.450967411006602 ], [ 37.681831960495003, 51.450826294649403 ], [ 37.6818009201086, 51.4506857169619 ], [ 37.681762781234902, 51.450545819583901 ], [ 37.681717581603102, 51.450406740798002 ], [ 37.6816653670272, 51.450268618328302 ], [ 37.6816061887112, 51.450131591020401 ], [ 37.681540105045698, 51.449995794362501 ], [ 37.681467183404202, 51.449861363844299 ], [ 37.681387495651897, 51.449728432157798 ], [ 37.681301119942397, 51.4495971331162 ], [ 37.681208143412199, 51.4494675960553 ], [ 37.681108658587803, 51.449339950312002 ], [ 37.681002763385401, 51.4492143235451 ], [ 37.680890564704697, 51.449090839495902 ], [ 37.680772173038498, 51.448969621906201 ], [ 37.680647706065997, 51.448850791160197 ], [ 37.680517287754697, 51.448734465403497 ], [ 37.680381048360402, 51.4486207599831 ], [ 37.680239122630397, 51.448509788567499 ], [ 37.680091652498398, 51.4484016620262 ], [ 37.679938784389897, 51.448296486750699 ], [ 37.679818470328897, 51.448218248402299 ], [ 37.6796950903179, 51.4481418865387 ], [ 37.679568720713597, 51.448067447637001 ], [ 37.679546435307998, 51.4480546964596 ], [ 37.679378178160398, 51.4479618684977 ], [ 37.679205251569897, 51.447872436420397 ], [ 37.679027830708002, 51.447786490943997 ], [ 37.678846097034501, 51.447704119425801 ], [ 37.678660236500498, 51.447625405863597 ], [ 37.678470436853999, 51.447550431455703 ], [ 37.678276893927702, 51.447479271801498 ], [ 37.678079803554397, 51.4474120002604 ], [ 37.677879366956603, 51.447348684592598 ], [ 37.677675788950303, 51.447289389758602 ], [ 37.677469277046299, 51.447234176798702 ], [ 37.677260041450303, 51.447183101154302 ], [ 37.677048295063102, 51.4471362149065 ], [ 37.676834255277001, 51.447093566776303 ], [ 37.676618140382502, 51.447055199325099 ], [ 37.676400168670398, 51.4470211523142 ], [ 37.676180564719502, 51.446991460464901 ], [ 37.675959551311799, 51.446966153458298 ], [ 37.675737353924603, 51.446945257615603 ], [ 37.675514199831603, 51.446928794217598 ], [ 37.675290315408297, 51.446916780065202 ], [ 37.675065929725001, 51.446909227478798 ], [ 37.674841271852202, 51.4469061437389 ], [ 37.674620917807999, 51.446909820376398 ], [ 37.6744008467331, 51.446917690406501 ], [ 37.674181263443302, 51.446929744869003 ], [ 37.673962374551301, 51.446945974243 ], [ 37.673744382177901, 51.446966362287903 ], [ 37.673527491139097, 51.446990889962798 ], [ 37.673311902657503, 51.4470195354263 ], [ 37.673097818853897, 51.447052270677403 ], [ 37.672885439154399, 51.4470890654747 ], [ 37.672674961188399, 51.4471298862168 ], [ 37.672466582585201, 51.447174694262102 ], [ 37.6722604964826, 51.447223447609403 ], [ 37.672056896018397, 51.447276100897298 ], [ 37.671855970737099, 51.447332604844497 ], [ 37.671657908386599, 51.447392907369903 ], [ 37.6714628931216, 51.447456951352798 ], [ 37.671271108198397, 51.447524677992199 ], [ 37.671082730584999, 51.447596022888398 ], [ 37.670897938147903, 51.447670920521098 ], [ 37.670743869890103, 51.447737298151502 ], [ 37.670592617850801, 51.447806145204098 ], [ 37.670444284437799, 51.447877415199898 ], [ 37.670298967567497, 51.447951059980198 ], [ 37.670143551836901, 51.448034296023998 ], [ 37.669991990777099, 51.448120248312101 ], [ 37.6698444065591, 51.448208847407599 ], [ 37.669689929567902, 51.448307221846299 ], [ 37.6695403546832, 51.448408496641598 ], [ 37.669395822940501, 51.448512575480699 ], [ 37.669256469087102, 51.448619362610998 ], [ 37.669122424276999, 51.448728756681803 ], [ 37.668993813376098, 51.4488406552233 ], [ 37.668870757656897, 51.448954954646702 ], [ 37.668753371205497, 51.4490715463252 ], [ 37.6686417654129, 51.449190322192301 ], [ 37.668536043585398, 51.449311170263996 ], [ 37.668436305436103, 51.449433977997003 ], [ 37.668342644389597, 51.4495586300498 ], [ 37.668255147582599, 51.449685008842799 ], [ 37.668173897660097, 51.449812997357 ], [ 37.668101518600999, 51.449945590101002 ], [ 37.668035970331402, 51.450079555155199 ], [ 37.667977319326504, 51.450214755350302 ], [ 37.667925627570099, 51.450351054078297 ], [ 37.667880945367799, 51.450488311374102 ], [ 37.667843319432201, 51.4506263872739 ], [ 37.667812787492302, 51.450765141815801 ], [ 37.667789381887502, 51.4509044322403 ], [ 37.667773125075897, 51.451044116909401 ], [ 37.667764034125199, 51.451184053626797 ], [ 37.667762118916997, 51.451324099078597 ], [ 37.667767381247899, 51.451464111071999 ], [ 37.667779815728103, 51.451603946296501 ], [ 37.667799408882701, 51.451743462562902 ], [ 37.667826140949003, 51.4518825176837 ], [ 37.667859984977298, 51.452020968913402 ], [ 37.667900906831797, 51.452158675747398 ], [ 37.667948864291503, 51.452295497682798 ], [ 37.668003808847601, 51.452431295337803 ], [ 37.668065683906001, 51.452565929332202 ], [ 37.6681344265848, 51.452699263646302 ], [ 37.668209966815397, 51.4528311611422 ], [ 37.668292227342597, 51.452961488042099 ], [ 37.668381124623103, 51.453090111129697 ], [ 37.668476567927101, 51.453216899428703 ], [ 37.6685784593382, 51.453341723084101 ], [ 37.6686866955501, 51.453464455600297 ], [ 37.668801166070203, 51.453584971043 ], [ 37.668921754117299, 51.453703146837299 ], [ 37.669048336622303, 51.453818862648703 ], [ 37.669180784227798, 51.453932000382203 ], [ 37.669318962186502, 51.454042444183003 ], [ 37.669462729462801, 51.454150082115198 ], [ 37.669611938733198, 51.454254803923 ], [ 37.669766439080597, 51.454356503269203 ], [ 37.669926072401601, 51.454455076056398 ], [ 37.670090675202601, 51.454550421545697 ], [ 37.670260081295503, 51.454642442917098 ], [ 37.670434115508797, 51.454731046149398 ], [ 37.670612601772604, 51.454816141139702 ], [ 37.670795358627302, 51.454897641143702 ], [ 37.6709821983249, 51.454975462775302 ], [ 37.6711729304226, 51.455049526566597 ], [ 37.6713673617827, 51.455119756967697 ], [ 37.671565292080899, 51.455186082906202 ], [ 37.671747968087203, 51.455242895570002 ], [ 37.671747968087203, 51.455242895570002 ] ] ] } },
{ "type": "Feature", "properties": { "dataset_code": "KAA", "source_file": "КАА.kml", "placemark_index": 3, "organization_code": "KAA", "organization_name_raw": "КАА", "farm_name_raw": "Орошение Горшечное", "region_name_raw": "Курская область", "district_name_raw": "Горшеченский район", "field_external_key": "KAA:КУР-ГОР-0057-03", "field_code_raw": "КУР-ГОР-0057-03", "field_name_raw": "КУР-ГОР-0057-03", "field_code_unique_status": "unique", "source_fid": "4", "declared_area_ha": 35.2, "geometry_area_ha": 35.203745, "area_diff_ha": 0.003745, "area_diff_pct": 0.010639, "area_quality_status": "ok", "geometry_type": "Polygon", "polygon_count": 1, "inner_ring_count": 0, "geometry_valid": true, "geometry_validity_reason": "Valid Geometry", "centroid_lon": 37.658628939000003, "centroid_lat": 51.477283219, "representative_lon": 37.65661468, "representative_lat": 51.477066576, "centroid_within_geometry": true, "weather_point_lon_candidate": 37.658628939000003, "weather_point_lat_candidate": 51.477283219, "active_2026_candidate": true, "active_reason": "kaa_crop_plan_present", "season_year_candidate": null, "crop_raw": "Кукуруза зерновая", "crop_code_candidate": "maize_grain", "crop_parameter_set_candidate_key": "aquacrop_v7_3_regional_maize_grain_kursk_oblast", "regional_crop_parameter_set_candidate_key": "aquacrop_v7_3_regional_maize_grain_kursk_oblast", "crop_parameter_candidate_status": "resolved_from_kml_region_kursk_oblast", "crop_parameter_candidate_comment_ru": "Кандидат выбран по культуре и признаку региона 'Курская область' из KAA.kml.", "sowing_date_raw": "", "calculation_ready": false, "calculation_blockers_json": [ "missing_sowing_date", "missing_soil_profile" ], "geometry_hash_sha256": "43724d57e9f4981ee65260bf400eccb308421e2cf39f80b88bcd54c5b79fa9b0", "source_attributes_json": { "ESRI_OID": "1714", "fid": "4", "is_experimental_production": "Нет", "source_fid": "4", "В аренде": "Нет", "Дата изменения": "10.11.2025 9:56:19", "Изменил": "GEODATA", "Интенсивность": "MAX", "История": "2013: Соя, 2014: Кукуруза зерновая, 2015: Соя, 2016: Пшеница яровая, 2017: Соя, 2018: Соя, 2019: Соя, 2020: Сахарная свекла, 2021: Залежь, Пшеница яровая, 2022: Кукуруза зерновая, Соя, 2023: Кукуруза зерновая, Соя, 2024: Кукуруза зерновая, Рапс яровой, 2025: Кукуруза зерновая, 2026: Кукуруза зерновая", "Культура": "Кукуруза зерновая", "Название": "КУР-ГОР-0057-03", "Направление склона": "С, В", "Область": "Курская область", "Опытное": "Нет", "План. хозяйство": "Орошение Горшечное", "Площадь (га)": "35.2", "Под оптимизацию": "Нет", "Пред. предшественник": "Рапс яровой", "Предшественник": "Кукуруза зерновая", "Район": "Горшеченский район", "Рельеф": "Пригодно", "Территория": "Орошение", "Технология": "Кукуруза зерновая АТ орошение MAS MAX_Кораген", "Технология компании": "АТ семенная", "Тип посевов": "Семенные", "Хозяйство": "Орошение Горшечное" } }, "geometry": { "type": "Polygon", "coordinates": [ [ [ 37.654168935106902, 51.476118460715703 ], [ 37.6541185387211, 51.476231214744502 ], [ 37.654074561696397, 51.476345005816199 ], [ 37.6540370570333, 51.476459692368699 ], [ 37.654005091382203, 51.4765792535717 ], [ 37.653980160438103, 51.476699462362703 ], [ 37.653962297438703, 51.476820157600798 ], [ 37.653951526638501, 51.476941178706497 ], [ 37.653947862410398, 51.4770623634234 ], [ 37.653951309246203, 51.477183550056203 ], [ 37.6539618626541, 51.477304577471102 ], [ 37.653979509159598, 51.477425283976402 ], [ 37.654004224508, 51.477545507322397 ], [ 37.654030173243299, 51.477645124947998 ], [ 37.654060978270998, 51.4777442052482 ], [ 37.654096609048402, 51.477842654792099 ], [ 37.654112673620602, 51.477882981983299 ], [ 37.654116769040002, 51.4778929285199 ], [ 37.654135838476897, 51.477937658814497 ], [ 37.654144385048497, 51.477956926917102 ], [ 37.654156656035298, 51.4779838062395 ], [ 37.654164181222399, 51.477999923866498 ], [ 37.654209968352397, 51.478091937683303 ], [ 37.654260026073302, 51.478183084117298 ], [ 37.654314312164303, 51.478273286524697 ], [ 37.654372780811201, 51.478362469381402 ], [ 37.654443138660803, 51.4784610059885 ], [ 37.654518605229597, 51.478558064802598 ], [ 37.654577100825897, 51.478628191892703 ], [ 37.654638262622001, 51.478697430986898 ], [ 37.654717735676897, 51.478781976088001 ], [ 37.654819901074198, 51.478882916965397 ], [ 37.654927825570702, 51.478981504478902 ], [ 37.655041371724302, 51.479077612763 ], [ 37.655160391312897, 51.479171115952603 ], [ 37.655280602067599, 51.479258981183101 ], [ 37.655405652046802, 51.479344186534199 ], [ 37.655535389435002, 51.479426627960201 ], [ 37.6556696579256, 51.479506205891198 ], [ 37.6558082940251, 51.479582823554601 ], [ 37.655924274613099, 51.479642958159097 ], [ 37.656042944757097, 51.479701022110198 ], [ 37.656164209235598, 51.479756968420801 ], [ 37.656321512326699, 51.479824778054599 ], [ 37.656482625172899, 51.479889024939197 ], [ 37.656647339365101, 51.479949625729901 ], [ 37.6568154429008, 51.480006503235998 ], [ 37.656986717489502, 51.480059583622797 ], [ 37.657160943043898, 51.480108798090001 ], [ 37.657337894985197, 51.4801540834316 ], [ 37.657517344242997, 51.480195380916101 ], [ 37.657696091018302, 51.480232065081502 ], [ 37.6578768077989, 51.480264792741103 ], [ 37.658059269107802, 51.480293523062798 ], [ 37.658243245874601, 51.480318219689799 ], [ 37.658428509927298, 51.480338852977397 ], [ 37.658614827703701, 51.480355395517797 ], [ 37.658801969235299, 51.4803678282939 ], [ 37.658989698265103, 51.480376134525599 ], [ 37.659177781231001, 51.480380304144802 ], [ 37.659365983672899, 51.480380332677001 ], [ 37.659380644178398, 51.480380160924199 ], [ 37.6595627533477, 51.480375929205501 ], [ 37.659744522953901, 51.480367819342703 ], [ 37.659925740994503, 51.480355840844297 ], [ 37.660115181314801, 51.480339125991698 ], [ 37.660303535571998, 51.480318182206297 ], [ 37.660490559424296, 51.480293036895397 ], [ 37.660676011224801, 51.480263721941199 ], [ 37.660859652920003, 51.480230275378801 ], [ 37.661041244659799, 51.480192741396003 ], [ 37.6612205546787, 51.4801511669775 ], [ 37.661397349414798, 51.480105606938899 ], [ 37.661571400696097, 51.4800561194522 ], [ 37.661742484841902, 51.480002768282901 ], [ 37.661910379968504, 51.479945623350098 ], [ 37.6620748695819, 51.479884757369398 ], [ 37.662235740781298, 51.4798202492101 ], [ 37.6623927851576, 51.479752182776103 ], [ 37.662545802386397, 51.479680645327903 ], [ 37.662694592143602, 51.479605729720198 ], [ 37.6628389630878, 51.479527532164497 ], [ 37.662978729267898, 51.479446153907404 ], [ 37.663113709224199, 51.479361700671198 ], [ 37.663243729581801, 51.479274280416298 ], [ 37.663313535865903, 51.479224666706401 ], [ 37.663381748538697, 51.479174200310297 ], [ 37.663473354239798, 51.479103081558598 ], [ 37.663561795176101, 51.479030425267901 ], [ 37.663659123145599, 51.478945303811003 ], [ 37.663752096082597, 51.478858314671697 ], [ 37.663840619663901, 51.478769542879498 ], [ 37.663924607651403, 51.478679077940399 ], [ 37.663934363355402, 51.4786680288478 ], [ 37.663988140999898, 51.478605929194003 ], [ 37.663997442156301, 51.478594852669403 ], [ 37.664019664679799, 51.4785679820992 ], [ 37.664065453606497, 51.478510553951203 ], [ 37.664113324828001, 51.478447338482198 ], [ 37.664159046381002, 51.478383508617 ], [ 37.664207173622302, 51.478312098821498 ], [ 37.664252610409399, 51.478240009144301 ], [ 37.6642928414594, 51.478171672919501 ], [ 37.664330653346298, 51.478102803405001 ], [ 37.664388404239297, 51.477986589674899 ], [ 37.664439273138903, 51.477869134708897 ], [ 37.664483192671497, 51.477750596832401 ], [ 37.664520102649902, 51.477631135491201 ], [ 37.664549954565103, 51.477510910692502 ], [ 37.664572707992903, 51.477390084682497 ], [ 37.6645883323907, 51.477268820269302 ], [ 37.659277628974799, 51.477070788310598 ], [ 37.661862250930497, 51.4741657532198 ], [ 37.661691753384602, 51.474109166101101 ], [ 37.661518073107501, 51.474056468223999 ], [ 37.661341437373203, 51.474007728984198 ], [ 37.661162080641901, 51.473963012740803 ], [ 37.660980237373899, 51.4739223776971 ], [ 37.660796147419298, 51.473885877579498 ], [ 37.660608657341498, 51.4738533355846 ], [ 37.660419383209401, 51.473825082406599 ], [ 37.660228578348097, 51.473801156661303 ], [ 37.660036496980801, 51.473781589689501 ], [ 37.6598433960256, 51.473766407795097 ], [ 37.659649533299103, 51.473755631125698 ], [ 37.659455167516001, 51.473749274232603 ], [ 37.6592605591878, 51.473747346069899 ], [ 37.659065967927603, 51.473749848316999 ], [ 37.658871652450202, 51.4737567781753 ], [ 37.658677874165299, 51.473768126690402 ], [ 37.658484890889497, 51.4737838776324 ], [ 37.658292960439098, 51.473804010853399 ], [ 37.658102338834098, 51.473828499489898 ], [ 37.657913282094398, 51.473857310522398 ], [ 37.657726041748198, 51.4738904053347 ], [ 37.657540867526997, 51.473927739714298 ], [ 37.657358008264403, 51.473969263852403 ], [ 37.6571777065055, 51.474014922903102 ], [ 37.657000203896899, 51.474064654746002 ], [ 37.656825737593998, 51.4741183939026 ], [ 37.656654541158701, 51.474176068179098 ], [ 37.656486841864798, 51.474237599785802 ], [ 37.656322865189502, 51.474302908134902 ], [ 37.656162829423302, 51.474371904804599 ], [ 37.656006948365402, 51.474444497456197 ], [ 37.655855430424701, 51.474520589833702 ], [ 37.6557084777223, 51.474600080085899 ], [ 37.655566286989199, 51.474682861885299 ], [ 37.655429048668303, 51.474768824428203 ], [ 37.655296944219302, 51.474857852994496 ], [ 37.6551701515085, 51.474949828947601 ], [ 37.655048840317598, 51.475044629175201 ], [ 37.654933171445002, 51.475142126648699 ], [ 37.654823299400903, 51.475242192102201 ], [ 37.654719372407399, 51.4753446906752 ], [ 37.654621527906599, 51.475449486388897 ], [ 37.654529897951001, 51.475556438789603 ], [ 37.654444602914801, 51.475665404626596 ], [ 37.654365758680598, 51.475776239531598 ], [ 37.654293469453002, 51.475888794101699 ], [ 37.6542278322502, 51.4760029189354 ], [ 37.654168935106902, 51.476118460715703 ], [ 37.654168935106902, 51.476118460715703 ] ] ] } },
{ "type": "Feature", "properties": { "dataset_code": "KAA", "source_file": "КАА.kml", "placemark_index": 4, "organization_code": "KAA", "organization_name_raw": "КАА", "farm_name_raw": "Орошение Солнцево", "region_name_raw": "Курская область", "district_name_raw": "Солнцевский район", "field_external_key": "KAA:КУР-СОЛ-0002-02", "field_code_raw": "КУР-СОЛ-0002-02", "field_name_raw": "КУР-СОЛ-0002-02", "field_code_unique_status": "unique", "source_fid": "5", "declared_area_ha": 92.9, "geometry_area_ha": 92.901007, "area_diff_ha": 0.001007, "area_diff_pct": 0.001084, "area_quality_status": "ok", "geometry_type": "Polygon", "polygon_count": 1, "inner_ring_count": 2, "geometry_valid": true, "geometry_validity_reason": "Valid Geometry", "centroid_lon": 36.768370603999998, "centroid_lat": 51.503808446999997, "representative_lon": 36.768614876000001, "representative_lat": 51.503738989, "centroid_within_geometry": true, "weather_point_lon_candidate": 36.768370603999998, "weather_point_lat_candidate": 51.503808446999997, "active_2026_candidate": true, "active_reason": "kaa_crop_plan_present", "season_year_candidate": null, "crop_raw": "Пшеница яровая", "crop_code_candidate": "spring_wheat", "crop_parameter_set_candidate_key": "aquacrop_v7_3_regional_spring_wheat_kursk_oblast", "regional_crop_parameter_set_candidate_key": "aquacrop_v7_3_regional_spring_wheat_kursk_oblast", "crop_parameter_candidate_status": "resolved_from_kml_region_kursk_oblast", "crop_parameter_candidate_comment_ru": "Кандидат выбран по культуре и признаку региона 'Курская область' из KAA.kml.", "sowing_date_raw": "", "calculation_ready": false, "calculation_blockers_json": [ "missing_sowing_date", "missing_soil_profile" ], "geometry_hash_sha256": "f17a1b1f0d1f9f82dc78cf5a5e9dbb2f2719970d5cbebc8dac7ae9b6436e8015", "source_attributes_json": { "ESRI_OID": "1142", "fid": "5", "is_experimental_production": "Нет", "source_fid": "5", "В аренде": "Нет", "Вид семян": "Собственные", "Дата изменения": "10.11.2025 9:55:37", "Изменил": "GEODATA", "Интенсивность": "MAX", "История": "2013: Кукуруза зерновая, 2014: Ячмень яровой, 2015: Соя, 2016: Пшеница озимая, 2017: Пшеница яровая, 2018: Соя, 2019: Пшеница озимая, 2020: Соя, 2021: Соя, 2022: Пар, Пшеница яровая, 2023: Кукуруза зерновая, Пар, Рапс яровой, 2024: Кукуруза зерновая, Пар, Подсолнечник, 2025: Подсолнечник, 2026: Пшеница яровая", "Итого семян (т; п.ед.)": "22.3", "Культура": "Пшеница яровая", "Название": "КУР-СОЛ-0002-02", "Направление склона": "ЮВ", "Норма высева (кг/га; п.ед./га)": "240", "Область": "Курская область", "Ограничение сева по ХСЗР (сах.свекла)": "2017", "Опытное": "Нет", "План. хозяйство": "Орошение Солнцево", "Площадь (га)": "92.9", "Под оптимизацию": "Нет", "Пред. предшественник": "Кукуруза зерновая", "Предшественник": "Подсолнечник", "Район": "Солнцевский район", "Рельеф": "Условно пригодно", "Семена": "Семена яровой пшеницы КВС АКВИЛОН РС1 (соб.)", "Сред. норма высева (кг/га; п.ед./га)": "0", "Территория": "Орошение", "Технология": "Пшеница яровая АТ семенная орошение MAX", "Технология компании": "АТ семенная", "Тип посевов": "Семенные", "Хозяйство": "Орошение Солнцево" } }, "geometry": { "type": "Polygon", "coordinates": [ [ [ 36.774353767950998, 51.507215650132501 ], [ 36.774563536247904, 51.5070784191903 ], [ 36.774764882839001, 51.506936359194398 ], [ 36.774957522958502, 51.5067896741825 ], [ 36.775141184416597, 51.506638570989203 ], [ 36.775315605803797, 51.506483262041698 ], [ 36.775324483853701, 51.506474687707801 ], [ 36.775480541879801, 51.506323969833502 ], [ 36.7754847441987, 51.506319556007298 ], [ 36.775635758184499, 51.5061609179782 ], [ 36.775781036427198, 51.505994337920001 ], [ 36.775916169097002, 51.505824465019302 ], [ 36.776040966649603, 51.505651540230701 ], [ 36.776155253014998, 51.505475807866901 ], [ 36.776258863801502, 51.505297517276098 ], [ 36.776331758493598, 51.505155646312303 ], [ 36.776351656177098, 51.5051169211646 ], [ 36.776433496292803, 51.504934273920298 ], [ 36.776504268265803, 51.5047498338485 ], [ 36.776563873281503, 51.5045638642911 ], [ 36.776612226898301, 51.504376626916503 ], [ 36.776649259945899, 51.504188387311601 ], [ 36.776670513187199, 51.504031873958901 ], [ 36.776674922118602, 51.503999409949202 ], [ 36.776689174788899, 51.503809964898103 ], [ 36.776691999990497, 51.503620319994901 ], [ 36.776683392333403, 51.503430741962298 ], [ 36.776663365292499, 51.503241500882503 ], [ 36.776631945817101, 51.503052862927902 ], [ 36.776597838582397, 51.5029031095021 ], [ 36.776589180619702, 51.5028650970713 ], [ 36.7765611217418, 51.502768215807002 ], [ 36.776535128989103, 51.502678467816303 ], [ 36.7764698681803, 51.502493239111701 ], [ 36.776393489821601, 51.502309674351103 ], [ 36.776306102609098, 51.502128031340597 ], [ 36.776207831408598, 51.501948567889798 ], [ 36.776173407966901, 51.501892670054502 ], [ 36.776098812763998, 51.501771540134897 ], [ 36.776038610368602, 51.501683787621502 ], [ 36.775979203880503, 51.501597195268303 ], [ 36.7758491727432, 51.501425782163402 ], [ 36.775767904854398, 51.501328309003597 ], [ 36.775746780970501, 51.5013029728484 ], [ 36.775708904404802, 51.5012575429866 ], [ 36.775595525337799, 51.501133211633601 ], [ 36.7755585955965, 51.501092714874098 ], [ 36.775521713465899, 51.501055591181903 ], [ 36.775415252324898, 51.5009484329576 ], [ 36.775409432140201, 51.500942574748997 ], [ 36.775401050858598, 51.500934138614099 ], [ 36.7753902827533, 51.500938800129603 ], [ 36.775315862721897, 51.500968781223698 ], [ 36.775050132077702, 51.501075833710999 ], [ 36.7744322133331, 51.501324765924203 ], [ 36.774367080085099, 51.501351004612701 ], [ 36.774201981414002, 51.501417514436298 ], [ 36.774195171285797, 51.501420257856701 ], [ 36.774189604425999, 51.5014225002366 ], [ 36.774168886580597, 51.5014308462504 ], [ 36.7741077104114, 51.501455491167597 ], [ 36.774081254127999, 51.501466148893499 ], [ 36.774038117028098, 51.501483526478196 ], [ 36.773676157053998, 51.501629338893302 ], [ 36.773582946063499, 51.501666887664697 ], [ 36.772969500929001, 51.501914002634102 ], [ 36.7729508051913, 51.501983441233001 ], [ 36.7728794205673, 51.502016753851201 ], [ 36.7728127961159, 51.502011995146901 ], [ 36.772771643394499, 51.501993704606498 ], [ 36.769283561503002, 51.503398691871404 ], [ 36.769225152144898, 51.503422217379502 ], [ 36.7689074764194, 51.503550166474 ], [ 36.768886864575201, 51.503558467923703 ], [ 36.768836134016198, 51.503578900018297 ], [ 36.768738474568401, 51.503618233172503 ], [ 36.768614876266803, 51.503668013815002 ], [ 36.769020227563999, 51.503323877856602 ], [ 36.769025427012899, 51.5033194637397 ], [ 36.770229195544701, 51.502297445509299 ], [ 36.770487017421097, 51.502078543149103 ], [ 36.773224352076802, 51.499754256002802 ], [ 36.773397930844197, 51.4996068589125 ], [ 36.773312977167798, 51.499567418281103 ], [ 36.773277419153899, 51.499552172271301 ], [ 36.773062518781799, 51.499460031191603 ], [ 36.772805768595497, 51.499358600126101 ], [ 36.772543087731599, 51.499263267167002 ], [ 36.772383973636998, 51.499210416046303 ], [ 36.772296590017703, 51.4991813906285 ], [ 36.772274848991202, 51.4991741688033 ], [ 36.772001430564799, 51.499091430338197 ], [ 36.771899909259602, 51.499063602147402 ], [ 36.771723221423002, 51.499015169243897 ], [ 36.771440613231199, 51.498945492924499 ], [ 36.771154006638099, 51.498882499834401 ], [ 36.770902754141403, 51.498833825151699 ], [ 36.770863807682197, 51.4988262800372 ], [ 36.770666721800502, 51.498793116078701 ], [ 36.770570426893599, 51.498776911849902 ], [ 36.770394302300701, 51.498751668786198 ], [ 36.770274279293901, 51.498734466317202 ], [ 36.769975782599701, 51.498699002177503 ], [ 36.769675360815903, 51.498670570896302 ], [ 36.769585616424003, 51.498664222508602 ], [ 36.769373438845498, 51.498649212192198 ], [ 36.769093975655601, 51.498636063551302 ], [ 36.769070444286697, 51.498634956273698 ], [ 36.768946197401398, 51.498632037646097 ], [ 36.768944398974199, 51.4986319951445 ], [ 36.768812497544403, 51.498628896444401 ], [ 36.768808736298297, 51.498628808085797 ], [ 36.7687926672345, 51.498628430604697 ], [ 36.768766803839199, 51.498627823279598 ], [ 36.768705701331903, 51.498627823279598 ], [ 36.768562144261303, 51.498627823279598 ], [ 36.768462948694399, 51.498627823279598 ], [ 36.768159309145098, 51.498634956273698 ], [ 36.767924625175503, 51.4986459982916 ], [ 36.767856313688, 51.498649212192198 ], [ 36.7676340597069, 51.498664934968701 ], [ 36.767554391717702, 51.498670570896302 ], [ 36.767523012666501, 51.498673540411303 ], [ 36.767253969933797, 51.498699002177503 ], [ 36.766955474138001, 51.498734466317202 ], [ 36.7666593256399, 51.498776911849902 ], [ 36.766508214636097, 51.498802340004602 ], [ 36.766365944851302, 51.4988262800372 ], [ 36.766329058229097, 51.498833425862401 ], [ 36.7660757458954, 51.498882499834401 ], [ 36.765789140200603, 51.498945492924499 ], [ 36.765506532008899, 51.499015169243897 ], [ 36.765280400000698, 51.499077154985102 ], [ 36.765228321968799, 51.499091430338197 ], [ 36.7649549044407, 51.4991741688033 ], [ 36.7646866648019, 51.499263267167002 ], [ 36.764423983938102, 51.499358600126101 ], [ 36.764422263664301, 51.4993592795811 ], [ 36.7642901753849, 51.499411462259403 ], [ 36.764226611493697, 51.499436573540699 ], [ 36.7642082544209, 51.499443825522299 ], [ 36.764200144430497, 51.499447029300597 ], [ 36.764167232853502, 51.499460031191603 ], [ 36.764105576983901, 51.499486467240096 ], [ 36.763941309254498, 51.499556899356897 ], [ 36.763916776263997, 51.499567418281103 ], [ 36.763867282685098, 51.499590396054401 ], [ 36.763827568166398, 51.499608834074699 ], [ 36.763672967207697, 51.499680608126504 ], [ 36.7635841561655, 51.499725172772798 ], [ 36.763548051975903, 51.499743289747798 ], [ 36.763436149739199, 51.499799441866998 ], [ 36.763331022596503, 51.499856386885703 ], [ 36.763323567477897, 51.499860424985499 ], [ 36.763206660726901, 51.499923751134801 ], [ 36.763170695776097, 51.499944763646603 ], [ 36.763073961593101, 51.500001281243897 ], [ 36.762984826259, 51.5000533591733 ], [ 36.762875101538697, 51.500122479059797 ], [ 36.762889454820296, 51.500127306185398 ], [ 36.762917231627199, 51.5001534169443 ], [ 36.762928916912401, 51.500195043028398 ], [ 36.762926380069999, 51.500210138954401 ], [ 36.7629224598221, 51.500233467029297 ], [ 36.762891016092198, 51.500259915491 ], [ 36.762884287710797, 51.500265575267498 ], [ 36.762867836863002, 51.500273738071897 ], [ 36.762853810568103, 51.500280698571402 ], [ 36.762844080915301, 51.500280512913299 ], [ 36.7628035336583, 51.500279738965403 ], [ 36.762753536124499, 51.500273074288401 ], [ 36.762708127185199, 51.500251806368297 ], [ 36.762679039736298, 51.500250516827002 ], [ 36.762668922909597, 51.500257388415399 ], [ 36.762599572969698, 51.500304492432697 ], [ 36.762565357038802, 51.500327733222498 ], [ 36.762507954692197, 51.500369794212602 ], [ 36.762438304714898, 51.500420828795697 ], [ 36.762368317869502, 51.500472109932602 ], [ 36.762326688142601, 51.500505047308401 ], [ 36.762180119020798, 51.500621011287002 ], [ 36.762078732462903, 51.500707746414797 ], [ 36.762001024597602, 51.500774224184099 ], [ 36.761912971733402, 51.500855831120802 ], [ 36.761831290619497, 51.5009315332874 ], [ 36.761671156936998, 51.501092714873998 ], [ 36.761653363107897, 51.501112227629697 ], [ 36.761551645071599, 51.5012237723883 ], [ 36.761545207744298, 51.501230831161699 ], [ 36.761520849027001, 51.5012575429866 ], [ 36.761469881312799, 51.501318673459899 ], [ 36.761380579790398, 51.501425782163402 ], [ 36.761250548653003, 51.501597195268303 ], [ 36.761187536327398, 51.501689043483204 ], [ 36.761130939769501, 51.501771540134897 ], [ 36.761121340372398, 51.501787127628099 ], [ 36.761021922023303, 51.501948567889798 ], [ 36.760979614068297, 51.502025830057697 ], [ 36.760971770877603, 51.502040152577599 ], [ 36.7609236499245, 51.502128031340597 ], [ 36.7609097179527, 51.502156990015898 ], [ 36.760893502463503, 51.5021906956161 ], [ 36.760850530653599, 51.502280017349001 ], [ 36.760836262711898, 51.502309674351103 ], [ 36.760759885251602, 51.502493239111701 ], [ 36.760694624442799, 51.502678467816303 ], [ 36.760640571913797, 51.5028650970713 ], [ 36.7606090527254, 51.5030034819845 ], [ 36.760599862960099, 51.503043829982502 ], [ 36.760597805818101, 51.503052862927902 ], [ 36.760585498898699, 51.503126755306504 ], [ 36.760576540898697, 51.503180540181901 ], [ 36.760566388139303, 51.503241500882503 ], [ 36.760546360200102, 51.503430741962298 ], [ 36.760537753441298, 51.503620319994901 ], [ 36.760540577744599, 51.503809964898103 ], [ 36.760544786351701, 51.503865896168399 ], [ 36.760545590343902, 51.503876589117297 ], [ 36.760548059812599, 51.503909403811697 ], [ 36.7605548313132, 51.503999409949202 ], [ 36.7605746912675, 51.504145671710297 ], [ 36.7605794119143, 51.504180437690302 ], [ 36.760580089244101, 51.504185423747501 ], [ 36.760580491689304, 51.504188387311601 ], [ 36.760608760773003, 51.5043320768835 ], [ 36.760617525635197, 51.504376626916503 ], [ 36.760667476456597, 51.504568845273901 ], [ 36.760681855789301, 51.504613709322101 ], [ 36.760712333830298, 51.504708800157402 ], [ 36.760720190495803, 51.504733312459301 ], [ 36.760724723394702, 51.504747456875698 ], [ 36.760725485165999, 51.5047498338485 ], [ 36.760776186979001, 51.5048819700785 ], [ 36.760796257139098, 51.504934273920298 ], [ 36.760856575417101, 51.505068890014797 ], [ 36.760859064648798, 51.505074444632498 ], [ 36.760878097254697, 51.5051169211646 ], [ 36.760884023440703, 51.505128455902103 ], [ 36.760915446509301, 51.505189613613702 ], [ 36.7609708878337, 51.505297517276098 ], [ 36.761074500416903, 51.505475807866901 ], [ 36.761129011086602, 51.505559627313097 ], [ 36.761188785883903, 51.505651540230701 ], [ 36.761256375125903, 51.505745195814498 ], [ 36.761268553586198, 51.505762070215603 ], [ 36.761287075050802, 51.505787733786299 ], [ 36.761313583436497, 51.505824465019302 ], [ 36.761334617488899, 51.505850906322202 ], [ 36.761389417416098, 51.505919794318103 ], [ 36.761448717004697, 51.505994337920001 ], [ 36.761593995247402, 51.5061609179782 ], [ 36.7616055062594, 51.506173009912601 ], [ 36.761652092890102, 51.506221949057199 ], [ 36.761693213272203, 51.506265145247902 ], [ 36.761749210653697, 51.506323969833502 ], [ 36.761914146729801, 51.506483262041698 ], [ 36.761940836575199, 51.506507027503503 ], [ 36.762088569015198, 51.506638570989203 ], [ 36.762272229575103, 51.5067896741825 ], [ 36.762464869694497, 51.506936359194398 ], [ 36.762501135580798, 51.5069619471804 ], [ 36.762525717978598, 51.506979290799102 ], [ 36.762659339682202, 51.5070735670811 ], [ 36.762666217183998, 51.5070784191903 ], [ 36.762697664507101, 51.507098992284 ], [ 36.762739217877197, 51.5071261770454 ], [ 36.7628759845826, 51.507215650132501 ], [ 36.762973514673, 51.507274828535301 ], [ 36.763093878141298, 51.507347860844099 ], [ 36.763231316786502, 51.507425194930697 ], [ 36.763319587042901, 51.507474862944498 ], [ 36.7634051515737, 51.507519483708997 ], [ 36.763552792385603, 51.507596475881201 ], [ 36.763793165385998, 51.507712529165701 ], [ 36.763985274601097, 51.507798269543102 ], [ 36.764040363785902, 51.5078228562232 ], [ 36.764225285580402, 51.507898995228601 ], [ 36.764294039039001, 51.5079273033381 ], [ 36.7645538318191, 51.508025721266897 ], [ 36.764735764020401, 51.508088924246898 ], [ 36.764819373817097, 51.5081179702699 ], [ 36.764898452511602, 51.508143058862302 ], [ 36.765036866727201, 51.508186972252297 ], [ 36.765090290435502, 51.508203921229502 ], [ 36.765366196296903, 51.508283450058002 ], [ 36.765646702430899, 51.508356447203298 ], [ 36.7659074905444, 51.508417232128203 ], [ 36.765931409985399, 51.5084228070249 ], [ 36.766042675316498, 51.508445803816002 ], [ 36.7662199174137, 51.508482436180103 ], [ 36.766315537685699, 51.508499737286698 ], [ 36.766511815982, 51.508535250829098 ], [ 36.766806690669, 51.508581174956603 ], [ 36.767104127351203, 51.508620144845203 ], [ 36.767403702023699, 51.508652105160998 ], [ 36.767704991580104, 51.5086770100717 ], [ 36.768007570218899, 51.508694824924497 ], [ 36.768311007647199, 51.508705522890303 ], [ 36.768614876266803, 51.508709091114802 ], [ 36.768918744886399, 51.508705522890303 ], [ 36.769222183212896, 51.508694824924497 ], [ 36.769524760953402, 51.5086770100717 ], [ 36.769826049611503, 51.508652105160998 ], [ 36.770125625182303, 51.508620144845203 ], [ 36.770423060966202, 51.508581174956603 ], [ 36.770717936551499, 51.508535250829098 ], [ 36.770864732946997, 51.508508690316098 ], [ 36.771009835119898, 51.508482436180103 ], [ 36.771230745221303, 51.508436778089802 ], [ 36.771298343446396, 51.5084228070249 ], [ 36.771583051001002, 51.508356447203298 ], [ 36.771863557134999, 51.508283450058002 ], [ 36.7721394629964, 51.508203921229502 ], [ 36.772410378716401, 51.5081179702699 ], [ 36.772675920714399, 51.508025721266897 ], [ 36.772935714392901, 51.5079273033381 ], [ 36.773189388747703, 51.5078228562232 ], [ 36.773436588045797, 51.507712529165701 ], [ 36.773676960147903, 51.507596475881201 ], [ 36.773876244207202, 51.507492553023901 ], [ 36.773910166388902, 51.507474862944498 ], [ 36.773998348610398, 51.507425244692598 ], [ 36.774135875290497, 51.507347860844099 ], [ 36.774353767950998, 51.507215650132501 ], [ 36.774353767950998, 51.507215650132501 ] ], [ [ 36.773672190992102, 51.506994104354298 ], [ 36.773730144006002, 51.506978548276102 ], [ 36.773783129336401, 51.506986693104302 ], [ 36.773826524252797, 51.507035106353698 ], [ 36.773823510405002, 51.507096915125999 ], [ 36.773779519905602, 51.507138910042102 ], [ 36.773680010826602, 51.5071465387676 ], [ 36.773616525088798, 51.5071191588831 ], [ 36.773612035309, 51.507054827915198 ], [ 36.773672190992102, 51.506994104354298 ], [ 36.773672190992102, 51.506994104354298 ] ], [ [ 36.770952207296098, 51.504068724031796 ], [ 36.7713335097948, 51.503901015196 ], [ 36.771466609577303, 51.503906947952601 ], [ 36.771533160366801, 51.503990014293102 ], [ 36.771528405584, 51.504076047967601 ], [ 36.771473730522501, 51.504170385613797 ], [ 36.771320666581303, 51.504249937139399 ], [ 36.771173363535901, 51.504299485598899 ], [ 36.7710906349864, 51.504305010674898 ], [ 36.770977140935102, 51.5042576837727 ], [ 36.770913502483801, 51.504218485928703 ], [ 36.770897980493999, 51.504161000057898 ], [ 36.770905220915097, 51.504115648532199 ], [ 36.770952207296098, 51.504068724031796 ], [ 36.770952207296098, 51.504068724031796 ] ] ] } },
{ "type": "Feature", "properties": { "dataset_code": "KAA", "source_file": "КАА.kml", "placemark_index": 5, "organization_code": "KAA", "organization_name_raw": "КАА", "farm_name_raw": "Орошение Солнцево", "region_name_raw": "Курская область", "district_name_raw": "Солнцевский район", "field_external_key": "KAA:КУР-СОЛ-0014-02", "field_code_raw": "КУР-СОЛ-0014-02", "field_name_raw": "КУР-СОЛ-0014-02", "field_code_unique_status": "unique", "source_fid": "6", "declared_area_ha": 42.8, "geometry_area_ha": 42.795759, "area_diff_ha": -0.004241, "area_diff_pct": -0.00991, "area_quality_status": "ok", "geometry_type": "Polygon", "polygon_count": 1, "inner_ring_count": 0, "geometry_valid": true, "geometry_validity_reason": "Valid Geometry", "centroid_lon": 36.735486312, "centroid_lat": 51.553555529, "representative_lon": 36.735484620999998, "representative_lat": 51.553592086999998, "centroid_within_geometry": true, "weather_point_lon_candidate": 36.735486312, "weather_point_lat_candidate": 51.553555529, "active_2026_candidate": true, "active_reason": "kaa_crop_plan_present", "season_year_candidate": null, "crop_raw": "Кукуруза зерновая", "crop_code_candidate": "maize_grain", "crop_parameter_set_candidate_key": "aquacrop_v7_3_regional_maize_grain_kursk_oblast", "regional_crop_parameter_set_candidate_key": "aquacrop_v7_3_regional_maize_grain_kursk_oblast", "crop_parameter_candidate_status": "resolved_from_kml_region_kursk_oblast", "crop_parameter_candidate_comment_ru": "Кандидат выбран по культуре и признаку региона 'Курская область' из KAA.kml.", "sowing_date_raw": "", "calculation_ready": false, "calculation_blockers_json": [ "missing_sowing_date", "missing_soil_profile" ], "geometry_hash_sha256": "3f292bd8abf5410a398badc936074dc18084c667f9703dd082b995186d865ebb", "source_attributes_json": { "ESRI_OID": "811", "fid": "6", "is_experimental_production": "Нет", "source_fid": "6", "В аренде": "Нет", "Дата изменения": "10.11.2025 9:55:23", "Изменил": "GEODATA", "Интенсивность": "MAX", "История": "2013: Пшеница озимая, 2014: Соя, 2015: Пшеница озимая, 2016: Кукуруза зерновая, 2017: Пшеница яровая, 2018: Соя, 2019: Пшеница озимая, 2020: Сахарная свекла, 2021: Пшеница яровая, 2022: Пар, Соя, 2023: Кукуруза зерновая, 2024: Подсолнечник, 2025: Кукуруза зерновая, 2026: Кукуруза зерновая", "Культура": "Кукуруза зерновая", "Мех.состав (пески; карбонаты)": "Да", "Название": "КУР-СОЛ-0014-02", "Область": "Курская область", "Опытное": "Нет", "План. хозяйство": "Орошение Солнцево", "Площадь (га)": "42.8", "Под оптимизацию": "Нет", "Пред. предшественник": "Подсолнечник", "Предшественник": "Кукуруза зерновая", "Район": "Солнцевский район", "Рельеф": "Пригодно", "Территория": "Орошение", "Технология": "Кукуруза зерновая АТ орошение MAS MAX_Кораген", "Технология компании": "АТ семенная", "Тип посевов": "Семенные", "Уклон (град.)": "1.3", "Хозяйство": "Орошение Солнцево" } }, "geometry": { "type": "Polygon", "coordinates": [ [ [ 36.733323485046697, 51.5565848203168 ], [ 36.733520758676399, 51.556638019299903 ], [ 36.73366574317, 51.556669052290601 ], [ 36.733874901510902, 51.556716340377299 ], [ 36.734026184991201, 51.5567439741749 ], [ 36.734263864842298, 51.556784611917699 ], [ 36.734498573066503, 51.556814166972401 ], [ 36.734754079086201, 51.556840027420002 ], [ 36.735000672021499, 51.556858499239098 ], [ 36.735244293329998, 51.556869582438701 ], [ 36.735490886265303, 51.556873277024103 ], [ 36.735734507573802, 51.556869582438701 ], [ 36.735985854393597, 51.5568595336116 ], [ 36.736246351452998, 51.556840618889197 ], [ 36.736480227837198, 51.5568169746374 ], [ 36.736717907688302, 51.556782691176402 ], [ 36.736957489272903, 51.556743678719002 ], [ 36.737195168225703, 51.556698754869302 ], [ 36.737430947241698, 51.556643191745799 ], [ 36.737662922790797, 51.556585263781599 ], [ 36.737883488837497, 51.556519060143899 ], [ 36.738097511555601, 51.556448589864303 ], [ 36.738310431142501, 51.556369880152701 ], [ 36.738520470730698, 51.556282618751702 ], [ 36.738725826503, 51.556190406420903 ], [ 36.738908364168701, 51.556098193344503 ], [ 36.739107101153898, 51.555991312044299 ], [ 36.739285158023101, 51.555884113807203 ], [ 36.739455020460099, 51.555771867883898 ], [ 36.739616321952496, 51.555654816080903 ], [ 36.739776085529201, 51.555529302764 ], [ 36.739915722351903, 51.555405537871899 ], [ 36.740040503734797, 51.555278078486801 ], [ 36.7401549473053, 51.5551437749847 ], [ 36.740268594070301, 51.555006689002198 ], [ 36.740371885056497, 51.5548664563457 ], [ 36.740464596583799, 51.554723379157501 ], [ 36.740546531022503, 51.554577767961497 ], [ 36.740617506913097, 51.554429938312197 ], [ 36.740677374236903, 51.554280209118701 ], [ 36.740726000043203, 51.554128905997104 ], [ 36.740763281924202, 51.553976357360099 ], [ 36.740789138133003, 51.553822892183398 ], [ 36.740803512974203, 51.553668843356903 ], [ 36.740806375006699, 51.553514543216203 ], [ 36.740798698902601, 51.553377809801503 ], [ 36.740761218494001, 51.553127408133101 ], [ 36.740745949829098, 51.553053485146798 ], [ 36.740730824894598, 51.5530000328516 ], [ 36.740702950171404, 51.552901522189401 ], [ 36.740648655995599, 51.552750970222903 ], [ 36.740583185879402, 51.552602157141202 ], [ 36.740506680858203, 51.5524554030224 ], [ 36.740419308018701, 51.552311026831099 ], [ 36.740321255108803, 51.552169340832798 ], [ 36.740212735029203, 51.552030652828002 ], [ 36.7400939831386, 51.551895263358702 ], [ 36.739965256354999, 51.551763462915602 ], [ 36.739826833156201, 51.5516355403159 ], [ 36.739679015376197, 51.551511769856198 ], [ 36.739522121018602, 51.551392421924902 ], [ 36.739356489646497, 51.5512777529472 ], [ 36.739182483280999, 51.551168012088198 ], [ 36.739000474722999, 51.551063437341703 ], [ 36.738810861027801, 51.550964253854701 ], [ 36.738614050928803, 51.550870678954098 ], [ 36.738410472024199, 51.5507829120914 ], [ 36.738200565386698, 51.550701146014397 ], [ 36.737984782868899, 51.550625556153904 ], [ 36.737763595188099, 51.550556306208499 ], [ 36.737537479349598, 51.550493547027799 ], [ 36.737306924935297, 51.550437413818699 ], [ 36.7370724332051, 51.550388028938201 ], [ 36.736834509012198, 51.550345497983102 ], [ 36.736593668887899, 51.550309914816701 ], [ 36.736350435651701, 51.550281354866101 ], [ 36.736105333919703, 51.550259881266101 ], [ 36.735926798248499, 51.550249490792801 ], [ 36.735858896392799, 51.550245539273 ], [ 36.735611653975504, 51.550238360175101 ], [ 36.735364143860203, 51.550238360175101 ], [ 36.735116902341197, 51.550245539273 ], [ 36.734870463916103, 51.550259881266101 ], [ 36.734625362183998, 51.550281354866101 ], [ 36.7343821289478, 51.550309914816701 ], [ 36.734141288823501, 51.550345497983002 ], [ 36.733903364630599, 51.550388028938201 ], [ 36.733723807574997, 51.550425844749498 ], [ 36.733668872900502, 51.550437413818699 ], [ 36.733568798781199, 51.550461779181397 ], [ 36.733438319384398, 51.550493547027799 ], [ 36.733212202647699, 51.550556306208499 ], [ 36.7329910149668, 51.550625556153904 ], [ 36.732775233347397, 51.550701146014397 ], [ 36.7325653258115, 51.5507829120914 ], [ 36.732361746906903, 51.550870678954098 ], [ 36.732164936807898, 51.550964253854801 ], [ 36.7319753231127, 51.551063437341703 ], [ 36.7317905693032, 51.5511669798206 ], [ 36.731615161565898, 51.551277824446103 ], [ 36.731449736806297, 51.551391329335402 ], [ 36.731290015450497, 51.551512813846202 ], [ 36.7311459822728, 51.551633412123699 ], [ 36.731004800347797, 51.551762876966201 ], [ 36.730877879177903, 51.551891454977699 ], [ 36.730759514461099, 51.552027126539102 ], [ 36.730651132722102, 51.552166344641499 ], [ 36.730552733062503, 51.552309109252299 ], [ 36.730464316380697, 51.5524536468766 ], [ 36.730388733929303, 51.552601730953299 ], [ 36.730323134455702, 51.5527480410979 ], [ 36.730267517959803, 51.552899671104697 ], [ 36.730226161320701, 51.5530530740443 ], [ 36.730191935508401, 51.553205590029698 ], [ 36.730171970451202, 51.553359878930003 ], [ 36.730163413998099, 51.553515940168602 ], [ 36.730165196255697, 51.5536682328555 ], [ 36.730179457010799, 51.5538263624777 ], [ 36.730207978521101, 51.553977101909801 ], [ 36.730248384742602, 51.5541352304583 ], [ 36.730291167007998, 51.554280057752202 ], [ 36.730350586970701, 51.554427840412202 ], [ 36.730426644630903, 51.554578577850997 ], [ 36.730507455277198, 51.554726359541199 ], [ 36.730597773692502, 51.554865273914501 ], [ 36.730695222036303, 51.555001232073799 ], [ 36.730821192788497, 51.555151968171003 ], [ 36.730947162642501, 51.555287925473301 ], [ 36.731082640265498, 51.555417971402598 ], [ 36.731215740946197, 51.555536194499702 ], [ 36.7313745109861, 51.5556597372995 ], [ 36.731524249364199, 51.555772048847601 ], [ 36.731697755368003, 51.555885837425997 ], [ 36.731883145184803, 51.555995192690602 ], [ 36.732068535899899, 51.556098636813999 ], [ 36.732194505753803, 51.5561607029518 ], [ 36.732325229492297, 51.556224246859998 ], [ 36.732486851683298, 51.556295179944598 ], [ 36.732617576320102, 51.556348379266502 ], [ 36.7327578069292, 51.556403056375601 ], [ 36.732914675235698, 51.556460688555603 ], [ 36.733104819835198, 51.556519799066699 ], [ 36.733323485046697, 51.5565848203168 ], [ 36.733323485046697, 51.5565848203168 ] ] ] } },
{ "type": "Feature", "properties": { "dataset_code": "KAA", "source_file": "КАА.kml", "placemark_index": 6, "organization_code": "KAA", "organization_name_raw": "КАА", "farm_name_raw": "Орошение Горшечное", "region_name_raw": "Курская область", "district_name_raw": "Горшеченский район", "field_external_key": "KAA:КУР-ГОР-0061-02", "field_code_raw": "КУР-ГОР-0061-02", "field_name_raw": "КУР-ГОР-0061-02", "field_code_unique_status": "unique", "source_fid": "7", "declared_area_ha": 65.8, "geometry_area_ha": 65.802354, "area_diff_ha": 0.002354, "area_diff_pct": 0.003578, "area_quality_status": "ok", "geometry_type": "Polygon", "polygon_count": 1, "inner_ring_count": 0, "geometry_valid": true, "geometry_validity_reason": "Valid Geometry", "centroid_lon": 37.69594969, "centroid_lat": 51.45611586, "representative_lon": 37.695952325999997, "representative_lat": 51.456106055, "centroid_within_geometry": true, "weather_point_lon_candidate": 37.69594969, "weather_point_lat_candidate": 51.45611586, "active_2026_candidate": true, "active_reason": "kaa_crop_plan_present", "season_year_candidate": null, "crop_raw": "Соя", "crop_code_candidate": "soybean", "crop_parameter_set_candidate_key": "aquacrop_v7_3_regional_soybean_kursk_oblast", "regional_crop_parameter_set_candidate_key": "aquacrop_v7_3_regional_soybean_kursk_oblast", "crop_parameter_candidate_status": "resolved_from_kml_region_kursk_oblast", "crop_parameter_candidate_comment_ru": "Кандидат выбран по культуре и признаку региона 'Курская область' из KAA.kml.", "sowing_date_raw": "", "calculation_ready": false, "calculation_blockers_json": [ "missing_sowing_date", "missing_soil_profile" ], "geometry_hash_sha256": "4bc48b0be043a501aa6f0a1b06887c137b582ebd658bfffa8f156437e6b60a9f", "source_attributes_json": { "ESRI_OID": "1835", "fid": "7", "is_experimental_production": "Нет", "source_fid": "7", "В аренде": "Нет", "Вид семян": "Собственные", "Дата изменения": "10.11.2025 9:56:21", "Изменил": "GEODATA", "Интенсивность": "MAX", "История": "2013: Пшеница озимая, Соя, 2014: Кукуруза зерновая, 2015: Соя, 2016: Пшеница яровая, 2017: Залежь, Соя, 2018: Залежь, Пшеница озимая, 2019: Залежь, Соя, 2020: Соя, 2021: Залежь, Пшеница яровая, 2022: Кукуруза зерновая, Пар, 2023: Кукуруза зерновая, 2024: Кукуруза зерновая, 2025: Рапс яровой, 2026: Соя", "Итого семян (т; п.ед.)": "7.9", "Культура": "Соя", "Название": "КУР-ГОР-0061-02", "Норма высева (кг/га; п.ед./га)": "120", "Область": "Курская область", "Ограничение сева по ХСЗР (сах.свекла)": "2017", "Опытное": "Нет", "План. хозяйство": "Орошение Горшечное", "Площадь (га)": "65.8", "Под оптимизацию": "Нет", "Пред. предшественник": "Кукуруза зерновая", "Предшественник": "Рапс яровой", "Район": "Горшеченский район", "Рельеф": "Пригодно", "Семена": "Семена сои ЕС ФАВОР РС1 (соб.)", "Сред. норма высева (кг/га; п.ед./га)": "0", "Территория": "Орошение", "Технология": "Соя АТ семенная орошение MAX", "Технология компании": "АТ семенная", "Тип посевов": "Семенные", "Хозяйство": "Орошение Горшечное" } }, "geometry": { "type": "Polygon", "coordinates": [ [ [ 37.689542830297597, 51.455150986242401 ], [ 37.6894967952325, 51.455284017451604 ], [ 37.689457370869597, 51.455417870002599 ], [ 37.689424594938203, 51.455552416822897 ], [ 37.689398497980797, 51.455687529721601 ], [ 37.689379106947101, 51.4558230793901 ], [ 37.689366438006701, 51.455958937080801 ], [ 37.689360504634202, 51.456094973488199 ], [ 37.689361311321399, 51.4562310581885 ], [ 37.689368858966397, 51.456367062998702 ], [ 37.689383138586201, 51.4565028569384 ], [ 37.6894041376042, 51.456638311267902 ], [ 37.689431836257697, 51.4567732966891 ], [ 37.689463276394299, 51.456890688425702 ], [ 37.6895004711387, 51.457007424962399 ], [ 37.689543385456403, 51.4571233965953 ], [ 37.689591979821699, 51.4572384947407 ], [ 37.689646207522202, 51.457352610816301 ], [ 37.689706018252103, 51.457465639039199 ], [ 37.689771356315902, 51.457577472508298 ], [ 37.689842159729999, 51.457688006562002 ], [ 37.689918362917197, 51.457797137659398 ], [ 37.689999893114098, 51.457904762820199 ], [ 37.690098753609497, 51.458022781902002 ], [ 37.690202445244402, 51.458139180826201 ], [ 37.690310898848601, 51.458253881803103 ], [ 37.690424043455302, 51.458366809842303 ], [ 37.690541803605903, 51.458477889954104 ], [ 37.6906681947697, 51.458585107710903 ], [ 37.690800047690502, 51.4586897398639 ], [ 37.690937226722603, 51.458791678964801 ], [ 37.691079590830498, 51.458890819804303 ], [ 37.691226991792199, 51.458987059972401 ], [ 37.691379278690803, 51.459080300417803 ], [ 37.691536293422701, 51.459170444328002 ], [ 37.691697875189398, 51.459257398808703 ], [ 37.691863856006201, 51.4593410743243 ], [ 37.6920340651929, 51.459421385256597 ], [ 37.692208326680003, 51.459498247107099 ], [ 37.692386460804201, 51.459571582093602 ], [ 37.6925682834109, 51.459641313552602 ], [ 37.692753607650701, 51.459707370417803 ], [ 37.692942241283902, 51.459769683861097 ], [ 37.693133990274603, 51.4598281895315 ], [ 37.693328656993302, 51.459882827554999 ], [ 37.693526040217399, 51.459933540855502 ], [ 37.693725935131098, 51.4599802779531 ], [ 37.693928137816698, 51.460022990165903 ], [ 37.694132437170197, 51.460061633288397 ], [ 37.694338622985804, 51.460096167592098 ], [ 37.694546483261, 51.4601265578248 ], [ 37.694755803298598, 51.460152772091902 ], [ 37.694966366604604, 51.460174783534697 ], [ 37.695177956685001, 51.4601925692115 ], [ 37.695390353452403, 51.460206111216799 ], [ 37.695603339514697, 51.460215395561903 ], [ 37.695790131601598, 51.460220005830699 ], [ 37.695977057537498, 51.460221311616301 ], [ 37.696163969100397, 51.460219312359399 ], [ 37.696350713576599, 51.460214008619197 ], [ 37.696537140947498, 51.4602054054319 ], [ 37.696753117501402, 51.4601912774176 ], [ 37.696968228977603, 51.460172721029302 ], [ 37.6971822427126, 51.4601497564108 ], [ 37.697394924245998, 51.4601224087424 ], [ 37.697606043609099, 51.460090707680202 ], [ 37.697815370833197, 51.4600546873572 ], [ 37.698022678644598, 51.460014387502298 ], [ 37.698028261674096, 51.460013237308701 ], [ 37.698226901641299, 51.4599700437401 ], [ 37.69842322665, 51.459922919315403 ], [ 37.698617036376, 51.4598719127168 ], [ 37.698808132291397, 51.459817075424503 ], [ 37.698996319461898, 51.459758463395303 ], [ 37.699181406546501, 51.459696136503702 ], [ 37.699363204898702, 51.459630158541202 ], [ 37.699541528567501, 51.459560596657397 ], [ 37.699716195194704, 51.459487521359399 ], [ 37.699887027812302, 51.4594110076319 ], [ 37.700053851248697, 51.4593311338174 ], [ 37.700216495722501, 51.459247980497103 ], [ 37.700374794146903, 51.459161633289497 ], [ 37.7005285866219, 51.459072180052097 ], [ 37.700682710575201, 51.458976510415702 ], [ 37.7008316808937, 51.4588777212658 ], [ 37.700975333185703, 51.458775920607899 ], [ 37.701113511144399, 51.458671219247002 ], [ 37.701246064751103, 51.458563731906096 ], [ 37.701372849377002, 51.458453574988198 ], [ 37.701493726681598, 51.458340869374602 ], [ 37.701608563714302, 51.458225737067004 ], [ 37.701717236507498, 51.458108305105199 ], [ 37.701819625585301, 51.457988700530102 ], [ 37.701915619556502, 51.457867053742099 ], [ 37.702005114216703, 51.457743497941301 ], [ 37.702088011649501, 51.457618167448402 ], [ 37.702164221124903, 51.457491199383902 ], [ 37.702233659998001, 51.457362731989598 ], [ 37.702296251912102, 51.457232905187198 ], [ 37.7023519285951, 51.457101861139598 ], [ 37.702400630758198, 51.456969742570401 ], [ 37.702442302705897, 51.456836693324398 ], [ 37.702476901319102, 51.4567028589275 ], [ 37.702504387970201, 51.456568384906802 ], [ 37.702524732116402, 51.456433418470802 ], [ 37.702537912198302, 51.456298106269699 ], [ 37.702543913842703, 51.456162596634698 ], [ 37.702544318084499, 51.456117136341902 ], [ 37.702541979769798, 51.456007792999301 ], [ 37.702534967520698, 51.455898527200702 ], [ 37.7025232867271, 51.455789416193198 ], [ 37.702506944575397, 51.455680537224502 ], [ 37.702480777549603, 51.455548420698697 ], [ 37.702447749191499, 51.455416902175401 ], [ 37.7024078936373, 51.455286119920999 ], [ 37.7023612522094, 51.455156211644201 ], [ 37.702307875213499, 51.455027313935098 ], [ 37.702247818345199, 51.454899561706398 ], [ 37.702181533457001, 51.454773658037801 ], [ 37.702108892089903, 51.454649122661401 ], [ 37.702029966109002, 51.454526081536997 ], [ 37.701944835464502, 51.454404656707403 ], [ 37.701853584597899, 51.454284969656896 ], [ 37.701756305137501, 51.454167140750798 ], [ 37.701653094101303, 51.454051287557199 ], [ 37.701540639400697, 51.453935538748198 ], [ 37.701422154309697, 51.453822150241699 ], [ 37.701297764592297, 51.453711243527799 ], [ 37.701167604995902, 51.4536029389782 ], [ 37.701031815657501, 51.453497351927098 ], [ 37.700890542104403, 51.453394596589597 ], [ 37.700743936151703, 51.453294783822898 ], [ 37.700592156801299, 51.453198020565701 ], [ 37.700435365749897, 51.453104410958296 ], [ 37.700273732779102, 51.453014055782603 ], [ 37.700107431263902, 51.452927052461497 ], [ 37.699936640867101, 51.452843494499703 ], [ 37.699761544845202, 51.452763471483102 ], [ 37.699582330946001, 51.452687070198401 ], [ 37.699399193205601, 51.452614372394102 ], [ 37.699212327456898, 51.452545456459298 ], [ 37.699021935820603, 51.452480396864203 ], [ 37.698828222214402, 51.452419262480298 ], [ 37.698631395047499, 51.452362120499501 ], [ 37.698431667220397, 51.452309031954798 ], [ 37.6982292525324, 51.452260053400003 ], [ 37.698024369274002, 51.452215238029602 ], [ 37.697817237532398, 51.452174633998602 ], [ 37.6976080800899, 51.452138284982802 ], [ 37.697397122423503, 51.452106230178401 ], [ 37.697184591807101, 51.452078504302399 ], [ 37.696970715514297, 51.452055136472303 ], [ 37.696755724412299, 51.4520361524457 ], [ 37.696539850266397, 51.4520215723809 ], [ 37.696323325740202, 51.452011412516597 ], [ 37.696106381700801, 51.452005682932104 ], [ 37.695889253506699, 51.452004390346701 ], [ 37.695672173821698, 51.452007535880398 ], [ 37.695459796817097, 51.4520157733822 ], [ 37.695247953411901, 51.4520282581068 ], [ 37.6950368627949, 51.452044976615497 ], [ 37.694826743256598, 51.452065911549703 ], [ 37.694617810392899, 51.452091041071498 ], [ 37.694410281595999, 51.4521203405425 ], [ 37.694204368868199, 51.452153778046103 ], [ 37.694000286906999, 51.452191319985197 ], [ 37.693798245019799, 51.452232927723401 ], [ 37.693598451615799, 51.452278557585103 ], [ 37.693401113307502, 51.452328163654897 ], [ 37.693206434012403, 51.452381693298598 ], [ 37.693014614054803, 51.452439092202098 ], [ 37.692825851962503, 51.4525003010124 ], [ 37.692640341771501, 51.452565256457099 ], [ 37.692458274822897, 51.452633890784902 ], [ 37.692279839763103, 51.452706134564799 ], [ 37.692105220746598, 51.452781912207399 ], [ 37.691934598334797, 51.4528611458841 ], [ 37.691768146800797, 51.4529437538473 ], [ 37.691606039519598, 51.453029650430601 ], [ 37.691448443577798, 51.453118747168801 ], [ 37.691295521570297, 51.453210952237903 ], [ 37.6911474307025, 51.453306169895299 ], [ 37.6910043236878, 51.453404303279299 ], [ 37.690866349646697, 51.4535052493707 ], [ 37.6907336496146, 51.453608905150702 ], [ 37.690606361033801, 51.453715163122702 ], [ 37.690484615058303, 51.453823914111098 ], [ 37.690368537452201, 51.453935045022803 ], [ 37.690258247691503, 51.454048442205298 ], [ 37.6901538598622, 51.4541639875291 ], [ 37.690055482660497, 51.454281562305297 ], [ 37.689963215799402, 51.454401045607199 ], [ 37.689877155398499, 51.4545223137101 ], [ 37.689797390391199, 51.454645240651402 ], [ 37.689724003422398, 51.454769701029399 ], [ 37.689657069052302, 51.454895565525099 ], [ 37.689596657349398, 51.455022704261403 ], [ 37.689542830297597, 51.455150986242401 ], [ 37.689542830297597, 51.455150986242401 ] ] ] } },
{ "type": "Feature", "properties": { "dataset_code": "KAA", "source_file": "КАА.kml", "placemark_index": 7, "organization_code": "KAA", "organization_name_raw": "КАА", "farm_name_raw": "Орошение Горшечное", "region_name_raw": "Курская область", "district_name_raw": "Горшеченский район", "field_external_key": "KAA:КУР-ГОР-0062-04", "field_code_raw": "КУР-ГОР-0062-04", "field_name_raw": "КУР-ГОР-0062-04", "field_code_unique_status": "unique", "source_fid": "8", "declared_area_ha": 40.6, "geometry_area_ha": 40.599379, "area_diff_ha": -0.000621, "area_diff_pct": -0.00153, "area_quality_status": "ok", "geometry_type": "Polygon", "polygon_count": 1, "inner_ring_count": 0, "geometry_valid": true, "geometry_validity_reason": "Valid Geometry", "centroid_lon": 37.724066378000003, "centroid_lat": 51.444350589000003, "representative_lon": 37.724065004000003, "representative_lat": 51.444365730999998, "centroid_within_geometry": true, "weather_point_lon_candidate": 37.724066378000003, "weather_point_lat_candidate": 51.444350589000003, "active_2026_candidate": true, "active_reason": "kaa_crop_plan_present", "season_year_candidate": null, "crop_raw": "Кукуруза зерновая", "crop_code_candidate": "maize_grain", "crop_parameter_set_candidate_key": "aquacrop_v7_3_regional_maize_grain_kursk_oblast", "regional_crop_parameter_set_candidate_key": "aquacrop_v7_3_regional_maize_grain_kursk_oblast", "crop_parameter_candidate_status": "resolved_from_kml_region_kursk_oblast", "crop_parameter_candidate_comment_ru": "Кандидат выбран по культуре и признаку региона 'Курская область' из KAA.kml.", "sowing_date_raw": "", "calculation_ready": false, "calculation_blockers_json": [ "missing_sowing_date", "missing_soil_profile" ], "geometry_hash_sha256": "ddb8e5ed44153f8add4b4d8e8f0f348205ef5f9c2d39a5ad28fa465aecf33d28", "source_attributes_json": { "ESRI_OID": "1735", "fid": "8", "is_experimental_production": "Нет", "source_fid": "8", "В аренде": "Нет", "Дата изменения": "10.11.2025 9:55:59", "Изменил": "GEODATA", "Интенсивность": "MAX", "История": "2013: Пшеница озимая, Соя, 2014: Кукуруза зерновая, 2015: Пшеница яровая, 2016: Соя, 2017: Залежь, Кукуруза зерновая, 2018: Залежь, Соя, 2019: Подъем залежи, Пшеница яровая, Ячмень яровой, 2020: Соя, 2021: Залежь, Соя, 2022: Кукуруза зерновая, 2023: Соя, 2024: Кукуруза зерновая, Рапс яровой, 2025: Кукуруза зерновая, Соя, 2026: Кукуруза зерновая", "Культура": "Кукуруза зерновая", "Мех.состав (пески; карбонаты)": "Да", "Название": "КУР-ГОР-0062-04", "Направление склона": "Ю, З", "Область": "Курская область", "Опытное": "Нет", "План. хозяйство": "Орошение Горшечное", "Площадь (га)": "40.6", "Под оптимизацию": "Нет", "Пред. предшественник": "Кукуруза зерновая, Рапс яровой", "Предшественник": "Соя", "Район": "Горшеченский район", "Рельеф": "Пригодно", "Территория": "Орошение", "Технология": "Кукуруза зерновая АТ орошение MAS MAX_Кораген", "Технология компании": "АТ семенная", "Тип посевов": "Семенные", "Хозяйство": "Орошение Горшечное" } }, "geometry": { "type": "Polygon", "coordinates": [ [ [ 37.722167349814498, 51.441349886638498 ], [ 37.722062511030899, 51.441376556275998 ], [ 37.721958632546503, 51.441404648688 ], [ 37.721784900167101, 51.441455476026398 ], [ 37.721614310094601, 51.4415102838637 ], [ 37.721447097687701, 51.441568995474803 ], [ 37.7212834929149, 51.4416315313347 ], [ 37.721123719456799, 51.441697804638402 ], [ 37.720967998298903, 51.441767724101503 ], [ 37.720816542342, 51.441841194519498 ], [ 37.720669560893498, 51.441918113968498 ], [ 37.720527256074398, 51.441998377165 ], [ 37.720389822819101, 51.4420818732263 ], [ 37.720257450672101, 51.442168487910202 ], [ 37.720130321093102, 51.442258101935501 ], [ 37.720008609253497, 51.442350591541903 ], [ 37.719892483138501, 51.442445830729802 ], [ 37.719782101749601, 51.442543687341001 ], [ 37.719677616003999, 51.442644026978599 ], [ 37.719579171428599, 51.4427467124464 ], [ 37.7194869018725, 51.442851601510398 ], [ 37.719455147325498, 51.442889387382401 ], [ 37.719375728169602, 51.442989761535003 ], [ 37.719334584431202, 51.443045500346003 ], [ 37.719295159170102, 51.443101720053697 ], [ 37.719255339548397, 51.443161691659597 ], [ 37.719217474660901, 51.4432221536686 ], [ 37.719160819712599, 51.443320173789701 ], [ 37.719109298636099, 51.4434192883215 ], [ 37.719062965330401, 51.443519393113803 ], [ 37.719021869202798, 51.443620381778203 ], [ 37.718986053372397, 51.443722147926898 ], [ 37.718955555568499, 51.443824585732898 ], [ 37.718930408130397, 51.443927585450901 ], [ 37.718911919903498, 51.444023435001597 ], [ 37.718898064288602, 51.4441195878168 ], [ 37.718894721657399, 51.444149345922 ], [ 37.718885875946803, 51.444265443163701 ], [ 37.718883787363801, 51.444381663287501 ], [ 37.718888461298199, 51.4444978540009 ], [ 37.718899888766998, 51.444613863013203 ], [ 37.718918057193598, 51.444729536915197 ], [ 37.718942941425198, 51.444844723419003 ], [ 37.718974508224299, 51.444959272478002 ], [ 37.719012717166599, 51.445073032367297 ], [ 37.719057517946503, 51.445185854163 ], [ 37.719108851275102, 51.445297588942402 ], [ 37.719166649778799, 51.445408090583904 ], [ 37.719230837999099, 51.445517212966998 ], [ 37.719301330596103, 51.445624813331797 ], [ 37.719378035043199, 51.445730750039402 ], [ 37.719460851627602, 51.445834883691703 ], [ 37.719549669856299, 51.445937077690701 ], [ 37.719644374745201, 51.446037197679303 ], [ 37.719744839631602, 51.446135111540599 ], [ 37.719850934259902, 51.446230691077602 ], [ 37.719962518492999, 51.446323810893396 ], [ 37.720079445905299, 51.4464143478314 ], [ 37.720201561986698, 51.446502183214299 ], [ 37.720328707735398, 51.446587201724697 ], [ 37.7204607142681, 51.446669291964298 ], [ 37.720597409108201, 51.446748345334797 ], [ 37.720738612592797, 51.446824258276401 ], [ 37.720884137872197, 51.446896930588998 ], [ 37.721033795401901, 51.446966267670803 ], [ 37.721187387552497, 51.447032177719201 ], [ 37.721344712203198, 51.447094573970404 ], [ 37.721389168029901, 51.447111307722501 ], [ 37.721423798982499, 51.447124060283002 ], [ 37.7215456240097, 51.447167136119702 ], [ 37.721669295074904, 51.447208118592002 ], [ 37.721794717854898, 51.447246977473 ], [ 37.722228388541403, 51.447364315327398 ], [ 37.722367109980901, 51.447395837675401 ], [ 37.7225072175208, 51.447424880944702 ], [ 37.722648597973503, 51.447451421066297 ], [ 37.7227862953334, 51.447474664164901 ], [ 37.722924968263897, 51.4474955340118 ], [ 37.723064511661804, 51.447514014934399 ], [ 37.723078337632302, 51.447515710185002 ], [ 37.723226528213203, 51.447532358124398 ], [ 37.723375432954697, 51.447546312582098 ], [ 37.723524926990997, 51.447557561243499 ], [ 37.723674881863097, 51.447566095153 ], [ 37.723853746317602, 51.4475727014716 ], [ 37.724032870385201, 51.447575445333001 ], [ 37.724212039368702, 51.447574322818802 ], [ 37.724391038570502, 51.447569336728101 ], [ 37.724569653293401, 51.447560491538397 ], [ 37.724747670636603, 51.447547799004496 ], [ 37.724924875004497, 51.447531273119701 ], [ 37.725101056191299, 51.447510934594497 ], [ 37.725276002194498, 51.447486808057697 ], [ 37.725449503706798, 51.4474589214961 ], [ 37.7255559864074, 51.4474398090302 ], [ 37.725661787286597, 51.447419280112101 ], [ 37.725675005097699, 51.447416606783598 ], [ 37.725816151988397, 51.447386519930397 ], [ 37.7259558480999, 51.447353907528303 ], [ 37.7260939766512, 51.447318797564897 ], [ 37.726230421759702, 51.4472812185873 ], [ 37.726330213807998, 51.447251847707697 ], [ 37.726428978183598, 51.447221157214898 ], [ 37.726560102570701, 51.447177825572098 ], [ 37.726689179697203, 51.447132168217898 ], [ 37.726848040466997, 51.4470716615578 ], [ 37.727003308874004, 51.447007635509998 ], [ 37.727154785492097, 51.446940172919902 ], [ 37.727302273590396, 51.446869361111197 ], [ 37.727445582725998, 51.446795291326801 ], [ 37.727584528744302, 51.446718059288102 ], [ 37.727709691012798, 51.446643457942699 ], [ 37.727830778523199, 51.446566288352599 ], [ 37.727946503989699, 51.446487488848298 ], [ 37.7280579696451, 51.446406339426296 ], [ 37.728143211680802, 51.446340409438797 ], [ 37.7282256428878, 51.446273105426798 ], [ 37.728284295689399, 51.446222883075201 ], [ 37.728341384524001, 51.446171964744103 ], [ 37.728349060628098, 51.446164844817702 ], [ 37.728366030702098, 51.446149211992697 ], [ 37.728451819811802, 51.4460670066034 ], [ 37.728533553926198, 51.445983211575502 ], [ 37.728626689458203, 51.445880056928601 ], [ 37.728713690395203, 51.445774842252099 ], [ 37.728794439955998, 51.4456677091814 ], [ 37.728868830343103, 51.445558801592803 ], [ 37.728936760944798, 51.445448266163098 ], [ 37.728998140133299, 51.445336251809998 ], [ 37.729052884364997, 51.445222909691701 ], [ 37.729100921774801, 51.445108391527903 ], [ 37.729142186785701, 51.444992851839203 ], [ 37.729176624600399, 51.4448764462675 ], [ 37.729204187608303, 51.444759331575803 ], [ 37.729224838978404, 51.444641665088703 ], [ 37.729238550862902, 51.444523605812201 ], [ 37.729245306193803, 51.444405311633901 ], [ 37.729245758046403, 51.444385527133697 ], [ 37.7292460751517, 51.444349797881401 ], [ 37.729242684909799, 51.444233082166399 ], [ 37.729232522269001, 51.444116519565704 ], [ 37.729215598907402, 51.444000261813599 ], [ 37.729191938181103, 51.443884461765997 ], [ 37.729161570632897, 51.443769270600399 ], [ 37.729124536687003, 51.443654839495899 ], [ 37.729088428005802, 51.443559701932799 ], [ 37.729047710068897, 51.443465289812103 ], [ 37.729002420605603, 51.443371689924099 ], [ 37.728952601836603, 51.443278988499998 ], [ 37.728898298677599, 51.443187270091897 ], [ 37.728827367702799, 51.4430787602846 ], [ 37.728750162894002, 51.4429719260418 ], [ 37.7286667875576, 51.442866909033597 ], [ 37.728577351287903, 51.442763847572202 ], [ 37.7284819708659, 51.442662877730598 ], [ 37.728380772954303, 51.442564131663701 ], [ 37.728273890503502, 51.442467740406997 ], [ 37.7281614654473, 51.442373831077703 ], [ 37.728043645109601, 51.442282527434003 ], [ 37.727920584898797, 51.442193949314898 ], [ 37.7277924465117, 51.442108213760697 ], [ 37.727659399730001, 51.442025433892198 ], [ 37.727520057554599, 51.441944871182599 ], [ 37.727376055817999, 51.441867556469902 ], [ 37.727227589454301, 51.441793595597197 ], [ 37.727115450062499, 51.441741278664097 ], [ 37.727001080153798, 51.441690872150801 ], [ 37.726889746550697, 51.441644508277697 ], [ 37.726776525587198, 51.441599955173601 ], [ 37.726692135154501, 51.441568389069502 ], [ 37.726540121343803, 51.441514869704903 ], [ 37.726385301196203, 51.441464572688503 ], [ 37.726227850781399, 51.4414175557039 ], [ 37.726067947965902, 51.441373871955001 ], [ 37.725905774209302, 51.441333570725497 ], [ 37.725741514564703, 51.441296698499102 ], [ 37.725576431164903, 51.441263503894902 ], [ 37.725409656237503, 51.441233775265502 ], [ 37.725241377530203, 51.441207546773803 ], [ 37.725071782791098, 51.441184846982502 ], [ 37.724901063361301, 51.441165702213901 ], [ 37.7247174378357, 51.441149186897903 ], [ 37.724532980470201, 51.441136785428597 ], [ 37.724347929318299, 51.441128512927797 ], [ 37.724162520636902, 51.441124380596499 ], [ 37.723976993378002, 51.441124394034901 ], [ 37.723791585594903, 51.441128552123402 ], [ 37.723606537137897, 51.441136850381298 ], [ 37.723422084264001, 51.441149278167501 ], [ 37.723238465026697, 51.441165818680602 ], [ 37.723055914784503, 51.441186451758497 ], [ 37.722874668896203, 51.441211149958697 ], [ 37.722694959126997, 51.4412398824782 ], [ 37.722517017242197, 51.441272611233899 ], [ 37.722341072312297, 51.441309295341902 ], [ 37.722167349814498, 51.441349886638498 ], [ 37.722167349814498, 51.441349886638498 ] ] ] } },
{ "type": "Feature", "properties": { "dataset_code": "KAA", "source_file": "КАА.kml", "placemark_index": 8, "organization_code": "KAA", "organization_name_raw": "КАА", "farm_name_raw": "Орошение Горшечное", "region_name_raw": "Курская область", "district_name_raw": "Горшеченский район", "field_external_key": "KAA:КУР-ГОР-0062-03", "field_code_raw": "КУР-ГОР-0062-03", "field_name_raw": "КУР-ГОР-0062-03", "field_code_unique_status": "unique", "source_fid": "9", "declared_area_ha": 40.6, "geometry_area_ha": 40.600833, "area_diff_ha": 0.000833, "area_diff_pct": 0.002052, "area_quality_status": "ok", "geometry_type": "Polygon", "polygon_count": 1, "inner_ring_count": 0, "geometry_valid": true, "geometry_validity_reason": "Valid Geometry", "centroid_lon": 37.712775592, "centroid_lat": 51.441025992999997, "representative_lon": 37.712775848, "representative_lat": 51.44101189, "centroid_within_geometry": true, "weather_point_lon_candidate": 37.712775592, "weather_point_lat_candidate": 51.441025992999997, "active_2026_candidate": true, "active_reason": "kaa_crop_plan_present", "season_year_candidate": null, "crop_raw": "Подсолнечник", "crop_code_candidate": "sunflower", "crop_parameter_set_candidate_key": "aquacrop_v7_3_regional_sunflower_kursk_oblast", "regional_crop_parameter_set_candidate_key": "aquacrop_v7_3_regional_sunflower_kursk_oblast", "crop_parameter_candidate_status": "resolved_from_kml_region_kursk_oblast", "crop_parameter_candidate_comment_ru": "Кандидат выбран по культуре и признаку региона 'Курская область' из KAA.kml.", "sowing_date_raw": "", "calculation_ready": false, "calculation_blockers_json": [ "missing_sowing_date", "missing_soil_profile" ], "geometry_hash_sha256": "091f1300f55f72f382b6ebf465d4c005e8a8daf8e481bc2fa34b222cc4f79900", "source_attributes_json": { "ESRI_OID": "352", "fid": "9", "is_experimental_production": "Нет", "source_fid": "9", "В аренде": "Нет", "Дата изменения": "20.11.2025 12:49:03", "Изменил": "esb", "Интенсивность": "MAX", "История": "2013: Пшеница озимая, Соя, 2014: Кукуруза зерновая, 2015: Пшеница яровая, 2016: Соя, 2017: Залежь, Кукуруза зерновая, 2018: Залежь, Соя, 2019: Подъем залежи, Пшеница яровая, Ячмень яровой, 2020: Соя, 2021: Залежь, Соя, 2022: Кукуруза зерновая, 2023: Кукуруза зерновая, 2024: Рапс яровой, 2025: Кукуруза зерновая, 2026: Подсолнечник", "Культура": "Подсолнечник", "Мех.состав (пески; карбонаты)": "Да", "Название": "КУР-ГОР-0062-03", "Направление склона": "Ю, З", "Область": "Курская область", "Опытное": "Нет", "План. хозяйство": "Орошение Горшечное", "Площадь (га)": "40.6", "Под оптимизацию": "Нет", "Пред. предшественник": "Рапс яровой", "Предшественник": "Кукуруза зерновая", "Район": "Горшеченский район", "Рельеф": "Пригодно", "Территория": "Орошение", "Технология": "Подсолнечник АТ гибридизация орошение MAS EX MAX_ Мультипликация", "Технология компании": "АТ семенная", "Тип посевов": "Семенные", "Хозяйство": "Орошение Горшечное" } }, "geometry": { "type": "Polygon", "coordinates": [ [ [ 37.715310982662999, 51.443838355995702 ], [ 37.715439806464602, 51.443791782659098 ], [ 37.7155664266988, 51.4437429187061 ], [ 37.715720485973499, 51.443679091236604 ], [ 37.7158707875952, 51.443611872886997 ], [ 37.716017139324698, 51.443541349308198 ], [ 37.716159354312197, 51.443467611189902 ], [ 37.716297250199901, 51.443390752021301 ], [ 37.7164306509179, 51.443310870330698 ], [ 37.7165593866847, 51.4432280685661 ], [ 37.716683293108403, 51.443142451414801 ], [ 37.7168022111874, 51.443054129164103 ], [ 37.716915989106397, 51.442963214340899 ], [ 37.7170244813382, 51.442869822832101 ], [ 37.717127550440601, 51.442774074444699 ], [ 37.717225063462998, 51.442676091225799 ], [ 37.7173168964379, 51.442575998022903 ], [ 37.717331381771899, 51.442559418266299 ], [ 37.717412641575798, 51.442461821491598 ], [ 37.717488517776303, 51.442362555382999 ], [ 37.717558923236702, 51.442261735273298 ], [ 37.717623774413703, 51.442159477616698 ], [ 37.717682997645397, 51.442055901107402 ], [ 37.717736522863298, 51.441951127240699 ], [ 37.7177842880836, 51.441845276392598 ], [ 37.717826238509097, 51.441738472859903 ], [ 37.717862325630598, 51.441630839260803 ], [ 37.717892505430903, 51.4415225015739 ], [ 37.717916745570598, 51.441413585779202 ], [ 37.7179360719256, 51.441296539477698 ], [ 37.717948537846802, 51.441179131157597 ], [ 37.717954143334097, 51.441060569624803 ], [ 37.717952976422602, 51.440947573575301 ], [ 37.717945462015201, 51.440834672435898 ], [ 37.717931608196899, 51.440722003953198 ], [ 37.717911433832299, 51.440609706994501 ], [ 37.717884961379099, 51.440497918749102 ], [ 37.717852224973598, 51.440386776967102 ], [ 37.717810722807499, 51.440269807546599 ], [ 37.7177622829524, 51.440153878770602 ], [ 37.717706970985397, 51.440039150792799 ], [ 37.717644864161599, 51.439925781528402 ], [ 37.717576047820998, 51.439813927774402 ], [ 37.717500617184797, 51.439703742969201 ], [ 37.717418674661303, 51.439595379992603 ], [ 37.7173303352345, 51.4394889872462 ], [ 37.717235719278897, 51.439384712572597 ], [ 37.717134958846799, 51.439282698775898 ], [ 37.717028191380301, 51.439183086981302 ], [ 37.716915564203198, 51.439086014954903 ], [ 37.716823817466597, 51.439012201887401 ], [ 37.716703672289, 51.438921802023799 ], [ 37.7165783303574, 51.438834186125398 ], [ 37.7164479569619, 51.438749470681103 ], [ 37.716312726375598, 51.438667767700302 ], [ 37.7161728173634, 51.438589185273003 ], [ 37.716028414079801, 51.438513828129402 ], [ 37.715879707866002, 51.438441795400003 ], [ 37.715726896351299, 51.4383731822955 ], [ 37.715570181656702, 51.438308080666602 ], [ 37.715409771293103, 51.438246575644001 ], [ 37.715245877262802, 51.438188748998201 ], [ 37.715078716957997, 51.438134677459601 ], [ 37.714908511364499, 51.438084432718 ], [ 37.714735485959402, 51.438038081423102 ], [ 37.714559869812902, 51.437995684624099 ], [ 37.714381896487097, 51.437957298329302 ], [ 37.714201799544, 51.437922974066801 ], [ 37.714019818833698, 51.437892756083798 ], [ 37.713836195104797, 51.437866685826698 ], [ 37.713651171800699, 51.437844796901302 ], [ 37.713464993263102, 51.437827118432203 ], [ 37.713277905630498, 51.437813673943502 ], [ 37.713090157736097, 51.437804481358199 ], [ 37.712905032922301, 51.437799598356399 ], [ 37.7127197464118, 51.437798849106798 ], [ 37.712534535359801, 51.437802234169503 ], [ 37.712349636921502, 51.437809750183703 ], [ 37.712165289150498, 51.4378213870677 ], [ 37.711984883186901, 51.437836823951699 ], [ 37.711805459980297, 51.437856206985799 ], [ 37.711627241414398, 51.4378795132059 ], [ 37.711450449373302, 51.437906712367202 ], [ 37.7112753003507, 51.437937771984402 ], [ 37.7111020135358, 51.437972652851101 ], [ 37.7109308018292, 51.438011312400597 ], [ 37.710791343771199, 51.438045996660101 ], [ 37.710653558376301, 51.438083188456197 ], [ 37.710517561527098, 51.438122855864101 ], [ 37.710489756872398, 51.438131338339304 ], [ 37.710322862469098, 51.438185008941602 ], [ 37.7101592011024, 51.438242418413097 ], [ 37.709998989266403, 51.4383034911436 ], [ 37.709842436268602, 51.438368147042702 ], [ 37.709689749619798, 51.438436300419802 ], [ 37.709541130542497, 51.438507861104299 ], [ 37.709396773073003, 51.438582736125603 ], [ 37.709256868552302, 51.4386608263532 ], [ 37.709121601135202, 51.438742028737103 ], [ 37.7089911486879, 51.4388262363072 ], [ 37.708865682788797, 51.438913338174203 ], [ 37.708745368727897, 51.439003220089198 ], [ 37.708630364608602, 51.439095763323998 ], [ 37.7085208222462, 51.439190846350897 ], [ 37.708416886269497, 51.439288343723398 ], [ 37.708318692324099, 51.4393881271955 ], [ 37.708226370665699, 51.439490065162602 ], [ 37.7081400434652, 51.439594023220998 ], [ 37.708059822113697, 51.439699865287899 ], [ 37.707985814409099, 51.439807451362199 ], [ 37.7079181164709, 51.439916639763801 ], [ 37.7078568181309, 51.4400272871341 ], [ 37.707801002209102, 51.440141427755599 ], [ 37.707751996415297, 51.4402567770179 ], [ 37.707708926689101, 51.440372765446902 ], [ 37.707672790160103, 51.440489669090198 ], [ 37.707643637134197, 51.440607328357302 ], [ 37.707621507137198, 51.440725579739201 ], [ 37.707606430711699, 51.440844261968799 ], [ 37.707598429417502, 51.440963210420698 ], [ 37.707597513135902, 51.441082261591198 ], [ 37.707603683663599, 51.441201251978299 ], [ 37.707616932915698, 51.441320017521903 ], [ 37.707637241129397, 51.441438394163299 ], [ 37.7076645822534, 51.441556219525602 ], [ 37.707698917660203, 51.441673331233297 ], [ 37.707740200637303, 51.441789568032597 ], [ 37.707788372794397, 51.441904769791002 ], [ 37.707843369452803, 51.442018778057502 ], [ 37.707905114255503, 51.442131435502297 ], [ 37.707973522761002, 51.442242587596603 ], [ 37.708048499747903, 51.442352080373098 ], [ 37.708129942808199, 51.442459764345102 ], [ 37.708217739652497, 51.442565490026801 ], [ 37.708311769008198, 51.442669112413398 ], [ 37.708411901517998, 51.442770489300401 ], [ 37.708517999739598, 51.442869480164099 ], [ 37.708629917247599, 51.442965948960698 ], [ 37.708747499531697, 51.443059763567 ], [ 37.708870584895301, 51.443150794099701 ], [ 37.708999004455102, 51.443238915715497 ], [ 37.709132581242898, 51.443324006370901 ], [ 37.709271131104103, 51.443405949621798 ], [ 37.709414462697602, 51.4434846323839 ], [ 37.709562379292301, 51.443559946052098 ], [ 37.709714676970599, 51.443631787620497 ], [ 37.709871146425101, 51.443700058002101 ], [ 37.710031572060103, 51.443764662589402 ], [ 37.710195732890099, 51.443825512933003 ], [ 37.7103634025395, 51.443882525622399 ], [ 37.710534351039797, 51.443935621166098 ], [ 37.710708342133898, 51.443984727350198 ], [ 37.710885135971701, 51.444029775879798 ], [ 37.711064490008098, 51.444070705737801 ], [ 37.711246157206297, 51.444107459265503 ], [ 37.711429886936401, 51.444139987201901 ], [ 37.711615425873497, 51.4441682436441 ], [ 37.711778413503701, 51.444189961569499 ], [ 37.711942438688098, 51.444208397358402 ], [ 37.712123987308701, 51.444224872935102 ], [ 37.712306358786101, 51.444237327875904 ], [ 37.712489324948201, 51.444245746507001 ], [ 37.712672654029703, 51.4442501181924 ], [ 37.7128561160619, 51.444250436774503 ], [ 37.713039481076002, 51.444246702813203 ], [ 37.713222519103297, 51.444238920786802 ], [ 37.713404999276896, 51.4442271002114 ], [ 37.713586693424602, 51.4442112562011 ], [ 37.713767371577703, 51.444191408348402 ], [ 37.713946807360699, 51.444167581843203 ], [ 37.7141247761949, 51.444139806354301 ], [ 37.714301053501401, 51.444108117147898 ], [ 37.714475418294697, 51.444072553969001 ], [ 37.714647651385803, 51.444033161040601 ], [ 37.714817536280798, 51.443989988184001 ], [ 37.714984859180497, 51.443943089699097 ], [ 37.715149409879302, 51.443892524364102 ], [ 37.715310982662999, 51.443838355995702 ], [ 37.715310982662999, 51.443838355995702 ] ] ] } },
{ "type": "Feature", "properties": { "dataset_code": "KAA", "source_file": "КАА.kml", "placemark_index": 9, "organization_code": "KAA", "organization_name_raw": "КАА", "farm_name_raw": "Орошение Горшечное", "region_name_raw": "Курская область", "district_name_raw": "Горшеченский район", "field_external_key": "KAA:КУР-ГОР-0062-05-3", "field_code_raw": "КУР-ГОР-0062-05-3", "field_name_raw": "КУР-ГОР-0062-05-3", "field_code_unique_status": "unique", "source_fid": "10", "declared_area_ha": 99.9, "geometry_area_ha": 99.902583, "area_diff_ha": 0.002583, "area_diff_pct": 0.002585, "area_quality_status": "ok", "geometry_type": "Polygon", "polygon_count": 1, "inner_ring_count": 0, "geometry_valid": true, "geometry_validity_reason": "Valid Geometry", "centroid_lon": 37.714382426, "centroid_lat": 51.451561565, "representative_lon": 37.714382886000003, "representative_lat": 51.451559621000001, "centroid_within_geometry": true, "weather_point_lon_candidate": 37.714382426, "weather_point_lat_candidate": 51.451561565, "active_2026_candidate": true, "active_reason": "kaa_crop_plan_present", "season_year_candidate": null, "crop_raw": "Подсолнечник", "crop_code_candidate": "sunflower", "crop_parameter_set_candidate_key": "aquacrop_v7_3_regional_sunflower_kursk_oblast", "regional_crop_parameter_set_candidate_key": "aquacrop_v7_3_regional_sunflower_kursk_oblast", "crop_parameter_candidate_status": "resolved_from_kml_region_kursk_oblast", "crop_parameter_candidate_comment_ru": "Кандидат выбран по культуре и признаку региона 'Курская область' из KAA.kml.", "sowing_date_raw": "", "calculation_ready": false, "calculation_blockers_json": [ "missing_sowing_date", "missing_soil_profile" ], "geometry_hash_sha256": "ca7329585f806cbecce11a65172ec3146e3cc2d598a89a39bc30e465e9b7f1bb", "source_attributes_json": { "ESRI_OID": "353", "fid": "10", "is_experimental_production": "Нет", "source_fid": "10", "В аренде": "Нет", "Дата изменения": "20.11.2025 12:49:04", "Изменил": "esb", "Интенсивность": "MAX", "История": "2013: Пшеница озимая, Соя, 2014: Кукуруза зерновая, 2015: Пшеница яровая, 2016: Соя, 2017: Залежь, Кукуруза зерновая, 2018: Залежь, Соя, 2019: Подъем залежи, Пшеница яровая, Ячмень яровой, 2020: Соя, 2021: Залежь, Соя, 2022: Кукуруза зерновая, 2023: Кукуруза зерновая, 2024: Кукуруза зерновая, 2025: Кукуруза зерновая, Пар, 2026: Подсолнечник", "Культура": "Подсолнечник", "Мех.состав (пески; карбонаты)": "Да", "Название": "КУР-ГОР-0062-05-3", "Направление склона": "Ю, З", "Область": "Курская область", "Опытное": "Нет", "План. хозяйство": "Орошение Горшечное", "Площадь (га)": "99.9", "Под оптимизацию": "Нет", "Пред. предшественник": "Кукуруза зерновая", "Предшественник": "Кукуруза зерновая", "Район": "Горшеченский район", "Рельеф": "Пригодно", "Территория": "Орошение", "Технология": "Подсолнечник АТ гибридизация орошение MAS EX MAX_ Мультипликация", "Технология компании": "АТ семенная", "Тип посевов": "Семенные", "Хозяйство": "Орошение Горшечное" } }, "geometry": { "type": "Polygon", "coordinates": [ [ [ 37.714261442289001, 51.446498175100601 ], [ 37.714052149200803, 51.4465015858325 ], [ 37.713843068115096, 51.4465083653051 ], [ 37.713634337372298, 51.446518509597901 ], [ 37.7135074117109, 51.446526217333002 ], [ 37.713306634651602, 51.446540996786801 ], [ 37.713106515159097, 51.446558906468603 ], [ 37.712907178997597, 51.446579936296999 ], [ 37.712671923699403, 51.446609092618999 ], [ 37.712438156011302, 51.446642573909699 ], [ 37.712206078952597, 51.446680351606297 ], [ 37.711975898237498, 51.446722392105997 ], [ 37.7117478132919, 51.446768658445698 ], [ 37.7115220244402, 51.4468191103023 ], [ 37.711298730209997, 51.446873703992303 ], [ 37.711078124637503, 51.446932390792597 ], [ 37.710860402656998, 51.446995119739697 ], [ 37.7106457529148, 51.4470618353905 ], [ 37.710434364955397, 51.447132480621299 ], [ 37.710226422933403, 51.447206992149802 ], [ 37.710022109206903, 51.447285305572798 ], [ 37.709821603438797, 51.447367352008101 ], [ 37.709625079902501, 51.447453059773402 ], [ 37.7094327110743, 51.4475423532676 ], [ 37.709244664939199, 51.447635154649397 ], [ 37.709061107685599, 51.447731382718402 ], [ 37.708882199213598, 51.4478309534747 ], [ 37.708708094931801, 51.447933778999598 ], [ 37.708538949350299, 51.448039769694901 ], [ 37.708374909792902, 51.448148833163103 ], [ 37.708216119091702, 51.448260872528202 ], [ 37.708062717383903, 51.448375790915001 ], [ 37.707914837620201, 51.448493487529099 ], [ 37.7077726109545, 51.448613858778003 ], [ 37.707636160456097, 51.4487367999497 ], [ 37.707505607397501, 51.448862202414197 ], [ 37.707381064068201, 51.448989956982402 ], [ 37.707262640062602, 51.449119951666901 ], [ 37.707150440483602, 51.449252072801599 ], [ 37.707044561450999, 51.449386205042103 ], [ 37.7069450972878, 51.449522229685897 ], [ 37.7068521342323, 51.449660028591403 ], [ 37.706765754031203, 51.449799480819401 ], [ 37.706686032142997, 51.449940464312199 ], [ 37.706613038636299, 51.450082855893498 ], [ 37.706546837291398, 51.4502265301496 ], [ 37.706487485600597, 51.450371361667798 ], [ 37.7064350365644, 51.450517223917501 ], [ 37.706389535098602, 51.450663988690202 ], [ 37.706351021627498, 51.450811527778903 ], [ 37.706319529388601, 51.450959712418502 ], [ 37.706295087127998, 51.451108411606 ], [ 37.706277714608703, 51.4512574965797 ], [ 37.706267428000402, 51.451406835220602 ], [ 37.706264235387899, 51.4515562982102 ], [ 37.706268141262697, 51.451705754552698 ], [ 37.7062791411334, 51.451855072134101 ], [ 37.706297225118398, 51.452004121641203 ], [ 37.7063223779463, 51.452152771523401 ], [ 37.706354577159402, 51.452300892470802 ], [ 37.7063926711173, 51.452445280766398 ], [ 37.706437251809902, 51.452588945908701 ], [ 37.706488283304601, 51.452731774266503 ], [ 37.706545726973701, 51.452873653888901 ], [ 37.706609536104999, 51.453014472266901 ], [ 37.706679661290998, 51.453154119691703 ], [ 37.706756046836198, 51.453292484776298 ], [ 37.706838632553598, 51.453429459493897 ], [ 37.7069273537643, 51.4535649363782 ], [ 37.707022141298097, 51.453698807404699 ], [ 37.707122918798298, 51.453830968468402 ], [ 37.707232556382102, 51.453959249320299 ], [ 37.707347367363603, 51.454085760354602 ], [ 37.707467278979301, 51.454210420418697 ], [ 37.707591289607599, 51.454333469670999 ], [ 37.707721010826198, 51.454454210647199 ], [ 37.707856333040603, 51.454572540927401 ], [ 37.707997139469803, 51.454688358652199 ], [ 37.708143311536197, 51.454801565881198 ], [ 37.708294724373999, 51.454912065793998 ], [ 37.708451248625799, 51.455019764369602 ], [ 37.708612751340802, 51.455124569826303 ], [ 37.708779094178603, 51.455226393181697 ], [ 37.708950135205299, 51.455325147692498 ], [ 37.709125729792198, 51.455420748854699 ], [ 37.7093057279207, 51.455513114963203 ], [ 37.709489975978698, 51.455602168231103 ], [ 37.709678316761199, 51.4556878319909 ], [ 37.709870590367899, 51.455770033493202 ], [ 37.710066631509001, 51.455848702787499 ], [ 37.710266275792698, 51.4559237727211 ], [ 37.7104693507425, 51.455995180059801 ], [ 37.710675683881803, 51.456062862688 ], [ 37.710882053852004, 51.456127162631198 ], [ 37.711091303821, 51.456187740693998 ], [ 37.711303261312302, 51.456244547633197 ], [ 37.711517750256, 51.456297535883998 ], [ 37.711734594582502, 51.456346661799202 ], [ 37.711953613730202, 51.456391885089502 ], [ 37.712174628934498, 51.456433168263104 ], [ 37.712397456040698, 51.456470477745903 ], [ 37.712621911792603, 51.456503781642098 ], [ 37.712847810238799, 51.456533053092301 ], [ 37.713074965428, 51.456558268595202 ], [ 37.713303189612503, 51.456579406327201 ], [ 37.713532295044203, 51.456596448941802 ], [ 37.713762090382097, 51.456609382449997 ], [ 37.7139923878782, 51.4566181967799 ], [ 37.714222997089799, 51.4566228840973 ], [ 37.714382310610397, 51.456624105464101 ], [ 37.714541636707601, 51.456624041093299 ], [ 37.714780115160998, 51.456619269254197 ], [ 37.715018264831002, 51.456610119076601 ], [ 37.715255878206797, 51.456596598394199 ], [ 37.715492747777603, 51.456578719517601 ], [ 37.715728669625697, 51.456556498114502 ], [ 37.715963437138697, 51.4565299526503 ], [ 37.716196847297198, 51.4564991066269 ], [ 37.7164286970822, 51.456463986903401 ], [ 37.716658784372598, 51.4564246242563 ], [ 37.716886908844003, 51.456381052259403 ], [ 37.717112873765501, 51.456333308963799 ], [ 37.717336481507701, 51.456281435777903 ], [ 37.717557538932802, 51.4562254785872 ], [ 37.717775852004799, 51.456165484955697 ], [ 37.717991232975599, 51.456101507484199 ], [ 37.718203494097402, 51.456033602131299 ], [ 37.718412450317402, 51.455961827093901 ], [ 37.718617920175703, 51.4558862450465 ], [ 37.718819724907597, 51.455806921461701 ], [ 37.719017690240101, 51.455723925729799 ], [ 37.719211642798101, 51.4556373300397 ], [ 37.719401415495099, 51.455547208818999 ], [ 37.719586841244499, 51.455453641532799 ], [ 37.719767761044402, 51.455356708205798 ], [ 37.719944016791402, 51.455256493900798 ], [ 37.720115454873401, 51.4551530859192 ], [ 37.720281927068598, 51.4550465732422 ], [ 37.720443287849797, 51.454937048769402 ], [ 37.720599397978198, 51.4548246076398 ], [ 37.720750120909898, 51.454709347791599 ], [ 37.720895326388998, 51.454591369402401 ], [ 37.721034887753298, 51.4544707748897 ], [ 37.721168683729999, 51.4543476689106 ], [ 37.721296598436602, 51.454222158361802 ], [ 37.721418520481897, 51.454094352380302 ], [ 37.7215343429664, 51.4539643617831 ], [ 37.721643967075501, 51.453832300186697 ], [ 37.721747295790998, 51.4536982817691 ], [ 37.721844240179898, 51.453562423507798 ], [ 37.7219285084417, 51.453434851908803 ], [ 37.722007192775699, 51.453305902876799 ], [ 37.722080236588099, 51.453175671004601 ], [ 37.722147584183297, 51.453044252565 ], [ 37.722209187950497, 51.452911743272402 ], [ 37.722265002075801, 51.4527782410809 ], [ 37.722314984338198, 51.452643844505999 ], [ 37.722359099703503, 51.452508652623798 ], [ 37.722397314035703, 51.4523727639518 ], [ 37.722429600385297, 51.452236278687998 ], [ 37.722455934497901, 51.452099298151197 ], [ 37.722477770745797, 51.451950142032302 ], [ 37.722492552523804, 51.451800649542697 ], [ 37.722500269052098, 51.451650950554402 ], [ 37.722501000280701, 51.451618956986799 ], [ 37.722501497947398, 51.4515629431381 ], [ 37.722500149576099, 51.451471027521002 ], [ 37.722496135903398, 51.451379141388799 ], [ 37.722490562755397, 51.451300429683599 ], [ 37.722476385543601, 51.451165108425002 ], [ 37.722456414198199, 51.451030071151301 ], [ 37.722430664888897, 51.4508954141535 ], [ 37.722399153785297, 51.450761233164101 ], [ 37.722363740400198, 51.450633748906696 ], [ 37.722326203397799, 51.450515922892599 ], [ 37.7222842026667, 51.450398683268801 ], [ 37.7222377615631, 51.450282095539201 ], [ 37.722232340230399, 51.450269182071402 ], [ 37.722180944019698, 51.4501533072293 ], [ 37.722170211847001, 51.450130384035297 ], [ 37.722099076954599, 51.449987563774002 ], [ 37.722021219070598, 51.449846111849403 ], [ 37.721936704670398, 51.449706150877098 ], [ 37.721845607415702, 51.449567802914601 ], [ 37.7217480072567, 51.449431187781002 ], [ 37.721643988635002, 51.449296424177298 ], [ 37.721533642280498, 51.449163629125998 ], [ 37.721417063414499, 51.449032918531103 ], [ 37.721294353546703, 51.448904405498297 ], [ 37.721165618678299, 51.4487782020149 ], [ 37.721030971997003, 51.448654417269402 ], [ 37.720882431971397, 51.4485286816859 ], [ 37.720728746395999, 51.448405371014402 ], [ 37.720570016780201, 51.4482845675726 ], [ 37.720406349125398, 51.4481663508789 ], [ 37.720246595430197, 51.448060098467003 ], [ 37.720082055511199, 51.447956721771597 ], [ 37.719912862318999, 51.447856304230399 ], [ 37.719739153295897, 51.447758927601903 ], [ 37.719561067680701, 51.447664671405001 ], [ 37.719378751898802, 51.447573610680102 ], [ 37.719192351477403, 51.447485819907399 ], [ 37.719002019129903, 51.447401369648098 ], [ 37.718807907570103, 51.447320329343398 ], [ 37.718610174901301, 51.447242763955501 ], [ 37.718408981023799, 51.447168736206599 ], [ 37.718204489430804, 51.4470983060192 ], [ 37.717996863615802, 51.447031531076199 ], [ 37.7177862742587, 51.446968465140401 ], [ 37.717572891141103, 51.446909158615298 ], [ 37.717356885841099, 51.446853660783603 ], [ 37.717145428711397, 51.446803501215797 ], [ 37.716931807540199, 51.4467570395176 ], [ 37.716716188515903, 51.4467143120918 ], [ 37.716498740521502, 51.446675352541 ], [ 37.716279631542299, 51.446640190547903 ], [ 37.716059034054602, 51.4466088541147 ], [ 37.715837118738399, 51.446581367883603 ], [ 37.715614058070202, 51.446557752576702 ], [ 37.715390027221403, 51.446538026675697 ], [ 37.7151652004654, 51.446522206422003 ], [ 37.7149397529735, 51.4465103030169 ], [ 37.714713859917197, 51.4465023265412 ], [ 37.714487697366302, 51.446498282595698 ], [ 37.714261442289001, 51.446498175100601 ], [ 37.714261442289001, 51.446498175100601 ] ] ] } },
{ "type": "Feature", "properties": { "dataset_code": "KAA", "source_file": "КАА.kml", "placemark_index": 10, "organization_code": "KAA", "organization_name_raw": "КАА", "farm_name_raw": "Орошение Солнцево", "region_name_raw": "Курская область", "district_name_raw": "Солнцевский район", "field_external_key": "KAA:КУР-СОЛ-0021-02", "field_code_raw": "КУР-СОЛ-0021-02", "field_name_raw": "КУР-СОЛ-0021-02", "field_code_unique_status": "unique", "source_fid": "15", "declared_area_ha": 63.8, "geometry_area_ha": 63.799175, "area_diff_ha": -0.000825, "area_diff_pct": -0.001294, "area_quality_status": "ok", "geometry_type": "Polygon", "polygon_count": 1, "inner_ring_count": 0, "geometry_valid": true, "geometry_validity_reason": "Valid Geometry", "centroid_lon": 36.73390593, "centroid_lat": 51.570676302000003, "representative_lon": 36.733905184999998, "representative_lat": 51.570673266, "centroid_within_geometry": true, "weather_point_lon_candidate": 36.73390593, "weather_point_lat_candidate": 51.570676302000003, "active_2026_candidate": true, "active_reason": "kaa_crop_plan_present", "season_year_candidate": null, "crop_raw": "Пшеница яровая", "crop_code_candidate": "spring_wheat", "crop_parameter_set_candidate_key": "aquacrop_v7_3_regional_spring_wheat_kursk_oblast", "regional_crop_parameter_set_candidate_key": "aquacrop_v7_3_regional_spring_wheat_kursk_oblast", "crop_parameter_candidate_status": "resolved_from_kml_region_kursk_oblast", "crop_parameter_candidate_comment_ru": "Кандидат выбран по культуре и признаку региона 'Курская область' из KAA.kml.", "sowing_date_raw": "", "calculation_ready": false, "calculation_blockers_json": [ "missing_sowing_date", "missing_soil_profile" ], "geometry_hash_sha256": "c0b5e766963bcc38bc782d37f43dadc5fc3c712ef5e6ed2e931fd47990b8e947", "source_attributes_json": { "ESRI_OID": "2032", "fid": "15", "is_experimental_production": "Нет", "source_fid": "15", "В аренде": "Нет", "Вид семян": "Собственные", "Дата изменения": "10.11.2025 9:56:52", "Изменил": "GEODATA", "Интенсивность": "MAX", "История": "2013: Пшеница озимая, 2014: Соя, 2015: Пшеница озимая, 2016: Кукуруза зерновая, 2017: Пшеница яровая, 2018: Пар, 2019: Пшеница озимая, 2020: Соя, 2021: Соя, 2022: Пар, Соя, 2023: Кукуруза зерновая, 2024: Кукуруза зерновая, 2025: Рапс яровой, 2026: Пшеница яровая", "Итого семян (т; п.ед.)": "15.31", "Культура": "Пшеница яровая", "Мех.состав (пески; карбонаты)": "Да", "Название": "КУР-СОЛ-0021-02", "Направление склона": "СВ", "Норма высева (кг/га; п.ед./га)": "240", "Область": "Курская область", "Опытное": "Нет", "План. хозяйство": "Орошение Солнцево", "Площадь (га)": "63.8", "Под оптимизацию": "Нет", "Пред. предшественник": "Кукуруза зерновая", "Предшественник": "Рапс яровой", "Район": "Солнцевский район", "Рельеф": "Условно пригодно", "Семена": "Семена яровой пшеницы КВС АКВИЛОН РС1 (соб.)", "Сред. норма высева (кг/га; п.ед./га)": "0", "Территория": "Орошение", "Технология": "Пшеница яровая АТ семенная орошение MAX", "Технология компании": "АТ семенная", "Тип посевов": "Семенные", "Хозяйство": "Орошение Солнцево" } }, "geometry": { "type": "Polygon", "coordinates": [ [ [ 36.7282763626066, 51.568657277759797 ], [ 36.728151392577601, 51.568798916306399 ], [ 36.728030357169501, 51.568950836200699 ], [ 36.7279268254347, 51.569095717381899 ], [ 36.7279196344208, 51.569105780814702 ], [ 36.727819420164401, 51.569263479869299 ], [ 36.727729888673203, 51.569423655830001 ], [ 36.7276511998476, 51.569586027256904 ], [ 36.727583490231403, 51.5697503099221 ], [ 36.727541956624201, 51.569872028485797 ], [ 36.727526878402202, 51.569916215135002 ], [ 36.727526866724098, 51.569916258686803 ], [ 36.727481464073001, 51.570083451975201 ], [ 36.727439094134297, 51.570254037753799 ], [ 36.727415326508499, 51.570418387798902 ], [ 36.727406413424298, 51.570590124192201 ], [ 36.727400471068599, 51.5707563200301 ], [ 36.727409384152899, 51.570922515260499 ], [ 36.7274318644929, 51.571084831641599 ], [ 36.727463456444802, 51.571237914735804 ], [ 36.727502673296897, 51.571381949446298 ], [ 36.727520499465399, 51.571472801574501 ], [ 36.727563281730802, 51.571599107835603 ], [ 36.7276096294095, 51.571703254584797 ], [ 36.727673803256799, 51.571867230891399 ], [ 36.727770063129398, 51.572044501003298 ], [ 36.727841366905103, 51.572164158217298 ], [ 36.7279232672078, 51.572274397813203 ], [ 36.728015962565401, 51.572400701847101 ], [ 36.728133614019796, 51.572553595704903 ], [ 36.728233439305697, 51.572671036156002 ], [ 36.728343960831801, 51.5727840437944 ], [ 36.728450916944503, 51.5728904043577 ], [ 36.728561437572203, 51.5729945481485 ], [ 36.728725436705403, 51.573134145376201 ], [ 36.728896565767002, 51.573264878925798 ], [ 36.7290805137878, 51.573384779143602 ], [ 36.7292668342591, 51.573508430901803 ], [ 36.729455596351499, 51.573631839458699 ], [ 36.729657870003997, 51.573745341045203 ], [ 36.729737516433701, 51.573786478914698 ], [ 36.729868715381002, 51.573852657415301 ], [ 36.730084529339798, 51.573953106362197 ], [ 36.730315553573, 51.5740514871244 ], [ 36.7304667175774, 51.5741117561439 ], [ 36.7306186658111, 51.574166059606597 ], [ 36.730779166904597, 51.574223807176999 ], [ 36.730832014792803, 51.574241024686202 ], [ 36.731020388812901, 51.574302394984699 ], [ 36.731266681710999, 51.574374619138297 ], [ 36.731517614407501, 51.574440352933799 ], [ 36.731772743134698, 51.5744994808312 ], [ 36.7318105738863, 51.574507140704 ], [ 36.732029413371002, 51.574551451814997 ], [ 36.732031623226497, 51.574551899012597 ], [ 36.732269845660099, 51.574593348241102 ], [ 36.732293800135501, 51.574597515940503 ], [ 36.732483528815102, 51.574625247740798 ], [ 36.732558812127401, 51.5746362512402 ], [ 36.732826195671798, 51.5746680362587 ], [ 36.733095480949501, 51.5746928162975 ], [ 36.733366196345202, 51.574710547820899 ], [ 36.733637863955103, 51.5747211990141 ], [ 36.733735192822898, 51.574722469139999 ], [ 36.7337488858428, 51.574722647795099 ], [ 36.733910011265401, 51.574724750900103 ], [ 36.734182157677402, 51.5747211990141 ], [ 36.7344538261856, 51.574710547820899 ], [ 36.734724540682997, 51.5746928162975 ], [ 36.7349938259608, 51.5746680362587 ], [ 36.735261210403401, 51.5746362512402 ], [ 36.7355262223954, 51.574597515940503 ], [ 36.735788399304298, 51.574551899012597 ], [ 36.736047279396097, 51.5744994808312 ], [ 36.736302408123301, 51.574440352933799 ], [ 36.7365533399215, 51.574374619138297 ], [ 36.736799632819597, 51.574302394984699 ], [ 36.737040854727901, 51.574223807176999 ], [ 36.737276584336598, 51.574138993024697 ], [ 36.7375064048273, 51.5740481021191 ], [ 36.737729915551398, 51.573951294099302 ], [ 36.737946723047003, 51.573848736978 ], [ 36.7381564482248, 51.573740613841998 ], [ 36.738358720979001, 51.573627112243599 ], [ 36.738553188271702, 51.573508430901803 ], [ 36.738739507844699, 51.573384779143602 ], [ 36.7389173536098, 51.573256374112802 ], [ 36.739086413851297, 51.573123441329301 ], [ 36.739246391226999, 51.572986213013699 ], [ 36.739397004564097, 51.572844930321502 ], [ 36.739537990656402, 51.572699841109802 ], [ 36.739629838004298, 51.572595715068402 ], [ 36.739669103365401, 51.572551199937699 ], [ 36.7397901100274, 51.572399268066903 ], [ 36.739807823008199, 51.572374471144599 ], [ 36.7399008004367, 51.572244311228197 ], [ 36.740000978760598, 51.572086601855403 ], [ 36.7400904716241, 51.571926416852399 ], [ 36.740169120923902, 51.571764037034598 ], [ 36.740236789217597, 51.571599748246399 ], [ 36.740293357029401, 51.571433836335601 ], [ 36.7403387246462, 51.571266593854702 ], [ 36.740372814812901, 51.571098315034803 ], [ 36.740395567342397, 51.570929294111501 ], [ 36.740406940912202, 51.570759827 ], [ 36.740406916657697, 51.570590211852803 ], [ 36.740395494578799, 51.570420746269001 ], [ 36.740372695336902, 51.570251727851698 ], [ 36.740362275777898, 51.570200368373001 ], [ 36.740338557559497, 51.570083451975201 ], [ 36.7402931441286, 51.569916215135002 ], [ 36.740246564684497, 51.569779710261102 ], [ 36.740236532299498, 51.5697503099221 ], [ 36.740168821784899, 51.569586027256797 ], [ 36.740090132959303, 51.569423655830001 ], [ 36.7400006023665, 51.569263479869299 ], [ 36.739900388110001, 51.569105780814702 ], [ 36.7397896653614, 51.568950836200699 ], [ 36.739668629054897, 51.568798916306399 ], [ 36.739537491193097, 51.568650286947197 ], [ 36.739396481744599, 51.568505211149102 ], [ 36.739245850441201, 51.568363941890297 ], [ 36.739085857794102, 51.568226728242202 ], [ 36.738916786772798, 51.568093809227499 ], [ 36.738738933821303, 51.567965418845297 ], [ 36.738552610654899, 51.567841783278297 ], [ 36.738358145158898, 51.567723116984602 ], [ 36.7381558768963, 51.567609629955498 ], [ 36.737946160701497, 51.5675015198983 ], [ 36.737729366680803, 51.567398978936701 ], [ 36.737505873024702, 51.567302184117302 ], [ 36.737276072296901, 51.567211306902401 ], [ 36.737040367840997, 51.567126505910302 ], [ 36.736799172882201, 51.567047930265602 ], [ 36.7365529114252, 51.566975716806503 ], [ 36.736302012864599, 51.566909993993796 ], [ 36.736046920070002, 51.566850876326399 ], [ 36.7357880786058, 51.566798466016202 ], [ 36.735525943917601, 51.566752856896798 ], [ 36.735260975044802, 51.566714128839202 ], [ 36.734993637314503, 51.566682348868298 ], [ 36.734724397850798, 51.566657573955403 ], [ 36.734453730065901, 51.566639844874601 ], [ 36.734182109168302, 51.566629196255001 ], [ 36.733910011265401, 51.566625644294803 ], [ 36.7336379133625, 51.566629196255001 ], [ 36.733366291566703, 51.566639844874601 ], [ 36.733095623781701, 51.566657573955403 ], [ 36.732826385216299, 51.566682348868298 ], [ 36.732559046587703, 51.566714128839202 ], [ 36.732294077714897, 51.566752856896798 ], [ 36.732031943026797, 51.566798466016202 ], [ 36.731773101562503, 51.566850876326399 ], [ 36.7315180087679, 51.566909993993796 ], [ 36.731267111105701, 51.566975716806503 ], [ 36.731020848750298, 51.567047930265602 ], [ 36.730779653791501, 51.567126505910302 ], [ 36.730543950234001, 51.567211306902401 ], [ 36.730314148607903, 51.567302184117302 ], [ 36.730090654951702, 51.567398978936701 ], [ 36.729873860930901, 51.5675015198983 ], [ 36.729664144736297, 51.567609629955498 ], [ 36.729461877371897, 51.567723116984602 ], [ 36.729267410977599, 51.567841783278297 ], [ 36.729081087811203, 51.567965418845297 ], [ 36.7289032348597, 51.568093809227499 ], [ 36.728734163838404, 51.568226728242202 ], [ 36.728574172089701, 51.568363941890297 ], [ 36.728423539887899, 51.568505211149102 ], [ 36.728282531337697, 51.568650286947197 ], [ 36.7282763626066, 51.568657277759797 ], [ 36.7282763626066, 51.568657277759797 ] ] ] } },
{ "type": "Feature", "properties": { "dataset_code": "KAA", "source_file": "КАА.kml", "placemark_index": 11, "organization_code": "KAA", "organization_name_raw": "КАА", "farm_name_raw": "Орошение Солнцево", "region_name_raw": "Курская область", "district_name_raw": "Солнцевский район", "field_external_key": "KAA:КУР-СОЛ-0036-02", "field_code_raw": "КУР-СОЛ-0036-02", "field_name_raw": "КУР-СОЛ-0036-02", "field_code_unique_status": "unique", "source_fid": "16", "declared_area_ha": 63.8, "geometry_area_ha": 63.800919, "area_diff_ha": 0.000919, "area_diff_pct": 0.00144, "area_quality_status": "ok", "geometry_type": "Polygon", "polygon_count": 1, "inner_ring_count": 0, "geometry_valid": true, "geometry_validity_reason": "Valid Geometry", "centroid_lon": 36.797812704999998, "centroid_lat": 51.466068325000002, "representative_lon": 36.797815067999998, "representative_lat": 51.466065596999997, "centroid_within_geometry": true, "weather_point_lon_candidate": 36.797812704999998, "weather_point_lat_candidate": 51.466068325000002, "active_2026_candidate": true, "active_reason": "kaa_crop_plan_present", "season_year_candidate": null, "crop_raw": "Подсолнечник", "crop_code_candidate": "sunflower", "crop_parameter_set_candidate_key": "aquacrop_v7_3_regional_sunflower_kursk_oblast", "regional_crop_parameter_set_candidate_key": "aquacrop_v7_3_regional_sunflower_kursk_oblast", "crop_parameter_candidate_status": "resolved_from_kml_region_kursk_oblast", "crop_parameter_candidate_comment_ru": "Кандидат выбран по культуре и признаку региона 'Курская область' из KAA.kml.", "sowing_date_raw": "", "calculation_ready": false, "calculation_blockers_json": [ "missing_sowing_date", "missing_soil_profile" ], "geometry_hash_sha256": "a1047b6cf0ab81323b07268598fd04f0f8bf9818297a56261ffca6be921ad696", "source_attributes_json": { "ESRI_OID": "618", "fid": "16", "is_experimental_production": "Нет", "source_fid": "16", "В аренде": "Нет", "Дата изменения": "03.03.2026 12:36:00", "Изменил": "esb", "Интенсивность": "MAX", "История": "2013: Рожь озимая, 2014: Соя, 2015: Кукуруза зерновая, 2016: Пар, 2017: Пшеница озимая, 2018: Соя, 2019: Пшеница яровая, 2020: Соя, 2021: Пшеница озимая, Пшеница яровая, 2022: Кукуруза зерновая, Пар, 2023: Соя, 2024: Рапс яровой, 2025: Кукуруза зерновая, Пар, 2026: Подсолнечник", "Культура": "Подсолнечник", "Мех.состав (пески; карбонаты)": "Нет", "Название": "КУР-СОЛ-0036-02", "Направление склона": "СВ, СЗ", "Область": "Курская область", "Опытное": "Нет", "План. хозяйство": "Орошение Солнцево", "Площадь (га)": "63.8", "Под оптимизацию": "Нет", "Пред. предшественник": "Рапс яровой", "Предшественник": "Кукуруза зерновая, Пар", "Район": "Солнцевский район", "Рельеф": "Пригодно", "Территория": "Орошение", "Технология": "Подсолнечник АТ гибридизация орошение MAS EX MAX_ Лицензия", "Технология компании": "АТ семенная", "Уклон (град.)": "1.8", "Хозяйство": "Орошение Солнцево" } }, "geometry": { "type": "Polygon", "coordinates": [ [ [ 36.801166096849798, 51.469532255940003 ], [ 36.801289191196503, 51.469483729546603 ], [ 36.801289682575003, 51.469483797816402 ], [ 36.80132775677, 51.469468705145196 ], [ 36.801410221214802, 51.4694360161849 ], [ 36.801633220797498, 51.469339206563703 ], [ 36.801846417065597, 51.4692364835307 ], [ 36.802055933834197, 51.469127708826697 ], [ 36.802256303956703, 51.469014537129397 ], [ 36.8024539333192, 51.468892935397697 ], [ 36.802640502623902, 51.468772681412197 ], [ 36.802817940553801, 51.468644274311799 ], [ 36.8029866136214, 51.468511338001697 ], [ 36.8031462244845, 51.468374107475398 ], [ 36.803296493766901, 51.468232822204698 ], [ 36.803437158262298, 51.468087730057398 ], [ 36.803567970035601, 51.467939087297502 ], [ 36.8036887000166, 51.467787152429899 ], [ 36.803799137101002, 51.467632192916 ], [ 36.803899087252702, 51.4674744812569 ], [ 36.803988375300399, 51.467314293314203 ], [ 36.804045264709004, 51.467196565195799 ], [ 36.8040668440388, 51.467151909989802 ], [ 36.8041343560256, 51.466987618345101 ], [ 36.804190795378297, 51.466821703206698 ], [ 36.804236059688897, 51.466654457799699 ], [ 36.804270071702099, 51.466486175912799 ], [ 36.804292772129401, 51.4663171518987 ], [ 36.804304118749698, 51.466147681793402 ], [ 36.804304095393498, 51.465978063875397 ], [ 36.804292700264099, 51.465808594749099 ], [ 36.8042699522262, 51.465639573821498 ], [ 36.804235894398801, 51.465471294907402 ], [ 36.804190583375899, 51.465304054624397 ], [ 36.804134100005797, 51.465138146795802 ], [ 36.804066544899797, 51.464973860772197 ], [ 36.804028101497202, 51.464894350948498 ], [ 36.803988035737198, 51.464811487587099 ], [ 36.803898709960301, 51.464651308204303 ], [ 36.803798724774197, 51.464493606389397 ], [ 36.803761735744096, 51.464441723449298 ], [ 36.803684335102602, 51.464340958805202 ], [ 36.803559328242599, 51.464187519919697 ], [ 36.803432076492697, 51.4640411769509 ], [ 36.803290382527997, 51.463898132692499 ], [ 36.8031408480675, 51.463759700135597 ], [ 36.802975283170703, 51.463617992584098 ], [ 36.802808339359999, 51.463485182105302 ], [ 36.802626928181702, 51.463359378232298 ], [ 36.802450061580302, 51.463241687481499 ], [ 36.8022503535162, 51.463119006437999 ], [ 36.802053069106798, 51.463007847515001 ], [ 36.801845821482601, 51.462900359193597 ], [ 36.801628773238498, 51.462796998751102 ], [ 36.801412370883199, 51.4627026566288 ], [ 36.801182191964699, 51.462610790865 ], [ 36.800931275437897, 51.462519744279199 ], [ 36.800690632044599, 51.462441167075802 ], [ 36.800444932932898, 51.4623689532539 ], [ 36.800194609294202, 51.4623032293309 ], [ 36.799940100404498, 51.4622441089492 ], [ 36.79968185093, 51.462191699033198 ], [ 36.7994203163165, 51.462146089154402 ], [ 36.799155952908201, 51.462107359927103 ], [ 36.798926285131103, 51.462079995521897 ], [ 36.798889226032301, 51.4620755802095 ], [ 36.798620602812903, 51.462050803185598 ], [ 36.7983505548655, 51.462033075320299 ], [ 36.798132464575701, 51.462024505496998 ], [ 36.798079554703797, 51.462022426284797 ], [ 36.797808080231697, 51.462018873993898 ], [ 36.797536603962897, 51.462022426284797 ], [ 36.7972656038013, 51.462033075320299 ], [ 36.796995555853798, 51.462050803185598 ], [ 36.7967269326344, 51.4620755802095 ], [ 36.796460205758599, 51.462107359927103 ], [ 36.796195843248597, 51.462146089154402 ], [ 36.7959343077368, 51.462191699033198 ], [ 36.7959124382512, 51.462196137281097 ], [ 36.795676060058902, 51.4622441089492 ], [ 36.795613964014798, 51.462258533516803 ], [ 36.795421550270902, 51.4623032293309 ], [ 36.7951712266321, 51.4623689532539 ], [ 36.794925528418801, 51.462441167075802 ], [ 36.794684885025497, 51.462519744279199 ], [ 36.794449718660502, 51.462604547151798 ], [ 36.794220445243901, 51.462695426226503 ], [ 36.793997461830799, 51.462792221960598 ], [ 36.793781163680002, 51.462894765856198 ], [ 36.793571928083999, 51.463002877101502 ], [ 36.793370123352098, 51.4631163659298 ], [ 36.7931761016238, 51.463235034179597 ], [ 36.792990205157203, 51.463358673055801 ], [ 36.7928127591425, 51.4634870648093 ], [ 36.792644075295101, 51.463619987214798 ], [ 36.792484449160703, 51.463757202937202 ], [ 36.792361397933, 51.463872871994703 ], [ 36.792334161013599, 51.463898475202797 ], [ 36.792194893398502, 51.464042090308702 ], [ 36.792193474958701, 51.464043553248203 ], [ 36.792062638032498, 51.464192184073703 ], [ 36.791941878407101, 51.464344106846802 ], [ 36.791831408983398, 51.464499055141196 ], [ 36.791783790188497, 51.464574161776 ], [ 36.791731423797302, 51.464656756937302 ], [ 36.791726798371897, 51.464665051479201 ], [ 36.791642098020397, 51.464816936300998 ], [ 36.791563588857898, 51.464979310026301 ], [ 36.791496033751798, 51.465143596030302 ], [ 36.791439552178403, 51.465309503839102 ], [ 36.791435153128397, 51.465325741230203 ], [ 36.791432765406398, 51.465334553317099 ], [ 36.791398662663198, 51.465460423378701 ], [ 36.791394241155402, 51.465476744102197 ], [ 36.791360183328102, 51.465645022996199 ], [ 36.791359133197503, 51.465652827117502 ], [ 36.7913374361884, 51.465814043903599 ], [ 36.791331844175801, 51.465897198691998 ], [ 36.791326040160698, 51.465983513009597 ], [ 36.791326015906201, 51.466153130907301 ], [ 36.791337364323198, 51.466322600992498 ], [ 36.791341815475498, 51.466355748839099 ], [ 36.7913600629538, 51.466491624986404 ], [ 36.791394075865398, 51.466659906853103 ], [ 36.791439340175899, 51.466827152240199 ], [ 36.791449624089303, 51.466857383535398 ], [ 36.791495778630299, 51.4669930673587 ], [ 36.791563292413798, 51.467157358983798 ], [ 36.791641761152199, 51.467319742288801 ], [ 36.791731049199797, 51.467479930212399 ], [ 36.791830999351603, 51.467637641852697 ], [ 36.791941436435998, 51.467792601348101 ], [ 36.792004524220097, 51.4678719953193 ], [ 36.792062166416898, 51.467944536197599 ], [ 36.792190624604302, 51.468090504583401 ], [ 36.7921929781903, 51.468093178939696 ], [ 36.792333641787401, 51.468238270510099 ], [ 36.792483911069802, 51.468379556323399 ], [ 36.792643521932902, 51.468516786833398 ], [ 36.792812195000501, 51.468649723127598 ], [ 36.792989633828597, 51.468778130212698 ], [ 36.793175527600297, 51.468901784288597 ], [ 36.793369550226899, 51.469020467152198 ], [ 36.7935713603488, 51.469133971233099 ], [ 36.793780604927903, 51.469242097355398 ], [ 36.7939969156551, 51.469344655296503 ], [ 36.794046033738198, 51.469365978486699 ], [ 36.794173163317197, 51.469421168598103 ], [ 36.7942199161361, 51.469441464906197 ], [ 36.794449211112401, 51.469532357225503 ], [ 36.794684399935299, 51.469617172807403 ], [ 36.794925071176301, 51.469695762276402 ], [ 36.7951707999324, 51.469767988006502 ], [ 36.7954211568088, 51.469833723002402 ], [ 36.795675703427698, 51.469892852017701 ], [ 36.795933990631397, 51.4699452709959 ], [ 36.796195566567498, 51.469990888188399 ], [ 36.796459973094898, 51.470029624155003 ], [ 36.796726743988202, 51.470061410084703 ], [ 36.796995413920001, 51.470086190033904 ], [ 36.797265508579898, 51.470103922045297 ], [ 36.797286786973999, 51.470104758059598 ], [ 36.797536556352199, 51.470114573111999 ], [ 36.797798322731097, 51.470117998307401 ], [ 36.797808080231697, 51.470118125891801 ], [ 36.798079603212798, 51.470114573111999 ], [ 36.798350650985199, 51.470103922045297 ], [ 36.798620745645003, 51.470086190033904 ], [ 36.798889414678499, 51.470061410084703 ], [ 36.799156185571903, 51.470029624155003 ], [ 36.799434569885101, 51.469985440092302 ], [ 36.799696145821102, 51.469939822894403 ], [ 36.799954433024901, 51.469887403910001 ], [ 36.800208978745502, 51.469828274887497 ], [ 36.800459335621902, 51.469762539883803 ], [ 36.800705066174601, 51.469690314144998 ], [ 36.800945735619003, 51.469611724666699 ], [ 36.801166096849798, 51.469532255940003 ], [ 36.801166096849798, 51.469532255940003 ] ] ] } },
{ "type": "Feature", "properties": { "dataset_code": "KAA", "source_file": "КАА.kml", "placemark_index": 12, "organization_code": "KAA", "organization_name_raw": "КАА", "farm_name_raw": "Орошение Горшечное", "region_name_raw": "Курская область", "district_name_raw": "Горшеченский район", "field_external_key": "KAA:КУР-ГОР-0059-03", "field_code_raw": "КУР-ГОР-0059-03", "field_name_raw": "КУР-ГОР-0059-03", "field_code_unique_status": "unique", "source_fid": "17", "declared_area_ha": 51.9, "geometry_area_ha": 51.901355, "area_diff_ha": 0.001355, "area_diff_pct": 0.002611, "area_quality_status": "ok", "geometry_type": "Polygon", "polygon_count": 1, "inner_ring_count": 0, "geometry_valid": true, "geometry_validity_reason": "Valid Geometry", "centroid_lon": 37.668517821000002, "centroid_lat": 51.495213962000001, "representative_lon": 37.669793079000002, "representative_lat": 51.494374338, "centroid_within_geometry": true, "weather_point_lon_candidate": 37.668517821000002, "weather_point_lat_candidate": 51.495213962000001, "active_2026_candidate": true, "active_reason": "kaa_crop_plan_present", "season_year_candidate": null, "crop_raw": "Кукуруза зерновая", "crop_code_candidate": "maize_grain", "crop_parameter_set_candidate_key": "aquacrop_v7_3_regional_maize_grain_kursk_oblast", "regional_crop_parameter_set_candidate_key": "aquacrop_v7_3_regional_maize_grain_kursk_oblast", "crop_parameter_candidate_status": "resolved_from_kml_region_kursk_oblast", "crop_parameter_candidate_comment_ru": "Кандидат выбран по культуре и признаку региона 'Курская область' из KAA.kml.", "sowing_date_raw": "", "calculation_ready": false, "calculation_blockers_json": [ "missing_sowing_date", "missing_soil_profile" ], "geometry_hash_sha256": "57b7cd39f7d758107e980a7a16f087c8573fa4f01dc7a8745305e865b9e8f464", "source_attributes_json": { "ESRI_OID": "2086", "fid": "17", "is_experimental_production": "Нет", "source_fid": "17", "В аренде": "Нет", "Дата изменения": "10.11.2025 9:57:01", "Изменил": "GEODATA", "Интенсивность": "MAX", "История": "2013: Пшеница озимая, 2014: Кукуруза зерновая, 2015: Соя, 2016: Пшеница яровая, 2017: Соя, 2018: Пшеница озимая, Соя, 2019: Пшеница яровая, 2020: Соя, 2021: Залежь, Сахарная свекла, Соя, 2022: Кукуруза зерновая, Пар, Соя, 2023: Кукуруза зерновая, 2024: Соя, 2025: Кукуруза зерновая, 2026: Кукуруза зерновая", "Культура": "Кукуруза зерновая", "Название": "КУР-ГОР-0059-03", "Направление склона": "Ю, З", "Область": "Курская область", "Опытное": "Нет", "План. хозяйство": "Орошение Горшечное", "Площадь (га)": "51.9", "Под оптимизацию": "Нет", "Пред. предшественник": "Соя", "Предшественник": "Кукуруза зерновая", "Район": "Горшеченский район", "Рельеф": "Пригодно", "Территория": "Орошение", "Технология": "Кукуруза зерновая АТ орошение MAS MAX_Кораген", "Технология компании": "АТ семенная", "Тип посевов": "Семенные", "Хозяйство": "Орошение Горшечное" } }, "geometry": { "type": "Polygon", "coordinates": [ [ [ 37.666188049553597, 51.493991091753003 ], [ 37.660246788097197, 51.497260258665897 ], [ 37.660280116492601, 51.497283560847499 ], [ 37.6604248395764, 51.497381419590297 ], [ 37.660573744317901, 51.497476816324998 ], [ 37.6607267211226, 51.497569681161401 ], [ 37.660883661294299, 51.4976599470059 ], [ 37.661062872498498, 51.497757285963999 ], [ 37.661246690263603, 51.497851236833903 ], [ 37.661434950197702, 51.497941714072603 ], [ 37.661627482519201, 51.498028637170499 ], [ 37.661824114751802, 51.498111927295497 ], [ 37.662024669028902, 51.498191510648198 ], [ 37.662228965687397, 51.498267314547398 ], [ 37.6624368205728, 51.498339271344598 ], [ 37.662648047733697, 51.498407316746103 ], [ 37.662862456727403, 51.498471389253801 ], [ 37.663079854416097, 51.498531431283403 ], [ 37.663300046763602, 51.498587388605401 ], [ 37.663522834344001, 51.498639211463399 ], [ 37.663748016832798, 51.498686852895901 ], [ 37.663975393007703, 51.498730270414697 ], [ 37.664204758052499, 51.498769424885801 ], [ 37.6644359053549, 51.498804280529498 ], [ 37.664668627403998, 51.498834807157301 ], [ 37.6649027148923, 51.498860976257298 ], [ 37.6651379576141, 51.498882764908601 ], [ 37.6653741435669, 51.498900153544398 ], [ 37.665611060748297, 51.498913125952399 ], [ 37.665848496257702, 51.4989216715108 ], [ 37.6660862371943, 51.498925781833798 ], [ 37.6663240679624, 51.498925453007999 ], [ 37.666561776559597, 51.498920685592502 ], [ 37.6667991491869, 51.498911484059697 ], [ 37.667035972045298, 51.498897856795402 ], [ 37.667272031335699, 51.498879815539297 ], [ 37.667507115953903, 51.498857377063203 ], [ 37.667741014796, 51.498830560933499 ], [ 37.667973516757897, 51.498799391748598 ], [ 37.668204413430303, 51.498763897460996 ], [ 37.668433496404198, 51.498724109377498 ], [ 37.6686605608636, 51.4986800638369 ], [ 37.668885401992704, 51.498631800532102 ], [ 37.669107817670501, 51.498579362510696 ], [ 37.6693276084711, 51.498522796733802 ], [ 37.669544575866702, 51.498462154635497 ], [ 37.669758525821301, 51.4983974904452 ], [ 37.6699692660954, 51.498328861747098 ], [ 37.670176605347798, 51.498256331157499 ], [ 37.670380359423902, 51.498179962970099 ], [ 37.670580344169103, 51.498099826511101 ], [ 37.670776379920298, 51.498015993343202 ], [ 37.670968290607703, 51.497928538943299 ], [ 37.671155029693999, 51.497837978910802 ], [ 37.671337345475798, 51.4977439905444 ], [ 37.671515074459897, 51.497646656591002 ], [ 37.6716880603392, 51.497546064830601 ], [ 37.671856146806903, 51.497442304161503 ], [ 37.6720180537638, 51.497336230769598 ], [ 37.672174842120299, 51.497227217721097 ], [ 37.672326373535697, 51.4971153595082 ], [ 37.672472514161001, 51.4970007556567 ], [ 37.672613137333897, 51.496883506252097 ], [ 37.672748118188501, 51.496763714176602 ], [ 37.672877339045499, 51.496641484550402 ], [ 37.673000686717202, 51.496516924731303 ], [ 37.673118051609002, 51.496390144314702 ], [ 37.673229332211498, 51.4962612540157 ], [ 37.673334429709797, 51.496130367346602 ], [ 37.673433251577599, 51.495997599498502 ], [ 37.673525712474898, 51.4958630667821 ], [ 37.673611729756601, 51.4957268866278 ], [ 37.673691228862602, 51.4955891798229 ], [ 37.673764139724298, 51.495450066596497 ], [ 37.673830397662996, 51.495309668857303 ], [ 37.673889946084898, 51.495168110192601 ], [ 37.673942731091003, 51.495025514750999 ], [ 37.673988706867199, 51.494882007800598 ], [ 37.674027833887699, 51.494737715170899 ], [ 37.674060076219902, 51.494592764370203 ], [ 37.674085406914301, 51.494447281230897 ], [ 37.674103802614702, 51.494301394383299 ], [ 37.674115248049702, 51.494155232459299 ], [ 37.674119733337903, 51.4940089224147 ], [ 37.674117253089499, 51.493862593443801 ], [ 37.6741078117958, 51.493716374183798 ], [ 37.674091415745202, 51.493570392713501 ], [ 37.6740680793108, 51.4934247771142 ], [ 37.674037824950297, 51.493279656027397 ], [ 37.674000676918403, 51.493135155859399 ], [ 37.673956669351, 51.492991404136603 ], [ 37.673905840875598, 51.492848526709103 ], [ 37.673848234611299, 51.492706648869202 ], [ 37.673783903558899, 51.492565895910701 ], [ 37.673712901617101, 51.492426391450799 ], [ 37.673635292566502, 51.492288256871198 ], [ 37.673551144678903, 51.4921516141141 ], [ 37.6734605316162, 51.492016584004297 ], [ 37.673363532430102, 51.491883283452701 ], [ 37.673260232460599, 51.491751831049498 ], [ 37.673150722437597, 51.491622340911398 ], [ 37.673035099379099, 51.491494928274697 ], [ 37.6729134638963, 51.491369703342997 ], [ 37.672785922888899, 51.4912467774394 ], [ 37.672652588646201, 51.491126257972503 ], [ 37.672513577949303, 51.491008250114398 ], [ 37.672369012070597, 51.490892859038098 ], [ 37.672219019469303, 51.490780184882901 ], [ 37.672063731299403, 51.490670326670198 ], [ 37.6719032841048, 51.4905633811846 ], [ 37.671737818022798, 51.4904594424141 ], [ 37.671577021383499, 51.490364094197503 ], [ 37.671412001764203, 51.490271586078499 ], [ 37.671242887623698, 51.490181989669303 ], [ 37.671069811912801, 51.490095375463198 ], [ 37.6708929111755, 51.490011811716499 ], [ 37.670725458020101, 51.489937055711103 ], [ 37.670554943406103, 51.489865033071602 ], [ 37.670381482318, 51.489795791914403 ], [ 37.666188049553597, 51.493991091753003 ], [ 37.666188049553597, 51.493991091753003 ] ] ] } },
{ "type": "Feature", "properties": { "dataset_code": "KAA", "source_file": "КАА.kml", "placemark_index": 13, "organization_code": "KAA", "organization_name_raw": "КАА", "farm_name_raw": "Орошение Солнцево", "region_name_raw": "Курская область", "district_name_raw": "Солнцевский район", "field_external_key": "KAA:КУР-СОЛ-0036-03", "field_code_raw": "КУР-СОЛ-0036-03", "field_name_raw": "КУР-СОЛ-0036-03", "field_code_unique_status": "unique", "source_fid": "18", "declared_area_ha": 102.0, "geometry_area_ha": 102.004016, "area_diff_ha": 0.004016, "area_diff_pct": 0.003937, "area_quality_status": "ok", "geometry_type": "Polygon", "polygon_count": 1, "inner_ring_count": 4, "geometry_valid": true, "geometry_validity_reason": "Valid Geometry", "centroid_lon": 36.802528406, "centroid_lat": 51.457348015000001, "representative_lon": 36.802535724000002, "representative_lat": 51.457436758999997, "centroid_within_geometry": true, "weather_point_lon_candidate": 36.802528406, "weather_point_lat_candidate": 51.457348015000001, "active_2026_candidate": true, "active_reason": "kaa_crop_plan_present", "season_year_candidate": null, "crop_raw": "Подсолнечник", "crop_code_candidate": "sunflower", "crop_parameter_set_candidate_key": "aquacrop_v7_3_regional_sunflower_kursk_oblast", "regional_crop_parameter_set_candidate_key": "aquacrop_v7_3_regional_sunflower_kursk_oblast", "crop_parameter_candidate_status": "resolved_from_kml_region_kursk_oblast", "crop_parameter_candidate_comment_ru": "Кандидат выбран по культуре и признаку региона 'Курская область' из KAA.kml.", "sowing_date_raw": "", "calculation_ready": false, "calculation_blockers_json": [ "missing_sowing_date", "missing_soil_profile" ], "geometry_hash_sha256": "8e7ae7eb83710be508a41eddf5e47d0d739095dbb57aa5eea4b78f7f774aa95a", "source_attributes_json": { "ESRI_OID": "346", "fid": "18", "is_experimental_production": "Нет", "source_fid": "18", "В аренде": "Нет", "Дата изменения": "18.11.2025 12:17:04", "Изменил": "esb", "Интенсивность": "MAX", "История": "2013: Рожь озимая, 2014: Соя, 2015: Кукуруза зерновая, 2016: Пар, 2017: Пшеница озимая, 2018: Соя, 2019: Пшеница яровая, 2020: Соя, 2021: Пшеница озимая, Пшеница яровая, 2022: Кукуруза зерновая, Пар, 2023: Соя, 2024: Кукуруза зерновая, 2025: Кукуруза зерновая, 2026: Подсолнечник", "Культура": "Подсолнечник", "Мех.состав (пески; карбонаты)": "Нет", "Название": "КУР-СОЛ-0036-03", "Направление склона": "СВ, СЗ", "Область": "Курская область", "Опытное": "Нет", "План. хозяйство": "Орошение Солнцево", "Площадь (га)": "102", "Под оптимизацию": "Нет", "Пред. предшественник": "Кукуруза зерновая", "Предшественник": "Кукуруза зерновая", "Район": "Солнцевский район", "Рельеф": "Пригодно", "Территория": "Орошение", "Технология": "Подсолнечник АТ гибридизация орошение MAS EX MAX_ Лицензия", "Технология компании": "АТ семенная", "Тип посевов": "Семенные", "Уклон (град.)": "1.8", "Хозяйство": "Орошение Солнцево" } }, "geometry": { "type": "Polygon", "coordinates": [ [ [ 36.797189862348098, 51.453452665962097 ], [ 36.7969440015397, 51.453583508328101 ], [ 36.796723230677102, 51.453716356578099 ], [ 36.796528201937399, 51.453843892124297 ], [ 36.796323934923201, 51.453986676251702 ], [ 36.7961221319879, 51.454144721692103 ], [ 36.795935512377497, 51.454296642087101 ], [ 36.795763651188999, 51.454456488923597 ], [ 36.7955957228247, 51.454616696812501 ], [ 36.795437498960403, 51.454780716166802 ], [ 36.795289200581799, 51.454948316881101 ], [ 36.795151036996103, 51.455119263814801 ], [ 36.795023198646298, 51.455293319031 ], [ 36.794905866093799, 51.455470238998302 ], [ 36.7947992037302, 51.4556497762701 ], [ 36.7947033597776, 51.4558316789253 ], [ 36.794618469881598, 51.456015692807398 ], [ 36.794544650823099, 51.456201562084203 ], [ 36.794482007705099, 51.456389025330097 ], [ 36.794430627664099, 51.4565778200041 ], [ 36.794390582565399, 51.456767684129098 ], [ 36.7943619299011, 51.456958350135103 ], [ 36.794344708298802, 51.457149552135299 ], [ 36.794338942012999, 51.457341023128102 ], [ 36.794344639128497, 51.457532494996997 ], [ 36.7943557962043, 51.457721682352002 ], [ 36.794384381495, 51.457912352209199 ], [ 36.7944210417417, 51.458107870196301 ], [ 36.794472356205702, 51.458296672873601 ], [ 36.794527370830401, 51.458483050047001 ], [ 36.7946011288034, 51.458668928867098 ], [ 36.794685640508703, 51.4588596115589 ], [ 36.794781429664098, 51.4590415266101 ], [ 36.7948898374542, 51.4592154000755 ], [ 36.795007120599401, 51.4593923350658 ], [ 36.795140820456403, 51.459570324984099 ], [ 36.795278944516198, 51.459741288750699 ], [ 36.795430524440597, 51.459903259077201 ], [ 36.795588716863797, 51.460067297495897 ], [ 36.795753572989803, 51.460227468341998 ], [ 36.795930948037601, 51.460383660835497 ], [ 36.796114686750897, 51.460531741084097 ], [ 36.796310254479799, 51.460679217498999 ], [ 36.796520236575802, 51.460829744334497 ], [ 36.796732901041203, 51.460967677577898 ], [ 36.796953767125203, 51.461098644483101 ], [ 36.797182339855901, 51.461226263506497 ], [ 36.797418394654699, 51.4613484543138 ], [ 36.797661599144902, 51.461465045684498 ], [ 36.797917518389497, 51.461579791473397 ], [ 36.7981739936913, 51.461684701080998 ], [ 36.798430737589399, 51.461781998756102 ], [ 36.798688545991098, 51.4618705982043 ], [ 36.798980388864003, 51.461964357739703 ], [ 36.799248118259698, 51.462040769242698 ], [ 36.7995490053708, 51.462120777115601 ], [ 36.799817737286403, 51.462176386234901 ], [ 36.800109969129799, 51.462238384007101 ], [ 36.800407388743899, 51.4622915555899 ], [ 36.800700480275097, 51.462335721917803 ], [ 36.801012744549297, 51.462377272837401 ], [ 36.801316969800098, 51.462412771388699 ], [ 36.801621033354103, 51.462441627128698 ], [ 36.801924767226403, 51.462462552817698 ], [ 36.8022259139506, 51.4624739108584 ], [ 36.802529953250101, 51.462479781846099 ], [ 36.802836474594699, 51.462476199927998 ], [ 36.803142567442897, 51.4624654620077 ], [ 36.803447804196701, 51.462447579833103 ], [ 36.803751756359603, 51.462422580820103 ], [ 36.8040539981302, 51.462390499096998 ], [ 36.804354108198602, 51.462351379982799 ], [ 36.804651666153397, 51.462305276628697 ], [ 36.804946256074402, 51.4622522561748 ], [ 36.805237464736699, 51.462192390795401 ], [ 36.805524887, 51.462125764975198 ], [ 36.8058081186226, 51.4620524721511 ], [ 36.806086764345601, 51.461972614152899 ], [ 36.806360433401998, 51.461886302882597 ], [ 36.8066287431094, 51.461793660314299 ], [ 36.806891318870299, 51.461694812898301 ], [ 36.807147793273799, 51.461589903314 ], [ 36.807397807892102, 51.4614790753593 ], [ 36.807641012382199, 51.461362484024498 ], [ 36.8078770662827, 51.461240293254697 ], [ 36.808105639911801, 51.4611126737109 ], [ 36.808326414367599, 51.460979805008797 ], [ 36.808539078833, 51.460841871802103 ], [ 36.808743337762301, 51.460699067140098 ], [ 36.8089389045929, 51.460551590789301 ], [ 36.809125507135299, 51.460399649793501 ], [ 36.809311699147599, 51.460233647454899 ], [ 36.809479600562398, 51.460073419540699 ], [ 36.809637792087301, 51.459909381144001 ], [ 36.809786053635101, 51.459741762263903 ], [ 36.8099211279145, 51.4595628892314 ], [ 36.810048921348397, 51.4593888178321 ], [ 36.810166205392001, 51.4592118828281 ], [ 36.810272815653299, 51.459032332140602 ], [ 36.810368603910298, 51.458850417052801 ], [ 36.810422858560202, 51.458732723069801 ], [ 36.810453436314198, 51.458666391090098 ], [ 36.810527194287197, 51.458480512259797 ], [ 36.810589773624798, 51.458293040811597 ], [ 36.810641089885401, 51.458104238119297 ], [ 36.810681067610503, 51.4579143689188 ], [ 36.810709653799499, 51.457723699070002 ], [ 36.8107268080282, 51.457532494996997 ], [ 36.810732506042001, 51.457341023128102 ], [ 36.810726738857902, 51.457149552135299 ], [ 36.8107249736684, 51.457129954512901 ], [ 36.810709518153899, 51.456958350135103 ], [ 36.810680863693001, 51.456767684129098 ], [ 36.810656153734399, 51.456575727109801 ], [ 36.810604773693399, 51.456386932427101 ], [ 36.810542131473703, 51.456199469172702 ], [ 36.810468313313599, 51.456013599887299 ], [ 36.810383422519202, 51.455829585996902 ], [ 36.810287579464998, 51.455647683333297 ], [ 36.810180916203102, 51.4554681460532 ], [ 36.8100635845488, 51.455291226077797 ], [ 36.809935746199102, 51.455117170853697 ], [ 36.809797579918502, 51.454946223912202 ], [ 36.809750801946699, 51.454893357801403 ], [ 36.809649282438102, 51.454778623190201 ], [ 36.809491058573897, 51.454614603828297 ], [ 36.809323130209599, 51.454454395932103 ], [ 36.809130670651498, 51.454294609543901 ], [ 36.808944051939498, 51.454142689142103 ], [ 36.8087484725325, 51.453995234149602 ], [ 36.808544206416599, 51.453852450048998 ], [ 36.808331538357997, 51.453714538405698 ], [ 36.8081104944076, 51.453587396026101 ], [ 36.807881927964999, 51.453459798186998 ], [ 36.807645886640898, 51.453337628803702 ], [ 36.807402700117102, 51.453221058095501 ], [ 36.807152708855, 51.4531102501237 ], [ 36.806896262299297, 51.453005358872602 ], [ 36.806633717979402, 51.452906532168299 ], [ 36.806365444204602, 51.452813906079697 ], [ 36.806091815572501, 51.452727612196298 ], [ 36.805813214765202, 51.452647770909998 ], [ 36.805530033448299, 51.452574491974701 ], [ 36.805242663287203, 51.452507880104001 ], [ 36.804951509422203, 51.4524480282535 ], [ 36.804656977891597, 51.452395018180503 ], [ 36.804359480123999, 51.452348926041203 ], [ 36.804059432937699, 51.452309815114099 ], [ 36.803757255845802, 51.452277740277502 ], [ 36.803453370158202, 51.452252746330103 ], [ 36.8031482016764, 51.452234869110796 ], [ 36.802842177100104, 51.452224132139698 ], [ 36.8025357240275, 51.452220552215799 ], [ 36.8022292700565, 51.452224132139698 ], [ 36.8019232463786, 51.452234869110796 ], [ 36.801618076998501, 51.452252746330103 ], [ 36.801314192209198, 51.452277740277502 ], [ 36.801012014218998, 51.452309815114099 ], [ 36.800711967032598, 51.452348926041203 ], [ 36.800414470163297, 51.452395018180503 ], [ 36.800342820536301, 51.452406553943398 ], [ 36.800223467672701, 51.452429394823803 ], [ 36.800036854350502, 51.452465107677902 ], [ 36.799892038740197, 51.452494877138498 ], [ 36.799832657404998, 51.452508753387299 ], [ 36.799556874612698, 51.452572013757099 ], [ 36.799255966840299, 51.4526484225117 ], [ 36.799205211128502, 51.452662659221801 ], [ 36.798971659934402, 51.452728157995701 ], [ 36.798902118653302, 51.452751079885303 ], [ 36.798833487365599, 51.452773701714101 ], [ 36.798708274791402, 51.452813189544401 ], [ 36.798706002952002, 51.452813906079697 ], [ 36.798487548844598, 51.4528893314341 ], [ 36.798437730075598, 51.452906532168299 ], [ 36.798422095796397, 51.452912417261899 ], [ 36.798344134606097, 51.452941763228303 ], [ 36.798196081467502, 51.4529974938105 ], [ 36.798175185755703, 51.453005358872602 ], [ 36.798073632111098, 51.4530468964549 ], [ 36.798064083019703, 51.453051108317297 ], [ 36.797956147743399, 51.453094949392799 ], [ 36.797954234331797, 51.453095726940802 ], [ 36.7979187392, 51.4531102501237 ], [ 36.797751387554101, 51.453184428339199 ], [ 36.797706893998097, 51.453204149689498 ], [ 36.797536180856397, 51.453284604089603 ], [ 36.797466181434601, 51.4533181577359 ], [ 36.797189862348098, 51.453452665962097 ], [ 36.797189862348098, 51.453452665962097 ] ], [ [ 36.809874174771203, 51.458520065678798 ], [ 36.809909107557601, 51.458506441453601 ], [ 36.809963428682899, 51.458517450651797 ], [ 36.809975899095697, 51.458543381503802 ], [ 36.8099786218893, 51.458581979981801 ], [ 36.809975109476497, 51.4586076124653 ], [ 36.809948695413901, 51.458634245157299 ], [ 36.809936732549197, 51.458645442950797 ], [ 36.809904059025698, 51.458656545589001 ], [ 36.809885444136398, 51.458653811908803 ], [ 36.809839233001597, 51.458629344232598 ], [ 36.809838520637598, 51.458596494143002 ], [ 36.809849839410099, 51.458551020042201 ], [ 36.809874174771203, 51.458520065678798 ], [ 36.809874174771203, 51.458520065678798 ] ], [ [ 36.807875627181602, 51.456883102785 ], [ 36.807973591158301, 51.456873513261698 ], [ 36.808070370257099, 51.456888648721403 ], [ 36.808128705054997, 51.456943039499102 ], [ 36.808148009850498, 51.456985279333203 ], [ 36.808139916029802, 51.457027006964701 ], [ 36.808103968147002, 51.457077730715 ], [ 36.808059524896699, 51.457114971382602 ], [ 36.808022082217299, 51.457133306797203 ], [ 36.807965032908598, 51.457149812974102 ], [ 36.807908531572103, 51.457150218785699 ], [ 36.807844874256098, 51.457143317750301 ], [ 36.8077792666977, 51.4571135367678 ], [ 36.807750738000898, 51.4570730277715 ], [ 36.8077433367813, 51.457036721278101 ], [ 36.8077549304383, 51.456985541852198 ], [ 36.807784152634497, 51.456948016729797 ], [ 36.8078380928741, 51.456903339740002 ], [ 36.807875627181602, 51.456883102785 ], [ 36.807875627181602, 51.456883102785 ] ], [ [ 36.808473143389499, 51.455117247541502 ], [ 36.808494819737199, 51.4550803388642 ], [ 36.808509428140397, 51.455055465121497 ], [ 36.808559555929897, 51.455002864466501 ], [ 36.8086422674114, 51.454965744664598 ], [ 36.808742153782802, 51.454967612046701 ], [ 36.808830819297903, 51.455004961911001 ], [ 36.8088759650309, 51.455056369702902 ], [ 36.808883770492301, 51.455092207568597 ], [ 36.808858137065698, 51.4551303947392 ], [ 36.808780182163702, 51.4551676039695 ], [ 36.808740563764701, 51.4551995810561 ], [ 36.8086434406111, 51.455239405444999 ], [ 36.808567336238603, 51.455237982526199 ], [ 36.808511253517104, 51.455216113681402 ], [ 36.808470295729997, 51.455176681107197 ], [ 36.808473143389499, 51.455117247541502 ], [ 36.808473143389499, 51.455117247541502 ] ], [ [ 36.808345512550503, 51.454998861577003 ], [ 36.808287389755002, 51.455022824051298 ], [ 36.808282538852502, 51.455021478933297 ], [ 36.808227169393298, 51.454984751542902 ], [ 36.8082280236911, 51.4549669212944 ], [ 36.8082581289313, 51.454934766598598 ], [ 36.808334090471703, 51.4549391613306 ], [ 36.808351266259898, 51.454978149095602 ], [ 36.808345512550503, 51.454998861577003 ], [ 36.808345512550503, 51.454998861577003 ] ] ] } },
{ "type": "Feature", "properties": { "dataset_code": "KAA", "source_file": "КАА.kml", "placemark_index": 14, "organization_code": "KAA", "organization_name_raw": "КАА", "farm_name_raw": "Орошение Горшечное", "region_name_raw": "Курская область", "district_name_raw": "Горшеченский район", "field_external_key": "KAA:КУР-ГОР-0061-03", "field_code_raw": "КУР-ГОР-0061-03", "field_name_raw": "КУР-ГОР-0061-03", "field_code_unique_status": "unique", "source_fid": "21", "declared_area_ha": 65.8, "geometry_area_ha": 65.79646, "area_diff_ha": -0.00354, "area_diff_pct": -0.005379, "area_quality_status": "ok", "geometry_type": "Polygon", "polygon_count": 1, "inner_ring_count": 0, "geometry_valid": true, "geometry_validity_reason": "Valid Geometry", "centroid_lon": 37.705440154000001, "centroid_lat": 51.462439668000002, "representative_lon": 37.705437811000003, "representative_lat": 51.462408996000001, "centroid_within_geometry": true, "weather_point_lon_candidate": 37.705440154000001, "weather_point_lat_candidate": 51.462439668000002, "active_2026_candidate": true, "active_reason": "kaa_crop_plan_present", "season_year_candidate": null, "crop_raw": "Кукуруза зерновая", "crop_code_candidate": "maize_grain", "crop_parameter_set_candidate_key": "aquacrop_v7_3_regional_maize_grain_kursk_oblast", "regional_crop_parameter_set_candidate_key": "aquacrop_v7_3_regional_maize_grain_kursk_oblast", "crop_parameter_candidate_status": "resolved_from_kml_region_kursk_oblast", "crop_parameter_candidate_comment_ru": "Кандидат выбран по культуре и признаку региона 'Курская область' из KAA.kml.", "sowing_date_raw": "", "calculation_ready": false, "calculation_blockers_json": [ "missing_sowing_date", "missing_soil_profile" ], "geometry_hash_sha256": "f37cd11ce05395e3be431a349522af6d23bbf907fa674674675c86a977296caa", "source_attributes_json": { "ESRI_OID": "1570", "fid": "21", "is_experimental_production": "Нет", "source_fid": "21", "В аренде": "Нет", "Дата изменения": "10.11.2025 9:56:10", "Изменил": "GEODATA", "Интенсивность": "MAX", "История": "2013: Пшеница озимая, Соя, 2014: Кукуруза зерновая, 2015: Соя, 2016: Пшеница яровая, 2017: Залежь, Соя, 2018: Залежь, Пшеница озимая, 2019: Залежь, Соя, 2020: Соя, 2021: Залежь, Пшеница яровая, 2022: Кукуруза зерновая, Пар, 2023: Кукуруза зерновая, 2024: Кукуруза зерновая, Подсолнечник, 2025: Кукуруза зерновая, 2026: Кукуруза зерновая", "Культура": "Кукуруза зерновая", "Название": "КУР-ГОР-0061-03", "Область": "Курская область", "Ограничение сева по ХСЗР (сах.свекла)": "2017", "Опытное": "Нет", "План. хозяйство": "Орошение Горшечное", "Площадь (га)": "65.8", "Под оптимизацию": "Нет", "Пред. предшественник": "Подсолнечник", "Предшественник": "Кукуруза зерновая", "Район": "Горшеченский район", "Рельеф": "Пригодно", "Территория": "Орошение", "Технология": "Кукуруза зерновая АТ орошение MAS MAX_Кораген", "Технология компании": "АТ семенная", "Тип посевов": "Семенные", "Хозяйство": "Орошение Горшечное" } }, "geometry": { "type": "Polygon", "coordinates": [ [ [ 37.700934460738601, 51.4594282310957 ], [ 37.7007840073016, 51.459523284663 ], [ 37.700638083170098, 51.4596210403109 ], [ 37.7004968132103, 51.459721415185399 ], [ 37.700360319592697, 51.459824323074102 ], [ 37.700228717301897, 51.459929675526297 ], [ 37.7001021204239, 51.460037382972601 ], [ 37.699980637654697, 51.460147351925599 ], [ 37.699864372300802, 51.460259488898998 ], [ 37.699753424074999, 51.460373697608098 ], [ 37.699751600494999, 51.460375639768699 ], [ 37.699651697953897, 51.460485967233602 ], [ 37.699557308373699, 51.460598163262603 ], [ 37.699468520687702, 51.460712120380201 ], [ 37.6993854202357, 51.460827729992502 ], [ 37.6993080860695, 51.460944882386897 ], [ 37.699236591850998, 51.461063465613101 ], [ 37.699171005852101, 51.461183366602498 ], [ 37.699111390954897, 51.4613044717279 ], [ 37.699057802855002, 51.4614266651243 ], [ 37.699010293654503, 51.461549830368199 ], [ 37.698968907371103, 51.4616738499181 ], [ 37.698938187683297, 51.461781309785998 ], [ 37.6989120664715, 51.461889240653001 ], [ 37.698890561701901, 51.461997565839702 ], [ 37.6988736877476, 51.462106208667002 ], [ 37.6988594431621, 51.462238435497397 ], [ 37.698852058112202, 51.462370879099097 ], [ 37.6988515415809, 51.462503401790201 ], [ 37.698857892669899, 51.462635865890398 ], [ 37.698871105989497, 51.462768132602001 ], [ 37.698891167166401, 51.462900063688103 ], [ 37.698918055539501, 51.4630315225928 ], [ 37.698951742362603, 51.463162371642198 ], [ 37.698992192601601, 51.463292474283499 ], [ 37.699039364933697, 51.4634216950843 ], [ 37.699093209951897, 51.463549899173898 ], [ 37.699153671062099, 51.463676952802103 ], [ 37.699220685382301, 51.463802723339398 ], [ 37.6992941828439, 51.463927080396402 ], [ 37.699374087988403, 51.4640498935848 ], [ 37.699460315475903, 51.464171035316198 ], [ 37.699552776373103, 51.464290378562602 ], [ 37.699651374560403, 51.464407799655298 ], [ 37.699756007629802, 51.4645231754862 ], [ 37.699866565088399, 51.464636386865799 ], [ 37.699982931952, 51.464747314045802 ], [ 37.700104987846302, 51.464855842874996 ], [ 37.700232605210502, 51.464961859762901 ], [ 37.7003497607949, 51.465053260207597 ], [ 37.700471049527899, 51.465142542784001 ], [ 37.700596374391502, 51.465229635310699 ], [ 37.700712103451302, 51.4653058124537 ], [ 37.7008309200206, 51.4653801219538 ], [ 37.7009527468445, 51.465452515131801 ], [ 37.701077503074501, 51.4655229449871 ], [ 37.701240326312998, 51.465609636647798 ], [ 37.701407587229099, 51.465692984323297 ], [ 37.701579110651103, 51.465772899609497 ], [ 37.701754713322799, 51.4658492991393 ], [ 37.701934210191297, 51.465922100664201 ], [ 37.702099625967797, 51.465984737483801 ], [ 37.702267925336201, 51.466044319192001 ], [ 37.702438961871401, 51.466100793755402 ], [ 37.702612588249501, 51.4661541130573 ], [ 37.7027975010609, 51.466206647137398 ], [ 37.702984928256598, 51.466255602333803 ], [ 37.703174690173903, 51.466300931649201 ], [ 37.703366606251201, 51.466342592562803 ], [ 37.703543564480697, 51.466377393532703 ], [ 37.703722025591702, 51.466409075677802 ], [ 37.703901848548597, 51.466437612702101 ], [ 37.704082890519402, 51.466462983345799 ], [ 37.7042650077736, 51.466485166908001 ], [ 37.704448055682398, 51.466504145485303 ], [ 37.704533077630799, 51.4665118425713 ], [ 37.704748195395297, 51.466528183624803 ], [ 37.704964058761398, 51.466540106994003 ], [ 37.705180435963896, 51.466547600930099 ], [ 37.705397091644102, 51.466550655921701 ], [ 37.7056137904435, 51.466549269171502 ], [ 37.705830299698299, 51.466543442917697 ], [ 37.706046384049998, 51.466533182195199 ], [ 37.706261809038303, 51.466518499312798 ], [ 37.706476342897801, 51.466499409375999 ], [ 37.706689752066602, 51.466475933085498 ], [ 37.7069018065759, 51.466448096177302 ], [ 37.707112275558799, 51.466415928863199 ], [ 37.707320932639703, 51.466379465830997 ], [ 37.707527551443299, 51.466338746244197 ], [ 37.707731907390603, 51.466293813742602 ], [ 37.707933781292802, 51.4662447181204 ], [ 37.708132953062702, 51.466191511969498 ], [ 37.708329207104498, 51.466134252917399 ], [ 37.708522331415899, 51.466073003067699 ], [ 37.708712117587602, 51.466007827881299 ], [ 37.7088983590073, 51.4659387989743 ], [ 37.709080854452203, 51.465865990200797 ], [ 37.709259407191297, 51.465789481010702 ], [ 37.7094338222903, 51.465709353651803 ], [ 37.709603912899397, 51.4656256954082 ], [ 37.709737149225703, 51.465556070469503 ], [ 37.709867389670599, 51.465484279066501 ], [ 37.709994541707502, 51.465410369877702 ], [ 37.710145653609601, 51.465317220713899 ], [ 37.710291862506899, 51.465221082317299 ], [ 37.710433014787498, 51.465122054285203 ], [ 37.710568964026002, 51.465020240132802 ], [ 37.7106995691869, 51.464915745614498 ], [ 37.710824693726103, 51.464808679283003 ], [ 37.710944207388202, 51.464699153609502 ], [ 37.711057986205397, 51.464587281625299 ], [ 37.711165910702, 51.464473180280002 ], [ 37.711267868588401, 51.4643569687628 ], [ 37.711363754761798, 51.464238767382902 ], [ 37.711453467712602, 51.464118699808502 ], [ 37.711536915812601, 51.463996890268497 ], [ 37.711614010128599, 51.463873466910698 ], [ 37.711684672507197, 51.463748557324102 ], [ 37.711748827489799, 51.463622291897501 ], [ 37.711806409499502, 51.463494801580602 ], [ 37.711857358349199, 51.463366220122801 ], [ 37.711901620139898, 51.4632366812748 ], [ 37.7119391490575, 51.463106319348803 ], [ 37.711969907372797, 51.462975270336997 ], [ 37.711993860949903, 51.462843670792999 ], [ 37.712010986432503, 51.462711657831697 ], [ 37.712019983060003, 51.462602166861899 ], [ 37.712024282397003, 51.462492565373502 ], [ 37.712024686638898, 51.462447111944797 ], [ 37.712021278430697, 51.4623137674849 ], [ 37.712011055602702, 51.462180557517797 ], [ 37.7119940298331, 51.462047618047002 ], [ 37.711970218189897, 51.4619150828388 ], [ 37.711939644029201, 51.461783087339903 ], [ 37.711902339690397, 51.461651764760198 ], [ 37.711858341106101, 51.461521248310703 ], [ 37.7118076949887, 51.461391671204197 ], [ 37.711750450745498, 51.461263163856202 ], [ 37.7116866685638, 51.461135857243697 ], [ 37.711616411325402, 51.461009880105898 ], [ 37.711539750895703, 51.460885360623898 ], [ 37.711456765427997, 51.4607624253007 ], [ 37.711367538465801, 51.460641197842399 ], [ 37.711272160738801, 51.460521802515601 ], [ 37.711170729265099, 51.460404359110498 ], [ 37.711063346452697, 51.460288987978103 ], [ 37.710950121895998, 51.460175804992502 ], [ 37.710831169681001, 51.460064926028899 ], [ 37.710706611080397, 51.459956463045103 ], [ 37.710576572756501, 51.459850526320601 ], [ 37.710441184964999, 51.459747223336997 ], [ 37.710300586945003, 51.459646658218098 ], [ 37.710154919731799, 51.459548933968797 ], [ 37.710004332445699, 51.459454149116702 ], [ 37.709493320406501, 51.459198691468998 ], [ 37.7089407154713, 51.458958041409097 ], [ 37.708432394784602, 51.458772139138802 ], [ 37.708394051094999, 51.458758115908303 ], [ 37.708198283041803, 51.458700596214101 ], [ 37.707999623311601, 51.458647062225701 ], [ 37.707798282110403, 51.458597569929204 ], [ 37.707594471440402, 51.458552172511503 ], [ 37.707388405100701, 51.458510917001597 ], [ 37.707180299585403, 51.458473846509499 ], [ 37.706970374083298, 51.458441000785697 ], [ 37.706758849579899, 51.4584124139827 ], [ 37.706545948857602, 51.458388116333403 ], [ 37.706331895596698, 51.458368133592202 ], [ 37.706116914376203, 51.458352485914702 ], [ 37.705901231571502, 51.458341190657102 ], [ 37.705685075354502, 51.458334259576603 ], [ 37.705468671202603, 51.458331699391998 ], [ 37.705252248186, 51.458333513462499 ], [ 37.705036033578601, 51.458339699548503 ], [ 37.704820253755798, 51.458350251491296 ], [ 37.704605136889597, 51.458365157533699 ], [ 37.704390909355602, 51.458384402558899 ], [ 37.704177795732598, 51.458407965851499 ], [ 37.7039660214976, 51.4584358233366 ], [ 37.703755807636298, 51.458467944781397 ], [ 37.703547376032503, 51.458504297153198 ], [ 37.703340946773402, 51.458544841821002 ], [ 37.703136735454898, 51.458589536234598 ], [ 37.702934958570701, 51.4586383333653 ], [ 37.702735826326702, 51.458691181705603 ], [ 37.702539550725298, 51.458748026388797 ], [ 37.702346336582501, 51.4588088063905 ], [ 37.702156386917302, 51.458873458446803 ], [ 37.701969902054202, 51.458941914815298 ], [ 37.701787078724202, 51.459014102715699 ], [ 37.701608108268502, 51.459089946568497 ], [ 37.7014331793332, 51.459169366876097 ], [ 37.701262476971301, 51.459252280222202 ], [ 37.701096179049301, 51.459338598153202 ], [ 37.700934460738601, 51.4594282310957 ], [ 37.700934460738601, 51.4594282310957 ] ] ] } },
{ "type": "Feature", "properties": { "dataset_code": "KAA", "source_file": "КАА.kml", "placemark_index": 15, "organization_code": "KAA", "organization_name_raw": "КАА", "farm_name_raw": "Орошение Солнцево", "region_name_raw": "Курская область", "district_name_raw": "Солнцевский район", "field_external_key": "KAA:КУР-СОЛ-0013-02", "field_code_raw": "КУР-СОЛ-0013-02", "field_name_raw": "КУР-СОЛ-0013-02", "field_code_unique_status": "unique", "source_fid": "22", "declared_area_ha": 102.0, "geometry_area_ha": 102.000887, "area_diff_ha": 0.000887, "area_diff_pct": 0.000869, "area_quality_status": "ok", "geometry_type": "Polygon", "polygon_count": 1, "inner_ring_count": 0, "geometry_valid": true, "geometry_validity_reason": "Valid Geometry", "centroid_lon": 36.718162381, "centroid_lat": 51.56386856, "representative_lon": 36.718163031000003, "representative_lat": 51.563837868999997, "centroid_within_geometry": true, "weather_point_lon_candidate": 36.718162381, "weather_point_lat_candidate": 51.56386856, "active_2026_candidate": true, "active_reason": "kaa_crop_plan_present", "season_year_candidate": null, "crop_raw": "Рапс яровой", "crop_code_candidate": "spring_rapeseed_proxy", "crop_parameter_set_candidate_key": "aquacrop_v7_3_regional_spring_rapeseed_proxy_kursk_oblast", "regional_crop_parameter_set_candidate_key": "aquacrop_v7_3_regional_spring_rapeseed_proxy_kursk_oblast", "crop_parameter_candidate_status": "proxy_parameter_set_requires_review", "crop_parameter_candidate_comment_ru": "Кандидат выбран по культуре и признаку региона 'Курская область' из KAA.kml. Набор ярового рапса является proxy, не official AquaCrop crop file.", "sowing_date_raw": "", "calculation_ready": false, "calculation_blockers_json": [ "missing_sowing_date", "missing_soil_profile" ], "geometry_hash_sha256": "93417dbd7307e3df457ecc71435c32ae197107303e9b32940587eeea03dbcadc", "source_attributes_json": { "ESRI_OID": "614", "fid": "22", "is_experimental_production": "Нет", "source_fid": "22", "В аренде": "Нет", "Дата изменения": "03.03.2026 12:32:00", "Изменил": "esb", "Интенсивность": "MAX", "История": "2013: Пар, 2014: Пшеница озимая, Соя, 2015: Пшеница озимая, 2016: Кукуруза зерновая, 2017: Пшеница яровая, 2018: Сахарная свекла, 2019: Пшеница яровая, 2020: Соя, 2021: Пшеница озимая, Пшеница яровая, 2022: Пар, Сахарная свекла, 2023: Подсолнечник, 2024: Сахарная свекла, 2025: Кукуруза зерновая, Соя, 2026: Рапс яровой", "Культура": "Рапс яровой", "Мех.состав (пески; карбонаты)": "Да", "Название": "КУР-СОЛ-0013-02", "Направление склона": "В", "Область": "Курская область", "Опытное": "Нет", "План. хозяйство": "Орошение Солнцево", "Площадь (га)": "102", "Под оптимизацию": "Нет", "Пред. предшественник": "Сахарная свекла", "Предшественник": "Кукуруза зерновая, Соя", "Район": "Солнцевский район", "Рельеф": "Пригодно", "Территория": "Орошение", "Технология": "Рапс яровой АТ гибридизация MAX Агротек", "Технология компании": "АТ семенная", "Уклон (град.)": "1.3", "Хозяйство": "Орошение Солнцево" } }, "geometry": { "type": "Polygon", "coordinates": [ [ [ 36.718883182737201, 51.558763898038599 ], [ 36.718310357623203, 51.558744981874199 ], [ 36.717736812060402, 51.558751015835497 ], [ 36.717165337114302, 51.558781970871003 ], [ 36.716598717562299, 51.558837696136798 ], [ 36.716039712130701, 51.558917920115199 ], [ 36.715491043613, 51.559022252850703 ], [ 36.714955386293902, 51.559150185952902 ], [ 36.7144353461861, 51.559301094834701 ], [ 36.713933457436902, 51.559474247094499 ], [ 36.713452164362103, 51.559668798053401 ], [ 36.7129938115648, 51.559883799139001 ], [ 36.712560633155, 51.560118205151902 ], [ 36.712154738377102, 51.5603708731553 ], [ 36.711778102626198, 51.560640573094098 ], [ 36.711762764790997, 51.560653242543403 ], [ 36.711731464791598, 51.560679096898902 ], [ 36.711638090307702, 51.560756224830101 ], [ 36.7116138483714, 51.560776249276103 ], [ 36.711605399716198, 51.560783227896202 ], [ 36.711600907241497, 51.560786939476301 ], [ 36.7115094794068, 51.560862458838699 ], [ 36.711494451490402, 51.560874871889801 ], [ 36.711432564753899, 51.560925990034903 ], [ 36.711119807304499, 51.5612257353432 ], [ 36.710841352024303, 51.561538347806902 ], [ 36.710598558962602, 51.561862305929097 ], [ 36.7103926103023, 51.562196030168103 ], [ 36.710224510359801, 51.562537896345802 ], [ 36.710095078398702, 51.562886237327902 ], [ 36.7100049459346, 51.563239356988902 ], [ 36.709954553142197, 51.563595536358399 ], [ 36.709944147057897, 51.563953036973999 ], [ 36.709973778885903, 51.564310119869099 ], [ 36.710043304895599, 51.5646650461319 ], [ 36.710152388218901, 51.565016083046899 ], [ 36.710300497052998, 51.565361523080199 ], [ 36.7104869109492, 51.565699682201199 ], [ 36.710710721710697, 51.566028913280803 ], [ 36.7109708423759, 51.566347611113201 ], [ 36.711266003625397, 51.566654223020002 ], [ 36.7115947690531, 51.5669472561042 ], [ 36.711955536064501, 51.5672252811517 ], [ 36.712346549351501, 51.567486944352197 ], [ 36.7127659008924, 51.567730968966302 ], [ 36.713211549714998, 51.5679561681617 ], [ 36.7136813245911, 51.568161443330901 ], [ 36.714172936613501, 51.568345793018203 ], [ 36.714683989077002, 51.568508321289102 ], [ 36.7152093705675, 51.568650523696697 ], [ 36.715760391772903, 51.5687701898444 ], [ 36.716308974052303, 51.568865097601403 ], [ 36.716872374042303, 51.568933585418897 ], [ 36.717445492905298, 51.568973990597698 ], [ 36.718013643186602, 51.568994082896097 ], [ 36.718591680325801, 51.568986991628996 ], [ 36.719154743447604, 51.5689567241905 ], [ 36.719726085443, 51.568902068316 ], [ 36.720281530851203, 51.5688222617432 ], [ 36.7208374640445, 51.568718699149898 ], [ 36.7213651128829, 51.568590168705803 ], [ 36.721886963095997, 51.568439831714102 ], [ 36.722388942575101, 51.568267274759997 ], [ 36.7228731183435, 51.5680647299829 ], [ 36.723331505276903, 51.567849689961001 ], [ 36.723764699856297, 51.567615245069 ], [ 36.723827786742099, 51.567575967178499 ], [ 36.724170593735998, 51.5673625369094 ], [ 36.724547208825598, 51.567092798104397 ], [ 36.724892710765303, 51.566807342252801 ], [ 36.7249200950084, 51.566781089895798 ], [ 36.725075899709601, 51.566631725232597 ], [ 36.725205416112402, 51.566507561144697 ], [ 36.7254691111741, 51.566211413254699 ], [ 36.725483801324003, 51.566194915276 ], [ 36.725484463382301, 51.566194031884301 ], [ 36.725507836647701, 51.566162831171397 ], [ 36.725584862691697, 51.566060010780902 ], [ 36.725602555909603, 51.566036391982998 ], [ 36.725726509944103, 51.565870927153902 ], [ 36.725932363383002, 51.565537176836102 ], [ 36.726100354629303, 51.5651952890926 ], [ 36.726229670707703, 51.5648469311773 ], [ 36.726319680102598, 51.564493799988 ], [ 36.726369945334298, 51.564137614810903 ], [ 36.726376901887797, 51.563895625933199 ], [ 36.726380222959399, 51.563780112854303 ], [ 36.726370332508203, 51.563661447686599 ], [ 36.7263504626724, 51.563423035290398 ], [ 36.726280811796798, 51.563068119995201 ], [ 36.726258573103699, 51.562996635681998 ], [ 36.726183665287103, 51.562755848646802 ], [ 36.726179707309903, 51.562743126731 ], [ 36.726171609895999, 51.562717098197503 ], [ 36.726124290240101, 51.562606820905799 ], [ 36.725954037035898, 51.562245947276899 ], [ 36.7259524371363, 51.562243047244301 ], [ 36.725950641404097, 51.562239791478703 ], [ 36.7259194168631, 51.562183184678098 ], [ 36.725910304352901, 51.562166664016601 ], [ 36.7258368760615, 51.562033545229703 ], [ 36.725715075288797, 51.561854462985998 ], [ 36.7256299347628, 51.561729280072001 ], [ 36.725612974570197, 51.561704343858402 ], [ 36.725352781141503, 51.5613856782618 ], [ 36.725204061452899, 51.561231239552598 ], [ 36.725057559704801, 51.561079102310302 ], [ 36.724728752056301, 51.560786107358602 ], [ 36.724367958993803, 51.560508121122801 ], [ 36.7243262681814, 51.560480226571997 ], [ 36.723976939418598, 51.560246498179701 ], [ 36.723655411717097, 51.560059424351202 ], [ 36.723582826943897, 51.5600171922882 ], [ 36.723557595962497, 51.560002512141402 ], [ 36.723371532409303, 51.559908500114297 ], [ 36.723205676458399, 51.559824697467803 ], [ 36.723111974987702, 51.559777352296997 ], [ 36.722642245027302, 51.559572114111603 ], [ 36.722150694988699, 51.559387799219401 ], [ 36.721932276813902, 51.559318340335402 ], [ 36.721905892395696, 51.559309949636898 ], [ 36.721639719780399, 51.559225303129999 ], [ 36.721222110971098, 51.559114646533999 ], [ 36.721172179014303, 51.559101415374599 ], [ 36.721114788345801, 51.559086207718501 ], [ 36.721109185553402, 51.559084854499297 ], [ 36.720646192059299, 51.558985308728602 ], [ 36.720569528934597, 51.558968825999699 ], [ 36.720525715403298, 51.558961492459602 ], [ 36.720460717800897, 51.558950613060397 ], [ 36.7200745922474, 51.558885981110201 ], [ 36.720015526220799, 51.5588760941327 ], [ 36.719855759949198, 51.558856679281703 ], [ 36.719452497234997, 51.558807672146401 ], [ 36.718883182737201, 51.558763898038599 ], [ 36.718883182737201, 51.558763898038599 ] ] ] } },
{ "type": "Feature", "properties": { "dataset_code": "KAA", "source_file": "КАА.kml", "placemark_index": 16, "organization_code": "KAA", "organization_name_raw": "КАА", "farm_name_raw": "Орошение Солнцево", "region_name_raw": "Курская область", "district_name_raw": "Солнцевский район", "field_external_key": "KAA:КУР-СОЛ-0031-2", "field_code_raw": "КУР-СОЛ-0031-2", "field_name_raw": "КУР-СОЛ-0031-2", "field_code_unique_status": "unique", "source_fid": "26", "declared_area_ha": 72.6, "geometry_area_ha": 72.604756, "area_diff_ha": 0.004756, "area_diff_pct": 0.006551, "area_quality_status": "ok", "geometry_type": "Polygon", "polygon_count": 1, "inner_ring_count": 0, "geometry_valid": true, "geometry_validity_reason": "Valid Geometry", "centroid_lon": 36.77187601, "centroid_lat": 51.474602763999997, "representative_lon": 36.771874865999997, "representative_lat": 51.474790413999997, "centroid_within_geometry": true, "weather_point_lon_candidate": 36.77187601, "weather_point_lat_candidate": 51.474602763999997, "active_2026_candidate": true, "active_reason": "kaa_crop_plan_present", "season_year_candidate": null, "crop_raw": "Пшеница яровая", "crop_code_candidate": "spring_wheat", "crop_parameter_set_candidate_key": "aquacrop_v7_3_regional_spring_wheat_kursk_oblast", "regional_crop_parameter_set_candidate_key": "aquacrop_v7_3_regional_spring_wheat_kursk_oblast", "crop_parameter_candidate_status": "resolved_from_kml_region_kursk_oblast", "crop_parameter_candidate_comment_ru": "Кандидат выбран по культуре и признаку региона 'Курская область' из KAA.kml.", "sowing_date_raw": "", "calculation_ready": false, "calculation_blockers_json": [ "missing_sowing_date", "missing_soil_profile" ], "geometry_hash_sha256": "f7bfbc62efa690c6beb0351866e8462f5754b3513bd260d4fdd57e123478e7f6", "source_attributes_json": { "ESRI_OID": "547", "fid": "26", "is_experimental_production": "Нет", "source_fid": "26", "В аренде": "Нет", "Вид семян": "Собственные", "Дата изменения": "03.03.2026 13:10:14", "Изменил": "mow\\udselis", "Интенсивность": "MAX", "История": "2016: Пшеница яровая, 2017: Соя, 2018: Пшеница яровая, 2019: Соя, 2020: Кукуруза зерновая, 2021: Кукуруза зерновая, 2022: Кукуруза зерновая, 2023: Подсолнечник, 2024: Кукуруза зерновая, 2025: Кукуруза зерновая, Соя, 2026: Пшеница яровая", "Итого семян (т; п.ед.)": "17.43", "Культура": "Пшеница яровая", "Мех.состав (пески; карбонаты)": "Нет", "Название": "КУР-СОЛ-0031-2", "Направление склона": "СВ, СЗ", "Норма высева (кг/га; п.ед./га)": "240", "Область": "Курская область", "Опытное": "Нет", "План. хозяйство": "Орошение Солнцево", "Площадь (га)": "72.6", "Под оптимизацию": "Нет", "Пред. предшественник": "Кукуруза зерновая", "Предшественник": "Кукуруза зерновая, Соя", "Район": "Солнцевский район", "Рельеф": "Непригодно", "Семена": "Семена яровой пшеницы КВС АКВИЛОН РС1 (соб.)", "Сред. норма высева (кг/га; п.ед./га)": "0", "Территория": "Орошение", "Технология": "Пшеница яровая АТ семенная орошение MAX", "Технология компании": "АТ семенная", "Уклон (град.)": "2.4", "Хозяйство": "Орошение Солнцево" } }, "geometry": { "type": "Polygon", "coordinates": [ [ [ 36.772479080072699, 51.470300428061599 ], [ 36.771874866026103, 51.470283996028499 ], [ 36.771348086757001, 51.470298322366702 ], [ 36.771270653776099, 51.470300428061599 ], [ 36.770671039103803, 51.470349597101198 ], [ 36.770080582755703, 51.4704311298036 ], [ 36.769826456548302, 51.470481036783902 ], [ 36.769503778104998, 51.470544405985301 ], [ 36.769130502053301, 51.470640708872601 ], [ 36.768945014320202, 51.4706885631063 ], [ 36.768813408436202, 51.4707312345205 ], [ 36.768408543127499, 51.470862506351203 ], [ 36.768104148993402, 51.470983288099099 ], [ 36.767898444674898, 51.471064909200102 ], [ 36.767418603277598, 51.471294233025702 ], [ 36.766972669689103, 51.471548733822303 ], [ 36.766564036846198, 51.471826473971802 ], [ 36.766195815614601, 51.472125341283899 ], [ 36.765870808738001, 51.472443060203197 ], [ 36.765697238953798, 51.472650704618601 ], [ 36.765224487060799, 51.473392850916099 ], [ 36.765178056737, 51.473484546136397 ], [ 36.765162532950598, 51.473528144330103 ], [ 36.765119183848299, 51.473649885342397 ], [ 36.765047093148397, 51.473852342969202 ], [ 36.764968089014097, 51.474225851323098 ], [ 36.764941648900297, 51.474602225308601 ], [ 36.764967974927998, 51.474978602903001 ], [ 36.765046867671302, 51.475352119939799 ], [ 36.765177728851903, 51.475719931928701 ], [ 36.765359564035101, 51.476079240909002 ], [ 36.765457881049699, 51.476227115803297 ], [ 36.765590986222001, 51.476427311108999 ], [ 36.765870240104498, 51.476761492996197 ], [ 36.765904995024499, 51.476795475864598 ], [ 36.766195200268598, 51.477079243968497 ], [ 36.766366574570299, 51.477218367934597 ], [ 36.766563391855797, 51.477378145126103 ], [ 36.766673573818601, 51.477453045929501 ], [ 36.766972013919002, 51.4776559208401 ], [ 36.767417958287197, 51.477910457201297 ], [ 36.767477783390198, 51.4779390513728 ], [ 36.767897829328902, 51.478139815991398 ], [ 36.768407974493897, 51.478342252012403 ], [ 36.768944512162001, 51.478516223141902 ], [ 36.769503354998498, 51.478660405985003 ], [ 36.770080253073999, 51.478773702575097 ], [ 36.770670812728298, 51.478855250993099 ], [ 36.771270538791697, 51.478904429275303 ], [ 36.771874866026103, 51.478920863238699 ], [ 36.772479193260502, 51.478904429275303 ], [ 36.7730789193239, 51.478855250993099 ], [ 36.773669478978199, 51.4787737031346 ], [ 36.7742463770537, 51.478660405985003 ], [ 36.7748052207886, 51.478516223141902 ], [ 36.775341759354902, 51.478342252012403 ], [ 36.7758519036216, 51.478139815991398 ], [ 36.776331774663198, 51.477910457201297 ], [ 36.7767777190315, 51.4776559208401 ], [ 36.777186341094698, 51.477378145126103 ], [ 36.777554532681897, 51.477079243968497 ], [ 36.777879491947701, 51.476761492996197 ], [ 36.778158745830197, 51.476427311108999 ], [ 36.778272251559599, 51.476256594489698 ], [ 36.778390168915401, 51.476079240909002 ], [ 36.778572003200303, 51.475719931928701 ], [ 36.778702864381003, 51.475352119939799 ], [ 36.778781757124101, 51.474978602903001 ], [ 36.778808083151901, 51.474602225308601 ], [ 36.778781643038101, 51.474225851323098 ], [ 36.778702638903802, 51.473852342969202 ], [ 36.778571675315199, 51.473484546136497 ], [ 36.778389747605502, 51.473125258124099 ], [ 36.7781582427736, 51.472777213086701 ], [ 36.777878924212501, 51.472443060203197 ], [ 36.777553916437597, 51.472125341283899 ], [ 36.777185695206001, 51.471826473971802 ], [ 36.776777062363102, 51.471548733822303 ], [ 36.776331128774601, 51.471294233025702 ], [ 36.7758512873774, 51.471064909200102 ], [ 36.775341189823003, 51.470862506351203 ], [ 36.775212281579797, 51.470820709671401 ], [ 36.774945151360399, 51.470734096738703 ], [ 36.7748047186303, 51.470688563106201 ], [ 36.7746584738004, 51.470650833254403 ], [ 36.774245954845497, 51.470544405985301 ], [ 36.773669150194799, 51.4704311298036 ], [ 36.773078694745102, 51.470349597101198 ], [ 36.772479080072699, 51.470300428061599 ], [ 36.772479080072699, 51.470300428061599 ] ] ] } },
{ "type": "Feature", "properties": { "dataset_code": "KAA", "source_file": "КАА.kml", "placemark_index": 17, "organization_code": "KAA", "organization_name_raw": "КАА", "farm_name_raw": "Орошение Горшечное", "region_name_raw": "Курская область", "district_name_raw": "Горшеченский район", "field_external_key": "KAA:КУР-ГОР-0031-2", "field_code_raw": "КУР-ГОР-0031-2", "field_name_raw": "КУР-ГОР-0031-2", "field_code_unique_status": "unique", "source_fid": "28", "declared_area_ha": 54.7, "geometry_area_ha": 54.696422, "area_diff_ha": -0.003578, "area_diff_pct": -0.006542, "area_quality_status": "ok", "geometry_type": "Polygon", "polygon_count": 1, "inner_ring_count": 1, "geometry_valid": true, "geometry_validity_reason": "Valid Geometry", "centroid_lon": 37.742622552999997, "centroid_lat": 51.440873154999998, "representative_lon": 37.742773903, "representative_lat": 51.441300173000002, "centroid_within_geometry": true, "weather_point_lon_candidate": 37.742622552999997, "weather_point_lat_candidate": 51.440873154999998, "active_2026_candidate": true, "active_reason": "kaa_crop_plan_present", "season_year_candidate": null, "crop_raw": "Кукуруза зерновая", "crop_code_candidate": "maize_grain", "crop_parameter_set_candidate_key": "aquacrop_v7_3_regional_maize_grain_kursk_oblast", "regional_crop_parameter_set_candidate_key": "aquacrop_v7_3_regional_maize_grain_kursk_oblast", "crop_parameter_candidate_status": "resolved_from_kml_region_kursk_oblast", "crop_parameter_candidate_comment_ru": "Кандидат выбран по культуре и признаку региона 'Курская область' из KAA.kml.", "sowing_date_raw": "", "calculation_ready": false, "calculation_blockers_json": [ "missing_sowing_date", "missing_soil_profile" ], "geometry_hash_sha256": "d95e9562aaaa1c9ac9d92f6e8de64d83f661bef6322cc2341bd49262ad266deb", "source_attributes_json": { "ESRI_OID": "2111", "fid": "28", "is_experimental_production": "Нет", "source_fid": "28", "В аренде": "Нет", "Дата изменения": "10.11.2025 9:57:03", "Изменил": "GEODATA", "Интенсивность": "MAX", "История": "2013: Рожь озимая, 2014: Подсолнечник, 2015: Кукуруза зерновая, 2016: Соя, 2017: Пшеница озимая, 2018: Соя, 2019: Пшеница яровая, 2020: Соя, 2021: Пар, Соя, 2022: Кукуруза зерновая, 2023: Кукуруза зерновая, 2024: Кукуруза зерновая, 2025: Рапс яровой, 2026: Кукуруза зерновая", "Культура": "Кукуруза зерновая", "Мех.состав (пески; карбонаты)": "Да", "Название": "КУР-ГОР-0031-2", "Область": "Курская область", "Ограничение сева по ХСЗР (сах.свекла)": "2016", "Опытное": "Нет", "План. хозяйство": "Орошение Горшечное", "Площадь (га)": "54.7", "Под оптимизацию": "Нет", "Пред. предшественник": "Кукуруза зерновая", "Предшественник": "Рапс яровой", "Район": "Горшеченский район", "Рельеф": "Пригодно", "Территория": "Орошение", "Технология": "Кукуруза зерновая АТ орошение MAS MAX_Кораген", "Технология компании": "АТ семенная", "Тип посевов": "Семенные", "Уклон (град.)": "1.4", "Хозяйство": "Орошение Горшечное" } }, "geometry": { "type": "Polygon", "coordinates": [ [ [ 37.747609210712497, 51.444505544160499 ], [ 37.747759133245196, 51.444406818314803 ], [ 37.747903868905503, 51.444305130397801 ], [ 37.748043268572999, 51.444200585650798 ], [ 37.7481771858223, 51.444093292674602 ], [ 37.748305481414498, 51.4439833639901 ], [ 37.748428022398997, 51.443870912678697 ], [ 37.748544681215101, 51.443756056861602 ], [ 37.748655336590097, 51.443638915220603 ], [ 37.748759872641401, 51.443519610357797 ], [ 37.748858181571201, 51.443398265436102 ], [ 37.7489501600731, 51.443275007538901 ], [ 37.7490357138241, 51.443149964310599 ], [ 37.749114752992703, 51.443023266196299 ], [ 37.749187194933903, 51.442895044762103 ], [ 37.7492529650874, 51.442765433255502 ], [ 37.749311995181301, 51.442634567164703 ], [ 37.749364222333597, 51.442502581979497 ], [ 37.749409594442, 51.442369614870799 ], [ 37.749448062099098, 51.442235805251002 ], [ 37.749479586677403, 51.442101290853998 ], [ 37.749489333398202, 51.4420521703262 ], [ 37.749489337889798, 51.442052147929303 ], [ 37.749510859727401, 51.441920387271203 ], [ 37.749525728641899, 51.4417882701186 ], [ 37.749533931158801, 51.441655926372 ], [ 37.749535458294801, 51.441523487053601 ], [ 37.749530308253199, 51.4413910826269 ], [ 37.749518486424101, 51.441258844676902 ], [ 37.749500004485498, 51.441126902550501 ], [ 37.7494748813019, 51.440995387275699 ], [ 37.749443141127998, 51.440864428762097 ], [ 37.749404814506399, 51.440734155801302 ], [ 37.749359940962997, 51.440604697745599 ], [ 37.749308563616999, 51.440476181709599 ], [ 37.749250733672199, 51.4403487353689 ], [ 37.749186507722698, 51.4402224841606 ], [ 37.749115950446999, 51.440097552963401 ], [ 37.749039130117197, 51.439974064417299 ], [ 37.748956123089997, 51.439852141723399 ], [ 37.748867011112097, 51.439731904164397 ], [ 37.748796428683598, 51.439643153672002 ], [ 37.748722518895299, 51.439555460763501 ], [ 37.748645323967999, 51.4394688752813 ], [ 37.748534747644698, 51.439352579379602 ], [ 37.748418245135497, 51.4392385538182 ], [ 37.748295935916303, 51.439126915646 ], [ 37.748167946649602, 51.439017779112902 ], [ 37.748034408489303, 51.438911257349297 ], [ 37.747895457979503, 51.438807459566803 ], [ 37.747751239748801, 51.438706492737502 ], [ 37.747601901121001, 51.4386084604741 ], [ 37.747447595708103, 51.4385134641498 ], [ 37.747288482511699, 51.438421600658401 ], [ 37.747124725025301, 51.438332965213696 ], [ 37.746956491233803, 51.438247649109897 ], [ 37.7467839554105, 51.438165739161498 ], [ 37.746607294523301, 51.438087321062802 ], [ 37.746426690032102, 51.438012474348 ], [ 37.746242326989702, 51.437941276311498 ], [ 37.7460543967373, 51.437873800887203 ], [ 37.745863092412698, 51.437810116408698 ], [ 37.745668608950297, 51.437750289529298 ], [ 37.745471148471097, 51.437694380741902 ], [ 37.745351289856004, 51.437662731301501 ], [ 37.745230475433402, 51.437632525465801 ], [ 37.745030194244201, 51.437586100354999 ], [ 37.744827660080198, 51.437543643218497 ], [ 37.744623075062499, 51.437505196625899 ], [ 37.744416643108501, 51.437470798666098 ], [ 37.7442085708308, 51.437440483507103 ], [ 37.743999065740198, 51.437414281956102 ], [ 37.743788337144302, 51.437392220339298 ], [ 37.743576595248598, 51.437374320502002 ], [ 37.743364052954099, 51.4373605998085 ], [ 37.743150920466498, 51.437351072262302 ], [ 37.742937411584698, 51.437345747945599 ], [ 37.742723739209502, 51.437344631339798 ], [ 37.74251011714, 51.437347724125097 ], [ 37.742296758276801, 51.4373550229407 ], [ 37.742083875520798, 51.437366520505002 ], [ 37.741871682670897, 51.437382205615002 ], [ 37.741660390831299, 51.437402062026898 ], [ 37.741450210207603, 51.437426070135999 ], [ 37.741241351904101, 51.437454206416497 ], [ 37.7410340243297, 51.437486442301697 ], [ 37.740828434097203, 51.437522745864001 ], [ 37.740624786022302, 51.437563080695099 ], [ 37.740423284920901, 51.437607406465602 ], [ 37.740224131117401, 51.4376556789258 ], [ 37.740027523139297, 51.437707849904797 ], [ 37.739833778990402, 51.4377638309128 ], [ 37.7396429660443, 51.437823597856898 ], [ 37.739455276540397, 51.4378870908048 ], [ 37.739270897328304, 51.437954246463498 ], [ 37.739090011664402, 51.438024997620097 ], [ 37.7389303630721, 51.438091684938101 ], [ 37.7387738190574, 51.438161172583101 ], [ 37.738620505384603, 51.438233406225002 ], [ 37.738470547817499, 51.438308325933903 ], [ 37.738324065832401, 51.438385871779801 ], [ 37.738181178006599, 51.438465981032799 ], [ 37.738042000222997, 51.438548588723002 ], [ 37.737902396637999, 51.438636377079099 ], [ 37.737766982795399, 51.4387266789536 ], [ 37.7376358754764, 51.438819417616401 ], [ 37.737509186970101, 51.438914512418002 ], [ 37.737387025973, 51.439011881588897 ], [ 37.737269498486, 51.439111441680602 ], [ 37.7371534747789, 51.439216115109602 ], [ 37.737042571468898, 51.439322922861002 ], [ 37.7369368900656, 51.439431768607101 ], [ 37.736836527587101, 51.439542552661301 ], [ 37.736740689024401, 51.439656264449198 ], [ 37.7366504532541, 51.439771743725998 ], [ 37.736565905616203, 51.439888882967601 ], [ 37.736487122467402, 51.440007573530799 ], [ 37.736414178368101, 51.440127705093701 ], [ 37.736347141590002, 51.440249166215303 ], [ 37.736286072320297, 51.440371843216198 ], [ 37.7362310298479, 51.4404956235377 ], [ 37.736182062681799, 51.440620391262598 ], [ 37.736139218432598, 51.440746030475097 ], [ 37.736102535728001, 51.440872425260601 ], [ 37.736072048703903, 51.440999457465601 ], [ 37.736051612031197, 51.441104482127599 ], [ 37.736035410016697, 51.441209793234997 ], [ 37.736021149261603, 51.441341502189502 ], [ 37.736013511785004, 51.441473424098298 ], [ 37.736012507468502, 51.441605430175699 ], [ 37.736018135413801, 51.441737390517197 ], [ 37.736030390230901, 51.441869176339999 ], [ 37.7360492602417, 51.442000657742803 ], [ 37.736074727480101, 51.442131705945599 ], [ 37.736106766793, 51.442262192170098 ], [ 37.736145345841202, 51.442391988759098 ], [ 37.736190427793701, 51.442520968616698 ], [ 37.736241967734799, 51.442649004648402 ], [ 37.736299915358799, 51.4427759708812 ], [ 37.736364214071898, 51.442901744142503 ], [ 37.736435493593099, 51.443027363081299 ], [ 37.736511116468698, 51.443148467666603 ], [ 37.736592693377901, 51.443268061292898 ], [ 37.736680147065798, 51.443386029750698 ], [ 37.736773394887202, 51.443502261630996 ], [ 37.736872347908999, 51.443616646085701 ], [ 37.736976910909803, 51.443729074507203 ], [ 37.737086986871397, 51.443839439408499 ], [ 37.737202468894502, 51.443947636662799 ], [ 37.737323247384403, 51.4440535632638 ], [ 37.737449209153603, 51.444157117885503 ], [ 37.737580232929403, 51.444258203121798 ], [ 37.737716195642498, 51.444356722126898 ], [ 37.737856966139098, 51.4444525814149 ], [ 37.7380024114685, 51.444545689739599 ], [ 37.738152393290001, 51.4446359586548 ], [ 37.738306769669897, 51.444723302513601 ], [ 37.738465392386097, 51.444807638469101 ], [ 37.738628112318402, 51.444888885913599 ], [ 37.738788020523799, 51.444963900524499 ], [ 37.738959231332103, 51.4450392638227 ], [ 37.739134108165103, 51.4451112833477 ], [ 37.739312482139503, 51.4451798896892 ], [ 37.739367082640797, 51.445199953228602 ], [ 37.7394063318322, 51.445214111077902 ], [ 37.742778115131998, 51.441561719729798 ], [ 37.742778343304103, 51.441561463281303 ], [ 37.747609210712497, 51.444505544160499 ], [ 37.747609210712497, 51.444505544160499 ] ], [ [ 37.740088420830801, 51.440873558018403 ], [ 37.740070605442, 51.440825737471201 ], [ 37.7400753584282, 51.440787218049202 ], [ 37.740108633822999, 51.440750180198997 ], [ 37.740149039146097, 51.4407294394153 ], [ 37.740270256013901, 51.440723512995397 ], [ 37.7403391828474, 51.440750180198997 ], [ 37.740367705255899, 51.440782773799903 ], [ 37.740365180989997, 51.440835629933503 ], [ 37.740360529513502, 51.440841547379797 ], [ 37.7403391828474, 51.440868701661998 ], [ 37.740313038279403, 51.4408820349433 ], [ 37.740255995258799, 51.440904257816797 ], [ 37.740182314540903, 51.440908702054301 ], [ 37.740180299619702, 51.440908551430702 ], [ 37.740123478483, 51.440895502606303 ], [ 37.740088420830801, 51.440873558018403 ], [ 37.740088420830801, 51.440873558018403 ] ] ] } },
{ "type": "Feature", "properties": { "dataset_code": "KAA", "source_file": "КАА.kml", "placemark_index": 18, "organization_code": "KAA", "organization_name_raw": "КАА", "farm_name_raw": "Орошение Горшечное", "region_name_raw": "Курская область", "district_name_raw": "Горшеченский район", "field_external_key": "KAA:КУР-ГОР-0059-02-3", "field_code_raw": "КУР-ГОР-0059-02-3", "field_name_raw": "КУР-ГОР-0059-02-3", "field_code_unique_status": "unique", "source_fid": "31", "declared_area_ha": 64.0, "geometry_area_ha": 63.998879, "area_diff_ha": -0.001121, "area_diff_pct": -0.001752, "area_quality_status": "ok", "geometry_type": "Polygon", "polygon_count": 1, "inner_ring_count": 0, "geometry_valid": true, "geometry_validity_reason": "Valid Geometry", "centroid_lon": 37.6768967, "centroid_lat": 51.487220215999997, "representative_lon": 37.676899256, "representative_lat": 51.487178276000002, "centroid_within_geometry": true, "weather_point_lon_candidate": 37.6768967, "weather_point_lat_candidate": 51.487220215999997, "active_2026_candidate": true, "active_reason": "kaa_crop_plan_present", "season_year_candidate": null, "crop_raw": "Соя", "crop_code_candidate": "soybean", "crop_parameter_set_candidate_key": "aquacrop_v7_3_regional_soybean_kursk_oblast", "regional_crop_parameter_set_candidate_key": "aquacrop_v7_3_regional_soybean_kursk_oblast", "crop_parameter_candidate_status": "resolved_from_kml_region_kursk_oblast", "crop_parameter_candidate_comment_ru": "Кандидат выбран по культуре и признаку региона 'Курская область' из KAA.kml.", "sowing_date_raw": "", "calculation_ready": false, "calculation_blockers_json": [ "missing_sowing_date", "missing_soil_profile" ], "geometry_hash_sha256": "f5df637f3ca648f2759bf4717c7cd4cd3bb59d973fc1d7cfae2e45c486073e23", "source_attributes_json": { "ESRI_OID": "1666", "fid": "31", "is_experimental_production": "Нет", "source_fid": "31", "В аренде": "Нет", "Вид семян": "Собственные", "Дата изменения": "10.11.2025 9:56:24", "Изменил": "GEODATA", "Интенсивность": "MAX", "История": "2013: Пшеница озимая, 2014: Кукуруза зерновая, 2015: Соя, 2016: Пшеница яровая, 2017: Соя, 2018: Пшеница озимая, Соя, 2019: Пшеница яровая, 2020: Соя, 2021: Залежь, Сахарная свекла, Соя, 2022: Кукуруза зерновая, Пар, 2023: Подсолнечник, Соя, 2024: Кукуруза зерновая, 2025: Кукуруза зерновая, Пар, 2026: Соя", "Итого семян (т; п.ед.)": "7.68", "Культура": "Соя", "Название": "КУР-ГОР-0059-02-3", "Направление склона": "Ю, З", "Норма высева (кг/га; п.ед./га)": "120", "Область": "Курская область", "Опытное": "Нет", "План. хозяйство": "Орошение Горшечное", "Площадь (га)": "64", "Под оптимизацию": "Нет", "Пред. предшественник": "Кукуруза зерновая", "Предшественник": "Кукуруза зерновая", "Район": "Горшеченский район", "Рельеф": "Пригодно", "Семена": "Семена сои ЕС ФАВОР РС1 (соб.)", "Сред. норма высева (кг/га; п.ед./га)": "0", "Территория": "Орошение", "Технология": "Соя АТ семенная орошение MAX", "Технология компании": "АТ семенная", "Тип посевов": "Семенные", "Хозяйство": "Орошение Горшечное" } }, "geometry": { "type": "Polygon", "coordinates": [ [ [ 37.673927837023598, 51.483601134639102 ], [ 37.673927958296098, 51.483601184427101 ], [ 37.673750878794102, 51.483657782706501 ], [ 37.673576598442402, 51.483717656285798 ], [ 37.673405274446402, 51.4837807514483 ], [ 37.673237060417897, 51.4838470122396 ], [ 37.6732208215725, 51.4838536474318 ], [ 37.673204610574899, 51.483860309474899 ], [ 37.673140086384599, 51.483887255804198 ], [ 37.672980669557703, 51.483964738229602 ], [ 37.672750291213198, 51.484076710386503 ], [ 37.672590910318803, 51.4841647468551 ], [ 37.672435585317999, 51.4842555511025 ], [ 37.672284439279899, 51.484349049829902 ], [ 37.672136614313402, 51.484445517688798 ], [ 37.671993942981601, 51.484544949066198 ], [ 37.671856578896602, 51.484647237096901 ], [ 37.671724667585302, 51.484752271559501 ], [ 37.671598352778297, 51.484859940554998 ], [ 37.671477769222697, 51.4849701277099 ], [ 37.671362218029401, 51.485083597702001 ], [ 37.6712527277693, 51.485199374920299 ], [ 37.671149417020096, 51.485317332924097 ], [ 37.671052398071097, 51.4854373447142 ], [ 37.670961776025202, 51.4855592804956 ], [ 37.670877649697204, 51.485683006558503 ], [ 37.670800108918499, 51.485808390313302 ], [ 37.670729238130797, 51.485935295255899 ], [ 37.670665114589198, 51.486063583764903 ], [ 37.670607808362199, 51.486193117101301 ], [ 37.670557380535499, 51.486323754290098 ], [ 37.670513885905997, 51.486455353798803 ], [ 37.670477372084697, 51.486587773536598 ], [ 37.670447877698898, 51.486720869176999 ], [ 37.670425435986502, 51.4868544969545 ], [ 37.6704100712019, 51.486988512546098 ], [ 37.670401798616403, 51.487122769392599 ], [ 37.6704006281117, 51.487257123174402 ], [ 37.6704065614841, 51.487391427335702 ], [ 37.670419591547301, 51.487525537000998 ], [ 37.670439704826499, 51.487659306177399 ], [ 37.670466877965502, 51.487792589992601 ], [ 37.670501083116598, 51.487925244694701 ], [ 37.670542283448803, 51.488057125973903 ], [ 37.670590432249703, 51.488188090641202 ], [ 37.670645479213697, 51.488317997186797 ], [ 37.670707365051904, 51.488446704102699 ], [ 37.670776020594097, 51.488574073238397 ], [ 37.670851372178497, 51.488699964766901 ], [ 37.670933339854898, 51.488824243896701 ], [ 37.671021831995198, 51.488946775278301 ], [ 37.671116755174701, 51.489067425800798 ], [ 37.671218005188699, 51.489186064591998 ], [ 37.671325472442703, 51.4893025641367 ], [ 37.671439040155903, 51.4894167969208 ], [ 37.671537016709003, 51.489509001372902 ], [ 37.671639005138097, 51.489599503001401 ], [ 37.671744928188197, 51.489688234695599 ], [ 37.671878450178802, 51.489793296141002 ], [ 37.672017488723498, 51.489895545550198 ], [ 37.6721618911088, 51.489994870515503 ], [ 37.672311498332903, 51.490091162544701 ], [ 37.672453051262103, 51.490176656970199 ], [ 37.672598705898899, 51.490259436788001 ], [ 37.672748328394299, 51.490339425943503 ], [ 37.672901781306102, 51.490416550619599 ], [ 37.673058922700399, 51.4904907392364 ], [ 37.673219607948603, 51.490561924688699 ], [ 37.673383688828501, 51.490630040430297 ], [ 37.673551014423097, 51.490695023830298 ], [ 37.673721431120804, 51.4907568150538 ], [ 37.673894780817697, 51.490815357621898 ], [ 37.674070904512298, 51.490870597292499 ], [ 37.674192398061301, 51.490906075913102 ], [ 37.6743045311649, 51.490937347259099 ], [ 37.674486002530401, 51.490984701418299 ], [ 37.674669694531303, 51.491028610648897 ], [ 37.6748554391826, 51.491069034130298 ], [ 37.675043065804402, 51.491105934956302 ], [ 37.675232401021901, 51.491139279576103 ], [ 37.675423273256797, 51.491169036675501 ], [ 37.675615504642799, 51.491195179973303 ], [ 37.675644322597101, 51.4911987758571 ], [ 37.675757889411997, 51.491212106745202 ], [ 37.675871818247899, 51.491224179714102 ], [ 37.675998845419002, 51.491236111730601 ], [ 37.676210953827201, 51.491252481402903 ], [ 37.676423811430404, 51.491264496750901 ], [ 37.6766371891582, 51.491272144913701 ], [ 37.676850856143503, 51.491275418062997 ], [ 37.677064579722497, 51.491274311725199 ], [ 37.677278129926798, 51.491268827577798 ], [ 37.677491274092603, 51.491258971771899 ], [ 37.677703781352797, 51.491244754372403 ], [ 37.677915423535502, 51.491226191595601 ], [ 37.678125969773497, 51.491203302453101 ], [ 37.678335191894703, 51.491176113226601 ], [ 37.678542864422099, 51.4911446518744 ], [ 37.678748761878502, 51.491108953066004 ], [ 37.678952661481702, 51.4910690553846 ], [ 37.6791543422461, 51.491025002446598 ], [ 37.679353585881202, 51.490976841223102 ], [ 37.679550175892899, 51.490924624837099 ], [ 37.679743901177197, 51.490868408648097 ], [ 37.679923554352598, 51.490811855115503 ], [ 37.680100305969603, 51.490751862205698 ], [ 37.680273986246597, 51.490688487516103 ], [ 37.680444428995301, 51.490621790880603 ], [ 37.680607677136898, 51.490553481598397 ], [ 37.680767526951797, 51.490482124977497 ], [ 37.680923832014699, 51.490407786445701 ], [ 37.681076449493197, 51.4903305342268 ], [ 37.681225239250402, 51.490250438782297 ], [ 37.681370064742197, 51.490167574488602 ], [ 37.681510793017999, 51.490082016281796 ], [ 37.681647293822003, 51.4899938435724 ], [ 37.681779444085102, 51.489903136330803 ], [ 37.681907120738202, 51.4898099784427 ], [ 37.682030207000103, 51.489714455472303 ], [ 37.682104534505001, 51.489653785434001 ], [ 37.682177013277098, 51.489592253368897 ], [ 37.682250734419199, 51.489527069271098 ], [ 37.682367673509603, 51.489417696346401 ], [ 37.682478844517597, 51.489306014740002 ], [ 37.6825841288655, 51.489192143575799 ], [ 37.682683416958902, 51.489076201978698 ], [ 37.682776603694897, 51.488958312989901 ], [ 37.682863590258798, 51.488838600770201 ], [ 37.682944284124197, 51.488717191718997 ], [ 37.682954582410602, 51.488700850222799 ], [ 37.683012492305402, 51.488604796898102 ], [ 37.683076186452297, 51.488489526152897 ], [ 37.683134269721897, 51.488373111790402 ], [ 37.683186690910297, 51.48825566008 ], [ 37.683226791704598, 51.488155003965097 ], [ 37.683262734197399, 51.488053740162002 ], [ 37.683294494134302, 51.487951936349397 ], [ 37.683322052650603, 51.487849657969299 ], [ 37.683348448746898, 51.487731930262299 ], [ 37.683369277983402, 51.487613770420602 ], [ 37.683384522393702, 51.487495280245497 ], [ 37.6833927186224, 51.487399787106298 ], [ 37.6833972892506, 51.487304199792902 ], [ 37.683397291945496, 51.487304124277898 ], [ 37.683397936037601, 51.487276463973501 ], [ 37.683398333991299, 51.487231672357197 ], [ 37.683396059457003, 51.487124879345302 ], [ 37.683395552807099, 51.487113018411897 ], [ 37.683387919822202, 51.487001796559099 ], [ 37.683375429646503, 51.486890745604001 ], [ 37.683358090364798, 51.486779946657201 ], [ 37.683332852196898, 51.486655883468799 ], [ 37.683301530637898, 51.486532358625503 ], [ 37.6832641562305, 51.486409488482799 ], [ 37.683220763110697, 51.4862873866009 ], [ 37.683171392600997, 51.486166168778297 ], [ 37.683116090515497, 51.486045947458599 ], [ 37.683054908058097, 51.485926835645998 ], [ 37.682987903619399, 51.485808944107902 ], [ 37.682915139183102, 51.485692384172602 ], [ 37.682836683021101, 51.4855772649315 ], [ 37.682752608795397, 51.485463693239502 ], [ 37.682662994659303, 51.485351775952601 ], [ 37.682626827587598, 51.485308902287997 ], [ 37.682590910247598, 51.485267521049501 ], [ 37.682567799290197, 51.485241465534202 ], [ 37.682465294329802, 51.485130974163702 ], [ 37.6823572952731, 51.485022530482297 ], [ 37.682243908121301, 51.484916241349801 ], [ 37.682125242468899, 51.484812210270398 ], [ 37.682001415096899, 51.484710537951997 ], [ 37.681872547277798, 51.484611325102897 ], [ 37.681738762979201, 51.484514667956702 ], [ 37.681600195151702, 51.484420660509798 ], [ 37.6814570216617, 51.484329487942198 ], [ 37.6813093619852, 51.484241133488702 ], [ 37.681157358954202, 51.484155682755201 ], [ 37.681001159892602, 51.484073218550598 ], [ 37.680840916615601, 51.483993820887001 ], [ 37.680794769261198, 51.483971864008197 ], [ 37.680745844315801, 51.483952378038701 ], [ 37.680595248944996, 51.483885877412703 ], [ 37.6804416154718, 51.483822127882497 ], [ 37.680260174649099, 51.483752531830497 ], [ 37.6800752402782, 51.483686598159501 ], [ 37.679887001903602, 51.483624395693603 ], [ 37.679695655358202, 51.483565988221301 ], [ 37.679501395576402, 51.483511435055398 ], [ 37.6793044237806, 51.483460793829899 ], [ 37.679104943888603, 51.4834141160242 ], [ 37.678903160716303, 51.483371449760298 ], [ 37.6786992817743, 51.483332839243801 ], [ 37.678493517268599, 51.483298324203503 ], [ 37.678286080099802, 51.483267940451803 ], [ 37.678077184067, 51.483241718205598 ], [ 37.677867043867501, 51.4832196860024 ], [ 37.677655875995399, 51.483201865665599 ], [ 37.677443898741203, 51.483188276220702 ], [ 37.677231329497197, 51.483178931097498 ], [ 37.677018388350703, 51.4831738398086 ], [ 37.676805295388903, 51.483173007949802 ], [ 37.6765922680041, 51.483176436080697 ], [ 37.676379528080098, 51.483184121403198 ], [ 37.676167293907803, 51.483196055523898 ], [ 37.675955783777503, 51.4832122255728 ], [ 37.675745215980001, 51.483232615881597 ], [ 37.675535808805698, 51.483257204627201 ], [ 37.675327776053898, 51.4832859671885 ], [ 37.675121333320199, 51.483318872789397 ], [ 37.674916693505203, 51.483355888974799 ], [ 37.674714066814801, 51.4833969765753 ], [ 37.6745136625564, 51.483442093623601 ], [ 37.674315687342499, 51.483491193116798 ], [ 37.674120345090699, 51.483544225254001 ], [ 37.673927837023598, 51.483601134639102 ], [ 37.673927837023598, 51.483601134639102 ] ] ] } },
{ "type": "Feature", "properties": { "dataset_code": "KAA", "source_file": "КАА.kml", "placemark_index": 19, "organization_code": "KAA", "organization_name_raw": "КАА", "farm_name_raw": "Орошение Солнцево", "region_name_raw": "Курская область", "district_name_raw": "Солнцевский район", "field_external_key": "KAA:КУР-СОЛ-0015-02", "field_code_raw": "КУР-СОЛ-0015-02", "field_name_raw": "КУР-СОЛ-0015-02", "field_code_unique_status": "unique", "source_fid": "32", "declared_area_ha": 69.8, "geometry_area_ha": 69.803895, "area_diff_ha": 0.003895, "area_diff_pct": 0.005581, "area_quality_status": "ok", "geometry_type": "Polygon", "polygon_count": 1, "inner_ring_count": 0, "geometry_valid": true, "geometry_validity_reason": "Valid Geometry", "centroid_lon": 36.71725631, "centroid_lat": 51.548373245000001, "representative_lon": 36.717257048, "representative_lat": 51.548328837, "centroid_within_geometry": true, "weather_point_lon_candidate": 36.71725631, "weather_point_lat_candidate": 51.548373245000001, "active_2026_candidate": true, "active_reason": "kaa_crop_plan_present", "season_year_candidate": null, "crop_raw": "Рапс яровой", "crop_code_candidate": "spring_rapeseed_proxy", "crop_parameter_set_candidate_key": "aquacrop_v7_3_regional_spring_rapeseed_proxy_kursk_oblast", "regional_crop_parameter_set_candidate_key": "aquacrop_v7_3_regional_spring_rapeseed_proxy_kursk_oblast", "crop_parameter_candidate_status": "proxy_parameter_set_requires_review", "crop_parameter_candidate_comment_ru": "Кандидат выбран по культуре и признаку региона 'Курская область' из KAA.kml. Набор ярового рапса является proxy, не official AquaCrop crop file.", "sowing_date_raw": "", "calculation_ready": false, "calculation_blockers_json": [ "missing_sowing_date", "missing_soil_profile" ], "geometry_hash_sha256": "7355964ec6ec5a28ffb2d9db1e91dcd27acbadffcaf7cfca51cdda9d4c1af7ea", "source_attributes_json": { "ESRI_OID": "519", "fid": "32", "is_experimental_production": "Нет", "source_fid": "32", "В аренде": "Нет", "Дата изменения": "20.02.2026 8:59:03", "Изменил": "esb", "Интенсивность": "MAX", "История": "2016: Пшеница яровая, 2017: Сахарная свекла, 2018: Пшеница яровая, 2019: Соя, 2020: Соя, 2021: Пшеница яровая, 2022: Пар, Сахарная свекла, 2023: Подсолнечник, 2024: Сахарная свекла, 2025: Кукуруза зерновая, 2026: Рапс яровой", "Культура": "Рапс яровой", "Мех.состав (пески; карбонаты)": "Да", "Название": "КУР-СОЛ-0015-02", "Область": "Курская область", "Опытное": "Нет", "План. хозяйство": "Орошение Солнцево", "Площадь (га)": "69.8", "Под оптимизацию": "Нет", "Пред. предшественник": "Сахарная свекла", "Предшественник": "Кукуруза зерновая", "Район": "Солнцевский район", "Рельеф": "Пригодно", "Территория": "Орошение", "Технология": "Рапс яровой АТ гибридизация MAX Агротек", "Технология компании": "АТ семенная", "Тип посевов": "Семенные", "Уклон (град.)": "1.3", "Хозяйство": "Орошение Солнцево" } }, "geometry": { "type": "Polygon", "coordinates": [ [ [ 36.7176707140218, 51.544143671028102 ], [ 36.717392006315002, 51.544136530074397 ], [ 36.717113063249599, 51.544136530074397 ], [ 36.716834353746201, 51.544143671028102 ], [ 36.716556351216902, 51.544157938965299 ], [ 36.716279520989097, 51.544179310973803 ], [ 36.7160043319832, 51.544207751288504 ], [ 36.715731245933497, 51.5442432112918 ], [ 36.715460726370502, 51.544285631189503 ], [ 36.715193225146898, 51.544334940010998 ], [ 36.715187786746199, 51.544336095899702 ], [ 36.714929196810203, 51.544391053933403 ], [ 36.714669085128101, 51.544453880192698 ], [ 36.714413327580097, 51.544523309820597 ], [ 36.7141623571544, 51.544599228819003 ], [ 36.713916596059001, 51.544681506986201 ], [ 36.713676459315501, 51.544770006856098 ], [ 36.713442350267599, 51.544864579229198 ], [ 36.7132146650724, 51.544965064290103 ], [ 36.712993787310303, 51.545071292166703 ], [ 36.712780087985699, 51.545183084047601 ], [ 36.712741049000101, 51.545205271217498 ], [ 36.712573930017903, 51.5453002521825 ], [ 36.712389106139803, 51.545414301592601 ], [ 36.712375659258299, 51.545422599324198 ], [ 36.712185609880102, 51.545549917052199 ], [ 36.7120041043786, 51.545681993036503 ], [ 36.711831446384402, 51.545818603216198 ], [ 36.711667926951499, 51.545959516827899 ], [ 36.711513823659502, 51.546104499199203 ], [ 36.711369397019702, 51.546253302252097 ], [ 36.711234887780599, 51.546405677352098 ], [ 36.7111105250127, 51.546561366928898 ], [ 36.710996517124997, 51.546720107828698 ], [ 36.7108930581538, 51.5468816341074 ], [ 36.710800320575402, 51.5470456720032 ], [ 36.7107184633918, 51.547211946081802 ], [ 36.710647622248501, 51.547380175326403 ], [ 36.710587918418099, 51.547550074813699 ], [ 36.710539450715302, 51.547721360182898 ], [ 36.710502302683302, 51.547893740932601 ], [ 36.710476538102597, 51.548066928241496 ], [ 36.710462198295801, 51.548240628264999 ], [ 36.710459308415501, 51.548414548838899 ], [ 36.710467872953402, 51.548588397244899 ], [ 36.710482917937803, 51.548718860621499 ], [ 36.710487879333101, 51.5487618802104 ], [ 36.710519290723603, 51.548934703908699 ], [ 36.710562057717702, 51.549106577869402 ], [ 36.710616106653298, 51.549277213301899 ], [ 36.7106813476992, 51.549446320302998 ], [ 36.710743450031401, 51.5495824482757 ], [ 36.710757668565698, 51.549613615118098 ], [ 36.7107885050345, 51.5496719837626 ], [ 36.710844944387098, 51.549778815113903 ], [ 36.7109430233482, 51.549941642129703 ], [ 36.711051743752101, 51.550101821360002 ], [ 36.7111709214442, 51.550259081913097 ], [ 36.711300355201899, 51.550413160162002 ], [ 36.711392781064902, 51.550512983323799 ], [ 36.711439826734598, 51.550563795275799 ], [ 36.711589100683703, 51.550710733129399 ], [ 36.711747927317496, 51.550853726302996 ], [ 36.711916037141499, 51.550992532965097 ], [ 36.712093146287899, 51.551126920223403 ], [ 36.712278957414497, 51.551256660214101 ], [ 36.712473157009299, 51.551381535129302 ], [ 36.712675416288803, 51.551501333306497 ], [ 36.712885395689803, 51.551615853138102 ], [ 36.713102741276202, 51.551724901953897 ], [ 36.713327084738602, 51.551828296021199 ], [ 36.713558049683002, 51.551925858868003 ], [ 36.713795246240501, 51.5520174291036 ], [ 36.714038273762498, 51.552102849804498 ], [ 36.714286721718999, 51.552181978010402 ], [ 36.714540173291503, 51.552254680255402 ], [ 36.714798198187196, 51.552320833125599 ], [ 36.7150603643164, 51.5523803260525 ], [ 36.715326227012902, 51.552433057960897 ], [ 36.715595338017501, 51.552478941178897 ], [ 36.7158672445793, 51.5525178958517 ], [ 36.716141488557497, 51.552549858319999 ], [ 36.716417606421302, 51.552574773859099 ], [ 36.716472126074201, 51.552578276086997 ], [ 36.716695131945201, 51.552592601146202 ], [ 36.716783404896503, 51.552595995569 ], [ 36.716973598005097, 51.552603310027102 ], [ 36.717252533884, 51.552606880956802 ], [ 36.7175314706612, 51.552603310027102 ], [ 36.717809936721203, 51.552592601146202 ], [ 36.718088055133101, 51.552579575318603 ], [ 36.718368517249701, 51.552554450877302 ], [ 36.718637095553298, 51.5525234156379 ], [ 36.718919934612103, 51.552482034540901 ], [ 36.719207526657101, 51.552434742610501 ], [ 36.719378323341999, 51.552400996543298 ], [ 36.719461844205497, 51.552384494112601 ], [ 36.7197161617541, 51.552326856209099 ], [ 36.719981174644403, 51.552262567864098 ], [ 36.720230738308402, 51.5521894120699 ], [ 36.7204874319008, 51.5521096057671 ], [ 36.720719169396297, 51.5520253653496 ], [ 36.720958037718603, 51.551930040934202 ], [ 36.721200471454203, 51.551830282325398 ], [ 36.7214113967812, 51.551727397687102 ], [ 36.721628741469303, 51.551618348877199 ], [ 36.721838720870302, 51.551503829051903 ], [ 36.722040980149799, 51.551384030881401 ], [ 36.722235179744601, 51.5512591559729 ], [ 36.722420991769503, 51.551129415989401 ], [ 36.722598100916002, 51.550995028738498 ], [ 36.722766210739898, 51.550856222084001 ], [ 36.722925036475402, 51.550713228918198 ], [ 36.722970396007398, 51.550668578967198 ], [ 36.723074310424501, 51.550566291072698 ], [ 36.723213782855503, 51.5504156559671 ], [ 36.723343216613202, 51.550261577726701 ], [ 36.723447453525502, 51.550124031268297 ], [ 36.723462393406997, 51.550104317182303 ], [ 36.723571113810898, 51.549944137960701 ], [ 36.723669193670197, 51.549781310953797 ], [ 36.7237564685934, 51.549616110967101 ], [ 36.723832789459898, 51.549448816161203 ], [ 36.723898029607398, 51.549279709169397 ], [ 36.7239520785431, 51.549109073746202 ], [ 36.723994845537199, 51.548937199794999 ], [ 36.724026258724301, 51.548764376106099 ], [ 36.7240331317346, 51.548704773430401 ], [ 36.724046264205697, 51.548590893150198 ], [ 36.724054829642, 51.548417044753698 ], [ 36.724051939761701, 51.548243124189298 ], [ 36.7240344729193, 51.548069145421799 ], [ 36.7240306272315, 51.5480432945117 ], [ 36.724008707440298, 51.547895958121401 ], [ 36.723971560306701, 51.547723577380097 ], [ 36.723923093502101, 51.547552292019198 ], [ 36.723863389671699, 51.5473823925402 ], [ 36.723786606172801, 51.547211946081802 ], [ 36.723704748090903, 51.5470456720032 ], [ 36.7236120114109, 51.5468816341074 ], [ 36.723508550642897, 51.546720107828698 ], [ 36.723394543653598, 51.546561366928898 ], [ 36.723270180885699, 51.546405677352098 ], [ 36.723135671646602, 51.546253302252097 ], [ 36.722991245006803, 51.546104499199203 ], [ 36.722837141714798, 51.545959516827899 ], [ 36.722673623180199, 51.545818603216198 ], [ 36.722500965186001, 51.545681993036503 ], [ 36.722483265679898, 51.545669113273398 ], [ 36.722319458786203, 51.545549917052199 ], [ 36.722272710458803, 51.545518599382198 ], [ 36.722129410306401, 51.545422599324198 ], [ 36.721931138648401, 51.5453002521825 ], [ 36.721724979782302, 51.545183084047601 ], [ 36.7216559631173, 51.545146978965498 ], [ 36.721652100361602, 51.545144958291203 ], [ 36.721511282254298, 51.545071292166703 ], [ 36.721290403593898, 51.544965064290103 ], [ 36.721062719297002, 51.544864579229198 ], [ 36.7208286102491, 51.544770006856098 ], [ 36.720588472607403, 51.544681506986201 ], [ 36.720342712410201, 51.544599228819003 ], [ 36.7200917410862, 51.544523309820597 ], [ 36.7198359844365, 51.544453880192599 ], [ 36.7195758718562, 51.544391053933403 ], [ 36.719311842621103, 51.544334940010998 ], [ 36.719115225659898, 51.5442986968228 ], [ 36.719044343194099, 51.544285631189503 ], [ 36.718782232760503, 51.544244530314799 ], [ 36.718773821834503, 51.5442432112918 ], [ 36.718500736682998, 51.544207751288504 ], [ 36.7182255476772, 51.544179310973803 ], [ 36.717948718347699, 51.544157938965299 ], [ 36.7176707140218, 51.544143671028102 ], [ 36.7176707140218, 51.544143671028102 ] ] ] } },
{ "type": "Feature", "properties": { "dataset_code": "KAA", "source_file": "КАА.kml", "placemark_index": 20, "organization_code": "KAA", "organization_name_raw": "КАА", "farm_name_raw": "Орошение Горшечное", "region_name_raw": "Курская область", "district_name_raw": "Горшеченский район", "field_external_key": "KAA:КУР-ГОР-0064-02", "field_code_raw": "КУР-ГОР-0064-02", "field_name_raw": "КУР-ГОР-0064-02", "field_code_unique_status": "unique", "source_fid": "33", "declared_area_ha": 42.9, "geometry_area_ha": 42.901897, "area_diff_ha": 0.001897, "area_diff_pct": 0.004422, "area_quality_status": "ok", "geometry_type": "Polygon", "polygon_count": 1, "inner_ring_count": 0, "geometry_valid": true, "geometry_validity_reason": "Valid Geometry", "centroid_lon": 37.653958058000001, "centroid_lat": 51.445121053000001, "representative_lon": 37.653961191, "representative_lat": 51.445083007000001, "centroid_within_geometry": true, "weather_point_lon_candidate": 37.653958058000001, "weather_point_lat_candidate": 51.445121053000001, "active_2026_candidate": true, "active_reason": "kaa_crop_plan_present", "season_year_candidate": null, "crop_raw": "Пшеница яровая", "crop_code_candidate": "spring_wheat", "crop_parameter_set_candidate_key": "aquacrop_v7_3_regional_spring_wheat_kursk_oblast", "regional_crop_parameter_set_candidate_key": "aquacrop_v7_3_regional_spring_wheat_kursk_oblast", "crop_parameter_candidate_status": "resolved_from_kml_region_kursk_oblast", "crop_parameter_candidate_comment_ru": "Кандидат выбран по культуре и признаку региона 'Курская область' из KAA.kml.", "sowing_date_raw": "", "calculation_ready": false, "calculation_blockers_json": [ "missing_sowing_date", "missing_soil_profile" ], "geometry_hash_sha256": "94fa6123af2f9b4c5dcd84b66eda16636cae198dc7282d73dad5d415eca05d53", "source_attributes_json": { "ESRI_OID": "2027", "fid": "33", "is_experimental_production": "Нет", "source_fid": "33", "В аренде": "Нет", "Вид семян": "Собственные", "Дата изменения": "10.11.2025 9:56:52", "Изменил": "GEODATA", "Интенсивность": "MAX", "История": "2013: Рожь озимая, 2014: Соя, 2015: Пшеница озимая, 2016: Соя, 2017: Соя, 2018: Пшеница яровая, 2019: Соя, 2020: Соя, 2021: Залежь, Пшеница яровая, 2022: Кукуруза зерновая, Соя, 2023: Кукуруза зерновая, 2024: Кукуруза зерновая, 2025: Подсолнечник, 2026: Пшеница яровая", "Итого семян (т; п.ед.)": "10.3", "Культура": "Пшеница яровая", "Мех.состав (пески; карбонаты)": "Нет", "Название": "КУР-ГОР-0064-02", "Направление склона": "Ю, З", "Норма высева (кг/га; п.ед./га)": "240", "Область": "Курская область", "Опытное": "Нет", "План. хозяйство": "Орошение Горшечное", "Площадь (га)": "42.9", "Под оптимизацию": "Нет", "Пред. предшественник": "Кукуруза зерновая", "Предшественник": "Подсолнечник", "Район": "Горшеченский район", "Рельеф": "Пригодно", "Семена": "Семена яровой пшеницы КВС АКВИЛОН РС1 (соб.)", "Сред. норма высева (кг/га; п.ед./га)": "0", "Территория": "Орошение", "Технология": "Пшеница яровая АТ семенная орошение MAX", "Технология компании": "АТ семенная", "Тип посевов": "Семенные", "Уклон (град.)": "1.6", "Хозяйство": "Орошение Горшечное" } }, "geometry": { "type": "Polygon", "coordinates": [ [ [ 37.650826533005102, 51.4478048524998 ], [ 37.6509573115408, 51.447862213488897 ], [ 37.651090796700402, 51.447917098175203 ], [ 37.651226869008099, 51.447969458420097 ], [ 37.651365404496197, 51.448019246085202 ], [ 37.651506278299102, 51.448066416390702 ], [ 37.651672455846899, 51.448117798964901 ], [ 37.651841406494, 51.448165540215797 ], [ 37.652012924526097, 51.448209581370499 ], [ 37.652186802432503, 51.448249869254099 ], [ 37.652362828210698, 51.448286354609699 ], [ 37.652540788061799, 51.4483189937784 ], [ 37.652720465491598, 51.448347746459397 ], [ 37.652901642209699, 51.448372577949399 ], [ 37.653084097230398, 51.448393457463197 ], [ 37.653267609568303, 51.448410360932797 ], [ 37.653451956441003, 51.4484232665286 ], [ 37.653636912371503, 51.4484321591381 ], [ 37.653826773103397, 51.448437096428002 ], [ 37.654016796430398, 51.448437805194096 ], [ 37.6542067380107, 51.448434284317102 ], [ 37.654396357994102, 51.448426538274603 ], [ 37.654585412038898, 51.448414576582003 ], [ 37.6547736602949, 51.448398415471502 ], [ 37.654960862911899, 51.448378075093302 ], [ 37.655146780938097, 51.448353581194503 ], [ 37.655331176319798, 51.448324965680101 ], [ 37.655513813698498, 51.448292263812597 ], [ 37.655694461308897, 51.448255518131802 ], [ 37.655872888283902, 51.448214775655401 ], [ 37.656048867349703, 51.4481700878788 ], [ 37.656222173029299, 51.448121512455103 ], [ 37.656392584336999, 51.4480691103956 ], [ 37.6565598847789, 51.448012948869497 ], [ 37.6567238605559, 51.4479531000839 ], [ 37.656884302360602, 51.447889639604497 ], [ 37.657041005377103, 51.4478226491551 ], [ 37.657193769281001, 51.447752213258099 ], [ 37.657342400934702, 51.4476784225945 ], [ 37.657486708996899, 51.447601370643902 ], [ 37.657626509312998, 51.447521156484903 ], [ 37.657761624914798, 51.447437881435299 ], [ 37.657891882427698, 51.447351651851697 ], [ 37.658017116561503, 51.447262578569898 ], [ 37.658137166517697, 51.447170774665601 ], [ 37.658251879582799, 51.447076357133703 ], [ 37.658361109331501, 51.446979446328903 ], [ 37.658464716524797, 51.446880166525602 ], [ 37.658553728789698, 51.446788161420002 ], [ 37.658637911711601, 51.446694407660502 ], [ 37.658717177255603, 51.446599002653599 ], [ 37.658791441878499, 51.4465020471659 ], [ 37.658860627426698, 51.446403643083798 ], [ 37.658928295720401, 51.446297939164801 ], [ 37.658990104303598, 51.446190849871897 ], [ 37.659045979514197, 51.446082501727098 ], [ 37.659099237034098, 51.445965551373199 ], [ 37.659145979971598, 51.445847523513201 ], [ 37.659186153529497, 51.445728559228698 ], [ 37.659219710096899, 51.445608801282098 ], [ 37.659246608351502, 51.445488391877497 ], [ 37.659266816852103, 51.445367474340202 ], [ 37.659280311344297, 51.445246194236397 ], [ 37.659287076556701, 51.445124695454403 ], [ 37.6592889890699, 51.445043175203899 ], [ 37.659286215072299, 51.444961664885902 ], [ 37.659278757258903, 51.444880268080098 ], [ 37.659261646149297, 51.4447624658509 ], [ 37.659237791387, 51.444645119070998 ], [ 37.659207222616097, 51.444528378915599 ], [ 37.659169979362801, 51.444412393761702 ], [ 37.659126109237498, 51.444297311988002 ], [ 37.659075667936001, 51.444183280854801 ], [ 37.659018719238603, 51.444070445944 ], [ 37.6589553377054, 51.443958951159303 ], [ 37.658885603286599, 51.443848939845701 ], [ 37.658809604915199, 51.443740551430203 ], [ 37.658727440507697, 51.443633924780798 ], [ 37.6586392133704, 51.443529197087301 ], [ 37.658545038487603, 51.443426500500898 ], [ 37.658445034436902, 51.443325967733998 ], [ 37.658339329677503, 51.443227726460599 ], [ 37.6582280598548, 51.443131902675503 ], [ 37.658111366004398, 51.443038618455098 ], [ 37.657989397246702, 51.442947993076601 ], [ 37.657862310786797, 51.4428601424584 ], [ 37.657730267423197, 51.442775179159497 ], [ 37.657600679155301, 51.442700785820797 ], [ 37.657467880308502, 51.442628624754398 ], [ 37.657331970595898, 51.442558749723098 ], [ 37.657193051527102, 51.442491213929699 ], [ 37.657051226408399, 51.442426066657703 ], [ 37.656893661009299, 51.442358376129803 ], [ 37.6567322930415, 51.442294261164797 ], [ 37.656567329117699, 51.442233804646399 ], [ 37.656398984833402, 51.442177084978297 ], [ 37.656227475784398, 51.442124175524697 ], [ 37.656053025651197, 51.442075145169497 ], [ 37.6558758599109, 51.442030056076902 ], [ 37.655696206735499, 51.441988968170598 ], [ 37.655514298788802, 51.441951933534597 ], [ 37.655330372327597, 51.441919000332597 ], [ 37.655144664507297, 51.441890211127699 ], [ 37.654957415177897, 51.441865603443098 ], [ 37.654768867782899, 51.441845209201198 ], [ 37.654579265765697, 51.441829054724501 ], [ 37.654388854366502, 51.441817160174701 ], [ 37.654197879723696, 51.441809541793198 ], [ 37.654006588873798, 51.441806209660797 ], [ 37.653815229751999, 51.441807167138002 ], [ 37.653624049394899, 51.4418124131046 ], [ 37.653433295737599, 51.441821941960001 ], [ 37.653243215816701, 51.441835740263002 ], [ 37.653054053974103, 51.441853790092402 ], [ 37.652866056348103, 51.441876068485797 ], [ 37.6526794654837, 51.441902546880897 ], [ 37.652494523027997, 51.441933190554998 ], [ 37.652311467932698, 51.441967960304801 ], [ 37.652130538251299, 51.442006810766799 ], [ 37.651951966647502, 51.442049691537498 ], [ 37.6517759839885, 51.442096547173001 ], [ 37.651602819344397, 51.442147317189097 ], [ 37.651432695497498, 51.442201936061799 ], [ 37.651265833433499, 51.442260333227097 ], [ 37.651102448747999, 51.442322432521202 ], [ 37.650942752544999, 51.442388153860101 ], [ 37.650786951436999, 51.442457412680298 ], [ 37.650632831076997, 51.4425313209655 ], [ 37.6504831465978, 51.442608690546301 ], [ 37.6503380983239, 51.442689417820397 ], [ 37.650197879392799, 51.4427733941464 ], [ 37.650062677552697, 51.442860508642902 ], [ 37.649932674263098, 51.442950644270098 ], [ 37.649810386603498, 51.443041865390803 ], [ 37.649693423258498, 51.443135758788699 ], [ 37.649581934247003, 51.443232205186398 ], [ 37.649476062400801, 51.443331080267697 ], [ 37.649375944264101, 51.443432256357902 ], [ 37.649281708295803, 51.443535603543197 ], [ 37.649193475768598, 51.443640989111302 ], [ 37.649111359870197, 51.443748278111002 ], [ 37.649035466601703, 51.443857332792803 ], [ 37.648965892981302, 51.443968011488998 ], [ 37.648902728840397, 51.444080173652701 ], [ 37.648846055027398, 51.444193674819097 ], [ 37.648795943407599, 51.4443083682851 ], [ 37.648752460456301, 51.444424107349001 ], [ 37.648715660072398, 51.444540743070696 ], [ 37.648685591663202, 51.444658125392102 ], [ 37.648662291161301, 51.444776103696398 ], [ 37.648645790906201, 51.444894526808802 ], [ 37.648636360392402, 51.445008615514197 ], [ 37.648633239645001, 51.445122838867398 ], [ 37.6486364349525, 51.445237061375103 ], [ 37.648645940026498, 51.445351146985203 ], [ 37.648661744985603, 51.445464960206998 ], [ 37.648683830965197, 51.445578366670802 ], [ 37.648713051364801, 51.445694370138803 ], [ 37.648748842940599, 51.445809655547002 ], [ 37.648791161675398, 51.445924078452499 ], [ 37.648839953669999, 51.446037495533503 ], [ 37.648895158737503, 51.4461497645893 ], [ 37.648956706809201, 51.446260744540098 ], [ 37.64902452063, 51.446370297107002 ], [ 37.649098516656601, 51.446478284012002 ], [ 37.649178599667501, 51.446584569777897 ], [ 37.649264670848098, 51.4466890217277 ], [ 37.649356622400603, 51.446791508305303 ], [ 37.649454338442297, 51.446891901874501 ], [ 37.649535959368997, 51.446970048438303 ], [ 37.6496210729455, 51.447046733623601 ], [ 37.649734767321199, 51.447142465774498 ], [ 37.649853905487397, 51.447235591568997 ], [ 37.649978332035701, 51.447325990093198 ], [ 37.6501078888626, 51.447413545472401 ], [ 37.6502424061865, 51.447498144071702 ], [ 37.650381712429201, 51.447579677295103 ], [ 37.650525627029303, 51.447658039906102 ], [ 37.650673964035498, 51.447733130587302 ], [ 37.650826533005102, 51.4478048524998 ], [ 37.650826533005102, 51.4478048524998 ] ] ] } },
{ "type": "Feature", "properties": { "dataset_code": "KAA", "source_file": "КАА.kml", "placemark_index": 21, "organization_code": "KAA", "organization_name_raw": "КАА", "farm_name_raw": "Орошение Солнцево", "region_name_raw": "Курская область", "district_name_raw": "Солнцевский район", "field_external_key": "KAA:КУР-СОЛ-0019-02", "field_code_raw": "КУР-СОЛ-0019-02", "field_name_raw": "КУР-СОЛ-0019-02", "field_code_unique_status": "unique", "source_fid": "34", "declared_area_ha": 126.4, "geometry_area_ha": 126.395101, "area_diff_ha": -0.004899, "area_diff_pct": -0.003876, "area_quality_status": "ok", "geometry_type": "Polygon", "polygon_count": 1, "inner_ring_count": 0, "geometry_valid": true, "geometry_validity_reason": "Valid Geometry", "centroid_lon": 36.703662293000001, "centroid_lat": 51.537232871999997, "representative_lon": 36.703662293999997, "representative_lat": 51.537239090999996, "centroid_within_geometry": true, "weather_point_lon_candidate": 36.703662293000001, "weather_point_lat_candidate": 51.537232871999997, "active_2026_candidate": true, "active_reason": "kaa_crop_plan_present", "season_year_candidate": null, "crop_raw": "Соя", "crop_code_candidate": "soybean", "crop_parameter_set_candidate_key": "aquacrop_v7_3_regional_soybean_kursk_oblast", "regional_crop_parameter_set_candidate_key": "aquacrop_v7_3_regional_soybean_kursk_oblast", "crop_parameter_candidate_status": "resolved_from_kml_region_kursk_oblast", "crop_parameter_candidate_comment_ru": "Кандидат выбран по культуре и признаку региона 'Курская область' из KAA.kml.", "sowing_date_raw": "", "calculation_ready": false, "calculation_blockers_json": [ "missing_sowing_date", "missing_soil_profile" ], "geometry_hash_sha256": "57ae33a39c80735677d41d53fc10a80ea4a859fbcc6fcbf127aae16008e3e288", "source_attributes_json": { "ESRI_OID": "1198", "fid": "34", "is_experimental_production": "Нет", "source_fid": "34", "В аренде": "Нет", "Вид семян": "Собственные", "Дата изменения": "10.11.2025 9:55:29", "Изменил": "GEODATA", "Интенсивность": "MAX", "История": "2013: Ячмень яровой пив., 2014: Пшеница озимая, 2015: Соя, 2016: Пшеница озимая, 2017: Соя, 2018: Гречиха, Пшеница яровая, 2019: Пар, 2020: Сахарная свекла, 2021: Пшеница яровая, 2022: Горох, Пар, 2023: Кукуруза зерновая, 2024: Кукуруза зерновая, Подсолнечник, Соя, 2025: Кукуруза зерновая, 2026: Соя", "Итого семян (т; п.ед.)": "15.17", "Культура": "Соя", "Мех.состав (пески; карбонаты)": "Да", "Название": "КУР-СОЛ-0019-02", "Направление склона": "ЮЗ", "Норма высева (кг/га; п.ед./га)": "120", "Область": "Курская область", "Ограничение сева по ХСЗР (сах.свекла)": "2017", "Опытное": "Нет", "План. хозяйство": "Орошение Солнцево", "Площадь (га)": "126.4", "Под оптимизацию": "Нет", "Пред. предшественник": "Кукуруза зерновая, Подсолнечник", "Предшественник": "Кукуруза зерновая", "Район": "Солнцевский район", "Рельеф": "Пригодно", "Семена": "Семена сои ЕС ФАВОР РС1 (соб.)", "Сред. норма высева (кг/га; п.ед./га)": "0", "Территория": "Орошение", "Технология": "Соя АТ семенная орошение MAX", "Технология компании": "АТ семенная", "Тип посевов": "Семенные", "Уклон (град.)": "1.5", "Хозяйство": "Орошение Солнцево" } }, "geometry": { "type": "Polygon", "coordinates": [ [ [ 36.704148830394097, 51.531539188160302 ], [ 36.703824540373098, 51.531532006110801 ], [ 36.703749356773798, 51.531532006110801 ], [ 36.703677184327198, 51.531532006110801 ], [ 36.703500046434698, 51.531532006110801 ], [ 36.703175757312003, 51.531539188160302 ], [ 36.702852079942097, 51.531553543314701 ], [ 36.702529423956697, 51.531575053125898 ], [ 36.702462172481297, 51.531581048779202 ], [ 36.702416528183399, 51.531585118156002 ], [ 36.702208195394299, 51.5316036913188 ], [ 36.701888796699997, 51.5316394209976 ], [ 36.701571633014296, 51.531682196880702 ], [ 36.701257102290498, 51.531731965859699 ], [ 36.701165882864998, 51.531748569664202 ], [ 36.701042242342602, 51.531771074649598 ], [ 36.700945599787701, 51.531788665323504 ], [ 36.700714801929898, 51.531836279920903 ], [ 36.700688879245803, 51.531841627863301 ], [ 36.700637520764403, 51.531852223157998 ], [ 36.7003332505979, 51.531922559981602 ], [ 36.700033173767103, 51.531999586910203 ], [ 36.699773716058502, 51.532073006520498 ], [ 36.699737667564499, 51.532083207233903 ], [ 36.699686519288903, 51.532099069355503 ], [ 36.699447105689202, 51.532173315299502 ], [ 36.699161852857301, 51.532269797069397 ], [ 36.698882269293101, 51.532372532357599 ], [ 36.698636872913603, 51.532470181630501 ], [ 36.698608705339602, 51.532481390358697 ], [ 36.698567122325102, 51.532499263518702 ], [ 36.698341507746498, 51.532596235236902 ], [ 36.698081011585501, 51.532716921096799 ], [ 36.697827545639903, 51.532843295895297 ], [ 36.697581429709899, 51.5329752020005 ], [ 36.697543462414401, 51.532997058719502 ], [ 36.697342973714399, 51.533112472280898 ], [ 36.697112477690602, 51.533254934016703 ], [ 36.696890231794299, 51.533402407224202 ], [ 36.696813682755703, 51.533456958800997 ], [ 36.696765922026998, 51.533490994409803 ], [ 36.696676517198298, 51.533554706332197 ], [ 36.696471601600599, 51.533711640182503 ], [ 36.696275744614098, 51.533873010353503 ], [ 36.6961198869123, 51.534011365904199 ], [ 36.696106590049503, 51.5340231699303 ], [ 36.696089193275697, 51.5340386128372 ], [ 36.6959121811473, 51.5342082408336 ], [ 36.6957835010761, 51.534341684134603 ], [ 36.695744931909402, 51.534381680838898 ], [ 36.695587656666099, 51.534558712087303 ], [ 36.695440554843302, 51.534739113256798 ], [ 36.695355793406399, 51.534852882362699 ], [ 36.695324250861802, 51.5348952182554 ], [ 36.695303808799203, 51.534922656322898 ], [ 36.695177593705097, 51.535109109911097 ], [ 36.695062067664701, 51.535298240973802 ], [ 36.695039882870397, 51.535338836968002 ], [ 36.694957377103201, 51.535489808085202 ], [ 36.6948636531746, 51.535683573175902 ], [ 36.694807625250398, 51.535816265628597 ], [ 36.694781013558398, 51.535879290357002 ], [ 36.694709564255596, 51.536076712067697 ], [ 36.694649394199601, 51.536275591868403 ], [ 36.694646592354196, 51.536287076250197 ], [ 36.694636722564198, 51.536327529993997 ], [ 36.6946005788487, 51.536475678295098 ], [ 36.694591077367903, 51.5365267540163 ], [ 36.694582343048403, 51.536573706549497 ], [ 36.694563181085101, 51.536676718211602 ], [ 36.694552496523102, 51.536759835996897 ], [ 36.694546041229501, 51.536810053698602 ], [ 36.694537247621199, 51.536878460162399 ], [ 36.694525464419598, 51.537043495746097 ], [ 36.694522811694597, 51.5370806482265 ], [ 36.694521159692698, 51.537195151833998 ], [ 36.694519891271597, 51.537283029280999 ], [ 36.694528489945498, 51.537485346296499 ], [ 36.694534936255899, 51.537550106437301 ], [ 36.694539850040599, 51.537599470610097 ], [ 36.6945485969365, 51.537687346158997 ], [ 36.694580187990098, 51.5378887740832 ], [ 36.694600182691701, 51.5379819778558 ], [ 36.694613219941402, 51.538042748950502 ], [ 36.694623222682097, 51.538089375287903 ], [ 36.694677648011897, 51.538288898349101 ], [ 36.694728336350103, 51.538441697385899 ], [ 36.694743393910898, 51.538487090170896 ], [ 36.6947541844741, 51.538514647878898 ], [ 36.6948203786324, 51.538683702131401 ], [ 36.694908505158402, 51.538878486171903 ], [ 36.694946796745697, 51.538952907117498 ], [ 36.694958643727702, 51.538975931518202 ], [ 36.695007662097801, 51.539071198148498 ], [ 36.695117726381298, 51.539261592804202 ], [ 36.6951633985271, 51.5393325936857 ], [ 36.695238556973599, 51.5394494321488 ], [ 36.695370002957603, 51.539634478195801 ], [ 36.695511899043197, 51.539816499108298 ], [ 36.695598909861602, 51.539918718423102 ], [ 36.6956115123267, 51.539933523501702 ], [ 36.695664067364099, 51.539995264169598 ], [ 36.695826313884197, 51.5401705482533 ], [ 36.695998435584201, 51.540342131264403 ], [ 36.696180215970202, 51.540509797021002 ], [ 36.696371425971698, 51.540673333254901 ], [ 36.696571824840198, 51.540832534962497 ], [ 36.696781159250897, 51.540987199935998 ], [ 36.696999165997298, 51.541137134908098 ], [ 36.697225570195002, 51.541282149964999 ], [ 36.697241865634197, 51.5412918720371 ], [ 36.697460087077999, 51.541422063015403 ], [ 36.697702420202297, 51.541556696997297 ], [ 36.697952265937303, 51.5416858832291 ], [ 36.698209307177699, 51.541809458057799 ], [ 36.698473222326797, 51.5419272650932 ], [ 36.698743677210999, 51.542039156883597 ], [ 36.699020331369098, 51.542144993239802 ], [ 36.699302836254603, 51.542244637882199 ], [ 36.6995908352363, 51.5423379679386 ], [ 36.699883967191703, 51.542424866122097 ], [ 36.700177698323301, 51.542504097758801 ], [ 36.700181860218002, 51.542505220172501 ], [ 36.700469131564297, 51.542575270128197 ], [ 36.700484140616098, 51.542578930118403 ], [ 36.700790426602197, 51.5426459038083 ], [ 36.701100332798802, 51.542706056350802 ], [ 36.701413469337098, 51.5427593123501 ], [ 36.701729438263598, 51.542805603111397 ], [ 36.702047844319402, 51.542844872228699 ], [ 36.702368285957697, 51.5428770683206 ], [ 36.702690358038097, 51.542902152294197 ], [ 36.702696138697, 51.542902472980899 ], [ 36.703013655420698, 51.542920092315804 ], [ 36.703178152220602, 51.542925559632501 ], [ 36.703337770270203, 51.542930864929197 ], [ 36.703340525403199, 51.542930895657001 ], [ 36.703662292954803, 51.542934457289597 ], [ 36.703986817435997, 51.542930864929197 ], [ 36.704298926301703, 51.542920491218801 ], [ 36.704310932285402, 51.542920092315804 ], [ 36.704355309060503, 51.542917629620703 ], [ 36.704634228769699, 51.542902152294197 ], [ 36.704956300850199, 51.5428770683206 ], [ 36.705276741590097, 51.542844872228699 ], [ 36.705384867309299, 51.542831537448599 ], [ 36.7054329433467, 51.542825608085003 ], [ 36.705595147645901, 51.542805603111397 ], [ 36.705911118369002, 51.5427593123501 ], [ 36.706224254009101, 51.542706056350802 ], [ 36.706534160205699, 51.5426459038083 ], [ 36.706840446191698, 51.542578930118403 ], [ 36.707142725691597, 51.542505220172501 ], [ 36.707157845236097, 51.542501141715498 ], [ 36.707232554525, 51.542480989663098 ], [ 36.7074406196162, 51.542424866122097 ], [ 36.707733750673199, 51.5423379679386 ], [ 36.7080217505532, 51.542244637882199 ], [ 36.708304256337101, 51.542144993239802 ], [ 36.708580909596797, 51.542039156883597 ], [ 36.708820218991903, 51.541940150943702 ], [ 36.708851365379402, 51.5419272650932 ], [ 36.7089240301027, 51.541894828646797 ], [ 36.709115278731801, 51.541809458057799 ], [ 36.7093723208706, 51.5416858832291 ], [ 36.709622165707302, 51.541556696997297 ], [ 36.709864499729903, 51.541422063015403 ], [ 36.709951369512801, 51.541370236857702 ], [ 36.710000281881698, 51.5413410556001 ], [ 36.710099016612901, 51.541282149964999 ], [ 36.710325420810598, 51.541137134908098 ], [ 36.710543427556999, 51.540987199935998 ], [ 36.710689375044602, 51.5408793685178 ], [ 36.710731224858698, 51.540848447671799 ], [ 36.710752761967598, 51.540832534962497 ], [ 36.710794296473203, 51.540799539022302 ], [ 36.710898979848103, 51.540716376094998 ], [ 36.710953160836198, 51.540673333254901 ], [ 36.711144369939298, 51.540509797021002 ], [ 36.711326151223602, 51.540342131264403 ], [ 36.711498272923599, 51.5401705482533 ], [ 36.7116605203421, 51.539995264169498 ], [ 36.711809077435497, 51.539820739836301 ], [ 36.711812686866303, 51.539816499108298 ], [ 36.711865406295402, 51.539748872014002 ], [ 36.7119545838503, 51.539634478195801 ], [ 36.712086029834303, 51.5394494321488 ], [ 36.712206861324802, 51.539261592804202 ], [ 36.712316923811699, 51.539071198148498 ], [ 36.712319298059001, 51.539066584674501 ], [ 36.712358079228203, 51.538991213505099 ], [ 36.712416081649401, 51.538878486171903 ], [ 36.712504208175403, 51.538683702131401 ], [ 36.712581192896899, 51.538487090170896 ], [ 36.712588820492002, 51.538464096253698 ], [ 36.712616705995103, 51.538380036186901 ], [ 36.712646938795999, 51.538288898349101 ], [ 36.712701364125799, 51.538089375287903 ], [ 36.712744398817797, 51.5378887740832 ], [ 36.712747064119199, 51.537871780276099 ], [ 36.712762304038002, 51.5377746074711 ], [ 36.712775989871403, 51.537687346158997 ], [ 36.712796096862398, 51.537485346296499 ], [ 36.712799428713801, 51.537406954671098 ], [ 36.712804696434603, 51.537283029280999 ], [ 36.712801775113299, 51.5370806482265 ], [ 36.712787339186598, 51.536878460162399 ], [ 36.712769318083801, 51.536738270524303 ], [ 36.712761405722702, 51.536676718211602 ], [ 36.7127571845392, 51.536654026789002 ], [ 36.712724007959103, 51.536475678295098 ], [ 36.712692304616098, 51.536345731317297 ], [ 36.712675192608302, 51.536275591868403 ], [ 36.7126150225522, 51.536076712067697 ], [ 36.712569423170102, 51.535950716712499 ], [ 36.712543573249498, 51.535879290357002 ], [ 36.712507775385397, 51.535794509725299 ], [ 36.712460933633203, 51.535683573175902 ], [ 36.712367209704702, 51.535489808085202 ], [ 36.712262518244799, 51.535298240973802 ], [ 36.712195240718302, 51.535188099480003 ], [ 36.712146992204403, 51.535109109911097 ], [ 36.712122531079203, 51.5350729744845 ], [ 36.712020777110297, 51.534922656322898 ], [ 36.711884031964502, 51.534739113256798 ], [ 36.711736930141797, 51.534558712087303 ], [ 36.711617680584403, 51.5344244837611 ], [ 36.7115796548985, 51.534381680838898 ], [ 36.711507991796701, 51.5343073658536 ], [ 36.711412405660603, 51.5342082408336 ], [ 36.711362824945098, 51.534160728182698 ], [ 36.711235394430503, 51.5340386128372 ], [ 36.711048842193698, 51.533873010353503 ], [ 36.710852985207303, 51.533711640182503 ], [ 36.710648069609498, 51.533554706332303 ], [ 36.710525180977001, 51.533467132381702 ], [ 36.710434355013497, 51.533402407224202 ], [ 36.710258711917596, 51.533285858345501 ], [ 36.7102121091173, 51.533254934016703 ], [ 36.709981613093497, 51.533112472280898 ], [ 36.709743157097897, 51.5329752020005 ], [ 36.709497041167999, 51.532843295895297 ], [ 36.709243575222402, 51.532716921096799 ], [ 36.709069211327403, 51.532636140153002 ], [ 36.708983079061298, 51.532596235236902 ], [ 36.708947452775398, 51.532580922603202 ], [ 36.708715880569898, 51.532481390358697 ], [ 36.708442318413098, 51.532372532357599 ], [ 36.708162733950601, 51.532269797069397 ], [ 36.707877481118601, 51.532173315299502 ], [ 36.707586918345001, 51.532083207233903 ], [ 36.7072914130407, 51.531999586910203 ], [ 36.706991336210002, 51.531922559981602 ], [ 36.7066870660435, 51.531852223157998 ], [ 36.706378987020202, 51.531788665323504 ], [ 36.706350967668101, 51.531783564934102 ], [ 36.706155557144399, 51.531747996868802 ], [ 36.706067485415602, 51.531731965859699 ], [ 36.705752953793599, 51.531682196880702 ], [ 36.705435790107799, 51.5316394209976 ], [ 36.705116392311901, 51.5316036913188 ], [ 36.7050838149081, 51.531600787097098 ], [ 36.704991610030703, 51.531592566757404 ], [ 36.704795162851099, 51.531575053125898 ], [ 36.704472506865699, 51.531553543314701 ], [ 36.704148830394097, 51.531539188160302 ], [ 36.704148830394097, 51.531539188160302 ] ] ] } },
{ "type": "Feature", "properties": { "dataset_code": "KAA", "source_file": "КАА.kml", "placemark_index": 22, "organization_code": "KAA", "organization_name_raw": "КАА", "farm_name_raw": "Орошение Солнцево", "region_name_raw": "Курская область", "district_name_raw": "Солнцевский район", "field_external_key": "KAA:КУР-СОЛ-0027-03", "field_code_raw": "КУР-СОЛ-0027-03", "field_name_raw": "КУР-СОЛ-0027-03", "field_code_unique_status": "unique", "source_fid": "35", "declared_area_ha": 58.2, "geometry_area_ha": 58.196764, "area_diff_ha": -0.003236, "area_diff_pct": -0.00556, "area_quality_status": "ok", "geometry_type": "Polygon", "polygon_count": 1, "inner_ring_count": 0, "geometry_valid": true, "geometry_validity_reason": "Valid Geometry", "centroid_lon": 36.782009905000002, "centroid_lat": 51.445366784000001, "representative_lon": 36.78200922, "representative_lat": 51.445363608999997, "centroid_within_geometry": true, "weather_point_lon_candidate": 36.782009905000002, "weather_point_lat_candidate": 51.445366784000001, "active_2026_candidate": true, "active_reason": "kaa_crop_plan_present", "season_year_candidate": null, "crop_raw": "Рапс яровой", "crop_code_candidate": "spring_rapeseed_proxy", "crop_parameter_set_candidate_key": "aquacrop_v7_3_regional_spring_rapeseed_proxy_kursk_oblast", "regional_crop_parameter_set_candidate_key": "aquacrop_v7_3_regional_spring_rapeseed_proxy_kursk_oblast", "crop_parameter_candidate_status": "proxy_parameter_set_requires_review", "crop_parameter_candidate_comment_ru": "Кандидат выбран по культуре и признаку региона 'Курская область' из KAA.kml. Набор ярового рапса является proxy, не official AquaCrop crop file.", "sowing_date_raw": "", "calculation_ready": false, "calculation_blockers_json": [ "missing_sowing_date", "missing_soil_profile" ], "geometry_hash_sha256": "b4e5f323b5e6fe5cec55e0555861b421c6ad7c336b8a547b39b981dbe06e9f70", "source_attributes_json": { "ESRI_OID": "616", "fid": "35", "is_experimental_production": "Нет", "source_fid": "35", "В аренде": "Нет", "Дата изменения": "03.03.2026 12:32:01", "Изменил": "esb", "Интенсивность": "MAX", "История": "2013: Кукуруза зерновая, Подъем залежи, 2014: Подсолнечник, 2015: Пшеница яровая, 2016: Соя, 2017: Пшеница озимая, 2018: Соя, 2019: Пшеница яровая, 2020: Соя, 2021: Пшеница яровая, 2022: Пар, Соя, 2023: Подсолнечник, 2024: Кукуруза зерновая, 2025: Кукуруза зерновая, Соя, 2026: Рапс яровой", "Культура": "Рапс яровой", "Мех.состав (пески; карбонаты)": "Нет", "Название": "КУР-СОЛ-0027-03", "Направление склона": "СЗ", "Область": "Курская область", "Ограничение сева по ХСЗР (сах.свекла)": "2016", "Опытное": "Нет", "План. хозяйство": "Орошение Солнцево", "Площадь (га)": "58.2", "Под оптимизацию": "Нет", "Пред. предшественник": "Кукуруза зерновая", "Предшественник": "Кукуруза зерновая, Соя", "Район": "Солнцевский район", "Рельеф": "Пригодно", "Территория": "Орошение", "Технология": "Рапс яровой АТ гибридизация MAX Remington", "Технология компании": "АТ семенная", "Уклон (град.)": "1.9", "Хозяйство": "Орошение Солнцево" } }, "geometry": { "type": "Polygon", "coordinates": [ [ [ 36.7825412101814, 51.441510637180599 ], [ 36.782275461570997, 51.441499902167003 ], [ 36.782009219785401, 51.441496320842198 ], [ 36.781742978898102, 51.441499902167003 ], [ 36.781477230287599, 51.441510637180599 ], [ 36.781402432963802, 51.441515685525403 ], [ 36.781212466230599, 51.441528506280498 ], [ 36.781144897649902, 51.441534914697002 ], [ 36.780990472760998, 51.4415495608228 ], [ 36.780949178105701, 51.4415534769822 ], [ 36.780687851003002, 51.441585503359903 ], [ 36.7806319730974, 51.441593925839399 ], [ 36.780621956882001, 51.441595435972701 ], [ 36.780428971809499, 51.441624524926098 ], [ 36.780173016632197, 51.441670471111699 ], [ 36.780004437887698, 51.441705704123201 ], [ 36.779970999897898, 51.441712692601499 ], [ 36.7799204615783, 51.441723255106901 ], [ 36.779802379830798, 51.441751518643898 ], [ 36.779671773771703, 51.441782780020297 ], [ 36.779427413149797, 51.441848936079801 ], [ 36.779187833361803, 51.441921600072597 ], [ 36.7789833453621, 51.441990563959401 ], [ 36.778953474582302, 51.442000638145402 ], [ 36.7788890590882, 51.442024653916 ], [ 36.778724775188998, 51.442085903004802 ], [ 36.778502155593699, 51.442177237837498 ], [ 36.778286029021103, 51.442274472950501 ], [ 36.778184627191898, 51.442324369290802 ], [ 36.778126069611702, 51.442353183418398 ], [ 36.778076796120097, 51.442377429131298 ], [ 36.777922374824499, 51.442460381377103 ], [ 36.777874843166202, 51.442485914288802 ], [ 36.777680543858402, 51.442599727932702 ], [ 36.7774942602179, 51.442718661174098 ], [ 36.777316335401203, 51.442842491126697 ], [ 36.777147099089902, 51.442970989865699 ], [ 36.776986864796001, 51.443103919949003 ], [ 36.776835929861903, 51.443241034977099 ], [ 36.7766945727655, 51.443382081273597 ], [ 36.776563055814599, 51.443526796205802 ], [ 36.776441623351097, 51.443674913223703 ], [ 36.776330499055497, 51.443826156821899 ], [ 36.776229890438699, 51.443980249258097 ], [ 36.776139981655099, 51.444136903834902 ], [ 36.776060940689902, 51.444295829939001 ], [ 36.775992913968402, 51.444456734161299 ], [ 36.775936028152998, 51.444619318057597 ], [ 36.775890387448399, 51.4447832809483 ], [ 36.775856076296101, 51.444948319358097 ], [ 36.775833159374898, 51.445114125897199 ], [ 36.775821678905601, 51.445280395979402 ], [ 36.775821657346, 51.445446821103801 ], [ 36.775833092001299, 51.445613092214103 ], [ 36.775855964904999, 51.445778901938198 ], [ 36.775890232039799, 51.445943944028201 ], [ 36.775935829625297, 51.446107911120698 ], [ 36.7759926759148, 51.4462705008957 ], [ 36.776060663110499, 51.446431412156997 ], [ 36.776139667244799, 51.446590345952004 ], [ 36.776229540994002, 51.446747008930799 ], [ 36.776330118169902, 51.446901111106399 ], [ 36.776441212820998, 51.447052365854198 ], [ 36.776562619233403, 51.447200493831602 ], [ 36.776694112827997, 51.447345221856999 ], [ 36.776835450161599, 51.4474862801111 ], [ 36.776986368926003, 51.447623407174703 ], [ 36.777146590643397, 51.4477563511482 ], [ 36.777315817971598, 51.447884864053201 ], [ 36.777493738296698, 51.448008707989899 ], [ 36.777680021937201, 51.448127654017298 ], [ 36.777872080846599, 51.448245512507597 ], [ 36.778067975562301, 51.448352020338497 ], [ 36.778279583608999, 51.448455954865899 ], [ 36.778345781360599, 51.448485380955702 ], [ 36.778398644520102, 51.448508879377599 ], [ 36.778492059428203, 51.448550403135897 ], [ 36.778715949241402, 51.448645067310402 ], [ 36.778946009582299, 51.448730330401197 ], [ 36.779134192261303, 51.448792701938203 ], [ 36.7791858696446, 51.448809829756797 ], [ 36.779248253149497, 51.448828764739197 ], [ 36.779424174723196, 51.448882160765002 ], [ 36.779664671691101, 51.448948584221 ], [ 36.779912894170401, 51.449012773819497 ], [ 36.780163710984198, 51.449062735576597 ], [ 36.780248025060203, 51.449077995670997 ], [ 36.780276856489202, 51.449083213370301 ], [ 36.780421779897303, 51.4491094429372 ], [ 36.780434247615098, 51.449111355905799 ], [ 36.780687135944099, 51.449150160542402 ], [ 36.7808734995346, 51.4491735645693 ], [ 36.780941494815103, 51.4491821032152 ], [ 36.781215303110301, 51.449205609676099 ], [ 36.781435721833198, 51.449218647168799 ], [ 36.781469719473499, 51.449220658104302 ], [ 36.7815613521241, 51.449225238692499 ], [ 36.781745522926997, 51.4492344446546 ], [ 36.782015031885201, 51.449236690721001 ], [ 36.782284747456004, 51.449234656272999 ], [ 36.782545923641699, 51.4492255538809 ], [ 36.782811442283503, 51.449207972190102 ], [ 36.783073559005302, 51.449181997965802 ], [ 36.783330314581498, 51.449148782780703 ], [ 36.783593063717298, 51.449109731813998 ], [ 36.783856331180999, 51.449059982847302 ], [ 36.784102535145799, 51.4490087200193 ], [ 36.784349140657703, 51.448949136783597 ], [ 36.784588309915499, 51.448885842841797 ], [ 36.784841368924297, 51.448810914171297 ], [ 36.785066008830803, 51.448729258861199 ], [ 36.785294766614498, 51.448643399534099 ], [ 36.785519950001699, 51.448552713618099 ], [ 36.785741131394403, 51.448458396357097 ], [ 36.785954108473497, 51.448353915423702 ], [ 36.786151036251802, 51.4482505589882 ], [ 36.786343949459003, 51.448135705228999 ], [ 36.786530262743902, 51.448011654491502 ], [ 36.786711921857297, 51.447885373520002 ], [ 36.786876819305803, 51.447763148349999 ], [ 36.787043393908903, 51.447625904695997 ], [ 36.787187025539701, 51.447490606697698 ], [ 36.787324327641002, 51.447345221856999 ], [ 36.787455821235604, 51.447200493831602 ], [ 36.787577227648001, 51.447052365854198 ], [ 36.787688322299203, 51.446901111106399 ], [ 36.7877889003733, 51.446747008930799 ], [ 36.7878787732242, 51.446590345952004 ], [ 36.7879577773585, 51.446431412156997 ], [ 36.788025763655902, 51.4462705008957 ], [ 36.788082609945398, 51.446107911120698 ], [ 36.788128209327503, 51.445943944028201 ], [ 36.788162475564, 51.445778901938198 ], [ 36.788185347569502, 51.445613092214103 ], [ 36.788196784021302, 51.445446821103801 ], [ 36.788196760665201, 51.445280395979402 ], [ 36.788185281094101, 51.445114125897199 ], [ 36.788162364172898, 51.444948319358097 ], [ 36.788128053919003, 51.4447832809483 ], [ 36.788082413214298, 51.444619318057597 ], [ 36.788025525602301, 51.444456734161299 ], [ 36.7879574988808, 51.444295829939001 ], [ 36.7878784588139, 51.444136903834902 ], [ 36.787788550030399, 51.443980249258097 ], [ 36.787687941413502, 51.443826156821899 ], [ 36.787576817117902, 51.443674913223703 ], [ 36.787455383756097, 51.443526796205802 ], [ 36.787323867703599, 51.443382081273597 ], [ 36.787182510607103, 51.443241034977099 ], [ 36.787031575672998, 51.443103919949003 ], [ 36.786871341379197, 51.442970989865799 ], [ 36.786702105067903, 51.442842491126697 ], [ 36.786524180251099, 51.442718661174098 ], [ 36.7863378957123, 51.442599727932603 ], [ 36.7861435982012, 51.442485914288802 ], [ 36.785941645247298, 51.442377429131298 ], [ 36.785732411447903, 51.442274472950501 ], [ 36.785516284875399, 51.442177237837498 ], [ 36.785293665280001, 51.442085903004802 ], [ 36.785064964988401, 51.442000638145402 ], [ 36.7848306080055, 51.441921600072597 ], [ 36.784591027319301, 51.441848936079801 ], [ 36.784346665798999, 51.441782780020297 ], [ 36.784097977992403, 51.441723255106901 ], [ 36.783845422938498, 51.441670471111699 ], [ 36.7835894686595, 51.441624524926098 ], [ 36.783330588567701, 51.441585503359903 ], [ 36.783069263261602, 51.4415534769823 ], [ 36.7828059742384, 51.441528506280498 ], [ 36.7825412101814, 51.441510637180599 ], [ 36.7825412101814, 51.441510637180599 ] ] ] } },
{ "type": "Feature", "properties": { "dataset_code": "KAA", "source_file": "КАА.kml", "placemark_index": 23, "organization_code": "KAA", "organization_name_raw": "КАА", "farm_name_raw": "Орошение Солнцево", "region_name_raw": "Курская область", "district_name_raw": "Солнцевский район", "field_external_key": "KAA:КУР-СОЛ-0021-03", "field_code_raw": "КУР-СОЛ-0021-03", "field_name_raw": "КУР-СОЛ-0021-03", "field_code_unique_status": "unique", "source_fid": "36", "declared_area_ha": 129.0, "geometry_area_ha": 128.997815, "area_diff_ha": -0.002185, "area_diff_pct": -0.001694, "area_quality_status": "ok", "geometry_type": "Polygon", "polygon_count": 1, "inner_ring_count": 0, "geometry_valid": true, "geometry_validity_reason": "Valid Geometry", "centroid_lon": 36.749446163000002, "centroid_lat": 51.568613045, "representative_lon": 36.749444941999997, "representative_lat": 51.568611712, "centroid_within_geometry": true, "weather_point_lon_candidate": 36.749446163000002, "weather_point_lat_candidate": 51.568613045, "active_2026_candidate": true, "active_reason": "kaa_crop_plan_present", "season_year_candidate": null, "crop_raw": "Пшеница яровая", "crop_code_candidate": "spring_wheat", "crop_parameter_set_candidate_key": "aquacrop_v7_3_regional_spring_wheat_kursk_oblast", "regional_crop_parameter_set_candidate_key": "aquacrop_v7_3_regional_spring_wheat_kursk_oblast", "crop_parameter_candidate_status": "resolved_from_kml_region_kursk_oblast", "crop_parameter_candidate_comment_ru": "Кандидат выбран по культуре и признаку региона 'Курская область' из KAA.kml.", "sowing_date_raw": "", "calculation_ready": false, "calculation_blockers_json": [ "missing_sowing_date", "missing_soil_profile" ], "geometry_hash_sha256": "cc7d6f5ad0af1b5b60a0b1eb05ea9b2126606845d5e9a780718648ec05465307", "source_attributes_json": { "ESRI_OID": "1973", "fid": "36", "is_experimental_production": "Нет", "source_fid": "36", "В аренде": "Нет", "Вид семян": "Собственные", "Дата изменения": "10.11.2025 9:56:33", "Изменил": "GEODATA", "Интенсивность": "MAX", "История": "2013: Пшеница озимая, 2014: Соя, 2015: Пшеница озимая, 2016: Кукуруза зерновая, 2017: Пшеница яровая, 2018: Пар, 2019: Пшеница озимая, 2020: Соя, 2021: Соя, 2022: Пар, Соя, 2023: Кукуруза зерновая, 2024: Кукуруза зерновая, 2025: Подсолнечник, 2026: Пшеница яровая", "Итого семян (т; п.ед.)": "30.96", "Культура": "Пшеница яровая", "Мех.состав (пески; карбонаты)": "Да", "Название": "КУР-СОЛ-0021-03", "Направление склона": "СВ", "Норма высева (кг/га; п.ед./га)": "240", "Область": "Курская область", "Опытное": "Нет", "План. хозяйство": "Орошение Солнцево", "Площадь (га)": "129", "Под оптимизацию": "Нет", "Пред. предшественник": "Кукуруза зерновая", "Предшественник": "Подсолнечник", "Район": "Солнцевский район", "Рельеф": "Условно пригодно", "Семена": "Семена яровой пшеницы КВС АКВИЛОН РС1 (соб.)", "Сред. норма высева (кг/га; п.ед./га)": "0", "Территория": "Орошение", "Технология": "Пшеница яровая АТ семенная орошение MAX", "Технология компании": "АТ семенная", "Тип посевов": "Семенные", "Хозяйство": "Орошение Солнцево" } }, "geometry": { "type": "Polygon", "coordinates": [ [ [ 36.7436043603171, 51.564142970684699 ], [ 36.743375246800497, 51.5642534709717 ], [ 36.742968724100102, 51.564503706964302 ], [ 36.742740111843503, 51.5646487011578 ], [ 36.742519851224003, 51.564798631871398 ], [ 36.742382276933199, 51.564899184029599 ], [ 36.742308215329601, 51.564953315336901 ], [ 36.742105469163199, 51.565112556060399 ], [ 36.741911865151501, 51.565276156316102 ], [ 36.7417276449412, 51.565443913353398 ], [ 36.74158229663, 51.565586843460203 ], [ 36.741553036704502, 51.565615617164703 ], [ 36.741388258731902, 51.565791053835497 ], [ 36.7412768694333, 51.5659198713956 ], [ 36.741233516737701, 51.5659700061031 ], [ 36.741089003859699, 51.566152250006802 ], [ 36.740954898862498, 51.5663375593548 ], [ 36.740831370629401, 51.566525701257802 ], [ 36.740718571874197, 51.566716443946603 ], [ 36.740616645428801, 51.566909547837803 ], [ 36.740525714362398, 51.567104773910103 ], [ 36.740504824938803, 51.5671563563332 ], [ 36.740445894557901, 51.567301878120603 ], [ 36.740377286626398, 51.5675006153133 ], [ 36.740319975009498, 51.5677007358697 ], [ 36.740283497120799, 51.567860527027698 ], [ 36.740274030674399, 51.567901994083698 ], [ 36.7402395120112, 51.568104136994997 ], [ 36.740216462139401, 51.568306913322502 ], [ 36.740204908906499, 51.568510070114598 ], [ 36.740204867583998, 51.568713353865803 ], [ 36.740216338171898, 51.568916513308601 ], [ 36.740239307195402, 51.569119292154802 ], [ 36.740242778285598, 51.569139669713699 ], [ 36.7402737450101, 51.5693214408209 ], [ 36.740319610293497, 51.5695227052612 ], [ 36.740341807664201, 51.5696003218332 ], [ 36.740376844655202, 51.569722835900997 ], [ 36.7404453780266, 51.569921583170299 ], [ 36.740525125067599, 51.570118699178202 ], [ 36.740615985166997, 51.570313938829699 ], [ 36.740717846933698, 51.570507058150497 ], [ 36.7408305828069, 51.570697817078504 ], [ 36.740954051751203, 51.570885978347299 ], [ 36.741002291281902, 51.570952670280001 ], [ 36.7410444060991, 51.571010894849003 ], [ 36.7410881019511, 51.571071305252097 ], [ 36.741232565421797, 51.571253570025 ], [ 36.741239833690798, 51.571261979178203 ], [ 36.741387261602, 51.571432543226003 ], [ 36.741425298067703, 51.571473055059499 ], [ 36.741551999150403, 51.571608002118303 ], [ 36.741726572352803, 51.571779728992603 ], [ 36.741870487851202, 51.571910822653102 ], [ 36.741877037467901, 51.571916788984304 ], [ 36.7419107629186, 51.5719475100503 ], [ 36.742104341777498, 51.572111134845102 ], [ 36.742307069977599, 51.572270400190597 ], [ 36.742518692397297, 51.572425107927401 ], [ 36.742738945830197, 51.5725750649218 ], [ 36.742967556290203, 51.572720084183302 ], [ 36.743204239011398, 51.5728599848633 ], [ 36.743448699346303, 51.572994592813899 ], [ 36.743700631867704, 51.573123741145402 ], [ 36.743959723962, 51.573247267992798 ], [ 36.7442256522355, 51.573365019307502 ], [ 36.744305443294003, 51.573397772213703 ], [ 36.744498084311701, 51.5734768482981 ], [ 36.744776682424103, 51.573582615988897 ], [ 36.745061097127902, 51.573682191219397 ], [ 36.745350976283497, 51.573775447852498 ], [ 36.7456459569717, 51.573862272032301 ], [ 36.745945672679703, 51.573942553809303 ], [ 36.7462497506068, 51.574016193839803 ], [ 36.746557809867099, 51.574083100035601 ], [ 36.746869467778602, 51.574143190355898 ], [ 36.747184335370498, 51.574196387223402 ], [ 36.747502020079096, 51.574242627015799 ], [ 36.747822126645801, 51.574281851132604 ], [ 36.748144256218502, 51.574314009903098 ], [ 36.748468007250203, 51.574339064261103 ], [ 36.748792973702599, 51.5743569818369 ], [ 36.749118754926897, 51.574367741981803 ], [ 36.749444942189697, 51.574371330185002 ], [ 36.749771128554201, 51.574367741981803 ], [ 36.750096908880202, 51.5743569818369 ], [ 36.750421877129199, 51.574339064261103 ], [ 36.7507456281609, 51.574314009903098 ], [ 36.751067756835297, 51.574281851132604 ], [ 36.751387863402002, 51.574242627015799 ], [ 36.7517055481106, 51.574196387223402 ], [ 36.752020415702503, 51.574143190355798 ], [ 36.7523320736139, 51.574083100035601 ], [ 36.752643603066197, 51.5740218818584 ], [ 36.7529502097508, 51.573945067864102 ], [ 36.753249686506997, 51.573865299734599 ], [ 36.753542745698802, 51.573777209874699 ], [ 36.753827961699798, 51.573688577725399 ], [ 36.754116980269401, 51.573591673468698 ], [ 36.754398392803502, 51.5734841331575 ], [ 36.754672060961603, 51.573370450025102 ], [ 36.754942421522699, 51.5732485800335 ], [ 36.755206840626599, 51.573126710273598 ], [ 36.755444520477702, 51.572997453636802 ], [ 36.755694084141801, 51.572860810618501 ], [ 36.755872344030102, 51.572757404622003 ], [ 36.756003067768603, 51.572674310157701 ], [ 36.756157559132802, 51.572576443980701 ], [ 36.756377412815503, 51.572426873351901 ], [ 36.7565883543122, 51.572275456401499 ], [ 36.756802265639202, 51.572116652253499 ], [ 36.7569953800691, 51.571950461947097 ], [ 36.757179582313, 51.571778730692799 ], [ 36.757343086474499, 51.571609965783701 ], [ 36.757507084709502, 51.5714297386967 ], [ 36.757656823087501, 51.571255420920998 ], [ 36.757801782428302, 51.571071305252097 ], [ 36.757935831729903, 51.570885978347299 ], [ 36.758059300674098, 51.570697817078504 ], [ 36.758172037445703, 51.570507058150497 ], [ 36.758273899212398, 51.570313938829699 ], [ 36.758364759311803, 51.570118699178202 ], [ 36.758444506352802, 51.569921583170299 ], [ 36.758513038825797, 51.569722835900997 ], [ 36.7585662559216, 51.569536755853797 ], [ 36.758570274085798, 51.5695227052612 ], [ 36.758616137572702, 51.5693214408209 ], [ 36.758650577184, 51.569119292154802 ], [ 36.758661896854903, 51.569019349015598 ], [ 36.7586735453092, 51.568916513308601 ], [ 36.7586850158971, 51.568713353865803 ], [ 36.758684974574599, 51.568510070114598 ], [ 36.758673422240001, 51.568306913322502 ], [ 36.758650372368201, 51.568104136994997 ], [ 36.758615852806699, 51.567901994083698 ], [ 36.758569909369797, 51.5677007358697 ], [ 36.7585125968547, 51.5675006153133 ], [ 36.758443988024901, 51.567301878120603 ], [ 36.7583909110664, 51.5671708102563 ], [ 36.758361228034403, 51.567098459069904 ], [ 36.758273238950601, 51.566909547837803 ], [ 36.758171310708597, 51.566716443946603 ], [ 36.758058512851598, 51.566525701257802 ], [ 36.757934983720297, 51.5663375593548 ], [ 36.757800879621399, 51.566152250006802 ], [ 36.757656366743298, 51.5659700061031 ], [ 36.757501624749104, 51.565791053835497 ], [ 36.757336846776603, 51.565615617164703 ], [ 36.757162239438202, 51.565443913353398 ], [ 36.756978018329598, 51.565276156316102 ], [ 36.756784414317899, 51.565112556060399 ], [ 36.756581668151497, 51.564953315336901 ], [ 36.756370033155399, 51.564798631871398 ], [ 36.756149771637602, 51.5646487011578 ], [ 36.7559211602793, 51.564503706964302 ], [ 36.755684482049702, 51.5643638319427 ], [ 36.755440030697898, 51.564229248135497 ], [ 36.755188114346197, 51.564100125910102 ], [ 36.754929043811501, 51.563976623906797 ], [ 36.754663144284102, 51.563858896298399 ], [ 36.754390743648898, 51.563747089997101 ], [ 36.7541121841641, 51.563641345213497 ], [ 36.753827811681099, 51.563541792104999 ], [ 36.753537980136201, 51.563448556360399 ], [ 36.753243050652003, 51.563361751939503 ], [ 36.752943392436102, 51.563281488891299 ], [ 36.752656998743802, 51.563212133681098 ], [ 36.752639375594498, 51.563207866094203 ], [ 36.752331381012901, 51.563140975164501 ], [ 36.752019791373399, 51.563080899897699 ], [ 36.751704994748401, 51.563027715152202 ], [ 36.751387382803301, 51.562981486847903 ], [ 36.751067352593402, 51.562942273084197 ], [ 36.750839624279003, 51.562919538355899 ], [ 36.750745302072502, 51.562910121905198 ], [ 36.750421631889097, 51.5628850740922 ], [ 36.750096745386799, 51.562867159812903 ], [ 36.749771046807503, 51.562856403088603 ], [ 36.749444942189697, 51.562852816210203 ], [ 36.749118836673603, 51.562856403088603 ], [ 36.748793138992603, 51.562867159812903 ], [ 36.748468251592001, 51.5628850740922 ], [ 36.7481445823069, 51.562910121905198 ], [ 36.747822530887703, 51.562942273084197 ], [ 36.7475024997795, 51.562981486847903 ], [ 36.747184888732697, 51.563027715152202 ], [ 36.746870093006002, 51.563080899897699 ], [ 36.7465585033666, 51.563140975164501 ], [ 36.7462505078866, 51.563207866094203 ], [ 36.7459464919433, 51.563281488891299 ], [ 36.745646831930799, 51.563361751939503 ], [ 36.745351903344897, 51.563448556360399 ], [ 36.7450620717999, 51.563541792104999 ], [ 36.744777700215302, 51.563641345213497 ], [ 36.7444991398322, 51.563747089997101 ], [ 36.7442267400953, 51.563858896298399 ], [ 36.743960839669597, 51.563976623906797 ], [ 36.743701769134901, 51.564100125910102 ], [ 36.7436043603171, 51.564142970684699 ], [ 36.7436043603171, 51.564142970684699 ] ] ] } },
{ "type": "Feature", "properties": { "dataset_code": "KAA", "source_file": "КАА.kml", "placemark_index": 24, "organization_code": "KAA", "organization_name_raw": "КАА", "farm_name_raw": "Орошение Горшечное", "region_name_raw": "Курская область", "district_name_raw": "Горшеченский район", "field_external_key": "KAA:КУР-ГОР-0060-02", "field_code_raw": "КУР-ГОР-0060-02", "field_name_raw": "КУР-ГОР-0060-02", "field_code_unique_status": "unique", "source_fid": "37", "declared_area_ha": 65.8, "geometry_area_ha": 65.796444, "area_diff_ha": -0.003556, "area_diff_pct": -0.005404, "area_quality_status": "ok", "geometry_type": "Polygon", "polygon_count": 1, "inner_ring_count": 0, "geometry_valid": true, "geometry_validity_reason": "Valid Geometry", "centroid_lon": 37.686457883000003, "centroid_lat": 51.468738764999998, "representative_lon": 37.686460082000004, "representative_lat": 51.468698128, "centroid_within_geometry": true, "weather_point_lon_candidate": 37.686457883000003, "weather_point_lat_candidate": 51.468738764999998, "active_2026_candidate": true, "active_reason": "kaa_crop_plan_present", "season_year_candidate": null, "crop_raw": "Соя", "crop_code_candidate": "soybean", "crop_parameter_set_candidate_key": "aquacrop_v7_3_regional_soybean_kursk_oblast", "regional_crop_parameter_set_candidate_key": "aquacrop_v7_3_regional_soybean_kursk_oblast", "crop_parameter_candidate_status": "resolved_from_kml_region_kursk_oblast", "crop_parameter_candidate_comment_ru": "Кандидат выбран по культуре и признаку региона 'Курская область' из KAA.kml.", "sowing_date_raw": "", "calculation_ready": false, "calculation_blockers_json": [ "missing_sowing_date", "missing_soil_profile" ], "geometry_hash_sha256": "cb73355cd5b5c7ef18737518814f2008d44ef5482f852ec7ee28ecac0c6cf18c", "source_attributes_json": { "ESRI_OID": "1834", "fid": "37", "is_experimental_production": "Нет", "source_fid": "37", "В аренде": "Нет", "Вид семян": "Собственные", "Дата изменения": "10.11.2025 9:56:25", "Изменил": "GEODATA", "Интенсивность": "MAX", "История": "2013: Кукуруза зерновая, Пшеница озимая, 2014: Соя, 2015: Пшеница озимая, 2016: Соя, 2017: Соя, 2018: Сахарная свекла, Соя, 2019: Пшеница озимая, Пшеница яровая, 2020: Соя, 2021: Залежь, Соя, 2022: Кукуруза зерновая, Пар, 2023: Кукуруза зерновая, 2024: Кукуруза зерновая, 2025: Кукуруза зерновая, 2026: Соя", "Итого семян (т; п.ед.)": "7.9", "Культура": "Соя", "Название": "КУР-ГОР-0060-02", "Норма высева (кг/га; п.ед./га)": "120", "Область": "Курская область", "Опытное": "Нет", "План. хозяйство": "Орошение Горшечное", "Площадь (га)": "65.8", "Под оптимизацию": "Нет", "Пред. предшественник": "Кукуруза зерновая", "Предшественник": "Кукуруза зерновая", "Район": "Горшеченский район", "Рельеф": "Пригодно", "Семена": "Семена сои ЕС ФАВОР РС1 (соб.)", "Сред. норма высева (кг/га; п.ед./га)": "0", "Территория": "Орошение", "Технология": "Соя АТ семенная орошение MAX", "Технология компании": "АТ семенная", "Тип посевов": "Семенные", "Хозяйство": "Орошение Горшечное" } }, "geometry": { "type": "Polygon", "coordinates": [ [ [ 37.684511957482698, 51.472664772261197 ], [ 37.684694338841503, 51.472698131486403 ], [ 37.684878188047598, 51.472728201658398 ], [ 37.6850633532855, 51.472754957604103 ], [ 37.685271826211903, 51.472780929606898 ], [ 37.6854815352199, 51.472802700508197 ], [ 37.685692262917598, 51.472820248491701 ], [ 37.685903788319301, 51.472833553977999 ], [ 37.686115894032604, 51.472842604101501 ], [ 37.686328356377103, 51.472847388792502 ], [ 37.6865409570621, 51.472847903576302 ], [ 37.686753473305501, 51.472844147893198 ], [ 37.686965685019999, 51.472836125099597 ], [ 37.687177370321699, 51.472823844145999 ], [ 37.687388310920099, 51.472807317898599 ], [ 37.687598284931298, 51.472786563139202 ], [ 37.687807075861201, 51.472761601124702 ], [ 37.688014466317597, 51.472732458706801 ], [ 37.688220239806498, 51.472699165533598 ], [ 37.688424182528799, 51.472661756847401 ], [ 37.688626082482102, 51.472620270687798 ], [ 37.688825729460802, 51.472574750688402 ], [ 37.689022916852203, 51.472525243839499 ], [ 37.689217438043798, 51.472471802726098 ], [ 37.689409091812998, 51.472414481611096 ], [ 37.6895976778356, 51.472353340351802 ], [ 37.689783001176998, 51.472288442722203 ], [ 37.689964868699498, 51.472219856972103 ], [ 37.690143089960301, 51.472147653029303 ], [ 37.690317480804701, 51.472071906976304 ], [ 37.6904878597731, 51.4719926971337 ], [ 37.690654049897297, 51.471910106298097 ], [ 37.690815876904203, 51.471824219504299 ], [ 37.690973174605297, 51.471735127382701 ], [ 37.691125777710901, 51.4716429211229 ], [ 37.6912735281172, 51.4715476975108 ], [ 37.6914162722125, 51.471449555570302 ], [ 37.691553860876297, 51.471348597123601 ], [ 37.691686151276699, 51.471244927350597 ], [ 37.691813006869502, 51.471138653670003 ], [ 37.691934294704197, 51.471029887417899 ], [ 37.692049888118397, 51.470918740490902 ], [ 37.692151211794197, 51.470814366358503 ], [ 37.692247513887601, 51.470708163860003 ], [ 37.692338709058603, 51.470600225871898 ], [ 37.692424718255502, 51.4704906480696 ], [ 37.692505464223103, 51.470379526688497 ], [ 37.692580876892897, 51.470266960762999 ], [ 37.692653330512201, 51.470148884929401 ], [ 37.6927199154376, 51.4700294758658 ], [ 37.692780568787299, 51.469908846037796 ], [ 37.692835233068998, 51.469787110710499 ], [ 37.692883856180401, 51.469664384030501 ], [ 37.692926391409102, 51.469540782943902 ], [ 37.692962800127503, 51.4694164243977 ], [ 37.692993046403103, 51.469291427019101 ], [ 37.693017101489801, 51.469165907757599 ], [ 37.693034943828003, 51.4690399869218 ], [ 37.693046556349699, 51.468913783142597 ], [ 37.693051926478397, 51.468787416171502 ], [ 37.693052330720299, 51.468741933757997 ], [ 37.693048837172199, 51.468608261299501 ], [ 37.693038361019298, 51.468474730587999 ], [ 37.693020912143297, 51.4683414820853 ], [ 37.692996510306898, 51.468208657932998 ], [ 37.692965179764698, 51.468076398596303 ], [ 37.692926955551002, 51.4679448445414 ], [ 37.692881877191802, 51.4678141345575 ], [ 37.6928299931959, 51.467684407435499 ], [ 37.692771357462398, 51.467555801407997 ], [ 37.692706032873197, 51.467428451910898 ], [ 37.692634087700398, 51.467302494381897 ], [ 37.6925556000974, 51.467178062021297 ], [ 37.692470651810901, 51.467055286911602 ], [ 37.692379332672402, 51.466934298897897 ], [ 37.692281740598197, 51.466815226707503 ], [ 37.692177977996401, 51.466698196270499 ], [ 37.692068155359699, 51.466583331839303 ], [ 37.691952388570698, 51.466470755428503 ], [ 37.691830801597, 51.466360585136599 ], [ 37.691703521999301, 51.466252939622002 ], [ 37.691570685423301, 51.4661479313882 ], [ 37.691432432006103, 51.4660456723797 ], [ 37.691288908173199, 51.465946271183498 ], [ 37.691140267536397, 51.4658498324698 ], [ 37.690986666402601, 51.465756459230199 ], [ 37.690828267366797, 51.465666250538803 ], [ 37.690684325817301, 51.465589188092899 ], [ 37.690536881736399, 51.465514738464201 ], [ 37.6903860590918, 51.465442964345002 ], [ 37.690231982749303, 51.465373924509997 ], [ 37.690052383472803, 51.465298008273002 ], [ 37.689868862151798, 51.4652258235961 ], [ 37.689681620008898, 51.465157449406298 ], [ 37.689490859165097, 51.465092959593697 ], [ 37.689296788029502, 51.4650324241302 ], [ 37.689099616807702, 51.464975910188798 ], [ 37.688899561993999, 51.464923477666296 ], [ 37.688696839183798, 51.464875184780098 ], [ 37.688491671159397, 51.464831083590298 ], [ 37.688284278906401, 51.464791221678901 ], [ 37.688074888800202, 51.464755643828902 ], [ 37.6878637299112, 51.464724387546603 ], [ 37.687651031309798, 51.464697486979397 ], [ 37.687437022964701, 51.4646749717962 ], [ 37.6872219402346, 51.464656866068701 ], [ 37.687006015782998, 51.464643189949101 ], [ 37.686789484070303, 51.464633958552099 ], [ 37.686572582251699, 51.464629180834699 ], [ 37.686355545685799, 51.4646288635141 ], [ 37.686138609731202, 51.4646330054711 ], [ 37.685922010644802, 51.464641602786898 ], [ 37.685705985581897, 51.464654646504698 ], [ 37.685490768104501, 51.464672121510198 ], [ 37.6852765926727, 51.464694009889399 ], [ 37.685063693746997, 51.464720287011801 ], [ 37.684852300397701, 51.464750924887198 ], [ 37.684642645288498, 51.4647858893684 ], [ 37.684434954794803, 51.464825142949302 ], [ 37.684229455292098, 51.464868642526199 ], [ 37.684026370460899, 51.464916341636197 ], [ 37.683825922185001, 51.464968187100098 ], [ 37.683628326958498, 51.465024123499099 ], [ 37.683433801275299, 51.465084089816898 ], [ 37.683242556239499, 51.4651480200001 ], [ 37.683054799361997, 51.465215845755701 ], [ 37.6828707354586, 51.465287492074502 ], [ 37.682690565751898, 51.465362881148799 ], [ 37.682514484278201, 51.465441931252599 ], [ 37.682342685073301, 51.465524556742601 ], [ 37.682175352292099, 51.465610666938197 ], [ 37.682012670987397, 51.465700168360598 ], [ 37.681854815432402, 51.465792964173097 ], [ 37.681701959900302, 51.465888952502503 ], [ 37.681554268782698, 51.465988029237202 ], [ 37.6814119037765, 51.466090086348302 ], [ 37.681275019391897, 51.466195013009298 ], [ 37.681143764749102, 51.466302695036397 ], [ 37.681018282680299, 51.466413015448097 ], [ 37.680898708831101, 51.4665258539058 ], [ 37.680785175253902, 51.4666410872737 ], [ 37.680677804119597, 51.466758590737903 ], [ 37.680576713107399, 51.466878235568203 ], [ 37.6804820109136, 51.4669998924754 ], [ 37.680393801742497, 51.467123428814297 ], [ 37.680312180815797, 51.4672487102617 ], [ 37.680237237964903, 51.467375600257199 ], [ 37.680169054038203, 51.467503960562901 ], [ 37.680107702697597, 51.467633651263498 ], [ 37.6800532513166, 51.467764531885798 ], [ 37.680005760082501, 51.467896459719299 ], [ 37.679965279300902, 51.468029291495597 ], [ 37.6799318529891, 51.468162881709603 ], [ 37.679905517978298, 51.4682970859769 ], [ 37.679886303912603, 51.468431758236001 ], [ 37.679874229656903, 51.468566751308103 ], [ 37.679869729097398, 51.468654322471501 ], [ 37.679868228910799, 51.468741933757997 ], [ 37.679870801685801, 51.468856661250101 ], [ 37.6798785191124, 51.468971298918497 ], [ 37.679894154289897, 51.4691057733299 ], [ 37.679916867293599, 51.469239855071201 ], [ 37.679946634767099, 51.469373399211896 ], [ 37.679983423472997, 51.4695062625022 ], [ 37.680027194783499, 51.4696383016936 ], [ 37.680077900189701, 51.469769374099201 ], [ 37.680135486691, 51.469899338712203 ], [ 37.680199890506998, 51.4700280550868 ], [ 37.6802710433657, 51.470155384457797 ], [ 37.680348868011997, 51.470281190299502 ], [ 37.680433281800902, 51.470405336087502 ], [ 37.680524192206001, 51.470527688656297 ], [ 37.680621501310902, 51.470648115960699 ], [ 37.680725104910898, 51.470766487635601 ], [ 37.680834890716703, 51.470882677233703 ], [ 37.680950741049003, 51.470996558308798 ], [ 37.681072531041998, 51.471108008892102 ], [ 37.681200128643198, 51.471216908694501 ], [ 37.681333396410601, 51.471323140225401 ], [ 37.681472191511901, 51.471426588792497 ], [ 37.681616363928399, 51.471527143621202 ], [ 37.681765757353503, 51.471624695616001 ], [ 37.681920211886798, 51.471719140158001 ], [ 37.6820795604418, 51.471810374867097 ], [ 37.682243632338498, 51.471898301839602 ], [ 37.682412248812298, 51.471982825970002 ], [ 37.682585229301701, 51.472063856628601 ], [ 37.682762386957201, 51.472141305984003 ], [ 37.682943531335901, 51.472215091240102 ], [ 37.683128466605197, 51.472285131838902 ], [ 37.683316993338899, 51.472351353377 ], [ 37.683508909416197, 51.4724136836887 ], [ 37.683704006427902, 51.472472056203301 ], [ 37.683902075066598, 51.472526407706603 ], [ 37.684102900634898, 51.472576679460097 ], [ 37.6843062684354, 51.472622817760701 ], [ 37.684511957482698, 51.472664772261197 ], [ 37.684511957482698, 51.472664772261197 ] ] ] } },
{ "type": "Feature", "properties": { "dataset_code": "KAA", "source_file": "КАА.kml", "placemark_index": 25, "organization_code": "KAA", "organization_name_raw": "КАА", "farm_name_raw": "Орошение Горшечное", "region_name_raw": "Курская область", "district_name_raw": "Горшеченский район", "field_external_key": "KAA:КУР-ГОР-0058-03", "field_code_raw": "КУР-ГОР-0058-03", "field_name_raw": "КУР-ГОР-0058-03", "field_code_unique_status": "unique", "source_fid": "38", "declared_area_ha": 42.9, "geometry_area_ha": 42.903413, "area_diff_ha": 0.003413, "area_diff_pct": 0.007957, "area_quality_status": "ok", "geometry_type": "Polygon", "polygon_count": 1, "inner_ring_count": 0, "geometry_valid": true, "geometry_validity_reason": "Valid Geometry", "centroid_lon": 37.652418347999998, "centroid_lat": 51.49005515, "representative_lon": 37.652419262000002, "representative_lat": 51.489997404, "centroid_within_geometry": true, "weather_point_lon_candidate": 37.652418347999998, "weather_point_lat_candidate": 51.49005515, "active_2026_candidate": true, "active_reason": "kaa_crop_plan_present", "season_year_candidate": null, "crop_raw": "Кукуруза зерновая", "crop_code_candidate": "maize_grain", "crop_parameter_set_candidate_key": "aquacrop_v7_3_regional_maize_grain_kursk_oblast", "regional_crop_parameter_set_candidate_key": "aquacrop_v7_3_regional_maize_grain_kursk_oblast", "crop_parameter_candidate_status": "resolved_from_kml_region_kursk_oblast", "crop_parameter_candidate_comment_ru": "Кандидат выбран по культуре и признаку региона 'Курская область' из KAA.kml.", "sowing_date_raw": "", "calculation_ready": false, "calculation_blockers_json": [ "missing_sowing_date", "missing_soil_profile" ], "geometry_hash_sha256": "73cfd0329775a1597af3d4d59b885a384c172c59cbad0725307082bea207c28e", "source_attributes_json": { "ESRI_OID": "1289", "fid": "38", "is_experimental_production": "Нет", "source_fid": "38", "В аренде": "Нет", "Дата изменения": "10.11.2025 9:56:44", "Изменил": "GEODATA", "Интенсивность": "MAX", "История": "2013: Соя, 2014: Кукуруза зерновая, 2015: Соя, 2016: Пшеница озимая, 2017: Сахарная свекла, 2018: Пшеница яровая, 2019: Соя, 2020: Сахарная свекла, Соя, 2021: Залежь, Пшеница яровая, 2022: Кукуруза зерновая, Пар, Соя, 2023: Кукуруза зерновая, 2024: Рапс яровой, 2025: Кукуруза зерновая, 2026: Кукуруза зерновая", "Культура": "Кукуруза зерновая", "Название": "КУР-ГОР-0058-03", "Направление склона": "С, В", "Область": "Курская область", "Опытное": "Нет", "План. хозяйство": "Орошение Горшечное", "Площадь (га)": "42.9", "Под оптимизацию": "Нет", "Пред. предшественник": "Рапс яровой", "Предшественник": "Кукуруза зерновая", "Район": "Горшеченский район", "Рельеф": "Пригодно", "Территория": "Орошение", "Технология": "Кукуруза зерновая АТ орошение MAS MAX_Кораген", "Технология компании": "АТ семенная", "Тип посевов": "Семенные", "Хозяйство": "Орошение Горшечное" } }, "geometry": { "type": "Polygon", "coordinates": [ [ [ 37.650910954878903, 51.486880472676297 ], [ 37.650734724284703, 51.4869152842709 ], [ 37.650560541849501, 51.486953887838602 ], [ 37.650388619575402, 51.4869962369417 ], [ 37.650219163176899, 51.487042279548199 ], [ 37.650052379266299, 51.487091960828302 ], [ 37.649888467269598, 51.487145220357903 ], [ 37.649727626613, 51.487201994356198 ], [ 37.649570050434001, 51.487262213447998 ], [ 37.649336778615996, 51.487356626732698 ], [ 37.649106128081897, 51.487453504958403 ], [ 37.648984957926501, 51.4875111909015 ], [ 37.648867356777799, 51.487571671927903 ], [ 37.6487534890273, 51.487634863003102 ], [ 37.648643516371898, 51.487700674617301 ], [ 37.648537593321798, 51.4877690133454 ], [ 37.6484358716923, 51.487839782965303 ], [ 37.648309027777501, 51.487931991725297 ], [ 37.648187671670797, 51.488027021158103 ], [ 37.648071967763997, 51.4881247448306 ], [ 37.647962067872101, 51.488225032954098 ], [ 37.647858119318997, 51.488327751825402 ], [ 37.647760260445203, 51.488432763826196 ], [ 37.647668622404801, 51.4885399296614 ], [ 37.647583326470198, 51.488649106121301 ], [ 37.647504485829302, 51.488760147759699 ], [ 37.647432206483202, 51.488872907453903 ], [ 37.647366584551698, 51.488987233607098 ], [ 37.647307708069697, 51.489102975183897 ], [ 37.647255653393898, 51.4892199772342 ], [ 37.647210492389597, 51.489338083691102 ], [ 37.647172283447297, 51.489457137370401 ], [ 37.6471410786693, 51.489576979970799 ], [ 37.647116918479803, 51.489697451514601 ], [ 37.647099836116297, 51.4898183914664 ], [ 37.647089854036899, 51.489939638733297 ], [ 37.6470869857162, 51.490061031664503 ], [ 37.647091233849203, 51.490182408611098 ], [ 37.647102593944197, 51.490303607366499 ], [ 37.64712105073, 51.490424467403898 ], [ 37.647146579053803, 51.490544827079603 ], [ 37.647179145677804, 51.490664526429299 ], [ 37.647218705686299, 51.490783405490703 ], [ 37.647265208773597, 51.490901305980799 ], [ 37.647318591159298, 51.491018070737098 ], [ 37.647378781876597, 51.491133544835698 ], [ 37.6474457018737, 51.4912475733544 ], [ 37.6475192604208, 51.491360005287298 ], [ 37.6475993613981, 51.491470690748898 ], [ 37.647685896109301, 51.491579481532703 ], [ 37.647778749570399, 51.491686233348602 ], [ 37.6478777996102, 51.491790804144799 ], [ 37.648018258391403, 51.491919948148599 ], [ 37.648157073255703, 51.492049778621698 ], [ 37.648305623162599, 51.492175565470298 ], [ 37.648500327610599, 51.492305820290099 ], [ 37.648698411520598, 51.4924340841633 ], [ 37.648899821892101, 51.492560323548403 ], [ 37.6490290984447, 51.492626199084697 ], [ 37.649161270267399, 51.492689808785002 ], [ 37.649324216575103, 51.4927612374563 ], [ 37.649491041808197, 51.492829106056199 ], [ 37.649661545642402, 51.492893332942302 ], [ 37.6498355232617, 51.492953841505901 ], [ 37.650012765358902, 51.493010557934298 ], [ 37.650193058134697, 51.493063415125498 ], [ 37.650376186891897, 51.4931123487737 ], [ 37.650561928848198, 51.493157300165102 ], [ 37.650750063018201, 51.493198215619003 ], [ 37.650940362127997, 51.493235045928003 ], [ 37.6509789968717, 51.493241970029501 ], [ 37.651161026091003, 51.493271972406298 ], [ 37.651344647125001, 51.493297945590598 ], [ 37.651529629106598, 51.493319857149999 ], [ 37.651715740270497, 51.493337679125503 ], [ 37.651902747953102, 51.493351389709403 ], [ 37.652090417694097, 51.493360971567299 ], [ 37.652278515033103, 51.493366412397201 ], [ 37.652466802814999, 51.493367706048403 ], [ 37.652655047477701, 51.493364850284003 ], [ 37.6528430109678, 51.493357849018302 ], [ 37.653030458824801, 51.493346711198299 ], [ 37.653217156588703, 51.493331450243801 ], [ 37.653402869798903, 51.493312085166899 ], [ 37.653587366690303, 51.493288641130697 ], [ 37.653619593751102, 51.493284109148803 ], [ 37.653795970770602, 51.493256966466397 ], [ 37.653970755975401, 51.493226090456901 ], [ 37.6541437463463, 51.493191516907899 ], [ 37.654314739762299, 51.493153285521302 ], [ 37.6544835367975, 51.493111441590798 ], [ 37.654649940720702, 51.4930660337658 ], [ 37.654813757495901, 51.493017115169003 ], [ 37.654974795782003, 51.492964742278502 ], [ 37.655132867831, 51.492908976046301 ], [ 37.655287790386502, 51.492849882457499 ], [ 37.655439381090702, 51.492787529734301 ], [ 37.655587464771997, 51.492721990572598 ], [ 37.655721078390798, 51.492658640993803 ], [ 37.6558514131587, 51.492592696709799 ], [ 37.655978340616798, 51.492524224266703 ], [ 37.656101734102599, 51.492453291888602 ], [ 37.656221469648401, 51.492379969477497 ], [ 37.656355256642001, 51.492292268235502 ], [ 37.656483812745698, 51.492201584024002 ], [ 37.656606965482901, 51.492108037636598 ], [ 37.656724551360398, 51.492011754341704 ], [ 37.656836412274501, 51.491912862764003 ], [ 37.656942400901599, 51.491811493207003 ], [ 37.657042374409599, 51.491707782686397 ], [ 37.657136200746102, 51.491601868219298 ], [ 37.657223753248601, 51.491493891297701 ], [ 37.657304916932802, 51.491383995652498 ], [ 37.657379583102603, 51.491272328371203 ], [ 37.657447651146697, 51.491159037661298 ], [ 37.657509031233403, 51.491044275647198 ], [ 37.6575636416161, 51.490928193894703 ], [ 37.657611408633002, 51.490810948446203 ], [ 37.657652269402, 51.490692694785999 ], [ 37.657686170024199, 51.490573590637403 ], [ 37.657713063787199, 51.490453795403297 ], [ 37.657732915656702, 51.4903334679286 ], [ 37.6577456986832, 51.490212769297599 ], [ 37.657751396697002, 51.490091860036699 ], [ 37.657751722785498, 51.490055168700401 ], [ 37.657748200491199, 51.489934640489999 ], [ 37.657737637201798, 51.489814270813397 ], [ 37.657720047290198, 51.489694220761898 ], [ 37.657695455011002, 51.4895746475134 ], [ 37.657663890906903, 51.489455711043703 ], [ 37.6576253989953, 51.489337567415397 ], [ 37.657580028683498, 51.489220373811001 ], [ 37.657527841057103, 51.489104285736502 ], [ 37.657468904387898, 51.4889894564621 ], [ 37.6574032968295, 51.488876038140901 ], [ 37.657331105518303, 51.488764180689799 ], [ 37.6572524256759, 51.488654032348897 ], [ 37.657167362404998, 51.488545739681697 ], [ 37.657076027995103, 51.488439444777804 ], [ 37.656978542820397, 51.488335289728099 ], [ 37.656875036238503, 51.488233412149398 ], [ 37.656765645691401, 51.488133946303499 ], [ 37.6566505149096, 51.488037024774698 ], [ 37.656529798403398, 51.4879427751139 ], [ 37.656403653378, 51.487851322635002 ], [ 37.656272249614801, 51.487762788177697 ], [ 37.656135758692201, 51.487677289784997 ], [ 37.655994362968201, 51.487594939347503 ], [ 37.655848249292298, 51.487515847077397 ], [ 37.655697610802299, 51.487440117593799 ], [ 37.6555426478225, 51.4873678504811 ], [ 37.655383564270601, 51.487299141967497 ], [ 37.655220571250503, 51.487234082687102 ], [ 37.6550564122171, 51.487173651556297 ], [ 37.654888880009899, 51.487116922272499 ], [ 37.654718191122697, 51.487063967568197 ], [ 37.654544563846301, 51.4870148562594 ], [ 37.654368220962802, 51.486969651567897 ], [ 37.654189390644198, 51.486928410561603 ], [ 37.654089330898003, 51.486907289123998 ], [ 37.6539886171782, 51.4868874089305 ], [ 37.653801014810902, 51.4868539806508 ], [ 37.653611569100597, 51.486824857864299 ], [ 37.653420536965598, 51.486800081413797 ], [ 37.653228173527303, 51.486779683190797 ], [ 37.653034738398901, 51.486763691169998 ], [ 37.652840492091698, 51.486752127171698 ], [ 37.652645694218997, 51.486745006302598 ], [ 37.652450608885303, 51.486742338633398 ], [ 37.652255497500597, 51.486744126961902 ], [ 37.652060623270998, 51.486750369609297 ], [ 37.651866246708202, 51.486761058183298 ], [ 37.6516726310184, 51.486776177577397 ], [ 37.6514800358147, 51.486795707649797 ], [ 37.651288719812001, 51.4868196232229 ], [ 37.651098940826799, 51.486847890727098 ], [ 37.650910954878903, 51.486880472676297 ], [ 37.650910954878903, 51.486880472676297 ] ] ] } },
{ "type": "Feature", "properties": { "dataset_code": "KAA", "source_file": "КАА.kml", "placemark_index": 26, "organization_code": "KAA", "organization_name_raw": "КАА", "farm_name_raw": "Орошение Солнцево", "region_name_raw": "Курская область", "district_name_raw": "Солнцевский район", "field_external_key": "KAA:КУР-СОЛ-0007-02", "field_code_raw": "КУР-СОЛ-0007-02", "field_name_raw": "КУР-СОЛ-0007-02", "field_code_unique_status": "unique", "source_fid": "40", "declared_area_ha": 58.2, "geometry_area_ha": 58.19618, "area_diff_ha": -0.00382, "area_diff_pct": -0.006564, "area_quality_status": "ok", "geometry_type": "Polygon", "polygon_count": 1, "inner_ring_count": 0, "geometry_valid": true, "geometry_validity_reason": "Valid Geometry", "centroid_lon": 36.728825776000001, "centroid_lat": 51.50479129, "representative_lon": 36.728826255000001, "representative_lat": 51.504823698000003, "centroid_within_geometry": true, "weather_point_lon_candidate": 36.728825776000001, "weather_point_lat_candidate": 51.50479129, "active_2026_candidate": true, "active_reason": "kaa_crop_plan_present", "season_year_candidate": null, "crop_raw": "Пшеница яровая", "crop_code_candidate": "spring_wheat", "crop_parameter_set_candidate_key": "aquacrop_v7_3_regional_spring_wheat_kursk_oblast", "regional_crop_parameter_set_candidate_key": "aquacrop_v7_3_regional_spring_wheat_kursk_oblast", "crop_parameter_candidate_status": "resolved_from_kml_region_kursk_oblast", "crop_parameter_candidate_comment_ru": "Кандидат выбран по культуре и признаку региона 'Курская область' из KAA.kml.", "sowing_date_raw": "", "calculation_ready": false, "calculation_blockers_json": [ "missing_sowing_date", "missing_soil_profile" ], "geometry_hash_sha256": "f0dbcd0321970d0575aad10616b6ca8e5f8158b4fb6c7a673a9f4edb1c544ead", "source_attributes_json": { "ESRI_OID": "1846", "fid": "40", "is_experimental_production": "Нет", "source_fid": "40", "В аренде": "Нет", "Вид семян": "Собственные", "Дата изменения": "10.11.2025 9:56:24", "Изменил": "GEODATA", "Интенсивность": "MAX", "История": "2013: Кукуруза зерновая, 2014: Соя, Ячмень яровой, 2015: Соя, 2016: Пшеница озимая, 2017: Соя, 2018: Пшеница яровая, 2019: Соя, 2020: Пар, 2021: Пшеница озимая, 2022: Кукуруза зерновая, Пар, 2023: Кукуруза зерновая, 2024: Кукуруза зерновая, 2025: Подсолнечник, 2026: Пшеница яровая", "Итого семян (т; п.ед.)": "13.97", "Культура": "Пшеница яровая", "Мех.состав (пески; карбонаты)": "Да", "Название": "КУР-СОЛ-0007-02", "Направление склона": "З", "Норма высева (кг/га; п.ед./га)": "240", "Область": "Курская область", "Ограничение сева по ХСЗР (сах.свекла)": "2017", "Опытное": "Нет", "План. хозяйство": "Орошение Солнцево", "Площадь (га)": "58.2", "Под оптимизацию": "Нет", "Пред. предшественник": "Кукуруза зерновая", "Предшественник": "Подсолнечник", "Район": "Солнцевский район", "Рельеф": "Пригодно", "Семена": "Семена яровой пшеницы КВС АКВИЛОН РС1 (соб.)", "Сред. норма высева (кг/га; п.ед./га)": "0", "Территория": "Орошение", "Технология": "Пшеница яровая АТ семенная орошение MAX", "Технология компании": "АТ семенная", "Тип посевов": "Семенные", "Уклон (град.)": "2", "Хозяйство": "Орошение Солнцево" } }, "geometry": { "type": "Polygon", "coordinates": [ [ [ 36.7243010407933, 51.502144290296698 ], [ 36.724122884211198, 51.5022681189784 ], [ 36.723953427812702, 51.502396617077899 ], [ 36.7239401830521, 51.502407590523099 ], [ 36.723844790053803, 51.5024866262034 ], [ 36.723792986008, 51.502529546343403 ], [ 36.723641854342901, 51.5026666590189 ], [ 36.723500313091797, 51.502807702876297 ], [ 36.723368626359303, 51.502952417301998 ], [ 36.723247034894101, 51.503100532178998 ], [ 36.723228855687701, 51.503125242175997 ], [ 36.723186650140697, 51.503182611926597 ], [ 36.723135766867998, 51.503251775156102 ], [ 36.723035026198801, 51.503405866056703 ], [ 36.722945000634297, 51.503562517997302 ], [ 36.722865857261098, 51.503721442979497 ], [ 36.722797741606399, 51.503882345180401 ], [ 36.7227887377923, 51.503908046155601 ], [ 36.722762043455297, 51.503984241468601 ], [ 36.7227407821292, 51.504044927103301 ], [ 36.722695081237397, 51.504208889019097 ], [ 36.722660726067701, 51.504373925051901 ], [ 36.722637778603698, 51.504539731007597 ], [ 36.722629185319697, 51.5046640329371 ], [ 36.7226262837614, 51.504705999341802 ], [ 36.7226262747782, 51.504774974060297 ], [ 36.7226262622018, 51.504872421955099 ], [ 36.722637712128403, 51.5050386918711 ], [ 36.722660613778302, 51.505204499881202 ], [ 36.722664775673003, 51.505224518025699 ], [ 36.722694925828897, 51.505369540136201 ], [ 36.722715458621302, 51.50544327667 ], [ 36.7227405836015, 51.505533506232098 ], [ 36.722797502654501, 51.505696094005998 ], [ 36.722865578783399, 51.505857003212903 ], [ 36.722944685325601, 51.506015935848801 ], [ 36.722968620936399, 51.506057605223297 ], [ 36.722999947885299, 51.506112141477701 ], [ 36.7230346758558, 51.506172597268304 ], [ 36.723135384185703, 51.506326697302697 ], [ 36.723246622567402, 51.506477950819402 ], [ 36.723368187083203, 51.50662607828 ], [ 36.723499852255998, 51.506770804063201 ], [ 36.723641372845897, 51.506911859819397 ], [ 36.723665064114897, 51.506933358347403 ], [ 36.7237421027354, 51.507003265675401 ], [ 36.723792488341303, 51.507048987265399 ], [ 36.723952917569598, 51.507181929238698 ], [ 36.724122365883296, 51.507310440320197 ], [ 36.724300517075498, 51.507434282919903 ], [ 36.724487042362803, 51.507553227836098 ], [ 36.724681595893799, 51.507667054813602 ], [ 36.724764611005803, 51.507711594876497 ], [ 36.724883819240603, 51.507775553103002 ], [ 36.724977270081297, 51.507821480232799 ], [ 36.725093335110998, 51.507878520900803 ], [ 36.725309756330901, 51.507975769263197 ], [ 36.725532683150099, 51.508067114836898 ], [ 36.725761702343597, 51.508152392159502 ], [ 36.725996389008202, 51.508231441358703 ], [ 36.7262363092577, 51.508304114861197 ], [ 36.726435526841598, 51.508357980288103 ], [ 36.726481018425901, 51.508370280188103 ], [ 36.726516555778502, 51.508378775330499 ], [ 36.726730062863702, 51.508429813804099 ], [ 36.726982982633601, 51.508482607267901 ], [ 36.727239307916797, 51.508528558844901 ], [ 36.727498565301097, 51.5085675869258 ], [ 36.727760273289398, 51.508599618285302 ], [ 36.728023946791602, 51.508624593113304 ], [ 36.728289098920797, 51.508642465015598 ], [ 36.728524106283899, 51.508651946374201 ], [ 36.728821869952803, 51.508656783219401 ], [ 36.729088503403901, 51.508653202131299 ], [ 36.729354641883198, 51.508642465015598 ], [ 36.729616931979898, 51.508627818610599 ], [ 36.729883489972501, 51.508604426621403 ], [ 36.730150520478901, 51.508571524732297 ], [ 36.7303093039936, 51.508548360271803 ], [ 36.730415683387797, 51.508532345695102 ], [ 36.730672009569297, 51.508486394121903 ], [ 36.730924928440899, 51.508433600662499 ], [ 36.731173973776997, 51.508374067051498 ], [ 36.7314186820469, 51.508307901730099 ], [ 36.731658603194703, 51.508235228233701 ], [ 36.731893288960997, 51.508156179041002 ], [ 36.732122308154501, 51.508070901725503 ], [ 36.7323452349737, 51.507979556159398 ], [ 36.732552204120203, 51.507886555981102 ], [ 36.7325616570919, 51.507882307805097 ], [ 36.732771172962302, 51.507779340015801 ], [ 36.732973395410802, 51.507670841735397 ], [ 36.733167949840102, 51.5075570147674 ], [ 36.733354475127399, 51.507438069861102 ], [ 36.733532626319601, 51.5073142272716 ], [ 36.733671171689302, 51.507209153648503 ], [ 36.7337020746333, 51.507185716200901 ], [ 36.733753451979403, 51.5071431420727 ], [ 36.733862504759898, 51.507052773679497 ], [ 36.734013619357, 51.506915646244799 ], [ 36.734155140845203, 51.506774590500399 ], [ 36.734286804221398, 51.506629864729199 ], [ 36.734408369635602, 51.5064817372809 ], [ 36.734467817446102, 51.506400905316603 ], [ 36.734519608017202, 51.5063304837768 ], [ 36.734620315448801, 51.506176383755196 ], [ 36.734710305080696, 51.506019722348803 ], [ 36.734719545151698, 51.506001158319698 ], [ 36.734784095393103, 51.505871472701401 ], [ 36.734789412521202, 51.5058607897261 ], [ 36.734857487751803, 51.505699880532497 ], [ 36.734914407703101, 51.505537292772203 ], [ 36.734960065475697, 51.505373326689899 ], [ 36.734983109957803, 51.505262482638102 ], [ 36.735011964743002, 51.505068716677599 ], [ 36.735026307244802, 51.504875660578598 ], [ 36.735026070089603, 51.504688271835398 ], [ 36.735014393787502, 51.504539328972498 ], [ 36.734983013837997, 51.504373925051802 ], [ 36.734948658668301, 51.504208889019097 ], [ 36.734902958674802, 51.504044927103301 ], [ 36.734845998299299, 51.503882345180401 ], [ 36.7347778826446, 51.503721442979497 ], [ 36.734711295922402, 51.503587731556202 ], [ 36.734698740169698, 51.503562517997302 ], [ 36.734673890972303, 51.503519279543298 ], [ 36.734608713706898, 51.503405866056703 ], [ 36.734507973935997, 51.503251775156102 ], [ 36.734396705910001, 51.503100532178998 ], [ 36.734275115343003, 51.502952417301998 ], [ 36.734164000030503, 51.502830310516501 ], [ 36.734143426813901, 51.502807702876297 ], [ 36.734062320621803, 51.502726880610602 ], [ 36.734001887359398, 51.5026666590189 ], [ 36.733850754796002, 51.502529546343403 ], [ 36.7336903129913, 51.502396617077899 ], [ 36.733520855694401, 51.5022681189784 ], [ 36.733342700010702, 51.502144290296698 ], [ 36.733228912210201, 51.502071738378703 ], [ 36.733156173825101, 51.502025359220198 ], [ 36.732961622989002, 51.501911546108303 ], [ 36.732759406828698, 51.501803061255899 ], [ 36.732549901738103, 51.501700107128997 ], [ 36.732333493992897, 51.501602873332097 ], [ 36.732110585139999, 51.501511538844497 ], [ 36.731881588404399, 51.501426274815898 ], [ 36.731646925994298, 51.501347237855903 ], [ 36.731407033592703, 51.501274573947597 ], [ 36.731162354967097, 51.501208419007099 ], [ 36.731060883967601, 51.501184163159401 ], [ 36.730958386193699, 51.50115966181 ], [ 36.730913343767, 51.501148894968402 ], [ 36.730660460827998, 51.501096110901699 ], [ 36.730404173274103, 51.501050165808998 ], [ 36.730144957212303, 51.501011144150503 ], [ 36.7298832914448, 51.500979118081197 ], [ 36.729619660163401, 51.500954148009598 ], [ 36.729354552051703, 51.500936278124499 ], [ 36.729088457589803, 51.500925544223101 ], [ 36.728855883762797, 51.500922419955501 ], [ 36.728821869952803, 51.500921963086597 ], [ 36.7287413198179, 51.500923045144603 ], [ 36.728555283214199, 51.500925544223101 ], [ 36.728289188752299, 51.500936278124499 ], [ 36.728024080640601, 51.500954148009598 ], [ 36.727760450257499, 51.500979118081197 ], [ 36.727498783591699, 51.501011144150503 ], [ 36.727239566631603, 51.501050165808998 ], [ 36.726983279975997, 51.501096110901599 ], [ 36.726730397037002, 51.501148894968402 ], [ 36.726590476346701, 51.5011823418454 ], [ 36.726481384938602, 51.501208419007099 ], [ 36.726451754907202, 51.501216430099703 ], [ 36.726236707211399, 51.501274573947597 ], [ 36.725996814809697, 51.501347237855903 ], [ 36.7257621532979, 51.501426274815898 ], [ 36.725533154765699, 51.501511538844497 ], [ 36.725449339254702, 51.501545881286397 ], [ 36.725310245912802, 51.501602873332097 ], [ 36.725093839065799, 51.501700107128997 ], [ 36.724884333077, 51.501803061255899 ], [ 36.724682117815, 51.501911546108303 ], [ 36.724487566978901, 51.502025359220198 ], [ 36.724414408182199, 51.502072005671103 ], [ 36.7243010407933, 51.502144290296698 ], [ 36.7243010407933, 51.502144290296698 ] ] ] } },
{ "type": "Feature", "properties": { "dataset_code": "KAA", "source_file": "КАА.kml", "placemark_index": 27, "organization_code": "KAA", "organization_name_raw": "КАА", "farm_name_raw": "Орошение Солнцево", "region_name_raw": "Курская область", "district_name_raw": "Солнцевский район", "field_external_key": "KAA:КУР-СОЛ-0029-12", "field_code_raw": "КУР-СОЛ-0029-12", "field_name_raw": "КУР-СОЛ-0029-12", "field_code_unique_status": "unique", "source_fid": "41", "declared_area_ha": 57.86, "geometry_area_ha": 57.864178, "area_diff_ha": 0.004178, "area_diff_pct": 0.00722, "area_quality_status": "ok", "geometry_type": "Polygon", "polygon_count": 1, "inner_ring_count": 0, "geometry_valid": true, "geometry_validity_reason": "Valid Geometry", "centroid_lon": 36.758459156999997, "centroid_lat": 51.47258111, "representative_lon": 36.758469847000001, "representative_lat": 51.472622659000002, "centroid_within_geometry": true, "weather_point_lon_candidate": 36.758459156999997, "weather_point_lat_candidate": 51.47258111, "active_2026_candidate": true, "active_reason": "kaa_crop_plan_present", "season_year_candidate": null, "crop_raw": "Кукуруза зерновая", "crop_code_candidate": "maize_grain", "crop_parameter_set_candidate_key": "aquacrop_v7_3_regional_maize_grain_kursk_oblast", "regional_crop_parameter_set_candidate_key": "aquacrop_v7_3_regional_maize_grain_kursk_oblast", "crop_parameter_candidate_status": "resolved_from_kml_region_kursk_oblast", "crop_parameter_candidate_comment_ru": "Кандидат выбран по культуре и признаку региона 'Курская область' из KAA.kml.", "sowing_date_raw": "", "calculation_ready": false, "calculation_blockers_json": [ "missing_sowing_date", "missing_soil_profile" ], "geometry_hash_sha256": "92ebc5060d76752a1cfce30642e6d3b8e9567233a748869f49799f7525184ca3", "source_attributes_json": { "ESRI_OID": "546", "fid": "41", "is_experimental_production": "Нет", "source_fid": "41", "В аренде": "Нет", "Дата изменения": "03.03.2026 12:33:01", "Изменил": "esb", "Интенсивность": "MAX", "История": "2016: Пар, Пшеница яровая, 2017: Соя, 2018: Пшеница яровая, 2019: Кукуруза зерновая, Соя, 2020: Кукуруза зерновая, 2021: Подсолнечник, 2022: Кукуруза зерновая, 2023: Кукуруза зерновая, 2024: Соя, 2025: Кукуруза зерновая, Соя, 2026: Кукуруза зерновая", "Культура": "Кукуруза зерновая", "Мех.состав (пески; карбонаты)": "Да", "Название": "КУР-СОЛ-0029-12", "Направление склона": "В", "Область": "Курская область", "Опытное": "Нет", "План. хозяйство": "Орошение Солнцево", "Площадь (га)": "57.86", "Под оптимизацию": "Нет", "Пред. предшественник": "Соя", "Предшественник": "Кукуруза зерновая, Соя", "Район": "Солнцевский район", "Рельеф": "Пригодно", "Территория": "Орошение", "Технология": "Кукуруза зерновая АТ орошение MAS MAX_Кораген", "Технология компании": "АТ семенная", "Уклон (град.)": "1.4", "Хозяйство": "Орошение Солнцево" } }, "geometry": { "type": "Polygon", "coordinates": [ [ [ 36.759009693990201, 51.468740033923098 ], [ 36.758469846928698, 51.4687253523104 ], [ 36.757929999867102, 51.468740033923098 ], [ 36.757394260801298, 51.468783966813497 ], [ 36.7568667053878, 51.468856816817897 ], [ 36.756351347299201, 51.468958030917697 ], [ 36.7558521085801, 51.469086837244603 ], [ 36.755372788205698, 51.469242256279401 ], [ 36.754917033336199, 51.469423105897 ], [ 36.754488310570203, 51.469628009211 ], [ 36.754089885283797, 51.469855408015 ], [ 36.753724788392802, 51.470103571187899 ], [ 36.753395796589601, 51.4703706109348 ], [ 36.753105417072298, 51.4706544951095 ], [ 36.752855858798199, 51.470953062894999 ], [ 36.752649021704102, 51.471264043839902 ], [ 36.7524864814349, 51.471585070179302 ], [ 36.752369474072502, 51.471913698107301 ], [ 36.752298893440603, 51.472247427927798 ], [ 36.752283574470098, 51.472465545813897 ], [ 36.752275274935201, 51.472583720287801 ], [ 36.752280723217403, 51.472661598494902 ], [ 36.752298801812401, 51.472920014085602 ], [ 36.752369295307702, 51.473253752211797 ], [ 36.752486219126801, 51.473582392179701 ], [ 36.752533098608197, 51.473675029280002 ], [ 36.752648684835798, 51.473903434098901 ], [ 36.752782896732498, 51.474105298055903 ], [ 36.752855458149597, 51.474214435218698 ], [ 36.752948334068499, 51.474325583628399 ], [ 36.753104964321402, 51.4745130261472 ], [ 36.753189863200703, 51.474596045343603 ], [ 36.753247604212198, 51.474652507084201 ], [ 36.753351418017999, 51.474754021660303 ], [ 36.7533953052112, 51.474796936021797 ], [ 36.753472313288903, 51.474859454348902 ], [ 36.7537242718615, 51.4750640031302 ], [ 36.754089360667699, 51.475312195041901 ], [ 36.754487794937198, 51.475539622025003 ], [ 36.754916541059401, 51.4757445532601 ], [ 36.755372333658201, 51.475925428018101 ], [ 36.755851707033102, 51.476080871314899 ], [ 36.756351010430897, 51.476209697257303 ], [ 36.756866443079701, 51.476310926936797 ], [ 36.757394081138301, 51.476383788981202 ], [ 36.757929909137303, 51.4764277301772 ], [ 36.758469846928698, 51.476442414346799 ], [ 36.759009784720099, 51.4764277301772 ], [ 36.759545612719101, 51.476383788981202 ], [ 36.760073250777602, 51.476310926936797 ], [ 36.760588684324702, 51.476209697257303 ], [ 36.760962417618899, 51.476113269605797 ], [ 36.760975646209801, 51.476109856610201 ], [ 36.760978365410097, 51.476109154987803 ], [ 36.760983141752497, 51.476107922952203 ], [ 36.761087986824201, 51.476080871314899 ], [ 36.7611399507702, 51.476064255607099 ], [ 36.761139815124601, 51.476064065374402 ], [ 36.761567360199201, 51.475925428018101 ], [ 36.761788346657397, 51.475837733171197 ], [ 36.762023153696198, 51.4757445532601 ], [ 36.762451898920098, 51.475539622025003 ], [ 36.762850333189597, 51.475312195041901 ], [ 36.763212016482598, 51.475066318425299 ], [ 36.763215421995803, 51.4750640031302 ], [ 36.763544390442803, 51.474796936021797 ], [ 36.764547835564599, 51.473317171277898 ], [ 36.764570399447898, 51.473253752211797 ], [ 36.764640892044902, 51.472920014085602 ], [ 36.764664418922202, 51.472583720287801 ], [ 36.764640801314997, 51.472247427927798 ], [ 36.764570219784801, 51.471913698107301 ], [ 36.764453213320799, 51.471585070179302 ], [ 36.764290672153301, 51.471264043839902 ], [ 36.764083835059097, 51.470953062894999 ], [ 36.763834276784998, 51.4706544951095 ], [ 36.763543897267702, 51.4703706109348 ], [ 36.763214906362897, 51.470103571187899 ], [ 36.762849808573499, 51.469855408015 ], [ 36.7624513832871, 51.469628009211 ], [ 36.7620226614195, 51.469423105897 ], [ 36.761566905651698, 51.469242256279401 ], [ 36.761087586175599, 51.469086837244703 ], [ 36.760707367943397, 51.468988739254698 ], [ 36.760588346558201, 51.468958030917697 ], [ 36.760072989367799, 51.468856816817897 ], [ 36.759545433954301, 51.468783966813497 ], [ 36.759009693990201, 51.468740033923098 ], [ 36.759009693990201, 51.468740033923098 ] ] ] } },
{ "type": "Feature", "properties": { "dataset_code": "KAA", "source_file": "КАА.kml", "placemark_index": 28, "organization_code": "KAA", "organization_name_raw": "КАА", "farm_name_raw": "Орошение Солнцево", "region_name_raw": "Курская область", "district_name_raw": "Солнцевский район", "field_external_key": "KAA:КУР-СОЛ-0017-03", "field_code_raw": "КУР-СОЛ-0017-03", "field_name_raw": "КУР-СОЛ-0017-03", "field_code_unique_status": "unique", "source_fid": "43", "declared_area_ha": 44.3, "geometry_area_ha": 44.296873, "area_diff_ha": -0.003127, "area_diff_pct": -0.007059, "area_quality_status": "ok", "geometry_type": "Polygon", "polygon_count": 1, "inner_ring_count": 1, "geometry_valid": true, "geometry_validity_reason": "Valid Geometry", "centroid_lon": 36.736680741000001, "centroid_lat": 51.528312121, "representative_lon": 36.735599592, "representative_lat": 51.528297356000003, "centroid_within_geometry": true, "weather_point_lon_candidate": 36.736680741000001, "weather_point_lat_candidate": 51.528312121, "active_2026_candidate": true, "active_reason": "kaa_crop_plan_present", "season_year_candidate": null, "crop_raw": "Пшеница яровая", "crop_code_candidate": "spring_wheat", "crop_parameter_set_candidate_key": "aquacrop_v7_3_regional_spring_wheat_kursk_oblast", "regional_crop_parameter_set_candidate_key": "aquacrop_v7_3_regional_spring_wheat_kursk_oblast", "crop_parameter_candidate_status": "resolved_from_kml_region_kursk_oblast", "crop_parameter_candidate_comment_ru": "Кандидат выбран по культуре и признаку региона 'Курская область' из KAA.kml.", "sowing_date_raw": "", "calculation_ready": false, "calculation_blockers_json": [ "missing_sowing_date", "missing_soil_profile" ], "geometry_hash_sha256": "6eeb2b3a667eb8c4d84d943ed2665b522b0622c40b1b3a036bfde938722c941a", "source_attributes_json": { "ESRI_OID": "1976", "fid": "43", "is_experimental_production": "Нет", "source_fid": "43", "В аренде": "Нет", "Вид семян": "Собственные", "Дата изменения": "10.11.2025 9:55:59", "Изменил": "GEODATA", "Интенсивность": "MAX", "История": "2013: Ячмень яровой пив., 2014: Соя, 2015: Пшеница озимая, 2016: Соя, 2017: Пшеница яровая, 2018: Сахарная свекла, Соя, 2019: Пшеница озимая, Пшеница яровая, 2020: Соя, 2021: Соя, 2022: Пар, Пшеница яровая, 2023: Кукуруза зерновая, 2024: Соя, 2025: Сахарная свекла, 2026: Пшеница яровая", "Итого семян (т; п.ед.)": "10.63", "Культура": "Пшеница яровая", "Мех.состав (пески; карбонаты)": "Да", "Название": "КУР-СОЛ-0017-03", "Направление склона": "ЮЗ, СВ", "Норма высева (кг/га; п.ед./га)": "240", "Область": "Курская область", "Опытное": "Нет", "План. хозяйство": "Орошение Солнцево", "Площадь (га)": "44.3", "Под оптимизацию": "Нет", "Пред. предшественник": "Соя", "Предшественник": "Сахарная свекла", "Район": "Солнцевский район", "Рельеф": "Условно пригодно", "Семена": "Семена яровой пшеницы КВС АКВИЛОН РС1 (соб.)", "Сред. норма высева (кг/га; п.ед./га)": "0", "Территория": "Орошение", "Технология": "Пшеница яровая АТ семенная орошение MAX", "Технология компании": "АТ семенная", "Тип посевов": "Семенные", "Уклон (град.)": "1.6", "Хозяйство": "Орошение Солнцево" } }, "geometry": { "type": "Polygon", "coordinates": [ [ [ 36.7322234297094, 51.530221501730601 ], [ 36.732287635896, 51.530281765139698 ], [ 36.732392963362997, 51.530371763885 ], [ 36.732475887745203, 51.530432243925503 ], [ 36.732589691715297, 51.530517825861899 ], [ 36.732708873000703, 51.530600092046697 ], [ 36.732888227037101, 51.530716313616999 ], [ 36.7330657700698, 51.530820666329902 ], [ 36.733253892561699, 51.530921707706803 ], [ 36.733452294475299, 51.531017322025299 ], [ 36.733654466618198, 51.531107188549697 ], [ 36.733863032969303, 51.531191181017903 ], [ 36.734077553354098, 51.531269120078001 ], [ 36.734193268040798, 51.531307649199903 ], [ 36.734282522850798, 51.5313367435662 ], [ 36.734525600678502, 51.531408156932002 ], [ 36.7347552361162, 51.5314670071701 ], [ 36.734964751986602, 51.531514954606401 ], [ 36.735202064426801, 51.531560436447201 ], [ 36.735337415387299, 51.531586025131801 ], [ 36.735516274451903, 51.531610418472198 ], [ 36.735711870028602, 51.531633326439703 ], [ 36.735960812956698, 51.531660023793798 ], [ 36.736201080854201, 51.531677035567299 ], [ 36.736444728213797, 51.531687449840803 ], [ 36.736700949292398, 51.531690491528003 ], [ 36.736948306694103, 51.531687651017997 ], [ 36.737194516048902, 51.531677173038403 ], [ 36.737439865715899, 51.531657942726298 ], [ 36.7376910373643, 51.531633309116103 ], [ 36.737934031648599, 51.531601576160298 ], [ 36.738168246697697, 51.531564710915298 ], [ 36.738402416831001, 51.531521072092097 ], [ 36.738636136010001, 51.531468850185597 ], [ 36.738868819431602, 51.531410058626797 ], [ 36.7390969367165, 51.5313447633322 ], [ 36.739320009961098, 51.531273100069697 ], [ 36.7395314832605, 51.531195102339197 ], [ 36.739733762302897, 51.531114795378897 ], [ 36.739936217415099, 51.5310192237365 ], [ 36.740115759199398, 51.530934785559701 ], [ 36.740303881691197, 51.530833744211797 ], [ 36.740394334853796, 51.530784226286002 ], [ 36.740509336278201, 51.5307164896508 ], [ 36.740681923305502, 51.530603224897298 ], [ 36.740846047304501, 51.5304870449513 ], [ 36.741001456747, 51.5303662939425 ], [ 36.741147828239399, 51.530241226108103 ], [ 36.741278940050101, 51.530108183214097 ], [ 36.741406327445603, 51.5299752779665 ], [ 36.741523810016801, 51.529838870029202 ], [ 36.741631143421799, 51.5296992460609 ], [ 36.741728097692103, 51.5295566999879 ], [ 36.7418144743, 51.529411530210602 ], [ 36.741888422715803, 51.529267290464396 ], [ 36.741890088192399, 51.529264042956498 ], [ 36.741954781265903, 51.529114548927701 ], [ 36.742008417874899, 51.528963362183099 ], [ 36.742050884831599, 51.528810801256498 ], [ 36.7420820941012, 51.528657185244803 ], [ 36.7421019792083, 51.528502838278797 ], [ 36.742110497932202, 51.5283480850524 ], [ 36.742107633204697, 51.528193250823001 ], [ 36.742093391314199, 51.528038661969902 ], [ 36.742067801905002, 51.527884643200501 ], [ 36.742030918876097, 51.527731516990798 ], [ 36.741982820380798, 51.527579606939099 ], [ 36.7419236070306, 51.527429232176701 ], [ 36.741853404589399, 51.527280709044703 ], [ 36.7418283667458, 51.527235493985103 ], [ 36.741772358584498, 51.527134348858198 ], [ 36.741680643288902, 51.526990461259302 ], [ 36.7416024674013, 51.526882513964203 ], [ 36.741578448247303, 51.5268493469516 ], [ 36.741465989055101, 51.526711303847399 ], [ 36.741343502867799, 51.526576622037602 ], [ 36.741211246603498, 51.526445584909297 ], [ 36.7410695014349, 51.526318466909601 ], [ 36.740918561110902, 51.526195536339898 ], [ 36.740758745431997, 51.526077050884403 ], [ 36.740590391266302, 51.525963260963302 ], [ 36.740413849855003, 51.525854404142798 ], [ 36.740229495795802, 51.5257507112836 ], [ 36.740037715364103, 51.525652399273902 ], [ 36.739838910106897, 51.525559673823899 ], [ 36.739633501333998, 51.525472732260297 ], [ 36.7394219184402, 51.525391756259502 ], [ 36.739204606989802, 51.525316915201202 ], [ 36.738982025123697, 51.525248367285599 ], [ 36.738754639067402, 51.525186257297698 ], [ 36.738522927623002, 51.525130713812104 ], [ 36.738287378575698, 51.525081855899998 ], [ 36.738048487795602, 51.525039785304102 ], [ 36.737806755644201, 51.525004590350399 ], [ 36.737562690567998, 51.524976344830897 ], [ 36.737464775998703, 51.524967888553597 ], [ 36.737316808199999, 51.524955109120398 ], [ 36.737069623274898, 51.524940926823803 ], [ 36.736821655018801, 51.524933828128503 ], [ 36.736576336792801, 51.524933828128503 ], [ 36.736573426251297, 51.524933828128503 ], [ 36.736571524517899, 51.524933882342602 ], [ 36.736325458893504, 51.524940926823803 ], [ 36.736078273070099, 51.524955109120398 ], [ 36.735832389803697, 51.524976344830897 ], [ 36.735588325625898, 51.525004590350399 ], [ 36.7353465943728, 51.525039785304102 ], [ 36.735107701796103, 51.525081855899998 ], [ 36.7348721527488, 51.525130713812104 ], [ 36.734640442202704, 51.525186257297698 ], [ 36.734413056146401, 51.525248367285698 ], [ 36.734182852973397, 51.5253167676507 ], [ 36.733965540624702, 51.525391608709199 ], [ 36.733913989903797, 51.525411337973701 ], [ 36.733753958629201, 51.525472584710201 ], [ 36.733548548957998, 51.525559526274201 ], [ 36.733349744599103, 51.525652251724402 ], [ 36.733157964167397, 51.525750563734398 ], [ 36.7329736092099, 51.525854256594002 ], [ 36.732797068697003, 51.525963113414797 ], [ 36.732628713632899, 51.526076903336303 ], [ 36.732513579257898, 51.526151641985699 ], [ 36.732459941750598, 51.526191408356503 ], [ 36.7323090014267, 51.526314338937297 ], [ 36.732167254461402, 51.526441456948596 ], [ 36.732152561616601, 51.5264560149107 ], [ 36.732034999993701, 51.526572494088803 ], [ 36.7319125138064, 51.526707175910801 ], [ 36.731800054614297, 51.5268452190275 ], [ 36.731697859572598, 51.526986333347999 ], [ 36.731606142480402, 51.527130220959897 ], [ 36.731525097373797, 51.527276581159697 ], [ 36.731454894932703, 51.527425104305202 ], [ 36.731395681582399, 51.5275754790812 ], [ 36.7313475830871, 51.527727389146698 ], [ 36.731310700956499, 51.5278805153702 ], [ 36.731285110648997, 51.528034534153598 ], [ 36.7312708687585, 51.528189123020702 ], [ 36.731268004031101, 51.528343957264198 ], [ 36.7312765218566, 51.5284987105046 ], [ 36.7312964069637, 51.528653057484703 ], [ 36.731327616233301, 51.528806673510303 ], [ 36.731339374282101, 51.528848913872501 ], [ 36.7313700831901, 51.528959234450703 ], [ 36.731423719798997, 51.529110421208998 ], [ 36.731487940358697, 51.5292694236147 ], [ 36.731563554251103, 51.529416910851403 ], [ 36.731654597606799, 51.529560267696901 ], [ 36.731751553673803, 51.529702813758703 ], [ 36.731856215489202, 51.529834771436299 ], [ 36.731973698060401, 51.529971179385797 ], [ 36.732086406984102, 51.5300923796364 ], [ 36.7322234297094, 51.530221501730601 ], [ 36.7322234297094, 51.530221501730601 ] ], [ [ 36.739943147917501, 51.528342751788998 ], [ 36.739917486643101, 51.528251961029198 ], [ 36.739998503902001, 51.528094191289703 ], [ 36.740040819043401, 51.528055627033801 ], [ 36.740111538914199, 51.5280141594124 ], [ 36.740180886159102, 51.527993453251803 ], [ 36.740336332432499, 51.528011346616601 ], [ 36.740443728719697, 51.528058332523798 ], [ 36.740458956960403, 51.528172546979199 ], [ 36.740321900099197, 51.528355289399997 ], [ 36.740178046584603, 51.528420255898403 ], [ 36.740108730780598, 51.5284174258028 ], [ 36.739995101981997, 51.528400959382097 ], [ 36.739949405581797, 51.528353456318101 ], [ 36.739943147917501, 51.528342751788998 ], [ 36.739943147917501, 51.528342751788998 ] ] ] } },
{ "type": "Feature", "properties": { "dataset_code": "KAA", "source_file": "КАА.kml", "placemark_index": 29, "organization_code": "KAA", "organization_name_raw": "КАА", "farm_name_raw": "Орошение Солнцево", "region_name_raw": "Курская область", "district_name_raw": "Солнцевский район", "field_external_key": "KAA:КУР-СОЛ-0032-02", "field_code_raw": "КУР-СОЛ-0032-02", "field_name_raw": "КУР-СОЛ-0032-02", "field_code_unique_status": "unique", "source_fid": "44", "declared_area_ha": 45.2, "geometry_area_ha": 45.197559, "area_diff_ha": -0.002441, "area_diff_pct": -0.005401, "area_quality_status": "ok", "geometry_type": "Polygon", "polygon_count": 1, "inner_ring_count": 0, "geometry_valid": true, "geometry_validity_reason": "Valid Geometry", "centroid_lon": 36.793302515000001, "centroid_lat": 51.473868091999996, "representative_lon": 36.793302334000003, "representative_lat": 51.473856103000003, "centroid_within_geometry": true, "weather_point_lon_candidate": 36.793302515000001, "weather_point_lat_candidate": 51.473868091999996, "active_2026_candidate": true, "active_reason": "kaa_crop_plan_present", "season_year_candidate": null, "crop_raw": "Соя", "crop_code_candidate": "soybean", "crop_parameter_set_candidate_key": "aquacrop_v7_3_regional_soybean_kursk_oblast", "regional_crop_parameter_set_candidate_key": "aquacrop_v7_3_regional_soybean_kursk_oblast", "crop_parameter_candidate_status": "resolved_from_kml_region_kursk_oblast", "crop_parameter_candidate_comment_ru": "Кандидат выбран по культуре и признаку региона 'Курская область' из KAA.kml.", "sowing_date_raw": "", "calculation_ready": false, "calculation_blockers_json": [ "missing_sowing_date", "missing_soil_profile" ], "geometry_hash_sha256": "11fd5da9b0ea1a06c525bf9da4b0539f30a51eeed17aaf4b4c79332621e56433", "source_attributes_json": { "ESRI_OID": "1266", "fid": "44", "is_experimental_production": "Нет", "source_fid": "44", "В аренде": "Нет", "Вид семян": "Собственные", "Дата изменения": "10.11.2025 9:55:53", "Изменил": "GEODATA", "Интенсивность": "MAX", "История": "2013: Кукуруза зерновая, 2014: Подсолнечник, 2015: Пшеница яровая, 2016: Соя, 2017: Пшеница озимая, 2018: Соя, 2019: Соя, 2020: Пшеница яровая, 2021: Соя, 2022: Пар, Пшеница озимая, 2023: Кукуруза зерновая, Пшеница яровая, Соя, 2024: Кукуруза зерновая, 2025: Кукуруза зерновая, 2026: Соя", "Итого семян (т; п.ед.)": "5.42", "Культура": "Соя", "Мех.состав (пески; карбонаты)": "Нет", "Название": "КУР-СОЛ-0032-02", "Направление склона": "ЮВ", "Норма высева (кг/га; п.ед./га)": "120", "Область": "Курская область", "Ограничение сева по ХСЗР (сах.свекла)": "2016", "Опытное": "Нет", "План. хозяйство": "Орошение Солнцево", "Площадь (га)": "45.2", "Под оптимизацию": "Нет", "Пред. предшественник": "Кукуруза зерновая", "Предшественник": "Кукуруза зерновая", "Район": "Солнцевский район", "Рельеф": "Условно пригодно", "Семена": "Семена сои ЕС ФАВОР РС1 (соб.)", "Сред. норма высева (кг/га; п.ед./га)": "0", "Территория": "Орошение", "Технология": "Соя АТ семенная орошение MAX", "Технология компании": "АТ семенная", "Тип посевов": "Семенные", "Уклон (град.)": "2.3", "Хозяйство": "Орошение Солнцево" } }, "geometry": { "type": "Polygon", "coordinates": [ [ [ 36.794375173763299, 51.4772067987182 ], [ 36.794537168755198, 51.4771856179472 ], [ 36.794637367740201, 51.477169490521 ], [ 36.794756662213402, 51.477152515454698 ], [ 36.794859939724901, 51.477134757648599 ], [ 36.795075311712601, 51.477093598945103 ], [ 36.795213104294, 51.477061093927297 ], [ 36.7954358406704, 51.477010301188898 ], [ 36.7957817306824, 51.476909460233799 ], [ 36.796115512302599, 51.476793796248302 ], [ 36.796435556885498, 51.476663874215198 ], [ 36.796740307650701, 51.476520326250601 ], [ 36.797028279682998, 51.476363852165797 ], [ 36.797298068915701, 51.476195214994497 ], [ 36.7975483611134, 51.476015234841697 ], [ 36.797777937262303, 51.475824791124197 ], [ 36.7979856780617, 51.475624810265302 ], [ 36.798170572008402, 51.475416266257099 ], [ 36.7983317198889, 51.475200175067897 ], [ 36.798468335677299, 51.474977591288301 ], [ 36.798579753722002, 51.474749598062303 ], [ 36.798665433237197, 51.474517305969599 ], [ 36.798724954709598, 51.474281847993097 ], [ 36.7987580306784, 51.4740443711257 ], [ 36.798764499446698, 51.473806031337098 ], [ 36.798744329573601, 51.473567990215898 ], [ 36.798697620772103, 51.473331407137103 ], [ 36.7986246012143, 51.473097435903902 ], [ 36.798525625734499, 51.472867215235397 ], [ 36.798401176728298, 51.472641867086097 ], [ 36.798251863253398, 51.472422488811297 ], [ 36.798078410250199, 51.472210149807204 ], [ 36.797881663033301, 51.472005884235202 ], [ 36.7976625828001, 51.471810685982497 ], [ 36.797422234952499, 51.471625508100701 ], [ 36.797217658019598, 51.471488629953903 ], [ 36.7971593537644, 51.4714538407163 ], [ 36.797072219876803, 51.471404018735001 ], [ 36.7969219964085, 51.471321576797401 ], [ 36.796856908974597, 51.471284922956201 ], [ 36.796663597813598, 51.471185707199197 ], [ 36.796463206131598, 51.471092130004102 ], [ 36.796256157933399, 51.4710043889337 ], [ 36.796042886206799, 51.470922668120799 ], [ 36.795823841008001, 51.470847138826599 ], [ 36.795599482274099, 51.470777961119801 ], [ 36.7953702807227, 51.470715279958902 ], [ 36.795136721443697, 51.470659226870502 ], [ 36.794899292222603, 51.470609918830398 ], [ 36.7947012577199, 51.4705750018991 ], [ 36.794658494319101, 51.470567462179702 ], [ 36.794588439201704, 51.470557250485598 ], [ 36.794414831688201, 51.470531944231297 ], [ 36.794168819962799, 51.470503438865599 ], [ 36.793920973877597, 51.470482007089601 ], [ 36.793833620801003, 51.470476989366603 ], [ 36.7936718162521, 51.470467695358103 ], [ 36.793421869007403, 51.470460531096897 ], [ 36.793298575234601, 51.470460531096897 ], [ 36.793236115372999, 51.470460531096897 ], [ 36.793171658556403, 51.470460531096897 ], [ 36.792921712210003, 51.470467695358103 ], [ 36.792672553686202, 51.470482007089601 ], [ 36.792424707601, 51.470503438865599 ], [ 36.792178695875599, 51.470531944231297 ], [ 36.792094171593902, 51.470544264972197 ], [ 36.792003455224901, 51.470557488864799 ], [ 36.791935035041298, 51.470567462179702 ], [ 36.791694236239501, 51.470609918830398 ], [ 36.791456807018299, 51.470659226870502 ], [ 36.791223246841099, 51.470715279958803 ], [ 36.790994047086201, 51.470777961119801 ], [ 36.790769688352498, 51.470847138826599 ], [ 36.790571929632499, 51.4709153282258 ], [ 36.790550642255297, 51.470922668120799 ], [ 36.7904886890434, 51.470946407360003 ], [ 36.790337371427, 51.4710043889337 ], [ 36.790130322330398, 51.471092130004102 ], [ 36.789929930648398, 51.471185707199197 ], [ 36.789736618589203, 51.471284922956201 ], [ 36.789550793089496, 51.471389570199101 ], [ 36.789391947591099, 51.471487632810501 ], [ 36.789372844018303, 51.471499426184003 ], [ 36.789283881160699, 51.471559627961703 ], [ 36.789203145074602, 51.471614263131201 ], [ 36.789042053787902, 51.471733837034598 ], [ 36.788889908823201, 51.471857898293202 ], [ 36.788747030878902, 51.471986183878101 ], [ 36.7886891829679, 51.472043568201798 ], [ 36.788613719992497, 51.472118426845299 ], [ 36.788612204534601, 51.472120095442598 ], [ 36.788490256438102, 51.472254346823398 ], [ 36.788376899829103, 51.472393658967 ], [ 36.7882738891171, 51.4725360700401 ], [ 36.788181439897997, 51.4726812812142 ], [ 36.788099748004299, 51.472828985830503 ], [ 36.788028984116202, 51.472978874995398 ], [ 36.787969299150397, 51.473130631985399 ], [ 36.787935051778497, 51.473238923772698 ], [ 36.787934929607601, 51.473239311535799 ], [ 36.787920816176197, 51.473283937842901 ], [ 36.787889961741101, 51.473412190321604 ], [ 36.787883639398203, 51.473438470816397 ], [ 36.7878578451731, 51.473593906921003 ], [ 36.787843489196497, 51.473749917139898 ], [ 36.787840601112897, 51.4739061741396 ], [ 36.787849188108702, 51.474062350031197 ], [ 36.7878657665172, 51.474191181114797 ], [ 36.787869232217602, 51.474218115811802 ], [ 36.787893026792801, 51.474335380986901 ], [ 36.787900689422202, 51.474373144161 ], [ 36.787943495043798, 51.474527108322697 ], [ 36.787997560149201, 51.474679684902199 ], [ 36.788062769753999, 51.474830553306703 ], [ 36.788138987314298, 51.474979396304299 ], [ 36.788226052031597, 51.475125900024601 ], [ 36.788323782446298, 51.475269757314699 ], [ 36.788338508528803, 51.475288937021503 ], [ 36.788431971047601, 51.475410663822899 ], [ 36.788550392358196, 51.475548325831703 ], [ 36.78867879485, 51.475682452983101 ], [ 36.788816911723202, 51.475812762195702 ], [ 36.788964450127203, 51.475938979901997 ], [ 36.789121101041403, 51.4760608409293 ], [ 36.789286534784097, 51.476178089058301 ], [ 36.789347752275802, 51.476217660149899 ], [ 36.789460402808999, 51.4762904759043 ], [ 36.789529569492601, 51.476331264940299 ], [ 36.789642341298403, 51.476397768189997 ], [ 36.789831964875098, 51.4764997371148 ], [ 36.790028878280403, 51.476596170103697 ], [ 36.7902326628992, 51.476686864093402 ], [ 36.790442893828498, 51.476771628328699 ], [ 36.790659128198897, 51.476850283803103 ], [ 36.790880908767797, 51.476922664937 ], [ 36.791107772902897, 51.4769886212556 ], [ 36.791339240903902, 51.4770480123534 ], [ 36.7915748258837, 51.477100714047999 ], [ 36.791814032870903, 51.477146613904097 ], [ 36.792056358808601, 51.4771856179472 ], [ 36.792283703542402, 51.477215342751002 ], [ 36.792338271704402, 51.477221387523102 ], [ 36.7925483238689, 51.477242620869802 ], [ 36.792796928132198, 51.477260500043997 ], [ 36.793046583424399, 51.477271242875197 ], [ 36.793259677284503, 51.477274294910799 ], [ 36.793296764231101, 51.477274825869898 ], [ 36.793361280336399, 51.477273902146599 ], [ 36.793546945936001, 51.477271242875197 ], [ 36.793796601228202, 51.477260500043997 ], [ 36.7940452036948, 51.477242620869902 ], [ 36.794169403867699, 51.477230062474597 ], [ 36.794268042479203, 51.477220088937798 ], [ 36.794375173763299, 51.4772067987182 ], [ 36.794375173763299, 51.4772067987182 ] ] ] } },
{ "type": "Feature", "properties": { "dataset_code": "KAA", "source_file": "КАА.kml", "placemark_index": 30, "organization_code": "KAA", "organization_name_raw": "КАА", "farm_name_raw": "Орошение Солнцево", "region_name_raw": "Курская область", "district_name_raw": "Солнцевский район", "field_external_key": "KAA:КУР-СОЛ-0013-03", "field_code_raw": "КУР-СОЛ-0013-03", "field_name_raw": "КУР-СОЛ-0013-03", "field_code_unique_status": "unique", "source_fid": "45", "declared_area_ha": 60.9, "geometry_area_ha": 60.901311, "area_diff_ha": 0.001311, "area_diff_pct": 0.002153, "area_quality_status": "ok", "geometry_type": "Polygon", "polygon_count": 1, "inner_ring_count": 0, "geometry_valid": true, "geometry_validity_reason": "Valid Geometry", "centroid_lon": 36.732085826000002, "centroid_lat": 51.560934595, "representative_lon": 36.732085349000002, "representative_lat": 51.561016948000002, "centroid_within_geometry": true, "weather_point_lon_candidate": 36.732085826000002, "weather_point_lat_candidate": 51.560934595, "active_2026_candidate": true, "active_reason": "kaa_crop_plan_present", "season_year_candidate": null, "crop_raw": "Рапс яровой", "crop_code_candidate": "spring_rapeseed_proxy", "crop_parameter_set_candidate_key": "aquacrop_v7_3_regional_spring_rapeseed_proxy_kursk_oblast", "regional_crop_parameter_set_candidate_key": "aquacrop_v7_3_regional_spring_rapeseed_proxy_kursk_oblast", "crop_parameter_candidate_status": "proxy_parameter_set_requires_review", "crop_parameter_candidate_comment_ru": "Кандидат выбран по культуре и признаку региона 'Курская область' из KAA.kml. Набор ярового рапса является proxy, не official AquaCrop crop file.", "sowing_date_raw": "", "calculation_ready": false, "calculation_blockers_json": [ "missing_sowing_date", "missing_soil_profile" ], "geometry_hash_sha256": "9ffb4efa3881a7c5bba8b623c9bc5c2d45166497bf39400fbbdd440972a8ed37", "source_attributes_json": { "ESRI_OID": "518", "fid": "45", "is_experimental_production": "Нет", "source_fid": "45", "В аренде": "Нет", "Дата изменения": "20.02.2026 8:59:02", "Изменил": "esb", "Интенсивность": "MAX", "История": "2013: Пар, 2014: Пшеница озимая, Соя, 2015: Пшеница озимая, 2016: Кукуруза зерновая, 2017: Пшеница яровая, 2018: Сахарная свекла, 2019: Пшеница яровая, 2020: Соя, 2021: Пшеница озимая, Пшеница яровая, 2022: Пар, Сахарная свекла, 2023: Соя, 2024: Кукуруза зерновая, 2025: Кукуруза зерновая, 2026: Рапс яровой", "Культура": "Рапс яровой", "Мех.состав (пески; карбонаты)": "Да", "Название": "КУР-СОЛ-0013-03", "Направление склона": "В", "Область": "Курская область", "Опытное": "Нет", "План. хозяйство": "Орошение Солнцево", "Площадь (га)": "60.9", "Под оптимизацию": "Нет", "Пред. предшественник": "Кукуруза зерновая", "Предшественник": "Кукуруза зерновая", "Район": "Солнцевский район", "Рельеф": "Пригодно", "Территория": "Орошение", "Технология": "Рапс яровой АТ гибридизация MAX Агротек", "Технология компании": "АТ семенная", "Тип посевов": "Семенные", "Уклон (град.)": "1.3", "Хозяйство": "Орошение Солнцево" } }, "geometry": { "type": "Polygon", "coordinates": [ [ [ 36.7269792923545, 51.558579033103896 ], [ 36.726840966173697, 51.558700925666798 ], [ 36.726823600841001, 51.558716227837202 ], [ 36.726736344782502, 51.558800489373198 ], [ 36.7266773910453, 51.558857419283498 ], [ 36.7265409252756, 51.559002348824698 ], [ 36.726414448771799, 51.559150758961898 ], [ 36.726298190604297, 51.559302381028999 ], [ 36.726192360978999, 51.559456941895 ], [ 36.726097150338703, 51.559614163964099 ], [ 36.726012727566598, 51.5597737618249 ], [ 36.725939249867899, 51.559935450069901 ], [ 36.725876845701798, 51.560098936034997 ], [ 36.725825629154201, 51.560263924826202 ], [ 36.7257856927516, 51.5604301209951 ], [ 36.725757108359304, 51.5605972229543 ], [ 36.725739928079498, 51.560764931354903 ], [ 36.725734181556597, 51.560932941825698 ], [ 36.725739881366998, 51.561100953909602 ], [ 36.725748865418197, 51.561188896326797 ], [ 36.725757014934501, 51.561268663803297 ], [ 36.725785554410997, 51.561435768824403 ], [ 36.725802908963999, 51.561508072617201 ], [ 36.725825445897897, 51.561601969087498 ], [ 36.7258766193263, 51.5617669641533 ], [ 36.725938981271703, 51.561930455820203 ], [ 36.7259915857164, 51.562046279071502 ], [ 36.726012420342798, 51.562092152033998 ], [ 36.726096802690698, 51.5622517590689 ], [ 36.726139449310502, 51.5623222108633 ], [ 36.7261433623719, 51.562328673797403 ], [ 36.726191980093297, 51.562408989904597 ], [ 36.726297777379301, 51.562563560874899 ], [ 36.726414005902299, 51.562715193901496 ], [ 36.726540456355004, 51.562863615935399 ], [ 36.726628885613302, 51.562957555399002 ], [ 36.726629365313599, 51.562958064697703 ], [ 36.726676898768602, 51.5630085600732 ], [ 36.7268230896996, 51.563149763323203 ], [ 36.726978765043398, 51.5632869721898 ], [ 36.727128177333, 51.5634074649791 ], [ 36.727143643627301, 51.563419938205001 ], [ 36.727180876100803, 51.563447465735699 ], [ 36.727317429905497, 51.563548424071499 ], [ 36.727499810365998, 51.5636721958439 ], [ 36.7276272157278, 51.563751612736702 ], [ 36.727679155419303, 51.563783988927 ], [ 36.727690454428902, 51.563791031863602 ], [ 36.727889019835899, 51.563904718290402 ], [ 36.728095149057701, 51.564013049103004 ], [ 36.728308471089903, 51.564115828889797 ], [ 36.728528599656997, 51.564212872849701 ], [ 36.728755140398597, 51.564304007349101 ], [ 36.728962750942202, 51.564379945831497 ], [ 36.728987681886302, 51.564389064896297 ], [ 36.729085805763098, 51.564421548966898 ], [ 36.729225808200098, 51.564467895868098 ], [ 36.729469088148697, 51.564540356223901 ], [ 36.729717085150902, 51.564606315323601 ], [ 36.729794050109497, 51.564624419339403 ], [ 36.729856011406198, 51.564638994127897 ], [ 36.7299693491507, 51.564665654252003 ], [ 36.730072383218797, 51.564686822855101 ], [ 36.7300801859854, 51.564688426079798 ], [ 36.730186581549297, 51.564710285996398 ], [ 36.730212470097499, 51.564715604946997 ], [ 36.730225428295498, 51.564718266935003 ], [ 36.730484859952902, 51.564764057906402 ], [ 36.730747176100699, 51.5648029439824 ], [ 36.731011905123403, 51.564834857053597 ], [ 36.731278568218798, 51.564859736825603 ], [ 36.731461360107801, 51.564871875160698 ], [ 36.731495483512198, 51.564874141221097 ], [ 36.731546685686702, 51.56487754087 ], [ 36.7318157751318, 51.5648882368071 ], [ 36.732085348768699, 51.564891803980302 ], [ 36.732354924202298, 51.5648882368071 ], [ 36.732605416724397, 51.564878280215503 ], [ 36.732624012749099, 51.56487754087 ], [ 36.732892130217003, 51.564859736825603 ], [ 36.733158794210802, 51.564834857053597 ], [ 36.733423522335102, 51.5648029439824 ], [ 36.733685839381202, 51.564764057906402 ], [ 36.733945270140303, 51.564718266935003 ], [ 36.734201349285101, 51.564665654252003 ], [ 36.734453614183202, 51.564606315323601 ], [ 36.734701610286997, 51.564540356223901 ], [ 36.734944890235703, 51.564467895868098 ], [ 36.7349950728224, 51.564451282779999 ], [ 36.735183015651202, 51.564389064896297 ], [ 36.7354155589355, 51.564304007349101 ], [ 36.735642098778797, 51.564212872849701 ], [ 36.735862228244201, 51.564115828889797 ], [ 36.735932345345397, 51.564082046256303 ], [ 36.7360755493781, 51.564013049103004 ], [ 36.736150953064801, 51.563973420757598 ], [ 36.736281678599902, 51.563904718290402 ], [ 36.736480244905202, 51.563791031863602 ], [ 36.736670888968099, 51.5636721958439 ], [ 36.736853267632, 51.563548424071499 ], [ 36.737027053910197, 51.563419938205001 ], [ 36.737191934290699, 51.5632869721898 ], [ 36.737347608736201, 51.563149763323203 ], [ 36.737493799667199, 51.5630085600732 ], [ 36.737630242979101, 51.562863615935399 ], [ 36.737756693431798, 51.562715193901496 ], [ 36.737817789650798, 51.562635485923899 ], [ 36.7378729210565, 51.562563560874899 ], [ 36.737978719240701, 51.562408989904597 ], [ 36.738073894846799, 51.5622517590689 ], [ 36.7381582789913, 51.562092152033998 ], [ 36.738231718062401, 51.561930455820203 ], [ 36.738294080007698, 51.5617669641533 ], [ 36.738345253436201, 51.561601969087498 ], [ 36.7383851449231, 51.561435768824403 ], [ 36.738413682603003, 51.561268663803297 ], [ 36.738430817967, 51.561100953909602 ], [ 36.738436516879197, 51.560932941825698 ], [ 36.738430771254599, 51.560764931354903 ], [ 36.738413590076497, 51.5605972229543 ], [ 36.738385005684201, 51.5604301209951 ], [ 36.7383450692816, 51.560263924826202 ], [ 36.738293852734003, 51.560098936034997 ], [ 36.738231448567802, 51.559935450069901 ], [ 36.738157969970899, 51.5597737618249 ], [ 36.738073548995402, 51.559614163964099 ], [ 36.738065753415299, 51.559601290937501 ], [ 36.737978336558399, 51.559456941895 ], [ 36.737872506933101, 51.559302381028999 ], [ 36.737756248765699, 51.559150758961898 ], [ 36.737629774058497, 51.559002348824698 ], [ 36.737493307390402, 51.558857419283498 ], [ 36.737347096696503, 51.558716227837202 ], [ 36.737191406081301, 51.558579033103896 ], [ 36.737026514920998, 51.558446080858502 ], [ 36.737011247154499, 51.558434794750099 ], [ 36.736852720557998, 51.5583176101755 ], [ 36.736670338300797, 51.558193852312101 ], [ 36.7364796942379, 51.5580750301487 ], [ 36.736417478718003, 51.5580394133748 ], [ 36.736281132424203, 51.557961359306198 ], [ 36.736075010388902, 51.557853042001803 ], [ 36.735861700933199, 51.557750275984603 ], [ 36.735641586739099, 51.557653245041102 ], [ 36.735415066658703, 51.5575621251378 ], [ 36.735182546730599, 51.557477078836399 ], [ 36.734944447366203, 51.557398260878202 ], [ 36.734701196163698, 51.557325812040403 ], [ 36.734453233297501, 51.557259863044898 ], [ 36.734201003433697, 51.5572005328833 ], [ 36.7340134441855, 51.557161998871102 ], [ 36.733944961119903, 51.557147928815802 ], [ 36.733928840852101, 51.557145083750903 ], [ 36.733685569886603, 51.557102145813097 ], [ 36.733443963499397, 51.557066330005 ], [ 36.7334232950613, 51.557063265997499 ], [ 36.733262875714502, 51.557043928006102 ], [ 36.733016048318902, 51.557026348768296 ], [ 36.732492192167598, 51.556989038873198 ], [ 36.7321985041552, 51.556979374330901 ], [ 36.731755785637098, 51.5569840848461 ], [ 36.731314673306699, 51.557008032843001 ], [ 36.730877947449898, 51.557051038449799 ], [ 36.730876514637004, 51.557051216057303 ], [ 36.730445838933598, 51.557113080947303 ], [ 36.730022348854099, 51.557193671000903 ], [ 36.7296089073294, 51.557292477314903 ], [ 36.729207526585803, 51.557409018893701 ], [ 36.728863063098501, 51.5575279209882 ], [ 36.728430415593103, 51.557701539090999 ], [ 36.728309331675902, 51.557750129097698 ], [ 36.728308998400898, 51.557750275984603 ], [ 36.7280956880468, 51.557853042001803 ], [ 36.727889566909901, 51.557961359306198 ], [ 36.727691005096197, 51.5580750301487 ], [ 36.7275003610333, 51.558193852312101 ], [ 36.727317976979499, 51.5583176101755 ], [ 36.727144182616399, 51.558446080858502 ], [ 36.727095872118802, 51.558485033772101 ], [ 36.7269792923545, 51.558579033103896 ], [ 36.7269792923545, 51.558579033103896 ] ] ] } },
{ "type": "Feature", "properties": { "dataset_code": "KAA", "source_file": "КАА.kml", "placemark_index": 31, "organization_code": "KAA", "organization_name_raw": "КАА", "farm_name_raw": "Орошение Солнцево", "region_name_raw": "Курская область", "district_name_raw": "Солнцевский район", "field_external_key": "KAA:КУР-СОЛ-0016-02", "field_code_raw": "КУР-СОЛ-0016-02", "field_name_raw": "КУР-СОЛ-0016-02", "field_code_unique_status": "unique", "source_fid": "47", "declared_area_ha": 49.3, "geometry_area_ha": 49.301987, "area_diff_ha": 0.001987, "area_diff_pct": 0.00403, "area_quality_status": "ok", "geometry_type": "Polygon", "polygon_count": 1, "inner_ring_count": 0, "geometry_valid": true, "geometry_validity_reason": "Valid Geometry", "centroid_lon": 36.739795137999998, "centroid_lat": 51.546769763, "representative_lon": 36.739797228, "representative_lat": 51.546775822999997, "centroid_within_geometry": true, "weather_point_lon_candidate": 36.739795137999998, "weather_point_lat_candidate": 51.546769763, "active_2026_candidate": true, "active_reason": "kaa_crop_plan_present", "season_year_candidate": null, "crop_raw": "Кукуруза зерновая", "crop_code_candidate": "maize_grain", "crop_parameter_set_candidate_key": "aquacrop_v7_3_regional_maize_grain_kursk_oblast", "regional_crop_parameter_set_candidate_key": "aquacrop_v7_3_regional_maize_grain_kursk_oblast", "crop_parameter_candidate_status": "resolved_from_kml_region_kursk_oblast", "crop_parameter_candidate_comment_ru": "Кандидат выбран по культуре и признаку региона 'Курская область' из KAA.kml.", "sowing_date_raw": "", "calculation_ready": false, "calculation_blockers_json": [ "missing_sowing_date", "missing_soil_profile" ], "geometry_hash_sha256": "8f78cd8f4e3cbb10f56ca017b8076ea6fee5df13613a1dedc7dca3984fbc5099", "source_attributes_json": { "ESRI_OID": "2033", "fid": "47", "is_experimental_production": "Нет", "source_fid": "47", "В аренде": "Нет", "Дата изменения": "10.11.2025 9:56:11", "Изменил": "GEODATA", "Интенсивность": "MAX", "История": "2013: Пшеница озимая, 2014: Кукуруза зерновая, 2015: Соя, 2016: Кукуруза зерновая, 2017: Пар, Подъем залежи, Пшеница яровая, 2018: Пшеница озимая, 2019: Соя, 2020: Соя, 2021: Пшеница яровая, 2022: Пар, Сахарная свекла, 2023: Соя, 2024: Рапс яровой, 2025: Кукуруза зерновая, 2026: Кукуруза зерновая", "Культура": "Кукуруза зерновая", "Мех.состав (пески; карбонаты)": "Да", "Название": "КУР-СОЛ-0016-02", "Область": "Курская область", "Опытное": "Нет", "План. хозяйство": "Орошение Солнцево", "Площадь (га)": "49.3", "Под оптимизацию": "Нет", "Пред. предшественник": "Рапс яровой", "Предшественник": "Кукуруза зерновая", "Район": "Солнцевский район", "Рельеф": "Пригодно", "Территория": "Орошение", "Технология": "Кукуруза зерновая АТ орошение MAS MAX_Кораген", "Технология компании": "АТ семенная", "Тип посевов": "Семенные", "Уклон (град.)": "1.5", "Хозяйство": "Орошение Солнцево" } }, "geometry": { "type": "Polygon", "coordinates": [ [ [ 36.740625385138202, 51.5502927172911 ], [ 36.740730281413903, 51.550283051884499 ], [ 36.740863382094602, 51.550268271958402 ], [ 36.741063983083997, 51.550241077753199 ], [ 36.741206591533697, 51.550220386171297 ], [ 36.7413140228552, 51.550201468129401 ], [ 36.741405291687997, 51.550184915185397 ], [ 36.741567864296599, 51.550152991274402 ], [ 36.741805465096, 51.550102001229 ], [ 36.742041956476001, 51.550042882936197 ], [ 36.742277259384899, 51.549975635247101 ], [ 36.742505217667997, 51.549902800881398 ], [ 36.742725546559399, 51.5498243206005 ], [ 36.742946446779399, 51.549738258254003 ], [ 36.743156127939699, 51.549646416976003 ], [ 36.743357976689097, 51.549551862921099 ], [ 36.743556597791702, 51.549449315556302 ], [ 36.743745791075398, 51.549340535562401 ], [ 36.743926427905997, 51.549227617124501 ], [ 36.744100409118602, 51.549110560211702 ], [ 36.7442686231471, 51.548987275579002 ], [ 36.744423543007798, 51.548859428406303 ], [ 36.7445647249328, 51.548729068218201 ], [ 36.744701687470901, 51.548594106879399 ], [ 36.744826944960899, 51.548453252261602 ], [ 36.744940122805197, 51.548310469963702 ], [ 36.745050505990697, 51.548164498596499 ], [ 36.745143201348199, 51.548015956527102 ], [ 36.7452341854151, 51.547861856752299 ], [ 36.745292520212999, 51.547727874351402 ], [ 36.7453029748063, 51.547704829240303 ], [ 36.7453344517739, 51.547626917763402 ], [ 36.745362202529599, 51.547558229704997 ], [ 36.745413566400998, 51.5474017631295 ], [ 36.745453618686199, 51.547244016742901 ], [ 36.745479074246397, 51.5471030534802 ], [ 36.745482278536997, 51.5470853100718 ], [ 36.745499489359602, 51.546925960971599 ], [ 36.745505217916097, 51.5467662900951 ], [ 36.745504805589398, 51.5467548876845 ], [ 36.745499450731998, 51.546606620892803 ], [ 36.745482199485302, 51.546447272909298 ], [ 36.745453499210299, 51.546288569045601 ], [ 36.745413409195798, 51.546130826620399 ], [ 36.745362009391798, 51.545974364633203 ], [ 36.745299404003099, 51.545819498735398 ], [ 36.745225717895302, 51.545666538996301 ], [ 36.745141100188803, 51.545515794930402 ], [ 36.7450457215635, 51.545367569910901 ], [ 36.744939774258903, 51.545222161727601 ], [ 36.7448234729723, 51.5450798648221 ], [ 36.744697048570799, 51.544940963024402 ], [ 36.744560758870797, 51.544805737932201 ], [ 36.744414876960199, 51.544674461648803 ], [ 36.7443372679096, 51.544610915572598 ], [ 36.744259696588202, 51.544547399016999 ], [ 36.744095531266602, 51.544424803707599 ], [ 36.743922710677303, 51.544306924924101 ], [ 36.743741583366599, 51.544193999021097 ], [ 36.743552514948703, 51.544086253974498 ], [ 36.743355883614498, 51.543983904910498 ], [ 36.743152088215901, 51.543887159693099 ], [ 36.742941537486402, 51.5437962138949 ], [ 36.742724655430699, 51.543711248003703 ], [ 36.742501879528398, 51.543632434684604 ], [ 36.742368974680502, 51.543590213067901 ], [ 36.742321408886099, 51.543575102463798 ], [ 36.742273658038897, 51.5435599326348 ], [ 36.742123811863003, 51.5435174969762 ], [ 36.742040450001298, 51.543493888817302 ], [ 36.741802724335997, 51.543434433991699 ], [ 36.741707149878003, 51.543413582324703 ], [ 36.741560962540198, 51.543381688859199 ], [ 36.741483355286199, 51.5433671586567 ], [ 36.741343775057402, 51.543341026292602 ], [ 36.741315648805902, 51.5433357601515 ], [ 36.741067279002799, 51.543296738954403 ], [ 36.7408163507979, 51.543264705177599 ], [ 36.740563370840803, 51.543239723084397 ], [ 36.740308847578099, 51.543221841850503 ], [ 36.740053295744403, 51.543211100033602 ], [ 36.739797227379398, 51.543207516075299 ], [ 36.739541159912697, 51.543211100033602 ], [ 36.739285606282401, 51.543221841850503 ], [ 36.739031084816297, 51.543239723084397 ], [ 36.7387781048592, 51.543264705177599 ], [ 36.738527176654301, 51.543296738954403 ], [ 36.738278805953001, 51.5433357601515 ], [ 36.738033492218598, 51.543381688859199 ], [ 36.737791729524503, 51.543434433991699 ], [ 36.737554005655902, 51.543493888817302 ], [ 36.737320797618203, 51.5435599326348 ], [ 36.737092575230399, 51.543632434684604 ], [ 36.736988982410203, 51.543669083445302 ], [ 36.736925078057503, 51.543691691479403 ], [ 36.736869799328197, 51.543711248003703 ], [ 36.736652917272501, 51.5437962138949 ], [ 36.736442366542903, 51.543887159693099 ], [ 36.736238570246002, 51.543983904910498 ], [ 36.736041940708397, 51.544086253974498 ], [ 36.7358528704939, 51.544193999021097 ], [ 36.7356717440815, 51.544306924924101 ], [ 36.735498923492202, 51.544424803707599 ], [ 36.735334757272298, 51.544547399016999 ], [ 36.735179577798597, 51.544674461648803 ], [ 36.735033696786303, 51.544805737932201 ], [ 36.734897405289701, 51.544940963024402 ], [ 36.7347709826849, 51.5450798648221 ], [ 36.734654679601597, 51.545222161727601 ], [ 36.734548732297, 51.545367569910802 ], [ 36.7344533545701, 51.545515794930402 ], [ 36.734386714847403, 51.545634510798401 ], [ 36.734368736863502, 51.545666538996301 ], [ 36.734295050755698, 51.545819498735398 ], [ 36.734292813052399, 51.545825034417902 ], [ 36.734232444468702, 51.545974364633203 ], [ 36.734181045562998, 51.546130826620399 ], [ 36.734140954650201, 51.546288569045601 ], [ 36.734112255273502, 51.546447272909298 ], [ 36.734103113118898, 51.546531721974503 ], [ 36.734095004925102, 51.546606620892803 ], [ 36.734089237741003, 51.5467662900951 ], [ 36.734089921358901, 51.546785356487902 ], [ 36.734094964500898, 51.546925960971599 ], [ 36.734112175323503, 51.5470853100718 ], [ 36.734140836970901, 51.547244016742901 ], [ 36.734175293650303, 51.547406637757298 ], [ 36.734220452857897, 51.547555920325699 ], [ 36.734287003647403, 51.547718505590403 ], [ 36.734353553538597, 51.5478633533139 ], [ 36.734449418152501, 51.548031652212501 ], [ 36.734544489553898, 51.548177607247297 ], [ 36.734645504209297, 51.548312477090498 ], [ 36.734764343236598, 51.548458431224297 ], [ 36.734880212433502, 51.548589605535703 ], [ 36.734945574751897, 51.5486524209702 ], [ 36.735020062156899, 51.548721846984698 ], [ 36.735103725852603, 51.548803432834703 ], [ 36.7351816843479, 51.548874376933099 ], [ 36.735335701401702, 51.549004441198598 ], [ 36.735455539355499, 51.549093505237401 ], [ 36.735589233822601, 51.549182184777699 ], [ 36.735667526491198, 51.5492380787747 ], [ 36.735786366416797, 51.549313826233998 ], [ 36.7359022356137, 51.549382183180199 ], [ 36.736034883543503, 51.549457460610803 ], [ 36.7362250272447, 51.549553529243298 ], [ 36.736432997114498, 51.549651445538302 ], [ 36.736649880068498, 51.549745789909899 ], [ 36.7368691390664, 51.549827447659098 ], [ 36.737088992749101, 51.549905041433497 ], [ 36.737317759515904, 51.549978939930398 ], [ 36.737552468638398, 51.550045448028101 ], [ 36.7377871777609, 51.5501045668762 ], [ 36.738033769798001, 51.550158143231002 ], [ 36.738280362733398, 51.550206176553502 ], [ 36.738523199812498, 51.550242322867398 ], [ 36.738777948552404, 51.550273463562299 ], [ 36.739030965340397, 51.550298449614203 ], [ 36.739289004609098, 51.550315038267001 ], [ 36.739542033075203, 51.550324407610603 ], [ 36.739799209961198, 51.550328779746799 ], [ 36.740053052301, 51.550327006202401 ], [ 36.740305943324799, 51.550316364934503 ], [ 36.740492284457503, 51.550303358564598 ], [ 36.740625385138202, 51.5502927172911 ], [ 36.740625385138202, 51.5502927172911 ] ] ] } },
{ "type": "Feature", "properties": { "dataset_code": "KAA", "source_file": "КАА.kml", "placemark_index": 32, "organization_code": "KAA", "organization_name_raw": "КАА", "farm_name_raw": "Орошение Солнцево", "region_name_raw": "Курская область", "district_name_raw": "Солнцевский район", "field_external_key": "KAA:КУР-СОЛ-0029-1", "field_code_raw": "КУР-СОЛ-0029-1", "field_name_raw": "КУР-СОЛ-0029-1", "field_code_unique_status": "unique", "source_fid": "50", "declared_area_ha": 57.71, "geometry_area_ha": 57.705007, "area_diff_ha": -0.004993, "area_diff_pct": -0.008652, "area_quality_status": "ok", "geometry_type": "Polygon", "polygon_count": 1, "inner_ring_count": 0, "geometry_valid": true, "geometry_validity_reason": "Valid Geometry", "centroid_lon": 36.763342215000002, "centroid_lat": 51.465402130999998, "representative_lon": 36.763344132999997, "representative_lat": 51.465397758999998, "centroid_within_geometry": true, "weather_point_lon_candidate": 36.763342215000002, "weather_point_lat_candidate": 51.465402130999998, "active_2026_candidate": true, "active_reason": "kaa_crop_plan_present", "season_year_candidate": null, "crop_raw": "Кукуруза зерновая", "crop_code_candidate": "maize_grain", "crop_parameter_set_candidate_key": "aquacrop_v7_3_regional_maize_grain_kursk_oblast", "regional_crop_parameter_set_candidate_key": "aquacrop_v7_3_regional_maize_grain_kursk_oblast", "crop_parameter_candidate_status": "resolved_from_kml_region_kursk_oblast", "crop_parameter_candidate_comment_ru": "Кандидат выбран по культуре и признаку региона 'Курская область' из KAA.kml.", "sowing_date_raw": "", "calculation_ready": false, "calculation_blockers_json": [ "missing_sowing_date", "missing_soil_profile" ], "geometry_hash_sha256": "4a3348ce0a46cc2a45c275bb8f53e2dc9f34a4433c981fc06a6e8f8ce48c48b8", "source_attributes_json": { "ESRI_OID": "552", "fid": "50", "is_experimental_production": "Нет", "source_fid": "50", "В аренде": "Нет", "Дата изменения": "03.03.2026 12:33:00", "Изменил": "esb", "Интенсивность": "MAX", "История": "2016: Пар, Пшеница яровая, 2017: Соя, 2018: Пшеница яровая, 2019: Кукуруза зерновая, Соя, 2020: Кукуруза зерновая, 2021: Кукуруза зерновая, Подсолнечник, 2022: Кукуруза зерновая, 2023: Соя, 2024: Сахарная свекла, 2025: Кукуруза зерновая, Соя, 2026: Кукуруза зерновая", "Культура": "Кукуруза зерновая", "Мех.состав (пески; карбонаты)": "Да", "Название": "КУР-СОЛ-0029-1", "Направление склона": "В", "Область": "Курская область", "Опытное": "Нет", "План. хозяйство": "Орошение Солнцево", "Площадь (га)": "57.71", "Под оптимизацию": "Нет", "Пред. предшественник": "Сахарная свекла", "Предшественник": "Кукуруза зерновая, Соя", "Район": "Солнцевский район", "Рельеф": "Пригодно", "Территория": "Орошение", "Технология": "Кукуруза зерновая АТ орошение MAS MAX_Кораген", "Технология компании": "АТ семенная", "Хозяйство": "Орошение Солнцево" } }, "geometry": { "type": "Polygon", "coordinates": [ [ [ 36.763918195602201, 51.4615590461582 ], [ 36.763378314404598, 51.461542518069102 ], [ 36.762838173593998, 51.461555367342299 ], [ 36.762301886555903, 51.4615974948887 ], [ 36.761773530743397, 51.461668581047398 ], [ 36.761257128812503, 51.461768085028901 ], [ 36.760756608197397, 51.461895248837997 ], [ 36.760275777755098, 51.462049107355398 ], [ 36.759818296323601, 51.462228487226398 ], [ 36.759387645773003, 51.462432024221698 ], [ 36.758987102259198, 51.462658168844399 ], [ 36.758803896246903, 51.4627813581887 ], [ 36.758802502959902, 51.462782294518199 ], [ 36.7586197146641, 51.462905203132998 ], [ 36.758523812321002, 51.4629821844823 ], [ 36.7583968875579, 51.463084066424202 ], [ 36.757250267149502, 51.464705601307401 ], [ 36.757248096819801, 51.464711545321798 ], [ 36.757174564323797, 51.465045187914697 ], [ 36.757150599966998, 51.465348472672702 ], [ 36.757147985869601, 51.465381555189602 ], [ 36.757154628911103, 51.465490169813897 ], [ 36.757159916394798, 51.465576632645501 ], [ 36.757168567171, 51.465718083958002 ], [ 36.7572254323251, 51.4659992280247 ], [ 36.757236150124797, 51.466052216143801 ], [ 36.7573122491074, 51.466271820920603 ], [ 36.757336409296997, 51.466341542142402 ], [ 36.757353908478798, 51.4663888295064 ], [ 36.757509919792497, 51.466703150052503 ], [ 36.757714024211502, 51.467014998274998 ], [ 36.757960982761297, 51.467314577039097 ], [ 36.7582489188609, 51.467599607287497 ], [ 36.758575639722999, 51.467867918011301 ], [ 36.758938659709202, 51.468117469183802 ], [ 36.759335217398103, 51.468346357903997 ], [ 36.759762292653797, 51.4685528441263 ], [ 36.760216636270002, 51.468735356244103 ], [ 36.760694788834499, 51.4688925039491 ], [ 36.760760987484403, 51.468909851982197 ], [ 36.761193112170403, 51.469023091090499 ], [ 36.761707811793897, 51.469126124058903 ], [ 36.762234971050297, 51.469200817933 ], [ 36.762770575368798, 51.469246604866598 ], [ 36.763310548194603, 51.469263135201899 ], [ 36.763850778836698, 51.469250284181697 ], [ 36.764387154807999, 51.469208149150397 ], [ 36.764915593265499, 51.469137051233197 ], [ 36.765432070655002, 51.4690375308627 ], [ 36.765932656846999, 51.468910347224501 ], [ 36.7664135411883, 51.468756465952801 ], [ 36.766871062145697, 51.468577060818099 ], [ 36.767301736950699, 51.468373496949198 ], [ 36.767702289447698, 51.468147323009802 ], [ 36.768069668957899, 51.467900261137899 ], [ 36.768209056049002, 51.467788356709697 ], [ 36.768450328262901, 51.467456481287698 ], [ 36.769062107022499, 51.466614939971002 ], [ 36.769440955324001, 51.466093792220597 ], [ 36.769514399785002, 51.465760141065303 ], [ 36.769540886611097, 51.465423772104003 ], [ 36.769540283841501, 51.4654139633178 ], [ 36.769533412627901, 51.465302097563203 ], [ 36.769520214579799, 51.465087245082501 ], [ 36.7695107481333, 51.465040507618298 ], [ 36.769480217091697, 51.464889761858799 ], [ 36.769452542692797, 51.4647531198219 ], [ 36.769377645656, 51.464537151613797 ], [ 36.769338385684797, 51.464423942226603 ], [ 36.769297127860398, 51.464340861425796 ], [ 36.769228459741797, 51.464202585236002 ], [ 36.7691786149216, 51.464102214060802 ], [ 36.769103054928202, 51.463986811981002 ], [ 36.769099018797597, 51.463980648486903 ], [ 36.769089989830597, 51.4639668585545 ], [ 36.7690351099533, 51.463883039852597 ], [ 36.768974445823901, 51.463790386226897 ], [ 36.768852146486097, 51.4636420725395 ], [ 36.768727433375197, 51.463490830217303 ], [ 36.768599992080802, 51.463364703993498 ], [ 36.7684394577497, 51.4632058252325 ], [ 36.768396530855497, 51.463170579707501 ], [ 36.768112711734702, 51.462937541941997 ], [ 36.767909334951, 51.462797754866301 ], [ 36.767749682765498, 51.462688020085899 ], [ 36.767554502210402, 51.462575375858997 ], [ 36.7673531331614, 51.462459158949102 ], [ 36.766926080363604, 51.462252699998999 ], [ 36.766471773578303, 51.462070214000903 ], [ 36.7659936731161, 51.461913089812498 ], [ 36.7654954135606, 51.461782523179203 ], [ 36.764980787598901, 51.461679507209197 ], [ 36.7644537118858, 51.461604825088997 ], [ 36.763918195602201, 51.4615590461582 ], [ 36.763918195602201, 51.4615590461582 ] ] ] } },
{ "type": "Feature", "properties": { "dataset_code": "KAA", "source_file": "КАА.kml", "placemark_index": 33, "organization_code": "KAA", "organization_name_raw": "КАА", "farm_name_raw": "Орошение Горшечное", "region_name_raw": "Курская область", "district_name_raw": "Горшеченский район", "field_external_key": "KAA:КУР-ГОР-0063-02", "field_code_raw": "КУР-ГОР-0063-02", "field_name_raw": "КУР-ГОР-0063-02", "field_code_unique_status": "unique", "source_fid": "53", "declared_area_ha": 40.6, "geometry_area_ha": 40.604029, "area_diff_ha": 0.004029, "area_diff_pct": 0.009924, "area_quality_status": "ok", "geometry_type": "Polygon", "polygon_count": 1, "inner_ring_count": 0, "geometry_valid": true, "geometry_validity_reason": "Valid Geometry", "centroid_lon": 37.664376029000003, "centroid_lat": 51.44164901, "representative_lon": 37.66437644, "representative_lat": 51.441664389000003, "centroid_within_geometry": true, "weather_point_lon_candidate": 37.664376029000003, "weather_point_lat_candidate": 51.44164901, "active_2026_candidate": true, "active_reason": "kaa_crop_plan_present", "season_year_candidate": null, "crop_raw": "Пшеница яровая", "crop_code_candidate": "spring_wheat", "crop_parameter_set_candidate_key": "aquacrop_v7_3_regional_spring_wheat_kursk_oblast", "regional_crop_parameter_set_candidate_key": "aquacrop_v7_3_regional_spring_wheat_kursk_oblast", "crop_parameter_candidate_status": "resolved_from_kml_region_kursk_oblast", "crop_parameter_candidate_comment_ru": "Кандидат выбран по культуре и признаку региона 'Курская область' из KAA.kml.", "sowing_date_raw": "", "calculation_ready": false, "calculation_blockers_json": [ "missing_sowing_date", "missing_soil_profile" ], "geometry_hash_sha256": "02e91491fc5f5906e0be6100d05a2db7b5d4e8909532912a612b84ee0e462fab", "source_attributes_json": { "ESRI_OID": "2149", "fid": "53", "is_experimental_production": "Нет", "source_fid": "53", "В аренде": "Нет", "Вид семян": "Собственные", "Дата изменения": "10.11.2025 9:57:06", "Изменил": "GEODATA", "Интенсивность": "MAX", "История": "2013: Пшеница озимая, 2014: Соя, 2015: Соя, 2016: Пшеница озимая, 2017: Соя, 2018: Пшеница озимая, 2019: Соя, 2020: Соя, 2021: Залежь, Пшеница яровая, 2022: Кукуруза зерновая, Соя, 2023: Кукуруза зерновая, 2024: Кукуруза зерновая, 2025: Подсолнечник, 2026: Пшеница яровая", "Итого семян (т; п.ед.)": "9.74", "Культура": "Пшеница яровая", "Мех.состав (пески; карбонаты)": "Нет", "Название": "КУР-ГОР-0063-02", "Направление склона": "Ю, З", "Норма высева (кг/га; п.ед./га)": "240", "Область": "Курская область", "Ограничение сева по ХСЗР (сах.свекла)": "2017", "Опытное": "Нет", "План. хозяйство": "Орошение Горшечное", "Площадь (га)": "40.6", "Под оптимизацию": "Нет", "Пред. предшественник": "Кукуруза зерновая", "Предшественник": "Подсолнечник", "Район": "Горшеченский район", "Рельеф": "Пригодно", "Семена": "Семена яровой пшеницы КВС АКВИЛОН РС1 (соб.)", "Сред. норма высева (кг/га; п.ед./га)": "0", "Территория": "Орошение", "Технология": "Пшеница яровая АТ семенная орошение MAX", "Технология компании": "АТ семенная", "Тип посевов": "Семенные", "Уклон (град.)": "1.6", "Хозяйство": "Орошение Горшечное" } }, "geometry": { "type": "Polygon", "coordinates": [ [ [ 37.666488442591401, 51.438700652849903 ], [ 37.666488442591401, 51.438700693727398 ], [ 37.666318013317401, 51.438655460751598 ], [ 37.666145093015103, 51.438614063507302 ], [ 37.665969693362598, 51.438576542882501 ], [ 37.665792241958002, 51.438542978962097 ], [ 37.665612968769999, 51.438513414872602 ], [ 37.665432106462298, 51.438487888699498 ], [ 37.665249888596797, 51.438466433487797 ], [ 37.665066550532202, 51.438449076681799 ], [ 37.664882329423598, 51.438435841804697 ], [ 37.664865221907299, 51.438434818180497 ], [ 37.664764505492599, 51.4384294760711 ], [ 37.664576627342498, 51.438422800113401 ], [ 37.664388484189402, 51.438420386644097 ], [ 37.664200323968302, 51.4384222379039 ], [ 37.664012396410897, 51.438428351652199 ], [ 37.663826404722897, 51.438438623173099 ], [ 37.663641128992097, 51.438453070382799 ], [ 37.663456809068897, 51.438471673678499 ], [ 37.663273685701597, 51.438494409536403 ], [ 37.663091996943798, 51.438521248271897 ], [ 37.662911979950799, 51.438552154039797 ], [ 37.662733868284398, 51.438587088194197 ], [ 37.662557894608497, 51.438626003688697 ], [ 37.662384286196698, 51.438668851235803 ], [ 37.662213271221098, 51.438715574268002 ], [ 37.662045070667297, 51.438766111737202 ], [ 37.661881805457597, 51.438819746315801 ], [ 37.661721711300999, 51.438876974681001 ], [ 37.661564992114798, 51.4389377251441 ], [ 37.661411847325198, 51.439001919296302 ], [ 37.661262470968097, 51.439069475928399 ], [ 37.661117053486599, 51.4391403093517 ], [ 37.660975779933402, 51.439214329397302 ], [ 37.660838829971702, 51.4392914414167 ], [ 37.6607063769764, 51.4393715479615 ], [ 37.660578590728903, 51.439454547103701 ], [ 37.660455632027698, 51.439540333556003 ], [ 37.660337658078099, 51.4396287969914 ], [ 37.660224818898698, 51.4397198265236 ], [ 37.660117258219799, 51.439813305107101 ], [ 37.660015111687102, 51.439909114577198 ], [ 37.659918510454801, 51.440007132849999 ], [ 37.659827576693502, 51.440107235602497 ], [ 37.659742426286002, 51.440209295153203 ], [ 37.6596631679285, 51.440313182141203 ], [ 37.659589901333902, 51.4404187638468 ], [ 37.659522719927097, 51.440525906432001 ], [ 37.659467998153197, 51.440622684787897 ], [ 37.659418243164602, 51.440720498830501 ], [ 37.659373502571903, 51.440819249443699 ], [ 37.659333823985797, 51.440918836952299 ], [ 37.659299246033903, 51.4410191605619 ], [ 37.659266300320802, 51.441133498042099 ], [ 37.659239980581297, 51.441248500998697 ], [ 37.659220320951299, 51.441364019364499 ], [ 37.659207345685303, 51.441479903633898 ], [ 37.659201072749703, 51.441596003742497 ], [ 37.659201509330899, 51.4417121690676 ], [ 37.659208655428998, 51.441828248988202 ], [ 37.659222502959103, 51.441944092884803 ], [ 37.659243031259997, 51.442059550699099 ], [ 37.659270216077097, 51.442174472934603 ], [ 37.659304021477901, 51.442288710095902 ], [ 37.659344403444898, 51.442402114369202 ], [ 37.659392224360701, 51.442516576608597 ], [ 37.659446744911897, 51.442629869452297 ], [ 37.659507891436697, 51.442741840051603 ], [ 37.6595755830866, 51.442852337239103 ], [ 37.659649728233497, 51.4429612137682 ], [ 37.659730226266099, 51.443068322953202 ], [ 37.659816970284901, 51.443173520349497 ], [ 37.659909842610602, 51.443276664313103 ], [ 37.660008720173899, 51.443377617120198 ], [ 37.660113467329303, 51.443476242727797 ], [ 37.660223945736199, 51.4435724084531 ], [ 37.6603400053759, 51.443665984973599 ], [ 37.660461490839999, 51.4437568463267 ], [ 37.660588238635, 51.443844871029498 ], [ 37.660722722721303, 51.443931671616703 ], [ 37.660862182575798, 51.444015365707799 ], [ 37.661006434044197, 51.444095843019603 ], [ 37.661155286683403, 51.444172996628303 ], [ 37.661308542864099, 51.444246725209098 ], [ 37.661465999567099, 51.444316930236802 ], [ 37.6616274483833, 51.444383519904598 ], [ 37.661792677310103, 51.444446405204701 ], [ 37.661961465362097, 51.444505503847999 ], [ 37.662133590655401, 51.444560736904101 ], [ 37.662308825916199, 51.444612031040798 ], [ 37.6624869375825, 51.444659319644202 ], [ 37.662667691194102, 51.444702538899001 ], [ 37.662850847799, 51.444741632267501 ], [ 37.663036163055601, 51.444776547690601 ], [ 37.663223394418701, 51.444807239266602 ], [ 37.663405936575998, 51.4448296573118 ], [ 37.663589665407798, 51.444847924315198 ], [ 37.663774338369002, 51.4448620167665 ], [ 37.663959711117798, 51.444871915633101 ], [ 37.664145539312401, 51.444877608040301 ], [ 37.664331575916101, 51.444879086151303 ], [ 37.664470171591503, 51.444877798403098 ], [ 37.665008104343102, 51.444851563605802 ], [ 37.665021340120497, 51.444850918051699 ], [ 37.665194717665301, 51.444835181757 ], [ 37.665367198691399, 51.4448159965267 ], [ 37.665538607129101, 51.444793381392998 ], [ 37.665708766010198, 51.444767359865899 ], [ 37.665828255417701, 51.444746915969802 ], [ 37.665946971375803, 51.444724792387298 ], [ 37.666082344794198, 51.444697313980399 ], [ 37.666224695427402, 51.444665766813898 ], [ 37.666326611092998, 51.4446405704971 ], [ 37.666461821017997, 51.4446047003511 ], [ 37.666619821201699, 51.444559124408201 ], [ 37.666775275559999, 51.444510265755397 ], [ 37.666928008921197, 51.444458179811903 ], [ 37.667077848808901, 51.444402925915597 ], [ 37.667224626339802, 51.444344565643803 ], [ 37.667368175325599, 51.444283165052397 ], [ 37.667508334069502, 51.444218793556601 ], [ 37.667644944468002, 51.444151523930799 ], [ 37.6677778520109, 51.4440814317487 ], [ 37.667913016121801, 51.444005060167299 ], [ 37.668043790165903, 51.443925775287198 ], [ 37.668170014243103, 51.443843675076302 ], [ 37.668291530249903, 51.443758860862097 ], [ 37.668408189964303, 51.443671436771801 ], [ 37.668491931813399, 51.443604617064203 ], [ 37.6685728385795, 51.443536454041897 ], [ 37.668650853668602, 51.443466993611601 ], [ 37.668650853668602, 51.4434668502752 ], [ 37.668740245920802, 51.443382163020303 ], [ 37.6688253460227, 51.443295774042298 ], [ 37.668906069532397, 51.443207768997702 ], [ 37.668987361675697, 51.443112090747903 ], [ 37.669063486709497, 51.443014774551102 ], [ 37.669134359293899, 51.442915929020302 ], [ 37.669199901275299, 51.442815665008901 ], [ 37.669260038992, 51.442714092811102 ], [ 37.669314705968702, 51.442611326641703 ], [ 37.6693616752816, 51.442512350896301 ], [ 37.669403573604697, 51.4424124947409 ], [ 37.669440357818999, 51.442311858396003 ], [ 37.669471991991699, 51.442210543762201 ], [ 37.669494465145199, 51.442124997493501 ], [ 37.669513242629598, 51.442039105590702 ], [ 37.6695283109702, 51.441952929643698 ], [ 37.669540059137397, 51.441862850839698 ], [ 37.669547755004501, 51.441772602759599 ], [ 37.6695513913848, 51.441682254833601 ], [ 37.669551708489998, 51.441646523466297 ], [ 37.669548073008102, 51.441528764409 ], [ 37.669537563617602, 51.441411165748697 ], [ 37.669520193793197, 51.441293883708703 ], [ 37.669495985993002, 51.441177072273398 ], [ 37.669464973454403, 51.441060887669202 ], [ 37.669427195703399, 51.4409454833241 ], [ 37.669382704842398, 51.440831012667402 ], [ 37.669331558363403, 51.440717626330603 ], [ 37.669273824538401, 51.440605475506302 ], [ 37.669209579724203, 51.440494709148702 ], [ 37.669138909260802, 51.440385472853897 ], [ 37.669061906572999, 51.440277912778797 ], [ 37.668978674068597, 51.440172170042402 ], [ 37.668889322240602, 51.440068386324299 ], [ 37.668889322240602, 51.440068334808998 ], [ 37.668807576448003, 51.439980665114902 ], [ 37.668721453165098, 51.439894639270399 ], [ 37.668658076123499, 51.439834938870902 ], [ 37.6685494347713, 51.439738810071702 ], [ 37.668435239135803, 51.439645216545003 ], [ 37.668315641032201, 51.439554282056598 ], [ 37.668190800360499, 51.439466128132999 ], [ 37.668060881512503, 51.439380871821498 ], [ 37.667926059659699, 51.43929862737 ], [ 37.667786513566902, 51.439219503426898 ], [ 37.667642428286896, 51.439143606401103 ], [ 37.667493996957496, 51.439071036541698 ], [ 37.667341416309903, 51.439001890738197 ], [ 37.667224641611099, 51.438952440978298 ], [ 37.66710574599, 51.438904995835202 ], [ 37.666984816583103, 51.438859591152699 ], [ 37.666822455078702, 51.438802908731603 ], [ 37.666656926114499, 51.438749906334401 ], [ 37.666488442591401, 51.438700652849903 ], [ 37.666488442591401, 51.438700652849903 ] ] ] } },
{ "type": "Feature", "properties": { "dataset_code": "KAA", "source_file": "КАА.kml", "placemark_index": 34, "organization_code": "KAA", "organization_name_raw": "КАА", "farm_name_raw": "Орошение Солнцево", "region_name_raw": "Курская область", "district_name_raw": "Солнцевский район", "field_external_key": "KAA:КУР-СОЛ-0016-03", "field_code_raw": "КУР-СОЛ-0016-03", "field_name_raw": "КУР-СОЛ-0016-03", "field_code_unique_status": "unique", "source_fid": "56", "declared_area_ha": 49.3, "geometry_area_ha": 49.298605, "area_diff_ha": -0.001395, "area_diff_pct": -0.00283, "area_quality_status": "ok", "geometry_type": "Polygon", "polygon_count": 1, "inner_ring_count": 0, "geometry_valid": true, "geometry_validity_reason": "Valid Geometry", "centroid_lon": 36.750536378, "centroid_lat": 51.549588716000002, "representative_lon": 36.750535899, "representative_lat": 51.5495092, "centroid_within_geometry": true, "weather_point_lon_candidate": 36.750536378, "weather_point_lat_candidate": 51.549588716000002, "active_2026_candidate": true, "active_reason": "kaa_crop_plan_present", "season_year_candidate": null, "crop_raw": "Кукуруза зерновая", "crop_code_candidate": "maize_grain", "crop_parameter_set_candidate_key": "aquacrop_v7_3_regional_maize_grain_kursk_oblast", "regional_crop_parameter_set_candidate_key": "aquacrop_v7_3_regional_maize_grain_kursk_oblast", "crop_parameter_candidate_status": "resolved_from_kml_region_kursk_oblast", "crop_parameter_candidate_comment_ru": "Кандидат выбран по культуре и признаку региона 'Курская область' из KAA.kml.", "sowing_date_raw": "", "calculation_ready": false, "calculation_blockers_json": [ "missing_sowing_date", "missing_soil_profile" ], "geometry_hash_sha256": "e29056ec5ccc71ad3890a3ad189da1541f76a16117c46cd788f8d86def2bdc10", "source_attributes_json": { "ESRI_OID": "2034", "fid": "56", "is_experimental_production": "Нет", "source_fid": "56", "В аренде": "Нет", "Дата изменения": "10.11.2025 9:56:18", "Изменил": "GEODATA", "Интенсивность": "MAX", "История": "2013: Пшеница озимая, 2014: Кукуруза зерновая, 2015: Соя, 2016: Кукуруза зерновая, 2017: Пар, Подъем залежи, Пшеница яровая, 2018: Пшеница озимая, 2019: Соя, 2020: Соя, 2021: Пшеница яровая, 2022: Пар, Сахарная свекла, 2023: Соя, 2024: Рапс яровой, 2025: Кукуруза зерновая, 2026: Кукуруза зерновая", "Культура": "Кукуруза зерновая", "Мех.состав (пески; карбонаты)": "Да", "Название": "КУР-СОЛ-0016-03", "Область": "Курская область", "Опытное": "Нет", "План. хозяйство": "Орошение Солнцево", "Площадь (га)": "49.3", "Под оптимизацию": "Нет", "Пред. предшественник": "Рапс яровой", "Предшественник": "Кукуруза зерновая", "Район": "Солнцевский район", "Рельеф": "Пригодно", "Территория": "Орошение", "Технология": "Кукуруза зерновая АТ орошение MAS MAX_Кораген", "Технология компании": "АТ семенная", "Тип посевов": "Семенные", "Уклон (град.)": "1.5", "Хозяйство": "Орошение Солнцево" } }, "geometry": { "type": "Polygon", "coordinates": [ [ [ 36.745505049032801, 51.547903054353597 ], [ 36.745388738763097, 51.548045351926497 ], [ 36.745351576358097, 51.548096352656401 ], [ 36.745282785170303, 51.548190758908198 ], [ 36.7451874011551, 51.5483389842273 ], [ 36.745102778058701, 51.548489727877701 ], [ 36.745029088357597, 51.548642687063797 ], [ 36.744966477578998, 51.548797553965997 ], [ 36.744915075080101, 51.548954015182701 ], [ 36.744874982370703, 51.549111757316403 ], [ 36.744866919990997, 51.549156337851699 ], [ 36.744846281197297, 51.5492704619462 ], [ 36.744829029052298, 51.549429808979802 ], [ 36.744823260969902, 51.549589478888002 ], [ 36.7448289886281, 51.549749149352998 ], [ 36.744834805219597, 51.5498029970489 ], [ 36.744846201247299, 51.549908498061598 ], [ 36.7448748637931, 51.550067204939502 ], [ 36.744914917874901, 51.550224951033798 ], [ 36.744966284441198, 51.550381417954902 ], [ 36.744994374760097, 51.550450942436697 ], [ 36.745161979730902, 51.550795225671401 ], [ 36.7451871083043, 51.550840007325398 ], [ 36.7452824626751, 51.550988241329499 ], [ 36.7453883911151, 51.551133657897502 ], [ 36.745504677130299, 51.5512759660337 ], [ 36.745631088057102, 51.551414878096999 ], [ 36.745767368773897, 51.5515501142688 ], [ 36.745913246192899, 51.551681400877897 ], [ 36.746068424768403, 51.551808477102199 ], [ 36.7462325927848, 51.551931083238799 ], [ 36.746405420560599, 51.552048975226299 ], [ 36.746586558651202, 51.5521619129144 ], [ 36.746775644137003, 51.552269671235202 ], [ 36.746972293437601, 51.552372031265499 ], [ 36.747176113090703, 51.552468788046298 ], [ 36.747386690769702, 51.552559746114198 ], [ 36.747603603368098, 51.552644722852101 ], [ 36.747826414304598, 51.552723546254903 ], [ 36.748054672625102, 51.5527960582803 ], [ 36.748287921985202, 51.552862112055699 ], [ 36.748450700307998, 51.552902820853099 ], [ 36.748849417546801, 51.5529896647882 ], [ 36.749012860622898, 51.553020264029897 ], [ 36.749261281629899, 51.553059290852303 ], [ 36.749512261937099, 51.553091328904799 ], [ 36.749765295792997, 51.553116315084701 ], [ 36.750019872954702, 51.553134199132998 ], [ 36.750275481382303, 51.5531449430758 ], [ 36.750531605442802, 51.553148526809899 ], [ 36.750787727706701, 51.5531449430758 ], [ 36.751043336134302, 51.553134199132998 ], [ 36.7512979132959, 51.553116315084701 ], [ 36.751550947151898, 51.553091328904799 ], [ 36.751801926560802, 51.553059290852303 ], [ 36.752050349364403, 51.553020264029897 ], [ 36.752295710709603, 51.552974328294297 ], [ 36.752537519217697, 51.552921575229298 ], [ 36.752774101327603, 51.5528665945439 ], [ 36.753017485480697, 51.552800385493697 ], [ 36.753243756727798, 51.552727083102603 ], [ 36.753470027076503, 51.552645503730503 ], [ 36.753681087150802, 51.552562742279598 ], [ 36.753892146326798, 51.552471704900697 ], [ 36.7540975020991, 51.552375937356302 ], [ 36.754297152671001, 51.552270711856401 ], [ 36.754485395537102, 51.552161938608798 ], [ 36.754666345879698, 51.552048088208402 ], [ 36.754839172757201, 51.551930196218599 ], [ 36.755003341672001, 51.551807590079598 ], [ 36.755089073289497, 51.55173738397 ], [ 36.755244554597198, 51.551603083978002 ], [ 36.755304396768203, 51.551549227241203 ], [ 36.755311201506402, 51.551542474546899 ], [ 36.755440677484998, 51.551413991066603 ], [ 36.755567088411702, 51.551275079000703 ], [ 36.755683375325297, 51.551132770861699 ], [ 36.755789302866901, 51.550987354290797 ], [ 36.755884658135997, 51.550839120283896 ], [ 36.755969249791399, 51.550688368777401 ], [ 36.756042906254798, 51.550535403062902 ], [ 36.756105481100903, 51.550380530904398 ], [ 36.7561568476671, 51.550224063980302 ], [ 36.756196902647297, 51.550066317882902 ], [ 36.756225564294802, 51.549907611001899 ], [ 36.756242776015597, 51.549748262290301 ], [ 36.756248504572198, 51.549588591822101 ], [ 36.756242736489803, 51.549428921910803 ], [ 36.756225484344696, 51.549269574874103 ], [ 36.756196783171397, 51.549110870241201 ], [ 36.756156691360303, 51.548953128104401 ], [ 36.756105288861399, 51.548796666884698 ], [ 36.7560426780827, 51.5486417999794 ], [ 36.755972941867199, 51.548497049140899 ], [ 36.7559689874833, 51.548488840790398 ], [ 36.755884364386901, 51.548338097137098 ], [ 36.755788980371698, 51.548189871815097 ], [ 36.755683026778897, 51.548044464830497 ], [ 36.755607703042401, 51.547952310654502 ], [ 36.755566717407497, 51.547902167254797 ], [ 36.755453345527101, 51.5477706725434 ], [ 36.755310737975698, 51.547630258928301 ], [ 36.755162188068802, 51.547497234456898 ], [ 36.755001754348903, 51.547366057554598 ], [ 36.754829436816202, 51.547240423046802 ], [ 36.754680886909199, 51.547136958778196 ], [ 36.754493713936597, 51.547016866437502 ], [ 36.754345164029701, 51.5469318775109 ], [ 36.754080745824098, 51.546795156152498 ], [ 36.753887630495903, 51.546704623974598 ], [ 36.753670747541904, 51.546612244186399 ], [ 36.753459806943503, 51.546529102496102 ], [ 36.7532369825323, 51.546451502963897 ], [ 36.753006286184103, 51.546380758434303 ], [ 36.7527730646717, 51.546314714241802 ], [ 36.752535324633499, 51.546255259191398 ], [ 36.752293547566303, 51.546202514535402 ], [ 36.752048218560603, 51.546156585322898 ], [ 36.751799832587899, 51.5461175643103 ], [ 36.7515488882133, 51.546085530284699 ], [ 36.7512958929848, 51.546060548064197 ], [ 36.751041355349102, 51.5460426673801 ], [ 36.750785787345698, 51.546031925111897 ], [ 36.750529703709297, 51.546028341375703 ], [ 36.750273619174699, 51.546031925111897 ], [ 36.750018050272999, 51.5460426673801 ], [ 36.749763512637202, 51.546060548064197 ], [ 36.749510517408801, 51.546085530284699 ], [ 36.749259573034202, 51.5461175643103 ], [ 36.749011187061498, 51.546156585322898 ], [ 36.748765858055698, 51.546202514535402 ], [ 36.748524080988602, 51.546255259191398 ], [ 36.748286341848598, 51.546314714241802 ], [ 36.748053119437898, 51.546380758434204 ], [ 36.747824883575397, 51.546453260458698 ], [ 36.747602093300102, 51.546532073361099 ], [ 36.747385198667999, 51.546617039571601 ], [ 36.747176536197202, 51.546710350045998 ], [ 36.746972728222097, 51.546807094847303 ], [ 36.746776085209802, 51.5469094431473 ], [ 36.746587004215598, 51.5470171893299 ], [ 36.7465856809971, 51.547018014437199 ], [ 36.746405866125002, 51.547130114929899 ], [ 36.746305472205499, 51.5471985885601 ], [ 36.746233034756003, 51.547247994220498 ], [ 36.746068858654603, 51.547370588068297 ], [ 36.745913669299398, 51.547497652313197 ], [ 36.7457677784057, 51.547628928272097 ], [ 36.745631479722597, 51.547764153353398 ], [ 36.745586343871103, 51.547813741629497 ], [ 36.745505049032801, 51.547903054353597 ], [ 36.745505049032801, 51.547903054353597 ] ] ] } },
{ "type": "Feature", "properties": { "dataset_code": "KAA", "source_file": "КАА.kml", "placemark_index": 35, "organization_code": "KAA", "organization_name_raw": "КАА", "farm_name_raw": "Орошение Солнцево", "region_name_raw": "Курская область", "district_name_raw": "Солнцевский район", "field_external_key": "KAA:КУР-СОЛ-0001-02", "field_code_raw": "КУР-СОЛ-0001-02", "field_name_raw": "КУР-СОЛ-0001-02", "field_code_unique_status": "unique", "source_fid": "59", "declared_area_ha": 50.2, "geometry_area_ha": 50.19547, "area_diff_ha": -0.00453, "area_diff_pct": -0.009024, "area_quality_status": "ok", "geometry_type": "Polygon", "polygon_count": 1, "inner_ring_count": 1, "geometry_valid": true, "geometry_validity_reason": "Valid Geometry", "centroid_lon": 36.780943587000003, "centroid_lat": 51.508133614999998, "representative_lon": 36.780940876000003, "representative_lat": 51.508134351000002, "centroid_within_geometry": true, "weather_point_lon_candidate": 36.780943587000003, "weather_point_lat_candidate": 51.508133614999998, "active_2026_candidate": true, "active_reason": "kaa_crop_plan_present", "season_year_candidate": null, "crop_raw": "Пшеница яровая", "crop_code_candidate": "spring_wheat", "crop_parameter_set_candidate_key": "aquacrop_v7_3_regional_spring_wheat_kursk_oblast", "regional_crop_parameter_set_candidate_key": "aquacrop_v7_3_regional_spring_wheat_kursk_oblast", "crop_parameter_candidate_status": "resolved_from_kml_region_kursk_oblast", "crop_parameter_candidate_comment_ru": "Кандидат выбран по культуре и признаку региона 'Курская область' из KAA.kml.", "sowing_date_raw": "", "calculation_ready": false, "calculation_blockers_json": [ "missing_sowing_date", "missing_soil_profile" ], "geometry_hash_sha256": "a6144e213824d32cbe3c9601a8a9f915d7d44da0acc418ffe3bb1b49a397f0c6", "source_attributes_json": { "ESRI_OID": "1336", "fid": "59", "is_experimental_production": "Нет", "source_fid": "59", "В аренде": "Нет", "Вид семян": "Собственные", "Дата изменения": "10.11.2025 9:55:19", "Изменил": "GEODATA", "Интенсивность": "MAX", "История": "2013: Пар сидеральный, 2014: Пшеница озимая, 2015: Кукуруза зерновая, 2016: Соя, 2017: Подъем залежи, Пшеница яровая, 2018: Гречиха, Пар, 2019: Пшеница озимая, 2020: Соя, 2021: Соя, 2022: Пар, Пшеница яровая, 2023: Кукуруза зерновая, 2024: Подсолнечник, 2025: Сахарная свекла, 2026: Пшеница яровая", "Итого семян (т; п.ед.)": "12.05", "Культура": "Пшеница яровая", "Мех.состав (пески; карбонаты)": "Да", "Название": "КУР-СОЛ-0001-02", "Направление склона": "З", "Норма высева (кг/га; п.ед./га)": "240", "Область": "Курская область", "Опытное": "Нет", "План. хозяйство": "Орошение Солнцево", "Площадь (га)": "50.2", "Под оптимизацию": "Нет", "Пред. предшественник": "Подсолнечник", "Предшественник": "Сахарная свекла", "Район": "Солнцевский район", "Семена": "Семена яровой пшеницы КВС АКВИЛОН РС1 (соб.)", "Сред. норма высева (кг/га; п.ед./га)": "0", "Территория": "Орошение", "Технология": "Пшеница яровая АТ семенная орошение MAX", "Технология компании": "АТ семенная", "Тип посевов": "Семенные", "Уклон (град.)": "2.6", "Хозяйство": "Орошение Солнцево" } }, "geometry": { "type": "Polygon", "coordinates": [ [ [ 36.786535735280602, 51.508982992604601 ], [ 36.7864606352245, 51.508995216856803 ], [ 36.786270490625, 51.508954431317498 ], [ 36.786199187747599, 51.508887688164897 ], [ 36.786211071560501, 51.508772743227802 ], [ 36.786365563823097, 51.508702291807502 ], [ 36.786609185131503, 51.508724539812697 ], [ 36.786618277878802, 51.508732105093699 ], [ 36.786658950899898, 51.5085714939813 ], [ 36.7866938558386, 51.508321522266897 ], [ 36.786700733340403, 51.508070640059501 ], [ 36.786679549269401, 51.507820069017797 ], [ 36.786630407830103, 51.507571030827499 ], [ 36.7865535479744, 51.507324738255001 ], [ 36.786457195575302, 51.507077781784901 ], [ 36.786326158324798, 51.5068405606754 ], [ 36.786168924404002, 51.5066096213123 ], [ 36.785988513050498, 51.506378993335701 ], [ 36.785781309443699, 51.5061639574567 ], [ 36.785550578061397, 51.505958464546701 ], [ 36.785297440000797, 51.505763516161203 ], [ 36.785023129547298, 51.505580061306198 ], [ 36.784728983394103, 51.505408994757403 ], [ 36.784416434353901, 51.5052511475511 ], [ 36.7840870068678, 51.505107291454401 ], [ 36.783742302632099, 51.504978124422898 ], [ 36.783384001496202, 51.504864278426403 ], [ 36.783013850683403, 51.5047663060259 ], [ 36.782633650417502, 51.504684685402999 ], [ 36.782245255719502, 51.504619811969903 ], [ 36.781850555746601, 51.504572005077698 ], [ 36.781451474690101, 51.504541495153298 ], [ 36.781049955605802, 51.504528430967902 ], [ 36.780647955024598, 51.504532877957999 ], [ 36.780247428578797, 51.504554812074602 ], [ 36.7798503310024, 51.504594129289202 ], [ 36.779458592775001, 51.504650634969899 ], [ 36.779074124613103, 51.5047240561845 ], [ 36.778698797707698, 51.504814034432599 ], [ 36.778334441926702, 51.504920131239402 ], [ 36.777982830544801, 51.505041830394497 ], [ 36.7776378262717, 51.505183148712398 ], [ 36.777316771982399, 51.505334200258297 ], [ 36.7770111291901, 51.505505954838497 ], [ 36.776726880674701, 51.505683419875403 ], [ 36.776548993587198, 51.505811180340203 ], [ 36.7754626159983, 51.507028177637899 ], [ 36.775376109134797, 51.507204874098299 ], [ 36.7752857350239, 51.507449373093102 ], [ 36.775222910446203, 51.507697210958703 ], [ 36.775187941727097, 51.507947179947998 ], [ 36.775181002241602, 51.5081980622762 ], [ 36.775186305894998, 51.508260982106002 ], [ 36.775202123430503, 51.508448636271098 ], [ 36.7752512037844, 51.508697679169302 ], [ 36.775328005249598, 51.508943978856998 ], [ 36.775431875649303, 51.509192041738103 ], [ 36.7755628625941, 51.509429274646003 ], [ 36.775720052497498, 51.509660227672398 ], [ 36.775902679096397, 51.509883775458398 ], [ 36.776109852160502, 51.510098829563702 ], [ 36.776340563780003, 51.5103043407005 ], [ 36.776593689264097, 51.510499308793896 ], [ 36.776867995225999, 51.510682783537597 ], [ 36.7771621467692, 51.510853869422299 ], [ 36.7774747092841, 51.511011735236799 ], [ 36.777804160126301, 51.511155610709501 ], [ 36.778148895803099, 51.5112847932146 ], [ 36.77850723377, 51.511398655595499 ], [ 36.7788774294986, 51.511496642248098 ], [ 36.779257679171799, 51.5115782752681 ], [ 36.779646130463597, 51.511643157243398 ], [ 36.780040888827003, 51.511690971252499 ], [ 36.7804400318673, 51.511721485334803 ], [ 36.780841613833601, 51.511734551371298 ], [ 36.781243678195203, 51.511730103406897 ], [ 36.781644265726499, 51.511708164358197 ], [ 36.782041424388296, 51.511668842659802 ], [ 36.782433218311297, 51.511612327233102 ], [ 36.7828177394737, 51.511538894195802 ], [ 36.783193112193302, 51.511448903510001 ], [ 36.783557509296699, 51.511342791715201 ], [ 36.783909153916298, 51.511221075285597 ], [ 36.784246332964898, 51.511084348396601 ], [ 36.784567404322203, 51.5109332784548 ], [ 36.784870803122899, 51.510768599392399 ], [ 36.785155050740002, 51.5105911144665 ], [ 36.785418761971499, 51.510401689552502 ], [ 36.785660654022998, 51.510201245321703 ], [ 36.785879546508298, 51.509990761716601 ], [ 36.786074374025397, 51.509771261740902 ], [ 36.7862441879535, 51.5095438159358 ], [ 36.786388160944, 51.509309531759598 ], [ 36.7865058689924, 51.5090638451478 ], [ 36.786535735280602, 51.508982992604601 ], [ 36.786535735280602, 51.508982992604601 ] ], [ [ 36.782816034471303, 51.507656181040097 ], [ 36.782869483332398, 51.507654812313199 ], [ 36.782907348219901, 51.507660287220602 ], [ 36.782936323379403, 51.507691768484698 ], [ 36.782923394825801, 51.507722456895301 ], [ 36.782907002368503, 51.507745941591999 ], [ 36.782837391018802, 51.507766040251298 ], [ 36.782788213646903, 51.507757972161698 ], [ 36.782755774583698, 51.507719287245898 ], [ 36.782776669397201, 51.507681610950002 ], [ 36.782816034471303, 51.507656181040097 ], [ 36.782816034471303, 51.507656181040097 ] ] ] } },
{ "type": "Feature", "properties": { "dataset_code": "KAA", "source_file": "КАА.kml", "placemark_index": 36, "organization_code": "KAA", "organization_name_raw": "КАА", "farm_name_raw": "Орошение Горшечное", "region_name_raw": "Курская область", "district_name_raw": "Горшеченский район", "field_external_key": "KAA:КУР-ГОР-0060-03", "field_code_raw": "КУР-ГОР-0060-03", "field_name_raw": "КУР-ГОР-0060-03", "field_code_unique_status": "unique", "source_fid": "60", "declared_area_ha": 55.8, "geometry_area_ha": 55.801043, "area_diff_ha": 0.001043, "area_diff_pct": 0.001869, "area_quality_status": "ok", "geometry_type": "Polygon", "polygon_count": 1, "inner_ring_count": 0, "geometry_valid": true, "geometry_validity_reason": "Valid Geometry", "centroid_lon": 37.695955421999997, "centroid_lat": 51.473443541999998, "representative_lon": 37.696136561000003, "representative_lat": 51.472632783000002, "centroid_within_geometry": true, "weather_point_lon_candidate": 37.695955421999997, "weather_point_lat_candidate": 51.473443541999998, "active_2026_candidate": true, "active_reason": "kaa_crop_plan_present", "season_year_candidate": null, "crop_raw": "Кукуруза зерновая", "crop_code_candidate": "maize_grain", "crop_parameter_set_candidate_key": "aquacrop_v7_3_regional_maize_grain_kursk_oblast", "regional_crop_parameter_set_candidate_key": "aquacrop_v7_3_regional_maize_grain_kursk_oblast", "crop_parameter_candidate_status": "resolved_from_kml_region_kursk_oblast", "crop_parameter_candidate_comment_ru": "Кандидат выбран по культуре и признаку региона 'Курская область' из KAA.kml.", "sowing_date_raw": "", "calculation_ready": false, "calculation_blockers_json": [ "missing_sowing_date", "missing_soil_profile" ], "geometry_hash_sha256": "646840ea01faddcad00085cd42789770216eed27da264d318d7dd71c0b078cbd", "source_attributes_json": { "ESRI_OID": "1732", "fid": "60", "is_experimental_production": "Нет", "source_fid": "60", "В аренде": "Нет", "Дата изменения": "10.11.2025 9:56:55", "Изменил": "GEODATA", "Интенсивность": "MAX", "История": "2013: Кукуруза зерновая, Пшеница озимая, 2014: Соя, 2015: Пшеница озимая, 2016: Соя, 2017: Соя, 2018: Сахарная свекла, Соя, 2019: Пшеница озимая, Пшеница яровая, 2020: Соя, 2021: Залежь, Соя, 2022: Кукуруза зерновая, Пар, 2023: Кукуруза зерновая, Соя, 2024: Кукуруза зерновая, Подсолнечник, 2025: Кукуруза зерновая, 2026: Кукуруза зерновая", "Культура": "Кукуруза зерновая", "Название": "КУР-ГОР-0060-03", "Область": "Курская область", "Опытное": "Нет", "План. хозяйство": "Орошение Горшечное", "Площадь (га)": "55.8", "Под оптимизацию": "Нет", "Пред. предшественник": "Подсолнечник", "Предшественник": "Кукуруза зерновая", "Район": "Горшеченский район", "Рельеф": "Пригодно", "Территория": "Орошение", "Технология": "Кукуруза зерновая АТ орошение MAS MAX_Кораген", "Технология компании": "АТ семенная", "Тип посевов": "Семенные", "Хозяйство": "Орошение Горшечное" } }, "geometry": { "type": "Polygon", "coordinates": [ [ [ 37.7003133520764, 51.4684896170954 ], [ 37.694621770166698, 51.471931027085702 ], [ 37.686907885617998, 51.4730523209317 ], [ 37.686957256127698, 51.473177240861297 ], [ 37.687011833272798, 51.473301316659601 ], [ 37.687074221269299, 51.473429653580098 ], [ 37.687142180617101, 51.473556887848098 ], [ 37.687215659214097, 51.473682926030101 ], [ 37.687294604957899, 51.473807674693603 ], [ 37.687465681917303, 51.4740490281173 ], [ 37.687538324182697, 51.4741419949532 ], [ 37.687614074618999, 51.4742339941713 ], [ 37.687727563280397, 51.474363604193897 ], [ 37.6878472206729, 51.4744910428822 ], [ 37.687972940795198, 51.474616196670503 ], [ 37.6881046095614, 51.474738953113402 ], [ 37.688242111088698, 51.474859203682698 ], [ 37.688385321409598, 51.474976840410598 ], [ 37.688534112963303, 51.475091757568201 ], [ 37.688688352799304, 51.475203853902897 ], [ 37.6888479034752, 51.475313027603598 ], [ 37.6889478895596, 51.475378219712198 ], [ 37.689086141180198, 51.4754645703675 ], [ 37.6892277731611, 51.475548768407599 ], [ 37.6893727001626, 51.475630762369001 ], [ 37.689520833251201, 51.475710502467201 ], [ 37.6896720825956, 51.475787940036497 ], [ 37.689859254669898, 51.475878538278401 ], [ 37.6900506910468, 51.475965611991498 ], [ 37.6902462192499, 51.476049083424599 ], [ 37.690445665005903, 51.476128877623204 ], [ 37.690648850448397, 51.476204924108998 ], [ 37.690855593219503, 51.476277154640997 ], [ 37.691065710062801, 51.476345504334802 ], [ 37.691279012331997, 51.476409912781499 ], [ 37.691495309584397, 51.476470322368897 ], [ 37.691714408682202, 51.476526678841203 ], [ 37.691936114691003, 51.476578931858199 ], [ 37.692160228184697, 51.476627034995502 ], [ 37.6923865497374, 51.476670945184601 ], [ 37.692614877228102, 51.476710622713199 ], [ 37.692845005841001, 51.476746033462703 ], [ 37.693076731658401, 51.476777144432702 ], [ 37.693309846271298, 51.4768039287761 ], [ 37.693544141270401, 51.476826361882402 ], [ 37.693779409145002, 51.476844424175802 ], [ 37.694015437892602, 51.476858099435802 ], [ 37.694252017307498, 51.476867375917003 ], [ 37.694488937183898, 51.476872244110702 ], [ 37.694725983722797, 51.476872700661197 ], [ 37.694895940483001, 51.476870294819101 ], [ 37.695065775970598, 51.4768656190926 ], [ 37.695235411133901, 51.476858675159498 ], [ 37.695319288628603, 51.476854398913801 ], [ 37.695363900762203, 51.4768518973965 ], [ 37.695408146383301, 51.476849262718403 ], [ 37.695436011224999, 51.476847526594803 ], [ 37.695462132436901, 51.476845844182897 ], [ 37.695539316584401, 51.476840533982603 ], [ 37.695570154849797, 51.476838283679399 ], [ 37.695570220426802, 51.476838278084401 ], [ 37.695723188248301, 51.476825952888902 ], [ 37.695795168455398, 51.476819507463198 ], [ 37.6958226506149, 51.476816936006699 ], [ 37.696040622326997, 51.476794356866399 ], [ 37.6962574971962, 51.4767679994155 ], [ 37.696473108135699, 51.476737884908403 ], [ 37.696645367278002, 51.476710974638699 ], [ 37.696816614917203, 51.476681668572198 ], [ 37.697015090492698, 51.476644465691201 ], [ 37.697211937422601, 51.476604043968202 ], [ 37.697407020061299, 51.476560431369698 ], [ 37.697600206356398, 51.476513658099798 ], [ 37.697791363357297, 51.4764637554808 ], [ 37.697980361706598, 51.476410757632301 ], [ 37.6981670702502, 51.476354700911202 ], [ 37.698371261805796, 51.4762891140684 ], [ 37.698572309257997, 51.4762198606876 ], [ 37.6987700419267, 51.4761469995005 ], [ 37.698964293623803, 51.476070591476002 ], [ 37.699154900855703, 51.475990702058802 ], [ 37.6993417010275, 51.475907397812399 ], [ 37.6995245387305, 51.475820749216503 ], [ 37.699703257657902, 51.475730829548198 ], [ 37.699877708689499, 51.475637714322197 ], [ 37.700047744501397, 51.475541482410598 ], [ 37.700213219566699, 51.475442214923604 ], [ 37.700373997341202, 51.475339995209197 ], [ 37.700529939484703, 51.4752349105325 ], [ 37.700680915741202, 51.475127048158697 ], [ 37.700821909918297, 51.475020339821398 ], [ 37.700958053192899, 51.474911214658199 ], [ 37.701089238665404, 51.4747997588183 ], [ 37.701215363927901, 51.474686059011098 ], [ 37.701336330165802, 51.474570204184403 ], [ 37.701456281307401, 51.474447804825701 ], [ 37.701570485027702, 51.474323290676999 ], [ 37.701678845207198, 51.474196766353202 ], [ 37.701781271115898, 51.474068338148903 ], [ 37.701877676515601, 51.473938113478397 ], [ 37.7019679796595, 51.473806203114599 ], [ 37.702052105987498, 51.473672716712002 ], [ 37.702129983634499, 51.473537766724199 ], [ 37.702201547023201, 51.473401467284503 ], [ 37.702266737763402, 51.473263931967999 ], [ 37.7023254992611, 51.473125277148597 ], [ 37.702377782108897, 51.472985619201701 ], [ 37.702423543187798, 51.472845075063503 ], [ 37.7024627438702, 51.472703763350196 ], [ 37.702495350918397, 51.472561803239202 ], [ 37.702521337382898, 51.472419312789903 ], [ 37.7025399603571, 51.472282951814897 ], [ 37.702552524194701, 51.472146321845301 ], [ 37.702558087461199, 51.472040342353402 ], [ 37.702560005364298, 51.471934312814597 ], [ 37.702557524217497, 51.471810779988701 ], [ 37.702550084370401, 51.4716873240477 ], [ 37.7025454724197, 51.471635422428101 ], [ 37.702545063686202, 51.471631292857502 ], [ 37.702544246219297, 51.471623124364399 ], [ 37.702543165545997, 51.4716126236127 ], [ 37.702541538696998, 51.471597458902401 ], [ 37.702541152421503, 51.471593959396301 ], [ 37.702540102290897, 51.471584629243701 ], [ 37.7025390261092, 51.471575300208301 ], [ 37.702537531312501, 51.471564219178497 ], [ 37.702527593250601, 51.471488197970402 ], [ 37.702507188018899, 51.471365188809102 ], [ 37.7024818447481, 51.471242536319998 ], [ 37.7024515787095, 51.471120317726502 ], [ 37.702416410564503, 51.470998608574 ], [ 37.702376361872503, 51.470877485528 ], [ 37.702339013516301, 51.470776371373198 ], [ 37.7022982641383, 51.470675768445098 ], [ 37.702298061119102, 51.470675288330398 ], [ 37.702234041781999, 51.470532720363103 ], [ 37.7021631916556, 51.470391411 ], [ 37.702085574520098, 51.470251487277302 ], [ 37.702001260444099, 51.470113075113503 ], [ 37.701910325784603, 51.4699762987497 ], [ 37.7018128504914, 51.4698412813093 ], [ 37.701708923497897, 51.469708143678403 ], [ 37.701598637330399, 51.469577005625098 ], [ 37.701482091702097, 51.469447985240102 ], [ 37.701359390817402, 51.469321198376697 ], [ 37.7012306460676, 51.469196758650703 ], [ 37.7010959715385, 51.469074778000099 ], [ 37.700964242585201, 51.468962591058897 ], [ 37.700827497439398, 51.468852757504898 ], [ 37.700685845695503, 51.468745363533202 ], [ 37.700539399642899, 51.468640495339102 ], [ 37.700431348483903, 51.468566796635699 ], [ 37.7003133520764, 51.4684896170954 ], [ 37.7003133520764, 51.4684896170954 ] ] ] } },
{ "type": "Feature", "properties": { "dataset_code": "KAA", "source_file": "КАА.kml", "placemark_index": 37, "organization_code": "KAA", "organization_name_raw": "КАА", "farm_name_raw": "Орошение Горшечное", "region_name_raw": "Курская область", "district_name_raw": "Горшеченский район", "field_external_key": "KAA:КУР-ГОР-0058-02", "field_code_raw": "КУР-ГОР-0058-02", "field_name_raw": "КУР-ГОР-0058-02", "field_code_unique_status": "unique", "source_fid": "61", "declared_area_ha": 42.9, "geometry_area_ha": 42.895695, "area_diff_ha": -0.004305, "area_diff_pct": -0.010034, "area_quality_status": "ok", "geometry_type": "Polygon", "polygon_count": 1, "inner_ring_count": 0, "geometry_valid": true, "geometry_validity_reason": "Valid Geometry", "centroid_lon": 37.655800469, "centroid_lat": 51.483562198000001, "representative_lon": 37.655799772999998, "representative_lat": 51.483531880999998, "centroid_within_geometry": true, "weather_point_lon_candidate": 37.655800469, "weather_point_lat_candidate": 51.483562198000001, "active_2026_candidate": true, "active_reason": "kaa_crop_plan_present", "season_year_candidate": null, "crop_raw": "Пшеница яровая", "crop_code_candidate": "spring_wheat", "crop_parameter_set_candidate_key": "aquacrop_v7_3_regional_spring_wheat_kursk_oblast", "regional_crop_parameter_set_candidate_key": "aquacrop_v7_3_regional_spring_wheat_kursk_oblast", "crop_parameter_candidate_status": "resolved_from_kml_region_kursk_oblast", "crop_parameter_candidate_comment_ru": "Кандидат выбран по культуре и признаку региона 'Курская область' из KAA.kml.", "sowing_date_raw": "", "calculation_ready": false, "calculation_blockers_json": [ "missing_sowing_date", "missing_soil_profile" ], "geometry_hash_sha256": "9ecac9fce43a37a3ce1266190246078818869c8954e5c25074254e61bf8db2b2", "source_attributes_json": { "ESRI_OID": "1290", "fid": "61", "is_experimental_production": "Нет", "source_fid": "61", "В аренде": "Нет", "Вид семян": "Собственные", "Дата изменения": "10.11.2025 9:56:52", "Изменил": "GEODATA", "Интенсивность": "MAX", "История": "2013: Соя, 2014: Кукуруза зерновая, 2015: Соя, 2016: Пшеница озимая, 2017: Сахарная свекла, 2018: Пшеница яровая, 2019: Соя, 2020: Сахарная свекла, Соя, 2021: Залежь, Пшеница яровая, 2022: Кукуруза зерновая, Пар, Соя, 2023: Кукуруза зерновая, 2024: Кукуруза зерновая, Соя, 2025: Соя, 2026: Пшеница яровая", "Итого семян (т; п.ед.)": "10.29", "Культура": "Пшеница яровая", "Название": "КУР-ГОР-0058-02", "Направление склона": "С, В", "Норма высева (кг/га; п.ед./га)": "240", "Область": "Курская область", "Опытное": "Нет", "План. хозяйство": "Орошение Горшечное", "Площадь (га)": "42.9", "Под оптимизацию": "Нет", "Пред. предшественник": "Кукуруза зерновая", "Предшественник": "Соя", "Район": "Горшеченский район", "Рельеф": "Пригодно", "Семена": "Семена яровой пшеницы КВС АКВИЛОН РС1 (соб.)", "Сред. норма высева (кг/га; п.ед./га)": "0", "Территория": "Орошение", "Технология": "Пшеница яровая АТ семенная орошение MAX", "Технология компании": "АТ семенная", "Тип посевов": "Семенные", "Хозяйство": "Орошение Горшечное" } }, "geometry": { "type": "Polygon", "coordinates": [ [ [ 37.653065985397703, 51.480712032409301 ], [ 37.652914259047897, 51.4807705498324 ], [ 37.652765769327999, 51.480832204014398 ], [ 37.652620684223102, 51.480896924451798 ], [ 37.652479165429902, 51.480964638962902 ], [ 37.652341372848497, 51.481035270889997 ], [ 37.652196071249598, 51.481115224199797 ], [ 37.652055543298097, 51.481198422150896 ], [ 37.651919976742001, 51.481284752836899 ], [ 37.651789552142503, 51.481374102673001 ], [ 37.651664441077898, 51.481466353039899 ], [ 37.651544810634903, 51.481561380283502 ], [ 37.651430819815303, 51.481659059631603 ], [ 37.6513226204342, 51.481759260158398 ], [ 37.651220354425597, 51.481861849260902 ], [ 37.651124159231799, 51.481966690420698 ], [ 37.651034162413403, 51.482073644882398 ], [ 37.650950483446302, 51.482182569975897 ], [ 37.6508732328235, 51.482293321353502 ], [ 37.650802513850998, 51.482405751871902 ], [ 37.650738419953797, 51.482519712151102 ], [ 37.650681036471802, 51.482635051134203 ], [ 37.650630439761699, 51.482751614968699 ], [ 37.650586697197298, 51.482869249803301 ], [ 37.650549866270602, 51.482987797872298 ], [ 37.650519995490797, 51.483107103649601 ], [ 37.650497126180298, 51.483227007135 ], [ 37.650481287983503, 51.483347349448799 ], [ 37.650472500663398, 51.483467971153701 ], [ 37.6504707776947, 51.483588712254502 ], [ 37.650476120874004, 51.483709411638898 ], [ 37.650488523014801, 51.483829908755801 ], [ 37.650507967049101, 51.483950044734001 ], [ 37.650534426925802, 51.484069659585202 ], [ 37.650567869407197, 51.484188593882102 ], [ 37.650608247780902, 51.484306689877002 ], [ 37.650655509944698, 51.4844237915026 ], [ 37.650709593016302, 51.484539742133201 ], [ 37.650770424232398, 51.484654388501397 ], [ 37.650837923642896, 51.484767578459802 ], [ 37.650912001416202, 51.484879160981201 ], [ 37.650992558737599, 51.484988988396303 ], [ 37.651079489605898, 51.485096914715001 ], [ 37.651172677240297, 51.485202796745497 ], [ 37.6512719994696, 51.485306493534601 ], [ 37.6513773224451, 51.485407867486302 ], [ 37.651488507826201, 51.485506784362101 ], [ 37.651605407390697, 51.485603112720902 ], [ 37.651727865730301, 51.485696723919602 ], [ 37.651854854273701, 51.485786901397901 ], [ 37.651987000943599, 51.4858741570158 ], [ 37.6521241332633, 51.485958377234702 ], [ 37.652266070671502, 51.486039451312998 ], [ 37.652412628115101, 51.486117272424998 ], [ 37.652563612456497, 51.486191739338899 ], [ 37.652718826964602, 51.486262754179101 ], [ 37.652878066823398, 51.4863302241043 ], [ 37.653041125420501, 51.486394060747998 ], [ 37.653207787160198, 51.486454180218303 ], [ 37.653377833751897, 51.486510503657399 ], [ 37.653551043311801, 51.486562957241297 ], [ 37.653727188566002, 51.486611472739099 ], [ 37.653906038647399, 51.486655986394403 ], [ 37.6540873581976, 51.486696439484099 ], [ 37.654235676339198, 51.486726155851898 ], [ 37.654383837275702, 51.486752900230698 ], [ 37.654533180394999, 51.486776959026599 ], [ 37.654686992632897, 51.486798762963701 ], [ 37.654841774152999, 51.486817717428401 ], [ 37.654997391106299, 51.486833806202199 ], [ 37.655153705152301, 51.486847015304001 ], [ 37.655310579747002, 51.486857332989203 ], [ 37.6555015220505, 51.486867176321702 ], [ 37.6556929117151, 51.486872705189199 ], [ 37.655884497212298, 51.486873912880803 ], [ 37.656076027912398, 51.486870797159398 ], [ 37.656267251388599, 51.486863362499101 ], [ 37.6564579161127, 51.486851618966497 ], [ 37.656647772352997, 51.486835581102099 ], [ 37.656836571276301, 51.486815270717102 ], [ 37.6570240649475, 51.486790714655598 ], [ 37.657210006329798, 51.4867619442362 ], [ 37.657394151081597, 51.486728998047703 ], [ 37.657576258454299, 51.486691918593799 ], [ 37.657756089496097, 51.486650755649201 ], [ 37.657933406153397, 51.486605561784302 ], [ 37.658107978457501, 51.486556397959497 ], [ 37.658279574643103, 51.486503327371899 ], [ 37.658447970131299, 51.486446420489898 ], [ 37.6586129448349, 51.486385751696702 ], [ 37.658774280463298, 51.4863214004098 ], [ 37.658931766810703, 51.486253451639598 ], [ 37.659085196366298, 51.486181994312297 ], [ 37.659234367009098, 51.4861071223878 ], [ 37.659379083804701, 51.486028934301402 ], [ 37.659519156310402, 51.485947531844303 ], [ 37.659654400371302, 51.485863022961198 ], [ 37.659784639019499, 51.485775517834497 ], [ 37.659909700676799, 51.485685132240697 ], [ 37.6600294218496, 51.485591983634698 ], [ 37.660143644434598, 51.485496195065899 ], [ 37.660252219311502, 51.4853978923814 ], [ 37.660355003647901, 51.485297204225503 ], [ 37.660451861798499, 51.4851942631594 ], [ 37.6605426671007, 51.485089204542 ], [ 37.660627300078502, 51.484982165411303 ], [ 37.660705650239301, 51.484873286722198 ], [ 37.660777614276697, 51.484762712227699 ], [ 37.660843097867698, 51.484650585681798 ], [ 37.660902014773903, 51.484537055874704 ], [ 37.660954287740303, 51.484422270479001 ], [ 37.6609998475965, 51.484306380524998 ], [ 37.661038635952202, 51.484189539282198 ], [ 37.661070600705003, 51.484071898902798 ], [ 37.661095699633997, 51.483953613778198 ], [ 37.661113900399997, 51.483834840538798 ], [ 37.661125179646703, 51.483715733579302 ], [ 37.661129521204401, 51.483596450652001 ], [ 37.6611265792219, 51.483475050018903 ], [ 37.661116584566003, 51.483353795070798 ], [ 37.661099550711597, 51.483232844684402 ], [ 37.6610755010148, 51.483112356618797 ], [ 37.66104446512, 51.482992489194501 ], [ 37.661006485248201, 51.482873399055201 ], [ 37.660961609908199, 51.482755242846302 ], [ 37.660909899287198, 51.482638174417602 ], [ 37.660851419860499, 51.482522348179899 ], [ 37.660786247984902, 51.482407915188702 ], [ 37.660714470797103, 51.4822950253823 ], [ 37.660636180823403, 51.482183826462403 ], [ 37.660551480471902, 51.482074464453802 ], [ 37.660460482032001, 51.481967082585101 ], [ 37.660363303182798, 51.481861821289101 ], [ 37.660260071485297, 51.481758818761698 ], [ 37.6601509234834, 51.481658209843097 ], [ 37.660036001110797, 51.481560126017598 ], [ 37.659915454386102, 51.481464695973301 ], [ 37.6597894423114, 51.481372044482399 ], [ 37.6596581292781, 51.481282293520898 ], [ 37.6590950149523, 51.480960854856797 ], [ 37.658953463819699, 51.480893379224703 ], [ 37.658808362545201, 51.480828894310498 ], [ 37.6586598737236, 51.480767473415 ], [ 37.658508164441798, 51.480709184243899 ], [ 37.6583534053796, 51.4806540928248 ], [ 37.658195769013602, 51.480602261268203 ], [ 37.658035433210102, 51.480553747768603 ], [ 37.657872578530501, 51.480508606043998 ], [ 37.657707386434602, 51.480466887574202 ], [ 37.657540042873599, 51.480428638803403 ], [ 37.6574068281069, 51.480400979922798 ], [ 37.657227112049398, 51.480367462969603 ], [ 37.6570456110395, 51.480337912532498 ], [ 37.656862549655997, 51.480312365543099 ], [ 37.656678156070903, 51.480290853897301 ], [ 37.656492659354598, 51.4802734044546 ], [ 37.6563062894759, 51.480260038479202 ], [ 37.656119279996702, 51.480250772758097 ], [ 37.655931861783998, 51.480245619042599 ], [ 37.655744267501497, 51.480244583488201 ], [ 37.655556732507897, 51.480247667213902 ], [ 37.655369487670001, 51.4802548674216 ], [ 37.655182767448402, 51.480266173479698 ], [ 37.654996802709803, 51.4802815730772 ], [ 37.654811826118099, 51.480301045509997 ], [ 37.654628065845301, 51.480324567835197 ], [ 37.654445752758299, 51.480352109835998 ], [ 37.654265111436203, 51.480383637937699 ], [ 37.654086366457598, 51.4804191124108 ], [ 37.653909741503, 51.480458489608701 ], [ 37.653735455761499, 51.480501720289297 ], [ 37.653563725726897, 51.4805487507343 ], [ 37.653394764300103, 51.480599522189301 ], [ 37.6532287816867, 51.480653971983202 ], [ 37.653065985397703, 51.480712032409301 ], [ 37.653065985397703, 51.480712032409301 ] ] ] } },
{ "type": "Feature", "properties": { "dataset_code": "KAA", "source_file": "КАА.kml", "placemark_index": 38, "organization_code": "KAA", "organization_name_raw": "КАА", "farm_name_raw": "Орошение Солнцево", "region_name_raw": "Курская область", "district_name_raw": "Солнцевский район", "field_external_key": "KAA:КУР-СОЛ-0027-02", "field_code_raw": "КУР-СОЛ-0027-02", "field_name_raw": "КУР-СОЛ-0027-02", "field_code_unique_status": "unique", "source_fid": "62", "declared_area_ha": 61.9, "geometry_area_ha": 61.895447, "area_diff_ha": -0.004553, "area_diff_pct": -0.007355, "area_quality_status": "ok", "geometry_type": "Polygon", "polygon_count": 1, "inner_ring_count": 1, "geometry_valid": true, "geometry_validity_reason": "Valid Geometry", "centroid_lon": 36.769315815, "centroid_lat": 51.445658272000003, "representative_lon": 36.769315747, "representative_lat": 51.445647322, "centroid_within_geometry": true, "weather_point_lon_candidate": 36.769315815, "weather_point_lat_candidate": 51.445658272000003, "active_2026_candidate": true, "active_reason": "kaa_crop_plan_present", "season_year_candidate": null, "crop_raw": "Подсолнечник", "crop_code_candidate": "sunflower", "crop_parameter_set_candidate_key": "aquacrop_v7_3_regional_sunflower_kursk_oblast", "regional_crop_parameter_set_candidate_key": "aquacrop_v7_3_regional_sunflower_kursk_oblast", "crop_parameter_candidate_status": "resolved_from_kml_region_kursk_oblast", "crop_parameter_candidate_comment_ru": "Кандидат выбран по культуре и признаку региона 'Курская область' из KAA.kml.", "sowing_date_raw": "", "calculation_ready": false, "calculation_blockers_json": [ "missing_sowing_date", "missing_soil_profile" ], "geometry_hash_sha256": "9a974db6f69da45a1e24ec832d862edecad2cb0ad0a114646418e2f2cda31f3c", "source_attributes_json": { "ESRI_OID": "345", "fid": "62", "is_experimental_production": "Нет", "source_fid": "62", "В аренде": "Нет", "Дата изменения": "18.11.2025 12:17:02", "Изменил": "esb", "Интенсивность": "MAX", "История": "2013: Кукуруза зерновая, Подъем залежи, 2014: Подсолнечник, 2015: Пшеница яровая, 2016: Соя, 2017: Пшеница озимая, 2018: Соя, 2019: Пшеница яровая, 2020: Соя, 2021: Пшеница яровая, 2022: Пар, Соя, 2023: Кукуруза зерновая, 2024: Соя, 2025: Кукуруза зерновая, 2026: Подсолнечник", "Культура": "Подсолнечник", "Мех.состав (пески; карбонаты)": "Нет", "Название": "КУР-СОЛ-0027-02", "Направление склона": "СЗ", "Область": "Курская область", "Ограничение сева по ХСЗР (сах.свекла)": "2016", "Опытное": "Нет", "План. хозяйство": "Орошение Солнцево", "Площадь (га)": "61.9", "Под оптимизацию": "Нет", "Пред. предшественник": "Соя", "Предшественник": "Кукуруза зерновая", "Район": "Солнцевский район", "Рельеф": "Пригодно", "Территория": "Орошение", "Технология": "Подсолнечник АТ гибридизация орошение MAS EX MAX_ Лицензия", "Технология компании": "АТ семенная", "Тип посевов": "Семенные", "Уклон (град.)": "1.9", "Хозяйство": "Орошение Солнцево" } }, "geometry": { "type": "Polygon", "coordinates": [ [ [ 36.766442166004801, 51.442085686873902 ], [ 36.766394239986099, 51.442101592093401 ], [ 36.766202860203002, 51.442165105970801 ], [ 36.765969161685199, 51.442250801103697 ], [ 36.765741493557897, 51.442342616019403 ], [ 36.765520264554603, 51.442440387184 ], [ 36.765305874425501, 51.442543935945103 ], [ 36.765098709446299, 51.442653079170398 ], [ 36.764899140621097, 51.442767616929501 ], [ 36.764707529970998, 51.442887344812902 ], [ 36.764524223347401, 51.443012046093301 ], [ 36.764464401837699, 51.4430563794539 ], [ 36.764396121791201, 51.4431069815491 ], [ 36.764349547736998, 51.443141497325101 ], [ 36.764183822041801, 51.443275463865703 ], [ 36.764027341807498, 51.443413704914597 ], [ 36.763880390901697, 51.4435559718344 ], [ 36.763879658774798, 51.443556751784499 ], [ 36.763866036721801, 51.443570356955597 ], [ 36.763862016761003, 51.443575536090798 ], [ 36.763743234327599, 51.443702008151099 ], [ 36.763616117325, 51.443851548994203 ], [ 36.763566200639602, 51.443916815171697 ], [ 36.763499269862699, 51.444004327816501 ], [ 36.763392903943199, 51.444160066875298 ], [ 36.763357824731301, 51.444218141274703 ], [ 36.763342769865503, 51.444243064594197 ], [ 36.763297210009199, 51.4443184878713 ], [ 36.763212359638999, 51.444479302990501 ], [ 36.763168148154001, 51.444576838904297 ], [ 36.7630869449439, 51.444752672780098 ], [ 36.763033205927002, 51.4448845921141 ], [ 36.762963327777697, 51.445160308203803 ], [ 36.762924398386502, 51.445438397095302 ], [ 36.762916606399699, 51.4457175060748 ], [ 36.762939990444899, 51.445996275182701 ], [ 36.762994436436003, 51.446273345052703 ], [ 36.763079681166502, 51.446547366988597 ], [ 36.763195308716597, 51.446817006323201 ], [ 36.763340757639199, 51.4470809468949 ], [ 36.763515319163602, 51.447337906162502 ], [ 36.763718141686702, 51.447586629043698 ], [ 36.763948238858497, 51.447825905268203 ], [ 36.764204491378202, 51.448054568253603 ], [ 36.7644856478924, 51.448271505179797 ], [ 36.764790340267098, 51.448475656984698 ], [ 36.7651170835871, 51.4486660301163 ], [ 36.765464287834298, 51.448841695969499 ], [ 36.765830258786103, 51.4490017998382 ], [ 36.766213215083297, 51.449145560912001 ], [ 36.766611290026702, 51.449272277870001 ], [ 36.767022544153697, 51.449381335035199 ], [ 36.767444972424499, 51.449472200131801 ], [ 36.7678765167988, 51.449544429320703 ], [ 36.768315076117098, 51.4495976722351 ], [ 36.768758510592498, 51.449631668059602 ], [ 36.769204661573298, 51.449646251126801 ], [ 36.769651353339903, 51.449641352036402 ], [ 36.770096410172698, 51.449616993175098 ], [ 36.770537661741898, 51.449573294316203 ], [ 36.770972959277501, 51.449510467021298 ], [ 36.771400180958601, 51.449428818000698 ], [ 36.771817245388803, 51.449328746316702 ], [ 36.772222117883999, 51.4492107383467 ], [ 36.772612829337099, 51.4490753689063 ], [ 36.772987474421299, 51.4489232978936 ], [ 36.773344225963299, 51.448755268053297 ], [ 36.773681348418002, 51.448572096023497 ], [ 36.773781424333897, 51.448509543914803 ], [ 36.773818257955597, 51.448486521362597 ], [ 36.773997196970299, 51.448374675138602 ], [ 36.7742902337041, 51.448163967036699 ], [ 36.774559032095098, 51.447940998863899 ], [ 36.7748022823993, 51.447706858240501 ], [ 36.775018797942302, 51.447462684307403 ], [ 36.775207526796997, 51.447209666050398 ], [ 36.775367548190097, 51.446949038944801 ], [ 36.7754980832824, 51.446682070962098 ], [ 36.7755984960665, 51.4464100631333 ], [ 36.775668298757303, 51.446134341152501 ], [ 36.7757071517917, 51.445856248101002 ], [ 36.775714867421698, 51.4455771388497 ], [ 36.7756914052231, 51.445298373341799 ], [ 36.775636882875197, 51.445021309313702 ], [ 36.775551566279397, 51.444747297256299 ], [ 36.775435871355697, 51.444477670335502 ], [ 36.775290362245997, 51.4442137438309 ], [ 36.775115746822699, 51.443956803935897 ], [ 36.774912879383798, 51.4437080999163 ], [ 36.774682745381, 51.443468846346498 ], [ 36.774426467708501, 51.443240205189603 ], [ 36.774145295922999, 51.443023293072102 ], [ 36.773840599056697, 51.442819165042401 ], [ 36.773513861126602, 51.442628816246398 ], [ 36.773166674845697, 51.442453172964498 ], [ 36.772800730843301, 51.442293092047301 ], [ 36.7724178122754, 51.4421493519528 ], [ 36.772019784044403, 51.442022653862097 ], [ 36.771608584714599, 51.441913613836498 ], [ 36.771186219325898, 51.441822763934198 ], [ 36.770754742325302, 51.441750546047501 ], [ 36.770316255770503, 51.441697311900498 ], [ 36.7698728958553, 51.441663321927003 ], [ 36.769426823926203, 51.441648740229702 ], [ 36.768980210313003, 51.441653637938003 ], [ 36.768535229836999, 51.4416779920887 ], [ 36.768094051929701, 51.441721682825801 ], [ 36.767703640513901, 51.441778030706899 ], [ 36.767658823564403, 51.441784499000697 ], [ 36.767586399589597, 51.4417983404296 ], [ 36.767495500862601, 51.4418157122008 ], [ 36.7673906009936, 51.441835759860503 ], [ 36.767231666561898, 51.441866134254298 ], [ 36.7671155898542, 51.441893985596401 ], [ 36.7668666190783, 51.441964698734601 ], [ 36.766472086192003, 51.442076752713803 ], [ 36.766442166004801, 51.442085686873902 ], [ 36.766442166004801, 51.442085686873902 ] ], [ [ 36.769285804596301, 51.4428631184078 ], [ 36.769350603671, 51.442846077385099 ], [ 36.769461542913596, 51.4428573266445 ], [ 36.770108465563801, 51.442971289979603 ], [ 36.770395412618399, 51.443008730286103 ], [ 36.770528653436301, 51.443012407797298 ], [ 36.770622834607302, 51.442992498392897 ], [ 36.770690348390801, 51.4429572338992 ], [ 36.770736728408899, 51.442905576758697 ], [ 36.770781838209203, 51.442842474329197 ], [ 36.770826614734503, 51.442786218467802 ], [ 36.770880624144397, 51.442765544678899 ], [ 36.7709484622197, 51.442761124698499 ], [ 36.771004234124099, 51.442779317500701 ], [ 36.771015403776303, 51.4428126526618 ], [ 36.770895499347198, 51.443060503771697 ], [ 36.770874905469299, 51.443108082896401 ], [ 36.770871745196096, 51.443135434039903 ], [ 36.7708667038507, 51.443163892111897 ], [ 36.770822594773598, 51.443206454886599 ], [ 36.770746617063601, 51.443227853000401 ], [ 36.770664670048397, 51.443221725336798 ], [ 36.770581842684201, 51.443196164281098 ], [ 36.770499347696699, 51.443163756613302 ], [ 36.770440480197799, 51.443134082972499 ], [ 36.770353889790997, 51.443110734640598 ], [ 36.770183526094002, 51.443081223339902 ], [ 36.770018418439697, 51.443056380573701 ], [ 36.769508155595403, 51.442988419421901 ], [ 36.769372209051902, 51.442965273144502 ], [ 36.769296407411602, 51.442945555770201 ], [ 36.769257460054099, 51.4429196866068 ], [ 36.769262502297799, 51.4428912289425 ], [ 36.769285804596301, 51.4428631184078 ], [ 36.769285804596301, 51.4428631184078 ] ] ] } },
{ "type": "Feature", "properties": { "dataset_code": "KAA", "source_file": "КАА.kml", "placemark_index": 39, "organization_code": "KAA", "organization_name_raw": "КАА", "farm_name_raw": "Орошение Горшечное", "region_name_raw": "Курская область", "district_name_raw": "Горшеченский район", "field_external_key": "KAA:КУР-ГОР-0058-04", "field_code_raw": "КУР-ГОР-0058-04", "field_name_raw": "КУР-ГОР-0058-04", "field_code_unique_status": "unique", "source_fid": "64", "declared_area_ha": 58.3, "geometry_area_ha": 58.300619, "area_diff_ha": 0.000619, "area_diff_pct": 0.001062, "area_quality_status": "ok", "geometry_type": "Polygon", "polygon_count": 1, "inner_ring_count": 0, "geometry_valid": true, "geometry_validity_reason": "Valid Geometry", "centroid_lon": 37.649381855999998, "centroid_lat": 51.497148715999998, "representative_lon": 37.649385444000004, "representative_lat": 51.497097947999997, "centroid_within_geometry": true, "weather_point_lon_candidate": 37.649381855999998, "weather_point_lat_candidate": 51.497148715999998, "active_2026_candidate": true, "active_reason": "kaa_crop_plan_present", "season_year_candidate": null, "crop_raw": "Рапс яровой", "crop_code_candidate": "spring_rapeseed_proxy", "crop_parameter_set_candidate_key": "aquacrop_v7_3_regional_spring_rapeseed_proxy_kursk_oblast", "regional_crop_parameter_set_candidate_key": "aquacrop_v7_3_regional_spring_rapeseed_proxy_kursk_oblast", "crop_parameter_candidate_status": "proxy_parameter_set_requires_review", "crop_parameter_candidate_comment_ru": "Кандидат выбран по культуре и признаку региона 'Курская область' из KAA.kml. Набор ярового рапса является proxy, не official AquaCrop crop file.", "sowing_date_raw": "", "calculation_ready": false, "calculation_blockers_json": [ "missing_sowing_date", "missing_soil_profile" ], "geometry_hash_sha256": "983a36b12a7c7831bddfe9e8fd3421eeb919ab7517d98d829c10b0f58eae9d4b", "source_attributes_json": { "ESRI_OID": "520", "fid": "64", "is_experimental_production": "Нет", "source_fid": "64", "В аренде": "Нет", "Дата изменения": "20.02.2026 9:16:00", "Изменил": "esb", "Интенсивность": "MAX", "История": "2013: Соя, 2014: Кукуруза зерновая, 2015: Соя, 2016: Пшеница озимая, 2017: Сахарная свекла, 2018: Пшеница яровая, 2019: Соя, 2020: Сахарная свекла, Соя, 2021: Залежь, Пшеница яровая, 2022: Кукуруза зерновая, Пар, Соя, 2023: Кукуруза зерновая, 2024: Кукуруза зерновая, 2025: Кукуруза зерновая, 2026: Рапс яровой", "Культура": "Рапс яровой", "Название": "КУР-ГОР-0058-04", "Направление склона": "С, В", "Область": "Курская область", "Опытное": "Нет", "План. хозяйство": "Орошение Горшечное", "Площадь (га)": "58.3", "Под оптимизацию": "Нет", "Пред. предшественник": "Кукуруза зерновая", "Предшественник": "Кукуруза зерновая", "Район": "Горшеченский район", "Рельеф": "Пригодно", "Территория": "Орошение", "Технология": "Рапс яровой АТ гибридизация MAX Remington", "Технология компании": "АТ семенная", "Тип посевов": "Семенные", "Хозяйство": "Орошение Горшечное" } }, "geometry": { "type": "Polygon", "coordinates": [ [ [ 37.651171132137897, 51.500856370193397 ], [ 37.651349309381303, 51.500821266713899 ], [ 37.651525707062099, 51.5007828370574 ], [ 37.651700165280097, 51.500741116445198 ], [ 37.651872525033703, 51.500696143453702 ], [ 37.652042629117602, 51.5006479577767 ], [ 37.652082457722301, 51.500636113223102 ], [ 37.652268909347796, 51.500577729779103 ], [ 37.652452100088702, 51.500515474862802 ], [ 37.652631822434401, 51.500449417800397 ], [ 37.6528078724671, 51.500379634068601 ], [ 37.652980050761002, 51.500306202498898 ], [ 37.653148163279901, 51.500229205837101 ], [ 37.653312019581001, 51.500148731861501 ], [ 37.653471433713001, 51.500064871705497 ], [ 37.653626224216197, 51.499977719857696 ], [ 37.653776217715802, 51.499887374721098 ], [ 37.653921243531897, 51.499793939731902 ], [ 37.654061136374501, 51.499697519444901 ], [ 37.654195739936704, 51.499598223448203 ], [ 37.6543248997082, 51.499496164685503 ], [ 37.654448471060398, 51.4993914577787 ], [ 37.654566313856002, 51.499284222383302 ], [ 37.6546782933477, 51.4991745787149 ], [ 37.654784283771498, 51.499062651463298 ], [ 37.654884165651303, 51.498948567556397 ], [ 37.654977824901103, 51.4988324556005 ], [ 37.6550651555198, 51.498714447558598 ], [ 37.655146058692601, 51.498594677072198 ], [ 37.6552204436897, 51.498473279461898 ], [ 37.655288225171098, 51.498350391727101 ], [ 37.655349326780097, 51.498226154224099 ], [ 37.655403680244703, 51.498100706751302 ], [ 37.655451221784503, 51.497974191345399 ], [ 37.6554919001955, 51.497846751163401 ], [ 37.655525667867003, 51.497718531041002 ], [ 37.655552486171501, 51.497589675816002 ], [ 37.655572325464497, 51.497460332005403 ], [ 37.655585164186597, 51.4973306450092 ], [ 37.655590986168001, 51.497200761907003 ], [ 37.655591367053603, 51.497157993897297 ], [ 37.655588256187798, 51.497035716673601 ], [ 37.655578926285301, 51.496913562157403 ], [ 37.655563388125799, 51.496791652267 ], [ 37.655541656980802, 51.496670109481201 ], [ 37.655513754409697, 51.496549055720898 ], [ 37.655479707362097, 51.496428612908502 ], [ 37.655439551770598, 51.496308900730199 ], [ 37.6553933271611, 51.496190040551497 ], [ 37.655341080245798, 51.496072150383498 ], [ 37.655282863127198, 51.495955349356898 ], [ 37.655218733297403, 51.495839754366699 ], [ 37.655149261186601, 51.495726267519402 ], [ 37.655074090163602, 51.495614197016003 ], [ 37.6549932956869, 51.495503653043002 ], [ 37.6549069577067, 51.495394745228701 ], [ 37.654810308863603, 51.495282088911402 ], [ 37.6547077913267, 51.495171461360499 ], [ 37.654599515588899, 51.495062980597901 ], [ 37.654485597532798, 51.494956763527497 ], [ 37.654366158430904, 51.494852922580101 ], [ 37.654241327640698, 51.494751570186999 ], [ 37.654111237214501, 51.494652814864899 ], [ 37.653976026391199, 51.494556761216501 ], [ 37.653835841596198, 51.494463512726 ], [ 37.653690831949802, 51.494373169522397 ], [ 37.653541151962202, 51.494285828379098 ], [ 37.653386963330199, 51.494201582154901 ], [ 37.653228429547198, 51.494120521471302 ], [ 37.6530657221913, 51.4940427335941 ], [ 37.652899013739201, 51.493968300755597 ], [ 37.652728482955602, 51.493897303509698 ], [ 37.652554313096701, 51.493829817376799 ], [ 37.652376691012201, 51.493765915080203 ], [ 37.652195805348299, 51.4937056648686 ], [ 37.652011851039298, 51.493649131075102 ], [ 37.6518250239181, 51.4935963746765 ], [ 37.651635525207197, 51.4935474516152 ], [ 37.651443557027598, 51.493502414477099 ], [ 37.651249325093602, 51.493461311932599 ], [ 37.651053037814101, 51.493424187057798 ], [ 37.650838808483499, 51.493391221074397 ], [ 37.650623542497001, 51.493360987227597 ], [ 37.6504073287878, 51.493333497267898 ], [ 37.650190258984303, 51.493308762945702 ], [ 37.649983675214997, 51.493293803998803 ], [ 37.649776401539597, 51.493283172326699 ], [ 37.6495686715201, 51.493276881355499 ], [ 37.649360718718299, 51.493274937798802 ], [ 37.649152778492997, 51.4932773427755 ], [ 37.648945085304298, 51.493284095166402 ], [ 37.648737873612703, 51.493295186020902 ], [ 37.648531376980003, 51.493310603590501 ], [ 37.648325828968296, 51.493330329973404 ], [ 37.6481214604445, 51.493354343351399 ], [ 37.6479185022758, 51.4933826168716 ], [ 37.647717184430697, 51.493415118087 ], [ 37.647517732386497, 51.493451810075001 ], [ 37.647320373416903, 51.493492651997002 ], [ 37.647125327609103, 51.493537597420399 ], [ 37.646932816847098, 51.493586595996902 ], [ 37.646743057624803, 51.493639591784103 ], [ 37.646556264639599, 51.493696526042299 ], [ 37.646372647198902, 51.493757333319799 ], [ 37.646192413711802, 51.493821945927003 ], [ 37.646015768096099, 51.493890290580801 ], [ 37.645842907980899, 51.4939622900825 ], [ 37.6456740291991, 51.494037863318198 ], [ 37.645509322193398, 51.494116924699298 ], [ 37.645348972915201, 51.494199385281199 ], [ 37.6451931628241, 51.4942851522041 ], [ 37.645042066193298, 51.494374128693501 ], [ 37.6448958554993, 51.494466213500402 ], [ 37.644754693337298, 51.494561303698198 ], [ 37.644618741403903, 51.4946592918864 ], [ 37.644488151514402, 51.494760066749798 ], [ 37.644363070992497, 51.494863515295997 ], [ 37.6442436417721, 51.494969520618 ], [ 37.644129998600498, 51.495077963013102 ], [ 37.644022269038402, 51.495188719982998 ], [ 37.643920574358297, 51.495301666793303 ], [ 37.643825030442997, 51.495416675913901 ], [ 37.643735744192, 51.495533617578801 ], [ 37.643652816216502, 51.495652359786 ], [ 37.643576340839701, 51.495772768856497 ], [ 37.643506404299899, 51.495894708316797 ], [ 37.643443084750501, 51.496018041134903 ], [ 37.643386454056703, 51.496142628043501 ], [ 37.643336576897198, 51.496268328098502 ], [ 37.6432935080691, 51.496394999798497 ], [ 37.643257296980103, 51.496522500524698 ], [ 37.643227984054001, 51.496650685982203 ], [ 37.643205602528703, 51.496779411318599 ], [ 37.643190178455299, 51.496908531682799 ], [ 37.643181728003398, 51.497037901666403 ], [ 37.643180261952899, 51.497167374743803 ], [ 37.643185781202, 51.497296805509897 ], [ 37.643198278564199, 51.497426046883398 ], [ 37.6432177423615, 51.497554954021403 ], [ 37.6432441483392, 51.497683380964503 ], [ 37.643269808715303, 51.497788866344898 ], [ 37.643300141229197, 51.497893870534597 ], [ 37.6433351216264, 51.497998311887997 ], [ 37.6433747238557, 51.498102112115603 ], [ 37.643429150982101, 51.498227545044401 ], [ 37.643490327151298, 51.498351766325797 ], [ 37.643558181396301, 51.4984746356022 ], [ 37.643632637360298, 51.498596013635797 ], [ 37.643713611499997, 51.498715763427199 ], [ 37.6438010112889, 51.498833749655802 ], [ 37.643894737912397, 51.498949837561597 ], [ 37.643994686267497, 51.4990638963002 ], [ 37.644100741370004, 51.499175797265202 ], [ 37.6442127846421, 51.499285412969499 ], [ 37.644330688523098, 51.4993926198417 ], [ 37.644454319164197, 51.499497296548 ], [ 37.644583538224502, 51.499599323991902 ], [ 37.644718197482199, 51.499698587551499 ], [ 37.644858145122001, 51.499794973724001 ], [ 37.645003223040398, 51.499888374598903 ], [ 37.645153266845703, 51.499978683384498 ], [ 37.645308106756197, 51.5000657988816 ], [ 37.645467566702301, 51.500149621568802 ], [ 37.645631467020898, 51.5002300569572 ], [ 37.645799621760602, 51.500307013913499 ], [ 37.645971839580397, 51.500380405218799 ], [ 37.646147927342298, 51.5004501481272 ], [ 37.646327684722301, 51.500516163247902 ], [ 37.646510908700897, 51.500578376222698 ], [ 37.646697390869001, 51.500636716606998 ], [ 37.646886920122597, 51.500691118429401 ], [ 37.647079283560899, 51.5007415196323 ], [ 37.647274261096698, 51.500787863189899 ], [ 37.647471632642699, 51.500830097108697 ], [ 37.6476711763151, 51.5008681738679 ], [ 37.647872663941797, 51.500902049300599 ], [ 37.648075869147199, 51.500931685390697 ], [ 37.648280560166199, 51.5009570491532 ], [ 37.648486507029901, 51.500978112076098 ], [ 37.648693474379797, 51.500994849001202 ], [ 37.648901230450498, 51.501007242038703 ], [ 37.649109538086797, 51.501015277212403 ], [ 37.649318162828401, 51.5010189444586 ], [ 37.649526866621699, 51.501018240982603 ], [ 37.649735415006496, 51.501013166224901 ], [ 37.649943570827503, 51.501003726894503 ], [ 37.650151097827802, 51.500989933054299 ], [ 37.650357763343699, 51.500971800917199 ], [ 37.650563330220102, 51.5009493511686 ], [ 37.650767568488099, 51.500922607847798 ], [ 37.650970245484302, 51.500891602821802 ], [ 37.651171132137897, 51.500856370193397 ], [ 37.651171132137897, 51.500856370193397 ] ] ] } },
{ "type": "Feature", "properties": { "dataset_code": "KAA", "source_file": "КАА.kml", "placemark_index": 40, "organization_code": "KAA", "organization_name_raw": "КАА", "farm_name_raw": "Орошение Солнцево", "region_name_raw": "Курская область", "district_name_raw": "Солнцевский район", "field_external_key": "KAA:КУР-СОЛ-0030-02", "field_code_raw": "КУР-СОЛ-0030-02", "field_name_raw": "КУР-СОЛ-0030-02", "field_code_unique_status": "unique", "source_fid": "65", "declared_area_ha": 69.8, "geometry_area_ha": 69.796217, "area_diff_ha": -0.003783, "area_diff_pct": -0.00542, "area_quality_status": "ok", "geometry_type": "Polygon", "polygon_count": 1, "inner_ring_count": 0, "geometry_valid": true, "geometry_validity_reason": "Valid Geometry", "centroid_lon": 36.7857354, "centroid_lat": 51.458367971000001, "representative_lon": 36.785826876999998, "representative_lat": 51.458320217999997, "centroid_within_geometry": true, "weather_point_lon_candidate": 36.7857354, "weather_point_lat_candidate": 51.458367971000001, "active_2026_candidate": true, "active_reason": "kaa_crop_plan_present", "season_year_candidate": null, "crop_raw": "Соя", "crop_code_candidate": "soybean", "crop_parameter_set_candidate_key": "aquacrop_v7_3_regional_soybean_kursk_oblast", "regional_crop_parameter_set_candidate_key": "aquacrop_v7_3_regional_soybean_kursk_oblast", "crop_parameter_candidate_status": "resolved_from_kml_region_kursk_oblast", "crop_parameter_candidate_comment_ru": "Кандидат выбран по культуре и признаку региона 'Курская область' из KAA.kml.", "sowing_date_raw": "", "calculation_ready": false, "calculation_blockers_json": [ "missing_sowing_date", "missing_soil_profile" ], "geometry_hash_sha256": "2d4857f8c7396262d3734eab6696dbb48b168d9e8a0ee3a3993e26398270db56", "source_attributes_json": { "ESRI_OID": "1395", "fid": "65", "is_experimental_production": "Нет", "source_fid": "65", "В аренде": "Нет", "Вид семян": "Собственные", "Дата изменения": "10.11.2025 9:55:55", "Изменил": "GEODATA", "Интенсивность": "MAX", "История": "2013: Кукуруза зерновая, 2014: Подсолнечник, 2015: Пшеница яровая, 2016: Соя, 2017: Пшеница озимая, 2018: Соя, 2019: Пшеница яровая, 2020: Соя, 2021: Пшеница озимая, 2022: Пар, Соя, 2023: Кукуруза зерновая, 2024: Кукуруза зерновая, 2025: Рапс яровой, 2026: Соя", "Итого семян (т; п.ед.)": "8.38", "Культура": "Соя", "Мех.состав (пески; карбонаты)": "Нет", "Название": "КУР-СОЛ-0030-02", "Направление склона": "СВ", "Норма высева (кг/га; п.ед./га)": "120", "Область": "Курская область", "Ограничение сева по ХСЗР (сах.свекла)": "2016", "Опытное": "Нет", "План. хозяйство": "Орошение Солнцево", "Площадь (га)": "69.8", "Под оптимизацию": "Нет", "Пред. предшественник": "Кукуруза зерновая", "Предшественник": "Рапс яровой", "Район": "Солнцевский район", "Рельеф": "Пригодно", "Семена": "Семена сои ЕС ФАВОР РС1 (соб.)", "Сред. норма высева (кг/га; п.ед./га)": "0", "Территория": "Орошение", "Технология": "Соя АТ семенная орошение MAX", "Технология компании": "АТ семенная", "Тип посевов": "Семенные", "Уклон (град.)": "1.6", "Хозяйство": "Орошение Солнцево" } }, "geometry": { "type": "Polygon", "coordinates": [ [ [ 36.788932311101199, 51.454833093730201 ], [ 36.788571766872103, 51.4552253453042 ], [ 36.785826997759102, 51.458211234542198 ], [ 36.787065140325304, 51.453922461178799 ], [ 36.786952473622399, 51.453910947630298 ], [ 36.786821859478401, 51.453897599680197 ], [ 36.786813392856899, 51.453896734260397 ], [ 36.786804388144397, 51.4538960462909 ], [ 36.7866281332958, 51.453882589739102 ], [ 36.786555047262603, 51.453876199288999 ], [ 36.786520595973101, 51.4538746895618 ], [ 36.786250899267003, 51.453861000135099 ], [ 36.786149810949702, 51.4538584391398 ], [ 36.7860748177932, 51.453855152109199 ], [ 36.786018672189599, 51.4538551162833 ], [ 36.785968376415198, 51.453853842222998 ], [ 36.785685620899699, 51.453853842222998 ], [ 36.785676303573602, 51.453854078450298 ], [ 36.785644729588, 51.453854878376603 ], [ 36.785515947108799, 51.453858140776902 ], [ 36.785422545675502, 51.453860507528297 ], [ 36.785403098047901, 51.453861000135099 ], [ 36.785369791212098, 51.453862690671698 ], [ 36.785166691109502, 51.4538729995854 ], [ 36.785113112890997, 51.453875279010397 ], [ 36.7851018075932, 51.4538762530279 ], [ 36.785046791171901, 51.453880991566898 ], [ 36.784840603559701, 51.453896734260397 ], [ 36.784714989438598, 51.453909571131902 ], [ 36.784636215272997, 51.453916356222003 ], [ 36.784591616614101, 51.453922179049897 ], [ 36.784164985126097, 51.453977879886502 ], [ 36.784108923065801, 51.453987763342198 ], [ 36.784096002597103, 51.453990041082101 ], [ 36.783731909124199, 51.454054228630802 ], [ 36.7837016664419, 51.4540595599561 ], [ 36.783672382261898, 51.454066114955303 ], [ 36.783627968655999, 51.454076056608798 ], [ 36.783470679937899, 51.454109087961001 ], [ 36.783323177466599, 51.454144281147599 ], [ 36.783248462787803, 51.454161005038998 ], [ 36.782807534611997, 51.454281734156297 ], [ 36.782380980379202, 51.454421172267701 ], [ 36.781970829383397, 51.454578654193099 ], [ 36.781579033663803, 51.454753431334098 ], [ 36.781207460817903, 51.4549446722379 ], [ 36.780857878730103, 51.455151464841101 ], [ 36.780531951978702, 51.455372827110203 ], [ 36.780231231954197, 51.455607703127903 ], [ 36.7799571505711, 51.455854974852897 ], [ 36.779711014878202, 51.456113467162801 ], [ 36.7794939953803, 51.456381947858503 ], [ 36.779307126038297, 51.4566591388635 ], [ 36.779151297980903, 51.4569437201461 ], [ 36.779081253643199, 51.457107821257402 ], [ 36.779077573245502, 51.4571164440597 ], [ 36.779073347570403, 51.457126345307401 ], [ 36.779067376468802, 51.457140333775598 ], [ 36.779052665657602, 51.457174798083201 ], [ 36.779027252318301, 51.4572343381191 ], [ 36.778935581040201, 51.457529607882002 ], [ 36.778876720727801, 51.4578281238581 ], [ 36.778850954350503, 51.4581284659536 ], [ 36.778858402282502, 51.458429202357799 ], [ 36.778899031286201, 51.458728901856901 ], [ 36.7789726482237, 51.459026137193 ], [ 36.7790789036505, 51.459319494018402 ], [ 36.779217291814902, 51.459607574252601 ], [ 36.779387154251999, 51.459889006154803 ], [ 36.779587683376199, 51.4601624510384 ], [ 36.7798179233802, 51.460426604946299 ], [ 36.780076779217502, 51.460680210960803 ], [ 36.780363018399598, 51.460922061998303 ], [ 36.780675279080597, 51.4611510041629 ], [ 36.781012073650302, 51.4613659490551 ], [ 36.781371798616, 51.4615658732071 ], [ 36.781752741788601, 51.461749823115497 ], [ 36.782153087673102, 51.461916923071797 ], [ 36.782570931840901, 51.462066377956099 ], [ 36.783004282727298, 51.462197474911903 ], [ 36.783451076901798, 51.462309591176997 ], [ 36.783909188052299, 51.462402191282003 ], [ 36.784376432374302, 51.462474834881398 ], [ 36.784850584740802, 51.462527176192097 ], [ 36.7853293876856, 51.462558966228997 ], [ 36.7858105612844, 51.462570052244402 ], [ 36.786291812138302, 51.462560382203499 ], [ 36.786770850441599, 51.462530001986401 ], [ 36.787245391778598, 51.462479055948002 ], [ 36.787713177784802, 51.462407788037901 ], [ 36.788171982434598, 51.462316537324803 ], [ 36.788619617432303, 51.462205736879802 ], [ 36.789053951075601, 51.462075916017298 ], [ 36.789472917239202, 51.4619276930231 ], [ 36.789874518968503, 51.461761772918997 ], [ 36.790256843750001, 51.461578946347998 ], [ 36.790618073393702, 51.461380083981702 ], [ 36.790956484032598, 51.461166133166998 ], [ 36.791202691590698, 51.4609873323203 ], [ 36.791234264678103, 51.460964403372401 ], [ 36.791236183479498, 51.460963009736197 ], [ 36.7912374914265, 51.460962059377003 ], [ 36.791270466783999, 51.460938112333899 ], [ 36.791558526851198, 51.4606971070829 ], [ 36.791819293405098, 51.460444266271701 ], [ 36.792051522279102, 51.460180793064801 ], [ 36.792254111240297, 51.459907942139402 ], [ 36.792426093701501, 51.459627012973101 ], [ 36.792566653093999, 51.4593393442509 ], [ 36.792675119274698, 51.459046304352803 ], [ 36.792750976610499, 51.458749289118103 ], [ 36.792793866673698, 51.458449712892097 ], [ 36.792803582851903, 51.458149002930298 ], [ 36.7927800820257, 51.457848589884001 ], [ 36.792723474688103, 51.457549903882303 ], [ 36.792634032130202, 51.457254367814997 ], [ 36.792512180153501, 51.456963388935698 ], [ 36.7923585008663, 51.456678352142703 ], [ 36.792173724598797, 51.456400614939199 ], [ 36.791958732598502, 51.4561314990342 ], [ 36.791714549843, 51.455872285860998 ], [ 36.791442338752397, 51.455624209296701 ], [ 36.791143393798798, 51.455388450060099 ], [ 36.790819140608903, 51.455166132348999 ], [ 36.790486888819601, 51.454967726798799 ], [ 36.790471123386297, 51.454958312080102 ], [ 36.790158794433403, 51.4547960129741 ], [ 36.790100997726299, 51.4547659791237 ], [ 36.7897105261235, 51.454590050021203 ], [ 36.789301568090401, 51.454431361823502 ], [ 36.788987874596501, 51.4547726442959 ], [ 36.788985808471402, 51.454795860716899 ], [ 36.788946038257102, 51.454859777884202 ], [ 36.788932311101199, 51.454833093730201 ], [ 36.788932311101199, 51.454833093730201 ] ] ] } },
{ "type": "Feature", "properties": { "dataset_code": "KAA", "source_file": "КАА.kml", "placemark_index": 41, "organization_code": "KAA", "organization_name_raw": "КАА", "farm_name_raw": "Орошение Горшечное", "region_name_raw": "Курская область", "district_name_raw": "Горшеченский район", "field_external_key": "KAA:КУР-ГОР-0062-02", "field_code_raw": "КУР-ГОР-0062-02", "field_name_raw": "КУР-ГОР-0062-02", "field_code_unique_status": "unique", "source_fid": "66", "declared_area_ha": 78.2, "geometry_area_ha": 78.196772, "area_diff_ha": -0.003228, "area_diff_pct": -0.004128, "area_quality_status": "ok", "geometry_type": "Polygon", "polygon_count": 1, "inner_ring_count": 0, "geometry_valid": true, "geometry_validity_reason": "Valid Geometry", "centroid_lon": 37.729388121, "centroid_lat": 51.436970752000001, "representative_lon": 37.729387783, "representative_lat": 51.436965496, "centroid_within_geometry": true, "weather_point_lon_candidate": 37.729388121, "weather_point_lat_candidate": 51.436970752000001, "active_2026_candidate": true, "active_reason": "kaa_crop_plan_present", "season_year_candidate": null, "crop_raw": "Соя", "crop_code_candidate": "soybean", "crop_parameter_set_candidate_key": "aquacrop_v7_3_regional_soybean_kursk_oblast", "regional_crop_parameter_set_candidate_key": "aquacrop_v7_3_regional_soybean_kursk_oblast", "crop_parameter_candidate_status": "resolved_from_kml_region_kursk_oblast", "crop_parameter_candidate_comment_ru": "Кандидат выбран по культуре и признаку региона 'Курская область' из KAA.kml.", "sowing_date_raw": "", "calculation_ready": false, "calculation_blockers_json": [ "missing_sowing_date", "missing_soil_profile" ], "geometry_hash_sha256": "3a578f6b1f65e0d75cdb8f79481cf5d3646425d6079258a26523696942793c05", "source_attributes_json": { "ESRI_OID": "1836", "fid": "66", "is_experimental_production": "Нет", "source_fid": "66", "В аренде": "Нет", "Вид семян": "Собственные", "Дата изменения": "10.11.2025 9:56:02", "Изменил": "GEODATA", "Интенсивность": "MAX", "История": "2013: Пшеница озимая, Соя, 2014: Кукуруза зерновая, 2015: Пшеница яровая, 2016: Соя, 2017: Залежь, Кукуруза зерновая, 2018: Залежь, Соя, 2019: Подъем залежи, Пшеница яровая, Ячмень яровой, 2020: Соя, 2021: Залежь, Соя, 2022: Кукуруза зерновая, 2023: Кукуруза зерновая, 2024: Кукуруза зерновая, 2025: Кукуруза зерновая, 2026: Соя", "Итого семян (т; п.ед.)": "9.38", "Культура": "Соя", "Мех.состав (пески; карбонаты)": "Да", "Название": "КУР-ГОР-0062-02", "Направление склона": "Ю, З", "Норма высева (кг/га; п.ед./га)": "120", "Область": "Курская область", "Опытное": "Нет", "План. хозяйство": "Орошение Горшечное", "Площадь (га)": "78.2", "Под оптимизацию": "Нет", "Пред. предшественник": "Кукуруза зерновая", "Предшественник": "Кукуруза зерновая", "Район": "Горшеченский район", "Рельеф": "Пригодно", "Семена": "Семена сои ЕС ФАВОР РС1 (соб.)", "Сред. норма высева (кг/га; п.ед./га)": "0", "Территория": "Орошение", "Технология": "Соя АТ семенная орошение MAX", "Технология компании": "АТ семенная", "Тип посевов": "Семенные", "Хозяйство": "Орошение Горшечное" } }, "geometry": { "type": "Polygon", "coordinates": [ [ [ 37.723283187653102, 51.439326814573199 ], [ 37.7233842966316, 51.439425582758602 ], [ 37.723489517199098, 51.439522668062203 ], [ 37.723598777490501, 51.439618003300097 ], [ 37.723712002047201, 51.439711523528601 ], [ 37.723852300030003, 51.439821429458704 ], [ 37.723998070549399, 51.4399285320088 ], [ 37.724149170773501, 51.440032725367999 ], [ 37.724305450683502, 51.440133905965702 ], [ 37.724466756667503, 51.440231974151402 ], [ 37.724632927028701, 51.440326833074302 ], [ 37.724803800070497, 51.440418389243497 ], [ 37.724979205112902, 51.440506551408198 ], [ 37.725158970577603, 51.440591233356599 ], [ 37.7253429168018, 51.440672351116902 ], [ 37.725530863223803, 51.440749824076399 ], [ 37.725722623892501, 51.440823576101998 ], [ 37.725918008365198, 51.440893534419502 ], [ 37.726116825300501, 51.440959629613801 ], [ 37.726318877069097, 51.441021796189197 ], [ 37.7265239633468, 51.441079973128403 ], [ 37.726731882910897, 51.441134102773397 ], [ 37.726942429148899, 51.441184131944503 ], [ 37.727155394549897, 51.441230010821101 ], [ 37.727370568908199, 51.441271694620703 ], [ 37.727587738424802, 51.441309141360001 ], [ 37.7278066893006, 51.441342314093603 ], [ 37.728027205041599, 51.441371180914601 ], [ 37.728249067357197, 51.4413957121549 ], [ 37.728472057058497, 51.441415884864 ], [ 37.728695954058203, 51.441431677770296 ], [ 37.728920537370797, 51.441443076320098 ], [ 37.729145584214102, 51.441450068758201 ], [ 37.729370871805898, 51.441452648367402 ], [ 37.729596179160602, 51.441450812348599 ], [ 37.7298212816995, 51.4414445629412 ], [ 37.730045958436797, 51.441433905742699 ], [ 37.730269986590599, 51.441418851948598 ], [ 37.730493145175203, 51.441399415552901 ], [ 37.730715212306698, 51.441375616707703 ], [ 37.730935970592803, 51.441347478363298 ], [ 37.731155199946301, 51.441315027948498 ], [ 37.7313726847716, 51.441278298490403 ], [ 37.731588209472797, 51.441237325814399 ], [ 37.7318015620477, 51.441192150784403 ], [ 37.732012530493897, 51.441142817063003 ], [ 37.732220906402198, 51.441089374470998 ], [ 37.732426484058301, 51.441031875068298 ], [ 37.732629061341399, 51.440970375953199 ], [ 37.732828436130497, 51.440904937583099 ], [ 37.733024413491201, 51.440835625454 ], [ 37.7332167975907, 51.440762507301102 ], [ 37.733405398884699, 51.440685655898498 ], [ 37.733590032320002, 51.440605146259898 ], [ 37.733770513742002, 51.440521058997703 ], [ 37.7339466652844, 51.440433476964103 ], [ 37.734118313572203, 51.440342486370596 ], [ 37.734285287925701, 51.440248176788501 ], [ 37.734447423953, 51.440150642828499 ], [ 37.734604561754097, 51.440049979101502 ], [ 37.734756544123698, 51.439946286377797 ], [ 37.734903222839897, 51.439839666548203 ], [ 37.735044452375597, 51.439730224863602 ], [ 37.735180093491998, 51.439618069934703 ], [ 37.735310010543301, 51.439503312053198 ], [ 37.7354340768672, 51.439386065430803 ], [ 37.735552169394502, 51.439266444840001 ], [ 37.735664171344098, 51.439144569533703 ], [ 37.735769498811102, 51.439022112661299 ], [ 37.735868680004998, 51.4388976771085 ], [ 37.735961617907698, 51.438771382131598 ], [ 37.7360482244842, 51.438643350348102 ], [ 37.736128414394699, 51.438513704376298 ], [ 37.736202113078903, 51.438382569075998 ], [ 37.736269246874997, 51.438250070987898 ], [ 37.736329752901, 51.438116337774098 ], [ 37.736383571867997, 51.437981498218001 ], [ 37.736430652571997, 51.437845682224399 ], [ 37.736470950097399, 51.437709020259597 ], [ 37.736504424019799, 51.437571644471397 ], [ 37.736531043796603, 51.437433686448799 ], [ 37.736550782478403, 51.437295280022802 ], [ 37.7365636220987, 51.437156557905801 ], [ 37.736569549183002, 51.437017653371697 ], [ 37.736568529595097, 51.4368777969947 ], [ 37.736560503147999, 51.436738028107897 ], [ 37.736545477926597, 51.436598483350203 ], [ 37.736523468303801, 51.436459298802198 ], [ 37.736494495839302, 51.436320610546097 ], [ 37.736458588380799, 51.436182553545599 ], [ 37.736415780962503, 51.4360452622062 ], [ 37.736366115805403, 51.435908871495002 ], [ 37.736309641418401, 51.4357735135805 ], [ 37.736246413497199, 51.435639321192703 ], [ 37.736176491330397, 51.435506424823302 ], [ 37.736099945885002, 51.435374954405098 ], [ 37.736016850822899, 51.435245037632498 ], [ 37.735927286992499, 51.435116802761002 ], [ 37.735831341530201, 51.434990373567402 ], [ 37.735729108759301, 51.434865873829601 ], [ 37.7356206883927, 51.434743425086602 ], [ 37.735506185533403, 51.434623147198401 ], [ 37.735385712470602, 51.4345051572258 ], [ 37.735259386883797, 51.4343895699905 ], [ 37.735127331842101, 51.434276498634802 ], [ 37.734989675804599, 51.434166053501698 ], [ 37.734846553518601, 51.434058342694698 ], [ 37.734698105121197, 51.433953470397803 ], [ 37.734544474342997, 51.433851540235203 ], [ 37.734385812100903, 51.433752650791398 ], [ 37.7342222729051, 51.433656898970902 ], [ 37.734054015757401, 51.433564377758401 ], [ 37.733881205947903, 51.433475177898401 ], [ 37.733704010563201, 51.433389386215197 ], [ 37.733522603876402, 51.433307086732803 ], [ 37.733337162855697, 51.433228359555002 ], [ 37.733147868062403, 51.433153281984801 ], [ 37.732954903651098, 51.433081926284899 ], [ 37.732758458268201, 51.433014363037202 ], [ 37.732558724152902, 51.432950657782797 ], [ 37.732355896239902, 51.432890872702004 ], [ 37.732150171260102, 51.432835066614302 ], [ 37.731941751334297, 51.432783293297803 ], [ 37.731730839482097, 51.432735603169903 ], [ 37.731517640519101, 51.432692043846799 ], [ 37.731302363752803, 51.432652656783198 ], [ 37.731085219389101, 51.4326174811928 ], [ 37.730866417633599, 51.432586550687901 ], [ 37.7306461731838, 51.432559896079198 ], [ 37.730424700737103, 51.432537543136299 ], [ 37.730202216787298, 51.432519513707099 ], [ 37.729978937828498, 51.432505825157897 ], [ 37.7297550821512, 51.432496490933801 ], [ 37.729530868944501, 51.432491520558102 ], [ 37.729306514702301, 51.432490918512499 ], [ 37.7290822404102, 51.432494685357398 ], [ 37.728858264358699, 51.432502817171198 ], [ 37.728634804838499, 51.432515306671199 ], [ 37.728412080140203, 51.432532141532803 ], [ 37.728190307656099, 51.432553304949998 ], [ 37.727969702981902, 51.4325787767553 ], [ 37.727750482611597, 51.432608531179604 ], [ 37.727532859445802, 51.432642540212498 ], [ 37.727317047283599, 51.432680770242101 ], [ 37.7271032545342, 51.432723183735099 ], [ 37.726891691403303, 51.432769739797102 ], [ 37.726682564503498, 51.432820392492197 ], [ 37.7264822339069, 51.4328733922491 ], [ 37.726284570408403, 51.432930152033101 ], [ 37.726089756366001, 51.432990618626597 ], [ 37.725897970544402, 51.433054737131499 ], [ 37.725709388115199, 51.433122448728703 ], [ 37.7257005450995, 51.433125741732198 ], [ 37.725523534767703, 51.433193949413997 ], [ 37.7253497682524, 51.433265325100201 ], [ 37.725179391080701, 51.433339808852303 ], [ 37.725012546983002, 51.4334173390518 ], [ 37.724849375198097, 51.433497849599703 ], [ 37.724690014066702, 51.433581272716602 ], [ 37.724534595641103, 51.433667539503197 ], [ 37.724383251973599, 51.433756576579903 ], [ 37.724223455159297, 51.433856450540198 ], [ 37.724068785030298, 51.433959413376797 ], [ 37.7239193934019, 51.434065361464398 ], [ 37.723775430292797, 51.4341741911783 ], [ 37.723637036738502, 51.434285793853803 ], [ 37.723504351977702, 51.434400058026903 ], [ 37.723377507164699, 51.434516871114099 ], [ 37.7232566271651, 51.434636117172502 ], [ 37.7231418323532, 51.434757677459999 ], [ 37.723033237713501, 51.434881431555297 ], [ 37.722930950145397, 51.435007256237903 ], [ 37.7228350711584, 51.435135026608698 ], [ 37.722745695974197, 51.435264616089299 ], [ 37.722662914424099, 51.435395896422698 ], [ 37.722586806458303, 51.435528736553202 ], [ 37.722517449331903, 51.4356630048662 ], [ 37.722454911316703, 51.435798568628897 ], [ 37.722399255295002, 51.435935292309601 ], [ 37.722350535165603, 51.436073040938197 ], [ 37.722308799437499, 51.436211677306297 ], [ 37.722274090331503, 51.436351064207003 ], [ 37.7222464419837, 51.436491062755202 ], [ 37.722225882241801, 51.436631534627097 ], [ 37.722212430868701, 51.436772340380998 ], [ 37.722206101339196, 51.4369133394569 ], [ 37.722206899941497, 51.437054392416101 ], [ 37.7222148257773, 51.437195359822198 ], [ 37.722229871659898, 51.437336100560003 ], [ 37.722252022318202, 51.437476475756398 ], [ 37.722281255294199, 51.437616345979897 ], [ 37.722317541841797, 51.437755572360501 ], [ 37.722360846028401, 51.4378940165901 ], [ 37.722411124734798, 51.438031541481998 ], [ 37.722468328553802, 51.438168009851204 ], [ 37.722532399993099, 51.438303287314099 ], [ 37.722603276170702, 51.4384372394886 ], [ 37.722680886119697, 51.438569732554001 ], [ 37.722765152584898, 51.438700635490903 ], [ 37.722855992921403, 51.438829818401302 ], [ 37.722953316399298, 51.438957153068102 ], [ 37.723057026000497, 51.439082513515402 ], [ 37.723167019317202, 51.4392057748884 ], [ 37.723283187653102, 51.439326814573199 ], [ 37.723283187653102, 51.439326814573199 ] ] ] } },
{ "type": "Feature", "properties": { "dataset_code": "KAA", "source_file": "КАА.kml", "placemark_index": 42, "organization_code": "KAA", "organization_name_raw": "КАА", "farm_name_raw": "Орошение Солнцево", "region_name_raw": "Курская область", "district_name_raw": "Солнцевский район", "field_external_key": "KAA:КУР-СОЛ-0020-02", "field_code_raw": "КУР-СОЛ-0020-02", "field_name_raw": "КУР-СОЛ-0020-02", "field_code_unique_status": "unique", "source_fid": "68", "declared_area_ha": 131.7, "geometry_area_ha": 131.70264, "area_diff_ha": 0.00264, "area_diff_pct": 0.002004, "area_quality_status": "ok", "geometry_type": "Polygon", "polygon_count": 1, "inner_ring_count": 0, "geometry_valid": true, "geometry_validity_reason": "Valid Geometry", "centroid_lon": 36.709819201999998, "centroid_lat": 51.525986832000001, "representative_lon": 36.709819721000002, "representative_lat": 51.526008074000003, "centroid_within_geometry": true, "weather_point_lon_candidate": 36.709819201999998, "weather_point_lat_candidate": 51.525986832000001, "active_2026_candidate": true, "active_reason": "kaa_crop_plan_present", "season_year_candidate": null, "crop_raw": "Кукуруза зерновая", "crop_code_candidate": "maize_grain", "crop_parameter_set_candidate_key": "aquacrop_v7_3_regional_maize_grain_kursk_oblast", "regional_crop_parameter_set_candidate_key": "aquacrop_v7_3_regional_maize_grain_kursk_oblast", "crop_parameter_candidate_status": "resolved_from_kml_region_kursk_oblast", "crop_parameter_candidate_comment_ru": "Кандидат выбран по культуре и признаку региона 'Курская область' из KAA.kml.", "sowing_date_raw": "", "calculation_ready": false, "calculation_blockers_json": [ "missing_sowing_date", "missing_soil_profile" ], "geometry_hash_sha256": "6fbac1b77911810086addebd3c8f00199881ff17fc5b142396441ae7c89d594f", "source_attributes_json": { "ESRI_OID": "1844", "fid": "68", "is_experimental_production": "Нет", "source_fid": "68", "В аренде": "Нет", "Дата изменения": "10.11.2025 9:56:55", "Изменил": "GEODATA", "Интенсивность": "MAX", "История": "2013: Кукуруза зерновая, 2014: Ячмень яровой, 2015: Пшеница озимая, 2016: Соя, 2017: Пшеница озимая, 2018: Пар, Сахарная свекла, 2019: Пшеница озимая, Пшеница яровая, 2020: Сахарная свекла, Соя, 2021: Пшеница яровая, Соя, 2022: Горох, Пар, Соя, 2023: Кукуруза зерновая, 2024: Подсолнечник, 2025: Кукуруза зерновая, 2026: Кукуруза зерновая", "Культура": "Кукуруза зерновая", "Мех.состав (пески; карбонаты)": "Да", "Название": "КУР-СОЛ-0020-02", "Направление склона": "ЮЗ", "Область": "Курская область", "Опытное": "Нет", "План. хозяйство": "Орошение Солнцево", "Площадь (га)": "131.7", "Под оптимизацию": "Нет", "Пред. предшественник": "Подсолнечник", "Предшественник": "Кукуруза зерновая", "Район": "Солнцевский район", "Рельеф": "Пригодно", "Территория": "Орошение", "Технология": "Кукуруза зерновая АТ орошение MAS MAX_Кораген", "Технология компании": "АТ семенная", "Тип посевов": "Семенные", "Уклон (град.)": "1.7", "Хозяйство": "Орошение Солнцево" } }, "geometry": { "type": "Polygon", "coordinates": [ [ [ 36.708836489278298, 51.531774154331302 ], [ 36.708875053055102, 51.531776270599401 ], [ 36.709162730439999, 51.531792057945601 ], [ 36.709489778288898, 51.5318028091638 ], [ 36.709817228582999, 51.531806395137899 ], [ 36.7101446806737, 51.5318028091638 ], [ 36.710471729420902, 51.531792057945601 ], [ 36.7107979696843, 51.531774154331302 ], [ 36.711123001713702, 51.531749118988898 ], [ 36.711446424860398, 51.531716984318599 ], [ 36.711767840272401, 51.531677788305402 ], [ 36.712086850894401, 51.531631581225497 ], [ 36.712403065060897, 51.5315784189401 ], [ 36.712716092004896, 51.531518366807802 ], [ 36.713025547247199, 51.531451499125502 ], [ 36.713331047207298, 51.531377899128699 ], [ 36.713632217287802, 51.531297656197502 ], [ 36.713928684687801, 51.531210869210099 ], [ 36.714220085589503, 51.531117645983699 ], [ 36.714506060666899, 51.5310181010395 ], [ 36.7147862568821, 51.530912357280002 ], [ 36.7150603301804, 51.530800544312001 ], [ 36.715327940998499, 51.530682801241198 ], [ 36.715588760552997, 51.530559272202403 ], [ 36.715842468145503, 51.530430109153102 ], [ 36.716088750263701, 51.530295471874297 ], [ 36.716277525830797, 51.530184728136199 ], [ 36.716327303277303, 51.530155526294401 ], [ 36.716557834335397, 51.530010443929903 ], [ 36.716559471065899, 51.530009339091201 ], [ 36.716780057773803, 51.529860405239901 ], [ 36.716993701402899, 51.529705594036798 ], [ 36.717198502016302, 51.5295462008404 ], [ 36.7173942062891, 51.529382423995699 ], [ 36.717580572574597, 51.5292144618493 ], [ 36.7177573753956, 51.529042525044197 ], [ 36.717924391071499, 51.528866823108103 ], [ 36.718081418379803, 51.528687572835999 ], [ 36.718228262386098, 51.528504996054998 ], [ 36.718364741630502, 51.528319316831002 ], [ 36.718490689026602, 51.528130764262102 ], [ 36.718605950064102, 51.527939570803497 ], [ 36.7187103810125, 51.527745972266501 ], [ 36.718810207196803, 51.527550804699402 ], [ 36.718893267224601, 51.527354448119702 ], [ 36.718964226047198, 51.527155951855001 ], [ 36.719026419109198, 51.5269496711527 ], [ 36.719072891653802, 51.526752602195103 ], [ 36.719110717015496, 51.5265453712314 ], [ 36.7191368472105, 51.526343148107003 ], [ 36.719146839171401, 51.526234838232703 ], [ 36.719149966206899, 51.526080708847999 ], [ 36.719150522264101, 51.525932240001197 ], [ 36.719147644960202, 51.525760861436098 ], [ 36.719139487359101, 51.525649343210802 ], [ 36.719122107653298, 51.5254933870306 ], [ 36.719093865519099, 51.5253257978571 ], [ 36.719055901816901, 51.525123755431899 ], [ 36.7189972894395, 51.524922738825303 ], [ 36.718934175604304, 51.524720207241202 ], [ 36.7188548435849, 51.5245216430421 ], [ 36.718768652030001, 51.524322945514101 ], [ 36.718668600368602, 51.524126833234298 ], [ 36.718559190058599, 51.523934822028799 ], [ 36.718435919641998, 51.523745396150503 ], [ 36.7183036948188, 51.523562171878197 ], [ 36.718161958633203, 51.523378035816798 ], [ 36.7180031652371, 51.523195556237603 ], [ 36.717841075922202, 51.523018075014598 ], [ 36.717669103342502, 51.522844251323498 ], [ 36.717487457703797, 51.522674299837597 ], [ 36.717296366280003, 51.522508429084297 ], [ 36.717184548485001, 51.5224182264324 ], [ 36.717096061734502, 51.522346844239202 ], [ 36.716949763005701, 51.522237016275803 ], [ 36.716886792900901, 51.522189743213403 ], [ 36.716668815798897, 51.522037320006902 ], [ 36.716442399923103, 51.521889763031403 ], [ 36.716207823751297, 51.521747252874299 ], [ 36.715965377439304, 51.521609966210796 ], [ 36.715715358329298, 51.521478071332503 ], [ 36.7154580736455, 51.521351730941298 ], [ 36.715193843187798, 51.521231101031702 ], [ 36.714922991248201, 51.5211163292131 ], [ 36.714645850203198, 51.521007556945797 ], [ 36.714362762311097, 51.520904920099703 ], [ 36.714074076118202, 51.520808542246201 ], [ 36.713780147357198, 51.520718544160502 ], [ 36.713481337151002, 51.5206350348776 ], [ 36.713178014707097, 51.520558120077197 ], [ 36.712870553724699, 51.520487892021698 ], [ 36.712559333292802, 51.520424436822303 ], [ 36.712244735195497, 51.520367834998197 ], [ 36.712153075595502, 51.520353496998602 ], [ 36.712012562915397, 51.520331516827 ], [ 36.711927146606499, 51.520318155327899 ], [ 36.711606960988199, 51.520275458202001 ], [ 36.711284570005802, 51.520239796183098 ], [ 36.710960373409598, 51.520211214005002 ], [ 36.710634767356801, 51.520189746337103 ], [ 36.710308155190802, 51.520175420019697 ], [ 36.709980939357003, 51.520168251828601 ], [ 36.709653519605602, 51.520168251828601 ], [ 36.709326303771803, 51.520175420019697 ], [ 36.7089996907075, 51.520189746337103 ], [ 36.708674085553, 51.520211214005002 ], [ 36.708349888956903, 51.520239796183098 ], [ 36.708027497974399, 51.520275458202001 ], [ 36.707707312356099, 51.520318155327899 ], [ 36.707389723767101, 51.520367834998197 ], [ 36.707075125669803, 51.520424436822303 ], [ 36.706763904339603, 51.520487892021698 ], [ 36.706456443357197, 51.520558120077197 ], [ 36.706153120913299, 51.5206350348776 ], [ 36.7058543116054, 51.520718544160502 ], [ 36.705560382844403, 51.520808542246201 ], [ 36.705271696651501, 51.520904920099703 ], [ 36.7049886087594, 51.521007556945797 ], [ 36.704711467714397, 51.5211163292131 ], [ 36.704440614876503, 51.521231101031702 ], [ 36.7042290894749, 51.521327669711702 ], [ 36.704176384418801, 51.521351730941298 ], [ 36.7039191006332, 51.521478071332503 ], [ 36.703669082421698, 51.521609966210796 ], [ 36.703426635211301, 51.521747252874299 ], [ 36.703271958794097, 51.521841221918201 ], [ 36.703192059039502, 51.521889763031403 ], [ 36.702965643163701, 51.522037320006902 ], [ 36.702747666061697, 51.522189743213403 ], [ 36.702538397228103, 51.522346844239202 ], [ 36.702338091784299, 51.522508429084297 ], [ 36.702147000360398, 51.522674299837597 ], [ 36.701965355620104, 51.522844251323498 ], [ 36.701793383040403, 51.523018075014598 ], [ 36.701631293725498, 51.523195556237603 ], [ 36.701479287999703, 51.5233764758501 ], [ 36.701337551814099, 51.523560611917802 ], [ 36.701252481356697, 51.523681862210402 ], [ 36.701206261238802, 51.523747738037898 ], [ 36.701120039141102, 51.523883401856203 ], [ 36.701085577970197, 51.523937623339201 ], [ 36.7009756511289, 51.524130031923697 ], [ 36.700876614563803, 51.524324730132598 ], [ 36.700788592242297, 51.524521474809099 ], [ 36.700711691962397, 51.524720026154 ], [ 36.700646008945498, 51.524920139341397 ], [ 36.700591624039902, 51.525121566196702 ], [ 36.700548603720897, 51.525324059108002 ], [ 36.700517001887498, 51.5255273699089 ], [ 36.700496858065598, 51.525731247084103 ], [ 36.700488197407999, 51.525935439122698 ], [ 36.700491028897702, 51.526139696195102 ], [ 36.700499377840003, 51.526258659899298 ], [ 36.700505350738297, 51.526343764004999 ], [ 36.700531144963399, 51.5265473932904 ], [ 36.700568380131898, 51.5267503319997 ], [ 36.700583261622903, 51.526812147557102 ], [ 36.700617010429802, 51.52695233088 ], [ 36.70067697567, 51.527153141241598 ], [ 36.7007482030888, 51.527352514958203 ], [ 36.700830603753197, 51.527550206142898 ], [ 36.7008744846582, 51.527642107669301 ], [ 36.700924077950098, 51.527745972266501 ], [ 36.701028508898503, 51.527939570803497 ], [ 36.701089628473802, 51.528040956691299 ], [ 36.701143769037699, 51.528130764262102 ], [ 36.701269717332103, 51.528319316831002 ], [ 36.701406196576599, 51.528504996054998 ], [ 36.701553039684498, 51.528687572835999 ], [ 36.701710066992803, 51.528866823108103 ], [ 36.701877083567098, 51.529042525044197 ], [ 36.7020538845914, 51.5292144618493 ], [ 36.702240252673498, 51.529382423995699 ], [ 36.702435956946402, 51.5295462008404 ], [ 36.702640756661502, 51.529705594036798 ], [ 36.702854401188802, 51.529860405239901 ], [ 36.703076624627201, 51.530010443929903 ], [ 36.703307155685302, 51.530155526294401 ], [ 36.7034674304033, 51.530249550077798 ], [ 36.703545708698897, 51.530295471874297 ], [ 36.703791990817201, 51.530430109153102 ], [ 36.703836177149398, 51.530452604172403 ], [ 36.704045698409601, 51.530559272202403 ], [ 36.704306517964099, 51.530682801241198 ], [ 36.704574128782198, 51.530800544312001 ], [ 36.704848202080498, 51.530912357280002 ], [ 36.705128398295699, 51.5310181010395 ], [ 36.705414373373102, 51.531117645983699 ], [ 36.705705774274897, 51.531210869210099 ], [ 36.706002241674803, 51.531297656197502 ], [ 36.7063034117553, 51.531377899128699 ], [ 36.706608911715399, 51.531451499125502 ], [ 36.706728668820901, 51.531477376785503 ], [ 36.706918366059497, 51.531518366807802 ], [ 36.707143261087502, 51.5315615116305 ], [ 36.707231393003397, 51.5315784189401 ], [ 36.7075476071699, 51.531631581225497 ], [ 36.7078666177919, 51.531677788305402 ], [ 36.7081880341022, 51.531716984318599 ], [ 36.708279502361101, 51.531726072491203 ], [ 36.708511457248903, 51.531749118988898 ], [ 36.708836489278298, 51.531774154331302 ], [ 36.708836489278298, 51.531774154331302 ] ] ] } },
{ "type": "Feature", "properties": { "dataset_code": "KAA", "source_file": "КАА.kml", "placemark_index": 43, "organization_code": "KAA", "organization_name_raw": "КАА", "farm_name_raw": "Орошение Солнцево", "region_name_raw": "Курская область", "district_name_raw": "Солнцевский район", "field_external_key": "KAA:КУР-СОЛ-0014-03", "field_code_raw": "КУР-СОЛ-0014-03", "field_name_raw": "КУР-СОЛ-0014-03", "field_code_unique_status": "unique", "source_fid": "69", "declared_area_ha": 44.3, "geometry_area_ha": 44.29893, "area_diff_ha": -0.00107, "area_diff_pct": -0.002415, "area_quality_status": "ok", "geometry_type": "Polygon", "polygon_count": 1, "inner_ring_count": 0, "geometry_valid": true, "geometry_validity_reason": "Valid Geometry", "centroid_lon": 36.745596536000001, "centroid_lat": 51.556185767000002, "representative_lon": 36.745596041, "representative_lat": 51.556147637000002, "centroid_within_geometry": true, "weather_point_lon_candidate": 36.745596536000001, "weather_point_lat_candidate": 51.556185767000002, "active_2026_candidate": true, "active_reason": "kaa_crop_plan_present", "season_year_candidate": null, "crop_raw": "Кукуруза зерновая", "crop_code_candidate": "maize_grain", "crop_parameter_set_candidate_key": "aquacrop_v7_3_regional_maize_grain_kursk_oblast", "regional_crop_parameter_set_candidate_key": "aquacrop_v7_3_regional_maize_grain_kursk_oblast", "crop_parameter_candidate_status": "resolved_from_kml_region_kursk_oblast", "crop_parameter_candidate_comment_ru": "Кандидат выбран по культуре и признаку региона 'Курская область' из KAA.kml.", "sowing_date_raw": "", "calculation_ready": false, "calculation_blockers_json": [ "missing_sowing_date", "missing_soil_profile" ], "geometry_hash_sha256": "978c66413ceba52201bf360444b915566602b5168446454686b3833d1d04553b", "source_attributes_json": { "ESRI_OID": "1975", "fid": "69", "is_experimental_production": "Нет", "source_fid": "69", "В аренде": "Нет", "Дата изменения": "10.11.2025 9:56:36", "Изменил": "GEODATA", "Интенсивность": "MAX", "История": "2013: Пшеница озимая, 2014: Соя, 2015: Пшеница озимая, 2016: Кукуруза зерновая, 2017: Пшеница яровая, 2018: Соя, 2019: Пшеница озимая, 2020: Сахарная свекла, 2021: Пшеница яровая, 2022: Пар, Соя, 2023: Кукуруза зерновая, 2024: Подсолнечник, 2025: Кукуруза зерновая, 2026: Кукуруза зерновая", "Культура": "Кукуруза зерновая", "Мех.состав (пески; карбонаты)": "Да", "Название": "КУР-СОЛ-0014-03", "Область": "Курская область", "Опытное": "Нет", "План. хозяйство": "Орошение Солнцево", "Площадь (га)": "44.3", "Под оптимизацию": "Нет", "Пред. предшественник": "Подсолнечник", "Предшественник": "Кукуруза зерновая", "Район": "Солнцевский район", "Рельеф": "Пригодно", "Территория": "Орошение", "Технология": "Кукуруза зерновая АТ орошение MAS MAX_Кораген", "Технология компании": "АТ семенная", "Тип посевов": "Семенные", "Уклон (град.)": "1.3", "Хозяйство": "Орошение Солнцево" } }, "geometry": { "type": "Polygon", "coordinates": [ [ [ 36.741674537439899, 51.558513934281301 ], [ 36.741769349228299, 51.558575109115402 ], [ 36.741788241697002, 51.558587298834198 ], [ 36.7419688246287, 51.558693599343897 ], [ 36.742157037850397, 51.558794625200299 ], [ 36.742352484306799, 51.5588901670043 ], [ 36.742366781892798, 51.558896518727998 ], [ 36.742581619382896, 51.558986592697899 ], [ 36.742745618516103, 51.559050428099098 ], [ 36.742855000080098, 51.5590892123898 ], [ 36.7429738283275, 51.559133741261 ], [ 36.743235625249099, 51.559216935870801 ], [ 36.743288476730498, 51.559233731262701 ], [ 36.743333380816701, 51.559246763562101 ], [ 36.743386165822699, 51.559263009391799 ], [ 36.743477434655603, 51.559286651813601 ], [ 36.743615214660601, 51.559321380176101 ], [ 36.743648766736499, 51.559330263457198 ], [ 36.743657400444697, 51.559332549340802 ], [ 36.743845277696501, 51.559372902177003 ], [ 36.744014202292398, 51.559409184179401 ], [ 36.7441374924719, 51.559429794510699 ], [ 36.744256519247003, 51.5594496922063 ], [ 36.744387263646701, 51.559471155324999 ], [ 36.7445634978341, 51.559500087041201 ], [ 36.744607984203597, 51.5595058930408 ], [ 36.744853173970498, 51.559530640017002 ], [ 36.745099926805999, 51.559548353998302 ], [ 36.745269262830298, 51.559555627127502 ], [ 36.745339224523001, 51.559558631767899 ], [ 36.745347722585599, 51.559558997015998 ], [ 36.745596042082902, 51.559562547852799 ], [ 36.745844360682, 51.559558997015998 ], [ 36.746092157359797, 51.559548353998302 ], [ 36.746338910195298, 51.559530640017002 ], [ 36.746415618235801, 51.559522897757297 ], [ 36.746584099962199, 51.5595058930408 ], [ 36.746706471165197, 51.559489922072103 ], [ 36.746827211925897, 51.559474163880303 ], [ 36.747067734046603, 51.559435521214503 ], [ 36.747305159674497, 51.559390044889199 ], [ 36.747538992041299, 51.559337830943399 ], [ 36.747768736175203, 51.559278988817503 ], [ 36.747993910579197, 51.5592136430284 ], [ 36.748214040942997, 51.559141929819098 ], [ 36.748428664633998, 51.5590640021857 ], [ 36.748637330698102, 51.558980022058599 ], [ 36.748839599859103, 51.5588901670043 ], [ 36.749035046315498, 51.558794625200299 ], [ 36.749159417168201, 51.558727866843597 ], [ 36.749223257740503, 51.558693599343897 ], [ 36.749299994527, 51.558648428331701 ], [ 36.749403841570498, 51.558587298834198 ], [ 36.749576416021398, 51.558475950942601 ], [ 36.749740618173902, 51.558359786849898 ], [ 36.749896103074803, 51.558239052817797 ], [ 36.750042542839203, 51.558114001810601 ], [ 36.750179631141499, 51.557984897964602 ], [ 36.750307078724099, 51.5578520110029 ], [ 36.750424617889102, 51.557715621820698 ], [ 36.750532001599801, 51.557576016901002 ], [ 36.750629004379199, 51.557433489990203 ], [ 36.750667767582001, 51.557368381150198 ], [ 36.750697854855801, 51.557317846000998 ], [ 36.750715421411201, 51.557288340981202 ], [ 36.750791072134497, 51.557140874238598 ], [ 36.750855795750702, 51.556991400832601 ], [ 36.750909458410902, 51.556840235188297 ], [ 36.750951946028898, 51.556687693968797 ], [ 36.750983168773203, 51.5565340999852 ], [ 36.751003062863496, 51.556379773818797 ], [ 36.751011586078903, 51.5562250433156 ], [ 36.751008719554797, 51.556070230182698 ], [ 36.7510048999182, 51.556028785289101 ], [ 36.750998743763603, 51.555961996621697 ], [ 36.7509944722744, 51.555915662275197 ], [ 36.750968870288801, 51.555761664101503 ], [ 36.7509319701919, 51.555608559057397 ], [ 36.750883848340401, 51.555456669984203 ], [ 36.750824607142398, 51.555306315818001 ], [ 36.750754369667, 51.5551578138233 ], [ 36.750673285932798, 51.5550114740075 ], [ 36.750647875288401, 51.554971633950601 ], [ 36.7505815257215, 51.554867605822899 ], [ 36.750479282170801, 51.5547265109062 ], [ 36.750366769079797, 51.554588486987399 ], [ 36.750244223603602, 51.554453823979699 ], [ 36.7501119062538, 51.554322803979503 ], [ 36.7499700910166, 51.554195704058799 ], [ 36.7498190788274, 51.554072790120401 ], [ 36.749787619826201, 51.554049480677399 ], [ 36.74965918769, 51.553954320808103 ], [ 36.7494907517776, 51.553840546946901 ], [ 36.749314127721398, 51.5537317059581 ], [ 36.749129684728899, 51.553628026885001 ], [ 36.748937811770801, 51.5535297281589 ], [ 36.7487389130888, 51.553437015922597 ], [ 36.748533404602902, 51.553350086264899 ], [ 36.748321721097803, 51.553269121309597 ], [ 36.748104307239501, 51.553194290332598 ], [ 36.747881617575501, 51.5531257519959 ], [ 36.747715044769002, 51.553080280532598 ], [ 36.747654123721397, 51.553063649878801 ], [ 36.747422301784198, 51.553008115269897 ], [ 36.747186640447502, 51.552959263816199 ], [ 36.746947634683004, 51.5529171988738 ], [ 36.746705786648903, 51.552882009273198 ], [ 36.746461605690101, 51.552853767085601 ], [ 36.746215604744499, 51.552832534324601 ], [ 36.74596830214, 51.552818354009602 ], [ 36.745720215306299, 51.552811256868402 ], [ 36.7454718679612, 51.552811256868402 ], [ 36.745223782025803, 51.552818354009602 ], [ 36.744976477624697, 51.552832534324601 ], [ 36.744834338994004, 51.552844802664602 ], [ 36.744730477577399, 51.552853767085601 ], [ 36.744690847500401, 51.552858350675102 ], [ 36.744486296618597, 51.552882009273198 ], [ 36.744244448584503, 51.5529171988738 ], [ 36.744005442819997, 51.552959263816199 ], [ 36.743769782381698, 51.553008115269897 ], [ 36.743537960444499, 51.553063649878801 ], [ 36.743310465692097, 51.5531257519959 ], [ 36.743087776926401, 51.553194290332598 ], [ 36.742870362169697, 51.553269121309597 ], [ 36.7426586777663, 51.553350086264899 ], [ 36.742453171077102, 51.553437015922597 ], [ 36.742254270598401, 51.5535297281589 ], [ 36.742080116010897, 51.553618950346802 ], [ 36.742062399436897, 51.553628026885001 ], [ 36.741877956444497, 51.5537317059581 ], [ 36.741701518339497, 51.5538404313263 ], [ 36.741701330591603, 51.553840546946901 ], [ 36.7415328955775, 51.553954320808103 ], [ 36.741373004440099, 51.554072790120401 ], [ 36.741221992250999, 51.554195704058799 ], [ 36.741080177912004, 51.554322803979503 ], [ 36.741005203620098, 51.554397041599103 ], [ 36.740947858765601, 51.554453823979699 ], [ 36.740825315086099, 51.554588486987399 ], [ 36.740730917421097, 51.554704287605702 ], [ 36.740712801995102, 51.5547265109062 ], [ 36.740610558444402, 51.554867605822899 ], [ 36.740518797334801, 51.5550114740075 ], [ 36.740437713600599, 51.5551578138233 ], [ 36.740367477023398, 51.555306315818001 ], [ 36.740308235825403, 51.555456669984203 ], [ 36.740297896216497, 51.555489305095897 ], [ 36.740260113974003, 51.555608559057397 ], [ 36.740254371044301, 51.555632387694203 ], [ 36.740223213877002, 51.555761664101503 ], [ 36.740197611891404, 51.555915662275197 ], [ 36.740183362814399, 51.556070230182698 ], [ 36.740180497188597, 51.5562250433156 ], [ 36.740189020404102, 51.556379773818797 ], [ 36.740208913596, 51.556534099985299 ], [ 36.740209308854702, 51.556536045870502 ], [ 36.740240138136997, 51.556687693968797 ], [ 36.740265036741697, 51.556777084219902 ], [ 36.740282625755, 51.556840235188297 ], [ 36.740336288415101, 51.556991400832601 ], [ 36.740401012031299, 51.557140874238598 ], [ 36.740476661856299, 51.557288340981202 ], [ 36.7405630788884, 51.557433489990203 ], [ 36.740660081667698, 51.557576016901002 ], [ 36.740767465378397, 51.557715621820698 ], [ 36.740885003645197, 51.5578520110029 ], [ 36.740909623772097, 51.5578776815276 ], [ 36.7409852637157, 51.557956549478703 ], [ 36.7410124521261, 51.557984897964602 ], [ 36.741149540428303, 51.558114001810601 ], [ 36.741295981091, 51.558239052817797 ], [ 36.741451465992, 51.558359786849898 ], [ 36.741615668144398, 51.558475950942601 ], [ 36.741674537439899, 51.558513934281301 ], [ 36.741674537439899, 51.558513934281301 ] ] ] } },
{ "type": "Feature", "properties": { "dataset_code": "KAA", "source_file": "КАА.kml", "placemark_index": 44, "organization_code": "KAA", "organization_name_raw": "КАА", "farm_name_raw": "Орошение Горшечное", "region_name_raw": "Курская область", "district_name_raw": "Горшеченский район", "field_external_key": "KAA:КУР-ГОР-0056-02", "field_code_raw": "КУР-ГОР-0056-02", "field_name_raw": "КУР-ГОР-0056-02", "field_code_unique_status": "unique", "source_fid": "71", "declared_area_ha": 42.9, "geometry_area_ha": 42.897046, "area_diff_ha": -0.002954, "area_diff_pct": -0.006886, "area_quality_status": "ok", "geometry_type": "Polygon", "polygon_count": 1, "inner_ring_count": 0, "geometry_valid": true, "geometry_validity_reason": "Valid Geometry", "centroid_lon": 37.667871178, "centroid_lat": 51.462397498000001, "representative_lon": 37.667872914999997, "representative_lat": 51.462411113999998, "centroid_within_geometry": true, "weather_point_lon_candidate": 37.667871178, "weather_point_lat_candidate": 51.462397498000001, "active_2026_candidate": true, "active_reason": "kaa_crop_plan_present", "season_year_candidate": null, "crop_raw": "Пшеница яровая", "crop_code_candidate": "spring_wheat", "crop_parameter_set_candidate_key": "aquacrop_v7_3_regional_spring_wheat_kursk_oblast", "regional_crop_parameter_set_candidate_key": "aquacrop_v7_3_regional_spring_wheat_kursk_oblast", "crop_parameter_candidate_status": "resolved_from_kml_region_kursk_oblast", "crop_parameter_candidate_comment_ru": "Кандидат выбран по культуре и признаку региона 'Курская область' из KAA.kml.", "sowing_date_raw": "", "calculation_ready": false, "calculation_blockers_json": [ "missing_sowing_date", "missing_soil_profile" ], "geometry_hash_sha256": "bbd5f32d8b37bc02008087edcc44f58742477e0b1a960ca39a130b6030011804", "source_attributes_json": { "ESRI_OID": "1832", "fid": "71", "is_experimental_production": "Нет", "source_fid": "71", "В аренде": "Нет", "Вид семян": "Собственные", "Дата изменения": "10.11.2025 9:56:00", "Изменил": "GEODATA", "Интенсивность": "MAX", "История": "2013: Соя, 2014: Кукуруза зерновая, 2015: Соя, 2016: Пшеница озимая, 2017: Сахарная свекла, 2018: Пшеница озимая, 2019: Соя, 2020: Соя, 2021: Залежь, Пшеница яровая, 2022: Кукуруза зерновая, Соя, 2023: Кукуруза зерновая, 2024: Кукуруза зерновая, 2025: Подсолнечник, 2026: Пшеница яровая", "Итого семян (т; п.ед.)": "10.3", "Культура": "Пшеница яровая", "Мех.состав (пески; карбонаты)": "Да", "Название": "КУР-ГОР-0056-02", "Направление склона": "С, В", "Норма высева (кг/га; п.ед./га)": "240", "Область": "Курская область", "Опытное": "Нет", "План. хозяйство": "Орошение Горшечное", "Площадь (га)": "42.9", "Под оптимизацию": "Нет", "Пред. предшественник": "Кукуруза зерновая", "Предшественник": "Подсолнечник", "Район": "Горшеченский район", "Рельеф": "Пригодно", "Семена": "Семена яровой пшеницы КВС АКВИЛОН РС1 (соб.)", "Сред. норма высева (кг/га; п.ед./га)": "0", "Территория": "Орошение", "Технология": "Пшеница яровая АТ семенная орошение MAX", "Технология компании": "АТ семенная", "Тип посевов": "Семенные", "Уклон (град.)": "1.6", "Хозяйство": "Орошение Горшечное" } }, "geometry": { "type": "Polygon", "coordinates": [ [ [ 37.663915962265101, 51.460176842681697 ], [ 37.663794277374997, 51.460264216140999 ], [ 37.663677560168502, 51.460354181407098 ], [ 37.663565951680901, 51.460446629323499 ], [ 37.663459588456398, 51.460541447375498 ], [ 37.663358600750399, 51.460638519691202 ], [ 37.663263109835803, 51.460737727600502 ], [ 37.663173233391603, 51.460838951314798 ], [ 37.663098195319201, 51.460930455724998 ], [ 37.663027745841397, 51.461023364780097 ], [ 37.662961952331699, 51.461117590040203 ], [ 37.6629008776722, 51.4612130397079 ], [ 37.662844580253299, 51.461309623105997 ], [ 37.662789225167202, 51.461415065597599 ], [ 37.662739563603303, 51.461521603151901 ], [ 37.662695652155598, 51.4616291159887 ], [ 37.6626575402314, 51.461737483768999 ], [ 37.662625269153096, 51.461846585035701 ], [ 37.662598876650002, 51.461956298332701 ], [ 37.662578391468301, 51.462066499406603 ], [ 37.662563836964097, 51.462177066244102 ], [ 37.662555228408699, 51.462287874034601 ], [ 37.662552567598802, 51.462392819512701 ], [ 37.6625552409851, 51.462497765309102 ], [ 37.662563245872597, 51.462602605085998 ], [ 37.662576575074802, 51.4627072336257 ], [ 37.662595214218598, 51.4628115473907 ], [ 37.662619144439503, 51.462915440605499 ], [ 37.662646476580299, 51.463012735656697 ], [ 37.662685567668198, 51.463129216438901 ], [ 37.662731344018503, 51.4632447471717 ], [ 37.662783747240603, 51.463359179551603 ], [ 37.662842709960898, 51.4634723663955 ], [ 37.662908155822599, 51.4635841610814 ], [ 37.662980000384103, 51.463694420346698 ], [ 37.6630581520172, 51.463803001489701 ], [ 37.663142508313904, 51.463909764607898 ], [ 37.663232961476503, 51.464014572038899 ], [ 37.663329395622199, 51.464117288919297 ], [ 37.663431684987003, 51.464217783185099 ], [ 37.663531237185097, 51.464308503463798 ], [ 37.663635562132299, 51.464397117594899 ], [ 37.663744543946002, 51.464483528211503 ], [ 37.663858064946702, 51.4645676407455 ], [ 37.663986198842203, 51.464656435139702 ], [ 37.664118980620998, 51.464742539138499 ], [ 37.664256262959299, 51.4648258576171 ], [ 37.664397896736901, 51.464906299368998 ], [ 37.664543726545197, 51.464983777104599 ], [ 37.664693592483999, 51.4650582052139 ], [ 37.664845927891598, 51.465129583151999 ], [ 37.665002471906298, 51.4651973350623 ], [ 37.665163001745903, 51.465261364702897 ], [ 37.665327288340002, 51.465321581427702 ], [ 37.665495100821602, 51.465377899626901 ], [ 37.6656661993405, 51.465430239286803 ], [ 37.665840341351597, 51.465478525989298 ], [ 37.666017279818199, 51.4655226914713 ], [ 37.6661967632119, 51.4655626736253 ], [ 37.666378536411301, 51.465598414259901 ], [ 37.666562342498302, 51.465629864137298 ], [ 37.666747920062903, 51.465656977376099 ], [ 37.666935005000603, 51.465679716488502 ], [ 37.6671233323084, 51.4656980484625 ], [ 37.667312634288201, 51.465711947560301 ], [ 37.667502642343798, 51.465721394198702 ], [ 37.667693086980698, 51.465726374389497 ], [ 37.667883697805898, 51.465726881978298 ], [ 37.668074203528199, 51.465722915845902 ], [ 37.668264334653003, 51.465714481028002 ], [ 37.668453820787398, 51.4657015903936 ], [ 37.668642392437, 51.465684261847201 ], [ 37.668829782801801, 51.465662520007797 ], [ 37.669015725082502, 51.465636395649 ], [ 37.669199956072497, 51.465605926259101 ], [ 37.669382213463898, 51.465571154361498 ], [ 37.669529836309501, 51.465542487519201 ], [ 37.669676060478203, 51.465511160701901 ], [ 37.669850523187797, 51.465469840408304 ], [ 37.670022551462999, 51.465424733562998 ], [ 37.670191935098103, 51.465375894999497 ], [ 37.670358463887098, 51.465323385146696 ], [ 37.670521933912703, 51.465267268350701 ], [ 37.670682144850304, 51.4652076145534 ], [ 37.670838897274102, 51.465144495934602 ], [ 37.670991999842997, 51.465077990829997 ], [ 37.671141263910499, 51.465008180932799 ], [ 37.671286506220703, 51.464935152412998 ], [ 37.671427547110099, 51.464858994238902 ], [ 37.671564213204199, 51.464779801534597 ], [ 37.671696336517897, 51.4646976705437 ], [ 37.671823754456099, 51.464612703106503 ], [ 37.671946310712002, 51.464525002742199 ], [ 37.672063853470299, 51.464434678566903 ], [ 37.672176238102303, 51.464341841376203 ], [ 37.672283327165601, 51.4642466053239 ], [ 37.672384988607902, 51.464149086802998 ], [ 37.672481096665301, 51.464049407244303 ], [ 37.672562240586601, 51.463958538701199 ], [ 37.672638769862203, 51.463866129239598 ], [ 37.672710608135503, 51.463772268955204 ], [ 37.672777686236103, 51.463677051302298 ], [ 37.672839936790297, 51.463580569176102 ], [ 37.672904554405299, 51.463469850712499 ], [ 37.6729628164397, 51.463357771437302 ], [ 37.6730146483333, 51.463244472935699 ], [ 37.673059985407399, 51.463130097913897 ], [ 37.673098770169801, 51.463014791317697 ], [ 37.6731309523148, 51.462898698654101 ], [ 37.673156493214996, 51.462781965991297 ], [ 37.673175359632602, 51.462664741637603 ], [ 37.673187527313097, 51.462547173342998 ], [ 37.673192981883503, 51.462429409418803 ], [ 37.6731918077854, 51.462313971766797 ], [ 37.673184181986997, 51.462198628968203 ], [ 37.673170114369597, 51.462083521503097 ], [ 37.6731496228997, 51.461968788733898 ], [ 37.6731227309334, 51.4618545700243 ], [ 37.673089471708302, 51.461741003060403 ], [ 37.673049884750299, 51.461628226648997 ], [ 37.673004020365198, 51.461516377359501 ], [ 37.672951931553399, 51.461405590642997 ], [ 37.672893682993802, 51.461296000832803 ], [ 37.672829344754803, 51.461187740584201 ], [ 37.672758994989998, 51.461080941993799 ], [ 37.672682719039202, 51.460975733801298 ], [ 37.672600609428898, 51.460872244187797 ], [ 37.672518530361501, 51.460777015446801 ], [ 37.6724315114582, 51.460683504776 ], [ 37.6723396452457, 51.460591811252399 ], [ 37.6722430296402, 51.460502032274697 ], [ 37.672141767948098, 51.460414263562903 ], [ 37.672035967068901, 51.460328598038799 ], [ 37.671925739292, 51.460245127505601 ], [ 37.671811202296702, 51.4601639404083 ], [ 37.671678546282003, 51.460076204628599 ], [ 37.671540858803503, 51.459991531946699 ], [ 37.671398321320702, 51.459910033761403 ], [ 37.671251122479902, 51.459831818113102 ], [ 37.671099457215597, 51.4597569885646 ], [ 37.670943525851897, 51.4596856436414 ], [ 37.670783534103201, 51.459617877950798 ], [ 37.670619694870098, 51.459553781062503 ], [ 37.670452223748299, 51.459493438067902 ], [ 37.670281341723403, 51.459436928461201 ], [ 37.670107276069103, 51.459384326698199 ], [ 37.669930255855803, 51.459335702756697 ], [ 37.669750515543903, 51.459291121016498 ], [ 37.669583081253002, 51.4592537528303 ], [ 37.669413736245602, 51.459219892345502 ], [ 37.669242669167701, 51.459189577630198 ], [ 37.669070071360601, 51.459162842274701 ], [ 37.668896135962001, 51.459139715950002 ], [ 37.668721057008099, 51.459120225528103 ], [ 37.668545030331501, 51.459104391163301 ], [ 37.668368253561702, 51.459092231889898 ], [ 37.668190922531402, 51.459083761143901 ], [ 37.6680132357682, 51.459078987882897 ], [ 37.667838354443603, 51.459077905391403 ], [ 37.667663511746603, 51.459080404524997 ], [ 37.667488894526699, 51.459086482484501 ], [ 37.667314692328503, 51.459096133671501 ], [ 37.667141092899797, 51.4591093468891 ], [ 37.666958501335202, 51.4591271660044 ], [ 37.666777012003401, 51.4591489255101 ], [ 37.666596845889998, 51.459174599653799 ], [ 37.6664182203873, 51.459204157084798 ], [ 37.666241349294403, 51.459237561973801 ], [ 37.666066447308602, 51.459274775132499 ], [ 37.665893725533998, 51.4593157500952 ], [ 37.6657233914814, 51.459360438716502 ], [ 37.665555651763299, 51.4594087861338 ], [ 37.665390708500702, 51.459460734125301 ], [ 37.665228760221297, 51.459516220550803 ], [ 37.665070003656098, 51.459575178232299 ], [ 37.664914628349599, 51.459637535513401 ], [ 37.664762822948099, 51.459703217939001 ], [ 37.6646147707078, 51.459772145456398 ], [ 37.664470650393497, 51.459844235214398 ], [ 37.664330635379997, 51.459919400443397 ], [ 37.664194895449, 51.459997549896499 ], [ 37.664099518620397, 51.460055852661803 ], [ 37.664006520530599, 51.460115629611998 ], [ 37.663915962265101, 51.460176842681697 ], [ 37.663915962265101, 51.460176842681697 ] ] ] } },
{ "type": "Feature", "properties": { "dataset_code": "KAA", "source_file": "КАА.kml", "placemark_index": 45, "organization_code": "KAA", "organization_name_raw": "КАА", "farm_name_raw": "Орошение Солнцево", "region_name_raw": "Курская область", "district_name_raw": "Солнцевский район", "field_external_key": "KAA:КУР-СОЛ-0012-02", "field_code_raw": "КУР-СОЛ-0012-02", "field_name_raw": "КУР-СОЛ-0012-02", "field_code_unique_status": "unique", "source_fid": "72", "declared_area_ha": 82.3, "geometry_area_ha": 82.303914, "area_diff_ha": 0.003914, "area_diff_pct": 0.004756, "area_quality_status": "ok", "geometry_type": "Polygon", "polygon_count": 1, "inner_ring_count": 0, "geometry_valid": true, "geometry_validity_reason": "Valid Geometry", "centroid_lon": 36.706464472999997, "centroid_lat": 51.556898484000001, "representative_lon": 36.706466714999998, "representative_lat": 51.556942614999997, "centroid_within_geometry": true, "weather_point_lon_candidate": 36.706464472999997, "weather_point_lat_candidate": 51.556898484000001, "active_2026_candidate": true, "active_reason": "kaa_crop_plan_present", "season_year_candidate": null, "crop_raw": "Кукуруза зерновая", "crop_code_candidate": "maize_grain", "crop_parameter_set_candidate_key": "aquacrop_v7_3_regional_maize_grain_kursk_oblast", "regional_crop_parameter_set_candidate_key": "aquacrop_v7_3_regional_maize_grain_kursk_oblast", "crop_parameter_candidate_status": "resolved_from_kml_region_kursk_oblast", "crop_parameter_candidate_comment_ru": "Кандидат выбран по культуре и признаку региона 'Курская область' из KAA.kml.", "sowing_date_raw": "", "calculation_ready": false, "calculation_blockers_json": [ "missing_sowing_date", "missing_soil_profile" ], "geometry_hash_sha256": "5c7055e2fe961709eff834cd0fafaaf4ad9458817184a171ac19446ea4e39604", "source_attributes_json": { "ESRI_OID": "1288", "fid": "72", "is_experimental_production": "Нет", "source_fid": "72", "В аренде": "Нет", "Дата изменения": "10.11.2025 9:56:01", "Изменил": "GEODATA", "Интенсивность": "MAX", "История": "2013: Кукуруза зерновая, 2014: Ячмень яровой, 2015: Пшеница озимая, 2016: Соя, 2017: Соя, 2018: Пшеница яровая, 2019: Соя, 2020: Соя, 2021: Пшеница яровая, 2022: Пар, Сахарная свекла, 2023: Подсолнечник, Соя, 2024: Кукуруза зерновая, Сахарная свекла, 2025: Кукуруза зерновая, 2026: Кукуруза зерновая", "Культура": "Кукуруза зерновая", "Мех.состав (пески; карбонаты)": "Да", "Название": "КУР-СОЛ-0012-02", "Направление склона": "З", "Область": "Курская область", "Опытное": "Нет", "План. хозяйство": "Орошение Солнцево", "Площадь (га)": "82.3", "Под оптимизацию": "Нет", "Пред. предшественник": "Сахарная свекла", "Предшественник": "Кукуруза зерновая", "Район": "Солнцевский район", "Рельеф": "Пригодно", "Территория": "Орошение", "Технология": "Кукуруза зерновая АТ орошение MAS MAX_Кораген", "Технология компании": "АТ семенная", "Тип посевов": "Семенные", "Уклон (град.)": "1.2", "Хозяйство": "Орошение Солнцево" } }, "geometry": { "type": "Polygon", "coordinates": [ [ [ 36.706903846589498, 51.552305315987297 ], [ 36.706612502281601, 51.552298136097299 ], [ 36.706320928004999, 51.552298136097299 ], [ 36.706029581900502, 51.552305315987297 ], [ 36.705738919413903, 51.552319666268197 ], [ 36.705449392397803, 51.552341162914601 ], [ 36.705396116013297, 51.552346456500601 ], [ 36.705149701842601, 51.552371239210999 ], [ 36.704875550391002, 51.552405451148502 ], [ 36.704592131918801, 51.5524481432805 ], [ 36.7043116392596, 51.5524977811911 ], [ 36.704034510791097, 51.552554288333603 ], [ 36.703761178602903, 51.552617575870102 ], [ 36.703492070293301, 51.552687544905801 ], [ 36.703227605375297, 51.552764087047798 ], [ 36.7029681952774, 51.552847082171397 ], [ 36.702714246936502, 51.552936401212797 ], [ 36.702466155611198, 51.553031903935398 ], [ 36.702224311170497, 51.553133442839702 ], [ 36.701989087313301, 51.553240858137002 ], [ 36.7017608532474, 51.553353981100599 ], [ 36.701539964705603, 51.553472637976299 ], [ 36.701326768437497, 51.553596641045999 ], [ 36.701121594124899, 51.553725798122898 ], [ 36.700924765161297, 51.5538599069668 ], [ 36.700736586973903, 51.553998758077199 ], [ 36.700557354210098, 51.554142135251801 ], [ 36.700387346245897, 51.554289813911403 ], [ 36.700226828084503, 51.5544415650104 ], [ 36.700076052152198, 51.5545971500094 ], [ 36.699935252909498, 51.554756327020499 ], [ 36.699804651341999, 51.554918846896697 ], [ 36.699684448672102, 51.555084457143202 ], [ 36.699574835342801, 51.555252896889598 ], [ 36.699475982034002, 51.555423905827702 ], [ 36.699388042357597, 51.555597215274602 ], [ 36.699356377642097, 51.555669424463503 ], [ 36.699311153755801, 51.555772554875603 ], [ 36.699245436602901, 51.555949650928497 ], [ 36.699190996001697, 51.556128228059997 ], [ 36.699147912800697, 51.556308005315401 ], [ 36.699116257966701, 51.556488703978303 ], [ 36.699114526014803, 51.556504267163803 ], [ 36.699096079110397, 51.556670040310401 ], [ 36.699087408571302, 51.556851732811502 ], [ 36.699090259824096, 51.5570334971937 ], [ 36.699104629275297, 51.557215048056399 ], [ 36.699130492670697, 51.5573961050302 ], [ 36.699167812280798, 51.557576382165102 ], [ 36.699216528816997, 51.557755601334399 ], [ 36.699276565922403, 51.557933478831302 ], [ 36.699337675616199, 51.558101797443904 ], [ 36.699419675632001, 51.558276905107 ], [ 36.6995159355046, 51.558458661559598 ], [ 36.699619326203901, 51.558633767848903 ], [ 36.699736977658297, 51.558802224051298 ], [ 36.699822542189203, 51.558917482816597 ], [ 36.699915237546698, 51.559032741848299 ], [ 36.699986541322403, 51.559125835296598 ], [ 36.700075671266603, 51.559214495280301 ], [ 36.700193322720999, 51.559343052229003 ], [ 36.7003074087621, 51.559449443680698 ], [ 36.700467842481899, 51.5595890825021 ], [ 36.700556972426099, 51.559664443010902 ], [ 36.700674623880602, 51.559757535166 ], [ 36.7008573627689, 51.559894609063598 ], [ 36.701016882902103, 51.560010212433603 ], [ 36.701209403545597, 51.560138767132898 ], [ 36.701426880286, 51.560269538054598 ], [ 36.701615389053401, 51.560372827812003 ], [ 36.701637227097997, 51.5603847931012 ], [ 36.701851139323303, 51.560495615265303 ], [ 36.702104267502399, 51.560617519445501 ], [ 36.7023360058962, 51.560715042219201 ], [ 36.702588780139102, 51.560811300970897 ], [ 36.702839876329001, 51.560903746307801 ], [ 36.703096638193401, 51.560989934965498 ], [ 36.703358662388702, 51.561069732947999 ], [ 36.703625541079802, 51.561143016868499 ], [ 36.703896857448498, 51.561209671156703 ], [ 36.703995537382397, 51.561231146847902 ], [ 36.704172186591499, 51.561269590850699 ], [ 36.704451100910802, 51.561322683831001 ], [ 36.704498192394603, 51.561330394510399 ], [ 36.7047331629269, 51.561368866910897 ], [ 36.7050179315669, 51.561408066953 ], [ 36.705304963961403, 51.5614402242201 ], [ 36.705593810054502, 51.561465287349002 ], [ 36.705884019790197, 51.561483217817397 ], [ 36.706175140417599, 51.561493987152701 ], [ 36.706466714694201, 51.561497579164403 ], [ 36.7067582898691, 51.561493987152701 ], [ 36.707049409598099, 51.561483217817504 ], [ 36.707339620232098, 51.561465287349002 ], [ 36.707628466325303, 51.5614402242201 ], [ 36.707915497821503, 51.561408066953 ], [ 36.7082002673598, 51.561368866910897 ], [ 36.708482329375798, 51.561322683831001 ], [ 36.7087612418985, 51.561269590850699 ], [ 36.709036571939798, 51.561209671156703 ], [ 36.709307889206798, 51.561143016868499 ], [ 36.709574766999602, 51.561069732947999 ], [ 36.709836792093199, 51.560989934965498 ], [ 36.710093553059302, 51.560903746307801 ], [ 36.710344650147597, 51.560811300970897 ], [ 36.710589690794102, 51.560712744118803 ], [ 36.710828292316698, 51.560608229849301 ], [ 36.7110600810162, 51.560497922312301 ], [ 36.711284696668201, 51.5603819912413 ], [ 36.711501788929702, 51.560260620331498 ], [ 36.711673553100198, 51.560156670200698 ], [ 36.711711017339098, 51.560133997187599 ], [ 36.711912054011499, 51.560002320024999 ], [ 36.712104588129698, 51.559865794879101 ], [ 36.712288317859802, 51.559724635045903 ], [ 36.7124629548426, 51.559579061082999 ], [ 36.712628228685197, 51.559429300251601 ], [ 36.712783880672802, 51.5592755859576 ], [ 36.7129245451682, 51.559123689583203 ], [ 36.712929668260301, 51.5591181583112 ], [ 36.713065362377201, 51.558957263009702 ], [ 36.713190751021202, 51.558793151896502 ], [ 36.713305641054497, 51.558626081844501 ], [ 36.713409851017303, 51.558456311963397 ], [ 36.713503219213003, 51.558284108068797 ], [ 36.713552554688398, 51.558179683721399 ], [ 36.713567245736598, 51.558148589767903 ], [ 36.713585600114399, 51.558109739888799 ], [ 36.713656864364197, 51.557933478831401 ], [ 36.713716900571299, 51.557755601334399 ], [ 36.713765617107498, 51.557576382165102 ], [ 36.713802936717698, 51.5573961050302 ], [ 36.713828801011303, 51.557215048056399 ], [ 36.713843169564299, 51.5570334971937 ], [ 36.713846020817002, 51.556851732811502 ], [ 36.713837350277899, 51.556670040310401 ], [ 36.713817172319999, 51.556488703978303 ], [ 36.713785515689402, 51.556308005315401 ], [ 36.713742434284903, 51.556128228059997 ], [ 36.713687991887099, 51.555949650928497 ], [ 36.713622275632602, 51.555772554875603 ], [ 36.713578874427903, 51.555673579375899 ], [ 36.713545387929102, 51.555597215274602 ], [ 36.713457448252598, 51.555423905827702 ], [ 36.713358594045502, 51.555252896889598 ], [ 36.713248980716202, 51.555084457143202 ], [ 36.7131287789447, 51.554918846896697 ], [ 36.712998177377102, 51.554756327020499 ], [ 36.712857377236098, 51.5545971500094 ], [ 36.7127066013039, 51.5544415650104 ], [ 36.712546084040703, 51.554289813911403 ], [ 36.712376076076602, 51.554142135251801 ], [ 36.712207509010099, 51.554007289951898 ], [ 36.712196843312697, 51.553998758077199 ], [ 36.712008665125303, 51.5538599069668 ], [ 36.7118118361618, 51.553725798122898 ], [ 36.711606661849203, 51.553596641045999 ], [ 36.7113934646828, 51.553472637976299 ], [ 36.711172577039299, 51.553353981100599 ], [ 36.710944342973399, 51.553240858137002 ], [ 36.710709119116203, 51.553133442839801 ], [ 36.710467272878802, 51.553031903935398 ], [ 36.710219183350098, 51.552936401212897 ], [ 36.709965234110904, 51.552847082171397 ], [ 36.709705824911303, 51.552764087047798 ], [ 36.709441359993399, 51.552687544905801 ], [ 36.7091722507854, 51.552617575870102 ], [ 36.708898918597299, 51.552554288333603 ], [ 36.708621791027099, 51.5524977811911 ], [ 36.708357269515197, 51.552450969647801 ], [ 36.708341298367799, 51.5524481432805 ], [ 36.708057879895698, 51.552405451148502 ], [ 36.7077719775818, 51.552369772960603 ], [ 36.707484037888797, 51.552341162914601 ], [ 36.707194510872696, 51.552319666268197 ], [ 36.706903846589498, 51.552305315987297 ], [ 36.706903846589498, 51.552305315987297 ] ] ] } },
{ "type": "Feature", "properties": { "dataset_code": "KAA", "source_file": "КАА.kml", "placemark_index": 46, "organization_code": "KAA", "organization_name_raw": "КАА", "farm_name_raw": "Орошение Горшечное", "region_name_raw": "Курская область", "district_name_raw": "Горшеченский район", "field_external_key": "KAA:КУР-ГОР-0057-02", "field_code_raw": "КУР-ГОР-0057-02", "field_name_raw": "КУР-ГОР-0057-02", "field_code_unique_status": "unique", "source_fid": "74", "declared_area_ha": 42.9, "geometry_area_ha": 42.901597, "area_diff_ha": 0.001597, "area_diff_pct": 0.003724, "area_quality_status": "ok", "geometry_type": "Polygon", "polygon_count": 1, "inner_ring_count": 0, "geometry_valid": true, "geometry_validity_reason": "Valid Geometry", "centroid_lon": 37.662614442, "centroid_lat": 51.470535208000001, "representative_lon": 37.662609881000002, "representative_lat": 51.470516218, "centroid_within_geometry": true, "weather_point_lon_candidate": 37.662614442, "weather_point_lat_candidate": 51.470535208000001, "active_2026_candidate": true, "active_reason": "kaa_crop_plan_present", "season_year_candidate": null, "crop_raw": "Соя", "crop_code_candidate": "soybean", "crop_parameter_set_candidate_key": "aquacrop_v7_3_regional_soybean_kursk_oblast", "regional_crop_parameter_set_candidate_key": "aquacrop_v7_3_regional_soybean_kursk_oblast", "crop_parameter_candidate_status": "resolved_from_kml_region_kursk_oblast", "crop_parameter_candidate_comment_ru": "Кандидат выбран по культуре и признаку региона 'Курская область' из KAA.kml.", "sowing_date_raw": "", "calculation_ready": false, "calculation_blockers_json": [ "missing_sowing_date", "missing_soil_profile" ], "geometry_hash_sha256": "47e7c4c258a16d7a772222b122b25b44b28b3f8a3dcb411176d72a0442bc3d99", "source_attributes_json": { "ESRI_OID": "1833", "fid": "74", "is_experimental_production": "Нет", "source_fid": "74", "В аренде": "Нет", "Вид семян": "Собственные", "Дата изменения": "10.11.2025 9:56:02", "Изменил": "GEODATA", "Интенсивность": "MAX", "История": "2013: Соя, 2014: Кукуруза зерновая, 2015: Соя, 2016: Пшеница яровая, 2017: Соя, 2018: Соя, 2019: Соя, 2020: Сахарная свекла, 2021: Залежь, Пшеница яровая, 2022: Кукуруза зерновая, Соя, 2023: Кукуруза зерновая, 2024: Кукуруза зерновая, 2025: Кукуруза зерновая, 2026: Соя", "Итого семян (т; п.ед.)": "5.15", "Культура": "Соя", "Название": "КУР-ГОР-0057-02", "Направление склона": "С, В", "Норма высева (кг/га; п.ед./га)": "120", "Область": "Курская область", "Опытное": "Нет", "План. хозяйство": "Орошение Горшечное", "Площадь (га)": "42.9", "Под оптимизацию": "Нет", "Пред. предшественник": "Кукуруза зерновая", "Предшественник": "Кукуруза зерновая", "Район": "Горшеченский район", "Рельеф": "Пригодно", "Семена": "Семена сои ЕС ФАВОР РС1 (соб.)", "Сред. норма высева (кг/га; п.ед./га)": "0", "Территория": "Орошение", "Технология": "Соя АТ семенная орошение MAX", "Технология компании": "АТ семенная", "Тип посевов": "Семенные", "Хозяйство": "Орошение Горшечное" } }, "geometry": { "type": "Polygon", "coordinates": [ [ [ 37.660064330381601, 51.467630492816397 ], [ 37.659908824819397, 51.467685406340898 ], [ 37.659756368139199, 51.4677435425941 ], [ 37.65964450992, 51.467789061817797 ], [ 37.659534521094997, 51.467836316903202 ], [ 37.659426472630898, 51.4678852770665 ], [ 37.659306382250499, 51.467942821000101 ], [ 37.659188969747902, 51.468002471781297 ], [ 37.659074332141202, 51.468064180716098 ], [ 37.658940421180098, 51.468140960298697 ], [ 37.658810804166102, 51.468220548406002 ], [ 37.658685632016102, 51.468302851010002 ], [ 37.658565052952198, 51.468387772963503 ], [ 37.658449206213099, 51.468475213523803 ], [ 37.658335712161801, 51.468567183319301 ], [ 37.658227455288603, 51.468661570956101 ], [ 37.658124566747503, 51.468758260582497 ], [ 37.658027173201098, 51.468857134109101 ], [ 37.657935393226801, 51.468958069529798 ], [ 37.657849340910801, 51.469060944280002 ], [ 37.657769119559198, 51.469165631318802 ], [ 37.657694829783601, 51.469272003047202 ], [ 37.657626560517002, 51.469379928509099 ], [ 37.657564396201003, 51.469489276190203 ], [ 37.657508413192502, 51.469599911779298 ], [ 37.657459488247099, 51.4697097541669 ], [ 37.657416655676101, 51.469820579480199 ], [ 37.657379967581498, 51.469932256769603 ], [ 37.657349466184399, 51.470044653408003 ], [ 37.657325188315603, 51.4701576367694 ], [ 37.6573071618227, 51.470271073110197 ], [ 37.657295408265497, 51.470384828128203 ], [ 37.657290099222202, 51.470491658104997 ], [ 37.657290322902703, 51.470598539312597 ], [ 37.657296079307102, 51.470705359835797 ], [ 37.657307362147002, 51.470812008879697 ], [ 37.657324159744498, 51.470918375650399 ], [ 37.6573464550316, 51.471024349355197 ], [ 37.657374224652003, 51.471129820321103 ], [ 37.6574092697278, 51.471239980776502 ], [ 37.657450285905398, 51.471349337988798 ], [ 37.657497227370499, 51.471457766621398 ], [ 37.657550039326097, 51.471565141898303 ], [ 37.657608661584902, 51.471671340723198 ], [ 37.657673026773402, 51.471776241120303 ], [ 37.6577430603312, 51.471879722793098 ], [ 37.657824591426397, 51.471989264804797 ], [ 37.657912473610601, 51.472096884476102 ], [ 37.6580065918996, 51.472202438015003 ], [ 37.658106820529099, 51.4723057855471 ], [ 37.658213026548502, 51.472406789997201 ], [ 37.658325068023998, 51.472505317647901 ], [ 37.658442798530203, 51.4726012375802 ], [ 37.658566059065301, 51.472694421674099 ], [ 37.658694687932503, 51.472784747405001 ], [ 37.658828514451898, 51.4728720944873 ], [ 37.658967359858899, 51.4729563465526 ], [ 37.659111039998699, 51.473037392268502 ], [ 37.6592593644285, 51.473115124219703 ], [ 37.659412136417302, 51.473189438907298 ], [ 37.659569153844103, 51.473260237309297 ], [ 37.659730206503198, 51.4733274265581 ], [ 37.659895082392097, 51.473390916583398 ], [ 37.660063561423698, 51.473450622910399 ], [ 37.660235420815603, 51.473506467218101 ], [ 37.660410431497603, 51.473558375102201 ], [ 37.660588362602503, 51.473606277193397 ], [ 37.660768976077001, 51.473650110836097 ], [ 37.660952033867197, 51.473689816731003 ], [ 37.6611247125227, 51.4737230756092 ], [ 37.661299104265503, 51.473752661666097 ], [ 37.661475009669502, 51.473778540777403 ], [ 37.661652224817097, 51.473800683294002 ], [ 37.661830544892602, 51.473819064042097 ], [ 37.662009765080001, 51.4738336606449 ], [ 37.662189676970101, 51.4738444574391 ], [ 37.662370074848901, 51.473851441557997 ], [ 37.662550748510398, 51.473854605169898 ], [ 37.662728500850598, 51.473853986324002 ], [ 37.662906121138498, 51.4738496689505 ], [ 37.663073206882999, 51.473842220416998 ], [ 37.663239832690103, 51.473831498599999 ], [ 37.663405834168103, 51.473817515247497 ], [ 37.663591930959001, 51.473797867150097 ], [ 37.663776792566303, 51.473774119882499 ], [ 37.663960184529898, 51.4737463036534 ], [ 37.664141877779301, 51.473714452027501 ], [ 37.664321642345698, 51.473678606961698 ], [ 37.664499252752101, 51.473638812090499 ], [ 37.664674484419699, 51.473595118321597 ], [ 37.6648471181594, 51.4735475799189 ], [ 37.665016936579001, 51.473496257300901 ], [ 37.665183724082901, 51.473441215361397 ], [ 37.665347273160101, 51.473382522350903 ], [ 37.6655073762999, 51.473320253233801 ], [ 37.665663833178002, 51.4732544852125 ], [ 37.665816445266699, 51.473185302203298 ], [ 37.665965022123103, 51.473112790360602 ], [ 37.666109375999397, 51.473037040874203 ], [ 37.6662493254358, 51.472958149969898 ], [ 37.666384694362598, 51.472876216671501 ], [ 37.666515312099897, 51.472791343359702 ], [ 37.666641014255902, 51.472703638011197 ], [ 37.666761642727202, 51.472613209721899 ], [ 37.666877045698499, 51.472520173183902 ], [ 37.666987077642702, 51.472424644767898 ], [ 37.6670676870664, 51.472349817402304 ], [ 37.667145000571303, 51.472273652019098 ], [ 37.667218960665302, 51.472196205686203 ], [ 37.667313041225, 51.472090135102398 ], [ 37.667400833577702, 51.471981992787903 ], [ 37.6674822200441, 51.471871923094199 ], [ 37.667557091029799, 51.471760073731502 ], [ 37.667625347719998, 51.471646593530103 ], [ 37.6676868984867, 51.471531634119799 ], [ 37.667741659786401, 51.471415349929302 ], [ 37.667789559753999, 51.471297895948297 ], [ 37.667830533710699, 51.471179429406497 ], [ 37.6678645277577, 51.471060108094598 ], [ 37.667891495182502, 51.470940092602703 ], [ 37.667911400950899, 51.470819542963 ], [ 37.667924218113399, 51.470698620328498 ], [ 37.6679299287037, 51.4705774858542 ], [ 37.667930255690401, 51.470540778815099 ], [ 37.6679273496405, 51.4704299854683 ], [ 37.6679186332873, 51.470319309923703 ], [ 37.6679041174106, 51.470208870812797 ], [ 37.667883817281798, 51.470098786209 ], [ 37.667857753562103, 51.4699891725082 ], [ 37.667825954997703, 51.469880147786 ], [ 37.667788454826201, 51.469771828440102 ], [ 37.667745293471697, 51.4696643297506 ], [ 37.667696517646696, 51.469557766438797 ], [ 37.667681455594398, 51.469523216351703 ], [ 37.667664193567902, 51.469489067463599 ], [ 37.667610271294599, 51.469392344131698 ], [ 37.667551697544901, 51.4692966759836 ], [ 37.667488524420797, 51.469202150322097 ], [ 37.667420808516397, 51.469108852772401 ], [ 37.667337390060801, 51.4690024577203 ], [ 37.667247865756202, 51.468898006456499 ], [ 37.667152350587003, 51.4687956344169 ], [ 37.667050969419002, 51.468695475359503 ], [ 37.666943854304499, 51.4685976596855 ], [ 37.666831144482401, 51.468502313879902 ], [ 37.666712986378201, 51.468409563309002 ], [ 37.666589535400199, 51.468319527743603 ], [ 37.666460950550402, 51.468232324716702 ], [ 37.666327399813802, 51.468148067844297 ], [ 37.666189056565102, 51.468066866825701 ], [ 37.666046102263998, 51.4679888268832 ], [ 37.665898721065197, 51.467914050441401 ], [ 37.6657471061066, 51.467842634328598 ], [ 37.665591454119003, 51.467774672015302 ], [ 37.665431968121702, 51.467710250816502 ], [ 37.665268856524001, 51.467649456367397 ], [ 37.665102329531599, 51.467592365909098 ], [ 37.664932605435098, 51.467539055562902 ], [ 37.664759904321699, 51.467489593054999 ], [ 37.664584452566899, 51.467444043873002 ], [ 37.664406476546198, 51.467402467347597 ], [ 37.664226208923203, 51.467364917212599 ], [ 37.664043884158197, 51.467331442164699 ], [ 37.663859740304801, 51.467302086422201 ], [ 37.663674016314701, 51.4672768874875 ], [ 37.663486953834898, 51.467255878944499 ], [ 37.663298796308702, 51.467239087660403 ], [ 37.6631097889763, 51.467226535465002 ], [ 37.662920177975998, 51.467218238590597 ], [ 37.662730210344598, 51.467214208232001 ], [ 37.6625401322204, 51.467214449426699 ], [ 37.662350192436698, 51.467218962174798 ], [ 37.662160637131997, 51.467227740319203 ], [ 37.661971714241197, 51.467240772105399 ], [ 37.661783668106096, 51.467258041301001 ], [ 37.6615967448652, 51.467279524397298 ], [ 37.661411187063401, 51.467305194526801 ], [ 37.661227236347798, 51.4673350175458 ], [ 37.661045131670001, 51.467368954832999 ], [ 37.660865111981998, 51.467406962729001 ], [ 37.660687409049103, 51.467448990858699 ], [ 37.6605122564334, 51.467494984928202 ], [ 37.660360708848302, 51.467537243537201 ], [ 37.660211351355898, 51.467582427759098 ], [ 37.660064330381601, 51.467630492816397 ], [ 37.660064330381601, 51.467630492816397 ] ] ] } },
{ "type": "Feature", "properties": { "dataset_code": "KAA", "source_file": "КАА.kml", "placemark_index": 47, "organization_code": "KAA", "organization_name_raw": "КАА", "farm_name_raw": "Орошение Солнцево", "region_name_raw": "Курская область", "district_name_raw": "Солнцевский район", "field_external_key": "KAA:КУР-СОЛ-0008-02", "field_code_raw": "КУР-СОЛ-0008-02", "field_name_raw": "КУР-СОЛ-0008-02", "field_code_unique_status": "unique", "source_fid": "75", "declared_area_ha": 77.0, "geometry_area_ha": 77.000453, "area_diff_ha": 0.000453, "area_diff_pct": 0.000588, "area_quality_status": "ok", "geometry_type": "Polygon", "polygon_count": 1, "inner_ring_count": 1, "geometry_valid": true, "geometry_validity_reason": "Valid Geometry", "centroid_lon": 36.75632982, "centroid_lat": 51.496791817999998, "representative_lon": 36.756330792, "representative_lat": 51.496780585000003, "centroid_within_geometry": true, "weather_point_lon_candidate": 36.75632982, "weather_point_lat_candidate": 51.496791817999998, "active_2026_candidate": true, "active_reason": "kaa_crop_plan_present", "season_year_candidate": null, "crop_raw": "Подсолнечник", "crop_code_candidate": "sunflower", "crop_parameter_set_candidate_key": "aquacrop_v7_3_regional_sunflower_kursk_oblast", "regional_crop_parameter_set_candidate_key": "aquacrop_v7_3_regional_sunflower_kursk_oblast", "crop_parameter_candidate_status": "resolved_from_kml_region_kursk_oblast", "crop_parameter_candidate_comment_ru": "Кандидат выбран по культуре и признаку региона 'Курская область' из KAA.kml.", "sowing_date_raw": "", "calculation_ready": false, "calculation_blockers_json": [ "missing_sowing_date", "missing_soil_profile" ], "geometry_hash_sha256": "b0ee19d46ea1a7c83129b97e17535bfab2591729a366a400b4adef0c67f7e3d5", "source_attributes_json": { "ESRI_OID": "354", "fid": "75", "is_experimental_production": "Нет", "source_fid": "75", "В аренде": "Нет", "Дата изменения": "20.11.2025 12:49:05", "Изменил": "esb", "Интенсивность": "MAX", "История": "2013: Кукуруза зерновая, 2014: Ячмень яровой, 2015: Соя, 2016: Пшеница яровая, 2017: Сахарная свекла, 2018: Соя, 2019: Пар, 2020: Пшеница озимая, 2021: Сахарная свекла, 2022: Пар, Пшеница яровая, 2023: Кукуруза зерновая, 2024: Кукуруза зерновая, 2025: Рапс яровой, 2026: Подсолнечник", "Культура": "Подсолнечник", "Мех.состав (пески; карбонаты)": "Да", "Название": "КУР-СОЛ-0008-02", "Направление склона": "ЮЗ", "Область": "Курская область", "Опытное": "Нет", "План. хозяйство": "Орошение Солнцево", "Площадь (га)": "77", "Под оптимизацию": "Нет", "Пред. предшественник": "Кукуруза зерновая", "Предшественник": "Рапс яровой", "Район": "Солнцевский район", "Рельеф": "Пригодно", "Территория": "Орошение", "Технология": "Подсолнечник АТ гибридизация орошение MAS EX MAX_ Мультипликация", "Технология компании": "АТ семенная", "Тип посевов": "Семенные", "Уклон (град.)": "1.9", "Хозяйство": "Орошение Солнцево" } }, "geometry": { "type": "Polygon", "coordinates": [ [ [ 36.7535481894894, 51.500886157857202 ], [ 36.753776329232203, 51.500945317079598 ], [ 36.754228311177499, 51.501042481260903 ], [ 36.754240511197402, 51.501045103916397 ], [ 36.754250773551199, 51.501046820665302 ], [ 36.754714578223897, 51.501124413731198 ], [ 36.754730878154803, 51.501126690236802 ], [ 36.755016118410303, 51.501161310891298 ], [ 36.755209435859399, 51.501184773805697 ], [ 36.7556989116881, 51.501222308963499 ], [ 36.755704779483601, 51.501222691455901 ], [ 36.755741822412602, 51.501223904918596 ], [ 36.756187012196001, 51.5012384860404 ], [ 36.756211414930803, 51.501238790804102 ], [ 36.756692063913398, 51.501233574593499 ], [ 36.756706065055397, 51.501233049505402 ], [ 36.7568949547085, 51.5012259633315 ], [ 36.7571788088636, 51.501208176873703 ], [ 36.757370821060597, 51.501191278418197 ], [ 36.757431445664203, 51.501185943092601 ], [ 36.7574612948845, 51.501183315971602 ], [ 36.757741960918601, 51.501151420876099 ], [ 36.758027881198799, 51.501114589134502 ], [ 36.758164074779003, 51.501091962748703 ], [ 36.758188289765798, 51.501087939856397 ], [ 36.7582923344386, 51.501070654389103 ], [ 36.758303561582998, 51.501068789452802 ], [ 36.758327570855599, 51.501064150877802 ], [ 36.758581768928202, 51.501016843537002 ], [ 36.758654349209898, 51.501000809537103 ], [ 36.758658319763498, 51.501000051818203 ], [ 36.758664740022802, 51.500998514012302 ], [ 36.7588506975748, 51.500957431647798 ], [ 36.759115601768997, 51.500891351739398 ], [ 36.759326683402797, 51.5008324798779 ], [ 36.759376056607501, 51.500818708913201 ], [ 36.759377905340401, 51.500818136847101 ], [ 36.759573703936297, 51.500757558756298 ], [ 36.759574049787702, 51.500757442441603 ], [ 36.759631647068801, 51.5007396200118 ], [ 36.759885007013203, 51.500654268980398 ], [ 36.7600005797661, 51.500610998688302 ], [ 36.7600118931488, 51.500607084798901 ], [ 36.760022309114497, 51.500602862786103 ], [ 36.760129644316201, 51.500562677033798 ], [ 36.760214536008903, 51.500527937372603 ], [ 36.7603682126012, 51.500465048804799 ], [ 36.760426848334703, 51.5004389024351 ], [ 36.760429146225199, 51.500437970792802 ], [ 36.760432974844903, 51.5004361701397 ], [ 36.760600330982399, 51.500361541951797 ], [ 36.760825626658999, 51.500252320842698 ], [ 36.7610243789156, 51.5001477470881 ], [ 36.761043740304899, 51.500137559911103 ], [ 36.761046128925202, 51.500136197109697 ], [ 36.7611738729519, 51.5000633321904 ], [ 36.761199374326203, 51.500048786482203 ], [ 36.761201954287699, 51.500047386769999 ], [ 36.761203290980802, 51.500046552422901 ], [ 36.761254320678901, 51.500017444774002 ], [ 36.761457032709302, 51.499892167200201 ], [ 36.761544805299003, 51.499833398621398 ], [ 36.7615621230211, 51.499821803825903 ], [ 36.761651550307597, 51.499761926787698 ], [ 36.761688082095198, 51.4997354142861 ], [ 36.7617233427668, 51.499709824478899 ], [ 36.761837559961897, 51.499626933201 ], [ 36.7618792903002, 51.4995940757181 ], [ 36.761880132021602, 51.499593471201997 ], [ 36.761881559444497, 51.499592288453002 ], [ 36.762014767923098, 51.499487402816399 ], [ 36.762083190801597, 51.499428860200297 ], [ 36.762102185678302, 51.499412608663697 ], [ 36.762182889425098, 51.4993435581627 ], [ 36.762341653176897, 51.499195630158603 ], [ 36.762447424411697, 51.499088000048502 ], [ 36.762490805853403, 51.499043855876501 ], [ 36.762512895426198, 51.499019217484403 ], [ 36.762529596005699, 51.499000589647601 ], [ 36.762630110299398, 51.498888477982703 ], [ 36.762685740270001, 51.498820148652001 ], [ 36.762697157857303, 51.498806125426299 ], [ 36.762759341936203, 51.498729745856998 ], [ 36.762780193630597, 51.498701378347299 ], [ 36.7628782941512, 51.498567913914897 ], [ 36.762901907266702, 51.4985320520314 ], [ 36.762986775603203, 51.498403241048898 ], [ 36.763002231117703, 51.498376820589897 ], [ 36.763084614714103, 51.498235990068899 ], [ 36.763128696841697, 51.498150114258401 ], [ 36.763149246702099, 51.498110080692904 ], [ 36.763171654278601, 51.498066429940302 ], [ 36.763223433171497, 51.497949674289302 ], [ 36.7632477541596, 51.497894831868599 ], [ 36.763277145239002, 51.497816490072601 ], [ 36.763305168184303, 51.497727047742799 ], [ 36.763333641185604, 51.497643833530802 ], [ 36.763355415449702, 51.497572864938697 ], [ 36.763374374393798, 51.497497083372799 ], [ 36.763389635872201, 51.497434556369598 ], [ 36.763406605946201, 51.497368254924801 ], [ 36.763423729632102, 51.497267691630803 ], [ 36.763438351509997, 51.497187068698999 ], [ 36.763446832504599, 51.497107280025503 ], [ 36.763454582270597, 51.497011297540801 ], [ 36.7634615792483, 51.496837253237999 ], [ 36.763465503987803, 51.496725968981799 ], [ 36.763461006123201, 51.496662113248597 ], [ 36.763454206774803, 51.496582984697099 ], [ 36.763446675299399, 51.496487662150699 ], [ 36.763431899809603, 51.496384586960602 ], [ 36.763413704433603, 51.496289060987898 ], [ 36.763391916694701, 51.496173478588503 ], [ 36.763361036208401, 51.496056771218498 ], [ 36.763318898933399, 51.495920813111603 ], [ 36.763270783370203, 51.495776554529797 ], [ 36.763233810509703, 51.495686254755 ], [ 36.763206581675099, 51.495619753345501 ], [ 36.763200151534299, 51.4956040485337 ], [ 36.763149046377798, 51.495497244372501 ], [ 36.763118518929502, 51.495433444522703 ], [ 36.763020333967297, 51.495264312997101 ], [ 36.7629738075238, 51.495189497932401 ], [ 36.7629171121512, 51.495098329000498 ], [ 36.762868681279301, 51.495028830694999 ], [ 36.762803334232302, 51.494935056331599 ], [ 36.762775496339898, 51.494899113290899 ], [ 36.762679182568398, 51.494774755084102 ], [ 36.762544856585698, 51.494617683117603 ], [ 36.762413989116801, 51.494478374533301 ], [ 36.762308106490899, 51.494374115829999 ], [ 36.7622465602158, 51.494314226042 ], [ 36.762083065037501, 51.494168327023502 ], [ 36.7620093367089, 51.494107837969104 ], [ 36.761910352245998, 51.494026628348202 ], [ 36.761853470023901, 51.493983644271502 ], [ 36.761797925393303, 51.493941670788999 ], [ 36.761728694929303, 51.493889354889603 ], [ 36.7615383868363, 51.493756729285501 ], [ 36.761339730699397, 51.493628961311202 ], [ 36.7611330472172, 51.4935062568277 ], [ 36.7610978997334, 51.493487003124599 ], [ 36.761009715715197, 51.493438693492401 ], [ 36.7610031202844, 51.493434853932698 ], [ 36.7610008610215, 51.4934335390302 ], [ 36.760993687973901, 51.4934299131207 ], [ 36.760918664274698, 51.493388813307298 ], [ 36.760696925926602, 51.493276815917802 ], [ 36.760620729027501, 51.493241382767302 ], [ 36.7606049393398, 51.493234039751997 ], [ 36.760468188803998, 51.4931704470307 ], [ 36.760232819419798, 51.4930698761531 ], [ 36.759991192371402, 51.492975262164798 ], [ 36.759966713279802, 51.492966508550197 ], [ 36.759822096197198, 51.4929147944585 ], [ 36.759743694832501, 51.4928867589107 ], [ 36.759490724756901, 51.492804507930103 ], [ 36.759348481023203, 51.492762686051698 ], [ 36.759327905111597, 51.492756636627703 ], [ 36.759232686386497, 51.492728640133897 ], [ 36.758969992946199, 51.492659275804399 ], [ 36.758885994179003, 51.492639530673998 ], [ 36.758869467872699, 51.492635645743299 ], [ 36.758703063949397, 51.492596529069502 ], [ 36.758432328790803, 51.492540497835101 ], [ 36.758181373636397, 51.492495431177602 ], [ 36.758158218661698, 51.492491273292998 ], [ 36.757881174634797, 51.492448933208898 ], [ 36.757601638681301, 51.492413545278097 ], [ 36.757453036671997, 51.492398568698803 ], [ 36.757440285086602, 51.492397021094398 ], [ 36.757429387623901, 51.492396185488801 ], [ 36.757320059060497, 51.492385167125597 ], [ 36.757036885828498, 51.4923638429498 ], [ 36.756952594210397, 51.4923596229699 ], [ 36.7569373129691, 51.4923588578364 ], [ 36.756752574430898, 51.492349607996999 ], [ 36.756467576720603, 51.492342485205498 ], [ 36.756182350838003, 51.492342485205498 ], [ 36.755897354025898, 51.492349607996999 ], [ 36.755613041730101, 51.4923638429498 ], [ 36.755470038920002, 51.492374611866701 ], [ 36.755445403521698, 51.492376467091198 ], [ 36.755329869396398, 51.492385167125597 ], [ 36.755048288877298, 51.492413545278097 ], [ 36.754970420213503, 51.492423403071598 ], [ 36.754958040530603, 51.492424970250902 ], [ 36.754768752923802, 51.492448933208898 ], [ 36.7544917088969, 51.492491273292998 ], [ 36.754254900411603, 51.492533799586703 ], [ 36.754217598767802, 51.492540497835101 ], [ 36.754113314244698, 51.492562083683303 ], [ 36.754005250509302, 51.4925844519896 ], [ 36.753946863609102, 51.492596529069502 ], [ 36.7536799346123, 51.492659275804399 ], [ 36.753553080816097, 51.492692771978 ], [ 36.753529721025501, 51.492698939982901 ], [ 36.753417242070398, 51.492728640133897 ], [ 36.753159202801697, 51.492804507930103 ], [ 36.753093182018198, 51.492825974521899 ], [ 36.753084764804001, 51.4928287111887 ], [ 36.752906232726097, 51.4928867589107 ], [ 36.7526587360856, 51.492975262164798 ], [ 36.752417109036998, 51.4930698761531 ], [ 36.752239636971197, 51.493145708145597 ], [ 36.752236695886999, 51.493146964889398 ], [ 36.752181738754501, 51.4931704470307 ], [ 36.751953001632003, 51.493276815917802 ], [ 36.751850716758902, 51.493328479262097 ], [ 36.751830769667997, 51.493338554424 ], [ 36.751466521684897, 51.493536154442701 ], [ 36.7514622286361, 51.493538703144097 ], [ 36.7514371386902, 51.4935535988105 ], [ 36.751310196859102, 51.493628961311202 ], [ 36.751111540722199, 51.493756729285501 ], [ 36.750921232629302, 51.493889354889603 ], [ 36.750789870188697, 51.493988622495699 ], [ 36.750785088456396, 51.493992235497203 ], [ 36.750494881415698, 51.494232562089898 ], [ 36.750480192164098, 51.494245670054802 ], [ 36.7504040464691, 51.494313620337202 ], [ 36.750403368241003, 51.494314226042 ], [ 36.750360017342103, 51.494356409472097 ], [ 36.750249355678797, 51.494464092142501 ], [ 36.7501050709729, 51.494617683117603 ], [ 36.749970744990101, 51.494774755084102 ], [ 36.7498465942246, 51.494935056331599 ], [ 36.749732816305702, 51.495098329000498 ], [ 36.749629593591301, 51.4952643129972 ], [ 36.749585310241002, 51.495344946600397 ], [ 36.749582553311498, 51.4953499649436 ], [ 36.7495370931682, 51.495432740960503 ], [ 36.749455459665, 51.4956033449741 ], [ 36.749384827829203, 51.495775850972898 ], [ 36.749325309051699, 51.495949982099702 ], [ 36.749276998554102, 51.496125460941798 ], [ 36.749252359562497, 51.496242948863603 ], [ 36.749250544965598, 51.496251601741399 ], [ 36.749239975387901, 51.496302005057501 ], [ 36.749214661761599, 51.496476811994498 ], [ 36.749214297045498, 51.496479333127901 ], [ 36.749208585557, 51.496550398496403 ], [ 36.749207580342201, 51.496557555863603 ], [ 36.7492073476785, 51.4965658015429 ], [ 36.749200004849399, 51.496657159923501 ], [ 36.749197123053897, 51.496835201897099 ], [ 36.749205656150799, 51.497013173268897 ], [ 36.749213279254299, 51.497081095378199 ], [ 36.749218670044399, 51.497129127117901 ], [ 36.749225589767001, 51.497190788263502 ], [ 36.749256894257996, 51.497367763906198 ], [ 36.7492840997364, 51.497480138242402 ], [ 36.749285314258699, 51.4974863212583 ], [ 36.749286586273101, 51.497490409340998 ], [ 36.749299515724999, 51.497543816108298 ], [ 36.749342581858002, 51.4976835845289 ], [ 36.749349883364701, 51.4977072813194 ], [ 36.749353390387498, 51.497718661903697 ], [ 36.749378103041003, 51.497784535019001 ], [ 36.749380158386401, 51.497791140220997 ], [ 36.749383527068701, 51.497798993089702 ], [ 36.749418429312399, 51.497892022804798 ], [ 36.749494529193399, 51.498063620887002 ], [ 36.7495815678596, 51.498233181026102 ], [ 36.749588542379399, 51.4982451033788 ], [ 36.749613694309097, 51.4982880996549 ], [ 36.749679406970401, 51.498400432016403 ], [ 36.7497878893208, 51.498565104892698 ], [ 36.749860715740802, 51.498664185040198 ], [ 36.749865042925599, 51.4986705502047 ], [ 36.749868586779399, 51.498674893190397 ], [ 36.749906840637401, 51.498726936844598 ], [ 36.749945493347496, 51.498774412653603 ], [ 36.749990030920898, 51.498829117004902 ], [ 36.750036073172502, 51.498885668980101 ], [ 36.750086317742998, 51.498941711428998 ], [ 36.7500908317773, 51.498947243306098 ], [ 36.750097346359702, 51.498954012193202 ], [ 36.7501753767203, 51.499041046883498 ], [ 36.750324530295103, 51.499192821175001 ], [ 36.7504802855889, 51.499337946364903 ], [ 36.750483294046802, 51.4993407491881 ], [ 36.750516539797196, 51.499369194590997 ], [ 36.750651414650598, 51.499484593850703 ], [ 36.750828622611699, 51.499624124243901 ], [ 36.750937831699098, 51.499703380050498 ], [ 36.750945325445201, 51.499709157890997 ], [ 36.750951355835802, 51.499713195444698 ], [ 36.751014634062599, 51.499759117838899 ], [ 36.7510866708636, 51.499807350870597 ], [ 36.7511394298186, 51.499842676021501 ], [ 36.751209150762698, 51.499889358259402 ], [ 36.751278477346403, 51.499932202555598 ], [ 36.751284572415599, 51.499936283148998 ], [ 36.7512933300914, 51.499941381513601 ], [ 36.751411862793098, 51.500014635840998 ], [ 36.751622444065298, 51.500134750985502 ], [ 36.751840556813001, 51.500249511924302 ], [ 36.751880140177597, 51.500268701257703 ], [ 36.751907992443101, 51.500282203967302 ], [ 36.752065853387897, 51.500358733040002 ], [ 36.752297970870799, 51.500462239899399 ], [ 36.752432196242303, 51.500517168144903 ], [ 36.752450899166398, 51.500524822025 ], [ 36.752536540054102, 51.500559868134502 ], [ 36.7527811773571, 51.500651460086701 ], [ 36.752862163174903, 51.5006790932635 ], [ 36.752878794584099, 51.500684768086401 ], [ 36.753031490216102, 51.500736869280601 ], [ 36.753122776116903, 51.500765116412801 ], [ 36.753220401428699, 51.500795325217403 ], [ 36.753287079779, 51.500815958186898 ], [ 36.7535481894894, 51.500886157857202 ], [ 36.7535481894894, 51.500886157857202 ] ], [ [ 36.757741721068399, 51.499255854100298 ], [ 36.757687698183801, 51.499269097630297 ], [ 36.757619374119997, 51.499263031733904 ], [ 36.757517471030802, 51.499242046868901 ], [ 36.757450664221402, 51.499205077133503 ], [ 36.757445498010199, 51.499155009207101 ], [ 36.757477134877902, 51.499131819827198 ], [ 36.757561278273897, 51.4991262907687 ], [ 36.757674607035199, 51.499147494343902 ], [ 36.7577564157098, 51.499189510007703 ], [ 36.757758706413803, 51.499220487111998 ], [ 36.757741721068399, 51.499255854100298 ], [ 36.757741721068399, 51.499255854100298 ] ] ] } },
{ "type": "Feature", "properties": { "dataset_code": "KAA", "source_file": "КАА.kml", "placemark_index": 48, "organization_code": "KAA", "organization_name_raw": "КАА", "farm_name_raw": "Орошение Солнцево", "region_name_raw": "Курская область", "district_name_raw": "Солнцевский район", "field_external_key": "KAA:КУР-СОЛ-0028-02", "field_code_raw": "КУР-СОЛ-0028-02", "field_name_raw": "КУР-СОЛ-0028-02", "field_code_unique_status": "unique", "source_fid": "76", "declared_area_ha": 78.0, "geometry_area_ha": 78.004611, "area_diff_ha": 0.004611, "area_diff_pct": 0.005912, "area_quality_status": "ok", "geometry_type": "Polygon", "polygon_count": 1, "inner_ring_count": 0, "geometry_valid": true, "geometry_validity_reason": "Valid Geometry", "centroid_lon": 36.771164567, "centroid_lat": 51.456135089, "representative_lon": 36.771164286000001, "representative_lat": 51.456089972000001, "centroid_within_geometry": true, "weather_point_lon_candidate": 36.771164567, "weather_point_lat_candidate": 51.456135089, "active_2026_candidate": true, "active_reason": "kaa_crop_plan_present", "season_year_candidate": null, "crop_raw": "Соя", "crop_code_candidate": "soybean", "crop_parameter_set_candidate_key": "aquacrop_v7_3_regional_soybean_kursk_oblast", "regional_crop_parameter_set_candidate_key": "aquacrop_v7_3_regional_soybean_kursk_oblast", "crop_parameter_candidate_status": "resolved_from_kml_region_kursk_oblast", "crop_parameter_candidate_comment_ru": "Кандидат выбран по культуре и признаку региона 'Курская область' из KAA.kml.", "sowing_date_raw": "", "calculation_ready": false, "calculation_blockers_json": [ "missing_sowing_date", "missing_soil_profile" ], "geometry_hash_sha256": "467bd9e92dc96f104e07cddd3399407bd48cd4cffbaa6a833d3a04d2a12c3add", "source_attributes_json": { "ESRI_OID": "1845", "fid": "76", "is_experimental_production": "Нет", "source_fid": "76", "В аренде": "Нет", "Вид семян": "Собственные", "Дата изменения": "10.11.2025 9:56:18", "Изменил": "GEODATA", "Интенсивность": "MAX", "История": "2013: Кукуруза зерновая, 2014: Подсолнечник, 2015: Пшеница яровая, 2016: Соя, 2017: Пшеница озимая, 2018: Соя, 2019: Пар, 2020: Пшеница озимая, 2021: Соя, 2022: Пар, Пшеница яровая, 2023: Кукуруза зерновая, 2024: Кукуруза зерновая, 2025: Кукуруза зерновая, 2026: Соя", "Итого семян (т; п.ед.)": "9.36", "Культура": "Соя", "Мех.состав (пески; карбонаты)": "Нет", "Название": "КУР-СОЛ-0028-02", "Направление склона": "СЗ", "Норма высева (кг/га; п.ед./га)": "120", "Область": "Курская область", "Ограничение сева по ХСЗР (сах.свекла)": "2016", "Опытное": "Нет", "План. хозяйство": "Орошение Солнцево", "Площадь (га)": "78", "Под оптимизацию": "Нет", "Пред. предшественник": "Кукуруза зерновая", "Предшественник": "Кукуруза зерновая", "Район": "Солнцевский район", "Рельеф": "Пригодно", "Семена": "Семена сои ЕС ФАВОР РС1 (соб.)", "Сред. норма высева (кг/га; п.ед./га)": "0", "Территория": "Орошение", "Технология": "Соя АТ семенная орошение MAX", "Технология компании": "АТ семенная", "Тип посевов": "Семенные", "Уклон (град.)": "1.4", "Хозяйство": "Орошение Солнцево" } }, "geometry": { "type": "Polygon", "coordinates": [ [ [ 36.771164286059999, 51.460614444867197 ], [ 36.771451184605503, 51.460610858325197 ], [ 36.771737625010203, 51.460600103174897 ], [ 36.772023146438499, 51.460582196202502 ], [ 36.772307290749403, 51.4605571670633 ], [ 36.772589605192003, 51.460525056043998 ], [ 36.7728696361172, 51.460485912942801 ], [ 36.773146936163897, 51.4604398032265 ], [ 36.773421058869502, 51.460386797956097 ], [ 36.773691567652698, 51.4603269833013 ], [ 36.773958027728902, 51.460260454944397 ], [ 36.774220013296699, 51.4601873203191 ], [ 36.774477103046202, 51.460107695252198 ], [ 36.774728887345603, 51.460021707322497 ], [ 36.774974961054802, 51.459929495300997 ], [ 36.775214929813203, 51.459831206353201 ], [ 36.775448411836997, 51.459726997157901 ], [ 36.775675030732103, 51.459617036147399 ], [ 36.775894425375597, 51.459501497909898 ], [ 36.776106242729703, 51.459380569347097 ], [ 36.7763101450278, 51.459254441838603 ], [ 36.776505804384897, 51.459123320197001 ], [ 36.7766929081873, 51.458987412034702 ], [ 36.776871156397497, 51.458846936159098 ], [ 36.777040264249798, 51.458702116976099 ], [ 36.777199961351101, 51.458553187288999 ], [ 36.777349989885003, 51.458400383821299 ], [ 36.777490111797903, 51.458243953933099 ], [ 36.777620103409397, 51.458084147226202 ], [ 36.777739752717103, 51.4579212183423 ], [ 36.777848872871303, 51.457755429203203 ], [ 36.777947286005599, 51.4575870450916 ], [ 36.778034835813202, 51.457416336891697 ], [ 36.778111383055098, 51.457243576050601 ], [ 36.778176802865701, 51.457069041296101 ], [ 36.7782309937352, 51.4568930102404 ], [ 36.778273865832197, 51.456715764978 ], [ 36.778305352681201, 51.456537590965901 ], [ 36.778325403976702, 51.456358771986402 ], [ 36.778333987379199, 51.456179596304104 ], [ 36.778331087617502, 51.456000348270003 ], [ 36.778316712776302, 51.455821316157703 ], [ 36.778290882618599, 51.455642787125797 ], [ 36.7782536420602, 51.455465047218098 ], [ 36.778205047694897, 51.455288379123999 ], [ 36.778145178574498, 51.455113068336097 ], [ 36.778074131716998, 51.454939394193801 ], [ 36.777992020310101, 51.454767633801602 ], [ 36.777898976406199, 51.454598064827699 ], [ 36.777795147329101, 51.454430957107299 ], [ 36.777680701063602, 51.454266578240102 ], [ 36.777555819967702, 51.454105191350898 ], [ 36.777420706162502, 51.453947055089401 ], [ 36.777275574345097, 51.453792423070396 ], [ 36.777120656281198, 51.4536415421938 ], [ 36.776956201702099, 51.453494654883798 ], [ 36.776782473814301, 51.453351995169399 ], [ 36.776599751095702, 51.453213793163599 ], [ 36.776408323701901, 51.453080268344301 ], [ 36.7762085015518, 51.452951635152701 ], [ 36.776000604445599, 51.452828100193898 ], [ 36.775784962064897, 51.452709859997199 ], [ 36.775561922058003, 51.452597104934199 ], [ 36.775331841954198, 51.452490015300299 ], [ 36.775095089164402, 51.452388761873699 ], [ 36.774852042777802, 51.452293508155101 ], [ 36.774603092663099, 51.452204405327898 ], [ 36.774348636774, 51.4521215972973 ], [ 36.7740890829457, 51.452045215091402 ], [ 36.773824847098197, 51.451975381898997 ], [ 36.773556351439503, 51.451912209151502 ], [ 36.7732840262628, 51.451855798201102 ], [ 36.773008307250997, 51.451806240321098 ], [ 36.772729634578504, 51.451763613347097 ], [ 36.772448458301298, 51.451727986154403 ], [ 36.772165224882102, 51.451699415300197 ], [ 36.771880388868503, 51.451677947261501 ], [ 36.7715944066045, 51.451663616196598 ], [ 36.771307736231002, 51.451656445064401 ], [ 36.771020835888898, 51.451656445064401 ], [ 36.770734164617103, 51.451663616196598 ], [ 36.770448183251403, 51.451677947261501 ], [ 36.770163347237798, 51.451699415300098 ], [ 36.769880113818601, 51.451727986154403 ], [ 36.769598936643099, 51.451763613347097 ], [ 36.769320265767199, 51.451806240321098 ], [ 36.769044545857099, 51.451855798201102 ], [ 36.768772220680397, 51.451912209151502 ], [ 36.768503725021702, 51.451975381898997 ], [ 36.7682394891741, 51.452045215091402 ], [ 36.767979935345799, 51.4521215972973 ], [ 36.767725478558397, 51.452204405327898 ], [ 36.767476529342098, 51.452293508155101 ], [ 36.767233482955398, 51.452388761873799 ], [ 36.766996730165701, 51.452490015300299 ], [ 36.766766650061903, 51.452597104934199 ], [ 36.766543610054903, 51.452709859997199 ], [ 36.7663279676743, 51.452828100193898 ], [ 36.766120069669803, 51.452951635152701 ], [ 36.765920248417999, 51.453080268344301 ], [ 36.7657288219226, 51.453213793163599 ], [ 36.765546098305599, 51.453351995169399 ], [ 36.765372370417801, 51.453494654883798 ], [ 36.765207915838801, 51.4536415421938 ], [ 36.765052998672999, 51.453792423070396 ], [ 36.764907865957397, 51.453947055089401 ], [ 36.764772752152197, 51.454105191350898 ], [ 36.764647871954701, 51.454266578240102 ], [ 36.764533424790798, 51.454430957107299 ], [ 36.764429596611897, 51.454598064827699 ], [ 36.764336551809798, 51.454767633801602 ], [ 36.764258714587001, 51.454945173229397 ], [ 36.764188845420897, 51.455112307615401 ], [ 36.7641276908113, 51.455288175370299 ], [ 36.7640825855025, 51.455462920687197 ], [ 36.764037688602897, 51.455642787125797 ], [ 36.764011859343597, 51.455821316157703 ], [ 36.763997483604101, 51.456000348270003 ], [ 36.763994584740701, 51.456179596304104 ], [ 36.764003168143198, 51.456358771986402 ], [ 36.764023219438698, 51.456537590965901 ], [ 36.764054706287702, 51.456715764978 ], [ 36.764097579283003, 51.4568930102404 ], [ 36.764151769254099, 51.457069041296101 ], [ 36.764217189064702, 51.457243576050601 ], [ 36.764293736306698, 51.457416336891697 ], [ 36.7643812861143, 51.457587045091699 ], [ 36.7644797001469, 51.457755429203203 ], [ 36.764588819402803, 51.4579212183423 ], [ 36.764708469608799, 51.458084147226202 ], [ 36.764838460321997, 51.458243953933099 ], [ 36.764978582234903, 51.458400383821299 ], [ 36.765128610768798, 51.458553187288999 ], [ 36.7652883078702, 51.458702116976099 ], [ 36.765457415722402, 51.458846936159098 ], [ 36.765635663932599, 51.458987412034702 ], [ 36.765822767735003, 51.459123320197001 ], [ 36.766018427990403, 51.459254441838603 ], [ 36.766222329390203, 51.459380569347097 ], [ 36.766434146744302, 51.459501497909898 ], [ 36.766653541387797, 51.459617036147399 ], [ 36.766880160282902, 51.459726997157901 ], [ 36.767113642306697, 51.459831206353201 ], [ 36.7673536119635, 51.459929495301097 ], [ 36.767599684774297, 51.460021707322497 ], [ 36.767851469073698, 51.460107695252198 ], [ 36.768108558823201, 51.4601873203191 ], [ 36.768370544390898, 51.460260454944397 ], [ 36.768637003568799, 51.4603269833013 ], [ 36.768907513250298, 51.460386797956097 ], [ 36.769181635955903, 51.4604398032265 ], [ 36.7694589360027, 51.460485912942801 ], [ 36.769738966927903, 51.460525056043998 ], [ 36.770021281370497, 51.4605571670633 ], [ 36.7703054256814, 51.460582196202502 ], [ 36.7705909480079, 51.460600103174897 ], [ 36.7708773866161, 51.460610858325197 ], [ 36.771164286059999, 51.460614444867197 ], [ 36.771164286059999, 51.460614444867197 ] ] ] } },
{ "type": "Feature", "properties": { "dataset_code": "KAA", "source_file": "КАА.kml", "placemark_index": 49, "organization_code": "KAA", "organization_name_raw": "КАА", "farm_name_raw": "Орошение Солнцево", "region_name_raw": "Курская область", "district_name_raw": "Солнцевский район", "field_external_key": "KAA:КУР-СОЛ-0010-02", "field_code_raw": "КУР-СОЛ-0010-02", "field_name_raw": "КУР-СОЛ-0010-02", "field_code_unique_status": "unique", "source_fid": "80", "declared_area_ha": 55.4, "geometry_area_ha": 55.396103, "area_diff_ha": -0.003897, "area_diff_pct": -0.007034, "area_quality_status": "ok", "geometry_type": "Polygon", "polygon_count": 1, "inner_ring_count": 0, "geometry_valid": true, "geometry_validity_reason": "Valid Geometry", "centroid_lon": 36.744100011999997, "centroid_lat": 51.493058782, "representative_lon": 36.744102499, "representative_lat": 51.493057391000001, "centroid_within_geometry": true, "weather_point_lon_candidate": 36.744100011999997, "weather_point_lat_candidate": 51.493058782, "active_2026_candidate": true, "active_reason": "kaa_crop_plan_present", "season_year_candidate": null, "crop_raw": "Подсолнечник", "crop_code_candidate": "sunflower", "crop_parameter_set_candidate_key": "aquacrop_v7_3_regional_sunflower_kursk_oblast", "regional_crop_parameter_set_candidate_key": "aquacrop_v7_3_regional_sunflower_kursk_oblast", "crop_parameter_candidate_status": "resolved_from_kml_region_kursk_oblast", "crop_parameter_candidate_comment_ru": "Кандидат выбран по культуре и признаку региона 'Курская область' из KAA.kml.", "sowing_date_raw": "", "calculation_ready": false, "calculation_blockers_json": [ "missing_sowing_date", "missing_soil_profile" ], "geometry_hash_sha256": "295ef09eb2bc6b0842b53716d38724dc65ab3bc23ad1d18ddf653bd17a7952b4", "source_attributes_json": { "ESRI_OID": "1496", "fid": "80", "is_experimental_production": "Нет", "source_fid": "80", "В аренде": "Нет", "Дата изменения": "20.11.2025 12:49:05", "Изменил": "esb", "Интенсивность": "MAX", "История": "2013: Пар, 2014: Пшеница озимая, 2015: Пшеница озимая, 2016: Кукуруза зерновая, 2017: Пар, 2018: Пшеница озимая, 2019: Соя, 2020: Соя, 2021: Пшеница яровая, 2022: Пар, Соя, 2023: Кукуруза зерновая, 2024: Кукуруза зерновая, 2025: Рапс яровой, 2026: Подсолнечник", "Культура": "Подсолнечник", "Название": "КУР-СОЛ-0010-02", "Область": "Курская область", "Опытное": "Нет", "План. хозяйство": "Орошение Солнцево", "Площадь (га)": "55.4", "Под оптимизацию": "Нет", "Пред. предшественник": "Кукуруза зерновая", "Предшественник": "Рапс яровой", "Район": "Солнцевский район", "Территория": "Орошение", "Технология": "Подсолнечник АТ гибридизация орошение MAS EX MAX_ Мультипликация", "Технология компании": "АТ семенная", "Тип посевов": "Семенные", "Хозяйство": "Орошение Солнцево" } }, "geometry": { "type": "Polygon", "coordinates": [ [ [ 36.749514117856499, 51.494754903488598 ], [ 36.749596973966703, 51.494651558721998 ], [ 36.749671028383801, 51.494541144964202 ], [ 36.749740922702799, 51.494437789086597 ], [ 36.749839219954403, 51.494268591226799 ], [ 36.749949828616998, 51.4940351457399 ], [ 36.750043810362101, 51.493776673598802 ], [ 36.750109901214103, 51.493516456113497 ], [ 36.750148649145601, 51.493248974109399 ], [ 36.7501536770163, 51.492992087042403 ], [ 36.750120617217199, 51.492729618915199 ], [ 36.750069246159299, 51.492468110166001 ], [ 36.749988777771101, 51.492209475888799 ], [ 36.7498796073113, 51.491954975146299 ], [ 36.749742262989201, 51.491705849130497 ], [ 36.749577417643003, 51.491463308855401 ], [ 36.749385874366503, 51.491228537951599 ], [ 36.7491685638145, 51.491002680358399 ], [ 36.748926548693802, 51.490786835286798 ], [ 36.748661005797501, 51.490582053859903 ], [ 36.748373229597902, 51.4903893340759 ], [ 36.748064623263502, 51.490209615210198 ], [ 36.747736687879097, 51.490043771100602 ], [ 36.747391023344299, 51.489892611820302 ], [ 36.747029312203601, 51.489756871928897 ], [ 36.746653316951502, 51.489637213265503 ], [ 36.7462648683547, 51.489534219350901 ], [ 36.745865859163402, 51.489448389233097 ], [ 36.745458233331803, 51.489380144195302 ], [ 36.745043975238502, 51.489329814889899 ], [ 36.744625104296297, 51.489297646928698 ], [ 36.7442036578841, 51.4892837958485 ], [ 36.743991566543798, 51.489286076301603 ], [ 36.743781692245697, 51.489288332143403 ], [ 36.743361260031499, 51.489311230078201 ], [ 36.742944409400302, 51.489352379993498 ], [ 36.742533172341403, 51.489411582153899 ], [ 36.742129550301001, 51.489488547308802 ], [ 36.741735508793198, 51.4895828989306 ], [ 36.741352969314299, 51.489694181048698 ], [ 36.740983794071902, 51.489821848183396 ], [ 36.740629780594901, 51.489965281010299 ], [ 36.740292655445103, 51.490123779092499 ], [ 36.739974058048098, 51.490296572070697 ], [ 36.739696834358199, 51.490469532193401 ], [ 36.739675543387698, 51.490482816310902 ], [ 36.739398563141101, 51.490681606095002 ], [ 36.7391444692731, 51.490891973065402 ], [ 36.738914498763798, 51.491112891262603 ], [ 36.738709771812204, 51.491343286078198 ], [ 36.738531287345097, 51.491582034258798 ], [ 36.738379914033203, 51.4918279728576 ], [ 36.738256389393399, 51.492079904272401 ], [ 36.738161317093599, 51.492336600162403 ], [ 36.738095159766203, 51.492596810959299 ], [ 36.738058240804598, 51.492859269224397 ], [ 36.738050739872001, 51.493122695243301 ], [ 36.7380726946976, 51.493385805975002 ], [ 36.738123998381802, 51.493647320086502 ], [ 36.738204402091299, 51.493905962984996 ], [ 36.738313514160602, 51.494160475207202 ], [ 36.738450801888902, 51.494409615213897 ], [ 36.738615599624403, 51.494652170015101 ], [ 36.738807104273199, 51.494886959081498 ], [ 36.739024380689301, 51.495112836020901 ], [ 36.739266374250498, 51.495328701996698 ], [ 36.739531901875402, 51.495533504047202 ], [ 36.739819673583398, 51.495726246267303 ], [ 36.740128287104298, 51.495905985889699 ], [ 36.740358846010203, 51.496022594656203 ], [ 36.740456236861696, 51.496071851178002 ], [ 36.740801925650999, 51.496223031355399 ], [ 36.741163670927797, 51.496358788905297 ], [ 36.741539708400701, 51.496478465160102 ], [ 36.7419282046082, 51.4965814752643 ], [ 36.742327268596704, 51.496667317119503 ], [ 36.742734956412001, 51.496735573059802 ], [ 36.743149279184003, 51.496785909848803 ], [ 36.743568218398202, 51.4968180831521 ], [ 36.743989733082302, 51.4968319352989 ], [ 36.744411768789398, 51.496827398076697 ], [ 36.744832270173902, 51.496804494968899 ], [ 36.745249186381997, 51.496763338357802 ], [ 36.745660486323096, 51.496704127288801 ], [ 36.7460641658556, 51.4966271502674 ], [ 36.746458257668998, 51.496532781905699 ], [ 36.746840842063698, 51.496421484043204 ], [ 36.747210054137099, 51.4962937979194 ], [ 36.747564093665297, 51.496150345295597 ], [ 36.747901238577903, 51.495991826220802 ], [ 36.7482324851524, 51.495820452433897 ], [ 36.748527346364597, 51.495638731547203 ], [ 36.748789322051003, 51.495447455363703 ], [ 36.749052611972502, 51.495229434512503 ], [ 36.749251817878402, 51.495054798403999 ], [ 36.749403123816599, 51.494885190647203 ], [ 36.749514117856499, 51.494754903488598 ], [ 36.749514117856499, 51.494754903488598 ] ] ] } },
{ "type": "Feature", "properties": { "dataset_code": "KAA", "source_file": "КАА.kml", "placemark_index": 50, "organization_code": "KAA", "organization_name_raw": "КАА", "farm_name_raw": "Орошение Горшечное", "region_name_raw": "Курская область", "district_name_raw": "Горшеченский район", "field_external_key": "KAA:КУР-ГОР-0060-04", "field_code_raw": "КУР-ГОР-0060-04", "field_name_raw": "КУР-ГОР-0060-04", "field_code_unique_status": "unique", "source_fid": "81", "declared_area_ha": 88.3, "geometry_area_ha": 88.295796, "area_diff_ha": -0.004204, "area_diff_pct": -0.004761, "area_quality_status": "ok", "geometry_type": "Polygon", "polygon_count": 1, "inner_ring_count": 0, "geometry_valid": true, "geometry_validity_reason": "Valid Geometry", "centroid_lon": 37.684911155000002, "centroid_lat": 51.47972372, "representative_lon": 37.684906601000002, "representative_lat": 51.479723153999998, "centroid_within_geometry": true, "weather_point_lon_candidate": 37.684911155000002, "weather_point_lat_candidate": 51.47972372, "active_2026_candidate": true, "active_reason": "kaa_crop_plan_present", "season_year_candidate": null, "crop_raw": "Подсолнечник", "crop_code_candidate": "sunflower", "crop_parameter_set_candidate_key": "aquacrop_v7_3_regional_sunflower_kursk_oblast", "regional_crop_parameter_set_candidate_key": "aquacrop_v7_3_regional_sunflower_kursk_oblast", "crop_parameter_candidate_status": "resolved_from_kml_region_kursk_oblast", "crop_parameter_candidate_comment_ru": "Кандидат выбран по культуре и признаку региона 'Курская область' из KAA.kml.", "sowing_date_raw": "", "calculation_ready": false, "calculation_blockers_json": [ "missing_sowing_date", "missing_soil_profile" ], "geometry_hash_sha256": "f35d99bc0f6474c78b50a5af13f336c40977b569f075be865187be5420d0ec1e", "source_attributes_json": { "ESRI_OID": "351", "fid": "81", "is_experimental_production": "Нет", "source_fid": "81", "В аренде": "Нет", "Дата изменения": "20.11.2025 12:49:02", "Изменил": "esb", "Интенсивность": "MAX", "История": "2013: Кукуруза зерновая, Пшеница озимая, 2014: Соя, 2015: Пшеница озимая, 2016: Соя, 2017: Соя, 2018: Сахарная свекла, Соя, 2019: Пшеница озимая, Пшеница яровая, 2020: Соя, 2021: Залежь, Соя, 2022: Кукуруза зерновая, Пар, 2023: Кукуруза зерновая, Соя, 2024: Кукуруза зерновая, 2025: Кукуруза зерновая, 2026: Подсолнечник", "Культура": "Подсолнечник", "Название": "КУР-ГОР-0060-04", "Область": "Курская область", "Опытное": "Нет", "План. хозяйство": "Орошение Горшечное", "Площадь (га)": "88.3", "Под оптимизацию": "Нет", "Пред. предшественник": "Кукуруза зерновая", "Предшественник": "Кукуруза зерновая", "Район": "Горшеченский район", "Рельеф": "Пригодно", "Территория": "Орошение", "Технология": "Подсолнечник АТ гибридизация орошение MAS EX MAX_ Мультипликация", "Технология компании": "АТ семенная", "Тип посевов": "Семенные", "Хозяйство": "Орошение Горшечное" } }, "geometry": { "type": "Polygon", "coordinates": [ [ [ 37.681931820815201, 51.475340681736498 ], [ 37.681744258872101, 51.475391783508599 ], [ 37.681558966073403, 51.475446001725601 ], [ 37.681355936937699, 51.475509842415804 ], [ 37.681156053702203, 51.475577424487199 ], [ 37.680959495131397, 51.475648688055102 ], [ 37.680766433702203, 51.475723569877502 ], [ 37.680577042789103, 51.475802002795099 ], [ 37.680391489479, 51.4758839174104 ], [ 37.6802099399601, 51.475969240968503 ], [ 37.680032555929103, 51.476057897916597 ], [ 37.679859492794698, 51.476149808225699 ], [ 37.679690906863598, 51.476244891307502 ], [ 37.679526947256299, 51.476343062656703 ], [ 37.679367758601401, 51.4764442338519 ], [ 37.679213483731203, 51.476548316471899 ], [ 37.679064259189403, 51.476655216500497 ], [ 37.678920217926901, 51.476764839922097 ], [ 37.678781487504303, 51.476877088804898 ], [ 37.678648191889202, 51.476991862979503 ], [ 37.678520449659104, 51.477109061717698 ], [ 37.678398374001901, 51.477228579256703 ], [ 37.678282072715298, 51.477350310393398 ], [ 37.678275955188198, 51.4773569487689 ], [ 37.678164037680197, 51.477483015056301 ], [ 37.678058307767898, 51.477611135998799 ], [ 37.677958863367699, 51.477741194086597 ], [ 37.677865796107596, 51.477873070132702 ], [ 37.677779190429398, 51.478006642153701 ], [ 37.677699127181398, 51.478141787608102 ], [ 37.677625679127097, 51.4782783828365 ], [ 37.677558913640297, 51.478416301383703 ], [ 37.677498892704499, 51.4785554167957 ], [ 37.677445672015502, 51.478695600941698 ], [ 37.677399299183897, 51.478836725132602 ], [ 37.677359817328899, 51.478978660121797 ], [ 37.677327263281299, 51.479121274425999 ], [ 37.677301666685601, 51.479264437682602 ], [ 37.677286621701199, 51.479375747781802 ], [ 37.6772757835273, 51.479487247268402 ], [ 37.677268058015898, 51.4796301240494 ], [ 37.6772672387523, 51.4797730798266 ], [ 37.677273326635003, 51.479915986482602 ], [ 37.677286315375703, 51.480058713663901 ], [ 37.6773061941946, 51.480201132137601 ], [ 37.677332945125499, 51.480343113231797 ], [ 37.677366542117099, 51.480484528835603 ], [ 37.6774069573218, 51.480625250280198 ], [ 37.6774541521118, 51.480765150017497 ], [ 37.677508084266499, 51.480904101619601 ], [ 37.677568706175201, 51.481041979219498 ], [ 37.677635961243901, 51.481178658070803 ], [ 37.677709789285501, 51.481314014547102 ], [ 37.6777901238247, 51.481447926142302 ], [ 37.677876892097999, 51.481580270911302 ], [ 37.677970015053603, 51.481710929707198 ], [ 37.678069408249897, 51.481839784503101 ], [ 37.678174981855399, 51.4819667172736 ], [ 37.678286639750198, 51.482091614469503 ], [ 37.6784042822215, 51.482214363102102 ], [ 37.6785278023697, 51.4823348507432 ], [ 37.678657087007103, 51.482452969440601 ], [ 37.678792021149299, 51.482568611243202 ], [ 37.678932480828799, 51.482681672675902 ], [ 37.679078339383203, 51.482792050823498 ], [ 37.679229464760098, 51.482899645568502 ], [ 37.679385720415603, 51.483004359031703 ], [ 37.679546964415799, 51.483106097809497 ], [ 37.679714210060403, 51.483205737414799 ], [ 37.679885756838601, 51.483302499709197 ], [ 37.680061478088, 51.483396311986603 ], [ 37.6802412417561, 51.483487104897499 ], [ 37.680424914892399, 51.483574810770698 ], [ 37.6806123609528, 51.483659364172397 ], [ 37.680797460613803, 51.4837342899039 ], [ 37.680985906499103, 51.483805907702703 ], [ 37.681177546793599, 51.483874158846298 ], [ 37.681372226987001, 51.483938988527299 ], [ 37.681569788077603, 51.484000344175698 ], [ 37.6817700719618, 51.484058176577598 ], [ 37.681972915146197, 51.484112438196497 ], [ 37.682178154137503, 51.4841630859706 ], [ 37.682385623645601, 51.484210078516 ], [ 37.6825951547873, 51.484253377804002 ], [ 37.682806578679298, 51.484292949161997 ], [ 37.683019724641703, 51.484328760154099 ], [ 37.683234419299701, 51.484360781700097 ], [ 37.6834504892783, 51.484388988634599 ], [ 37.68362808621, 51.4844091926945 ], [ 37.683709904766097, 51.484417607833599 ], [ 37.6838983263969, 51.484434877240297 ], [ 37.684087372356899, 51.4844492578721 ], [ 37.684195486398004, 51.484456165966499 ], [ 37.684287269067198, 51.484461283963597 ], [ 37.684447400953097, 51.484468578604897 ], [ 37.684607740349797, 51.4844738079222 ], [ 37.684628601027399, 51.484474336000503 ], [ 37.684649464399897, 51.484474828836198 ], [ 37.684670329569002, 51.484475286429401 ], [ 37.6848874173388, 51.484477982201398 ], [ 37.685104540143001, 51.484476890243101 ], [ 37.6853215299965, 51.484472012791898 ], [ 37.685538214422799, 51.484463352083999 ], [ 37.6857544245387, 51.484450915949097 ], [ 37.685901438326503, 51.484440282214798 ], [ 37.686048099974698, 51.484427908727 ], [ 37.686282821673601, 51.484403885612402 ], [ 37.686516286629399, 51.4843755086276 ], [ 37.686748287331298, 51.484342803497299 ], [ 37.686978616268497, 51.4843057998605 ], [ 37.687197462041397, 51.484266164181797 ], [ 37.687414292893102, 51.484222445349999 ], [ 37.687628912990903, 51.484174682511799 ], [ 37.687841127400297, 51.484122919847998 ], [ 37.688050744780298, 51.484067203216497 ], [ 37.688257574688002, 51.4840075840685 ], [ 37.688461430273698, 51.483944115532999 ], [ 37.688662125586298, 51.483876855213303 ], [ 37.688859480064302, 51.483805864068501 ], [ 37.689053314943003, 51.483731206973403 ], [ 37.689243453254399, 51.483652950480199 ], [ 37.689429725216797, 51.483571166735203 ], [ 37.689611959251899, 51.483485929003002 ], [ 37.689789992764801, 51.483397313904398 ], [ 37.689963663160398, 51.483305403095102 ], [ 37.690132813233497, 51.483210278789898 ], [ 37.690297290270401, 51.483112027678899 ], [ 37.690456944252603, 51.483010738130901 ], [ 37.690611632347903, 51.482906502430602 ], [ 37.690761212622498, 51.482799414541098 ], [ 37.690905550329099, 51.482689571782799 ], [ 37.6910445152119, 51.482577073713898 ], [ 37.6911779806087, 51.482462022131003 ], [ 37.691305826144898, 51.482344521068804 ], [ 37.691427935039798, 51.482224676800698 ], [ 37.6915441985971, 51.482102597838399 ], [ 37.691654509917399, 51.481978395491502 ], [ 37.691758769287603, 51.4818521810707 ], [ 37.691856882384599, 51.4817240703631 ], [ 37.691948761173599, 51.481594178038002 ], [ 37.692034321212802, 51.4814626221224 ], [ 37.692113485247198, 51.481329522322802 ], [ 37.692186182309896, 51.481194998906297 ], [ 37.6922523450272, 51.481059173260398 ], [ 37.692311915906998, 51.480922168452103 ], [ 37.692364839253599, 51.480784109228097 ], [ 37.692411066558101, 51.480645120336597 ], [ 37.692450557396299, 51.480505327646199 ], [ 37.692483275835599, 51.480364857586402 ], [ 37.692505822651, 51.480215305427002 ], [ 37.692523444003498, 51.480065496545102 ], [ 37.692536132706898, 51.479915494157098 ], [ 37.692543883371201, 51.479765360361498 ], [ 37.692547472140802, 51.479680948557203 ], [ 37.692545094300201, 51.479596519253299 ], [ 37.692536753442802, 51.479512237492003 ], [ 37.692522307634697, 51.479366663708099 ], [ 37.692500703152099, 51.479221433533198 ], [ 37.692471960656299, 51.479076683481601 ], [ 37.692436107096697, 51.478932550069104 ], [ 37.692393176609201, 51.478789168135101 ], [ 37.6923501877313, 51.478665381966202 ], [ 37.692301922149397, 51.478542352434701 ], [ 37.692248413999501, 51.478420166265899 ], [ 37.6922214950837, 51.478363117818603 ], [ 37.692173893356802, 51.4782681303478 ], [ 37.692123117881998, 51.478173782167403 ], [ 37.692069189320499, 51.478080114683102 ], [ 37.6920337939018, 51.478021804173899 ], [ 37.691979474573102, 51.477936492288102 ], [ 37.691893087185498, 51.477809825246403 ], [ 37.6918008481722, 51.477684768619397 ], [ 37.691699870347698, 51.477557834561502 ], [ 37.691592863929401, 51.477432830395301 ], [ 37.691496012965302, 51.4773233848193 ], [ 37.691393391223897, 51.4772159979183 ], [ 37.691343300265302, 51.477166371339102 ], [ 37.691223164969102, 51.4770500685011 ], [ 37.6910974457451, 51.476936077769302 ], [ 37.690966255780999, 51.476824504346702 ], [ 37.690829715451102, 51.476715448401499 ], [ 37.6906879496212, 51.476609010662202 ], [ 37.690541087648597, 51.476505287940903 ], [ 37.690389262484103, 51.476404374812397 ], [ 37.690232613366597, 51.476306363613602 ], [ 37.690071283128098, 51.476211343324699 ], [ 37.689905419990602, 51.476119400688098 ], [ 37.689735173074602, 51.476030619648697 ], [ 37.689560699585201, 51.475945081913302 ], [ 37.689349886547603, 51.4758515732292 ], [ 37.689135263754899, 51.475761489125098 ], [ 37.688916974039202, 51.475674890048701 ], [ 37.688695163825798, 51.475591834209197 ], [ 37.688469980438597, 51.475512377017999 ], [ 37.6882415756928, 51.475436571647997 ], [ 37.688030690789901, 51.475375918420902 ], [ 37.687816959125897, 51.475319263423202 ], [ 37.687600574736898, 51.475266659264499 ], [ 37.687381735252302, 51.475218154077403 ], [ 37.687160642792897, 51.475173791517499 ], [ 37.686937496784701, 51.475133612441702 ], [ 37.686712502942001, 51.475097653789398 ], [ 37.686485866978998, 51.475065948022802 ], [ 37.686257794609801, 51.475038524805498 ], [ 37.686028496040301, 51.475015408763802 ], [ 37.685798180577798, 51.474996621166298 ], [ 37.685567058428298, 51.474982179363501 ], [ 37.685335340695701, 51.474972095668903 ], [ 37.685103239382499, 51.474966380716403 ], [ 37.684870966490998, 51.474965038983797 ], [ 37.684638734922103, 51.474968071030901 ], [ 37.684406756678101, 51.474975475178397 ], [ 37.684175243761402, 51.474987244709801 ], [ 37.683944408174398, 51.475003367871899 ], [ 37.683714461021196, 51.475023830672001 ], [ 37.683485611609299, 51.475048614080499 ], [ 37.683258070144497, 51.475077695150098 ], [ 37.683032043239201, 51.4751110481347 ], [ 37.682807740201, 51.475148642251298 ], [ 37.6825853631507, 51.4751904422398 ], [ 37.682365117802597, 51.475236411160402 ], [ 37.682147203582701, 51.475286506477097 ], [ 37.681931820815201, 51.475340681736498 ], [ 37.681931820815201, 51.475340681736498 ] ] ] } },
{ "type": "Feature", "properties": { "dataset_code": "KAA", "source_file": "КАА.kml", "placemark_index": 51, "organization_code": "KAA", "organization_name_raw": "КАА", "farm_name_raw": "Орошение Солнцево", "region_name_raw": "Курская область", "district_name_raw": "Солнцевский район", "field_external_key": "KAA:КУР-СОЛ-0017-02", "field_code_raw": "КУР-СОЛ-0017-02", "field_name_raw": "КУР-СОЛ-0017-02", "field_code_unique_status": "unique", "source_fid": "82", "declared_area_ha": 137.5, "geometry_area_ha": 137.499619, "area_diff_ha": -0.000381, "area_diff_pct": -0.000277, "area_quality_status": "ok", "geometry_type": "Polygon", "polygon_count": 1, "inner_ring_count": 0, "geometry_valid": true, "geometry_validity_reason": "Valid Geometry", "centroid_lon": 36.730422245, "centroid_lat": 51.537023143, "representative_lon": 36.730422059, "representative_lat": 51.536971361, "centroid_within_geometry": true, "weather_point_lon_candidate": 36.730422245, "weather_point_lat_candidate": 51.537023143, "active_2026_candidate": true, "active_reason": "kaa_crop_plan_present", "season_year_candidate": null, "crop_raw": "Пшеница яровая", "crop_code_candidate": "spring_wheat", "crop_parameter_set_candidate_key": "aquacrop_v7_3_regional_spring_wheat_kursk_oblast", "regional_crop_parameter_set_candidate_key": "aquacrop_v7_3_regional_spring_wheat_kursk_oblast", "crop_parameter_candidate_status": "resolved_from_kml_region_kursk_oblast", "crop_parameter_candidate_comment_ru": "Кандидат выбран по культуре и признаку региона 'Курская область' из KAA.kml.", "sowing_date_raw": "", "calculation_ready": false, "calculation_blockers_json": [ "missing_sowing_date", "missing_soil_profile" ], "geometry_hash_sha256": "ee19400e61ddde6c8adb40b04b3a40aac04833be5ff8edc11bec822ec8e3e565", "source_attributes_json": { "ESRI_OID": "1150", "fid": "82", "is_experimental_production": "Нет", "source_fid": "82", "В аренде": "Нет", "Вид семян": "Собственные", "Дата изменения": "10.11.2025 9:55:24", "Изменил": "GEODATA", "Интенсивность": "MAX", "История": "2013: Ячмень яровой пив., 2014: Соя, 2015: Пшеница озимая, 2016: Соя, 2017: Пшеница яровая, 2018: Сахарная свекла, Соя, 2019: Пшеница озимая, Пшеница яровая, 2020: Соя, 2021: Соя, 2022: Пар, Пшеница яровая, 2023: Кукуруза зерновая, 2024: Кукуруза зерновая, 2025: Подсолнечник, 2026: Пшеница яровая", "Итого семян (т; п.ед.)": "33", "Культура": "Пшеница яровая", "Мех.состав (пески; карбонаты)": "Да", "Название": "КУР-СОЛ-0017-02", "Направление склона": "ЮЗ, СВ", "Норма высева (кг/га; п.ед./га)": "240", "Область": "Курская область", "Опытное": "Нет", "План. хозяйство": "Орошение Солнцево", "Площадь (га)": "137.5", "Под оптимизацию": "Нет", "Пред. предшественник": "Кукуруза зерновая", "Предшественник": "Подсолнечник", "Район": "Солнцевский район", "Рельеф": "Условно пригодно", "Семена": "Семена яровой пшеницы КВС АКВИЛОН РС1 (соб.)", "Сред. норма высева (кг/га; п.ед./га)": "0", "Территория": "Орошение", "Технология": "Пшеница яровая АТ семенная орошение MAX", "Технология компании": "АТ семенная", "Тип посевов": "Семенные", "Уклон (град.)": "1.6", "Хозяйство": "Орошение Солнцево" } }, "geometry": { "type": "Polygon", "coordinates": [ [ [ 36.723591554076897, 51.541172999016098 ], [ 36.723705490099299, 51.541243445470698 ], [ 36.723975835389098, 51.541404245318603 ], [ 36.723984592166502, 51.541409454136499 ], [ 36.7240696347761, 51.541458505159099 ], [ 36.7243203060629, 51.5415933250815 ], [ 36.724578331856897, 51.541722639152198 ], [ 36.724843401341097, 51.541846290981802 ], [ 36.725115193816798, 51.541964130326399 ], [ 36.725317160245503, 51.5420453595532 ], [ 36.725393384093998, 51.542076015880497 ], [ 36.725677634406097, 51.542181814159598 ], [ 36.725967604291597, 51.542281395030102 ], [ 36.7259787254348, 51.5422849058723 ], [ 36.726254136324499, 51.542371860026499 ], [ 36.726262941610898, 51.542374640089498 ], [ 36.726276303152503, 51.542378501225798 ], [ 36.726563294224498, 51.542461435962203 ], [ 36.726592935035598, 51.542469234201903 ], [ 36.726868297416303, 51.542541679326902 ], [ 36.726990977639701, 51.542570870988399 ], [ 36.727031691085003, 51.542580558704998 ], [ 36.727177582876998, 51.542615273006 ], [ 36.727490779602498, 51.5426821270826 ], [ 36.727807510300302, 51.542742162811102 ], [ 36.728127392288201, 51.542795307030303 ], [ 36.728450040188697, 51.542841494956299 ], [ 36.728775065031599, 51.542880671859002 ], [ 36.729102075151197, 51.542912790826698 ], [ 36.729430677085503, 51.542937812207597 ], [ 36.729760472880798, 51.5429557058442 ], [ 36.730012246400399, 51.542963889493301 ], [ 36.730091067278401, 51.542966451073397 ], [ 36.730422058731399, 51.5429700339334 ], [ 36.730753051980997, 51.542966451073397 ], [ 36.730945062381402, 51.542960210538702 ], [ 36.7310836463786, 51.5429557058442 ], [ 36.731347503137101, 51.542941390041598 ], [ 36.731413442173903, 51.542937812207597 ], [ 36.7316046791248, 51.542923250576798 ], [ 36.731742043209898, 51.542912790826698 ], [ 36.732069053329496, 51.542880671859002 ], [ 36.732394078172298, 51.542841494956299 ], [ 36.732716726072901, 51.542795307030303 ], [ 36.732923097839802, 51.542761020822802 ], [ 36.7330366080608, 51.542742162811102 ], [ 36.733353338758597, 51.5426821270826 ], [ 36.733666536382401, 51.542615273006 ], [ 36.733975821843103, 51.542541679326902 ], [ 36.734280825034901, 51.542461435962203 ], [ 36.734581175851801, 51.542374640089498 ], [ 36.734876514967802, 51.542281395030102 ], [ 36.735166483954998, 51.542181814159598 ], [ 36.735450735165401, 51.542076015880497 ], [ 36.7355960439508, 51.542017573799299 ], [ 36.735728923646001, 51.541964130326399 ], [ 36.735961402251597, 51.541863336940096 ], [ 36.736000717918301, 51.541846290981802 ], [ 36.736169346070199, 51.541767628075597 ], [ 36.736265787402402, 51.541722639152198 ], [ 36.736523812298202, 51.5415933250815 ], [ 36.736671215056496, 51.541514046604 ], [ 36.736774483584902, 51.541458505159099 ], [ 36.736992739164698, 51.5413326207997 ], [ 36.737017499428902, 51.541318339126299 ], [ 36.737252564284198, 51.541172999016098 ], [ 36.737479397876598, 51.541022657979298 ], [ 36.737697725321603, 51.540867498106799 ], [ 36.737907284311, 51.540707705959903 ], [ 36.738107820621799, 51.540543474805901 ], [ 36.738299096200301, 51.5403750018246 ], [ 36.738480876586202, 51.540202490901898 ], [ 36.738652946183997, 51.540026149278297 ], [ 36.738815094787697, 51.539846189224797 ], [ 36.738967130158002, 51.539662828043497 ], [ 36.739053576834401, 51.539549054757003 ], [ 36.7391088663435, 51.539476286950602 ], [ 36.739122241359802, 51.5394569789173 ], [ 36.739240133562703, 51.539286789958297 ], [ 36.739246870927403, 51.539276056152303 ], [ 36.739360776406997, 51.539094567228602 ], [ 36.739470644857903, 51.538899847808999 ], [ 36.739569609557797, 51.538702868014198 ], [ 36.739657551929199, 51.538503865280099 ], [ 36.739664714196898, 51.538485143513597 ], [ 36.739734365072501, 51.538303078164198 ], [ 36.739799955562901, 51.538100750256397 ], [ 36.739854247043802, 51.537897124033201 ], [ 36.739897172141298, 51.537692445886897 ], [ 36.739928679651499, 51.537486962213997 ], [ 36.739948731845303, 51.537280919974002 ], [ 36.739957306264699, 51.537074567807302 ], [ 36.739954390333303, 51.5368681543588 ], [ 36.739939989440998, 51.536661928277802 ], [ 36.739914119757401, 51.536456138218099 ], [ 36.739876813621997, 51.536251032279402 ], [ 36.739828115950402, 51.536046856889399 ], [ 36.739789454257298, 51.535916119699102 ], [ 36.739768085133299, 51.535843859038998 ], [ 36.739767901877002, 51.535843341054999 ], [ 36.739696793934002, 51.535642281811803 ], [ 36.739614328591003, 51.535442369972102 ], [ 36.7395584075662, 51.535323996309202 ], [ 36.739520788817003, 51.535244363818201 ], [ 36.739416286901701, 51.535048500858203 ], [ 36.739300948609099, 51.534855018045299 ], [ 36.739174914076401, 51.534664147866003 ], [ 36.739038334220602, 51.5344761200165 ], [ 36.7388913743318, 51.534291163078599 ], [ 36.738734211377803, 51.534109497255301 ], [ 36.738567034903397, 51.533931343310996 ], [ 36.738390046131201, 51.5337569141901 ], [ 36.738203458860198, 51.533586421162497 ], [ 36.738007497669201, 51.533420069353497 ], [ 36.737802398815099, 51.5332580588613 ], [ 36.737588409334599, 51.533100585873903 ], [ 36.737365787044297, 51.532947839316101 ], [ 36.737168687687799, 51.5328216911266 ], [ 36.7371348014386, 51.532800003084702 ], [ 36.737117112712397, 51.532789440980501 ], [ 36.736895728300503, 51.5326572549302 ], [ 36.736648856887399, 51.532519768133199 ], [ 36.736394486338298, 51.5323877070336 ], [ 36.736132921182097, 51.532261230941799 ], [ 36.735864475829104, 51.532140493021203 ], [ 36.735845738768901, 51.532132667305902 ], [ 36.735589477266103, 51.532025636934399 ], [ 36.735462707911502, 51.531976577421503 ], [ 36.7353082515816, 51.531916802990501 ], [ 36.735021142830199, 51.5318141219974 ], [ 36.734728493270197, 51.531717715820697 ], [ 36.734559733964304, 51.531666712938801 ], [ 36.734438575486998, 51.531624671339003 ], [ 36.734199708063102, 51.531555918330099 ], [ 36.733988172780002, 51.531504168114097 ], [ 36.733734616104499, 51.531443398906902 ], [ 36.733508820066298, 51.531388691798 ], [ 36.733197459497198, 51.531328070526499 ], [ 36.7329621565883, 51.5312881488166 ], [ 36.732728620665597, 51.531254189796996 ], [ 36.7325036349078, 51.531220582815898 ], [ 36.732324414720402, 51.531196625155097 ], [ 36.732162889547403, 51.531177209666801 ], [ 36.731905390166197, 51.531149054036497 ], [ 36.731577618275203, 51.531120487088103 ], [ 36.731248453995498, 51.531099031827701 ], [ 36.730918295280802, 51.531084713971801 ], [ 36.730587537389901, 51.531077550851002 ], [ 36.730256580971201, 51.531077550851002 ], [ 36.730058102700802, 51.531081849394198 ], [ 36.729925823978498, 51.531084713971801 ], [ 36.729595665263901, 51.531099031827701 ], [ 36.729266500984203, 51.531120487088103 ], [ 36.728938729093201, 51.531149054036497 ], [ 36.728612743052999, 51.531184698011998 ], [ 36.728288937224001, 51.531227377085699 ], [ 36.727967699678402, 51.5312770381489 ], [ 36.727867567168701, 51.531294839692698 ], [ 36.727765055920003, 51.531313064263998 ], [ 36.727649419386701, 51.5313336219427 ], [ 36.727334478132903, 51.531397060823103 ], [ 36.727023255006202, 51.5314672793195 ], [ 36.726816895815702, 51.531518955812103 ], [ 36.726716127298701, 51.531544190223499 ], [ 36.726413462421597, 51.531627702971399 ], [ 36.726115625090898, 51.531717715820697 ], [ 36.7258229764292, 51.5318141219974 ], [ 36.725746880141401, 51.531841336716198 ], [ 36.725535865881199, 51.531916802990501 ], [ 36.725254641993303, 51.532025636934399 ], [ 36.724979641633702, 51.532140493021203 ], [ 36.724711198077301, 51.532261230941799 ], [ 36.724449632022797, 51.5323877070336 ], [ 36.724195260575399, 51.532519768133199 ], [ 36.724082525600501, 51.532582552106398 ], [ 36.723948390958903, 51.5326572549302 ], [ 36.723709317820699, 51.532800003084702 ], [ 36.723478331316798, 51.532947839316101 ], [ 36.723255709026397, 51.533100585873903 ], [ 36.7230417204443, 51.5332580588613 ], [ 36.722836620691901, 51.533420069353497 ], [ 36.7226406603992, 51.533586421162497 ], [ 36.722569011670402, 51.533651889822998 ], [ 36.722454072229802, 51.5337569141901 ], [ 36.722277084355902, 51.533931343310996 ], [ 36.722109906983199, 51.534109497255201 ], [ 36.721952744029302, 51.534291163078599 ], [ 36.7218057841404, 51.5344761200165 ], [ 36.721793790733102, 51.534492631178402 ], [ 36.721669205182899, 51.534664147866003 ], [ 36.721642350945899, 51.534704816509503 ], [ 36.721633108179901, 51.534718814158602 ], [ 36.721543169752003, 51.534855018045299 ], [ 36.721427832357698, 51.535048500858203 ], [ 36.721323330442402, 51.535244363818201 ], [ 36.721229789770099, 51.535442369972102 ], [ 36.721208255356203, 51.535494572792203 ], [ 36.721147324427101, 51.535642281811803 ], [ 36.721076033227803, 51.535843859038998 ], [ 36.721016003308897, 51.536046856889399 ], [ 36.720967304739098, 51.536251032279402 ], [ 36.720929998603602, 51.536456138218099 ], [ 36.720904128920097, 51.536661928277802 ], [ 36.720889728027799, 51.5368681543588 ], [ 36.720886812994699, 51.537074567807302 ], [ 36.720895385617403, 51.537280919974002 ], [ 36.720915438709497, 51.537486962213997 ], [ 36.720946947118101, 51.537692445886897 ], [ 36.720989872215597, 51.537897124033201 ], [ 36.721044162798201, 51.538100750256397 ], [ 36.721109754186898, 51.538303078164198 ], [ 36.7211865673302, 51.538503865280099 ], [ 36.721274507905001, 51.538702868014198 ], [ 36.7213527026572, 51.538858504047603 ], [ 36.721373474401503, 51.538899847808999 ], [ 36.721483342852402, 51.539094567228602 ], [ 36.721603983900103, 51.539286789958297 ], [ 36.7216607340698, 51.539368714555899 ], [ 36.721690315592099, 51.539411417245603 ], [ 36.721735252017602, 51.539476286950602 ], [ 36.721876989101403, 51.539662828043497 ], [ 36.721991858473402, 51.539801367695702 ], [ 36.722029022675002, 51.539846189224797 ], [ 36.722071579463297, 51.539893420489697 ], [ 36.722184619865402, 51.540018876378397 ], [ 36.722191173075402, 51.540026149278198 ], [ 36.722363241774801, 51.540202490901898 ], [ 36.722545023059098, 51.5403750018246 ], [ 36.722545176670998, 51.540375137034502 ], [ 36.722736296840999, 51.540543474805901 ], [ 36.7229368349483, 51.540707705959903 ], [ 36.7230605140984, 51.5408020135649 ], [ 36.723146393039499, 51.540867498106799 ], [ 36.723243138002402, 51.540936252136902 ], [ 36.723364721382801, 51.541022657979298 ], [ 36.723591554076897, 51.541172999016098 ], [ 36.723591554076897, 51.541172999016098 ] ] ] } },
{ "type": "Feature", "properties": { "dataset_code": "KAA", "source_file": "КАА.kml", "placemark_index": 52, "organization_code": "KAA", "organization_name_raw": "КАА", "farm_name_raw": "Орошение Солнцево", "region_name_raw": "Курская область", "district_name_raw": "Солнцевский район", "field_external_key": "KAA:КУР-СОЛ-0031-3", "field_code_raw": "КУР-СОЛ-0031-3", "field_name_raw": "КУР-СОЛ-0031-3", "field_code_unique_status": "unique", "source_fid": "83", "declared_area_ha": 43.18, "geometry_area_ha": 43.184625, "area_diff_ha": 0.004625, "area_diff_pct": 0.01071, "area_quality_status": "ok", "geometry_type": "Polygon", "polygon_count": 1, "inner_ring_count": 0, "geometry_valid": true, "geometry_validity_reason": "Valid Geometry", "centroid_lon": 36.775726084, "centroid_lat": 51.469165764000003, "representative_lon": 36.774784955999998, "representative_lat": 51.469837020999996, "centroid_within_geometry": true, "weather_point_lon_candidate": 36.775726084, "weather_point_lat_candidate": 51.469165764000003, "active_2026_candidate": true, "active_reason": "kaa_crop_plan_present", "season_year_candidate": null, "crop_raw": "Пшеница яровая", "crop_code_candidate": "spring_wheat", "crop_parameter_set_candidate_key": "aquacrop_v7_3_regional_spring_wheat_kursk_oblast", "regional_crop_parameter_set_candidate_key": "aquacrop_v7_3_regional_spring_wheat_kursk_oblast", "crop_parameter_candidate_status": "resolved_from_kml_region_kursk_oblast", "crop_parameter_candidate_comment_ru": "Кандидат выбран по культуре и признаку региона 'Курская область' из KAA.kml.", "sowing_date_raw": "", "calculation_ready": false, "calculation_blockers_json": [ "missing_sowing_date", "missing_soil_profile" ], "geometry_hash_sha256": "aa50c58ce1513ce107a891bca1f155805b2f308ad98ebdc3b340985033150272", "source_attributes_json": { "ESRI_OID": "548", "fid": "83", "is_experimental_production": "Нет", "source_fid": "83", "В аренде": "Нет", "Вид семян": "Собственные", "Дата изменения": "03.03.2026 13:10:14", "Изменил": "mow\\udselis", "Интенсивность": "MAX", "История": "2016: Пшеница яровая, 2017: Соя, 2018: Пшеница яровая, 2019: Соя, 2020: Кукуруза зерновая, 2021: Кукуруза зерновая, 2022: Кукуруза зерновая, 2023: Подсолнечник, 2024: Кукуруза зерновая, 2025: Соя, 2026: Пшеница яровая", "Итого семян (т; п.ед.)": "10.36", "Культура": "Пшеница яровая", "Мех.состав (пески; карбонаты)": "Нет", "Название": "КУР-СОЛ-0031-3", "Направление склона": "СВ, СЗ", "Норма высева (кг/га; п.ед./га)": "240", "Область": "Курская область", "Опытное": "Нет", "План. хозяйство": "Орошение Солнцево", "Площадь (га)": "43.18", "Под оптимизацию": "Нет", "Пред. предшественник": "Кукуруза зерновая", "Предшественник": "Соя", "Район": "Солнцевский район", "Рельеф": "Непригодно", "Семена": "Семена яровой пшеницы КВС АКВИЛОН РС1 (соб.)", "Сред. норма высева (кг/га; п.ед./га)": "0", "Территория": "Орошение", "Технология": "Пшеница яровая АТ семенная орошение MAX", "Технология компании": "АТ семенная", "Уклон (град.)": "1.3", "Хозяйство": "Орошение Солнцево" } }, "geometry": { "type": "Polygon", "coordinates": [ [ [ 36.781711934020201, 51.4703916482609 ], [ 36.781637611905197, 51.469812932195801 ], [ 36.781362706766998, 51.469165868026501 ], [ 36.7810006470799, 51.468598762096804 ], [ 36.780550871396898, 51.4680943641849 ], [ 36.779927585218502, 51.4676117631751 ], [ 36.779262630685601, 51.467199574814998 ], [ 36.778451335203101, 51.466830324173898 ], [ 36.777669656277098, 51.466574924042298 ], [ 36.777558521201797, 51.466538612235901 ], [ 36.777240329843302, 51.466463432165703 ], [ 36.776743083587398, 51.466345945849497 ], [ 36.7762413861794, 51.466274545190402 ], [ 36.775818480903098, 51.466214358264303 ], [ 36.774704646307697, 51.466178722203097 ], [ 36.773733363567899, 51.466226634281497 ], [ 36.7734738690285, 51.466264401369699 ], [ 36.772661525212001, 51.466382627162901 ], [ 36.772285999778802, 51.466479941124298 ], [ 36.7716819968363, 51.466636459185999 ], [ 36.770751126606299, 51.4669663712708 ], [ 36.769842130353403, 51.467450159332103 ], [ 36.769228045618398, 51.467902769861396 ], [ 36.768957177509201, 51.468157736701201 ], [ 36.7688261483435, 51.468281072924903 ], [ 36.7684504315692, 51.4687332113051 ], [ 36.768213275435798, 51.469111298195301 ], [ 36.768059959067998, 51.469439725142998 ], [ 36.767921279849404, 51.469861109058598 ], [ 36.767865897813799, 51.470216377016598 ], [ 36.7717307654747, 51.470240670607097 ], [ 36.7748632789054, 51.470260361085899 ], [ 36.774913504611199, 51.4702932648934 ], [ 36.779795183427098, 51.473491013855401 ], [ 36.780441893176501, 51.4730287361037 ], [ 36.780869894595398, 51.472574796011997 ], [ 36.781222856145199, 51.472112971169501 ], [ 36.781495377154599, 51.471600201879397 ], [ 36.781645369755999, 51.471039350302 ], [ 36.781654157974401, 51.4709538440557 ], [ 36.781711934020201, 51.4703916482609 ], [ 36.781711934020201, 51.4703916482609 ] ] ] } },
{ "type": "Feature", "properties": { "dataset_code": "KAA", "source_file": "КАА.kml", "placemark_index": 53, "organization_code": "KAA", "organization_name_raw": "КАА", "farm_name_raw": "Орошение Солнцево", "region_name_raw": "Курская область", "district_name_raw": "Солнцевский район", "field_external_key": "KAA:КУР-СОЛ-0011-04", "field_code_raw": "КУР-СОЛ-0011-04", "field_name_raw": "КУР-СОЛ-0011-04", "field_code_unique_status": "unique", "source_fid": "84", "declared_area_ha": 57.22, "geometry_area_ha": 57.219473, "area_diff_ha": -0.000527, "area_diff_pct": -0.000922, "area_quality_status": "ok", "geometry_type": "Polygon", "polygon_count": 1, "inner_ring_count": 0, "geometry_valid": true, "geometry_validity_reason": "Valid Geometry", "centroid_lon": 36.754675813, "centroid_lat": 51.480669142000004, "representative_lon": 36.754709898999998, "representative_lat": 51.480818755999998, "centroid_within_geometry": true, "weather_point_lon_candidate": 36.754675813, "weather_point_lat_candidate": 51.480669142000004, "active_2026_candidate": true, "active_reason": "kaa_crop_plan_present", "season_year_candidate": null, "crop_raw": "Кукуруза зерновая", "crop_code_candidate": "maize_grain", "crop_parameter_set_candidate_key": "aquacrop_v7_3_regional_maize_grain_kursk_oblast", "regional_crop_parameter_set_candidate_key": "aquacrop_v7_3_regional_maize_grain_kursk_oblast", "crop_parameter_candidate_status": "resolved_from_kml_region_kursk_oblast", "crop_parameter_candidate_comment_ru": "Кандидат выбран по культуре и признаку региона 'Курская область' из KAA.kml.", "sowing_date_raw": "", "calculation_ready": false, "calculation_blockers_json": [ "missing_sowing_date", "missing_soil_profile" ], "geometry_hash_sha256": "a1711edacd840976dbe106b1c9a4f789d767b3d3ac10bb7df464f51becef2766", "source_attributes_json": { "ESRI_OID": "1448", "fid": "84", "is_experimental_production": "Нет", "source_fid": "84", "В аренде": "Нет", "Дата изменения": "10.11.2025 9:55:35", "Изменил": "GEODATA", "Интенсивность": "MAX", "История": "2013: Рожь озимая, 2014: Соя, 2015: Пшеница озимая, 2016: Кукуруза зерновая, 2017: Пар, 2018: Пшеница озимая, 2019: Пар, 2020: Кукуруза зерновая, 2021: Кукуруза зерновая, 2022: Кукуруза зерновая, Соя, 2023: Кукуруза зерновая, 2024: Подсолнечник, 2025: Кукуруза зерновая, 2026: Кукуруза зерновая", "Культура": "Кукуруза зерновая", "Мех.состав (пески; карбонаты)": "Нет", "Название": "КУР-СОЛ-0011-04", "Направление склона": "З", "Область": "Курская область", "Опытное": "Нет", "План. хозяйство": "Орошение Солнцево", "Площадь (га)": "57.22", "Под оптимизацию": "Нет", "Пред. предшественник": "Подсолнечник", "Предшественник": "Кукуруза зерновая", "Район": "Солнцевский район", "Рельеф": "Пригодно", "Территория": "Орошение", "Технология": "Кукуруза зерновая АТ орошение MAS MAX_Кораген", "Технология компании": "АТ семенная", "Тип посевов": "Семенные", "Уклон (град.)": "1.2", "Хозяйство": "Орошение Солнцево" } }, "geometry": { "type": "Polygon", "coordinates": [ [ [ 36.755770843386202, 51.476919259834901 ], [ 36.754801110240301, 51.476839320989697 ], [ 36.7540310276664, 51.476830438949399 ], [ 36.753296354884299, 51.4768943560317 ], [ 36.753232423582197, 51.4768963142742 ], [ 36.752782626339702, 51.476968232071499 ], [ 36.752495183415, 51.477024674091098 ], [ 36.751995824321597, 51.477153488975397 ], [ 36.751516387166298, 51.477308918016398 ], [ 36.751183544285503, 51.477440971552099 ], [ 36.751060521804, 51.477489779297898 ], [ 36.750631696630101, 51.477694696176599 ], [ 36.750233175223897, 51.477922110161998 ], [ 36.749867989399696, 51.478170289319998 ], [ 36.749544526727099, 51.478432794827803 ], [ 36.7484821224783, 51.481178449957099 ], [ 36.748512169327903, 51.481320673045097 ], [ 36.7486291209947, 51.481649334335501 ], [ 36.748791626229597, 51.481970397241199 ], [ 36.7489984489508, 51.482281418324803 ], [ 36.749248015309703, 51.482580029172901 ], [ 36.749538426268103, 51.482863957086899 ], [ 36.749867472868402, 51.483131041296502 ], [ 36.750232649709503, 51.483379249171399 ], [ 36.7506311800988, 51.483606691314002 ], [ 36.751060028628899, 51.483811634973598 ], [ 36.751515932618801, 51.4839925219351 ], [ 36.751995421876401, 51.484147974101198 ], [ 36.752494845648499, 51.484276809144902 ], [ 36.753010403163103, 51.484378046093703 ], [ 36.753180790216298, 51.484401570791299 ], [ 36.753538168782399, 51.484450913152102 ], [ 36.754074126138804, 51.484494856086201 ], [ 36.754614194185898, 51.4845095410151 ], [ 36.755122608297398, 51.484495717009899 ], [ 36.755154263131402, 51.484494856086201 ], [ 36.755690219589397, 51.484450913152102 ], [ 36.756217986107103, 51.484378046093703 ], [ 36.756391572060998, 51.484343960349896 ], [ 36.756733542723303, 51.484276809144902 ], [ 36.757232967393698, 51.484147974101198 ], [ 36.757712454854698, 51.4839925219351 ], [ 36.7581683588446, 51.483811634973598 ], [ 36.758597208273002, 51.483606691314002 ], [ 36.758995737764003, 51.483379249171399 ], [ 36.759360916401697, 51.483131041296502 ], [ 36.759689962103799, 51.482863957086899 ], [ 36.759980373960403, 51.482580029172901 ], [ 36.760229940319398, 51.482281418324803 ], [ 36.760436762142199, 51.481970397241199 ], [ 36.760599267377103, 51.481649334335501 ], [ 36.760716219942204, 51.481320673045097 ], [ 36.760786729607197, 51.480986913937002 ], [ 36.760810261874298, 51.480650597929497 ], [ 36.760786638877299, 51.480314283917501 ], [ 36.760716040279199, 51.4799805319903 ], [ 36.760599005068997, 51.479651883290003 ], [ 36.760478335275202, 51.479413596857299 ], [ 36.760436425273902, 51.4793308359516 ], [ 36.760229537874103, 51.4790198361463 ], [ 36.759979920311203, 51.478721247863803 ], [ 36.759689469827002, 51.478437346189303 ], [ 36.759360399870403, 51.478170289319998 ], [ 36.759071670558299, 51.477974070088898 ], [ 36.758554548178502, 51.4776529477179 ], [ 36.757924221903203, 51.477372241366702 ], [ 36.7578450668519, 51.477350672944397 ], [ 36.757239703860101, 51.477185720334703 ], [ 36.756769098042298, 51.477079135985903 ], [ 36.756135148861397, 51.476977605323299 ], [ 36.756102222911302, 51.476972332065102 ], [ 36.755770843386202, 51.476919259834901 ], [ 36.755770843386202, 51.476919259834901 ] ] ] } },
{ "type": "Feature", "properties": { "dataset_code": "KAA", "source_file": "КАА.kml", "placemark_index": 54, "organization_code": "KAA", "organization_name_raw": "КАА", "farm_name_raw": "Орошение Солнцево", "region_name_raw": "Курская область", "district_name_raw": "Солнцевский район", "field_external_key": "KAA:КУР-СОЛ-0011-03", "field_code_raw": "КУР-СОЛ-0011-03", "field_name_raw": "КУР-СОЛ-0011-03", "field_code_unique_status": "unique", "source_fid": "86", "declared_area_ha": 56.55, "geometry_area_ha": 56.554152, "area_diff_ha": 0.004152, "area_diff_pct": 0.007342, "area_quality_status": "ok", "geometry_type": "Polygon", "polygon_count": 1, "inner_ring_count": 0, "geometry_valid": true, "geometry_validity_reason": "Valid Geometry", "centroid_lon": 36.74338493, "centroid_lat": 51.478963769000003, "representative_lon": 36.743288887, "representative_lat": 51.47913371, "centroid_within_geometry": true, "weather_point_lon_candidate": 36.74338493, "weather_point_lat_candidate": 51.478963769000003, "active_2026_candidate": true, "active_reason": "kaa_crop_plan_present", "season_year_candidate": null, "crop_raw": "Кукуруза зерновая", "crop_code_candidate": "maize_grain", "crop_parameter_set_candidate_key": "aquacrop_v7_3_regional_maize_grain_kursk_oblast", "regional_crop_parameter_set_candidate_key": "aquacrop_v7_3_regional_maize_grain_kursk_oblast", "crop_parameter_candidate_status": "resolved_from_kml_region_kursk_oblast", "crop_parameter_candidate_comment_ru": "Кандидат выбран по культуре и признаку региона 'Курская область' из KAA.kml.", "sowing_date_raw": "", "calculation_ready": false, "calculation_blockers_json": [ "missing_sowing_date", "missing_soil_profile" ], "geometry_hash_sha256": "7822124218e2f7436f53ee40795bbe07c10af2aa1342c13a0b501c528d2ae650", "source_attributes_json": { "ESRI_OID": "1236", "fid": "86", "is_experimental_production": "Нет", "source_fid": "86", "В аренде": "Нет", "Дата изменения": "10.11.2025 9:55:06", "Изменил": "GEODATA", "Интенсивность": "MAX", "История": "2013: Рожь озимая, 2014: Соя, 2015: Пшеница озимая, 2016: Кукуруза зерновая, 2017: Пар, 2018: Пшеница озимая, 2019: Пар, 2020: Кукуруза зерновая, 2021: Кукуруза зерновая, 2022: Кукуруза зерновая, 2023: Соя, 2024: Пар, Подсолнечник, 2025: Кукуруза зерновая, 2026: Кукуруза зерновая", "Культура": "Кукуруза зерновая", "Мех.состав (пески; карбонаты)": "Нет", "Название": "КУР-СОЛ-0011-03", "Направление склона": "З", "Область": "Курская область", "Опытное": "Нет", "План. хозяйство": "Орошение Солнцево", "Площадь (га)": "56.55", "Под оптимизацию": "Нет", "Пред. предшественник": "Подсолнечник", "Предшественник": "Кукуруза зерновая", "Район": "Солнцевский район", "Рельеф": "Пригодно", "Территория": "Орошение", "Технология": "Кукуруза зерновая АТ орошение MAS MAX_Кораген", "Технология компании": "АТ семенная", "Тип посевов": "Семенные", "Уклон (град.)": "1.2", "Хозяйство": "Орошение Солнцево" } }, "geometry": { "type": "Polygon", "coordinates": [ [ [ 36.743548275798901, 51.475133691893497 ], [ 36.7434514814287, 51.4751310599137 ], [ 36.742914758707698, 51.475145653858696 ], [ 36.742395273758703, 51.475188248366599 ], [ 36.742382119727999, 51.475189327118798 ], [ 36.742034540883303, 51.475237318139399 ], [ 36.7419124400733, 51.475254176979199 ], [ 36.741857617688098, 51.475261746138102 ], [ 36.741345242006297, 51.475362359095897 ], [ 36.740924400160203, 51.475470923664602 ], [ 36.740848893167403, 51.475490402067898 ], [ 36.740744853884401, 51.475524131863601 ], [ 36.740387187857401, 51.475640088896597 ], [ 36.7403723467906, 51.475644900150797 ], [ 36.740093830425003, 51.475755403874601 ], [ 36.739919230273102, 51.475824678103002 ], [ 36.7394929886539, 51.476028367067499 ], [ 36.739096869342902, 51.476254418012402 ], [ 36.738733885289399, 51.476501111253398 ], [ 36.738406798813003, 51.476766568216 ], [ 36.738323834904897, 51.476847665350398 ], [ 36.7381181000436, 51.477048769351498 ], [ 36.737869986260399, 51.477345568136499 ], [ 36.737664346620498, 51.477654705071501 ], [ 36.737502746887401, 51.477973827832102 ], [ 36.737386416854797, 51.4783005091818 ], [ 36.737316244956297, 51.478632260965902 ], [ 36.737292763893201, 51.478966559293603 ], [ 36.737316155124802, 51.479300860206202 ], [ 36.737386239886703, 51.479632619819697 ], [ 36.737502488172701, 51.479959312226299 ], [ 36.737664014243897, 51.480278451310802 ], [ 36.737869589205097, 51.480587608088797 ], [ 36.738117650885997, 51.480884430280497 ], [ 36.738406311926099, 51.481166656848202 ], [ 36.738733375046301, 51.481432140923602 ], [ 36.739096351913297, 51.4816788621048 ], [ 36.739492479309099, 51.481904940989999 ], [ 36.739830931270603, 51.482066691112998 ], [ 36.739918743386198, 51.482108657067499 ], [ 36.740371897632997, 51.482288459892203 ], [ 36.740533917777597, 51.482340989380702 ], [ 36.740848497010298, 51.482442980822398 ], [ 36.740856123707097, 51.482444948336997 ], [ 36.741344909629603, 51.482571044196703 ], [ 36.741445399668798, 51.482590777464303 ], [ 36.741857358973299, 51.482671674038102 ], [ 36.742381942759899, 51.482744104114197 ], [ 36.742396908692498, 51.4827453309357 ], [ 36.7424669970476, 51.482751077919701 ], [ 36.742616122774699, 51.482763305852302 ], [ 36.742914668876203, 51.482787784084699 ], [ 36.742932284838901, 51.482788262953001 ], [ 36.743378970317302, 51.482800409759001 ], [ 36.7434514814287, 51.482802381174203 ], [ 36.743546335437898, 51.482799802222999 ], [ 36.743586456893397, 51.482798710783896 ], [ 36.743781877298602, 51.482793397360702 ], [ 36.743988293981303, 51.482787784084699 ], [ 36.744135597925002, 51.482775706084801 ], [ 36.744414215800198, 51.482752861369903 ], [ 36.744521020097601, 51.482744104114197 ], [ 36.745045603884201, 51.482671674038102 ], [ 36.745115413761503, 51.482657965836601 ], [ 36.745558053227903, 51.482571044196703 ], [ 36.746054465847202, 51.482442980822398 ], [ 36.746531064326199, 51.482288459892203 ], [ 36.746984220369598, 51.482108657067499 ], [ 36.747410484446597, 51.481904940989999 ], [ 36.747806610944203, 51.4816788621048 ], [ 36.748169587811098, 51.481432140923602 ], [ 36.7484821224783, 51.481178449957099 ], [ 36.749544526727099, 51.478432794827803 ], [ 36.749516546002702, 51.4783005091818 ], [ 36.749400215969999, 51.477973827832102 ], [ 36.749238616236902, 51.477654705071501 ], [ 36.749032976597, 51.477345568136499 ], [ 36.748784862813899, 51.477048769351498 ], [ 36.748496164044496, 51.476766568216 ], [ 36.7481690775681, 51.476501111253398 ], [ 36.748113720685303, 51.476463489157297 ], [ 36.747806092616301, 51.476254418012402 ], [ 36.747409974203499, 51.476028367067499 ], [ 36.747234270920501, 51.4759444037878 ], [ 36.746983732584397, 51.475824678103002 ], [ 36.746530616066899, 51.475644900150797 ], [ 36.746145110350902, 51.475519918158298 ], [ 36.746054069690103, 51.475490402067898 ], [ 36.745985698913799, 51.475472764469998 ], [ 36.745680816096304, 51.475430354868003 ], [ 36.743548275798901, 51.475133691893497 ], [ 36.743548275798901, 51.475133691893497 ] ] ] } },
{ "type": "Feature", "properties": { "dataset_code": "KAA", "source_file": "КАА.kml", "placemark_index": 55, "organization_code": "KAA", "organization_name_raw": "КАА", "farm_name_raw": "Орошение Горшечное", "region_name_raw": "Курская область", "district_name_raw": "Горшеченский район", "field_external_key": "KAA:КУР-ГОР-0064-03", "field_code_raw": "КУР-ГОР-0064-03", "field_name_raw": "КУР-ГОР-0064-03", "field_code_unique_status": "unique", "source_fid": "87", "declared_area_ha": 24.2, "geometry_area_ha": 24.203541, "area_diff_ha": 0.003541, "area_diff_pct": 0.014634, "area_quality_status": "ok", "geometry_type": "Polygon", "polygon_count": 1, "inner_ring_count": 0, "geometry_valid": true, "geometry_validity_reason": "Valid Geometry", "centroid_lon": 37.65977779, "centroid_lat": 51.450126791000002, "representative_lon": 37.659665679, "representative_lat": 51.450607728999998, "centroid_within_geometry": true, "weather_point_lon_candidate": 37.65977779, "weather_point_lat_candidate": 51.450126791000002, "active_2026_candidate": true, "active_reason": "kaa_crop_plan_present", "season_year_candidate": null, "crop_raw": "Соя", "crop_code_candidate": "soybean", "crop_parameter_set_candidate_key": "aquacrop_v7_3_regional_soybean_kursk_oblast", "regional_crop_parameter_set_candidate_key": "aquacrop_v7_3_regional_soybean_kursk_oblast", "crop_parameter_candidate_status": "resolved_from_kml_region_kursk_oblast", "crop_parameter_candidate_comment_ru": "Кандидат выбран по культуре и признаку региона 'Курская область' из KAA.kml.", "sowing_date_raw": "", "calculation_ready": false, "calculation_blockers_json": [ "missing_sowing_date", "missing_soil_profile" ], "geometry_hash_sha256": "35f54ba34a6bc4b050acf9b9ab59f7a083425b384b1248d1022c77c66dd0c6ae", "source_attributes_json": { "ESRI_OID": "1829", "fid": "87", "is_experimental_production": "Нет", "source_fid": "87", "В аренде": "Нет", "Вид семян": "Собственные", "Дата изменения": "10.11.2025 9:56:13", "Изменил": "GEODATA", "Интенсивность": "MAX", "История": "2013: Рожь озимая, 2014: Соя, 2015: Пшеница озимая, 2016: Соя, 2017: Соя, 2018: Пшеница яровая, 2019: Соя, 2020: Соя, 2021: Залежь, Пшеница яровая, 2022: Кукуруза зерновая, Соя, 2023: Соя, 2024: Кукуруза зерновая, 2025: Кукуруза зерновая, 2026: Соя", "Итого семян (т; п.ед.)": "2.9", "Культура": "Соя", "Мех.состав (пески; карбонаты)": "Нет", "Название": "КУР-ГОР-0064-03", "Направление склона": "Ю, З", "Норма высева (кг/га; п.ед./га)": "120", "Область": "Курская область", "Опытное": "Нет", "План. хозяйство": "Орошение Горшечное", "Площадь (га)": "24.2", "Под оптимизацию": "Нет", "Пред. предшественник": "Кукуруза зерновая", "Предшественник": "Кукуруза зерновая", "Район": "Горшеченский район", "Рельеф": "Пригодно", "Семена": "Семена сои ЕС ФАВОР РС1 (соб.)", "Сред. норма высева (кг/га; п.ед./га)": "0", "Территория": "Орошение", "Технология": "Соя АТ семенная орошение MAX", "Технология компании": "АТ семенная", "Тип посевов": "Семенные", "Уклон (град.)": "1.6", "Хозяйство": "Орошение Горшечное" } }, "geometry": { "type": "Polygon", "coordinates": [ [ [ 37.662310079066003, 51.448671790351497 ], [ 37.662158078730002, 51.448595942064401 ], [ 37.662001730548099, 51.448523607803601 ], [ 37.661841243827602, 51.448454883319499 ], [ 37.661676833266, 51.448389861563101 ], [ 37.661508718052197, 51.448328628767001 ], [ 37.661337123663202, 51.448271267244102 ], [ 37.661162279169602, 51.448217853148499 ], [ 37.660984418133197, 51.448168458155003 ], [ 37.660803778607701, 51.448123148898802 ], [ 37.660620602239803, 51.448081985296099 ], [ 37.660435133371301, 51.448045022783496 ], [ 37.660247620835499, 51.448012310078298 ], [ 37.6600583143641, 51.447983891417998 ], [ 37.659867467281998, 51.447959805440497 ], [ 37.659675335609002, 51.447940082944498 ], [ 37.659482174466802, 51.447924751928298 ], [ 37.6592882443666, 51.4479138314314 ], [ 37.6590938022267, 51.447907336572896 ], [ 37.658899109456797, 51.447905276312497 ], [ 37.658704426568498, 51.447907653449903 ], [ 37.658510012276402, 51.447914464625399 ], [ 37.658316127990297, 51.447925700319502 ], [ 37.658123032425003, 51.447941345972701 ], [ 37.657930983397101, 51.447961380306197 ], [ 37.657740238722901, 51.447985777560802 ], [ 37.657551051727403, 51.448014503578698 ], [ 37.657363676633899, 51.448047520841598 ], [ 37.657178363173898, 51.448084785112002 ], [ 37.6569953601809, 51.448126246552697 ], [ 37.656814911098202, 51.448171849727103 ], [ 37.656637257572598, 51.448221533599401 ], [ 37.656462637657803, 51.448275232093799 ], [ 37.656291284017399, 51.448332872416202 ], [ 37.656123425721702, 51.448394378971997 ], [ 37.6559592882479, 51.448459667768702 ], [ 37.655799089886699, 51.4485286531337 ], [ 37.655643044436999, 51.448601241556098 ], [ 37.655491362104698, 51.448677336725702 ], [ 37.655344245010603, 51.448756836733303 ], [ 37.655201889885802, 51.448839635191298 ], [ 37.655064486274902, 51.448925621793101 ], [ 37.654932218332398, 51.449014681193702 ], [ 37.654805263924899, 51.449106693569703 ], [ 37.6546837910373, 51.449201537418297 ], [ 37.654570136187502, 51.449297184435103 ], [ 37.654462057180702, 51.449395309641602 ], [ 37.654359692357502, 51.449495786499497 ], [ 37.654263174668401, 51.449598485671899 ], [ 37.654172628081, 51.449703275583403 ], [ 37.654088167579701, 51.449810020740799 ], [ 37.654009903657197, 51.449918584532099 ], [ 37.653937936026502, 51.450028826987499 ], [ 37.653872357214098, 51.450140605899101 ], [ 37.653813251661703, 51.450253778500198 ], [ 37.653760694827703, 51.450368198666801 ], [ 37.658900383267898, 51.451227558928302 ], [ 37.663118280750702, 51.453254830665699 ], [ 37.663234579342301, 51.4531575260078 ], [ 37.663345091885198, 51.453057637710799 ], [ 37.663449671953998, 51.452955297868499 ], [ 37.663548178513103, 51.452850644173303 ], [ 37.663640480408503, 51.452743816557899 ], [ 37.663726454571098, 51.452634957755002 ], [ 37.663805986016399, 51.452524212737103 ], [ 37.6638789678451, 51.452411729837301 ], [ 37.663945303038901, 51.452297659628599 ], [ 37.664003411461401, 51.452185232150697 ], [ 37.664055062793601, 51.452071586825902 ], [ 37.664100191458502, 51.451956867514603 ], [ 37.664138754337003, 51.451841177212998 ], [ 37.664170683157202, 51.451724705128299 ], [ 37.664195939291403, 51.451607597924202 ], [ 37.664214489502001, 51.451490003945302 ], [ 37.664226310432802, 51.451372073217101 ], [ 37.664231386812503, 51.4512539546472 ], [ 37.664229713251103, 51.451135797704403 ], [ 37.664221290646999, 51.451017752418799 ], [ 37.664206130678302, 51.450899968822199 ], [ 37.664184252209601, 51.450782595828301 ], [ 37.664155683088602, 51.450665782352097 ], [ 37.664120459247997, 51.450549676190697 ], [ 37.664078624705198, 51.450434425142703 ], [ 37.664030234257503, 51.450320174768798 ], [ 37.663975347193599, 51.450207069511201 ], [ 37.663914034480499, 51.450095253813799 ], [ 37.6638463742716, 51.449984868762598 ], [ 37.663772450110301, 51.449876054885202 ], [ 37.663692358116201, 51.449768949351402 ], [ 37.663606198900602, 51.449663688212297 ], [ 37.663514081159803, 51.449560404720799 ], [ 37.663416122572997, 51.449459230451502 ], [ 37.663312446209503, 51.449360293620799 ], [ 37.6632031841214, 51.449263719086801 ], [ 37.663088475547902, 51.449169629468997 ], [ 37.662968465117501, 51.449078144028299 ], [ 37.662843304645598, 51.448989378667598 ], [ 37.662713153134, 51.448903446490498 ], [ 37.662578175872703, 51.448820456122299 ], [ 37.6624461370006, 51.448744715571998 ], [ 37.662310079066003, 51.448671790351497 ], [ 37.662310079066003, 51.448671790351497 ] ] ] } }
]
}
