{
"type": "FeatureCollection",
"name": "kaa_minimum_rectangles",
"crs": { "type": "name", "properties": { "name": "urn:ogc:def:crs:OGC:1.3:CRS84" } },
"features": [
{ "type": "Feature", "properties": { "dataset_code": "KAA", "source_file": "КАА.kml", "placemark_index": 1, "organization_code": "KAA", "organization_name_raw": "КАА", "farm_name_raw": "Орошение Солнцево", "region_name_raw": "Курская область", "district_name_raw": "Солнцевский район", "field_external_key": "KAA:КУР-СОЛ-0005-02", "field_code_raw": "КУР-СОЛ-0005-02", "field_name_raw": "КУР-СОЛ-0005-02", "field_code_unique_status": "unique", "source_fid": "1", "declared_area_ha": 108.8, "geometry_area_ha": 108.803296, "area_diff_ha": 0.003296, "area_diff_pct": 0.003029, "area_quality_status": "ok", "geometry_type": "Polygon", "polygon_count": 1, "inner_ring_count": 1, "geometry_valid": true, "geometry_validity_reason": "Valid Geometry", "centroid_lon": 36.760888794000003, "centroid_lat": 51.513240195000002, "representative_lon": 36.758682223000001, "representative_lat": 51.513243740999997, "centroid_within_geometry": true, "weather_point_lon_candidate": 36.760888794000003, "weather_point_lat_candidate": 51.513240195000002, "active_2026_candidate": true, "active_reason": "kaa_crop_plan_present", "season_year_candidate": null, "crop_raw": "Кукуруза зерновая", "crop_code_candidate": "maize_grain", "crop_parameter_set_candidate_key": "aquacrop_v7_3_regional_maize_grain_kursk_oblast", "regional_crop_parameter_set_candidate_key": "aquacrop_v7_3_regional_maize_grain_kursk_oblast", "crop_parameter_candidate_status": "resolved_from_kml_region_kursk_oblast", "crop_parameter_candidate_comment_ru": "Кандидат выбран по культуре и признаку региона 'Курская область' из KAA.kml.", "sowing_date_raw": "", "calculation_ready": false, "calculation_blockers_json": [ "missing_sowing_date", "missing_soil_profile" ], "geometry_hash_sha256": "b7def21d11bd4cb2a4feac0aa52d939c05f1b6d6900b1efa5a59936f4c2450d3", "source_attributes_json": { "ESRI_OID": "2031", "fid": "1", "is_experimental_production": "Нет", "source_fid": "1", "В аренде": "Нет", "Дата изменения": "10.11.2025 9:56:26", "Изменил": "GEODATA", "Интенсивность": "MAX", "История": "2013: Кукуруза зерновая, 2014: Ячмень яровой, 2015: Соя, 2016: Пшеница озимая, 2017: Соя, 2018: Гречиха, Пшеница яровая, 2019: Пар, 2020: Пшеница озимая, 2021: Соя, 2022: Пар, Пшеница яровая, 2023: Кукуруза зерновая, 2024: Подсолнечник, 2025: Кукуруза зерновая, 2026: Кукуруза зерновая", "Культура": "Кукуруза зерновая", "Мех.состав (пески; карбонаты)": "Да", "Название": "КУР-СОЛ-0005-02", "Направление склона": "В, З", "Область": "Курская область", "Ограничение сева по ХСЗР (сах.свекла)": "2017", "Опытное": "Нет", "План. хозяйство": "Орошение Солнцево", "Площадь (га)": "108.8", "Под оптимизацию": "Нет", "Пред. предшественник": "Подсолнечник", "Предшественник": "Кукуруза зерновая", "Район": "Солнцевский район", "Территория": "Орошение", "Технология": "Кукуруза зерновая АТ орошение MAS MAX_Кораген", "Технология компании": "АТ семенная", "Тип посевов": "Семенные", "Уклон (град.)": "2.1", "Хозяйство": "Орошение Солнцево" }, "rectangle_area_ha": 138.45841943578267, "rectangle_angle_deg": 63.331832313890516, "rectangle_width_m": 1176.6587286730064, "rectangle_height_m": 1176.7083867378533, "rectangle_crs": "EPSG:32637" }, "geometry": { "type": "Polygon", "coordinates": [ [ [ 36.749400150173194, 51.515368361022276 ], [ 36.757469253837641, 51.506066670299042 ], [ 36.772377230537636, 51.51110049410677 ], [ 36.764310211699616, 51.520403229343891 ], [ 36.749400150173194, 51.515368361022276 ] ] ] } },
{ "type": "Feature", "properties": { "dataset_code": "KAA", "source_file": "КАА.kml", "placemark_index": 2, "organization_code": "KAA", "organization_name_raw": "КАА", "farm_name_raw": "Орошение Горшечное", "region_name_raw": "Курская область", "district_name_raw": "Горшеченский район", "field_external_key": "KAA:КУР-ГОР-0063-03", "field_code_raw": "КУР-ГОР-0063-03", "field_name_raw": "КУР-ГОР-0063-03", "field_code_unique_status": "unique", "source_fid": "2", "declared_area_ha": 75.1, "geometry_area_ha": 75.100242, "area_diff_ha": 0.000242, "area_diff_pct": 0.000322, "area_quality_status": "ok", "geometry_type": "Polygon", "polygon_count": 1, "inner_ring_count": 0, "geometry_valid": true, "geometry_validity_reason": "Valid Geometry", "centroid_lon": 37.674821326999997, "centroid_lat": 51.451302741, "representative_lon": 37.674822255000002, "representative_lat": 51.451287401000002, "centroid_within_geometry": true, "weather_point_lon_candidate": 37.674821326999997, "weather_point_lat_candidate": 51.451302741, "active_2026_candidate": true, "active_reason": "kaa_crop_plan_present", "season_year_candidate": null, "crop_raw": "Пшеница яровая", "crop_code_candidate": "spring_wheat", "crop_parameter_set_candidate_key": "aquacrop_v7_3_regional_spring_wheat_kursk_oblast", "regional_crop_parameter_set_candidate_key": "aquacrop_v7_3_regional_spring_wheat_kursk_oblast", "crop_parameter_candidate_status": "resolved_from_kml_region_kursk_oblast", "crop_parameter_candidate_comment_ru": "Кандидат выбран по культуре и признаку региона 'Курская область' из KAA.kml.", "sowing_date_raw": "", "calculation_ready": false, "calculation_blockers_json": [ "missing_sowing_date", "missing_soil_profile" ], "geometry_hash_sha256": "cf251212c3f7ba729a79d7dc256a20c1fcc898f3672ee0977cbc57b5f1b9ca17", "source_attributes_json": { "ESRI_OID": "1831", "fid": "2", "is_experimental_production": "Нет", "source_fid": "2", "В аренде": "Нет", "Вид семян": "Собственные", "Дата изменения": "10.11.2025 9:56:53", "Изменил": "GEODATA", "Интенсивность": "MAX", "История": "2013: Пшеница озимая, 2014: Соя, 2015: Соя, 2016: Пшеница озимая, 2017: Соя, 2018: Пшеница озимая, 2019: Соя, 2020: Соя, 2021: Залежь, Пшеница яровая, 2022: Кукуруза зерновая, Соя, 2023: Кукуруза зерновая, 2024: Кукуруза зерновая, 2025: Подсолнечник, 2026: Пшеница яровая", "Итого семян (т; п.ед.)": "18.02", "Культура": "Пшеница яровая", "Мех.состав (пески; карбонаты)": "Нет", "Название": "КУР-ГОР-0063-03", "Направление склона": "Ю, З", "Норма высева (кг/га; п.ед./га)": "240", "Область": "Курская область", "Ограничение сева по ХСЗР (сах.свекла)": "2017", "Опытное": "Нет", "План. хозяйство": "Орошение Горшечное", "Площадь (га)": "75.1", "Под оптимизацию": "Нет", "Пред. предшественник": "Кукуруза зерновая", "Предшественник": "Подсолнечник", "Район": "Горшеченский район", "Рельеф": "Пригодно", "Семена": "Семена яровой пшеницы КВС АКВИЛОН РС1 (соб.)", "Сред. норма высева (кг/га; п.ед./га)": "0", "Территория": "Орошение", "Технология": "Пшеница яровая АТ семенная орошение MAX", "Технология компании": "АТ семенная", "Тип посевов": "Семенные", "Уклон (град.)": "1.6", "Хозяйство": "Орошение Горшечное" }, "rectangle_area_ha": 95.381051888274598, "rectangle_angle_deg": 124.00826553561041, "rectangle_width_m": 975.8477499721339, "rectangle_height_m": 977.41734702978283, "rectangle_crs": "EPSG:32637" }, "geometry": { "type": "Polygon", "coordinates": [ [ [ 37.676898364917335, 51.445238630538938 ], [ 37.684541063463399, 51.452598862153934 ], [ 37.672741004889431, 51.457381806294535 ], [ 37.665099433842435, 51.450020819251613 ], [ 37.676898364917335, 51.445238630538938 ] ] ] } },
{ "type": "Feature", "properties": { "dataset_code": "KAA", "source_file": "КАА.kml", "placemark_index": 3, "organization_code": "KAA", "organization_name_raw": "КАА", "farm_name_raw": "Орошение Горшечное", "region_name_raw": "Курская область", "district_name_raw": "Горшеченский район", "field_external_key": "KAA:КУР-ГОР-0057-03", "field_code_raw": "КУР-ГОР-0057-03", "field_name_raw": "КУР-ГОР-0057-03", "field_code_unique_status": "unique", "source_fid": "4", "declared_area_ha": 35.2, "geometry_area_ha": 35.203745, "area_diff_ha": 0.003745, "area_diff_pct": 0.010639, "area_quality_status": "ok", "geometry_type": "Polygon", "polygon_count": 1, "inner_ring_count": 0, "geometry_valid": true, "geometry_validity_reason": "Valid Geometry", "centroid_lon": 37.658628939000003, "centroid_lat": 51.477283219, "representative_lon": 37.65661468, "representative_lat": 51.477066576, "centroid_within_geometry": true, "weather_point_lon_candidate": 37.658628939000003, "weather_point_lat_candidate": 51.477283219, "active_2026_candidate": true, "active_reason": "kaa_crop_plan_present", "season_year_candidate": null, "crop_raw": "Кукуруза зерновая", "crop_code_candidate": "maize_grain", "crop_parameter_set_candidate_key": "aquacrop_v7_3_regional_maize_grain_kursk_oblast", "regional_crop_parameter_set_candidate_key": "aquacrop_v7_3_regional_maize_grain_kursk_oblast", "crop_parameter_candidate_status": "resolved_from_kml_region_kursk_oblast", "crop_parameter_candidate_comment_ru": "Кандидат выбран по культуре и признаку региона 'Курская область' из KAA.kml.", "sowing_date_raw": "", "calculation_ready": false, "calculation_blockers_json": [ "missing_sowing_date", "missing_soil_profile" ], "geometry_hash_sha256": "43724d57e9f4981ee65260bf400eccb308421e2cf39f80b88bcd54c5b79fa9b0", "source_attributes_json": { "ESRI_OID": "1714", "fid": "4", "is_experimental_production": "Нет", "source_fid": "4", "В аренде": "Нет", "Дата изменения": "10.11.2025 9:56:19", "Изменил": "GEODATA", "Интенсивность": "MAX", "История": "2013: Соя, 2014: Кукуруза зерновая, 2015: Соя, 2016: Пшеница яровая, 2017: Соя, 2018: Соя, 2019: Соя, 2020: Сахарная свекла, 2021: Залежь, Пшеница яровая, 2022: Кукуруза зерновая, Соя, 2023: Кукуруза зерновая, Соя, 2024: Кукуруза зерновая, Рапс яровой, 2025: Кукуруза зерновая, 2026: Кукуруза зерновая", "Культура": "Кукуруза зерновая", "Название": "КУР-ГОР-0057-03", "Направление склона": "С, В", "Область": "Курская область", "Опытное": "Нет", "План. хозяйство": "Орошение Горшечное", "Площадь (га)": "35.2", "Под оптимизацию": "Нет", "Пред. предшественник": "Рапс яровой", "Предшественник": "Кукуруза зерновая", "Район": "Горшеченский район", "Рельеф": "Пригодно", "Территория": "Орошение", "Технология": "Кукуруза зерновая АТ орошение MAS MAX_Кораген", "Технология компании": "АТ семенная", "Тип посевов": "Семенные", "Хозяйство": "Орошение Горшечное" }, "rectangle_area_ha": 50.369625680187795, "rectangle_angle_deg": 29.795438127760235, "rectangle_width_m": 682.33763506030664, "rectangle_height_m": 738.19210742693394, "rectangle_crs": "EPSG:32637" }, "geometry": { "type": "Polygon", "coordinates": [ [ [ 37.66577653654435, 51.478621189025155 ], [ 37.6571626910928, 51.481571764157394 ], [ 37.652051574359518, 51.47575258206686 ], [ 37.660664639433072, 51.47280237399923 ], [ 37.66577653654435, 51.478621189025155 ] ] ] } },
{ "type": "Feature", "properties": { "dataset_code": "KAA", "source_file": "КАА.kml", "placemark_index": 4, "organization_code": "KAA", "organization_name_raw": "КАА", "farm_name_raw": "Орошение Солнцево", "region_name_raw": "Курская область", "district_name_raw": "Солнцевский район", "field_external_key": "KAA:КУР-СОЛ-0002-02", "field_code_raw": "КУР-СОЛ-0002-02", "field_name_raw": "КУР-СОЛ-0002-02", "field_code_unique_status": "unique", "source_fid": "5", "declared_area_ha": 92.9, "geometry_area_ha": 92.901007, "area_diff_ha": 0.001007, "area_diff_pct": 0.001084, "area_quality_status": "ok", "geometry_type": "Polygon", "polygon_count": 1, "inner_ring_count": 2, "geometry_valid": true, "geometry_validity_reason": "Valid Geometry", "centroid_lon": 36.768370603999998, "centroid_lat": 51.503808446999997, "representative_lon": 36.768614876000001, "representative_lat": 51.503738989, "centroid_within_geometry": true, "weather_point_lon_candidate": 36.768370603999998, "weather_point_lat_candidate": 51.503808446999997, "active_2026_candidate": true, "active_reason": "kaa_crop_plan_present", "season_year_candidate": null, "crop_raw": "Пшеница яровая", "crop_code_candidate": "spring_wheat", "crop_parameter_set_candidate_key": "aquacrop_v7_3_regional_spring_wheat_kursk_oblast", "regional_crop_parameter_set_candidate_key": "aquacrop_v7_3_regional_spring_wheat_kursk_oblast", "crop_parameter_candidate_status": "resolved_from_kml_region_kursk_oblast", "crop_parameter_candidate_comment_ru": "Кандидат выбран по культуре и признаку региона 'Курская область' из KAA.kml.", "sowing_date_raw": "", "calculation_ready": false, "calculation_blockers_json": [ "missing_sowing_date", "missing_soil_profile" ], "geometry_hash_sha256": "f17a1b1f0d1f9f82dc78cf5a5e9dbb2f2719970d5cbebc8dac7ae9b6436e8015", "source_attributes_json": { "ESRI_OID": "1142", "fid": "5", "is_experimental_production": "Нет", "source_fid": "5", "В аренде": "Нет", "Вид семян": "Собственные", "Дата изменения": "10.11.2025 9:55:37", "Изменил": "GEODATA", "Интенсивность": "MAX", "История": "2013: Кукуруза зерновая, 2014: Ячмень яровой, 2015: Соя, 2016: Пшеница озимая, 2017: Пшеница яровая, 2018: Соя, 2019: Пшеница озимая, 2020: Соя, 2021: Соя, 2022: Пар, Пшеница яровая, 2023: Кукуруза зерновая, Пар, Рапс яровой, 2024: Кукуруза зерновая, Пар, Подсолнечник, 2025: Подсолнечник, 2026: Пшеница яровая", "Итого семян (т; п.ед.)": "22.3", "Культура": "Пшеница яровая", "Название": "КУР-СОЛ-0002-02", "Направление склона": "ЮВ", "Норма высева (кг/га; п.ед./га)": "240", "Область": "Курская область", "Ограничение сева по ХСЗР (сах.свекла)": "2017", "Опытное": "Нет", "План. хозяйство": "Орошение Солнцево", "Площадь (га)": "92.9", "Под оптимизацию": "Нет", "Пред. предшественник": "Кукуруза зерновая", "Предшественник": "Подсолнечник", "Район": "Солнцевский район", "Рельеф": "Условно пригодно", "Семена": "Семена яровой пшеницы КВС АКВИЛОН РС1 (соб.)", "Сред. норма высева (кг/га; п.ед./га)": "0", "Территория": "Орошение", "Технология": "Пшеница яровая АТ семенная орошение MAX", "Технология компании": "АТ семенная", "Тип посевов": "Семенные", "Хозяйство": "Орошение Солнцево" }, "rectangle_area_ha": 124.7434080334376, "rectangle_angle_deg": 45.029674210112717, "rectangle_width_m": 1112.2623443795601, "rectangle_height_m": 1121.5286453217268, "rectangle_crs": "EPSG:32637" }, "geometry": { "type": "Polygon", "coordinates": [ [ [ 36.779935615778385, 51.50393836239359 ], [ 36.768272935798308, 51.510793691201933 ], [ 36.757197918044632, 51.503454038654255 ], [ 36.76886031795668, 51.496599801089161 ], [ 36.779935615778385, 51.50393836239359 ] ] ] } },
{ "type": "Feature", "properties": { "dataset_code": "KAA", "source_file": "КАА.kml", "placemark_index": 5, "organization_code": "KAA", "organization_name_raw": "КАА", "farm_name_raw": "Орошение Солнцево", "region_name_raw": "Курская область", "district_name_raw": "Солнцевский район", "field_external_key": "KAA:КУР-СОЛ-0014-02", "field_code_raw": "КУР-СОЛ-0014-02", "field_name_raw": "КУР-СОЛ-0014-02", "field_code_unique_status": "unique", "source_fid": "6", "declared_area_ha": 42.8, "geometry_area_ha": 42.795759, "area_diff_ha": -0.004241, "area_diff_pct": -0.00991, "area_quality_status": "ok", "geometry_type": "Polygon", "polygon_count": 1, "inner_ring_count": 0, "geometry_valid": true, "geometry_validity_reason": "Valid Geometry", "centroid_lon": 36.735486312, "centroid_lat": 51.553555529, "representative_lon": 36.735484620999998, "representative_lat": 51.553592086999998, "centroid_within_geometry": true, "weather_point_lon_candidate": 36.735486312, "weather_point_lat_candidate": 51.553555529, "active_2026_candidate": true, "active_reason": "kaa_crop_plan_present", "season_year_candidate": null, "crop_raw": "Кукуруза зерновая", "crop_code_candidate": "maize_grain", "crop_parameter_set_candidate_key": "aquacrop_v7_3_regional_maize_grain_kursk_oblast", "regional_crop_parameter_set_candidate_key": "aquacrop_v7_3_regional_maize_grain_kursk_oblast", "crop_parameter_candidate_status": "resolved_from_kml_region_kursk_oblast", "crop_parameter_candidate_comment_ru": "Кандидат выбран по культуре и признаку региона 'Курская область' из KAA.kml.", "sowing_date_raw": "", "calculation_ready": false, "calculation_blockers_json": [ "missing_sowing_date", "missing_soil_profile" ], "geometry_hash_sha256": "3f292bd8abf5410a398badc936074dc18084c667f9703dd082b995186d865ebb", "source_attributes_json": { "ESRI_OID": "811", "fid": "6", "is_experimental_production": "Нет", "source_fid": "6", "В аренде": "Нет", "Дата изменения": "10.11.2025 9:55:23", "Изменил": "GEODATA", "Интенсивность": "MAX", "История": "2013: Пшеница озимая, 2014: Соя, 2015: Пшеница озимая, 2016: Кукуруза зерновая, 2017: Пшеница яровая, 2018: Соя, 2019: Пшеница озимая, 2020: Сахарная свекла, 2021: Пшеница яровая, 2022: Пар, Соя, 2023: Кукуруза зерновая, 2024: Подсолнечник, 2025: Кукуруза зерновая, 2026: Кукуруза зерновая", "Культура": "Кукуруза зерновая", "Мех.состав (пески; карбонаты)": "Да", "Название": "КУР-СОЛ-0014-02", "Область": "Курская область", "Опытное": "Нет", "План. хозяйство": "Орошение Солнцево", "Площадь (га)": "42.8", "Под оптимизацию": "Нет", "Пред. предшественник": "Подсолнечник", "Предшественник": "Кукуруза зерновая", "Район": "Солнцевский район", "Рельеф": "Пригодно", "Территория": "Орошение", "Технология": "Кукуруза зерновая АТ орошение MAS MAX_Кораген", "Технология компании": "АТ семенная", "Тип посевов": "Семенные", "Уклон (град.)": "1.3", "Хозяйство": "Орошение Солнцево" }, "rectangle_area_ha": 54.45680933588536, "rectangle_angle_deg": 75.773701909006263, "rectangle_width_m": 737.92736479581799, "rectangle_height_m": 737.96977770235389, "rectangle_crs": "EPSG:32637" }, "geometry": { "type": "Polygon", "coordinates": [ [ [ 36.74206570953006, 51.551280490112084 ], [ 36.739133467389678, 51.557656833795399 ], [ 36.728904161572977, 51.555828220905028 ], [ 36.73183770095681, 51.549452147171834 ], [ 36.74206570953006, 51.551280490112084 ] ] ] } },
{ "type": "Feature", "properties": { "dataset_code": "KAA", "source_file": "КАА.kml", "placemark_index": 6, "organization_code": "KAA", "organization_name_raw": "КАА", "farm_name_raw": "Орошение Горшечное", "region_name_raw": "Курская область", "district_name_raw": "Горшеченский район", "field_external_key": "KAA:КУР-ГОР-0061-02", "field_code_raw": "КУР-ГОР-0061-02", "field_name_raw": "КУР-ГОР-0061-02", "field_code_unique_status": "unique", "source_fid": "7", "declared_area_ha": 65.8, "geometry_area_ha": 65.802354, "area_diff_ha": 0.002354, "area_diff_pct": 0.003578, "area_quality_status": "ok", "geometry_type": "Polygon", "polygon_count": 1, "inner_ring_count": 0, "geometry_valid": true, "geometry_validity_reason": "Valid Geometry", "centroid_lon": 37.69594969, "centroid_lat": 51.45611586, "representative_lon": 37.695952325999997, "representative_lat": 51.456106055, "centroid_within_geometry": true, "weather_point_lon_candidate": 37.69594969, "weather_point_lat_candidate": 51.45611586, "active_2026_candidate": true, "active_reason": "kaa_crop_plan_present", "season_year_candidate": null, "crop_raw": "Соя", "crop_code_candidate": "soybean", "crop_parameter_set_candidate_key": "aquacrop_v7_3_regional_soybean_kursk_oblast", "regional_crop_parameter_set_candidate_key": "aquacrop_v7_3_regional_soybean_kursk_oblast", "crop_parameter_candidate_status": "resolved_from_kml_region_kursk_oblast", "crop_parameter_candidate_comment_ru": "Кандидат выбран по культуре и признаку региона 'Курская область' из KAA.kml.", "sowing_date_raw": "", "calculation_ready": false, "calculation_blockers_json": [ "missing_sowing_date", "missing_soil_profile" ], "geometry_hash_sha256": "4bc48b0be043a501aa6f0a1b06887c137b582ebd658bfffa8f156437e6b60a9f", "source_attributes_json": { "ESRI_OID": "1835", "fid": "7", "is_experimental_production": "Нет", "source_fid": "7", "В аренде": "Нет", "Вид семян": "Собственные", "Дата изменения": "10.11.2025 9:56:21", "Изменил": "GEODATA", "Интенсивность": "MAX", "История": "2013: Пшеница озимая, Соя, 2014: Кукуруза зерновая, 2015: Соя, 2016: Пшеница яровая, 2017: Залежь, Соя, 2018: Залежь, Пшеница озимая, 2019: Залежь, Соя, 2020: Соя, 2021: Залежь, Пшеница яровая, 2022: Кукуруза зерновая, Пар, 2023: Кукуруза зерновая, 2024: Кукуруза зерновая, 2025: Рапс яровой, 2026: Соя", "Итого семян (т; п.ед.)": "7.9", "Культура": "Соя", "Название": "КУР-ГОР-0061-02", "Норма высева (кг/га; п.ед./га)": "120", "Область": "Курская область", "Ограничение сева по ХСЗР (сах.свекла)": "2017", "Опытное": "Нет", "План. хозяйство": "Орошение Горшечное", "Площадь (га)": "65.8", "Под оптимизацию": "Нет", "Пред. предшественник": "Кукуруза зерновая", "Предшественник": "Рапс яровой", "Район": "Горшеченский район", "Рельеф": "Пригодно", "Семена": "Семена сои ЕС ФАВОР РС1 (соб.)", "Сред. норма высева (кг/га; п.ед./га)": "0", "Территория": "Орошение", "Технология": "Соя АТ семенная орошение MAX", "Технология компании": "АТ семенная", "Тип посевов": "Семенные", "Хозяйство": "Орошение Горшечное" }, "rectangle_area_ha": 83.688053197686955, "rectangle_angle_deg": 83.357139946694929, "rectangle_width_m": 913.70451373863034, "rectangle_height_m": 915.92032149713486, "rectangle_crs": "EPSG:32637" }, "geometry": { "type": "Polygon", "coordinates": [ [ [ 37.688544743546316, 51.459634811674341 ], [ 37.690299273142607, 51.451493262334274 ], [ 37.70336171495893, 51.452591235711765 ], [ 37.701609460636526, 51.460732995088826 ], [ 37.688544743546316, 51.459634811674341 ] ] ] } },
{ "type": "Feature", "properties": { "dataset_code": "KAA", "source_file": "КАА.kml", "placemark_index": 7, "organization_code": "KAA", "organization_name_raw": "КАА", "farm_name_raw": "Орошение Горшечное", "region_name_raw": "Курская область", "district_name_raw": "Горшеченский район", "field_external_key": "KAA:КУР-ГОР-0062-04", "field_code_raw": "КУР-ГОР-0062-04", "field_name_raw": "КУР-ГОР-0062-04", "field_code_unique_status": "unique", "source_fid": "8", "declared_area_ha": 40.6, "geometry_area_ha": 40.599379, "area_diff_ha": -0.000621, "area_diff_pct": -0.00153, "area_quality_status": "ok", "geometry_type": "Polygon", "polygon_count": 1, "inner_ring_count": 0, "geometry_valid": true, "geometry_validity_reason": "Valid Geometry", "centroid_lon": 37.724066378000003, "centroid_lat": 51.444350589000003, "representative_lon": 37.724065004000003, "representative_lat": 51.444365730999998, "centroid_within_geometry": true, "weather_point_lon_candidate": 37.724066378000003, "weather_point_lat_candidate": 51.444350589000003, "active_2026_candidate": true, "active_reason": "kaa_crop_plan_present", "season_year_candidate": null, "crop_raw": "Кукуруза зерновая", "crop_code_candidate": "maize_grain", "crop_parameter_set_candidate_key": "aquacrop_v7_3_regional_maize_grain_kursk_oblast", "regional_crop_parameter_set_candidate_key": "aquacrop_v7_3_regional_maize_grain_kursk_oblast", "crop_parameter_candidate_status": "resolved_from_kml_region_kursk_oblast", "crop_parameter_candidate_comment_ru": "Кандидат выбран по культуре и признаку региона 'Курская область' из KAA.kml.", "sowing_date_raw": "", "calculation_ready": false, "calculation_blockers_json": [ "missing_sowing_date", "missing_soil_profile" ], "geometry_hash_sha256": "ddb8e5ed44153f8add4b4d8e8f0f348205ef5f9c2d39a5ad28fa465aecf33d28", "source_attributes_json": { "ESRI_OID": "1735", "fid": "8", "is_experimental_production": "Нет", "source_fid": "8", "В аренде": "Нет", "Дата изменения": "10.11.2025 9:55:59", "Изменил": "GEODATA", "Интенсивность": "MAX", "История": "2013: Пшеница озимая, Соя, 2014: Кукуруза зерновая, 2015: Пшеница яровая, 2016: Соя, 2017: Залежь, Кукуруза зерновая, 2018: Залежь, Соя, 2019: Подъем залежи, Пшеница яровая, Ячмень яровой, 2020: Соя, 2021: Залежь, Соя, 2022: Кукуруза зерновая, 2023: Соя, 2024: Кукуруза зерновая, Рапс яровой, 2025: Кукуруза зерновая, Соя, 2026: Кукуруза зерновая", "Культура": "Кукуруза зерновая", "Мех.состав (пески; карбонаты)": "Да", "Название": "КУР-ГОР-0062-04", "Направление склона": "Ю, З", "Область": "Курская область", "Опытное": "Нет", "План. хозяйство": "Орошение Горшечное", "Площадь (га)": "40.6", "Под оптимизацию": "Нет", "Пред. предшественник": "Кукуруза зерновая, Рапс яровой", "Предшественник": "Соя", "Район": "Горшеченский район", "Рельеф": "Пригодно", "Территория": "Орошение", "Технология": "Кукуруза зерновая АТ орошение MAS MAX_Кораген", "Технология компании": "АТ семенная", "Тип посевов": "Семенные", "Хозяйство": "Орошение Горшечное" }, "rectangle_area_ha": 51.605342365749102, "rectangle_angle_deg": 67.586714284252992, "rectangle_width_m": 717.45792124758009, "rectangle_height_m": 719.28040429204702, "rectangle_crs": "EPSG:32637" }, "geometry": { "type": "Polygon", "coordinates": [ [ [ 37.717270814005111, 51.446022818098115 ], [ 37.721372725452817, 51.440103393357447 ], [ 37.730869064296101, 51.442672737773741 ], [ 37.726768138916562, 51.448592499158806 ], [ 37.717270814005111, 51.446022818098115 ] ] ] } },
{ "type": "Feature", "properties": { "dataset_code": "KAA", "source_file": "КАА.kml", "placemark_index": 8, "organization_code": "KAA", "organization_name_raw": "КАА", "farm_name_raw": "Орошение Горшечное", "region_name_raw": "Курская область", "district_name_raw": "Горшеченский район", "field_external_key": "KAA:КУР-ГОР-0062-03", "field_code_raw": "КУР-ГОР-0062-03", "field_name_raw": "КУР-ГОР-0062-03", "field_code_unique_status": "unique", "source_fid": "9", "declared_area_ha": 40.6, "geometry_area_ha": 40.600833, "area_diff_ha": 0.000833, "area_diff_pct": 0.002052, "area_quality_status": "ok", "geometry_type": "Polygon", "polygon_count": 1, "inner_ring_count": 0, "geometry_valid": true, "geometry_validity_reason": "Valid Geometry", "centroid_lon": 37.712775592, "centroid_lat": 51.441025992999997, "representative_lon": 37.712775848, "representative_lat": 51.44101189, "centroid_within_geometry": true, "weather_point_lon_candidate": 37.712775592, "weather_point_lat_candidate": 51.441025992999997, "active_2026_candidate": true, "active_reason": "kaa_crop_plan_present", "season_year_candidate": null, "crop_raw": "Подсолнечник", "crop_code_candidate": "sunflower", "crop_parameter_set_candidate_key": "aquacrop_v7_3_regional_sunflower_kursk_oblast", "regional_crop_parameter_set_candidate_key": "aquacrop_v7_3_regional_sunflower_kursk_oblast", "crop_parameter_candidate_status": "resolved_from_kml_region_kursk_oblast", "crop_parameter_candidate_comment_ru": "Кандидат выбран по культуре и признаку региона 'Курская область' из KAA.kml.", "sowing_date_raw": "", "calculation_ready": false, "calculation_blockers_json": [ "missing_sowing_date", "missing_soil_profile" ], "geometry_hash_sha256": "091f1300f55f72f382b6ebf465d4c005e8a8daf8e481bc2fa34b222cc4f79900", "source_attributes_json": { "ESRI_OID": "352", "fid": "9", "is_experimental_production": "Нет", "source_fid": "9", "В аренде": "Нет", "Дата изменения": "20.11.2025 12:49:03", "Изменил": "esb", "Интенсивность": "MAX", "История": "2013: Пшеница озимая, Соя, 2014: Кукуруза зерновая, 2015: Пшеница яровая, 2016: Соя, 2017: Залежь, Кукуруза зерновая, 2018: Залежь, Соя, 2019: Подъем залежи, Пшеница яровая, Ячмень яровой, 2020: Соя, 2021: Залежь, Соя, 2022: Кукуруза зерновая, 2023: Кукуруза зерновая, 2024: Рапс яровой, 2025: Кукуруза зерновая, 2026: Подсолнечник", "Культура": "Подсолнечник", "Мех.состав (пески; карбонаты)": "Да", "Название": "КУР-ГОР-0062-03", "Направление склона": "Ю, З", "Область": "Курская область", "Опытное": "Нет", "План. хозяйство": "Орошение Горшечное", "Площадь (га)": "40.6", "Под оптимизацию": "Нет", "Пред. предшественник": "Рапс яровой", "Предшественник": "Кукуруза зерновая", "Район": "Горшеченский район", "Рельеф": "Пригодно", "Территория": "Орошение", "Технология": "Подсолнечник АТ гибридизация орошение MAS EX MAX_ Мультипликация", "Технология компании": "АТ семенная", "Тип посевов": "Семенные", "Хозяйство": "Орошение Горшечное" }, "rectangle_area_ha": 51.628763421473707, "rectangle_angle_deg": 77.311336734884151, "rectangle_width_m": 717.70363169180928, "rectangle_height_m": 719.36048727761954, "rectangle_crs": "EPSG:32637" }, "geometry": { "type": "Polygon", "coordinates": [ [ [ 37.70652849863675, 51.443393417100211 ], [ 37.70897374709044, 51.437124162142972 ], [ 37.719028014098093, 51.438655341085294 ], [ 37.716584053284308, 51.444924813186248 ], [ 37.70652849863675, 51.443393417100211 ] ] ] } },
{ "type": "Feature", "properties": { "dataset_code": "KAA", "source_file": "КАА.kml", "placemark_index": 9, "organization_code": "KAA", "organization_name_raw": "КАА", "farm_name_raw": "Орошение Горшечное", "region_name_raw": "Курская область", "district_name_raw": "Горшеченский район", "field_external_key": "KAA:КУР-ГОР-0062-05-3", "field_code_raw": "КУР-ГОР-0062-05-3", "field_name_raw": "КУР-ГОР-0062-05-3", "field_code_unique_status": "unique", "source_fid": "10", "declared_area_ha": 99.9, "geometry_area_ha": 99.902583, "area_diff_ha": 0.002583, "area_diff_pct": 0.002585, "area_quality_status": "ok", "geometry_type": "Polygon", "polygon_count": 1, "inner_ring_count": 0, "geometry_valid": true, "geometry_validity_reason": "Valid Geometry", "centroid_lon": 37.714382426, "centroid_lat": 51.451561565, "representative_lon": 37.714382886000003, "representative_lat": 51.451559621000001, "centroid_within_geometry": true, "weather_point_lon_candidate": 37.714382426, "weather_point_lat_candidate": 51.451561565, "active_2026_candidate": true, "active_reason": "kaa_crop_plan_present", "season_year_candidate": null, "crop_raw": "Подсолнечник", "crop_code_candidate": "sunflower", "crop_parameter_set_candidate_key": "aquacrop_v7_3_regional_sunflower_kursk_oblast", "regional_crop_parameter_set_candidate_key": "aquacrop_v7_3_regional_sunflower_kursk_oblast", "crop_parameter_candidate_status": "resolved_from_kml_region_kursk_oblast", "crop_parameter_candidate_comment_ru": "Кандидат выбран по культуре и признаку региона 'Курская область' из KAA.kml.", "sowing_date_raw": "", "calculation_ready": false, "calculation_blockers_json": [ "missing_sowing_date", "missing_soil_profile" ], "geometry_hash_sha256": "ca7329585f806cbecce11a65172ec3146e3cc2d598a89a39bc30e465e9b7f1bb", "source_attributes_json": { "ESRI_OID": "353", "fid": "10", "is_experimental_production": "Нет", "source_fid": "10", "В аренде": "Нет", "Дата изменения": "20.11.2025 12:49:04", "Изменил": "esb", "Интенсивность": "MAX", "История": "2013: Пшеница озимая, Соя, 2014: Кукуруза зерновая, 2015: Пшеница яровая, 2016: Соя, 2017: Залежь, Кукуруза зерновая, 2018: Залежь, Соя, 2019: Подъем залежи, Пшеница яровая, Ячмень яровой, 2020: Соя, 2021: Залежь, Соя, 2022: Кукуруза зерновая, 2023: Кукуруза зерновая, 2024: Кукуруза зерновая, 2025: Кукуруза зерновая, Пар, 2026: Подсолнечник", "Культура": "Подсолнечник", "Мех.состав (пески; карбонаты)": "Да", "Название": "КУР-ГОР-0062-05-3", "Направление склона": "Ю, З", "Область": "Курская область", "Опытное": "Нет", "План. хозяйство": "Орошение Горшечное", "Площадь (га)": "99.9", "Под оптимизацию": "Нет", "Пред. предшественник": "Кукуруза зерновая", "Предшественник": "Кукуруза зерновая", "Район": "Горшеченский район", "Рельеф": "Пригодно", "Территория": "Орошение", "Технология": "Подсолнечник АТ гибридизация орошение MAS EX MAX_ Мультипликация", "Технология компании": "АТ семенная", "Тип посевов": "Семенные", "Хозяйство": "Орошение Горшечное" }, "rectangle_area_ha": 127.07094776557486, "rectangle_angle_deg": 89.154503616479928, "rectangle_width_m": 1126.1563336644322, "rectangle_height_m": 1128.35974870465, "rectangle_crs": "EPSG:32637" }, "geometry": { "type": "Polygon", "coordinates": [ [ [ 37.722235621296605, 51.456784402111296 ], [ 37.706005300510981, 51.456456662418447 ], [ 37.706530535326095, 51.446336811412792 ], [ 37.722757273855031, 51.446664454185417 ], [ 37.722235621296605, 51.456784402111296 ] ] ] } },
{ "type": "Feature", "properties": { "dataset_code": "KAA", "source_file": "КАА.kml", "placemark_index": 10, "organization_code": "KAA", "organization_name_raw": "КАА", "farm_name_raw": "Орошение Солнцево", "region_name_raw": "Курская область", "district_name_raw": "Солнцевский район", "field_external_key": "KAA:КУР-СОЛ-0021-02", "field_code_raw": "КУР-СОЛ-0021-02", "field_name_raw": "КУР-СОЛ-0021-02", "field_code_unique_status": "unique", "source_fid": "15", "declared_area_ha": 63.8, "geometry_area_ha": 63.799175, "area_diff_ha": -0.000825, "area_diff_pct": -0.001294, "area_quality_status": "ok", "geometry_type": "Polygon", "polygon_count": 1, "inner_ring_count": 0, "geometry_valid": true, "geometry_validity_reason": "Valid Geometry", "centroid_lon": 36.73390593, "centroid_lat": 51.570676302000003, "representative_lon": 36.733905184999998, "representative_lat": 51.570673266, "centroid_within_geometry": true, "weather_point_lon_candidate": 36.73390593, "weather_point_lat_candidate": 51.570676302000003, "active_2026_candidate": true, "active_reason": "kaa_crop_plan_present", "season_year_candidate": null, "crop_raw": "Пшеница яровая", "crop_code_candidate": "spring_wheat", "crop_parameter_set_candidate_key": "aquacrop_v7_3_regional_spring_wheat_kursk_oblast", "regional_crop_parameter_set_candidate_key": "aquacrop_v7_3_regional_spring_wheat_kursk_oblast", "crop_parameter_candidate_status": "resolved_from_kml_region_kursk_oblast", "crop_parameter_candidate_comment_ru": "Кандидат выбран по культуре и признаку региона 'Курская область' из KAA.kml.", "sowing_date_raw": "", "calculation_ready": false, "calculation_blockers_json": [ "missing_sowing_date", "missing_soil_profile" ], "geometry_hash_sha256": "c0b5e766963bcc38bc782d37f43dadc5fc3c712ef5e6ed2e931fd47990b8e947", "source_attributes_json": { "ESRI_OID": "2032", "fid": "15", "is_experimental_production": "Нет", "source_fid": "15", "В аренде": "Нет", "Вид семян": "Собственные", "Дата изменения": "10.11.2025 9:56:52", "Изменил": "GEODATA", "Интенсивность": "MAX", "История": "2013: Пшеница озимая, 2014: Соя, 2015: Пшеница озимая, 2016: Кукуруза зерновая, 2017: Пшеница яровая, 2018: Пар, 2019: Пшеница озимая, 2020: Соя, 2021: Соя, 2022: Пар, Соя, 2023: Кукуруза зерновая, 2024: Кукуруза зерновая, 2025: Рапс яровой, 2026: Пшеница яровая", "Итого семян (т; п.ед.)": "15.31", "Культура": "Пшеница яровая", "Мех.состав (пески; карбонаты)": "Да", "Название": "КУР-СОЛ-0021-02", "Направление склона": "СВ", "Норма высева (кг/га; п.ед./га)": "240", "Область": "Курская область", "Опытное": "Нет", "План. хозяйство": "Орошение Солнцево", "Площадь (га)": "63.8", "Под оптимизацию": "Нет", "Пред. предшественник": "Кукуруза зерновая", "Предшественник": "Рапс яровой", "Район": "Солнцевский район", "Рельеф": "Условно пригодно", "Семена": "Семена яровой пшеницы КВС АКВИЛОН РС1 (соб.)", "Сред. норма высева (кг/га; п.ед./га)": "0", "Территория": "Орошение", "Технология": "Пшеница яровая АТ семенная орошение MAX", "Технология компании": "АТ семенная", "Тип посевов": "Семенные", "Хозяйство": "Орошение Солнцево" }, "rectangle_area_ha": 81.164521052429521, "rectangle_angle_deg": 71.375593538186763, "rectangle_width_m": 900.81476011523046, "rectangle_height_m": 901.01233512256294, "rectangle_crs": "EPSG:32637" }, "geometry": { "type": "Polygon", "coordinates": [ [ [ 36.742264996226552, 51.568291712722051 ], [ 36.737736575600955, 51.575881440241652 ], [ 36.725554154545712, 51.573058078557565 ], [ 36.730084294622067, 51.565468839322477 ], [ 36.742264996226552, 51.568291712722051 ] ] ] } },
{ "type": "Feature", "properties": { "dataset_code": "KAA", "source_file": "КАА.kml", "placemark_index": 11, "organization_code": "KAA", "organization_name_raw": "КАА", "farm_name_raw": "Орошение Солнцево", "region_name_raw": "Курская область", "district_name_raw": "Солнцевский район", "field_external_key": "KAA:КУР-СОЛ-0036-02", "field_code_raw": "КУР-СОЛ-0036-02", "field_name_raw": "КУР-СОЛ-0036-02", "field_code_unique_status": "unique", "source_fid": "16", "declared_area_ha": 63.8, "geometry_area_ha": 63.800919, "area_diff_ha": 0.000919, "area_diff_pct": 0.00144, "area_quality_status": "ok", "geometry_type": "Polygon", "polygon_count": 1, "inner_ring_count": 0, "geometry_valid": true, "geometry_validity_reason": "Valid Geometry", "centroid_lon": 36.797812704999998, "centroid_lat": 51.466068325000002, "representative_lon": 36.797815067999998, "representative_lat": 51.466065596999997, "centroid_within_geometry": true, "weather_point_lon_candidate": 36.797812704999998, "weather_point_lat_candidate": 51.466068325000002, "active_2026_candidate": true, "active_reason": "kaa_crop_plan_present", "season_year_candidate": null, "crop_raw": "Подсолнечник", "crop_code_candidate": "sunflower", "crop_parameter_set_candidate_key": "aquacrop_v7_3_regional_sunflower_kursk_oblast", "regional_crop_parameter_set_candidate_key": "aquacrop_v7_3_regional_sunflower_kursk_oblast", "crop_parameter_candidate_status": "resolved_from_kml_region_kursk_oblast", "crop_parameter_candidate_comment_ru": "Кандидат выбран по культуре и признаку региона 'Курская область' из KAA.kml.", "sowing_date_raw": "", "calculation_ready": false, "calculation_blockers_json": [ "missing_sowing_date", "missing_soil_profile" ], "geometry_hash_sha256": "a1047b6cf0ab81323b07268598fd04f0f8bf9818297a56261ffca6be921ad696", "source_attributes_json": { "ESRI_OID": "618", "fid": "16", "is_experimental_production": "Нет", "source_fid": "16", "В аренде": "Нет", "Дата изменения": "03.03.2026 12:36:00", "Изменил": "esb", "Интенсивность": "MAX", "История": "2013: Рожь озимая, 2014: Соя, 2015: Кукуруза зерновая, 2016: Пар, 2017: Пшеница озимая, 2018: Соя, 2019: Пшеница яровая, 2020: Соя, 2021: Пшеница озимая, Пшеница яровая, 2022: Кукуруза зерновая, Пар, 2023: Соя, 2024: Рапс яровой, 2025: Кукуруза зерновая, Пар, 2026: Подсолнечник", "Культура": "Подсолнечник", "Мех.состав (пески; карбонаты)": "Нет", "Название": "КУР-СОЛ-0036-02", "Направление склона": "СВ, СЗ", "Область": "Курская область", "Опытное": "Нет", "План. хозяйство": "Орошение Солнцево", "Площадь (га)": "63.8", "Под оптимизацию": "Нет", "Пред. предшественник": "Рапс яровой", "Предшественник": "Кукуруза зерновая, Пар", "Район": "Солнцевский район", "Рельеф": "Пригодно", "Территория": "Орошение", "Технология": "Подсолнечник АТ гибридизация орошение MAS EX MAX_ Лицензия", "Технология компании": "АТ семенная", "Уклон (град.)": "1.8", "Хозяйство": "Орошение Солнцево" }, "rectangle_area_ha": 81.158901316475792, "rectangle_angle_deg": 47.197761346800235, "rectangle_width_m": 900.79967820871389, "rectangle_height_m": 900.96503451094031, "rectangle_crs": "EPSG:32637" }, "geometry": { "type": "Polygon", "coordinates": [ [ [ 36.806975239025952, 51.466021247664806 ], [ 36.797884519667349, 51.471794626695619 ], [ 36.788640184519863, 51.466115098811024 ], [ 36.797730898079855, 51.460342432074377 ], [ 36.806975239025952, 51.466021247664806 ] ] ] } },
{ "type": "Feature", "properties": { "dataset_code": "KAA", "source_file": "КАА.kml", "placemark_index": 12, "organization_code": "KAA", "organization_name_raw": "КАА", "farm_name_raw": "Орошение Горшечное", "region_name_raw": "Курская область", "district_name_raw": "Горшеченский район", "field_external_key": "KAA:КУР-ГОР-0059-03", "field_code_raw": "КУР-ГОР-0059-03", "field_name_raw": "КУР-ГОР-0059-03", "field_code_unique_status": "unique", "source_fid": "17", "declared_area_ha": 51.9, "geometry_area_ha": 51.901355, "area_diff_ha": 0.001355, "area_diff_pct": 0.002611, "area_quality_status": "ok", "geometry_type": "Polygon", "polygon_count": 1, "inner_ring_count": 0, "geometry_valid": true, "geometry_validity_reason": "Valid Geometry", "centroid_lon": 37.668517821000002, "centroid_lat": 51.495213962000001, "representative_lon": 37.669793079000002, "representative_lat": 51.494374338, "centroid_within_geometry": true, "weather_point_lon_candidate": 37.668517821000002, "weather_point_lat_candidate": 51.495213962000001, "active_2026_candidate": true, "active_reason": "kaa_crop_plan_present", "season_year_candidate": null, "crop_raw": "Кукуруза зерновая", "crop_code_candidate": "maize_grain", "crop_parameter_set_candidate_key": "aquacrop_v7_3_regional_maize_grain_kursk_oblast", "regional_crop_parameter_set_candidate_key": "aquacrop_v7_3_regional_maize_grain_kursk_oblast", "crop_parameter_candidate_status": "resolved_from_kml_region_kursk_oblast", "crop_parameter_candidate_comment_ru": "Кандидат выбран по культуре и признаку региона 'Курская область' из KAA.kml.", "sowing_date_raw": "", "calculation_ready": false, "calculation_blockers_json": [ "missing_sowing_date", "missing_soil_profile" ], "geometry_hash_sha256": "57b7cd39f7d758107e980a7a16f087c8573fa4f01dc7a8745305e865b9e8f464", "source_attributes_json": { "ESRI_OID": "2086", "fid": "17", "is_experimental_production": "Нет", "source_fid": "17", "В аренде": "Нет", "Дата изменения": "10.11.2025 9:57:01", "Изменил": "GEODATA", "Интенсивность": "MAX", "История": "2013: Пшеница озимая, 2014: Кукуруза зерновая, 2015: Соя, 2016: Пшеница яровая, 2017: Соя, 2018: Пшеница озимая, Соя, 2019: Пшеница яровая, 2020: Соя, 2021: Залежь, Сахарная свекла, Соя, 2022: Кукуруза зерновая, Пар, Соя, 2023: Кукуруза зерновая, 2024: Соя, 2025: Кукуруза зерновая, 2026: Кукуруза зерновая", "Культура": "Кукуруза зерновая", "Название": "КУР-ГОР-0059-03", "Направление склона": "Ю, З", "Область": "Курская область", "Опытное": "Нет", "План. хозяйство": "Орошение Горшечное", "Площадь (га)": "51.9", "Под оптимизацию": "Нет", "Пред. предшественник": "Соя", "Предшественник": "Кукуруза зерновая", "Район": "Горшеченский район", "Рельеф": "Пригодно", "Территория": "Орошение", "Технология": "Кукуруза зерновая АТ орошение MAS MAX_Кораген", "Технология компании": "АТ семенная", "Тип посевов": "Семенные", "Хозяйство": "Орошение Горшечное" }, "rectangle_area_ha": 69.213089324097012, "rectangle_angle_deg": 140.76216723217789, "rectangle_width_m": 629.35760797327384, "rectangle_height_m": 1099.7418390950188, "rectangle_crs": "EPSG:32637" }, "geometry": { "type": "Polygon", "coordinates": [ [ [ 37.670436390705333, 51.489755341322898 ], [ 37.677351922350447, 51.493413319195078 ], [ 37.667111051854477, 51.5009568102952 ], [ 37.66019522077044, 51.49729823077589 ], [ 37.670436390705333, 51.489755341322898 ] ] ] } },
{ "type": "Feature", "properties": { "dataset_code": "KAA", "source_file": "КАА.kml", "placemark_index": 13, "organization_code": "KAA", "organization_name_raw": "КАА", "farm_name_raw": "Орошение Солнцево", "region_name_raw": "Курская область", "district_name_raw": "Солнцевский район", "field_external_key": "KAA:КУР-СОЛ-0036-03", "field_code_raw": "КУР-СОЛ-0036-03", "field_name_raw": "КУР-СОЛ-0036-03", "field_code_unique_status": "unique", "source_fid": "18", "declared_area_ha": 102.0, "geometry_area_ha": 102.004016, "area_diff_ha": 0.004016, "area_diff_pct": 0.003937, "area_quality_status": "ok", "geometry_type": "Polygon", "polygon_count": 1, "inner_ring_count": 4, "geometry_valid": true, "geometry_validity_reason": "Valid Geometry", "centroid_lon": 36.802528406, "centroid_lat": 51.457348015000001, "representative_lon": 36.802535724000002, "representative_lat": 51.457436758999997, "centroid_within_geometry": true, "weather_point_lon_candidate": 36.802528406, "weather_point_lat_candidate": 51.457348015000001, "active_2026_candidate": true, "active_reason": "kaa_crop_plan_present", "season_year_candidate": null, "crop_raw": "Подсолнечник", "crop_code_candidate": "sunflower", "crop_parameter_set_candidate_key": "aquacrop_v7_3_regional_sunflower_kursk_oblast", "regional_crop_parameter_set_candidate_key": "aquacrop_v7_3_regional_sunflower_kursk_oblast", "crop_parameter_candidate_status": "resolved_from_kml_region_kursk_oblast", "crop_parameter_candidate_comment_ru": "Кандидат выбран по культуре и признаку региона 'Курская область' из KAA.kml.", "sowing_date_raw": "", "calculation_ready": false, "calculation_blockers_json": [ "missing_sowing_date", "missing_soil_profile" ], "geometry_hash_sha256": "8e7ae7eb83710be508a41eddf5e47d0d739095dbb57aa5eea4b78f7f774aa95a", "source_attributes_json": { "ESRI_OID": "346", "fid": "18", "is_experimental_production": "Нет", "source_fid": "18", "В аренде": "Нет", "Дата изменения": "18.11.2025 12:17:04", "Изменил": "esb", "Интенсивность": "MAX", "История": "2013: Рожь озимая, 2014: Соя, 2015: Кукуруза зерновая, 2016: Пар, 2017: Пшеница озимая, 2018: Соя, 2019: Пшеница яровая, 2020: Соя, 2021: Пшеница озимая, Пшеница яровая, 2022: Кукуруза зерновая, Пар, 2023: Соя, 2024: Кукуруза зерновая, 2025: Кукуруза зерновая, 2026: Подсолнечник", "Культура": "Подсолнечник", "Мех.состав (пески; карбонаты)": "Нет", "Название": "КУР-СОЛ-0036-03", "Направление склона": "СВ, СЗ", "Область": "Курская область", "Опытное": "Нет", "План. хозяйство": "Орошение Солнцево", "Площадь (га)": "102", "Под оптимизацию": "Нет", "Пред. предшественник": "Кукуруза зерновая", "Предшественник": "Кукуруза зерновая", "Район": "Солнцевский район", "Рельеф": "Пригодно", "Территория": "Орошение", "Технология": "Подсолнечник АТ гибридизация орошение MAS EX MAX_ Лицензия", "Технология компании": "АТ семенная", "Тип посевов": "Семенные", "Уклон (град.)": "1.8", "Хозяйство": "Орошение Солнцево" }, "rectangle_area_ha": 129.81141233082471, "rectangle_angle_deg": 169.93323527708765, "rectangle_width_m": 1139.1111447922885, "rectangle_height_m": 1139.5851311286679, "rectangle_crs": "EPSG:32637" }, "geometry": { "type": "Polygon", "coordinates": [ [ [ 36.812231387760342, 51.453374726030539 ], [ 36.808883798057266, 51.463402990996222 ], [ 36.792836979936979, 51.46131123985532 ], [ 36.796187906383111, 51.451283470200906 ], [ 36.812231387760342, 51.453374726030539 ] ] ] } },
{ "type": "Feature", "properties": { "dataset_code": "KAA", "source_file": "КАА.kml", "placemark_index": 14, "organization_code": "KAA", "organization_name_raw": "КАА", "farm_name_raw": "Орошение Горшечное", "region_name_raw": "Курская область", "district_name_raw": "Горшеченский район", "field_external_key": "KAA:КУР-ГОР-0061-03", "field_code_raw": "КУР-ГОР-0061-03", "field_name_raw": "КУР-ГОР-0061-03", "field_code_unique_status": "unique", "source_fid": "21", "declared_area_ha": 65.8, "geometry_area_ha": 65.79646, "area_diff_ha": -0.00354, "area_diff_pct": -0.005379, "area_quality_status": "ok", "geometry_type": "Polygon", "polygon_count": 1, "inner_ring_count": 0, "geometry_valid": true, "geometry_validity_reason": "Valid Geometry", "centroid_lon": 37.705440154000001, "centroid_lat": 51.462439668000002, "representative_lon": 37.705437811000003, "representative_lat": 51.462408996000001, "centroid_within_geometry": true, "weather_point_lon_candidate": 37.705440154000001, "weather_point_lat_candidate": 51.462439668000002, "active_2026_candidate": true, "active_reason": "kaa_crop_plan_present", "season_year_candidate": null, "crop_raw": "Кукуруза зерновая", "crop_code_candidate": "maize_grain", "crop_parameter_set_candidate_key": "aquacrop_v7_3_regional_maize_grain_kursk_oblast", "regional_crop_parameter_set_candidate_key": "aquacrop_v7_3_regional_maize_grain_kursk_oblast", "crop_parameter_candidate_status": "resolved_from_kml_region_kursk_oblast", "crop_parameter_candidate_comment_ru": "Кандидат выбран по культуре и признаку региона 'Курская область' из KAA.kml.", "sowing_date_raw": "", "calculation_ready": false, "calculation_blockers_json": [ "missing_sowing_date", "missing_soil_profile" ], "geometry_hash_sha256": "f37cd11ce05395e3be431a349522af6d23bbf907fa674674675c86a977296caa", "source_attributes_json": { "ESRI_OID": "1570", "fid": "21", "is_experimental_production": "Нет", "source_fid": "21", "В аренде": "Нет", "Дата изменения": "10.11.2025 9:56:10", "Изменил": "GEODATA", "Интенсивность": "MAX", "История": "2013: Пшеница озимая, Соя, 2014: Кукуруза зерновая, 2015: Соя, 2016: Пшеница яровая, 2017: Залежь, Соя, 2018: Залежь, Пшеница озимая, 2019: Залежь, Соя, 2020: Соя, 2021: Залежь, Пшеница яровая, 2022: Кукуруза зерновая, Пар, 2023: Кукуруза зерновая, 2024: Кукуруза зерновая, Подсолнечник, 2025: Кукуруза зерновая, 2026: Кукуруза зерновая", "Культура": "Кукуруза зерновая", "Название": "КУР-ГОР-0061-03", "Область": "Курская область", "Ограничение сева по ХСЗР (сах.свекла)": "2017", "Опытное": "Нет", "План. хозяйство": "Орошение Горшечное", "Площадь (га)": "65.8", "Под оптимизацию": "Нет", "Пред. предшественник": "Подсолнечник", "Предшественник": "Кукуруза зерновая", "Район": "Горшеченский район", "Рельеф": "Пригодно", "Территория": "Орошение", "Технология": "Кукуруза зерновая АТ орошение MAS MAX_Кораген", "Технология компании": "АТ семенная", "Тип посевов": "Семенные", "Хозяйство": "Орошение Горшечное" }, "rectangle_area_ha": 83.621848277367306, "rectangle_angle_deg": 56.12918759457159, "rectangle_width_m": 914.28754750225926, "rectangle_height_m": 914.6121316626668, "rectangle_crs": "EPSG:32637" }, "geometry": { "type": "Polygon", "coordinates": [ [ [ 37.714602336073959, 51.461423338710851 ], [ 37.707076614542636, 51.468166903558306 ], [ 37.696277318317314, 51.463463642731732 ], [ 37.703803832989671, 51.456720771551147 ], [ 37.714602336073959, 51.461423338710851 ] ] ] } },
{ "type": "Feature", "properties": { "dataset_code": "KAA", "source_file": "КАА.kml", "placemark_index": 15, "organization_code": "KAA", "organization_name_raw": "КАА", "farm_name_raw": "Орошение Солнцево", "region_name_raw": "Курская область", "district_name_raw": "Солнцевский район", "field_external_key": "KAA:КУР-СОЛ-0013-02", "field_code_raw": "КУР-СОЛ-0013-02", "field_name_raw": "КУР-СОЛ-0013-02", "field_code_unique_status": "unique", "source_fid": "22", "declared_area_ha": 102.0, "geometry_area_ha": 102.000887, "area_diff_ha": 0.000887, "area_diff_pct": 0.000869, "area_quality_status": "ok", "geometry_type": "Polygon", "polygon_count": 1, "inner_ring_count": 0, "geometry_valid": true, "geometry_validity_reason": "Valid Geometry", "centroid_lon": 36.718162381, "centroid_lat": 51.56386856, "representative_lon": 36.718163031000003, "representative_lat": 51.563837868999997, "centroid_within_geometry": true, "weather_point_lon_candidate": 36.718162381, "weather_point_lat_candidate": 51.56386856, "active_2026_candidate": true, "active_reason": "kaa_crop_plan_present", "season_year_candidate": null, "crop_raw": "Рапс яровой", "crop_code_candidate": "spring_rapeseed_proxy", "crop_parameter_set_candidate_key": "aquacrop_v7_3_regional_spring_rapeseed_proxy_kursk_oblast", "regional_crop_parameter_set_candidate_key": "aquacrop_v7_3_regional_spring_rapeseed_proxy_kursk_oblast", "crop_parameter_candidate_status": "proxy_parameter_set_requires_review", "crop_parameter_candidate_comment_ru": "Кандидат выбран по культуре и признаку региона 'Курская область' из KAA.kml. Набор ярового рапса является proxy, не official AquaCrop crop file.", "sowing_date_raw": "", "calculation_ready": false, "calculation_blockers_json": [ "missing_sowing_date", "missing_soil_profile" ], "geometry_hash_sha256": "93417dbd7307e3df457ecc71435c32ae197107303e9b32940587eeea03dbcadc", "source_attributes_json": { "ESRI_OID": "614", "fid": "22", "is_experimental_production": "Нет", "source_fid": "22", "В аренде": "Нет", "Дата изменения": "03.03.2026 12:32:00", "Изменил": "esb", "Интенсивность": "MAX", "История": "2013: Пар, 2014: Пшеница озимая, Соя, 2015: Пшеница озимая, 2016: Кукуруза зерновая, 2017: Пшеница яровая, 2018: Сахарная свекла, 2019: Пшеница яровая, 2020: Соя, 2021: Пшеница озимая, Пшеница яровая, 2022: Пар, Сахарная свекла, 2023: Подсолнечник, 2024: Сахарная свекла, 2025: Кукуруза зерновая, Соя, 2026: Рапс яровой", "Культура": "Рапс яровой", "Мех.состав (пески; карбонаты)": "Да", "Название": "КУР-СОЛ-0013-02", "Направление склона": "В", "Область": "Курская область", "Опытное": "Нет", "План. хозяйство": "Орошение Солнцево", "Площадь (га)": "102", "Под оптимизацию": "Нет", "Пред. предшественник": "Сахарная свекла", "Предшественник": "Кукуруза зерновая, Соя", "Район": "Солнцевский район", "Рельеф": "Пригодно", "Территория": "Орошение", "Технология": "Рапс яровой АТ гибридизация MAX Агротек", "Технология компании": "АТ семенная", "Уклон (град.)": "1.3", "Хозяйство": "Орошение Солнцево" }, "rectangle_area_ha": 129.83301421186476, "rectangle_angle_deg": 36.754686655215437, "rectangle_width_m": 1139.0958413085318, "rectangle_height_m": 1139.7900817785412, "rectangle_crs": "EPSG:32637" }, "geometry": { "type": "Polygon", "coordinates": [ [ [ 36.729604382099936, 51.565130224984493 ], [ 36.716140920462642, 51.570998868529884 ], [ 36.706720668679729, 51.562602392746065 ], [ 36.720182794511764, 51.556734807245711 ], [ 36.729604382099936, 51.565130224984493 ] ] ] } },
{ "type": "Feature", "properties": { "dataset_code": "KAA", "source_file": "КАА.kml", "placemark_index": 16, "organization_code": "KAA", "organization_name_raw": "КАА", "farm_name_raw": "Орошение Солнцево", "region_name_raw": "Курская область", "district_name_raw": "Солнцевский район", "field_external_key": "KAA:КУР-СОЛ-0031-2", "field_code_raw": "КУР-СОЛ-0031-2", "field_name_raw": "КУР-СОЛ-0031-2", "field_code_unique_status": "unique", "source_fid": "26", "declared_area_ha": 72.6, "geometry_area_ha": 72.604756, "area_diff_ha": 0.004756, "area_diff_pct": 0.006551, "area_quality_status": "ok", "geometry_type": "Polygon", "polygon_count": 1, "inner_ring_count": 0, "geometry_valid": true, "geometry_validity_reason": "Valid Geometry", "centroid_lon": 36.77187601, "centroid_lat": 51.474602763999997, "representative_lon": 36.771874865999997, "representative_lat": 51.474790413999997, "centroid_within_geometry": true, "weather_point_lon_candidate": 36.77187601, "weather_point_lat_candidate": 51.474602763999997, "active_2026_candidate": true, "active_reason": "kaa_crop_plan_present", "season_year_candidate": null, "crop_raw": "Пшеница яровая", "crop_code_candidate": "spring_wheat", "crop_parameter_set_candidate_key": "aquacrop_v7_3_regional_spring_wheat_kursk_oblast", "regional_crop_parameter_set_candidate_key": "aquacrop_v7_3_regional_spring_wheat_kursk_oblast", "crop_parameter_candidate_status": "resolved_from_kml_region_kursk_oblast", "crop_parameter_candidate_comment_ru": "Кандидат выбран по культуре и признаку региона 'Курская область' из KAA.kml.", "sowing_date_raw": "", "calculation_ready": false, "calculation_blockers_json": [ "missing_sowing_date", "missing_soil_profile" ], "geometry_hash_sha256": "f7bfbc62efa690c6beb0351866e8462f5754b3513bd260d4fdd57e123478e7f6", "source_attributes_json": { "ESRI_OID": "547", "fid": "26", "is_experimental_production": "Нет", "source_fid": "26", "В аренде": "Нет", "Вид семян": "Собственные", "Дата изменения": "03.03.2026 13:10:14", "Изменил": "mow\\udselis", "Интенсивность": "MAX", "История": "2016: Пшеница яровая, 2017: Соя, 2018: Пшеница яровая, 2019: Соя, 2020: Кукуруза зерновая, 2021: Кукуруза зерновая, 2022: Кукуруза зерновая, 2023: Подсолнечник, 2024: Кукуруза зерновая, 2025: Кукуруза зерновая, Соя, 2026: Пшеница яровая", "Итого семян (т; п.ед.)": "17.43", "Культура": "Пшеница яровая", "Мех.состав (пески; карбонаты)": "Нет", "Название": "КУР-СОЛ-0031-2", "Направление склона": "СВ, СЗ", "Норма высева (кг/га; п.ед./га)": "240", "Область": "Курская область", "Опытное": "Нет", "План. хозяйство": "Орошение Солнцево", "Площадь (га)": "72.6", "Под оптимизацию": "Нет", "Пред. предшественник": "Кукуруза зерновая", "Предшественник": "Кукуруза зерновая, Соя", "Район": "Солнцевский район", "Рельеф": "Непригодно", "Семена": "Семена яровой пшеницы КВС АКВИЛОН РС1 (соб.)", "Сред. норма высева (кг/га; п.ед./га)": "0", "Территория": "Орошение", "Технология": "Пшеница яровая АТ семенная орошение MAX", "Технология компании": "АТ семенная", "Уклон (град.)": "2.4", "Хозяйство": "Орошение Солнцево" }, "rectangle_area_ha": 92.245536431441479, "rectangle_angle_deg": 69.296342578452993, "rectangle_width_m": 960.26489642506931, "rectangle_height_m": 960.6259353524074, "rectangle_crs": "EPSG:32637" }, "geometry": { "type": "Polygon", "coordinates": [ [ [ 36.762855482686128, 51.476945008133761 ], [ 36.768134199795448, 51.468967387765112 ], [ 36.780913187874653, 51.4722642697919 ], [ 36.775636285029066, 51.480242483784636 ], [ 36.762855482686128, 51.476945008133761 ] ] ] } },
{ "type": "Feature", "properties": { "dataset_code": "KAA", "source_file": "КАА.kml", "placemark_index": 17, "organization_code": "KAA", "organization_name_raw": "КАА", "farm_name_raw": "Орошение Горшечное", "region_name_raw": "Курская область", "district_name_raw": "Горшеченский район", "field_external_key": "KAA:КУР-ГОР-0031-2", "field_code_raw": "КУР-ГОР-0031-2", "field_name_raw": "КУР-ГОР-0031-2", "field_code_unique_status": "unique", "source_fid": "28", "declared_area_ha": 54.7, "geometry_area_ha": 54.696422, "area_diff_ha": -0.003578, "area_diff_pct": -0.006542, "area_quality_status": "ok", "geometry_type": "Polygon", "polygon_count": 1, "inner_ring_count": 1, "geometry_valid": true, "geometry_validity_reason": "Valid Geometry", "centroid_lon": 37.742622552999997, "centroid_lat": 51.440873154999998, "representative_lon": 37.742773903, "representative_lat": 51.441300173000002, "centroid_within_geometry": true, "weather_point_lon_candidate": 37.742622552999997, "weather_point_lat_candidate": 51.440873154999998, "active_2026_candidate": true, "active_reason": "kaa_crop_plan_present", "season_year_candidate": null, "crop_raw": "Кукуруза зерновая", "crop_code_candidate": "maize_grain", "crop_parameter_set_candidate_key": "aquacrop_v7_3_regional_maize_grain_kursk_oblast", "regional_crop_parameter_set_candidate_key": "aquacrop_v7_3_regional_maize_grain_kursk_oblast", "crop_parameter_candidate_status": "resolved_from_kml_region_kursk_oblast", "crop_parameter_candidate_comment_ru": "Кандидат выбран по культуре и признаку региона 'Курская область' из KAA.kml.", "sowing_date_raw": "", "calculation_ready": false, "calculation_blockers_json": [ "missing_sowing_date", "missing_soil_profile" ], "geometry_hash_sha256": "d95e9562aaaa1c9ac9d92f6e8de64d83f661bef6322cc2341bd49262ad266deb", "source_attributes_json": { "ESRI_OID": "2111", "fid": "28", "is_experimental_production": "Нет", "source_fid": "28", "В аренде": "Нет", "Дата изменения": "10.11.2025 9:57:03", "Изменил": "GEODATA", "Интенсивность": "MAX", "История": "2013: Рожь озимая, 2014: Подсолнечник, 2015: Кукуруза зерновая, 2016: Соя, 2017: Пшеница озимая, 2018: Соя, 2019: Пшеница яровая, 2020: Соя, 2021: Пар, Соя, 2022: Кукуруза зерновая, 2023: Кукуруза зерновая, 2024: Кукуруза зерновая, 2025: Рапс яровой, 2026: Кукуруза зерновая", "Культура": "Кукуруза зерновая", "Мех.состав (пески; карбонаты)": "Да", "Название": "КУР-ГОР-0031-2", "Область": "Курская область", "Ограничение сева по ХСЗР (сах.свекла)": "2016", "Опытное": "Нет", "План. хозяйство": "Орошение Горшечное", "Площадь (га)": "54.7", "Под оптимизацию": "Нет", "Пред. предшественник": "Кукуруза зерновая", "Предшественник": "Рапс яровой", "Район": "Горшеченский район", "Рельеф": "Пригодно", "Территория": "Орошение", "Технология": "Кукуруза зерновая АТ орошение MAS MAX_Кораген", "Технология компании": "АТ семенная", "Тип посевов": "Семенные", "Уклон (град.)": "1.4", "Хозяйство": "Орошение Горшечное" }, "rectangle_area_ha": 78.901991520246568, "rectangle_angle_deg": 98.852812232017982, "rectangle_width_m": 839.42724950378761, "rectangle_height_m": 939.95032406784594, "rectangle_crs": "EPSG:32637" }, "geometry": { "type": "Polygon", "coordinates": [ [ [ 37.73680569872856, 51.445438629857833 ], [ 37.735153268682822, 51.437962351425732 ], [ 37.74854761932378, 51.436805331148065 ], [ 37.750202201643923, 51.444281436728517 ], [ 37.73680569872856, 51.445438629857833 ] ] ] } },
{ "type": "Feature", "properties": { "dataset_code": "KAA", "source_file": "КАА.kml", "placemark_index": 18, "organization_code": "KAA", "organization_name_raw": "КАА", "farm_name_raw": "Орошение Горшечное", "region_name_raw": "Курская область", "district_name_raw": "Горшеченский район", "field_external_key": "KAA:КУР-ГОР-0059-02-3", "field_code_raw": "КУР-ГОР-0059-02-3", "field_name_raw": "КУР-ГОР-0059-02-3", "field_code_unique_status": "unique", "source_fid": "31", "declared_area_ha": 64.0, "geometry_area_ha": 63.998879, "area_diff_ha": -0.001121, "area_diff_pct": -0.001752, "area_quality_status": "ok", "geometry_type": "Polygon", "polygon_count": 1, "inner_ring_count": 0, "geometry_valid": true, "geometry_validity_reason": "Valid Geometry", "centroid_lon": 37.6768967, "centroid_lat": 51.487220215999997, "representative_lon": 37.676899256, "representative_lat": 51.487178276000002, "centroid_within_geometry": true, "weather_point_lon_candidate": 37.6768967, "weather_point_lat_candidate": 51.487220215999997, "active_2026_candidate": true, "active_reason": "kaa_crop_plan_present", "season_year_candidate": null, "crop_raw": "Соя", "crop_code_candidate": "soybean", "crop_parameter_set_candidate_key": "aquacrop_v7_3_regional_soybean_kursk_oblast", "regional_crop_parameter_set_candidate_key": "aquacrop_v7_3_regional_soybean_kursk_oblast", "crop_parameter_candidate_status": "resolved_from_kml_region_kursk_oblast", "crop_parameter_candidate_comment_ru": "Кандидат выбран по культуре и признаку региона 'Курская область' из KAA.kml.", "sowing_date_raw": "", "calculation_ready": false, "calculation_blockers_json": [ "missing_sowing_date", "missing_soil_profile" ], "geometry_hash_sha256": "f5df637f3ca648f2759bf4717c7cd4cd3bb59d973fc1d7cfae2e45c486073e23", "source_attributes_json": { "ESRI_OID": "1666", "fid": "31", "is_experimental_production": "Нет", "source_fid": "31", "В аренде": "Нет", "Вид семян": "Собственные", "Дата изменения": "10.11.2025 9:56:24", "Изменил": "GEODATA", "Интенсивность": "MAX", "История": "2013: Пшеница озимая, 2014: Кукуруза зерновая, 2015: Соя, 2016: Пшеница яровая, 2017: Соя, 2018: Пшеница озимая, Соя, 2019: Пшеница яровая, 2020: Соя, 2021: Залежь, Сахарная свекла, Соя, 2022: Кукуруза зерновая, Пар, 2023: Подсолнечник, Соя, 2024: Кукуруза зерновая, 2025: Кукуруза зерновая, Пар, 2026: Соя", "Итого семян (т; п.ед.)": "7.68", "Культура": "Соя", "Название": "КУР-ГОР-0059-02-3", "Направление склона": "Ю, З", "Норма высева (кг/га; п.ед./га)": "120", "Область": "Курская область", "Опытное": "Нет", "План. хозяйство": "Орошение Горшечное", "Площадь (га)": "64", "Под оптимизацию": "Нет", "Пред. предшественник": "Кукуруза зерновая", "Предшественник": "Кукуруза зерновая", "Район": "Горшеченский район", "Рельеф": "Пригодно", "Семена": "Семена сои ЕС ФАВОР РС1 (соб.)", "Сред. норма высева (кг/га; п.ед./га)": "0", "Территория": "Орошение", "Технология": "Соя АТ семенная орошение MAX", "Технология компании": "АТ семенная", "Тип посевов": "Семенные", "Хозяйство": "Орошение Горшечное" }, "rectangle_area_ha": 81.3315849143615, "rectangle_angle_deg": 90.71246854143601, "rectangle_width_m": 901.15530254226178, "rectangle_height_m": 902.52573207876412, "rectangle_crs": "EPSG:32637" }, "geometry": { "type": "Polygon", "coordinates": [ [ [ 37.683362198658934, 51.491298151299297 ], [ 37.670363927730335, 51.491252410547105 ], [ 37.670438213982067, 51.483150430349959 ], [ 37.683434181350847, 51.483196146561774 ], [ 37.683362198658934, 51.491298151299297 ] ] ] } },
{ "type": "Feature", "properties": { "dataset_code": "KAA", "source_file": "КАА.kml", "placemark_index": 19, "organization_code": "KAA", "organization_name_raw": "КАА", "farm_name_raw": "Орошение Солнцево", "region_name_raw": "Курская область", "district_name_raw": "Солнцевский район", "field_external_key": "KAA:КУР-СОЛ-0015-02", "field_code_raw": "КУР-СОЛ-0015-02", "field_name_raw": "КУР-СОЛ-0015-02", "field_code_unique_status": "unique", "source_fid": "32", "declared_area_ha": 69.8, "geometry_area_ha": 69.803895, "area_diff_ha": 0.003895, "area_diff_pct": 0.005581, "area_quality_status": "ok", "geometry_type": "Polygon", "polygon_count": 1, "inner_ring_count": 0, "geometry_valid": true, "geometry_validity_reason": "Valid Geometry", "centroid_lon": 36.71725631, "centroid_lat": 51.548373245000001, "representative_lon": 36.717257048, "representative_lat": 51.548328837, "centroid_within_geometry": true, "weather_point_lon_candidate": 36.71725631, "weather_point_lat_candidate": 51.548373245000001, "active_2026_candidate": true, "active_reason": "kaa_crop_plan_present", "season_year_candidate": null, "crop_raw": "Рапс яровой", "crop_code_candidate": "spring_rapeseed_proxy", "crop_parameter_set_candidate_key": "aquacrop_v7_3_regional_spring_rapeseed_proxy_kursk_oblast", "regional_crop_parameter_set_candidate_key": "aquacrop_v7_3_regional_spring_rapeseed_proxy_kursk_oblast", "crop_parameter_candidate_status": "proxy_parameter_set_requires_review", "crop_parameter_candidate_comment_ru": "Кандидат выбран по культуре и признаку региона 'Курская область' из KAA.kml. Набор ярового рапса является proxy, не official AquaCrop crop file.", "sowing_date_raw": "", "calculation_ready": false, "calculation_blockers_json": [ "missing_sowing_date", "missing_soil_profile" ], "geometry_hash_sha256": "7355964ec6ec5a28ffb2d9db1e91dcd27acbadffcaf7cfca51cdda9d4c1af7ea", "source_attributes_json": { "ESRI_OID": "519", "fid": "32", "is_experimental_production": "Нет", "source_fid": "32", "В аренде": "Нет", "Дата изменения": "20.02.2026 8:59:03", "Изменил": "esb", "Интенсивность": "MAX", "История": "2016: Пшеница яровая, 2017: Сахарная свекла, 2018: Пшеница яровая, 2019: Соя, 2020: Соя, 2021: Пшеница яровая, 2022: Пар, Сахарная свекла, 2023: Подсолнечник, 2024: Сахарная свекла, 2025: Кукуруза зерновая, 2026: Рапс яровой", "Культура": "Рапс яровой", "Мех.состав (пески; карбонаты)": "Да", "Название": "КУР-СОЛ-0015-02", "Область": "Курская область", "Опытное": "Нет", "План. хозяйство": "Орошение Солнцево", "Площадь (га)": "69.8", "Под оптимизацию": "Нет", "Пред. предшественник": "Сахарная свекла", "Предшественник": "Кукуруза зерновая", "Район": "Солнцевский район", "Рельеф": "Пригодно", "Территория": "Орошение", "Технология": "Рапс яровой АТ гибридизация MAX Агротек", "Технология компании": "АТ семенная", "Тип посевов": "Семенные", "Уклон (град.)": "1.3", "Хозяйство": "Орошение Солнцево" }, "rectangle_area_ha": 88.837221641885819, "rectangle_angle_deg": 95.905778750496211, "rectangle_width_m": 942.36312738899142, "rectangle_height_m": 942.70689355203649, "rectangle_crs": "EPSG:32637" }, "geometry": { "type": "Polygon", "coordinates": [ [ [ 36.709990749045254, 51.544450655857553 ], [ 36.723545805974993, 51.543842221712993 ], [ 36.724522645283237, 51.552291110854519 ], [ 36.710965081745947, 51.552899626256263 ], [ 36.709990749045254, 51.544450655857553 ] ] ] } },
{ "type": "Feature", "properties": { "dataset_code": "KAA", "source_file": "КАА.kml", "placemark_index": 20, "organization_code": "KAA", "organization_name_raw": "КАА", "farm_name_raw": "Орошение Горшечное", "region_name_raw": "Курская область", "district_name_raw": "Горшеченский район", "field_external_key": "KAA:КУР-ГОР-0064-02", "field_code_raw": "КУР-ГОР-0064-02", "field_name_raw": "КУР-ГОР-0064-02", "field_code_unique_status": "unique", "source_fid": "33", "declared_area_ha": 42.9, "geometry_area_ha": 42.901897, "area_diff_ha": 0.001897, "area_diff_pct": 0.004422, "area_quality_status": "ok", "geometry_type": "Polygon", "polygon_count": 1, "inner_ring_count": 0, "geometry_valid": true, "geometry_validity_reason": "Valid Geometry", "centroid_lon": 37.653958058000001, "centroid_lat": 51.445121053000001, "representative_lon": 37.653961191, "representative_lat": 51.445083007000001, "centroid_within_geometry": true, "weather_point_lon_candidate": 37.653958058000001, "weather_point_lat_candidate": 51.445121053000001, "active_2026_candidate": true, "active_reason": "kaa_crop_plan_present", "season_year_candidate": null, "crop_raw": "Пшеница яровая", "crop_code_candidate": "spring_wheat", "crop_parameter_set_candidate_key": "aquacrop_v7_3_regional_spring_wheat_kursk_oblast", "regional_crop_parameter_set_candidate_key": "aquacrop_v7_3_regional_spring_wheat_kursk_oblast", "crop_parameter_candidate_status": "resolved_from_kml_region_kursk_oblast", "crop_parameter_candidate_comment_ru": "Кандидат выбран по культуре и признаку региона 'Курская область' из KAA.kml.", "sowing_date_raw": "", "calculation_ready": false, "calculation_blockers_json": [ "missing_sowing_date", "missing_soil_profile" ], "geometry_hash_sha256": "94fa6123af2f9b4c5dcd84b66eda16636cae198dc7282d73dad5d415eca05d53", "source_attributes_json": { "ESRI_OID": "2027", "fid": "33", "is_experimental_production": "Нет", "source_fid": "33", "В аренде": "Нет", "Вид семян": "Собственные", "Дата изменения": "10.11.2025 9:56:52", "Изменил": "GEODATA", "Интенсивность": "MAX", "История": "2013: Рожь озимая, 2014: Соя, 2015: Пшеница озимая, 2016: Соя, 2017: Соя, 2018: Пшеница яровая, 2019: Соя, 2020: Соя, 2021: Залежь, Пшеница яровая, 2022: Кукуруза зерновая, Соя, 2023: Кукуруза зерновая, 2024: Кукуруза зерновая, 2025: Подсолнечник, 2026: Пшеница яровая", "Итого семян (т; п.ед.)": "10.3", "Культура": "Пшеница яровая", "Мех.состав (пески; карбонаты)": "Нет", "Название": "КУР-ГОР-0064-02", "Направление склона": "Ю, З", "Норма высева (кг/га; п.ед./га)": "240", "Область": "Курская область", "Опытное": "Нет", "План. хозяйство": "Орошение Горшечное", "Площадь (га)": "42.9", "Под оптимизацию": "Нет", "Пред. предшественник": "Кукуруза зерновая", "Предшественник": "Подсолнечник", "Район": "Горшеченский район", "Рельеф": "Пригодно", "Семена": "Семена яровой пшеницы КВС АКВИЛОН РС1 (соб.)", "Сред. норма высева (кг/га; п.ед./га)": "0", "Территория": "Орошение", "Технология": "Пшеница яровая АТ семенная орошение MAX", "Технология компании": "АТ семенная", "Тип посевов": "Семенные", "Уклон (град.)": "1.6", "Хозяйство": "Орошение Горшечное" }, "rectangle_area_ha": 54.543813460383497, "rectangle_angle_deg": 75.063547838924364, "rectangle_width_m": 737.7031991945114, "rectangle_height_m": 739.3734162999317, "rectangle_crs": "EPSG:32637" }, "geometry": { "type": "Polygon", "coordinates": [ [ [ 37.660527961376587, 51.4428495326231 ], [ 37.65760495652988, 51.449225651186403 ], [ 37.647377923262297, 51.447394404866031 ], [ 37.650302226053682, 51.441018548969886 ], [ 37.660527961376587, 51.4428495326231 ] ] ] } },
{ "type": "Feature", "properties": { "dataset_code": "KAA", "source_file": "КАА.kml", "placemark_index": 21, "organization_code": "KAA", "organization_name_raw": "КАА", "farm_name_raw": "Орошение Солнцево", "region_name_raw": "Курская область", "district_name_raw": "Солнцевский район", "field_external_key": "KAA:КУР-СОЛ-0019-02", "field_code_raw": "КУР-СОЛ-0019-02", "field_name_raw": "КУР-СОЛ-0019-02", "field_code_unique_status": "unique", "source_fid": "34", "declared_area_ha": 126.4, "geometry_area_ha": 126.395101, "area_diff_ha": -0.004899, "area_diff_pct": -0.003876, "area_quality_status": "ok", "geometry_type": "Polygon", "polygon_count": 1, "inner_ring_count": 0, "geometry_valid": true, "geometry_validity_reason": "Valid Geometry", "centroid_lon": 36.703662293000001, "centroid_lat": 51.537232871999997, "representative_lon": 36.703662293999997, "representative_lat": 51.537239090999996, "centroid_within_geometry": true, "weather_point_lon_candidate": 36.703662293000001, "weather_point_lat_candidate": 51.537232871999997, "active_2026_candidate": true, "active_reason": "kaa_crop_plan_present", "season_year_candidate": null, "crop_raw": "Соя", "crop_code_candidate": "soybean", "crop_parameter_set_candidate_key": "aquacrop_v7_3_regional_soybean_kursk_oblast", "regional_crop_parameter_set_candidate_key": "aquacrop_v7_3_regional_soybean_kursk_oblast", "crop_parameter_candidate_status": "resolved_from_kml_region_kursk_oblast", "crop_parameter_candidate_comment_ru": "Кандидат выбран по культуре и признаку региона 'Курская область' из KAA.kml.", "sowing_date_raw": "", "calculation_ready": false, "calculation_blockers_json": [ "missing_sowing_date", "missing_soil_profile" ], "geometry_hash_sha256": "57ae33a39c80735677d41d53fc10a80ea4a859fbcc6fcbf127aae16008e3e288", "source_attributes_json": { "ESRI_OID": "1198", "fid": "34", "is_experimental_production": "Нет", "source_fid": "34", "В аренде": "Нет", "Вид семян": "Собственные", "Дата изменения": "10.11.2025 9:55:29", "Изменил": "GEODATA", "Интенсивность": "MAX", "История": "2013: Ячмень яровой пив., 2014: Пшеница озимая, 2015: Соя, 2016: Пшеница озимая, 2017: Соя, 2018: Гречиха, Пшеница яровая, 2019: Пар, 2020: Сахарная свекла, 2021: Пшеница яровая, 2022: Горох, Пар, 2023: Кукуруза зерновая, 2024: Кукуруза зерновая, Подсолнечник, Соя, 2025: Кукуруза зерновая, 2026: Соя", "Итого семян (т; п.ед.)": "15.17", "Культура": "Соя", "Мех.состав (пески; карбонаты)": "Да", "Название": "КУР-СОЛ-0019-02", "Направление склона": "ЮЗ", "Норма высева (кг/га; п.ед./га)": "120", "Область": "Курская область", "Ограничение сева по ХСЗР (сах.свекла)": "2017", "Опытное": "Нет", "План. хозяйство": "Орошение Солнцево", "Площадь (га)": "126.4", "Под оптимизацию": "Нет", "Пред. предшественник": "Кукуруза зерновая, Подсолнечник", "Предшественник": "Кукуруза зерновая", "Район": "Солнцевский район", "Рельеф": "Пригодно", "Семена": "Семена сои ЕС ФАВОР РС1 (соб.)", "Сред. норма высева (кг/га; п.ед./га)": "0", "Территория": "Орошение", "Технология": "Соя АТ семенная орошение MAX", "Технология компании": "АТ семенная", "Тип посевов": "Семенные", "Уклон (град.)": "1.5", "Хозяйство": "Орошение Солнцево" }, "rectangle_area_ha": 160.91749169233918, "rectangle_angle_deg": 136.54417406840525, "rectangle_width_m": 1268.507624203572, "rectangle_height_m": 1268.5575444875285, "rectangle_crs": "EPSG:32637" }, "geometry": { "type": "Polygon", "coordinates": [ [ [ 36.703720385614851, 51.52917027038427 ], [ 36.716591735442378, 51.537268013695623 ], [ 36.703605126489791, 51.545295927534539 ], [ 36.690733907906328, 51.537196769503481 ], [ 36.703720385614851, 51.52917027038427 ] ] ] } },
{ "type": "Feature", "properties": { "dataset_code": "KAA", "source_file": "КАА.kml", "placemark_index": 22, "organization_code": "KAA", "organization_name_raw": "КАА", "farm_name_raw": "Орошение Солнцево", "region_name_raw": "Курская область", "district_name_raw": "Солнцевский район", "field_external_key": "KAA:КУР-СОЛ-0027-03", "field_code_raw": "КУР-СОЛ-0027-03", "field_name_raw": "КУР-СОЛ-0027-03", "field_code_unique_status": "unique", "source_fid": "35", "declared_area_ha": 58.2, "geometry_area_ha": 58.196764, "area_diff_ha": -0.003236, "area_diff_pct": -0.00556, "area_quality_status": "ok", "geometry_type": "Polygon", "polygon_count": 1, "inner_ring_count": 0, "geometry_valid": true, "geometry_validity_reason": "Valid Geometry", "centroid_lon": 36.782009905000002, "centroid_lat": 51.445366784000001, "representative_lon": 36.78200922, "representative_lat": 51.445363608999997, "centroid_within_geometry": true, "weather_point_lon_candidate": 36.782009905000002, "weather_point_lat_candidate": 51.445366784000001, "active_2026_candidate": true, "active_reason": "kaa_crop_plan_present", "season_year_candidate": null, "crop_raw": "Рапс яровой", "crop_code_candidate": "spring_rapeseed_proxy", "crop_parameter_set_candidate_key": "aquacrop_v7_3_regional_spring_rapeseed_proxy_kursk_oblast", "regional_crop_parameter_set_candidate_key": "aquacrop_v7_3_regional_spring_rapeseed_proxy_kursk_oblast", "crop_parameter_candidate_status": "proxy_parameter_set_requires_review", "crop_parameter_candidate_comment_ru": "Кандидат выбран по культуре и признаку региона 'Курская область' из KAA.kml. Набор ярового рапса является proxy, не official AquaCrop crop file.", "sowing_date_raw": "", "calculation_ready": false, "calculation_blockers_json": [ "missing_sowing_date", "missing_soil_profile" ], "geometry_hash_sha256": "b4e5f323b5e6fe5cec55e0555861b421c6ad7c336b8a547b39b981dbe06e9f70", "source_attributes_json": { "ESRI_OID": "616", "fid": "35", "is_experimental_production": "Нет", "source_fid": "35", "В аренде": "Нет", "Дата изменения": "03.03.2026 12:32:01", "Изменил": "esb", "Интенсивность": "MAX", "История": "2013: Кукуруза зерновая, Подъем залежи, 2014: Подсолнечник, 2015: Пшеница яровая, 2016: Соя, 2017: Пшеница озимая, 2018: Соя, 2019: Пшеница яровая, 2020: Соя, 2021: Пшеница яровая, 2022: Пар, Соя, 2023: Подсолнечник, 2024: Кукуруза зерновая, 2025: Кукуруза зерновая, Соя, 2026: Рапс яровой", "Культура": "Рапс яровой", "Мех.состав (пески; карбонаты)": "Нет", "Название": "КУР-СОЛ-0027-03", "Направление склона": "СЗ", "Область": "Курская область", "Ограничение сева по ХСЗР (сах.свекла)": "2016", "Опытное": "Нет", "План. хозяйство": "Орошение Солнцево", "Площадь (га)": "58.2", "Под оптимизацию": "Нет", "Пред. предшественник": "Кукуруза зерновая", "Предшественник": "Кукуруза зерновая, Соя", "Район": "Солнцевский район", "Рельеф": "Пригодно", "Территория": "Орошение", "Технология": "Рапс яровой АТ гибридизация MAX Remington", "Технология компании": "АТ семенная", "Уклон (град.)": "1.9", "Хозяйство": "Орошение Солнцево" }, "rectangle_area_ha": 74.040205828201792, "rectangle_angle_deg": 33.789690280181219, "rectangle_width_m": 860.26762012887048, "rectangle_height_m": 860.66479890421033, "rectangle_crs": "EPSG:32637" }, "geometry": { "type": "Polygon", "coordinates": [ [ [ 36.773480566118792, 51.444137743964163 ], [ 36.783968492957001, 51.440033830976077 ], [ 36.790539850886503, 51.446590692134066 ], [ 36.780050974147358, 51.45069517800011 ], [ 36.773480566118792, 51.444137743964163 ] ] ] } },
{ "type": "Feature", "properties": { "dataset_code": "KAA", "source_file": "КАА.kml", "placemark_index": 23, "organization_code": "KAA", "organization_name_raw": "КАА", "farm_name_raw": "Орошение Солнцево", "region_name_raw": "Курская область", "district_name_raw": "Солнцевский район", "field_external_key": "KAA:КУР-СОЛ-0021-03", "field_code_raw": "КУР-СОЛ-0021-03", "field_name_raw": "КУР-СОЛ-0021-03", "field_code_unique_status": "unique", "source_fid": "36", "declared_area_ha": 129.0, "geometry_area_ha": 128.997815, "area_diff_ha": -0.002185, "area_diff_pct": -0.001694, "area_quality_status": "ok", "geometry_type": "Polygon", "polygon_count": 1, "inner_ring_count": 0, "geometry_valid": true, "geometry_validity_reason": "Valid Geometry", "centroid_lon": 36.749446163000002, "centroid_lat": 51.568613045, "representative_lon": 36.749444941999997, "representative_lat": 51.568611712, "centroid_within_geometry": true, "weather_point_lon_candidate": 36.749446163000002, "weather_point_lat_candidate": 51.568613045, "active_2026_candidate": true, "active_reason": "kaa_crop_plan_present", "season_year_candidate": null, "crop_raw": "Пшеница яровая", "crop_code_candidate": "spring_wheat", "crop_parameter_set_candidate_key": "aquacrop_v7_3_regional_spring_wheat_kursk_oblast", "regional_crop_parameter_set_candidate_key": "aquacrop_v7_3_regional_spring_wheat_kursk_oblast", "crop_parameter_candidate_status": "resolved_from_kml_region_kursk_oblast", "crop_parameter_candidate_comment_ru": "Кандидат выбран по культуре и признаку региона 'Курская область' из KAA.kml.", "sowing_date_raw": "", "calculation_ready": false, "calculation_blockers_json": [ "missing_sowing_date", "missing_soil_profile" ], "geometry_hash_sha256": "cc7d6f5ad0af1b5b60a0b1eb05ea9b2126606845d5e9a780718648ec05465307", "source_attributes_json": { "ESRI_OID": "1973", "fid": "36", "is_experimental_production": "Нет", "source_fid": "36", "В аренде": "Нет", "Вид семян": "Собственные", "Дата изменения": "10.11.2025 9:56:33", "Изменил": "GEODATA", "Интенсивность": "MAX", "История": "2013: Пшеница озимая, 2014: Соя, 2015: Пшеница озимая, 2016: Кукуруза зерновая, 2017: Пшеница яровая, 2018: Пар, 2019: Пшеница озимая, 2020: Соя, 2021: Соя, 2022: Пар, Соя, 2023: Кукуруза зерновая, 2024: Кукуруза зерновая, 2025: Подсолнечник, 2026: Пшеница яровая", "Итого семян (т; п.ед.)": "30.96", "Культура": "Пшеница яровая", "Мех.состав (пески; карбонаты)": "Да", "Название": "КУР-СОЛ-0021-03", "Направление склона": "СВ", "Норма высева (кг/га; п.ед./га)": "240", "Область": "Курская область", "Опытное": "Нет", "План. хозяйство": "Орошение Солнцево", "Площадь (га)": "129", "Под оптимизацию": "Нет", "Пред. предшественник": "Кукуруза зерновая", "Предшественник": "Подсолнечник", "Район": "Солнцевский район", "Рельеф": "Условно пригодно", "Семена": "Семена яровой пшеницы КВС АКВИЛОН РС1 (соб.)", "Сред. норма высева (кг/га; п.ед./га)": "0", "Территория": "Орошение", "Технология": "Пшеница яровая АТ семенная орошение MAX", "Технология компании": "АТ семенная", "Тип посевов": "Семенные", "Хозяйство": "Орошение Солнцево" }, "rectangle_area_ha": 164.17396676391155, "rectangle_angle_deg": 106.93176275533335, "rectangle_width_m": 1281.2105947585078, "rectangle_height_m": 1281.3971991455182, "rectangle_crs": "EPSG:32637" }, "geometry": { "type": "Polygon", "coordinates": [ [ [ 36.755945529482482, 51.561547213836754 ], [ 36.76078302597589, 51.572662360053542 ], [ 36.742942112843281, 51.575676574961079 ], [ 36.73810869501564, 51.56456074740727 ], [ 36.755945529482482, 51.561547213836754 ] ] ] } },
{ "type": "Feature", "properties": { "dataset_code": "KAA", "source_file": "КАА.kml", "placemark_index": 24, "organization_code": "KAA", "organization_name_raw": "КАА", "farm_name_raw": "Орошение Горшечное", "region_name_raw": "Курская область", "district_name_raw": "Горшеченский район", "field_external_key": "KAA:КУР-ГОР-0060-02", "field_code_raw": "КУР-ГОР-0060-02", "field_name_raw": "КУР-ГОР-0060-02", "field_code_unique_status": "unique", "source_fid": "37", "declared_area_ha": 65.8, "geometry_area_ha": 65.796444, "area_diff_ha": -0.003556, "area_diff_pct": -0.005404, "area_quality_status": "ok", "geometry_type": "Polygon", "polygon_count": 1, "inner_ring_count": 0, "geometry_valid": true, "geometry_validity_reason": "Valid Geometry", "centroid_lon": 37.686457883000003, "centroid_lat": 51.468738764999998, "representative_lon": 37.686460082000004, "representative_lat": 51.468698128, "centroid_within_geometry": true, "weather_point_lon_candidate": 37.686457883000003, "weather_point_lat_candidate": 51.468738764999998, "active_2026_candidate": true, "active_reason": "kaa_crop_plan_present", "season_year_candidate": null, "crop_raw": "Соя", "crop_code_candidate": "soybean", "crop_parameter_set_candidate_key": "aquacrop_v7_3_regional_soybean_kursk_oblast", "regional_crop_parameter_set_candidate_key": "aquacrop_v7_3_regional_soybean_kursk_oblast", "crop_parameter_candidate_status": "resolved_from_kml_region_kursk_oblast", "crop_parameter_candidate_comment_ru": "Кандидат выбран по культуре и признаку региона 'Курская область' из KAA.kml.", "sowing_date_raw": "", "calculation_ready": false, "calculation_blockers_json": [ "missing_sowing_date", "missing_soil_profile" ], "geometry_hash_sha256": "cb73355cd5b5c7ef18737518814f2008d44ef5482f852ec7ee28ecac0c6cf18c", "source_attributes_json": { "ESRI_OID": "1834", "fid": "37", "is_experimental_production": "Нет", "source_fid": "37", "В аренде": "Нет", "Вид семян": "Собственные", "Дата изменения": "10.11.2025 9:56:25", "Изменил": "GEODATA", "Интенсивность": "MAX", "История": "2013: Кукуруза зерновая, Пшеница озимая, 2014: Соя, 2015: Пшеница озимая, 2016: Соя, 2017: Соя, 2018: Сахарная свекла, Соя, 2019: Пшеница озимая, Пшеница яровая, 2020: Соя, 2021: Залежь, Соя, 2022: Кукуруза зерновая, Пар, 2023: Кукуруза зерновая, 2024: Кукуруза зерновая, 2025: Кукуруза зерновая, 2026: Соя", "Итого семян (т; п.ед.)": "7.9", "Культура": "Соя", "Название": "КУР-ГОР-0060-02", "Норма высева (кг/га; п.ед./га)": "120", "Область": "Курская область", "Опытное": "Нет", "План. хозяйство": "Орошение Горшечное", "Площадь (га)": "65.8", "Под оптимизацию": "Нет", "Пред. предшественник": "Кукуруза зерновая", "Предшественник": "Кукуруза зерновая", "Район": "Горшеченский район", "Рельеф": "Пригодно", "Семена": "Семена сои ЕС ФАВОР РС1 (соб.)", "Сред. норма высева (кг/га; п.ед./га)": "0", "Территория": "Орошение", "Технология": "Соя АТ семенная орошение MAX", "Технология компании": "АТ семенная", "Тип посевов": "Семенные", "Хозяйство": "Орошение Горшечное" }, "rectangle_area_ha": 83.716105262329947, "rectangle_angle_deg": 89.007716001901258, "rectangle_width_m": 914.09285157034174, "rectangle_height_m": 915.83809148613364, "rectangle_crs": "EPSG:32637" }, "geometry": { "type": "Polygon", "coordinates": [ [ [ 37.69327954872567, 51.464776729811121 ], [ 37.692816934494076, 51.472990135397005 ], [ 37.679640219860701, 51.472699875367837 ], [ 37.680105195332573, 51.464486538326376 ], [ 37.69327954872567, 51.464776729811121 ] ] ] } },
{ "type": "Feature", "properties": { "dataset_code": "KAA", "source_file": "КАА.kml", "placemark_index": 25, "organization_code": "KAA", "organization_name_raw": "КАА", "farm_name_raw": "Орошение Горшечное", "region_name_raw": "Курская область", "district_name_raw": "Горшеченский район", "field_external_key": "KAA:КУР-ГОР-0058-03", "field_code_raw": "КУР-ГОР-0058-03", "field_name_raw": "КУР-ГОР-0058-03", "field_code_unique_status": "unique", "source_fid": "38", "declared_area_ha": 42.9, "geometry_area_ha": 42.903413, "area_diff_ha": 0.003413, "area_diff_pct": 0.007957, "area_quality_status": "ok", "geometry_type": "Polygon", "polygon_count": 1, "inner_ring_count": 0, "geometry_valid": true, "geometry_validity_reason": "Valid Geometry", "centroid_lon": 37.652418347999998, "centroid_lat": 51.49005515, "representative_lon": 37.652419262000002, "representative_lat": 51.489997404, "centroid_within_geometry": true, "weather_point_lon_candidate": 37.652418347999998, "weather_point_lat_candidate": 51.49005515, "active_2026_candidate": true, "active_reason": "kaa_crop_plan_present", "season_year_candidate": null, "crop_raw": "Кукуруза зерновая", "crop_code_candidate": "maize_grain", "crop_parameter_set_candidate_key": "aquacrop_v7_3_regional_maize_grain_kursk_oblast", "regional_crop_parameter_set_candidate_key": "aquacrop_v7_3_regional_maize_grain_kursk_oblast", "crop_parameter_candidate_status": "resolved_from_kml_region_kursk_oblast", "crop_parameter_candidate_comment_ru": "Кандидат выбран по культуре и признаку региона 'Курская область' из KAA.kml.", "sowing_date_raw": "", "calculation_ready": false, "calculation_blockers_json": [ "missing_sowing_date", "missing_soil_profile" ], "geometry_hash_sha256": "73cfd0329775a1597af3d4d59b885a384c172c59cbad0725307082bea207c28e", "source_attributes_json": { "ESRI_OID": "1289", "fid": "38", "is_experimental_production": "Нет", "source_fid": "38", "В аренде": "Нет", "Дата изменения": "10.11.2025 9:56:44", "Изменил": "GEODATA", "Интенсивность": "MAX", "История": "2013: Соя, 2014: Кукуруза зерновая, 2015: Соя, 2016: Пшеница озимая, 2017: Сахарная свекла, 2018: Пшеница яровая, 2019: Соя, 2020: Сахарная свекла, Соя, 2021: Залежь, Пшеница яровая, 2022: Кукуруза зерновая, Пар, Соя, 2023: Кукуруза зерновая, 2024: Рапс яровой, 2025: Кукуруза зерновая, 2026: Кукуруза зерновая", "Культура": "Кукуруза зерновая", "Название": "КУР-ГОР-0058-03", "Направление склона": "С, В", "Область": "Курская область", "Опытное": "Нет", "План. хозяйство": "Орошение Горшечное", "Площадь (га)": "42.9", "Под оптимизацию": "Нет", "Пред. предшественник": "Рапс яровой", "Предшественник": "Кукуруза зерновая", "Район": "Горшеченский район", "Рельеф": "Пригодно", "Территория": "Орошение", "Технология": "Кукуруза зерновая АТ орошение MAS MAX_Кораген", "Технология компании": "АТ семенная", "Тип посевов": "Семенные", "Хозяйство": "Орошение Горшечное" }, "rectangle_area_ha": 54.530825897218243, "rectangle_angle_deg": 124.01163443648716, "rectangle_width_m": 737.45728589821374, "rectangle_height_m": 739.44385579973459, "rectangle_crs": "EPSG:32637" }, "geometry": { "type": "Polygon", "coordinates": [ [ [ 37.654002881631165, 51.485467927651065 ], [ 37.659781023788469, 51.491031063942614 ], [ 37.650845025618707, 51.494647957780558 ], [ 37.645067530469163, 51.489084389165996 ], [ 37.654002881631165, 51.485467927651065 ] ] ] } },
{ "type": "Feature", "properties": { "dataset_code": "KAA", "source_file": "КАА.kml", "placemark_index": 26, "organization_code": "KAA", "organization_name_raw": "КАА", "farm_name_raw": "Орошение Солнцево", "region_name_raw": "Курская область", "district_name_raw": "Солнцевский район", "field_external_key": "KAA:КУР-СОЛ-0007-02", "field_code_raw": "КУР-СОЛ-0007-02", "field_name_raw": "КУР-СОЛ-0007-02", "field_code_unique_status": "unique", "source_fid": "40", "declared_area_ha": 58.2, "geometry_area_ha": 58.19618, "area_diff_ha": -0.00382, "area_diff_pct": -0.006564, "area_quality_status": "ok", "geometry_type": "Polygon", "polygon_count": 1, "inner_ring_count": 0, "geometry_valid": true, "geometry_validity_reason": "Valid Geometry", "centroid_lon": 36.728825776000001, "centroid_lat": 51.50479129, "representative_lon": 36.728826255000001, "representative_lat": 51.504823698000003, "centroid_within_geometry": true, "weather_point_lon_candidate": 36.728825776000001, "weather_point_lat_candidate": 51.50479129, "active_2026_candidate": true, "active_reason": "kaa_crop_plan_present", "season_year_candidate": null, "crop_raw": "Пшеница яровая", "crop_code_candidate": "spring_wheat", "crop_parameter_set_candidate_key": "aquacrop_v7_3_regional_spring_wheat_kursk_oblast", "regional_crop_parameter_set_candidate_key": "aquacrop_v7_3_regional_spring_wheat_kursk_oblast", "crop_parameter_candidate_status": "resolved_from_kml_region_kursk_oblast", "crop_parameter_candidate_comment_ru": "Кандидат выбран по культуре и признаку региона 'Курская область' из KAA.kml.", "sowing_date_raw": "", "calculation_ready": false, "calculation_blockers_json": [ "missing_sowing_date", "missing_soil_profile" ], "geometry_hash_sha256": "f0dbcd0321970d0575aad10616b6ca8e5f8158b4fb6c7a673a9f4edb1c544ead", "source_attributes_json": { "ESRI_OID": "1846", "fid": "40", "is_experimental_production": "Нет", "source_fid": "40", "В аренде": "Нет", "Вид семян": "Собственные", "Дата изменения": "10.11.2025 9:56:24", "Изменил": "GEODATA", "Интенсивность": "MAX", "История": "2013: Кукуруза зерновая, 2014: Соя, Ячмень яровой, 2015: Соя, 2016: Пшеница озимая, 2017: Соя, 2018: Пшеница яровая, 2019: Соя, 2020: Пар, 2021: Пшеница озимая, 2022: Кукуруза зерновая, Пар, 2023: Кукуруза зерновая, 2024: Кукуруза зерновая, 2025: Подсолнечник, 2026: Пшеница яровая", "Итого семян (т; п.ед.)": "13.97", "Культура": "Пшеница яровая", "Мех.состав (пески; карбонаты)": "Да", "Название": "КУР-СОЛ-0007-02", "Направление склона": "З", "Норма высева (кг/га; п.ед./га)": "240", "Область": "Курская область", "Ограничение сева по ХСЗР (сах.свекла)": "2017", "Опытное": "Нет", "План. хозяйство": "Орошение Солнцево", "Площадь (га)": "58.2", "Под оптимизацию": "Нет", "Пред. предшественник": "Кукуруза зерновая", "Предшественник": "Подсолнечник", "Район": "Солнцевский район", "Рельеф": "Пригодно", "Семена": "Семена яровой пшеницы КВС АКВИЛОН РС1 (соб.)", "Сред. норма высева (кг/га; п.ед./га)": "0", "Территория": "Орошение", "Технология": "Пшеница яровая АТ семенная орошение MAX", "Технология компании": "АТ семенная", "Тип посевов": "Семенные", "Уклон (град.)": "2", "Хозяйство": "Орошение Солнцево" }, "rectangle_area_ha": 74.05355505069204, "rectangle_angle_deg": 9.1752561848736036, "rectangle_width_m": 860.27906935947249, "rectangle_height_m": 860.80851770378649, "rectangle_crs": "EPSG:32637" }, "geometry": { "type": "Polygon", "coordinates": [ [ [ 36.721880478402987, 51.501451763843114 ], [ 36.73416752309749, 51.500456211434745 ], [ 36.735764884533218, 51.50812952864058 ], [ 36.723475798961459, 51.509125222265013 ], [ 36.721880478402987, 51.501451763843114 ] ] ] } },
{ "type": "Feature", "properties": { "dataset_code": "KAA", "source_file": "КАА.kml", "placemark_index": 27, "organization_code": "KAA", "organization_name_raw": "КАА", "farm_name_raw": "Орошение Солнцево", "region_name_raw": "Курская область", "district_name_raw": "Солнцевский район", "field_external_key": "KAA:КУР-СОЛ-0029-12", "field_code_raw": "КУР-СОЛ-0029-12", "field_name_raw": "КУР-СОЛ-0029-12", "field_code_unique_status": "unique", "source_fid": "41", "declared_area_ha": 57.86, "geometry_area_ha": 57.864178, "area_diff_ha": 0.004178, "area_diff_pct": 0.00722, "area_quality_status": "ok", "geometry_type": "Polygon", "polygon_count": 1, "inner_ring_count": 0, "geometry_valid": true, "geometry_validity_reason": "Valid Geometry", "centroid_lon": 36.758459156999997, "centroid_lat": 51.47258111, "representative_lon": 36.758469847000001, "representative_lat": 51.472622659000002, "centroid_within_geometry": true, "weather_point_lon_candidate": 36.758459156999997, "weather_point_lat_candidate": 51.47258111, "active_2026_candidate": true, "active_reason": "kaa_crop_plan_present", "season_year_candidate": null, "crop_raw": "Кукуруза зерновая", "crop_code_candidate": "maize_grain", "crop_parameter_set_candidate_key": "aquacrop_v7_3_regional_maize_grain_kursk_oblast", "regional_crop_parameter_set_candidate_key": "aquacrop_v7_3_regional_maize_grain_kursk_oblast", "crop_parameter_candidate_status": "resolved_from_kml_region_kursk_oblast", "crop_parameter_candidate_comment_ru": "Кандидат выбран по культуре и признаку региона 'Курская область' из KAA.kml.", "sowing_date_raw": "", "calculation_ready": false, "calculation_blockers_json": [ "missing_sowing_date", "missing_soil_profile" ], "geometry_hash_sha256": "92ebc5060d76752a1cfce30642e6d3b8e9567233a748869f49799f7525184ca3", "source_attributes_json": { "ESRI_OID": "546", "fid": "41", "is_experimental_production": "Нет", "source_fid": "41", "В аренде": "Нет", "Дата изменения": "03.03.2026 12:33:01", "Изменил": "esb", "Интенсивность": "MAX", "История": "2016: Пар, Пшеница яровая, 2017: Соя, 2018: Пшеница яровая, 2019: Кукуруза зерновая, Соя, 2020: Кукуруза зерновая, 2021: Подсолнечник, 2022: Кукуруза зерновая, 2023: Кукуруза зерновая, 2024: Соя, 2025: Кукуруза зерновая, Соя, 2026: Кукуруза зерновая", "Культура": "Кукуруза зерновая", "Мех.состав (пески; карбонаты)": "Да", "Название": "КУР-СОЛ-0029-12", "Направление склона": "В", "Область": "Курская область", "Опытное": "Нет", "План. хозяйство": "Орошение Солнцево", "Площадь (га)": "57.86", "Под оптимизацию": "Нет", "Пред. предшественник": "Соя", "Предшественник": "Кукуруза зерновая, Соя", "Район": "Солнцевский район", "Рельеф": "Пригодно", "Территория": "Орошение", "Технология": "Кукуруза зерновая АТ орошение MAS MAX_Кораген", "Технология компании": "АТ семенная", "Уклон (град.)": "1.4", "Хозяйство": "Орошение Солнцево" }, "rectangle_area_ha": 73.004295073491377, "rectangle_angle_deg": 158.79796442344264, "rectangle_width_m": 850.55318884225562, "rectangle_height_m": 858.31545905862004, "rectangle_crs": "EPSG:32637" }, "geometry": { "type": "Polygon", "coordinates": [ [ [ 36.761636057301409, 51.477610828756575 ], [ 36.750362342502733, 51.474628580909211 ], [ 36.755181519860813, 51.467524371560089 ], [ 36.766453825806813, 51.470506141856426 ], [ 36.761636057301409, 51.477610828756575 ] ] ] } },
{ "type": "Feature", "properties": { "dataset_code": "KAA", "source_file": "КАА.kml", "placemark_index": 28, "organization_code": "KAA", "organization_name_raw": "КАА", "farm_name_raw": "Орошение Солнцево", "region_name_raw": "Курская область", "district_name_raw": "Солнцевский район", "field_external_key": "KAA:КУР-СОЛ-0017-03", "field_code_raw": "КУР-СОЛ-0017-03", "field_name_raw": "КУР-СОЛ-0017-03", "field_code_unique_status": "unique", "source_fid": "43", "declared_area_ha": 44.3, "geometry_area_ha": 44.296873, "area_diff_ha": -0.003127, "area_diff_pct": -0.007059, "area_quality_status": "ok", "geometry_type": "Polygon", "polygon_count": 1, "inner_ring_count": 1, "geometry_valid": true, "geometry_validity_reason": "Valid Geometry", "centroid_lon": 36.736680741000001, "centroid_lat": 51.528312121, "representative_lon": 36.735599592, "representative_lat": 51.528297356000003, "centroid_within_geometry": true, "weather_point_lon_candidate": 36.736680741000001, "weather_point_lat_candidate": 51.528312121, "active_2026_candidate": true, "active_reason": "kaa_crop_plan_present", "season_year_candidate": null, "crop_raw": "Пшеница яровая", "crop_code_candidate": "spring_wheat", "crop_parameter_set_candidate_key": "aquacrop_v7_3_regional_spring_wheat_kursk_oblast", "regional_crop_parameter_set_candidate_key": "aquacrop_v7_3_regional_spring_wheat_kursk_oblast", "crop_parameter_candidate_status": "resolved_from_kml_region_kursk_oblast", "crop_parameter_candidate_comment_ru": "Кандидат выбран по культуре и признаку региона 'Курская область' из KAA.kml.", "sowing_date_raw": "", "calculation_ready": false, "calculation_blockers_json": [ "missing_sowing_date", "missing_soil_profile" ], "geometry_hash_sha256": "6eeb2b3a667eb8c4d84d943ed2665b522b0622c40b1b3a036bfde938722c941a", "source_attributes_json": { "ESRI_OID": "1976", "fid": "43", "is_experimental_production": "Нет", "source_fid": "43", "В аренде": "Нет", "Вид семян": "Собственные", "Дата изменения": "10.11.2025 9:55:59", "Изменил": "GEODATA", "Интенсивность": "MAX", "История": "2013: Ячмень яровой пив., 2014: Соя, 2015: Пшеница озимая, 2016: Соя, 2017: Пшеница яровая, 2018: Сахарная свекла, Соя, 2019: Пшеница озимая, Пшеница яровая, 2020: Соя, 2021: Соя, 2022: Пар, Пшеница яровая, 2023: Кукуруза зерновая, 2024: Соя, 2025: Сахарная свекла, 2026: Пшеница яровая", "Итого семян (т; п.ед.)": "10.63", "Культура": "Пшеница яровая", "Мех.состав (пески; карбонаты)": "Да", "Название": "КУР-СОЛ-0017-03", "Направление склона": "ЮЗ, СВ", "Норма высева (кг/га; п.ед./га)": "240", "Область": "Курская область", "Опытное": "Нет", "План. хозяйство": "Орошение Солнцево", "Площадь (га)": "44.3", "Под оптимизацию": "Нет", "Пред. предшественник": "Соя", "Предшественник": "Сахарная свекла", "Район": "Солнцевский район", "Рельеф": "Условно пригодно", "Семена": "Семена яровой пшеницы КВС АКВИЛОН РС1 (соб.)", "Сред. норма высева (кг/га; п.ед./га)": "0", "Территория": "Орошение", "Технология": "Пшеница яровая АТ семенная орошение MAX", "Технология компании": "АТ семенная", "Тип посевов": "Семенные", "Уклон (град.)": "1.6", "Хозяйство": "Орошение Солнцево" }, "rectangle_area_ha": 56.540744235657819, "rectangle_angle_deg": 100.31248489413713, "rectangle_width_m": 751.63407390750945, "rectangle_height_m": 752.23764060775284, "rectangle_crs": "EPSG:32637" }, "geometry": { "type": "Polygon", "coordinates": [ [ [ 36.742854529039874, 51.531150643414215 ], [ 36.732133349145933, 51.532154855476101 ], [ 36.730525557311999, 51.525473295781552 ], [ 36.741245193277173, 51.524469211003641 ], [ 36.742854529039874, 51.531150643414215 ] ] ] } },
{ "type": "Feature", "properties": { "dataset_code": "KAA", "source_file": "КАА.kml", "placemark_index": 29, "organization_code": "KAA", "organization_name_raw": "КАА", "farm_name_raw": "Орошение Солнцево", "region_name_raw": "Курская область", "district_name_raw": "Солнцевский район", "field_external_key": "KAA:КУР-СОЛ-0032-02", "field_code_raw": "КУР-СОЛ-0032-02", "field_name_raw": "КУР-СОЛ-0032-02", "field_code_unique_status": "unique", "source_fid": "44", "declared_area_ha": 45.2, "geometry_area_ha": 45.197559, "area_diff_ha": -0.002441, "area_diff_pct": -0.005401, "area_quality_status": "ok", "geometry_type": "Polygon", "polygon_count": 1, "inner_ring_count": 0, "geometry_valid": true, "geometry_validity_reason": "Valid Geometry", "centroid_lon": 36.793302515000001, "centroid_lat": 51.473868091999996, "representative_lon": 36.793302334000003, "representative_lat": 51.473856103000003, "centroid_within_geometry": true, "weather_point_lon_candidate": 36.793302515000001, "weather_point_lat_candidate": 51.473868091999996, "active_2026_candidate": true, "active_reason": "kaa_crop_plan_present", "season_year_candidate": null, "crop_raw": "Соя", "crop_code_candidate": "soybean", "crop_parameter_set_candidate_key": "aquacrop_v7_3_regional_soybean_kursk_oblast", "regional_crop_parameter_set_candidate_key": "aquacrop_v7_3_regional_soybean_kursk_oblast", "crop_parameter_candidate_status": "resolved_from_kml_region_kursk_oblast", "crop_parameter_candidate_comment_ru": "Кандидат выбран по культуре и признаку региона 'Курская область' из KAA.kml.", "sowing_date_raw": "", "calculation_ready": false, "calculation_blockers_json": [ "missing_sowing_date", "missing_soil_profile" ], "geometry_hash_sha256": "11fd5da9b0ea1a06c525bf9da4b0539f30a51eeed17aaf4b4c79332621e56433", "source_attributes_json": { "ESRI_OID": "1266", "fid": "44", "is_experimental_production": "Нет", "source_fid": "44", "В аренде": "Нет", "Вид семян": "Собственные", "Дата изменения": "10.11.2025 9:55:53", "Изменил": "GEODATA", "Интенсивность": "MAX", "История": "2013: Кукуруза зерновая, 2014: Подсолнечник, 2015: Пшеница яровая, 2016: Соя, 2017: Пшеница озимая, 2018: Соя, 2019: Соя, 2020: Пшеница яровая, 2021: Соя, 2022: Пар, Пшеница озимая, 2023: Кукуруза зерновая, Пшеница яровая, Соя, 2024: Кукуруза зерновая, 2025: Кукуруза зерновая, 2026: Соя", "Итого семян (т; п.ед.)": "5.42", "Культура": "Соя", "Мех.состав (пески; карбонаты)": "Нет", "Название": "КУР-СОЛ-0032-02", "Направление склона": "ЮВ", "Норма высева (кг/га; п.ед./га)": "120", "Область": "Курская область", "Ограничение сева по ХСЗР (сах.свекла)": "2016", "Опытное": "Нет", "План. хозяйство": "Орошение Солнцево", "Площадь (га)": "45.2", "Под оптимизацию": "Нет", "Пред. предшественник": "Кукуруза зерновая", "Предшественник": "Кукуруза зерновая", "Район": "Солнцевский район", "Рельеф": "Условно пригодно", "Семена": "Семена сои ЕС ФАВОР РС1 (соб.)", "Сред. норма высева (кг/га; п.ед./га)": "0", "Территория": "Орошение", "Технология": "Соя АТ семенная орошение MAX", "Технология компании": "АТ семенная", "Тип посевов": "Семенные", "Уклон (град.)": "2.3", "Хозяйство": "Орошение Солнцево" }, "rectangle_area_ha": 57.516582656813043, "rectangle_angle_deg": 98.75134309385021, "rectangle_width_m": 758.10082192998379, "rectangle_height_m": 758.69305233552586, "rectangle_crs": "EPSG:32637" }, "geometry": { "type": "Polygon", "coordinates": [ [ [ 36.799388655216816, 51.476831307902749 ], [ 36.788549064046414, 51.477665424531239 ], [ 36.787215328290827, 51.470901825576149 ], [ 36.798053332492159, 51.470067812594479 ], [ 36.799388655216816, 51.476831307902749 ] ] ] } },
{ "type": "Feature", "properties": { "dataset_code": "KAA", "source_file": "КАА.kml", "placemark_index": 30, "organization_code": "KAA", "organization_name_raw": "КАА", "farm_name_raw": "Орошение Солнцево", "region_name_raw": "Курская область", "district_name_raw": "Солнцевский район", "field_external_key": "KAA:КУР-СОЛ-0013-03", "field_code_raw": "КУР-СОЛ-0013-03", "field_name_raw": "КУР-СОЛ-0013-03", "field_code_unique_status": "unique", "source_fid": "45", "declared_area_ha": 60.9, "geometry_area_ha": 60.901311, "area_diff_ha": 0.001311, "area_diff_pct": 0.002153, "area_quality_status": "ok", "geometry_type": "Polygon", "polygon_count": 1, "inner_ring_count": 0, "geometry_valid": true, "geometry_validity_reason": "Valid Geometry", "centroid_lon": 36.732085826000002, "centroid_lat": 51.560934595, "representative_lon": 36.732085349000002, "representative_lat": 51.561016948000002, "centroid_within_geometry": true, "weather_point_lon_candidate": 36.732085826000002, "weather_point_lat_candidate": 51.560934595, "active_2026_candidate": true, "active_reason": "kaa_crop_plan_present", "season_year_candidate": null, "crop_raw": "Рапс яровой", "crop_code_candidate": "spring_rapeseed_proxy", "crop_parameter_set_candidate_key": "aquacrop_v7_3_regional_spring_rapeseed_proxy_kursk_oblast", "regional_crop_parameter_set_candidate_key": "aquacrop_v7_3_regional_spring_rapeseed_proxy_kursk_oblast", "crop_parameter_candidate_status": "proxy_parameter_set_requires_review", "crop_parameter_candidate_comment_ru": "Кандидат выбран по культуре и признаку региона 'Курская область' из KAA.kml. Набор ярового рапса является proxy, не official AquaCrop crop file.", "sowing_date_raw": "", "calculation_ready": false, "calculation_blockers_json": [ "missing_sowing_date", "missing_soil_profile" ], "geometry_hash_sha256": "9ffb4efa3881a7c5bba8b623c9bc5c2d45166497bf39400fbbdd440972a8ed37", "source_attributes_json": { "ESRI_OID": "518", "fid": "45", "is_experimental_production": "Нет", "source_fid": "45", "В аренде": "Нет", "Дата изменения": "20.02.2026 8:59:02", "Изменил": "esb", "Интенсивность": "MAX", "История": "2013: Пар, 2014: Пшеница озимая, Соя, 2015: Пшеница озимая, 2016: Кукуруза зерновая, 2017: Пшеница яровая, 2018: Сахарная свекла, 2019: Пшеница яровая, 2020: Соя, 2021: Пшеница озимая, Пшеница яровая, 2022: Пар, Сахарная свекла, 2023: Соя, 2024: Кукуруза зерновая, 2025: Кукуруза зерновая, 2026: Рапс яровой", "Культура": "Рапс яровой", "Мех.состав (пески; карбонаты)": "Да", "Название": "КУР-СОЛ-0013-03", "Направление склона": "В", "Область": "Курская область", "Опытное": "Нет", "План. хозяйство": "Орошение Солнцево", "Площадь (га)": "60.9", "Под оптимизацию": "Нет", "Пред. предшественник": "Кукуруза зерновая", "Предшественник": "Кукуруза зерновая", "Район": "Солнцевский район", "Рельеф": "Пригодно", "Территория": "Орошение", "Технология": "Рапс яровой АТ гибридизация MAX Агротек", "Технология компании": "АТ семенная", "Тип посевов": "Семенные", "Уклон (град.)": "1.3", "Хозяйство": "Орошение Солнцево" }, "rectangle_area_ha": 77.456327044286638, "rectangle_angle_deg": 85.695598840277057, "rectangle_width_m": 879.58928572275909, "rectangle_height_m": 880.59652728307992, "rectangle_crs": "EPSG:32637" }, "geometry": { "type": "Polygon", "coordinates": [ [ [ 36.72509812917999, 51.564449148873607 ], [ 36.726443006813426, 51.556587180307716 ], [ 36.739069947890549, 51.557425649938033 ], [ 36.737727215292878, 51.565287788411482 ], [ 36.72509812917999, 51.564449148873607 ] ] ] } },
{ "type": "Feature", "properties": { "dataset_code": "KAA", "source_file": "КАА.kml", "placemark_index": 31, "organization_code": "KAA", "organization_name_raw": "КАА", "farm_name_raw": "Орошение Солнцево", "region_name_raw": "Курская область", "district_name_raw": "Солнцевский район", "field_external_key": "KAA:КУР-СОЛ-0016-02", "field_code_raw": "КУР-СОЛ-0016-02", "field_name_raw": "КУР-СОЛ-0016-02", "field_code_unique_status": "unique", "source_fid": "47", "declared_area_ha": 49.3, "geometry_area_ha": 49.301987, "area_diff_ha": 0.001987, "area_diff_pct": 0.00403, "area_quality_status": "ok", "geometry_type": "Polygon", "polygon_count": 1, "inner_ring_count": 0, "geometry_valid": true, "geometry_validity_reason": "Valid Geometry", "centroid_lon": 36.739795137999998, "centroid_lat": 51.546769763, "representative_lon": 36.739797228, "representative_lat": 51.546775822999997, "centroid_within_geometry": true, "weather_point_lon_candidate": 36.739795137999998, "weather_point_lat_candidate": 51.546769763, "active_2026_candidate": true, "active_reason": "kaa_crop_plan_present", "season_year_candidate": null, "crop_raw": "Кукуруза зерновая", "crop_code_candidate": "maize_grain", "crop_parameter_set_candidate_key": "aquacrop_v7_3_regional_maize_grain_kursk_oblast", "regional_crop_parameter_set_candidate_key": "aquacrop_v7_3_regional_maize_grain_kursk_oblast", "crop_parameter_candidate_status": "resolved_from_kml_region_kursk_oblast", "crop_parameter_candidate_comment_ru": "Кандидат выбран по культуре и признаку региона 'Курская область' из KAA.kml.", "sowing_date_raw": "", "calculation_ready": false, "calculation_blockers_json": [ "missing_sowing_date", "missing_soil_profile" ], "geometry_hash_sha256": "8f78cd8f4e3cbb10f56ca017b8076ea6fee5df13613a1dedc7dca3984fbc5099", "source_attributes_json": { "ESRI_OID": "2033", "fid": "47", "is_experimental_production": "Нет", "source_fid": "47", "В аренде": "Нет", "Дата изменения": "10.11.2025 9:56:11", "Изменил": "GEODATA", "Интенсивность": "MAX", "История": "2013: Пшеница озимая, 2014: Кукуруза зерновая, 2015: Соя, 2016: Кукуруза зерновая, 2017: Пар, Подъем залежи, Пшеница яровая, 2018: Пшеница озимая, 2019: Соя, 2020: Соя, 2021: Пшеница яровая, 2022: Пар, Сахарная свекла, 2023: Соя, 2024: Рапс яровой, 2025: Кукуруза зерновая, 2026: Кукуруза зерновая", "Культура": "Кукуруза зерновая", "Мех.состав (пески; карбонаты)": "Да", "Название": "КУР-СОЛ-0016-02", "Область": "Курская область", "Опытное": "Нет", "План. хозяйство": "Орошение Солнцево", "Площадь (га)": "49.3", "Под оптимизацию": "Нет", "Пред. предшественник": "Рапс яровой", "Предшественник": "Кукуруза зерновая", "Район": "Солнцевский район", "Рельеф": "Пригодно", "Территория": "Орошение", "Технология": "Кукуруза зерновая АТ орошение MAS MAX_Кораген", "Технология компании": "АТ семенная", "Тип посевов": "Семенные", "Уклон (град.)": "1.5", "Хозяйство": "Орошение Солнцево" }, "rectangle_area_ha": 62.699848902917388, "rectangle_angle_deg": 0.48432634365383365, "rectangle_width_m": 791.64269305858761, "rectangle_height_m": 792.02207577601075, "rectangle_crs": "EPSG:32637" }, "geometry": { "type": "Polygon", "coordinates": [ [ [ 36.745629970060129, 51.543289012957331 ], [ 36.745374585359542, 51.550406684970639 ], [ 36.733963463360901, 51.550246952258398 ], [ 36.734220627013201, 51.543129326659859 ], [ 36.745629970060129, 51.543289012957331 ] ] ] } },
{ "type": "Feature", "properties": { "dataset_code": "KAA", "source_file": "КАА.kml", "placemark_index": 32, "organization_code": "KAA", "organization_name_raw": "КАА", "farm_name_raw": "Орошение Солнцево", "region_name_raw": "Курская область", "district_name_raw": "Солнцевский район", "field_external_key": "KAA:КУР-СОЛ-0029-1", "field_code_raw": "КУР-СОЛ-0029-1", "field_name_raw": "КУР-СОЛ-0029-1", "field_code_unique_status": "unique", "source_fid": "50", "declared_area_ha": 57.71, "geometry_area_ha": 57.705007, "area_diff_ha": -0.004993, "area_diff_pct": -0.008652, "area_quality_status": "ok", "geometry_type": "Polygon", "polygon_count": 1, "inner_ring_count": 0, "geometry_valid": true, "geometry_validity_reason": "Valid Geometry", "centroid_lon": 36.763342215000002, "centroid_lat": 51.465402130999998, "representative_lon": 36.763344132999997, "representative_lat": 51.465397758999998, "centroid_within_geometry": true, "weather_point_lon_candidate": 36.763342215000002, "weather_point_lat_candidate": 51.465402130999998, "active_2026_candidate": true, "active_reason": "kaa_crop_plan_present", "season_year_candidate": null, "crop_raw": "Кукуруза зерновая", "crop_code_candidate": "maize_grain", "crop_parameter_set_candidate_key": "aquacrop_v7_3_regional_maize_grain_kursk_oblast", "regional_crop_parameter_set_candidate_key": "aquacrop_v7_3_regional_maize_grain_kursk_oblast", "crop_parameter_candidate_status": "resolved_from_kml_region_kursk_oblast", "crop_parameter_candidate_comment_ru": "Кандидат выбран по культуре и признаку региона 'Курская область' из KAA.kml.", "sowing_date_raw": "", "calculation_ready": false, "calculation_blockers_json": [ "missing_sowing_date", "missing_soil_profile" ], "geometry_hash_sha256": "4a3348ce0a46cc2a45c275bb8f53e2dc9f34a4433c981fc06a6e8f8ce48c48b8", "source_attributes_json": { "ESRI_OID": "552", "fid": "50", "is_experimental_production": "Нет", "source_fid": "50", "В аренде": "Нет", "Дата изменения": "03.03.2026 12:33:00", "Изменил": "esb", "Интенсивность": "MAX", "История": "2016: Пар, Пшеница яровая, 2017: Соя, 2018: Пшеница яровая, 2019: Кукуруза зерновая, Соя, 2020: Кукуруза зерновая, 2021: Кукуруза зерновая, Подсолнечник, 2022: Кукуруза зерновая, 2023: Соя, 2024: Сахарная свекла, 2025: Кукуруза зерновая, Соя, 2026: Кукуруза зерновая", "Культура": "Кукуруза зерновая", "Мех.состав (пески; карбонаты)": "Да", "Название": "КУР-СОЛ-0029-1", "Направление склона": "В", "Область": "Курская область", "Опытное": "Нет", "План. хозяйство": "Орошение Солнцево", "Площадь (га)": "57.71", "Под оптимизацию": "Нет", "Пред. предшественник": "Сахарная свекла", "Предшественник": "Кукуруза зерновая, Соя", "Район": "Солнцевский район", "Рельеф": "Пригодно", "Территория": "Орошение", "Технология": "Кукуруза зерновая АТ орошение MAS MAX_Кораген", "Технология компании": "АТ семенная", "Хозяйство": "Орошение Солнцево" }, "rectangle_area_ha": 71.921359011312475, "rectangle_angle_deg": 157.92346380748552, "rectangle_width_m": 837.27155342092738, "rectangle_height_m": 858.99680596403778, "rectangle_crs": "EPSG:32637" }, "geometry": { "type": "Polygon", "coordinates": [ [ [ 36.760329575517432, 51.46035059207771 ], [ 36.771351483082455, 51.463390747077852 ], [ 36.766358230439621, 51.470454521026063 ], [ 36.75533498132117, 51.467413883131186 ], [ 36.760329575517432, 51.46035059207771 ] ] ] } },
{ "type": "Feature", "properties": { "dataset_code": "KAA", "source_file": "КАА.kml", "placemark_index": 33, "organization_code": "KAA", "organization_name_raw": "КАА", "farm_name_raw": "Орошение Горшечное", "region_name_raw": "Курская область", "district_name_raw": "Горшеченский район", "field_external_key": "KAA:КУР-ГОР-0063-02", "field_code_raw": "КУР-ГОР-0063-02", "field_name_raw": "КУР-ГОР-0063-02", "field_code_unique_status": "unique", "source_fid": "53", "declared_area_ha": 40.6, "geometry_area_ha": 40.604029, "area_diff_ha": 0.004029, "area_diff_pct": 0.009924, "area_quality_status": "ok", "geometry_type": "Polygon", "polygon_count": 1, "inner_ring_count": 0, "geometry_valid": true, "geometry_validity_reason": "Valid Geometry", "centroid_lon": 37.664376029000003, "centroid_lat": 51.44164901, "representative_lon": 37.66437644, "representative_lat": 51.441664389000003, "centroid_within_geometry": true, "weather_point_lon_candidate": 37.664376029000003, "weather_point_lat_candidate": 51.44164901, "active_2026_candidate": true, "active_reason": "kaa_crop_plan_present", "season_year_candidate": null, "crop_raw": "Пшеница яровая", "crop_code_candidate": "spring_wheat", "crop_parameter_set_candidate_key": "aquacrop_v7_3_regional_spring_wheat_kursk_oblast", "regional_crop_parameter_set_candidate_key": "aquacrop_v7_3_regional_spring_wheat_kursk_oblast", "crop_parameter_candidate_status": "resolved_from_kml_region_kursk_oblast", "crop_parameter_candidate_comment_ru": "Кандидат выбран по культуре и признаку региона 'Курская область' из KAA.kml.", "sowing_date_raw": "", "calculation_ready": false, "calculation_blockers_json": [ "missing_sowing_date", "missing_soil_profile" ], "geometry_hash_sha256": "02e91491fc5f5906e0be6100d05a2db7b5d4e8909532912a612b84ee0e462fab", "source_attributes_json": { "ESRI_OID": "2149", "fid": "53", "is_experimental_production": "Нет", "source_fid": "53", "В аренде": "Нет", "Вид семян": "Собственные", "Дата изменения": "10.11.2025 9:57:06", "Изменил": "GEODATA", "Интенсивность": "MAX", "История": "2013: Пшеница озимая, 2014: Соя, 2015: Соя, 2016: Пшеница озимая, 2017: Соя, 2018: Пшеница озимая, 2019: Соя, 2020: Соя, 2021: Залежь, Пшеница яровая, 2022: Кукуруза зерновая, Соя, 2023: Кукуруза зерновая, 2024: Кукуруза зерновая, 2025: Подсолнечник, 2026: Пшеница яровая", "Итого семян (т; п.ед.)": "9.74", "Культура": "Пшеница яровая", "Мех.состав (пески; карбонаты)": "Нет", "Название": "КУР-ГОР-0063-02", "Направление склона": "Ю, З", "Норма высева (кг/га; п.ед./га)": "240", "Область": "Курская область", "Ограничение сева по ХСЗР (сах.свекла)": "2017", "Опытное": "Нет", "План. хозяйство": "Орошение Горшечное", "Площадь (га)": "40.6", "Под оптимизацию": "Нет", "Пред. предшественник": "Кукуруза зерновая", "Предшественник": "Подсолнечник", "Район": "Горшеченский район", "Рельеф": "Пригодно", "Семена": "Семена яровой пшеницы КВС АКВИЛОН РС1 (соб.)", "Сред. норма высева (кг/га; п.ед./га)": "0", "Территория": "Орошение", "Технология": "Пшеница яровая АТ семенная орошение MAX", "Технология компании": "АТ семенная", "Тип посевов": "Семенные", "Уклон (град.)": "1.6", "Хозяйство": "Орошение Горшечное" }, "rectangle_area_ha": 51.628371200089333, "rectangle_angle_deg": 95.506808447383037, "rectangle_width_m": 717.63446490326896, "rectangle_height_m": 719.42435494717211, "rectangle_crs": "EPSG:32637" }, "geometry": { "type": "Polygon", "coordinates": [ [ [ 37.659618054261365, 51.445114321495325 ], [ 37.658815504850203, 51.438681694389977 ], [ 37.669133542475528, 51.438178473065719 ], [ 37.669937535573453, 51.444611040453402 ], [ 37.659618054261365, 51.445114321495325 ] ] ] } },
{ "type": "Feature", "properties": { "dataset_code": "KAA", "source_file": "КАА.kml", "placemark_index": 34, "organization_code": "KAA", "organization_name_raw": "КАА", "farm_name_raw": "Орошение Солнцево", "region_name_raw": "Курская область", "district_name_raw": "Солнцевский район", "field_external_key": "KAA:КУР-СОЛ-0016-03", "field_code_raw": "КУР-СОЛ-0016-03", "field_name_raw": "КУР-СОЛ-0016-03", "field_code_unique_status": "unique", "source_fid": "56", "declared_area_ha": 49.3, "geometry_area_ha": 49.298605, "area_diff_ha": -0.001395, "area_diff_pct": -0.00283, "area_quality_status": "ok", "geometry_type": "Polygon", "polygon_count": 1, "inner_ring_count": 0, "geometry_valid": true, "geometry_validity_reason": "Valid Geometry", "centroid_lon": 36.750536378, "centroid_lat": 51.549588716000002, "representative_lon": 36.750535899, "representative_lat": 51.5495092, "centroid_within_geometry": true, "weather_point_lon_candidate": 36.750536378, "weather_point_lat_candidate": 51.549588716000002, "active_2026_candidate": true, "active_reason": "kaa_crop_plan_present", "season_year_candidate": null, "crop_raw": "Кукуруза зерновая", "crop_code_candidate": "maize_grain", "crop_parameter_set_candidate_key": "aquacrop_v7_3_regional_maize_grain_kursk_oblast", "regional_crop_parameter_set_candidate_key": "aquacrop_v7_3_regional_maize_grain_kursk_oblast", "crop_parameter_candidate_status": "resolved_from_kml_region_kursk_oblast", "crop_parameter_candidate_comment_ru": "Кандидат выбран по культуре и признаку региона 'Курская область' из KAA.kml.", "sowing_date_raw": "", "calculation_ready": false, "calculation_blockers_json": [ "missing_sowing_date", "missing_soil_profile" ], "geometry_hash_sha256": "e29056ec5ccc71ad3890a3ad189da1541f76a16117c46cd788f8d86def2bdc10", "source_attributes_json": { "ESRI_OID": "2034", "fid": "56", "is_experimental_production": "Нет", "source_fid": "56", "В аренде": "Нет", "Дата изменения": "10.11.2025 9:56:18", "Изменил": "GEODATA", "Интенсивность": "MAX", "История": "2013: Пшеница озимая, 2014: Кукуруза зерновая, 2015: Соя, 2016: Кукуруза зерновая, 2017: Пар, Подъем залежи, Пшеница яровая, 2018: Пшеница озимая, 2019: Соя, 2020: Соя, 2021: Пшеница яровая, 2022: Пар, Сахарная свекла, 2023: Соя, 2024: Рапс яровой, 2025: Кукуруза зерновая, 2026: Кукуруза зерновая", "Культура": "Кукуруза зерновая", "Мех.состав (пески; карбонаты)": "Да", "Название": "КУР-СОЛ-0016-03", "Область": "Курская область", "Опытное": "Нет", "План. хозяйство": "Орошение Солнцево", "Площадь (га)": "49.3", "Под оптимизацию": "Нет", "Пред. предшественник": "Рапс яровой", "Предшественник": "Кукуруза зерновая", "Район": "Солнцевский район", "Рельеф": "Пригодно", "Территория": "Орошение", "Технология": "Кукуруза зерновая АТ орошение MAS MAX_Кораген", "Технология компании": "АТ семенная", "Тип посевов": "Семенные", "Уклон (град.)": "1.5", "Хозяйство": "Орошение Солнцево" }, "rectangle_area_ha": 62.704873096109488, "rectangle_angle_deg": 18.476370339560162, "rectangle_width_m": 791.79791037552059, "rectangle_height_m": 791.93026748922421, "rectangle_crs": "EPSG:32637" }, "geometry": { "type": "Polygon", "coordinates": [ [ [ 36.746712806798499, 51.554019390168911 ], [ 36.743429739482707, 51.547201372254776 ], [ 36.754362745260316, 51.545154534278161 ], [ 36.757647319469143, 51.551972266258112 ], [ 36.746712806798499, 51.554019390168911 ] ] ] } },
{ "type": "Feature", "properties": { "dataset_code": "KAA", "source_file": "КАА.kml", "placemark_index": 35, "organization_code": "KAA", "organization_name_raw": "КАА", "farm_name_raw": "Орошение Солнцево", "region_name_raw": "Курская область", "district_name_raw": "Солнцевский район", "field_external_key": "KAA:КУР-СОЛ-0001-02", "field_code_raw": "КУР-СОЛ-0001-02", "field_name_raw": "КУР-СОЛ-0001-02", "field_code_unique_status": "unique", "source_fid": "59", "declared_area_ha": 50.2, "geometry_area_ha": 50.19547, "area_diff_ha": -0.00453, "area_diff_pct": -0.009024, "area_quality_status": "ok", "geometry_type": "Polygon", "polygon_count": 1, "inner_ring_count": 1, "geometry_valid": true, "geometry_validity_reason": "Valid Geometry", "centroid_lon": 36.780943587000003, "centroid_lat": 51.508133614999998, "representative_lon": 36.780940876000003, "representative_lat": 51.508134351000002, "centroid_within_geometry": true, "weather_point_lon_candidate": 36.780943587000003, "weather_point_lat_candidate": 51.508133614999998, "active_2026_candidate": true, "active_reason": "kaa_crop_plan_present", "season_year_candidate": null, "crop_raw": "Пшеница яровая", "crop_code_candidate": "spring_wheat", "crop_parameter_set_candidate_key": "aquacrop_v7_3_regional_spring_wheat_kursk_oblast", "regional_crop_parameter_set_candidate_key": "aquacrop_v7_3_regional_spring_wheat_kursk_oblast", "crop_parameter_candidate_status": "resolved_from_kml_region_kursk_oblast", "crop_parameter_candidate_comment_ru": "Кандидат выбран по культуре и признаку региона 'Курская область' из KAA.kml.", "sowing_date_raw": "", "calculation_ready": false, "calculation_blockers_json": [ "missing_sowing_date", "missing_soil_profile" ], "geometry_hash_sha256": "a6144e213824d32cbe3c9601a8a9f915d7d44da0acc418ffe3bb1b49a397f0c6", "source_attributes_json": { "ESRI_OID": "1336", "fid": "59", "is_experimental_production": "Нет", "source_fid": "59", "В аренде": "Нет", "Вид семян": "Собственные", "Дата изменения": "10.11.2025 9:55:19", "Изменил": "GEODATA", "Интенсивность": "MAX", "История": "2013: Пар сидеральный, 2014: Пшеница озимая, 2015: Кукуруза зерновая, 2016: Соя, 2017: Подъем залежи, Пшеница яровая, 2018: Гречиха, Пар, 2019: Пшеница озимая, 2020: Соя, 2021: Соя, 2022: Пар, Пшеница яровая, 2023: Кукуруза зерновая, 2024: Подсолнечник, 2025: Сахарная свекла, 2026: Пшеница яровая", "Итого семян (т; п.ед.)": "12.05", "Культура": "Пшеница яровая", "Мех.состав (пески; карбонаты)": "Да", "Название": "КУР-СОЛ-0001-02", "Направление склона": "З", "Норма высева (кг/га; п.ед./га)": "240", "Область": "Курская область", "Опытное": "Нет", "План. хозяйство": "Орошение Солнцево", "Площадь (га)": "50.2", "Под оптимизацию": "Нет", "Пред. предшественник": "Подсолнечник", "Предшественник": "Сахарная свекла", "Район": "Солнцевский район", "Семена": "Семена яровой пшеницы КВС АКВИЛОН РС1 (соб.)", "Сред. норма высева (кг/га; п.ед./га)": "0", "Территория": "Орошение", "Технология": "Пшеница яровая АТ семенная орошение MAX", "Технология компании": "АТ семенная", "Тип посевов": "Семенные", "Уклон (град.)": "2.6", "Хозяйство": "Орошение Солнцево" }, "rectangle_area_ha": 63.518568340349105, "rectangle_angle_deg": 152.62001806274537, "rectangle_width_m": 792.12759739684407, "rectangle_height_m": 801.87293750513345, "rectangle_crs": "EPSG:32637" }, "geometry": { "type": "Polygon", "coordinates": [ [ [ 36.77881982530964, 51.503267069474781 ], [ 36.788787935974405, 51.506731643395391 ], [ 36.783167747285852, 51.513029087438149 ], [ 36.773198717600003, 51.509564027703114 ], [ 36.77881982530964, 51.503267069474781 ] ] ] } },
{ "type": "Feature", "properties": { "dataset_code": "KAA", "source_file": "КАА.kml", "placemark_index": 36, "organization_code": "KAA", "organization_name_raw": "КАА", "farm_name_raw": "Орошение Горшечное", "region_name_raw": "Курская область", "district_name_raw": "Горшеченский район", "field_external_key": "KAA:КУР-ГОР-0060-03", "field_code_raw": "КУР-ГОР-0060-03", "field_name_raw": "КУР-ГОР-0060-03", "field_code_unique_status": "unique", "source_fid": "60", "declared_area_ha": 55.8, "geometry_area_ha": 55.801043, "area_diff_ha": 0.001043, "area_diff_pct": 0.001869, "area_quality_status": "ok", "geometry_type": "Polygon", "polygon_count": 1, "inner_ring_count": 0, "geometry_valid": true, "geometry_validity_reason": "Valid Geometry", "centroid_lon": 37.695955421999997, "centroid_lat": 51.473443541999998, "representative_lon": 37.696136561000003, "representative_lat": 51.472632783000002, "centroid_within_geometry": true, "weather_point_lon_candidate": 37.695955421999997, "weather_point_lat_candidate": 51.473443541999998, "active_2026_candidate": true, "active_reason": "kaa_crop_plan_present", "season_year_candidate": null, "crop_raw": "Кукуруза зерновая", "crop_code_candidate": "maize_grain", "crop_parameter_set_candidate_key": "aquacrop_v7_3_regional_maize_grain_kursk_oblast", "regional_crop_parameter_set_candidate_key": "aquacrop_v7_3_regional_maize_grain_kursk_oblast", "crop_parameter_candidate_status": "resolved_from_kml_region_kursk_oblast", "crop_parameter_candidate_comment_ru": "Кандидат выбран по культуре и признаку региона 'Курская область' из KAA.kml.", "sowing_date_raw": "", "calculation_ready": false, "calculation_blockers_json": [ "missing_sowing_date", "missing_soil_profile" ], "geometry_hash_sha256": "646840ea01faddcad00085cd42789770216eed27da264d318d7dd71c0b078cbd", "source_attributes_json": { "ESRI_OID": "1732", "fid": "60", "is_experimental_production": "Нет", "source_fid": "60", "В аренде": "Нет", "Дата изменения": "10.11.2025 9:56:55", "Изменил": "GEODATA", "Интенсивность": "MAX", "История": "2013: Кукуруза зерновая, Пшеница озимая, 2014: Соя, 2015: Пшеница озимая, 2016: Соя, 2017: Соя, 2018: Сахарная свекла, Соя, 2019: Пшеница озимая, Пшеница яровая, 2020: Соя, 2021: Залежь, Соя, 2022: Кукуруза зерновая, Пар, 2023: Кукуруза зерновая, Соя, 2024: Кукуруза зерновая, Подсолнечник, 2025: Кукуруза зерновая, 2026: Кукуруза зерновая", "Культура": "Кукуруза зерновая", "Название": "КУР-ГОР-0060-03", "Область": "Курская область", "Опытное": "Нет", "План. хозяйство": "Орошение Горшечное", "Площадь (га)": "55.8", "Под оптимизацию": "Нет", "Пред. предшественник": "Подсолнечник", "Предшественник": "Кукуруза зерновая", "Район": "Горшеченский район", "Рельеф": "Пригодно", "Территория": "Орошение", "Технология": "Кукуруза зерновая АТ орошение MAS MAX_Кораген", "Технология компании": "АТ семенная", "Тип посевов": "Семенные", "Хозяйство": "Орошение Горшечное" }, "rectangle_area_ha": 76.741014342624851, "rectangle_angle_deg": 119.61141308896629, "rectangle_width_m": 697.12378534954041, "rectangle_height_m": 1100.8233538344502, "rectangle_crs": "EPSG:32637" }, "geometry": { "type": "Polygon", "coordinates": [ [ [ 37.700572563451274, 51.468401367305276 ], [ 37.705376125445227, 51.473904521634999 ], [ 37.691459810345819, 51.478641249118141 ], [ 37.686657446285402, 51.473137537426751 ], [ 37.700572563451274, 51.468401367305276 ] ] ] } },
{ "type": "Feature", "properties": { "dataset_code": "KAA", "source_file": "КАА.kml", "placemark_index": 37, "organization_code": "KAA", "organization_name_raw": "КАА", "farm_name_raw": "Орошение Горшечное", "region_name_raw": "Курская область", "district_name_raw": "Горшеченский район", "field_external_key": "KAA:КУР-ГОР-0058-02", "field_code_raw": "КУР-ГОР-0058-02", "field_name_raw": "КУР-ГОР-0058-02", "field_code_unique_status": "unique", "source_fid": "61", "declared_area_ha": 42.9, "geometry_area_ha": 42.895695, "area_diff_ha": -0.004305, "area_diff_pct": -0.010034, "area_quality_status": "ok", "geometry_type": "Polygon", "polygon_count": 1, "inner_ring_count": 0, "geometry_valid": true, "geometry_validity_reason": "Valid Geometry", "centroid_lon": 37.655800469, "centroid_lat": 51.483562198000001, "representative_lon": 37.655799772999998, "representative_lat": 51.483531880999998, "centroid_within_geometry": true, "weather_point_lon_candidate": 37.655800469, "weather_point_lat_candidate": 51.483562198000001, "active_2026_candidate": true, "active_reason": "kaa_crop_plan_present", "season_year_candidate": null, "crop_raw": "Пшеница яровая", "crop_code_candidate": "spring_wheat", "crop_parameter_set_candidate_key": "aquacrop_v7_3_regional_spring_wheat_kursk_oblast", "regional_crop_parameter_set_candidate_key": "aquacrop_v7_3_regional_spring_wheat_kursk_oblast", "crop_parameter_candidate_status": "resolved_from_kml_region_kursk_oblast", "crop_parameter_candidate_comment_ru": "Кандидат выбран по культуре и признаку региона 'Курская область' из KAA.kml.", "sowing_date_raw": "", "calculation_ready": false, "calculation_blockers_json": [ "missing_sowing_date", "missing_soil_profile" ], "geometry_hash_sha256": "9ecac9fce43a37a3ce1266190246078818869c8954e5c25074254e61bf8db2b2", "source_attributes_json": { "ESRI_OID": "1290", "fid": "61", "is_experimental_production": "Нет", "source_fid": "61", "В аренде": "Нет", "Вид семян": "Собственные", "Дата изменения": "10.11.2025 9:56:52", "Изменил": "GEODATA", "Интенсивность": "MAX", "История": "2013: Соя, 2014: Кукуруза зерновая, 2015: Соя, 2016: Пшеница озимая, 2017: Сахарная свекла, 2018: Пшеница яровая, 2019: Соя, 2020: Сахарная свекла, Соя, 2021: Залежь, Пшеница яровая, 2022: Кукуруза зерновая, Пар, Соя, 2023: Кукуруза зерновая, 2024: Кукуруза зерновая, Соя, 2025: Соя, 2026: Пшеница яровая", "Итого семян (т; п.ед.)": "10.29", "Культура": "Пшеница яровая", "Название": "КУР-ГОР-0058-02", "Направление склона": "С, В", "Норма высева (кг/га; п.ед./га)": "240", "Область": "Курская область", "Опытное": "Нет", "План. хозяйство": "Орошение Горшечное", "Площадь (га)": "42.9", "Под оптимизацию": "Нет", "Пред. предшественник": "Кукуруза зерновая", "Предшественник": "Соя", "Район": "Горшеченский район", "Рельеф": "Пригодно", "Семена": "Семена яровой пшеницы КВС АКВИЛОН РС1 (соб.)", "Сред. норма высева (кг/га; п.ед./га)": "0", "Территория": "Орошение", "Технология": "Пшеница яровая АТ семенная орошение MAX", "Технология компании": "АТ семенная", "Тип посевов": "Семенные", "Хозяйство": "Орошение Горшечное" }, "rectangle_area_ha": 54.538678987017981, "rectangle_angle_deg": 48.615611585834813, "rectangle_width_m": 736.88863979972666, "rectangle_height_m": 740.12104463763535, "rectangle_crs": "EPSG:32637" }, "geometry": { "type": "Polygon", "coordinates": [ [ [ 37.663310819078376, 51.483367158678639 ], [ 37.65615084445249, 51.488256996493426 ], [ 37.648285137822349, 51.483766660643191 ], [ 37.655445232571914, 51.478877300463139 ], [ 37.663310819078376, 51.483367158678639 ] ] ] } },
{ "type": "Feature", "properties": { "dataset_code": "KAA", "source_file": "КАА.kml", "placemark_index": 38, "organization_code": "KAA", "organization_name_raw": "КАА", "farm_name_raw": "Орошение Солнцево", "region_name_raw": "Курская область", "district_name_raw": "Солнцевский район", "field_external_key": "KAA:КУР-СОЛ-0027-02", "field_code_raw": "КУР-СОЛ-0027-02", "field_name_raw": "КУР-СОЛ-0027-02", "field_code_unique_status": "unique", "source_fid": "62", "declared_area_ha": 61.9, "geometry_area_ha": 61.895447, "area_diff_ha": -0.004553, "area_diff_pct": -0.007355, "area_quality_status": "ok", "geometry_type": "Polygon", "polygon_count": 1, "inner_ring_count": 1, "geometry_valid": true, "geometry_validity_reason": "Valid Geometry", "centroid_lon": 36.769315815, "centroid_lat": 51.445658272000003, "representative_lon": 36.769315747, "representative_lat": 51.445647322, "centroid_within_geometry": true, "weather_point_lon_candidate": 36.769315815, "weather_point_lat_candidate": 51.445658272000003, "active_2026_candidate": true, "active_reason": "kaa_crop_plan_present", "season_year_candidate": null, "crop_raw": "Подсолнечник", "crop_code_candidate": "sunflower", "crop_parameter_set_candidate_key": "aquacrop_v7_3_regional_sunflower_kursk_oblast", "regional_crop_parameter_set_candidate_key": "aquacrop_v7_3_regional_sunflower_kursk_oblast", "crop_parameter_candidate_status": "resolved_from_kml_region_kursk_oblast", "crop_parameter_candidate_comment_ru": "Кандидат выбран по культуре и признаку региона 'Курская область' из KAA.kml.", "sowing_date_raw": "", "calculation_ready": false, "calculation_blockers_json": [ "missing_sowing_date", "missing_soil_profile" ], "geometry_hash_sha256": "9a974db6f69da45a1e24ec832d862edecad2cb0ad0a114646418e2f2cda31f3c", "source_attributes_json": { "ESRI_OID": "345", "fid": "62", "is_experimental_production": "Нет", "source_fid": "62", "В аренде": "Нет", "Дата изменения": "18.11.2025 12:17:02", "Изменил": "esb", "Интенсивность": "MAX", "История": "2013: Кукуруза зерновая, Подъем залежи, 2014: Подсолнечник, 2015: Пшеница яровая, 2016: Соя, 2017: Пшеница озимая, 2018: Соя, 2019: Пшеница яровая, 2020: Соя, 2021: Пшеница яровая, 2022: Пар, Соя, 2023: Кукуруза зерновая, 2024: Соя, 2025: Кукуруза зерновая, 2026: Подсолнечник", "Культура": "Подсолнечник", "Мех.состав (пески; карбонаты)": "Нет", "Название": "КУР-СОЛ-0027-02", "Направление склона": "СЗ", "Область": "Курская область", "Ограничение сева по ХСЗР (сах.свекла)": "2016", "Опытное": "Нет", "План. хозяйство": "Орошение Солнцево", "Площадь (га)": "61.9", "Под оптимизацию": "Нет", "Пред. предшественник": "Соя", "Предшественник": "Кукуруза зерновая", "Район": "Солнцевский район", "Рельеф": "Пригодно", "Территория": "Орошение", "Технология": "Подсолнечник АТ гибридизация орошение MAS EX MAX_ Лицензия", "Технология компании": "АТ семенная", "Тип посевов": "Семенные", "Уклон (град.)": "1.9", "Хозяйство": "Орошение Солнцево" }, "rectangle_area_ha": 79.018418313082464, "rectangle_angle_deg": 158.75013740922816, "rectangle_width_m": 888.570107688196, "rectangle_height_m": 889.27612609730568, "rectangle_crs": "EPSG:32637" }, "geometry": { "type": "Polygon", "coordinates": [ [ [ 36.777705582124369, 51.443530188786887 ], [ 36.772709042535503, 51.450889111947589 ], [ 36.760941665013505, 51.447768578019371 ], [ 36.765939725052313, 51.440410171809184 ], [ 36.777705582124369, 51.443530188786887 ] ] ] } },
{ "type": "Feature", "properties": { "dataset_code": "KAA", "source_file": "КАА.kml", "placemark_index": 39, "organization_code": "KAA", "organization_name_raw": "КАА", "farm_name_raw": "Орошение Горшечное", "region_name_raw": "Курская область", "district_name_raw": "Горшеченский район", "field_external_key": "KAA:КУР-ГОР-0058-04", "field_code_raw": "КУР-ГОР-0058-04", "field_name_raw": "КУР-ГОР-0058-04", "field_code_unique_status": "unique", "source_fid": "64", "declared_area_ha": 58.3, "geometry_area_ha": 58.300619, "area_diff_ha": 0.000619, "area_diff_pct": 0.001062, "area_quality_status": "ok", "geometry_type": "Polygon", "polygon_count": 1, "inner_ring_count": 0, "geometry_valid": true, "geometry_validity_reason": "Valid Geometry", "centroid_lon": 37.649381855999998, "centroid_lat": 51.497148715999998, "representative_lon": 37.649385444000004, "representative_lat": 51.497097947999997, "centroid_within_geometry": true, "weather_point_lon_candidate": 37.649381855999998, "weather_point_lat_candidate": 51.497148715999998, "active_2026_candidate": true, "active_reason": "kaa_crop_plan_present", "season_year_candidate": null, "crop_raw": "Рапс яровой", "crop_code_candidate": "spring_rapeseed_proxy", "crop_parameter_set_candidate_key": "aquacrop_v7_3_regional_spring_rapeseed_proxy_kursk_oblast", "regional_crop_parameter_set_candidate_key": "aquacrop_v7_3_regional_spring_rapeseed_proxy_kursk_oblast", "crop_parameter_candidate_status": "proxy_parameter_set_requires_review", "crop_parameter_candidate_comment_ru": "Кандидат выбран по культуре и признаку региона 'Курская область' из KAA.kml. Набор ярового рапса является proxy, не official AquaCrop crop file.", "sowing_date_raw": "", "calculation_ready": false, "calculation_blockers_json": [ "missing_sowing_date", "missing_soil_profile" ], "geometry_hash_sha256": "983a36b12a7c7831bddfe9e8fd3421eeb919ab7517d98d829c10b0f58eae9d4b", "source_attributes_json": { "ESRI_OID": "520", "fid": "64", "is_experimental_production": "Нет", "source_fid": "64", "В аренде": "Нет", "Дата изменения": "20.02.2026 9:16:00", "Изменил": "esb", "Интенсивность": "MAX", "История": "2013: Соя, 2014: Кукуруза зерновая, 2015: Соя, 2016: Пшеница озимая, 2017: Сахарная свекла, 2018: Пшеница яровая, 2019: Соя, 2020: Сахарная свекла, Соя, 2021: Залежь, Пшеница яровая, 2022: Кукуруза зерновая, Пар, Соя, 2023: Кукуруза зерновая, 2024: Кукуруза зерновая, 2025: Кукуруза зерновая, 2026: Рапс яровой", "Культура": "Рапс яровой", "Название": "КУР-ГОР-0058-04", "Направление склона": "С, В", "Область": "Курская область", "Опытное": "Нет", "План. хозяйство": "Орошение Горшечное", "Площадь (га)": "58.3", "Под оптимизацию": "Нет", "Пред. предшественник": "Кукуруза зерновая", "Предшественник": "Кукуруза зерновая", "Район": "Горшеченский район", "Рельеф": "Пригодно", "Территория": "Орошение", "Технология": "Рапс яровой АТ гибридизация MAX Remington", "Технология компании": "АТ семенная", "Тип посевов": "Семенные", "Хозяйство": "Орошение Горшечное" }, "rectangle_area_ha": 74.175172995626866, "rectangle_angle_deg": 77.905602605086017, "rectangle_width_m": 860.33619346149499, "rectangle_height_m": 862.1649717791006, "rectangle_crs": "EPSG:32637" }, "geometry": { "type": "Polygon", "coordinates": [ [ [ 37.64192609663877, 51.500034610547381 ], [ 37.644746619055859, 51.492502558955394 ], [ 37.656838695945304, 51.494266076842507 ], [ 37.654020047422122, 51.501798430740507 ], [ 37.64192609663877, 51.500034610547381 ] ] ] } },
{ "type": "Feature", "properties": { "dataset_code": "KAA", "source_file": "КАА.kml", "placemark_index": 40, "organization_code": "KAA", "organization_name_raw": "КАА", "farm_name_raw": "Орошение Солнцево", "region_name_raw": "Курская область", "district_name_raw": "Солнцевский район", "field_external_key": "KAA:КУР-СОЛ-0030-02", "field_code_raw": "КУР-СОЛ-0030-02", "field_name_raw": "КУР-СОЛ-0030-02", "field_code_unique_status": "unique", "source_fid": "65", "declared_area_ha": 69.8, "geometry_area_ha": 69.796217, "area_diff_ha": -0.003783, "area_diff_pct": -0.00542, "area_quality_status": "ok", "geometry_type": "Polygon", "polygon_count": 1, "inner_ring_count": 0, "geometry_valid": true, "geometry_validity_reason": "Valid Geometry", "centroid_lon": 36.7857354, "centroid_lat": 51.458367971000001, "representative_lon": 36.785826876999998, "representative_lat": 51.458320217999997, "centroid_within_geometry": true, "weather_point_lon_candidate": 36.7857354, "weather_point_lat_candidate": 51.458367971000001, "active_2026_candidate": true, "active_reason": "kaa_crop_plan_present", "season_year_candidate": null, "crop_raw": "Соя", "crop_code_candidate": "soybean", "crop_parameter_set_candidate_key": "aquacrop_v7_3_regional_soybean_kursk_oblast", "regional_crop_parameter_set_candidate_key": "aquacrop_v7_3_regional_soybean_kursk_oblast", "crop_parameter_candidate_status": "resolved_from_kml_region_kursk_oblast", "crop_parameter_candidate_comment_ru": "Кандидат выбран по культуре и признаку региона 'Курская область' из KAA.kml.", "sowing_date_raw": "", "calculation_ready": false, "calculation_blockers_json": [ "missing_sowing_date", "missing_soil_profile" ], "geometry_hash_sha256": "2d4857f8c7396262d3734eab6696dbb48b168d9e8a0ee3a3993e26398270db56", "source_attributes_json": { "ESRI_OID": "1395", "fid": "65", "is_experimental_production": "Нет", "source_fid": "65", "В аренде": "Нет", "Вид семян": "Собственные", "Дата изменения": "10.11.2025 9:55:55", "Изменил": "GEODATA", "Интенсивность": "MAX", "История": "2013: Кукуруза зерновая, 2014: Подсолнечник, 2015: Пшеница яровая, 2016: Соя, 2017: Пшеница озимая, 2018: Соя, 2019: Пшеница яровая, 2020: Соя, 2021: Пшеница озимая, 2022: Пар, Соя, 2023: Кукуруза зерновая, 2024: Кукуруза зерновая, 2025: Рапс яровой, 2026: Соя", "Итого семян (т; п.ед.)": "8.38", "Культура": "Соя", "Мех.состав (пески; карбонаты)": "Нет", "Название": "КУР-СОЛ-0030-02", "Направление склона": "СВ", "Норма высева (кг/га; п.ед./га)": "120", "Область": "Курская область", "Ограничение сева по ХСЗР (сах.свекла)": "2016", "Опытное": "Нет", "План. хозяйство": "Орошение Солнцево", "Площадь (га)": "69.8", "Под оптимизацию": "Нет", "Пред. предшественник": "Кукуруза зерновая", "Предшественник": "Рапс яровой", "Район": "Солнцевский район", "Рельеф": "Пригодно", "Семена": "Семена сои ЕС ФАВОР РС1 (соб.)", "Сред. норма высева (кг/га; п.ед./га)": "0", "Территория": "Орошение", "Технология": "Соя АТ семенная орошение MAX", "Технология компании": "АТ семенная", "Тип посевов": "Семенные", "Уклон (град.)": "1.6", "Хозяйство": "Орошение Солнцево" }, "rectangle_area_ha": 93.343239232091705, "rectangle_angle_deg": 71.717864093463845, "rectangle_width_m": 962.63894602982327, "rectangle_height_m": 969.65990849491209, "rectangle_crs": "EPSG:32637" }, "geometry": { "type": "Polygon", "coordinates": [ [ [ 36.794734085974937, 51.455667311256498 ], [ 36.78999428668196, 51.463798321525253 ], [ 36.776883259729345, 51.460814799750409 ], [ 36.781625047810238, 51.452684340240232 ], [ 36.794734085974937, 51.455667311256498 ] ] ] } },
{ "type": "Feature", "properties": { "dataset_code": "KAA", "source_file": "КАА.kml", "placemark_index": 41, "organization_code": "KAA", "organization_name_raw": "КАА", "farm_name_raw": "Орошение Горшечное", "region_name_raw": "Курская область", "district_name_raw": "Горшеченский район", "field_external_key": "KAA:КУР-ГОР-0062-02", "field_code_raw": "КУР-ГОР-0062-02", "field_name_raw": "КУР-ГОР-0062-02", "field_code_unique_status": "unique", "source_fid": "66", "declared_area_ha": 78.2, "geometry_area_ha": 78.196772, "area_diff_ha": -0.003228, "area_diff_pct": -0.004128, "area_quality_status": "ok", "geometry_type": "Polygon", "polygon_count": 1, "inner_ring_count": 0, "geometry_valid": true, "geometry_validity_reason": "Valid Geometry", "centroid_lon": 37.729388121, "centroid_lat": 51.436970752000001, "representative_lon": 37.729387783, "representative_lat": 51.436965496, "centroid_within_geometry": true, "weather_point_lon_candidate": 37.729388121, "weather_point_lat_candidate": 51.436970752000001, "active_2026_candidate": true, "active_reason": "kaa_crop_plan_present", "season_year_candidate": null, "crop_raw": "Соя", "crop_code_candidate": "soybean", "crop_parameter_set_candidate_key": "aquacrop_v7_3_regional_soybean_kursk_oblast", "regional_crop_parameter_set_candidate_key": "aquacrop_v7_3_regional_soybean_kursk_oblast", "crop_parameter_candidate_status": "resolved_from_kml_region_kursk_oblast", "crop_parameter_candidate_comment_ru": "Кандидат выбран по культуре и признаку региона 'Курская область' из KAA.kml.", "sowing_date_raw": "", "calculation_ready": false, "calculation_blockers_json": [ "missing_sowing_date", "missing_soil_profile" ], "geometry_hash_sha256": "3a578f6b1f65e0d75cdb8f79481cf5d3646425d6079258a26523696942793c05", "source_attributes_json": { "ESRI_OID": "1836", "fid": "66", "is_experimental_production": "Нет", "source_fid": "66", "В аренде": "Нет", "Вид семян": "Собственные", "Дата изменения": "10.11.2025 9:56:02", "Изменил": "GEODATA", "Интенсивность": "MAX", "История": "2013: Пшеница озимая, Соя, 2014: Кукуруза зерновая, 2015: Пшеница яровая, 2016: Соя, 2017: Залежь, Кукуруза зерновая, 2018: Залежь, Соя, 2019: Подъем залежи, Пшеница яровая, Ячмень яровой, 2020: Соя, 2021: Залежь, Соя, 2022: Кукуруза зерновая, 2023: Кукуруза зерновая, 2024: Кукуруза зерновая, 2025: Кукуруза зерновая, 2026: Соя", "Итого семян (т; п.ед.)": "9.38", "Культура": "Соя", "Мех.состав (пески; карбонаты)": "Да", "Название": "КУР-ГОР-0062-02", "Направление склона": "Ю, З", "Норма высева (кг/га; п.ед./га)": "120", "Область": "Курская область", "Опытное": "Нет", "План. хозяйство": "Орошение Горшечное", "Площадь (га)": "78.2", "Под оптимизацию": "Нет", "Пред. предшественник": "Кукуруза зерновая", "Предшественник": "Кукуруза зерновая", "Район": "Горшеченский район", "Рельеф": "Пригодно", "Семена": "Семена сои ЕС ФАВОР РС1 (соб.)", "Сред. норма высева (кг/га; п.ед./га)": "0", "Территория": "Орошение", "Технология": "Соя АТ семенная орошение MAX", "Технология компании": "АТ семенная", "Тип посевов": "Семенные", "Хозяйство": "Орошение Горшечное" }, "rectangle_area_ha": 99.488510690433586, "rectangle_angle_deg": 129.49473058905272, "rectangle_width_m": 997.38176268333336, "rectangle_height_m": 997.49679022375494, "rectangle_crs": "EPSG:32637" }, "geometry": { "type": "Polygon", "coordinates": [ [ [ 37.72824100947421, 51.443270004925175 ], [ 37.719309463498426, 51.436251715832235 ], [ 37.730538874157439, 51.430669001583631 ], [ 37.739471082431351, 51.437686445894656 ], [ 37.72824100947421, 51.443270004925175 ] ] ] } },
{ "type": "Feature", "properties": { "dataset_code": "KAA", "source_file": "КАА.kml", "placemark_index": 42, "organization_code": "KAA", "organization_name_raw": "КАА", "farm_name_raw": "Орошение Солнцево", "region_name_raw": "Курская область", "district_name_raw": "Солнцевский район", "field_external_key": "KAA:КУР-СОЛ-0020-02", "field_code_raw": "КУР-СОЛ-0020-02", "field_name_raw": "КУР-СОЛ-0020-02", "field_code_unique_status": "unique", "source_fid": "68", "declared_area_ha": 131.7, "geometry_area_ha": 131.70264, "area_diff_ha": 0.00264, "area_diff_pct": 0.002004, "area_quality_status": "ok", "geometry_type": "Polygon", "polygon_count": 1, "inner_ring_count": 0, "geometry_valid": true, "geometry_validity_reason": "Valid Geometry", "centroid_lon": 36.709819201999998, "centroid_lat": 51.525986832000001, "representative_lon": 36.709819721000002, "representative_lat": 51.526008074000003, "centroid_within_geometry": true, "weather_point_lon_candidate": 36.709819201999998, "weather_point_lat_candidate": 51.525986832000001, "active_2026_candidate": true, "active_reason": "kaa_crop_plan_present", "season_year_candidate": null, "crop_raw": "Кукуруза зерновая", "crop_code_candidate": "maize_grain", "crop_parameter_set_candidate_key": "aquacrop_v7_3_regional_maize_grain_kursk_oblast", "regional_crop_parameter_set_candidate_key": "aquacrop_v7_3_regional_maize_grain_kursk_oblast", "crop_parameter_candidate_status": "resolved_from_kml_region_kursk_oblast", "crop_parameter_candidate_comment_ru": "Кандидат выбран по культуре и признаку региона 'Курская область' из KAA.kml.", "sowing_date_raw": "", "calculation_ready": false, "calculation_blockers_json": [ "missing_sowing_date", "missing_soil_profile" ], "geometry_hash_sha256": "6fbac1b77911810086addebd3c8f00199881ff17fc5b142396441ae7c89d594f", "source_attributes_json": { "ESRI_OID": "1844", "fid": "68", "is_experimental_production": "Нет", "source_fid": "68", "В аренде": "Нет", "Дата изменения": "10.11.2025 9:56:55", "Изменил": "GEODATA", "Интенсивность": "MAX", "История": "2013: Кукуруза зерновая, 2014: Ячмень яровой, 2015: Пшеница озимая, 2016: Соя, 2017: Пшеница озимая, 2018: Пар, Сахарная свекла, 2019: Пшеница озимая, Пшеница яровая, 2020: Сахарная свекла, Соя, 2021: Пшеница яровая, Соя, 2022: Горох, Пар, Соя, 2023: Кукуруза зерновая, 2024: Подсолнечник, 2025: Кукуруза зерновая, 2026: Кукуруза зерновая", "Культура": "Кукуруза зерновая", "Мех.состав (пески; карбонаты)": "Да", "Название": "КУР-СОЛ-0020-02", "Направление склона": "ЮЗ", "Область": "Курская область", "Опытное": "Нет", "План. хозяйство": "Орошение Солнцево", "Площадь (га)": "131.7", "Под оптимизацию": "Нет", "Пред. предшественник": "Подсолнечник", "Предшественник": "Кукуруза зерновая", "Район": "Солнцевский район", "Рельеф": "Пригодно", "Территория": "Орошение", "Технология": "Кукуруза зерновая АТ орошение MAS MAX_Кораген", "Технология компании": "АТ семенная", "Тип посевов": "Семенные", "Уклон (град.)": "1.7", "Хозяйство": "Орошение Солнцево" }, "rectangle_area_ha": 167.63735780927382, "rectangle_angle_deg": 57.603156620987761, "rectangle_width_m": 1294.7235800420167, "rectangle_height_m": 1294.7733430778608, "rectangle_crs": "EPSG:32637" }, "geometry": { "type": "Polygon", "coordinates": [ [ [ 36.722775340148154, 51.524443229066719 ], [ 36.712291822726151, 51.53407072753366 ], [ 36.696857453057397, 51.527529824048159 ], [ 36.707342636526874, 51.517903717330846 ], [ 36.722775340148154, 51.524443229066719 ] ] ] } },
{ "type": "Feature", "properties": { "dataset_code": "KAA", "source_file": "КАА.kml", "placemark_index": 43, "organization_code": "KAA", "organization_name_raw": "КАА", "farm_name_raw": "Орошение Солнцево", "region_name_raw": "Курская область", "district_name_raw": "Солнцевский район", "field_external_key": "KAA:КУР-СОЛ-0014-03", "field_code_raw": "КУР-СОЛ-0014-03", "field_name_raw": "КУР-СОЛ-0014-03", "field_code_unique_status": "unique", "source_fid": "69", "declared_area_ha": 44.3, "geometry_area_ha": 44.29893, "area_diff_ha": -0.00107, "area_diff_pct": -0.002415, "area_quality_status": "ok", "geometry_type": "Polygon", "polygon_count": 1, "inner_ring_count": 0, "geometry_valid": true, "geometry_validity_reason": "Valid Geometry", "centroid_lon": 36.745596536000001, "centroid_lat": 51.556185767000002, "representative_lon": 36.745596041, "representative_lat": 51.556147637000002, "centroid_within_geometry": true, "weather_point_lon_candidate": 36.745596536000001, "weather_point_lat_candidate": 51.556185767000002, "active_2026_candidate": true, "active_reason": "kaa_crop_plan_present", "season_year_candidate": null, "crop_raw": "Кукуруза зерновая", "crop_code_candidate": "maize_grain", "crop_parameter_set_candidate_key": "aquacrop_v7_3_regional_maize_grain_kursk_oblast", "regional_crop_parameter_set_candidate_key": "aquacrop_v7_3_regional_maize_grain_kursk_oblast", "crop_parameter_candidate_status": "resolved_from_kml_region_kursk_oblast", "crop_parameter_candidate_comment_ru": "Кандидат выбран по культуре и признаку региона 'Курская область' из KAA.kml.", "sowing_date_raw": "", "calculation_ready": false, "calculation_blockers_json": [ "missing_sowing_date", "missing_soil_profile" ], "geometry_hash_sha256": "978c66413ceba52201bf360444b915566602b5168446454686b3833d1d04553b", "source_attributes_json": { "ESRI_OID": "1975", "fid": "69", "is_experimental_production": "Нет", "source_fid": "69", "В аренде": "Нет", "Дата изменения": "10.11.2025 9:56:36", "Изменил": "GEODATA", "Интенсивность": "MAX", "История": "2013: Пшеница озимая, 2014: Соя, 2015: Пшеница озимая, 2016: Кукуруза зерновая, 2017: Пшеница яровая, 2018: Соя, 2019: Пшеница озимая, 2020: Сахарная свекла, 2021: Пшеница яровая, 2022: Пар, Соя, 2023: Кукуруза зерновая, 2024: Подсолнечник, 2025: Кукуруза зерновая, 2026: Кукуруза зерновая", "Культура": "Кукуруза зерновая", "Мех.состав (пески; карбонаты)": "Да", "Название": "КУР-СОЛ-0014-03", "Область": "Курская область", "Опытное": "Нет", "План. хозяйство": "Орошение Солнцево", "Площадь (га)": "44.3", "Под оптимизацию": "Нет", "Пред. предшественник": "Подсолнечник", "Предшественник": "Кукуруза зерновая", "Район": "Солнцевский район", "Рельеф": "Пригодно", "Территория": "Орошение", "Технология": "Кукуруза зерновая АТ орошение MAS MAX_Кораген", "Технология компании": "АТ семенная", "Тип посевов": "Семенные", "Уклон (град.)": "1.3", "Хозяйство": "Орошение Солнцево" }, "rectangle_area_ha": 56.349386650984954, "rectangle_angle_deg": 72.754736404880646, "rectangle_width_m": 750.25296509865439, "rectangle_height_m": 751.07182873412967, "rectangle_crs": "EPSG:32637" }, "geometry": { "type": "Polygon", "coordinates": [ [ [ 36.738716410466488, 51.55827117317385 ], [ 36.742241256262695, 51.551895206421506 ], [ 36.752480331135033, 51.554094328020064 ], [ 36.748956728661135, 51.560470615554308 ], [ 36.738716410466488, 51.55827117317385 ] ] ] } },
{ "type": "Feature", "properties": { "dataset_code": "KAA", "source_file": "КАА.kml", "placemark_index": 44, "organization_code": "KAA", "organization_name_raw": "КАА", "farm_name_raw": "Орошение Горшечное", "region_name_raw": "Курская область", "district_name_raw": "Горшеченский район", "field_external_key": "KAA:КУР-ГОР-0056-02", "field_code_raw": "КУР-ГОР-0056-02", "field_name_raw": "КУР-ГОР-0056-02", "field_code_unique_status": "unique", "source_fid": "71", "declared_area_ha": 42.9, "geometry_area_ha": 42.897046, "area_diff_ha": -0.002954, "area_diff_pct": -0.006886, "area_quality_status": "ok", "geometry_type": "Polygon", "polygon_count": 1, "inner_ring_count": 0, "geometry_valid": true, "geometry_validity_reason": "Valid Geometry", "centroid_lon": 37.667871178, "centroid_lat": 51.462397498000001, "representative_lon": 37.667872914999997, "representative_lat": 51.462411113999998, "centroid_within_geometry": true, "weather_point_lon_candidate": 37.667871178, "weather_point_lat_candidate": 51.462397498000001, "active_2026_candidate": true, "active_reason": "kaa_crop_plan_present", "season_year_candidate": null, "crop_raw": "Пшеница яровая", "crop_code_candidate": "spring_wheat", "crop_parameter_set_candidate_key": "aquacrop_v7_3_regional_spring_wheat_kursk_oblast", "regional_crop_parameter_set_candidate_key": "aquacrop_v7_3_regional_spring_wheat_kursk_oblast", "crop_parameter_candidate_status": "resolved_from_kml_region_kursk_oblast", "crop_parameter_candidate_comment_ru": "Кандидат выбран по культуре и признаку региона 'Курская область' из KAA.kml.", "sowing_date_raw": "", "calculation_ready": false, "calculation_blockers_json": [ "missing_sowing_date", "missing_soil_profile" ], "geometry_hash_sha256": "bbd5f32d8b37bc02008087edcc44f58742477e0b1a960ca39a130b6030011804", "source_attributes_json": { "ESRI_OID": "1832", "fid": "71", "is_experimental_production": "Нет", "source_fid": "71", "В аренде": "Нет", "Вид семян": "Собственные", "Дата изменения": "10.11.2025 9:56:00", "Изменил": "GEODATA", "Интенсивность": "MAX", "История": "2013: Соя, 2014: Кукуруза зерновая, 2015: Соя, 2016: Пшеница озимая, 2017: Сахарная свекла, 2018: Пшеница озимая, 2019: Соя, 2020: Соя, 2021: Залежь, Пшеница яровая, 2022: Кукуруза зерновая, Соя, 2023: Кукуруза зерновая, 2024: Кукуруза зерновая, 2025: Подсолнечник, 2026: Пшеница яровая", "Итого семян (т; п.ед.)": "10.3", "Культура": "Пшеница яровая", "Мех.состав (пески; карбонаты)": "Да", "Название": "КУР-ГОР-0056-02", "Направление склона": "С, В", "Норма высева (кг/га; п.ед./га)": "240", "Область": "Курская область", "Опытное": "Нет", "План. хозяйство": "Орошение Горшечное", "Площадь (га)": "42.9", "Под оптимизацию": "Нет", "Пред. предшественник": "Кукуруза зерновая", "Предшественник": "Подсолнечник", "Район": "Горшеченский район", "Рельеф": "Пригодно", "Семена": "Семена яровой пшеницы КВС АКВИЛОН РС1 (соб.)", "Сред. норма высева (кг/га; п.ед./га)": "0", "Территория": "Орошение", "Технология": "Пшеница яровая АТ семенная орошение MAX", "Технология компании": "АТ семенная", "Тип посевов": "Семенные", "Уклон (град.)": "1.6", "Хозяйство": "Орошение Горшечное" }, "rectangle_area_ha": 54.501443278284931, "rectangle_angle_deg": 117.79905450679342, "rectangle_width_m": 737.64149133785395, "rectangle_height_m": 738.86086829844862, "rectangle_crs": "EPSG:32637" }, "geometry": { "type": "Polygon", "coordinates": [ [ [ 37.670230689185857, 51.457936261838157 ], [ 37.67501102280589, 51.463857959993938 ], [ 37.665514679759291, 51.466848867595715 ], [ 37.660735277231495, 51.460926791867237 ], [ 37.670230689185857, 51.457936261838157 ] ] ] } },
{ "type": "Feature", "properties": { "dataset_code": "KAA", "source_file": "КАА.kml", "placemark_index": 45, "organization_code": "KAA", "organization_name_raw": "КАА", "farm_name_raw": "Орошение Солнцево", "region_name_raw": "Курская область", "district_name_raw": "Солнцевский район", "field_external_key": "KAA:КУР-СОЛ-0012-02", "field_code_raw": "КУР-СОЛ-0012-02", "field_name_raw": "КУР-СОЛ-0012-02", "field_code_unique_status": "unique", "source_fid": "72", "declared_area_ha": 82.3, "geometry_area_ha": 82.303914, "area_diff_ha": 0.003914, "area_diff_pct": 0.004756, "area_quality_status": "ok", "geometry_type": "Polygon", "polygon_count": 1, "inner_ring_count": 0, "geometry_valid": true, "geometry_validity_reason": "Valid Geometry", "centroid_lon": 36.706464472999997, "centroid_lat": 51.556898484000001, "representative_lon": 36.706466714999998, "representative_lat": 51.556942614999997, "centroid_within_geometry": true, "weather_point_lon_candidate": 36.706464472999997, "weather_point_lat_candidate": 51.556898484000001, "active_2026_candidate": true, "active_reason": "kaa_crop_plan_present", "season_year_candidate": null, "crop_raw": "Кукуруза зерновая", "crop_code_candidate": "maize_grain", "crop_parameter_set_candidate_key": "aquacrop_v7_3_regional_maize_grain_kursk_oblast", "regional_crop_parameter_set_candidate_key": "aquacrop_v7_3_regional_maize_grain_kursk_oblast", "crop_parameter_candidate_status": "resolved_from_kml_region_kursk_oblast", "crop_parameter_candidate_comment_ru": "Кандидат выбран по культуре и признаку региона 'Курская область' из KAA.kml.", "sowing_date_raw": "", "calculation_ready": false, "calculation_blockers_json": [ "missing_sowing_date", "missing_soil_profile" ], "geometry_hash_sha256": "5c7055e2fe961709eff834cd0fafaaf4ad9458817184a171ac19446ea4e39604", "source_attributes_json": { "ESRI_OID": "1288", "fid": "72", "is_experimental_production": "Нет", "source_fid": "72", "В аренде": "Нет", "Дата изменения": "10.11.2025 9:56:01", "Изменил": "GEODATA", "Интенсивность": "MAX", "История": "2013: Кукуруза зерновая, 2014: Ячмень яровой, 2015: Пшеница озимая, 2016: Соя, 2017: Соя, 2018: Пшеница яровая, 2019: Соя, 2020: Соя, 2021: Пшеница яровая, 2022: Пар, Сахарная свекла, 2023: Подсолнечник, Соя, 2024: Кукуруза зерновая, Сахарная свекла, 2025: Кукуруза зерновая, 2026: Кукуруза зерновая", "Культура": "Кукуруза зерновая", "Мех.состав (пески; карбонаты)": "Да", "Название": "КУР-СОЛ-0012-02", "Направление склона": "З", "Область": "Курская область", "Опытное": "Нет", "План. хозяйство": "Орошение Солнцево", "Площадь (га)": "82.3", "Под оптимизацию": "Нет", "Пред. предшественник": "Сахарная свекла", "Предшественник": "Кукуруза зерновая", "Район": "Солнцевский район", "Рельеф": "Пригодно", "Территория": "Орошение", "Технология": "Кукуруза зерновая АТ орошение MAS MAX_Кораген", "Технология компании": "АТ семенная", "Тип посевов": "Семенные", "Уклон (град.)": "1.2", "Хозяйство": "Орошение Солнцево" }, "rectangle_area_ha": 104.74315030306198, "rectangle_angle_deg": 11.419424389655262, "rectangle_width_m": 1023.4283562998171, "rectangle_height_m": 1023.4536658897996, "rectangle_crs": "EPSG:32637" }, "geometry": { "type": "Polygon", "coordinates": [ [ [ 36.697959533295936, 51.553130914192877 ], [ 36.71250837881194, 51.55159327617433 ], [ 36.714976777349108, 51.560663371877453 ], [ 36.700425099719503, 51.562201279066436 ], [ 36.697959533295936, 51.553130914192877 ] ] ] } },
{ "type": "Feature", "properties": { "dataset_code": "KAA", "source_file": "КАА.kml", "placemark_index": 46, "organization_code": "KAA", "organization_name_raw": "КАА", "farm_name_raw": "Орошение Горшечное", "region_name_raw": "Курская область", "district_name_raw": "Горшеченский район", "field_external_key": "KAA:КУР-ГОР-0057-02", "field_code_raw": "КУР-ГОР-0057-02", "field_name_raw": "КУР-ГОР-0057-02", "field_code_unique_status": "unique", "source_fid": "74", "declared_area_ha": 42.9, "geometry_area_ha": 42.901597, "area_diff_ha": 0.001597, "area_diff_pct": 0.003724, "area_quality_status": "ok", "geometry_type": "Polygon", "polygon_count": 1, "inner_ring_count": 0, "geometry_valid": true, "geometry_validity_reason": "Valid Geometry", "centroid_lon": 37.662614442, "centroid_lat": 51.470535208000001, "representative_lon": 37.662609881000002, "representative_lat": 51.470516218, "centroid_within_geometry": true, "weather_point_lon_candidate": 37.662614442, "weather_point_lat_candidate": 51.470535208000001, "active_2026_candidate": true, "active_reason": "kaa_crop_plan_present", "season_year_candidate": null, "crop_raw": "Соя", "crop_code_candidate": "soybean", "crop_parameter_set_candidate_key": "aquacrop_v7_3_regional_soybean_kursk_oblast", "regional_crop_parameter_set_candidate_key": "aquacrop_v7_3_regional_soybean_kursk_oblast", "crop_parameter_candidate_status": "resolved_from_kml_region_kursk_oblast", "crop_parameter_candidate_comment_ru": "Кандидат выбран по культуре и признаку региона 'Курская область' из KAA.kml.", "sowing_date_raw": "", "calculation_ready": false, "calculation_blockers_json": [ "missing_sowing_date", "missing_soil_profile" ], "geometry_hash_sha256": "47e7c4c258a16d7a772222b122b25b44b28b3f8a3dcb411176d72a0442bc3d99", "source_attributes_json": { "ESRI_OID": "1833", "fid": "74", "is_experimental_production": "Нет", "source_fid": "74", "В аренде": "Нет", "Вид семян": "Собственные", "Дата изменения": "10.11.2025 9:56:02", "Изменил": "GEODATA", "Интенсивность": "MAX", "История": "2013: Соя, 2014: Кукуруза зерновая, 2015: Соя, 2016: Пшеница яровая, 2017: Соя, 2018: Соя, 2019: Соя, 2020: Сахарная свекла, 2021: Залежь, Пшеница яровая, 2022: Кукуруза зерновая, Соя, 2023: Кукуруза зерновая, 2024: Кукуруза зерновая, 2025: Кукуруза зерновая, 2026: Соя", "Итого семян (т; п.ед.)": "5.15", "Культура": "Соя", "Название": "КУР-ГОР-0057-02", "Направление склона": "С, В", "Норма высева (кг/га; п.ед./га)": "120", "Область": "Курская область", "Опытное": "Нет", "План. хозяйство": "Орошение Горшечное", "Площадь (га)": "42.9", "Под оптимизацию": "Нет", "Пред. предшественник": "Кукуруза зерновая", "Предшественник": "Кукуруза зерновая", "Район": "Горшеченский район", "Рельеф": "Пригодно", "Семена": "Семена сои ЕС ФАВОР РС1 (соб.)", "Сред. норма высева (кг/га; п.ед./га)": "0", "Территория": "Орошение", "Технология": "Соя АТ семенная орошение MAX", "Технология компании": "АТ семенная", "Тип посевов": "Семенные", "Хозяйство": "Орошение Горшечное" }, "rectangle_area_ha": 54.539239407303256, "rectangle_angle_deg": 113.85106676150406, "rectangle_width_m": 737.51206671167165, "rectangle_height_m": 739.50301112327725, "rectangle_crs": "EPSG:32637" }, "geometry": { "type": "Polygon", "coordinates": [ [ [ 37.665463624830743, 51.466194646837238 ], [ 37.669579260447925, 51.472306991522053 ], [ 37.659765164473413, 51.474884158903208 ], [ 37.655650621423824, 51.468771480237578 ], [ 37.665463624830743, 51.466194646837238 ] ] ] } },
{ "type": "Feature", "properties": { "dataset_code": "KAA", "source_file": "КАА.kml", "placemark_index": 47, "organization_code": "KAA", "organization_name_raw": "КАА", "farm_name_raw": "Орошение Солнцево", "region_name_raw": "Курская область", "district_name_raw": "Солнцевский район", "field_external_key": "KAA:КУР-СОЛ-0008-02", "field_code_raw": "КУР-СОЛ-0008-02", "field_name_raw": "КУР-СОЛ-0008-02", "field_code_unique_status": "unique", "source_fid": "75", "declared_area_ha": 77.0, "geometry_area_ha": 77.000453, "area_diff_ha": 0.000453, "area_diff_pct": 0.000588, "area_quality_status": "ok", "geometry_type": "Polygon", "polygon_count": 1, "inner_ring_count": 1, "geometry_valid": true, "geometry_validity_reason": "Valid Geometry", "centroid_lon": 36.75632982, "centroid_lat": 51.496791817999998, "representative_lon": 36.756330792, "representative_lat": 51.496780585000003, "centroid_within_geometry": true, "weather_point_lon_candidate": 36.75632982, "weather_point_lat_candidate": 51.496791817999998, "active_2026_candidate": true, "active_reason": "kaa_crop_plan_present", "season_year_candidate": null, "crop_raw": "Подсолнечник", "crop_code_candidate": "sunflower", "crop_parameter_set_candidate_key": "aquacrop_v7_3_regional_sunflower_kursk_oblast", "regional_crop_parameter_set_candidate_key": "aquacrop_v7_3_regional_sunflower_kursk_oblast", "crop_parameter_candidate_status": "resolved_from_kml_region_kursk_oblast", "crop_parameter_candidate_comment_ru": "Кандидат выбран по культуре и признаку региона 'Курская область' из KAA.kml.", "sowing_date_raw": "", "calculation_ready": false, "calculation_blockers_json": [ "missing_sowing_date", "missing_soil_profile" ], "geometry_hash_sha256": "b0ee19d46ea1a7c83129b97e17535bfab2591729a366a400b4adef0c67f7e3d5", "source_attributes_json": { "ESRI_OID": "354", "fid": "75", "is_experimental_production": "Нет", "source_fid": "75", "В аренде": "Нет", "Дата изменения": "20.11.2025 12:49:05", "Изменил": "esb", "Интенсивность": "MAX", "История": "2013: Кукуруза зерновая, 2014: Ячмень яровой, 2015: Соя, 2016: Пшеница яровая, 2017: Сахарная свекла, 2018: Соя, 2019: Пар, 2020: Пшеница озимая, 2021: Сахарная свекла, 2022: Пар, Пшеница яровая, 2023: Кукуруза зерновая, 2024: Кукуруза зерновая, 2025: Рапс яровой, 2026: Подсолнечник", "Культура": "Подсолнечник", "Мех.состав (пески; карбонаты)": "Да", "Название": "КУР-СОЛ-0008-02", "Направление склона": "ЮЗ", "Область": "Курская область", "Опытное": "Нет", "План. хозяйство": "Орошение Солнцево", "Площадь (га)": "77", "Под оптимизацию": "Нет", "Пред. предшественник": "Кукуруза зерновая", "Предшественник": "Рапс яровой", "Район": "Солнцевский район", "Рельеф": "Пригодно", "Территория": "Орошение", "Технология": "Подсолнечник АТ гибридизация орошение MAS EX MAX_ Мультипликация", "Технология компании": "АТ семенная", "Тип посевов": "Семенные", "Уклон (град.)": "1.9", "Хозяйство": "Орошение Солнцево" }, "rectangle_area_ha": 98.006379725450003, "rectangle_angle_deg": 102.69963603996837, "rectangle_width_m": 989.8888240037486, "rectangle_height_m": 990.07461594574852, "rectangle_crs": "EPSG:32637" }, "geometry": { "type": "Polygon", "coordinates": [ [ [ 36.764680528990326, 51.500313785840589 ], [ 36.750680180554497, 51.502003475325068 ], [ 36.747975184791933, 51.493266978550103 ], [ 36.761972935427011, 51.491577578658095 ], [ 36.764680528990326, 51.500313785840589 ] ] ] } },
{ "type": "Feature", "properties": { "dataset_code": "KAA", "source_file": "КАА.kml", "placemark_index": 48, "organization_code": "KAA", "organization_name_raw": "КАА", "farm_name_raw": "Орошение Солнцево", "region_name_raw": "Курская область", "district_name_raw": "Солнцевский район", "field_external_key": "KAA:КУР-СОЛ-0028-02", "field_code_raw": "КУР-СОЛ-0028-02", "field_name_raw": "КУР-СОЛ-0028-02", "field_code_unique_status": "unique", "source_fid": "76", "declared_area_ha": 78.0, "geometry_area_ha": 78.004611, "area_diff_ha": 0.004611, "area_diff_pct": 0.005912, "area_quality_status": "ok", "geometry_type": "Polygon", "polygon_count": 1, "inner_ring_count": 0, "geometry_valid": true, "geometry_validity_reason": "Valid Geometry", "centroid_lon": 36.771164567, "centroid_lat": 51.456135089, "representative_lon": 36.771164286000001, "representative_lat": 51.456089972000001, "centroid_within_geometry": true, "weather_point_lon_candidate": 36.771164567, "weather_point_lat_candidate": 51.456135089, "active_2026_candidate": true, "active_reason": "kaa_crop_plan_present", "season_year_candidate": null, "crop_raw": "Соя", "crop_code_candidate": "soybean", "crop_parameter_set_candidate_key": "aquacrop_v7_3_regional_soybean_kursk_oblast", "regional_crop_parameter_set_candidate_key": "aquacrop_v7_3_regional_soybean_kursk_oblast", "crop_parameter_candidate_status": "resolved_from_kml_region_kursk_oblast", "crop_parameter_candidate_comment_ru": "Кандидат выбран по культуре и признаку региона 'Курская область' из KAA.kml.", "sowing_date_raw": "", "calculation_ready": false, "calculation_blockers_json": [ "missing_sowing_date", "missing_soil_profile" ], "geometry_hash_sha256": "467bd9e92dc96f104e07cddd3399407bd48cd4cffbaa6a833d3a04d2a12c3add", "source_attributes_json": { "ESRI_OID": "1845", "fid": "76", "is_experimental_production": "Нет", "source_fid": "76", "В аренде": "Нет", "Вид семян": "Собственные", "Дата изменения": "10.11.2025 9:56:18", "Изменил": "GEODATA", "Интенсивность": "MAX", "История": "2013: Кукуруза зерновая, 2014: Подсолнечник, 2015: Пшеница яровая, 2016: Соя, 2017: Пшеница озимая, 2018: Соя, 2019: Пар, 2020: Пшеница озимая, 2021: Соя, 2022: Пар, Пшеница яровая, 2023: Кукуруза зерновая, 2024: Кукуруза зерновая, 2025: Кукуруза зерновая, 2026: Соя", "Итого семян (т; п.ед.)": "9.36", "Культура": "Соя", "Мех.состав (пески; карбонаты)": "Нет", "Название": "КУР-СОЛ-0028-02", "Направление склона": "СЗ", "Норма высева (кг/га; п.ед./га)": "120", "Область": "Курская область", "Ограничение сева по ХСЗР (сах.свекла)": "2016", "Опытное": "Нет", "План. хозяйство": "Орошение Солнцево", "Площадь (га)": "78", "Под оптимизацию": "Нет", "Пред. предшественник": "Кукуруза зерновая", "Предшественник": "Кукуруза зерновая", "Район": "Солнцевский район", "Рельеф": "Пригодно", "Семена": "Семена сои ЕС ФАВОР РС1 (соб.)", "Сред. норма высева (кг/га; п.ед./га)": "0", "Территория": "Орошение", "Технология": "Соя АТ семенная орошение MAX", "Технология компании": "АТ семенная", "Тип посевов": "Семенные", "Уклон (град.)": "1.4", "Хозяйство": "Орошение Солнцево" }, "rectangle_area_ha": 99.264861567934261, "rectangle_angle_deg": 172.5883367271868, "rectangle_width_m": 996.09724865632597, "rectangle_height_m": 996.53785513248295, "rectangle_crs": "EPSG:32637" }, "geometry": { "type": "Polygon", "coordinates": [ [ [ 36.765234094856751, 51.451001334940095 ], [ 36.779382561170365, 51.452425864384821 ], [ 36.777102451210993, 51.461269925706162 ], [ 36.762951337078562, 51.459845090587855 ], [ 36.765234094856751, 51.451001334940095 ] ] ] } },
{ "type": "Feature", "properties": { "dataset_code": "KAA", "source_file": "КАА.kml", "placemark_index": 49, "organization_code": "KAA", "organization_name_raw": "КАА", "farm_name_raw": "Орошение Солнцево", "region_name_raw": "Курская область", "district_name_raw": "Солнцевский район", "field_external_key": "KAA:КУР-СОЛ-0010-02", "field_code_raw": "КУР-СОЛ-0010-02", "field_name_raw": "КУР-СОЛ-0010-02", "field_code_unique_status": "unique", "source_fid": "80", "declared_area_ha": 55.4, "geometry_area_ha": 55.396103, "area_diff_ha": -0.003897, "area_diff_pct": -0.007034, "area_quality_status": "ok", "geometry_type": "Polygon", "polygon_count": 1, "inner_ring_count": 0, "geometry_valid": true, "geometry_validity_reason": "Valid Geometry", "centroid_lon": 36.744100011999997, "centroid_lat": 51.493058782, "representative_lon": 36.744102499, "representative_lat": 51.493057391000001, "centroid_within_geometry": true, "weather_point_lon_candidate": 36.744100011999997, "weather_point_lat_candidate": 51.493058782, "active_2026_candidate": true, "active_reason": "kaa_crop_plan_present", "season_year_candidate": null, "crop_raw": "Подсолнечник", "crop_code_candidate": "sunflower", "crop_parameter_set_candidate_key": "aquacrop_v7_3_regional_sunflower_kursk_oblast", "regional_crop_parameter_set_candidate_key": "aquacrop_v7_3_regional_sunflower_kursk_oblast", "crop_parameter_candidate_status": "resolved_from_kml_region_kursk_oblast", "crop_parameter_candidate_comment_ru": "Кандидат выбран по культуре и признаку региона 'Курская область' из KAA.kml.", "sowing_date_raw": "", "calculation_ready": false, "calculation_blockers_json": [ "missing_sowing_date", "missing_soil_profile" ], "geometry_hash_sha256": "295ef09eb2bc6b0842b53716d38724dc65ab3bc23ad1d18ddf653bd17a7952b4", "source_attributes_json": { "ESRI_OID": "1496", "fid": "80", "is_experimental_production": "Нет", "source_fid": "80", "В аренде": "Нет", "Дата изменения": "20.11.2025 12:49:05", "Изменил": "esb", "Интенсивность": "MAX", "История": "2013: Пар, 2014: Пшеница озимая, 2015: Пшеница озимая, 2016: Кукуруза зерновая, 2017: Пар, 2018: Пшеница озимая, 2019: Соя, 2020: Соя, 2021: Пшеница яровая, 2022: Пар, Соя, 2023: Кукуруза зерновая, 2024: Кукуруза зерновая, 2025: Рапс яровой, 2026: Подсолнечник", "Культура": "Подсолнечник", "Название": "КУР-СОЛ-0010-02", "Область": "Курская область", "Опытное": "Нет", "План. хозяйство": "Орошение Солнцево", "Площадь (га)": "55.4", "Под оптимизацию": "Нет", "Пред. предшественник": "Кукуруза зерновая", "Предшественник": "Рапс яровой", "Район": "Солнцевский район", "Территория": "Орошение", "Технология": "Подсолнечник АТ гибридизация орошение MAS EX MAX_ Мультипликация", "Технология компании": "АТ семенная", "Тип посевов": "Семенные", "Хозяйство": "Орошение Солнцево" }, "rectangle_area_ha": 70.489622661788871, "rectangle_angle_deg": 128.75201057376034, "rectangle_width_m": 839.32524520152947, "rectangle_height_m": 839.83679824694991, "rectangle_crs": "EPSG:32637" }, "geometry": { "type": "Polygon", "coordinates": [ [ [ 36.745290925713206, 51.487773646886986 ], [ 36.752562650804251, 51.493799917115552 ], [ 36.742902168354732, 51.498342066719687 ], [ 36.735631032281418, 51.492315208312426 ], [ 36.745290925713206, 51.487773646886986 ] ] ] } },
{ "type": "Feature", "properties": { "dataset_code": "KAA", "source_file": "КАА.kml", "placemark_index": 50, "organization_code": "KAA", "organization_name_raw": "КАА", "farm_name_raw": "Орошение Горшечное", "region_name_raw": "Курская область", "district_name_raw": "Горшеченский район", "field_external_key": "KAA:КУР-ГОР-0060-04", "field_code_raw": "КУР-ГОР-0060-04", "field_name_raw": "КУР-ГОР-0060-04", "field_code_unique_status": "unique", "source_fid": "81", "declared_area_ha": 88.3, "geometry_area_ha": 88.295796, "area_diff_ha": -0.004204, "area_diff_pct": -0.004761, "area_quality_status": "ok", "geometry_type": "Polygon", "polygon_count": 1, "inner_ring_count": 0, "geometry_valid": true, "geometry_validity_reason": "Valid Geometry", "centroid_lon": 37.684911155000002, "centroid_lat": 51.47972372, "representative_lon": 37.684906601000002, "representative_lat": 51.479723153999998, "centroid_within_geometry": true, "weather_point_lon_candidate": 37.684911155000002, "weather_point_lat_candidate": 51.47972372, "active_2026_candidate": true, "active_reason": "kaa_crop_plan_present", "season_year_candidate": null, "crop_raw": "Подсолнечник", "crop_code_candidate": "sunflower", "crop_parameter_set_candidate_key": "aquacrop_v7_3_regional_sunflower_kursk_oblast", "regional_crop_parameter_set_candidate_key": "aquacrop_v7_3_regional_sunflower_kursk_oblast", "crop_parameter_candidate_status": "resolved_from_kml_region_kursk_oblast", "crop_parameter_candidate_comment_ru": "Кандидат выбран по культуре и признаку региона 'Курская область' из KAA.kml.", "sowing_date_raw": "", "calculation_ready": false, "calculation_blockers_json": [ "missing_sowing_date", "missing_soil_profile" ], "geometry_hash_sha256": "f35d99bc0f6474c78b50a5af13f336c40977b569f075be865187be5420d0ec1e", "source_attributes_json": { "ESRI_OID": "351", "fid": "81", "is_experimental_production": "Нет", "source_fid": "81", "В аренде": "Нет", "Дата изменения": "20.11.2025 12:49:02", "Изменил": "esb", "Интенсивность": "MAX", "История": "2013: Кукуруза зерновая, Пшеница озимая, 2014: Соя, 2015: Пшеница озимая, 2016: Соя, 2017: Соя, 2018: Сахарная свекла, Соя, 2019: Пшеница озимая, Пшеница яровая, 2020: Соя, 2021: Залежь, Соя, 2022: Кукуруза зерновая, Пар, 2023: Кукуруза зерновая, Соя, 2024: Кукуруза зерновая, 2025: Кукуруза зерновая, 2026: Подсолнечник", "Культура": "Подсолнечник", "Название": "КУР-ГОР-0060-04", "Область": "Курская область", "Опытное": "Нет", "План. хозяйство": "Орошение Горшечное", "Площадь (га)": "88.3", "Под оптимизацию": "Нет", "Пред. предшественник": "Кукуруза зерновая", "Предшественник": "Кукуруза зерновая", "Район": "Горшеченский район", "Рельеф": "Пригодно", "Территория": "Орошение", "Технология": "Подсолнечник АТ гибридизация орошение MAS EX MAX_ Мультипликация", "Технология компании": "АТ семенная", "Тип посевов": "Семенные", "Хозяйство": "Орошение Горшечное" }, "rectangle_area_ha": 112.2409768888667, "rectangle_angle_deg": 89.101201273379843, "rectangle_width_m": 1058.0345430569723, "rectangle_height_m": 1060.8441626543645, "rectangle_crs": "EPSG:32637" }, "geometry": { "type": "Polygon", "coordinates": [ [ [ 37.67752882154992, 51.474806943844676 ], [ 37.692793382184981, 51.47512775200525 ], [ 37.692282486136072, 51.484635029690388 ], [ 37.677014756884759, 51.484314132735001 ], [ 37.67752882154992, 51.474806943844676 ] ] ] } },
{ "type": "Feature", "properties": { "dataset_code": "KAA", "source_file": "КАА.kml", "placemark_index": 51, "organization_code": "KAA", "organization_name_raw": "КАА", "farm_name_raw": "Орошение Солнцево", "region_name_raw": "Курская область", "district_name_raw": "Солнцевский район", "field_external_key": "KAA:КУР-СОЛ-0017-02", "field_code_raw": "КУР-СОЛ-0017-02", "field_name_raw": "КУР-СОЛ-0017-02", "field_code_unique_status": "unique", "source_fid": "82", "declared_area_ha": 137.5, "geometry_area_ha": 137.499619, "area_diff_ha": -0.000381, "area_diff_pct": -0.000277, "area_quality_status": "ok", "geometry_type": "Polygon", "polygon_count": 1, "inner_ring_count": 0, "geometry_valid": true, "geometry_validity_reason": "Valid Geometry", "centroid_lon": 36.730422245, "centroid_lat": 51.537023143, "representative_lon": 36.730422059, "representative_lat": 51.536971361, "centroid_within_geometry": true, "weather_point_lon_candidate": 36.730422245, "weather_point_lat_candidate": 51.537023143, "active_2026_candidate": true, "active_reason": "kaa_crop_plan_present", "season_year_candidate": null, "crop_raw": "Пшеница яровая", "crop_code_candidate": "spring_wheat", "crop_parameter_set_candidate_key": "aquacrop_v7_3_regional_spring_wheat_kursk_oblast", "regional_crop_parameter_set_candidate_key": "aquacrop_v7_3_regional_spring_wheat_kursk_oblast", "crop_parameter_candidate_status": "resolved_from_kml_region_kursk_oblast", "crop_parameter_candidate_comment_ru": "Кандидат выбран по культуре и признаку региона 'Курская область' из KAA.kml.", "sowing_date_raw": "", "calculation_ready": false, "calculation_blockers_json": [ "missing_sowing_date", "missing_soil_profile" ], "geometry_hash_sha256": "ee19400e61ddde6c8adb40b04b3a40aac04833be5ff8edc11bec822ec8e3e565", "source_attributes_json": { "ESRI_OID": "1150", "fid": "82", "is_experimental_production": "Нет", "source_fid": "82", "В аренде": "Нет", "Вид семян": "Собственные", "Дата изменения": "10.11.2025 9:55:24", "Изменил": "GEODATA", "Интенсивность": "MAX", "История": "2013: Ячмень яровой пив., 2014: Соя, 2015: Пшеница озимая, 2016: Соя, 2017: Пшеница яровая, 2018: Сахарная свекла, Соя, 2019: Пшеница озимая, Пшеница яровая, 2020: Соя, 2021: Соя, 2022: Пар, Пшеница яровая, 2023: Кукуруза зерновая, 2024: Кукуруза зерновая, 2025: Подсолнечник, 2026: Пшеница яровая", "Итого семян (т; п.ед.)": "33", "Культура": "Пшеница яровая", "Мех.состав (пески; карбонаты)": "Да", "Название": "КУР-СОЛ-0017-02", "Направление склона": "ЮЗ, СВ", "Норма высева (кг/га; п.ед./га)": "240", "Область": "Курская область", "Опытное": "Нет", "План. хозяйство": "Орошение Солнцево", "Площадь (га)": "137.5", "Под оптимизацию": "Нет", "Пред. предшественник": "Кукуруза зерновая", "Предшественник": "Подсолнечник", "Район": "Солнцевский район", "Рельеф": "Условно пригодно", "Семена": "Семена яровой пшеницы КВС АКВИЛОН РС1 (соб.)", "Сред. норма высева (кг/га; п.ед./га)": "0", "Территория": "Орошение", "Технология": "Пшеница яровая АТ семенная орошение MAX", "Технология компании": "АТ семенная", "Тип посевов": "Семенные", "Уклон (град.)": "1.6", "Хозяйство": "Орошение Солнцево" }, "rectangle_area_ha": 175.01512763908875, "rectangle_angle_deg": 48.135706947991935, "rectangle_width_m": 1322.8049172228202, "rectangle_height_m": 1323.0607579424977, "rectangle_crs": "EPSG:32637" }, "geometry": { "type": "Polygon", "coordinates": [ [ [ 36.716942879958864, 51.537220508478264 ], [ 36.730101809327039, 51.528616413516787 ], [ 36.743902423052084, 51.536823499606534 ], [ 36.730743631975585, 51.545429134951469 ], [ 36.716942879958864, 51.537220508478264 ] ] ] } },
{ "type": "Feature", "properties": { "dataset_code": "KAA", "source_file": "КАА.kml", "placemark_index": 52, "organization_code": "KAA", "organization_name_raw": "КАА", "farm_name_raw": "Орошение Солнцево", "region_name_raw": "Курская область", "district_name_raw": "Солнцевский район", "field_external_key": "KAA:КУР-СОЛ-0031-3", "field_code_raw": "КУР-СОЛ-0031-3", "field_name_raw": "КУР-СОЛ-0031-3", "field_code_unique_status": "unique", "source_fid": "83", "declared_area_ha": 43.18, "geometry_area_ha": 43.184625, "area_diff_ha": 0.004625, "area_diff_pct": 0.01071, "area_quality_status": "ok", "geometry_type": "Polygon", "polygon_count": 1, "inner_ring_count": 0, "geometry_valid": true, "geometry_validity_reason": "Valid Geometry", "centroid_lon": 36.775726084, "centroid_lat": 51.469165764000003, "representative_lon": 36.774784955999998, "representative_lat": 51.469837020999996, "centroid_within_geometry": true, "weather_point_lon_candidate": 36.775726084, "weather_point_lat_candidate": 51.469165764000003, "active_2026_candidate": true, "active_reason": "kaa_crop_plan_present", "season_year_candidate": null, "crop_raw": "Пшеница яровая", "crop_code_candidate": "spring_wheat", "crop_parameter_set_candidate_key": "aquacrop_v7_3_regional_spring_wheat_kursk_oblast", "regional_crop_parameter_set_candidate_key": "aquacrop_v7_3_regional_spring_wheat_kursk_oblast", "crop_parameter_candidate_status": "resolved_from_kml_region_kursk_oblast", "crop_parameter_candidate_comment_ru": "Кандидат выбран по культуре и признаку региона 'Курская область' из KAA.kml.", "sowing_date_raw": "", "calculation_ready": false, "calculation_blockers_json": [ "missing_sowing_date", "missing_soil_profile" ], "geometry_hash_sha256": "aa50c58ce1513ce107a891bca1f155805b2f308ad98ebdc3b340985033150272", "source_attributes_json": { "ESRI_OID": "548", "fid": "83", "is_experimental_production": "Нет", "source_fid": "83", "В аренде": "Нет", "Вид семян": "Собственные", "Дата изменения": "03.03.2026 13:10:14", "Изменил": "mow\\udselis", "Интенсивность": "MAX", "История": "2016: Пшеница яровая, 2017: Соя, 2018: Пшеница яровая, 2019: Соя, 2020: Кукуруза зерновая, 2021: Кукуруза зерновая, 2022: Кукуруза зерновая, 2023: Подсолнечник, 2024: Кукуруза зерновая, 2025: Соя, 2026: Пшеница яровая", "Итого семян (т; п.ед.)": "10.36", "Культура": "Пшеница яровая", "Мех.состав (пески; карбонаты)": "Нет", "Название": "КУР-СОЛ-0031-3", "Направление склона": "СВ, СЗ", "Норма высева (кг/га; п.ед./га)": "240", "Область": "Курская область", "Опытное": "Нет", "План. хозяйство": "Орошение Солнцево", "Площадь (га)": "43.18", "Под оптимизацию": "Нет", "Пред. предшественник": "Кукуруза зерновая", "Предшественник": "Соя", "Район": "Солнцевский район", "Рельеф": "Непригодно", "Семена": "Семена яровой пшеницы КВС АКВИЛОН РС1 (соб.)", "Сред. норма высева (кг/га; п.ед./га)": "0", "Территория": "Орошение", "Технология": "Пшеница яровая АТ семенная орошение MAX", "Технология компании": "АТ семенная", "Уклон (град.)": "1.3", "Хозяйство": "Орошение Солнцево" }, "rectangle_area_ha": 62.209942960324945, "rectangle_angle_deg": 68.014544166673943, "rectangle_width_m": 645.54478251282126, "rectangle_height_m": 963.68129129894078, "rectangle_crs": "EPSG:32637" }, "geometry": { "type": "Polygon", "coordinates": [ [ [ 36.767480843273347, 51.470110650128618 ], [ 36.771219796099984, 51.464798417986621 ], [ 36.783916879001609, 51.468283721851982 ], [ 36.780179091624106, 51.473596370416828 ], [ 36.767480843273347, 51.470110650128618 ] ] ] } },
{ "type": "Feature", "properties": { "dataset_code": "KAA", "source_file": "КАА.kml", "placemark_index": 53, "organization_code": "KAA", "organization_name_raw": "КАА", "farm_name_raw": "Орошение Солнцево", "region_name_raw": "Курская область", "district_name_raw": "Солнцевский район", "field_external_key": "KAA:КУР-СОЛ-0011-04", "field_code_raw": "КУР-СОЛ-0011-04", "field_name_raw": "КУР-СОЛ-0011-04", "field_code_unique_status": "unique", "source_fid": "84", "declared_area_ha": 57.22, "geometry_area_ha": 57.219473, "area_diff_ha": -0.000527, "area_diff_pct": -0.000922, "area_quality_status": "ok", "geometry_type": "Polygon", "polygon_count": 1, "inner_ring_count": 0, "geometry_valid": true, "geometry_validity_reason": "Valid Geometry", "centroid_lon": 36.754675813, "centroid_lat": 51.480669142000004, "representative_lon": 36.754709898999998, "representative_lat": 51.480818755999998, "centroid_within_geometry": true, "weather_point_lon_candidate": 36.754675813, "weather_point_lat_candidate": 51.480669142000004, "active_2026_candidate": true, "active_reason": "kaa_crop_plan_present", "season_year_candidate": null, "crop_raw": "Кукуруза зерновая", "crop_code_candidate": "maize_grain", "crop_parameter_set_candidate_key": "aquacrop_v7_3_regional_maize_grain_kursk_oblast", "regional_crop_parameter_set_candidate_key": "aquacrop_v7_3_regional_maize_grain_kursk_oblast", "crop_parameter_candidate_status": "resolved_from_kml_region_kursk_oblast", "crop_parameter_candidate_comment_ru": "Кандидат выбран по культуре и признаку региона 'Курская область' из KAA.kml.", "sowing_date_raw": "", "calculation_ready": false, "calculation_blockers_json": [ "missing_sowing_date", "missing_soil_profile" ], "geometry_hash_sha256": "a1711edacd840976dbe106b1c9a4f789d767b3d3ac10bb7df464f51becef2766", "source_attributes_json": { "ESRI_OID": "1448", "fid": "84", "is_experimental_production": "Нет", "source_fid": "84", "В аренде": "Нет", "Дата изменения": "10.11.2025 9:55:35", "Изменил": "GEODATA", "Интенсивность": "MAX", "История": "2013: Рожь озимая, 2014: Соя, 2015: Пшеница озимая, 2016: Кукуруза зерновая, 2017: Пар, 2018: Пшеница озимая, 2019: Пар, 2020: Кукуруза зерновая, 2021: Кукуруза зерновая, 2022: Кукуруза зерновая, Соя, 2023: Кукуруза зерновая, 2024: Подсолнечник, 2025: Кукуруза зерновая, 2026: Кукуруза зерновая", "Культура": "Кукуруза зерновая", "Мех.состав (пески; карбонаты)": "Нет", "Название": "КУР-СОЛ-0011-04", "Направление склона": "З", "Область": "Курская область", "Опытное": "Нет", "План. хозяйство": "Орошение Солнцево", "Площадь (га)": "57.22", "Под оптимизацию": "Нет", "Пред. предшественник": "Подсолнечник", "Предшественник": "Кукуруза зерновая", "Район": "Солнцевский район", "Рельеф": "Пригодно", "Территория": "Орошение", "Технология": "Кукуруза зерновая АТ орошение MAS MAX_Кораген", "Технология компании": "АТ семенная", "Тип посевов": "Семенные", "Уклон (град.)": "1.2", "Хозяйство": "Орошение Солнцево" }, "rectangle_area_ha": 70.720028968446741, "rectangle_angle_deg": 168.17843803949955, "rectangle_width_m": 830.44985893066041, "rectangle_height_m": 851.58698274102062, "rectangle_crs": "EPSG:32637" }, "geometry": { "type": "Polygon", "coordinates": [ [ [ 36.750441141825831, 51.476115325562589 ], [ 36.762061419982523, 51.477867786082655 ], [ 36.759184011803349, 51.48530895249521 ], [ 36.747561969559101, 51.483556187017768 ], [ 36.750441141825831, 51.476115325562589 ] ] ] } },
{ "type": "Feature", "properties": { "dataset_code": "KAA", "source_file": "КАА.kml", "placemark_index": 54, "organization_code": "KAA", "organization_name_raw": "КАА", "farm_name_raw": "Орошение Солнцево", "region_name_raw": "Курская область", "district_name_raw": "Солнцевский район", "field_external_key": "KAA:КУР-СОЛ-0011-03", "field_code_raw": "КУР-СОЛ-0011-03", "field_name_raw": "КУР-СОЛ-0011-03", "field_code_unique_status": "unique", "source_fid": "86", "declared_area_ha": 56.55, "geometry_area_ha": 56.554152, "area_diff_ha": 0.004152, "area_diff_pct": 0.007342, "area_quality_status": "ok", "geometry_type": "Polygon", "polygon_count": 1, "inner_ring_count": 0, "geometry_valid": true, "geometry_validity_reason": "Valid Geometry", "centroid_lon": 36.74338493, "centroid_lat": 51.478963769000003, "representative_lon": 36.743288887, "representative_lat": 51.47913371, "centroid_within_geometry": true, "weather_point_lon_candidate": 36.74338493, "weather_point_lat_candidate": 51.478963769000003, "active_2026_candidate": true, "active_reason": "kaa_crop_plan_present", "season_year_candidate": null, "crop_raw": "Кукуруза зерновая", "crop_code_candidate": "maize_grain", "crop_parameter_set_candidate_key": "aquacrop_v7_3_regional_maize_grain_kursk_oblast", "regional_crop_parameter_set_candidate_key": "aquacrop_v7_3_regional_maize_grain_kursk_oblast", "crop_parameter_candidate_status": "resolved_from_kml_region_kursk_oblast", "crop_parameter_candidate_comment_ru": "Кандидат выбран по культуре и признаку региона 'Курская область' из KAA.kml.", "sowing_date_raw": "", "calculation_ready": false, "calculation_blockers_json": [ "missing_sowing_date", "missing_soil_profile" ], "geometry_hash_sha256": "7822124218e2f7436f53ee40795bbe07c10af2aa1342c13a0b501c528d2ae650", "source_attributes_json": { "ESRI_OID": "1236", "fid": "86", "is_experimental_production": "Нет", "source_fid": "86", "В аренде": "Нет", "Дата изменения": "10.11.2025 9:55:06", "Изменил": "GEODATA", "Интенсивность": "MAX", "История": "2013: Рожь озимая, 2014: Соя, 2015: Пшеница озимая, 2016: Кукуруза зерновая, 2017: Пар, 2018: Пшеница озимая, 2019: Пар, 2020: Кукуруза зерновая, 2021: Кукуруза зерновая, 2022: Кукуруза зерновая, 2023: Соя, 2024: Пар, Подсолнечник, 2025: Кукуруза зерновая, 2026: Кукуруза зерновая", "Культура": "Кукуруза зерновая", "Мех.состав (пески; карбонаты)": "Нет", "Название": "КУР-СОЛ-0011-03", "Направление склона": "З", "Область": "Курская область", "Опытное": "Нет", "План. хозяйство": "Орошение Солнцево", "Площадь (га)": "56.55", "Под оптимизацию": "Нет", "Пред. предшественник": "Подсолнечник", "Предшественник": "Кукуруза зерновая", "Район": "Солнцевский район", "Рельеф": "Пригодно", "Территория": "Орошение", "Технология": "Кукуруза зерновая АТ орошение MAS MAX_Кораген", "Технология компании": "АТ семенная", "Тип посевов": "Семенные", "Уклон (град.)": "1.2", "Хозяйство": "Орошение Солнцево" }, "rectangle_area_ha": 69.786809610854178, "rectangle_angle_deg": 168.17843803921346, "rectangle_width_m": 825.08757478115149, "rectangle_height_m": 845.81093866750598, "rectangle_crs": "EPSG:32637" }, "geometry": { "type": "Polygon", "coordinates": [ [ [ 36.747570638984257, 51.483533785881633 ], [ 36.736024563356061, 51.481791208215078 ], [ 36.738885947725898, 51.474401116991046 ], [ 36.750430283107583, 51.476143393461143 ], [ 36.747570638984257, 51.483533785881633 ] ] ] } },
{ "type": "Feature", "properties": { "dataset_code": "KAA", "source_file": "КАА.kml", "placemark_index": 55, "organization_code": "KAA", "organization_name_raw": "КАА", "farm_name_raw": "Орошение Горшечное", "region_name_raw": "Курская область", "district_name_raw": "Горшеченский район", "field_external_key": "KAA:КУР-ГОР-0064-03", "field_code_raw": "КУР-ГОР-0064-03", "field_name_raw": "КУР-ГОР-0064-03", "field_code_unique_status": "unique", "source_fid": "87", "declared_area_ha": 24.2, "geometry_area_ha": 24.203541, "area_diff_ha": 0.003541, "area_diff_pct": 0.014634, "area_quality_status": "ok", "geometry_type": "Polygon", "polygon_count": 1, "inner_ring_count": 0, "geometry_valid": true, "geometry_validity_reason": "Valid Geometry", "centroid_lon": 37.65977779, "centroid_lat": 51.450126791000002, "representative_lon": 37.659665679, "representative_lat": 51.450607728999998, "centroid_within_geometry": true, "weather_point_lon_candidate": 37.65977779, "weather_point_lat_candidate": 51.450126791000002, "active_2026_candidate": true, "active_reason": "kaa_crop_plan_present", "season_year_candidate": null, "crop_raw": "Соя", "crop_code_candidate": "soybean", "crop_parameter_set_candidate_key": "aquacrop_v7_3_regional_soybean_kursk_oblast", "regional_crop_parameter_set_candidate_key": "aquacrop_v7_3_regional_soybean_kursk_oblast", "crop_parameter_candidate_status": "resolved_from_kml_region_kursk_oblast", "crop_parameter_candidate_comment_ru": "Кандидат выбран по культуре и признаку региона 'Курская область' из KAA.kml.", "sowing_date_raw": "", "calculation_ready": false, "calculation_blockers_json": [ "missing_sowing_date", "missing_soil_profile" ], "geometry_hash_sha256": "35f54ba34a6bc4b050acf9b9ab59f7a083425b384b1248d1022c77c66dd0c6ae", "source_attributes_json": { "ESRI_OID": "1829", "fid": "87", "is_experimental_production": "Нет", "source_fid": "87", "В аренде": "Нет", "Вид семян": "Собственные", "Дата изменения": "10.11.2025 9:56:13", "Изменил": "GEODATA", "Интенсивность": "MAX", "История": "2013: Рожь озимая, 2014: Соя, 2015: Пшеница озимая, 2016: Соя, 2017: Соя, 2018: Пшеница яровая, 2019: Соя, 2020: Соя, 2021: Залежь, Пшеница яровая, 2022: Кукуруза зерновая, Соя, 2023: Соя, 2024: Кукуруза зерновая, 2025: Кукуруза зерновая, 2026: Соя", "Итого семян (т; п.ед.)": "2.9", "Культура": "Соя", "Мех.состав (пески; карбонаты)": "Нет", "Название": "КУР-ГОР-0064-03", "Направление склона": "Ю, З", "Норма высева (кг/га; п.ед./га)": "120", "Область": "Курская область", "Опытное": "Нет", "План. хозяйство": "Орошение Горшечное", "Площадь (га)": "24.2", "Под оптимизацию": "Нет", "Пред. предшественник": "Кукуруза зерновая", "Предшественник": "Кукуруза зерновая", "Район": "Горшеченский район", "Рельеф": "Пригодно", "Семена": "Семена сои ЕС ФАВОР РС1 (соб.)", "Сред. норма высева (кг/га; п.ед./га)": "0", "Территория": "Орошение", "Технология": "Соя АТ семенная орошение MAX", "Технология компании": "АТ семенная", "Тип посевов": "Семенные", "Уклон (град.)": "1.6", "Хозяйство": "Орошение Горшечное" }, "rectangle_area_ha": 32.711887503424684, "rectangle_angle_deg": 64.772638906156658, "rectangle_width_m": 442.23587117809802, "rectangle_height_m": 739.69321883097291, "rectangle_crs": "EPSG:32637" }, "geometry": { "type": "Polygon", "coordinates": [ [ [ 37.653669320605097, 51.450340006050091 ], [ 37.656486630084636, 51.446774872113458 ], [ 37.666030279056827, 51.44971883981232 ], [ 37.663213523296413, 51.453284205434258 ], [ 37.653669320605097, 51.450340006050091 ] ] ] } }
]
}
