{
"type": "FeatureCollection",
"name": "sp_fields",
"crs": { "type": "name", "properties": { "name": "urn:ogc:def:crs:OGC:1.3:CRS84" } },
"features": [
{ "type": "Feature", "properties": { "dataset_code": "SP", "source_file": "СП(2).kml", "placemark_index": 1, "organization_code": "SP", "organization_name_raw": "СП / Спасское", "farm_name_raw": "", "region_name_raw": "", "district_name_raw": "", "field_external_key": "SP:4.17", "field_code_raw": "4.17", "field_name_raw": "4.17", "field_code_unique_status": "unique", "source_fid": "1", "declared_area_ha": 85.86, "geometry_area_ha": 85.861181, "area_diff_ha": 0.001181, "area_diff_pct": 0.001376, "area_quality_status": "ok", "geometry_type": "Polygon", "polygon_count": 1, "inner_ring_count": 0, "geometry_valid": true, "geometry_validity_reason": "Valid Geometry", "centroid_lon": 38.505242176000003, "centroid_lat": 54.083381486999997, "representative_lon": 38.505300173000002, "representative_lat": 54.083267041, "centroid_within_geometry": true, "weather_point_lon_candidate": 38.505242176000003, "weather_point_lat_candidate": 54.083381486999997, "active_2026_candidate": false, "active_reason": "sp_no_irrigation_2026_flag_not_active", "season_year_candidate": null, "crop_raw": "", "crop_code_candidate": "", "crop_parameter_set_candidate_key": "", "regional_crop_parameter_set_candidate_key": "", "crop_parameter_candidate_status": "no_crop_in_kml", "crop_parameter_candidate_comment_ru": "В СП(2).kml культура не задана для этого поля.", "sowing_date_raw": "", "calculation_ready": false, "calculation_blockers_json": [ ], "geometry_hash_sha256": "31fd95df1dd86e8d2ac6252da805ccfad58f68c82904eaa1be9c22f2d584150c", "source_attributes_json": { "area_": "85.86", "fid": "1", "kml_name": "4.17" } }, "geometry": { "type": "Polygon", "coordinates": [ [ [ 38.505275040816997, 54.087903025205399 ], [ 38.505273798159401, 54.088127614757298 ], [ 38.505819430189597, 54.088117841265401 ], [ 38.506362702177, 54.088086478554203 ], [ 38.506901145137299, 54.088033669160701 ], [ 38.507432312055798, 54.087959653088703 ], [ 38.507953789018998, 54.087864766717402 ], [ 38.508463206194897, 54.087749441270901 ], [ 38.508958248612402, 54.087614200856301 ], [ 38.509436666689801, 54.087459660079801 ], [ 38.509896286464603, 54.087286521251002 ], [ 38.510335019478397, 54.087095571188101 ], [ 38.510750872271302, 54.086887677639297 ], [ 38.511141955443001, 54.086663785336398 ], [ 38.511506492238603, 54.086424911697897 ], [ 38.511842826621098, 54.086172142202599 ], [ 38.512149430793301, 54.085906625453397 ], [ 38.512424912134499, 54.085629567954904 ], [ 38.512668019522302, 54.085342228627802 ], [ 38.512877649007898, 54.085045913085501 ], [ 38.513052848822902, 54.0847419676995 ], [ 38.513192823692002, 54.084431773478698 ], [ 38.513296938433598, 54.084116739793302 ], [ 38.5133647208322, 54.083798297969501 ], [ 38.513395863769603, 54.083477894784998 ], [ 38.5133902266045, 54.0831569858953 ], [ 38.513008130730299, 54.083160434779202 ], [ 38.512969057498204, 54.082866361603799 ], [ 38.512897566381, 54.082574402884397 ], [ 38.512793960258698, 54.082285792769198 ], [ 38.512658677740603, 54.082001751226102 ], [ 38.512492291300603, 54.081723478886701 ], [ 38.512295504847202, 54.081452151973401 ], [ 38.512069150738498, 54.081188917328603 ], [ 38.511814186255997, 54.080934887569398 ], [ 38.5121366437779, 54.080814510806 ], [ 38.511827030753501, 54.080548150259297 ], [ 38.511487455219402, 54.080294729385798 ], [ 38.511119476552899, 54.080055411537202 ], [ 38.510724784430302, 54.0798312953047 ], [ 38.5103051910678, 54.079623409480298 ], [ 38.509862622900798, 54.079432708336803 ], [ 38.509647430923003, 54.0796182596508 ], [ 38.509221003457199, 54.0794608106334 ], [ 38.508778286985198, 54.079319762853103 ], [ 38.508321103356501, 54.079195696699003 ], [ 38.507851333897499, 54.0790891226791 ], [ 38.507370911675501, 54.079000479321699 ], [ 38.506881813550102, 54.078930131372502 ], [ 38.506386052046103, 54.0788783682953 ], [ 38.505885667080101, 54.0788454030818 ], [ 38.5053827175743, 54.078831371376197 ], [ 38.504879272993698, 54.078836330917497 ], [ 38.504834868806498, 54.0786128516012 ], [ 38.504279779121603, 54.078642937816603 ], [ 38.503729523955798, 54.078695408896301 ], [ 38.503186710494496, 54.078770016230898 ], [ 38.502653910699799, 54.078866406325403 ], [ 38.502133649136098, 54.0789841224721 ], [ 38.501628391017597, 54.079122606912598 ], [ 38.501140530537398, 54.079281203478203 ], [ 38.500672379530201, 54.0794591606954 ], [ 38.500226156524199, 54.079655635343997 ], [ 38.4998039762324, 54.079869696448803 ], [ 38.499407839534904, 54.080100329687497 ], [ 38.499039623997, 54.080346442193203 ], [ 38.498701074970803, 54.080606867729003 ], [ 38.4983937973197, 54.080880372211404 ], [ 38.498119247808297, 54.081165659553797 ], [ 38.497878728189697, 54.081461377805603 ], [ 38.497673379027503, 54.081766125555497 ], [ 38.497504174278902, 54.082078458569796 ], [ 38.4973719166655, 54.082396896634798 ], [ 38.497277233854902, 54.082719930568999 ], [ 38.497220575470301, 54.0830460293746 ], [ 38.497202210943598, 54.083373647491896 ], [ 38.497222228220899, 54.0837012321239 ], [ 38.497280533329203, 54.084027230596 ], [ 38.497376850804301, 54.084350097715799 ], [ 38.497510724979698, 54.084668303097402 ], [ 38.497681522130598, 54.084980338417203 ], [ 38.497888433462002, 54.085284724565298 ], [ 38.498130478928303, 54.085580018658597 ], [ 38.498406511866698, 54.0858648208836 ], [ 38.498715224420501, 54.086137781135001 ], [ 38.499055153729998, 54.086397605418597 ], [ 38.499424688859499, 54.086643061990003 ], [ 38.499822078427698, 54.086872987196799 ], [ 38.500245438907598, 54.087086290998997 ], [ 38.500692763553701, 54.087281962141098 ], [ 38.500910112219501, 54.087097265710703 ], [ 38.501344028605402, 54.087261425428402 ], [ 38.501795638714398, 54.087408167766498 ], [ 38.502262922878302, 54.087536836418899 ], [ 38.502743791265303, 54.087646855908801 ], [ 38.503236093232701, 54.087737734165501 ], [ 38.503737626952997, 54.087809064726599 ], [ 38.504246149270003, 54.087860528557798 ], [ 38.504759385740698, 54.0878918954811 ], [ 38.505275040816997, 54.087903025205399 ] ] ] } },
{ "type": "Feature", "properties": { "dataset_code": "SP", "source_file": "СП(2).kml", "placemark_index": 2, "organization_code": "SP", "organization_name_raw": "СП / Спасское", "farm_name_raw": "", "region_name_raw": "", "district_name_raw": "", "field_external_key": "SP:4.18", "field_code_raw": "4.18", "field_name_raw": "4.18", "field_code_unique_status": "unique", "source_fid": "2", "declared_area_ha": 54.71, "geometry_area_ha": 54.705718, "area_diff_ha": -0.004282, "area_diff_pct": -0.007828, "area_quality_status": "ok", "geometry_type": "Polygon", "polygon_count": 1, "inner_ring_count": 0, "geometry_valid": true, "geometry_validity_reason": "Valid Geometry", "centroid_lon": 38.497505766000003, "centroid_lat": 54.073226161000001, "representative_lon": 38.497666457000001, "representative_lat": 54.07319265, "centroid_within_geometry": true, "weather_point_lon_candidate": 38.497505766000003, "weather_point_lat_candidate": 54.073226161000001, "active_2026_candidate": false, "active_reason": "sp_no_irrigation_2026_flag_not_active", "season_year_candidate": null, "crop_raw": "", "crop_code_candidate": "", "crop_parameter_set_candidate_key": "", "regional_crop_parameter_set_candidate_key": "", "crop_parameter_candidate_status": "no_crop_in_kml", "crop_parameter_candidate_comment_ru": "В СП(2).kml культура не задана для этого поля.", "sowing_date_raw": "", "calculation_ready": false, "calculation_blockers_json": [ ], "geometry_hash_sha256": "7a2a07d3a2c6fa79bb69ca3644cda4b813817cb7b03dbc0c333b4ec7bda28d43", "source_attributes_json": { "area_": "54.71", "fid": "2", "kml_name": "4.18" } }, "geometry": { "type": "Polygon", "coordinates": [ [ [ 38.493698788835701, 54.0763441138958 ], [ 38.493920964837798, 54.076161437583302 ], [ 38.494244016554397, 54.076288382131402 ], [ 38.494580135821998, 54.076402995759103 ], [ 38.494927963533002, 54.076504814990699 ], [ 38.495286093200498, 54.076593428085701 ], [ 38.495653076648701, 54.076668476705002 ], [ 38.496027429872399, 54.0767296573609 ], [ 38.496407639042097, 54.076776722645498 ], [ 38.496792166629497, 54.076809482231297 ], [ 38.497179457630097, 54.076827803642203 ], [ 38.497567945855899, 54.0768316127891 ], [ 38.497573723375403, 54.077056178433402 ], [ 38.498012113003199, 54.0770435520338 ], [ 38.498448049673698, 54.077013535207897 ], [ 38.498879540616102, 54.076966265172601 ], [ 38.499304613399303, 54.076901958012797 ], [ 38.499721324955097, 54.076820907693097 ], [ 38.500127770467103, 54.076723484712197 ], [ 38.5005220920835, 54.076610134408803 ], [ 38.500902487414898, 54.076481374923503 ], [ 38.501267217777396, 54.0763377948293 ], [ 38.501614616143002, 54.076180050438701 ], [ 38.501943094761899, 54.076008862801501 ], [ 38.502251152421401, 54.075825014407499 ], [ 38.502537381306801, 54.075629345606799 ], [ 38.502800473435599, 54.075422750766798 ], [ 38.503039226633, 54.075206174182 ], [ 38.503252550023099, 54.074980605755897 ], [ 38.503439469010097, 54.074747076473997 ], [ 38.503599129726702, 54.0745066536902 ], [ 38.503730802929603, 54.074260436246703 ], [ 38.5038338873253, 54.074009549449798 ], [ 38.503907912309103, 54.073755139926497 ], [ 38.5039525401071, 54.073498370382197 ], [ 38.503967567310298, 54.073240414286602 ], [ 38.503952925794302, 54.072982450510601 ], [ 38.503571904042197, 54.0729975254945 ], [ 38.503529358815797, 54.072751920142998 ], [ 38.5034582410116, 54.072508612371102 ], [ 38.503358886781001, 54.072268750517999 ], [ 38.503231765519899, 54.072033466639702 ], [ 38.503077477645597, 54.071803871167297 ], [ 38.502896751754299, 54.071581047667301 ], [ 38.502690441175602, 54.071366047729398 ], [ 38.502459519938498, 54.071159886005198 ], [ 38.502205078169403, 54.070963535421598 ], [ 38.502500658589298, 54.070821340184096 ], [ 38.502212285447399, 54.070627690742299 ], [ 38.501902384038303, 54.070445909403503 ], [ 38.501572363100202, 54.070276822346102 ], [ 38.501223722756698, 54.0701211980452 ], [ 38.500858047699403, 54.069979743781801 ], [ 38.500476999986397, 54.0698531024305 ], [ 38.500082311491603, 54.069741849539803 ], [ 38.499675776036803, 54.069646490718199 ], [ 38.499259241243699, 54.069567459338003 ], [ 38.498834600142303, 54.069505114567498 ], [ 38.498403782573803, 54.0694597397395 ], [ 38.497968746426501, 54.0694315410651 ], [ 38.497531468745301, 54.069420646697097 ], [ 38.497093936753899, 54.069427106147998 ], [ 38.496658138831499, 54.069450890064999 ], [ 38.496226055483802, 54.069491890363501 ], [ 38.495799650349703, 54.069549920717897 ], [ 38.495380861284701, 54.069624717407102 ], [ 38.4949715915604, 54.069715940512701 ], [ 38.4945737012211, 54.069823175461998 ], [ 38.4941889986357, 54.069945934911097 ], [ 38.493819232283599, 54.070083660957401 ], [ 38.493466082812098, 54.070235727674003 ], [ 38.493131155400299, 54.070401443951603 ], [ 38.492815972465699, 54.0705800566381 ], [ 38.492521966744903, 54.070770753958897 ], [ 38.492250474781201, 54.070972669204203 ], [ 38.492557814447999, 54.071105963352302 ], [ 38.492323776201701, 54.0713064967088 ], [ 38.492113337192301, 54.071515881851603 ], [ 38.491927461777699, 54.071733159614404 ], [ 38.491767001834504, 54.071957334660702 ], [ 38.491632692849102, 54.072187380041598 ], [ 38.491525150542003, 54.0724222418986 ], [ 38.491444868039899, 54.072660844290603 ], [ 38.491392213608599, 54.072902094122099 ], [ 38.491367428957403, 54.0731448861495 ], [ 38.491370628123001, 54.073388108045201 ], [ 38.490989071019698, 54.073397444438001 ], [ 38.491020214131098, 54.073644434127502 ], [ 38.491078520634503, 54.073889716685599 ], [ 38.491163745655399, 54.074132259972899 ], [ 38.491275531030197, 54.0743710433592 ], [ 38.491413406805499, 54.074605062019103 ], [ 38.491576793208999, 54.074833331160903 ], [ 38.4917650030823, 54.075054890172197 ], [ 38.491977244766701, 54.075268806663701 ], [ 38.492212625429701, 54.075474180394302 ], [ 38.492470154817397, 54.075670147061402 ], [ 38.492748749418901, 54.075855881939802 ], [ 38.493047237022999, 54.076030603354397 ], [ 38.493364361649803, 54.076193575971601 ], [ 38.493698788835701, 54.0763441138958 ] ] ] } },
{ "type": "Feature", "properties": { "dataset_code": "SP", "source_file": "СП(2).kml", "placemark_index": 3, "organization_code": "SP", "organization_name_raw": "СП / Спасское", "farm_name_raw": "", "region_name_raw": "", "district_name_raw": "", "field_external_key": "SP:4.25", "field_code_raw": "4.25", "field_name_raw": "4.25", "field_code_unique_status": "unique", "source_fid": "3", "declared_area_ha": 70.72, "geometry_area_ha": 70.716817, "area_diff_ha": -0.003183, "area_diff_pct": -0.004501, "area_quality_status": "ok", "geometry_type": "Polygon", "polygon_count": 1, "inner_ring_count": 0, "geometry_valid": true, "geometry_validity_reason": "Valid Geometry", "centroid_lon": 38.516102891000003, "centroid_lat": 54.064124737999997, "representative_lon": 38.516104606, "representative_lat": 54.06415622, "centroid_within_geometry": true, "weather_point_lon_candidate": 38.516102891000003, "weather_point_lat_candidate": 54.064124737999997, "active_2026_candidate": false, "active_reason": "sp_no_irrigation_2026_flag_not_active", "season_year_candidate": null, "crop_raw": "", "crop_code_candidate": "", "crop_parameter_set_candidate_key": "", "regional_crop_parameter_set_candidate_key": "", "crop_parameter_candidate_status": "no_crop_in_kml", "crop_parameter_candidate_comment_ru": "В СП(2).kml культура не задана для этого поля.", "sowing_date_raw": "", "calculation_ready": false, "calculation_blockers_json": [ ], "geometry_hash_sha256": "8139ddb6806593e79ba287d48a036978eea1a165ed954f555b2aee2299f0bd5d", "source_attributes_json": { "area_": "70.72", "fid": "3", "kml_name": "4.25" } }, "geometry": { "type": "Polygon", "coordinates": [ [ [ 38.515116415946203, 54.068404400489101 ], [ 38.5151678849086, 54.068181858917399 ], [ 38.515642120205797, 54.068210099217602 ], [ 38.516118531499203, 54.068219150292101 ], [ 38.516594876848302, 54.068208969550902 ], [ 38.517068914624197, 54.068179604906497 ], [ 38.517538414067097, 54.0681311945483 ], [ 38.518001165793798, 54.068063966291902 ], [ 38.518454992202699, 54.067978236505802 ], [ 38.518897757729597, 54.0678744086214 ], [ 38.519327378904599, 54.0677529712328 ], [ 38.519504475045203, 54.067951945168701 ], [ 38.519946158587103, 54.067804249552502 ], [ 38.520369386610099, 54.067638913656303 ], [ 38.5207721261432, 54.067456731762 ], [ 38.521152442717401, 54.067258579068898 ], [ 38.521508509659903, 54.067045407486297 ], [ 38.521838616869097, 54.066818241057497 ], [ 38.522141179027201, 54.066578171037101 ], [ 38.522414743212202, 54.066326350645902 ], [ 38.522657995871398, 54.066063989527997 ], [ 38.522869769123801, 54.065792347937403 ], [ 38.522517399525498, 54.065705859986899 ], [ 38.522642886888399, 54.0655157526176 ], [ 38.522752097566602, 54.065322200182798 ], [ 38.522844759921199, 54.065125684510498 ], [ 38.523215111596897, 54.065180293679902 ], [ 38.523320396994997, 54.064891672735598 ], [ 38.523391865792497, 54.064599490892 ], [ 38.523429183776003, 54.0643051174196 ], [ 38.523432176789299, 54.064009931830597 ], [ 38.523400831536001, 54.063715317413603 ], [ 38.5233352956282, 54.063422654751697 ], [ 38.523235876881003, 54.063133315253403 ], [ 38.523103041857397, 54.062848654726501 ], [ 38.5229374136687, 54.0625700070268 ], [ 38.522739769043397, 54.062298677809203 ], [ 38.522511034676398, 54.062035938411803 ], [ 38.522252282876899, 54.061783019901 ], [ 38.521964726535998, 54.061541107305999 ], [ 38.521649713435998, 54.061311334068897 ], [ 38.521308719930303, 54.061094776737299 ], [ 38.520943344022001, 54.060892449922797 ], [ 38.520555297874601, 54.060705301550897 ], [ 38.520146399789297, 54.060534208422197 ], [ 38.519718565686901, 54.060379972108301 ], [ 38.5192738001343, 54.060243315198399 ], [ 38.518814186956803, 54.060124877917097 ], [ 38.5183418794809, 54.060025215127503 ], [ 38.517859090452902, 54.0599447937336 ], [ 38.517368081680097, 54.059883990495003 ], [ 38.516871153443198, 54.059843090263399 ], [ 38.516370633729501, 54.059822284649002 ], [ 38.515868867336501, 54.059821671123899 ], [ 38.515368204897598, 54.059841252565903 ], [ 38.515406551094102, 54.060064708234997 ], [ 38.514945385932002, 54.060101311055 ], [ 38.514489418590998, 54.0601559901475 ], [ 38.514040693765203, 54.060228500320598 ], [ 38.513601223699503, 54.060318516421503 ], [ 38.513172979173703, 54.060425634793702 ], [ 38.512757880670598, 54.060549375085102 ], [ 38.512357789769297, 54.060689182400999 ], [ 38.511974500801699, 54.060844429789803 ], [ 38.511609732808701, 54.061014421052697 ], [ 38.511364760819497, 54.060842157405702 ], [ 38.510986339236801, 54.061044606617003 ], [ 38.510632834753103, 54.061262087140797 ], [ 38.510305968772897, 54.061493540196899 ], [ 38.510007333093697, 54.061737838962799 ], [ 38.509738382151397, 54.061993794056399 ], [ 38.509500425933702, 54.0622601593235 ], [ 38.509294623594002, 54.062535637901902 ], [ 38.509121977798301, 54.062818888532597 ], [ 38.508983329832901, 54.0631085320883 ], [ 38.508879355496099, 54.063403158285503 ], [ 38.5088105617941, 54.063701332550202 ], [ 38.508777284459001, 54.0640016030015 ], [ 38.5087796862991, 54.064302507520303 ], [ 38.508817756391103, 54.064602580868502 ], [ 38.508891310118599, 54.064900361823902 ], [ 38.508999990055898, 54.065194400296399 ], [ 38.509143267694398, 54.065483264390501 ], [ 38.509320446002299, 54.0657655473792 ], [ 38.509530662806, 54.066039874556999 ], [ 38.509772894977303, 54.066304909936498 ], [ 38.510045963405801, 54.066559362757097 ], [ 38.510348538731499, 54.066801993774298 ], [ 38.510679147812397, 54.067031621298 ], [ 38.5110361808932, 54.067247126950697 ], [ 38.511417899441398, 54.067447461117702 ], [ 38.511822444613003, 54.0676316480628 ], [ 38.5122478463053, 54.067798790683703 ], [ 38.5126920327547, 54.067948074884697 ], [ 38.513152840630397, 54.068078773544798 ], [ 38.513628025576402, 54.068190250062102 ], [ 38.514115273149798, 54.068281961457402 ], [ 38.514612210101802, 54.0683534610206 ], [ 38.515116415946203, 54.068404400489101 ] ] ] } },
{ "type": "Feature", "properties": { "dataset_code": "SP", "source_file": "СП(2).kml", "placemark_index": 4, "organization_code": "SP", "organization_name_raw": "СП / Спасское", "farm_name_raw": "", "region_name_raw": "", "district_name_raw": "", "field_external_key": "SP:4.23", "field_code_raw": "4.23", "field_name_raw": "4.23", "field_code_unique_status": "unique", "source_fid": "4", "declared_area_ha": 26.9, "geometry_area_ha": 26.900047, "area_diff_ha": 4.7e-05, "area_diff_pct": 0.000175, "area_quality_status": "ok", "geometry_type": "Polygon", "polygon_count": 1, "inner_ring_count": 0, "geometry_valid": true, "geometry_validity_reason": "Valid Geometry", "centroid_lon": 38.517894003000002, "centroid_lat": 54.082293532999998, "representative_lon": 38.51806997, "representative_lat": 54.082339921, "centroid_within_geometry": true, "weather_point_lon_candidate": 38.517894003000002, "weather_point_lat_candidate": 54.082293532999998, "active_2026_candidate": false, "active_reason": "sp_no_irrigation_2026_flag_not_active", "season_year_candidate": null, "crop_raw": "", "crop_code_candidate": "", "crop_parameter_set_candidate_key": "", "regional_crop_parameter_set_candidate_key": "", "crop_parameter_candidate_status": "no_crop_in_kml", "crop_parameter_candidate_comment_ru": "В СП(2).kml культура не задана для этого поля.", "sowing_date_raw": "", "calculation_ready": false, "calculation_blockers_json": [ ], "geometry_hash_sha256": "fc5590e7f9dec4026cc8e8796a54c98995f0963bcfc3cc35fd08acb5d6394f84", "source_attributes_json": { "area_": "26.9", "fid": "4", "kml_name": "4.23" } }, "geometry": { "type": "Polygon", "coordinates": [ [ [ 38.5143561846007, 54.0840337050738 ], [ 38.514561708825902, 54.084169321472999 ], [ 38.514782304499398, 54.0842964897898 ], [ 38.515016969571199, 54.084414632290503 ], [ 38.5152646380457, 54.084523212241699 ], [ 38.5155241848244, 54.084621736350101 ], [ 38.515794430817998, 54.0847097570039 ], [ 38.516074148304597, 54.084786874308001 ], [ 38.516362066508897, 54.084852737901599 ], [ 38.516656877378097, 54.084907048550598 ], [ 38.516957241527201, 54.084949559507997 ], [ 38.517261794327098, 54.084980077635301 ], [ 38.517569152108003, 54.084998464280702 ], [ 38.517877918449102, 54.0850046359092 ], [ 38.518186690526399, 54.084998564482603 ], [ 38.518494065490302, 54.084980277586403 ], [ 38.518798646842903, 54.084949858305102 ], [ 38.519099050785798, 54.084907444843701 ], [ 38.519393912511099, 54.084853229900098 ], [ 38.519681892405103, 54.0847874597886 ], [ 38.519961682137598, 54.084710433320602 ], [ 38.520232010608403, 54.084622500445803 ], [ 38.520491649724299, 54.084524060662098 ], [ 38.520273933641398, 54.084339520277801 ], [ 38.520488824569597, 54.084245783871303 ], [ 38.5206931315929, 54.084144195539501 ], [ 38.520886026189601, 54.084035167291901 ], [ 38.521066726141299, 54.0839191413084 ], [ 38.5212344987048, 54.083796588145297 ], [ 38.5213886635836, 54.0836680048264 ], [ 38.521528595685702, 54.083533912826397 ], [ 38.521653727657103, 54.083394855955298 ], [ 38.521763552181397, 54.083251398152797 ], [ 38.521857624035398, 54.0831041212004 ], [ 38.521935561891603, 54.082953622361302 ], [ 38.5223043296035, 54.083012167663497 ], [ 38.522376858174802, 54.082829075193999 ], [ 38.522427501929599, 54.082643455277598 ], [ 38.522456014741799, 54.082456211098503 ], [ 38.5224622581757, 54.082268253731698 ], [ 38.522446202154903, 54.082080497710102 ], [ 38.522407925101902, 54.081893856574702 ], [ 38.522347613551098, 54.081709238429902 ], [ 38.522265561235699, 54.081527541525098 ], [ 38.522162167652397, 54.081349649885397 ], [ 38.5220379361133, 54.081176429010398 ], [ 38.521893471291797, 54.081008721664801 ], [ 38.521729476276903, 54.080847343778501 ], [ 38.5215467491482, 54.080693080478198 ], [ 38.521346179090699, 54.080546682269002 ], [ 38.521128742065798, 54.080408861384001 ], [ 38.520895496061598, 54.080280288320502 ], [ 38.520647575944999, 54.080161588579699 ], [ 38.520386187939799, 54.080053339624698 ], [ 38.520112603759401, 54.0799560680722 ], [ 38.519828154420701, 54.079870247132298 ], [ 38.519534223770997, 54.0797962943073 ], [ 38.519232241757997, 54.079734569361399 ], [ 38.519149486419401, 54.079954672971603 ], [ 38.518880978495197, 54.079910305210497 ], [ 38.518608056522098, 54.079876510071202 ], [ 38.518331923037699, 54.079853436460603 ], [ 38.518053794722697, 54.079841186044803 ], [ 38.517774897042898, 54.079839812801701 ], [ 38.517496458852499, 54.079849322782898 ], [ 38.517461667943699, 54.0796256657272 ], [ 38.5171456350512, 54.079649200162798 ], [ 38.5168331450542, 54.079685585260599 ], [ 38.516525707237001, 54.079734645288099 ], [ 38.5162248064971, 54.079796143293997 ], [ 38.515931896176497, 54.079869782252402 ], [ 38.515648391045801, 54.079955206496201 ], [ 38.515375660473502, 54.080052003434197 ], [ 38.515115021814402, 54.080159705542997 ], [ 38.5148677340486, 54.080277792623598 ], [ 38.5146349917012, 54.080405694313001 ], [ 38.514417919073303, 54.080542792837903 ], [ 38.514217564811197, 54.080688425997103 ], [ 38.514034896839703, 54.080841890358897 ], [ 38.513870797685698, 54.0810024446575 ], [ 38.513726060212498, 54.081169313372399 ], [ 38.513601383787098, 54.081341690473202 ], [ 38.5134973708982, 54.081518743311797 ], [ 38.513414524241803, 54.081699616643903 ], [ 38.513353244288297, 54.081883436759099 ], [ 38.513313827342799, 54.082069315700998 ], [ 38.513694271859002, 54.082089341775401 ], [ 38.513678746331799, 54.082250338661503 ], [ 38.5136811166821, 54.082411588120799 ], [ 38.513701373019003, 54.082572403148703 ], [ 38.513739429245597, 54.082732098584003 ], [ 38.513795123423002, 54.082889994027703 ], [ 38.513868218456501, 54.083045416742102 ], [ 38.513958403102599, 54.083197704517801 ], [ 38.514065293291999, 54.0833462084952 ], [ 38.514188433763202, 54.0834902959296 ], [ 38.5143272999997, 54.083629352888401 ], [ 38.514481300462599, 54.0837627868666 ], [ 38.514649779109, 54.083890029312897 ], [ 38.5143561846007, 54.0840337050738 ] ] ] } },
{ "type": "Feature", "properties": { "dataset_code": "SP", "source_file": "СП(2).kml", "placemark_index": 5, "organization_code": "SP", "organization_name_raw": "СП / Спасское", "farm_name_raw": "", "region_name_raw": "", "district_name_raw": "", "field_external_key": "SP:4.19", "field_code_raw": "4.19", "field_name_raw": "4.19", "field_code_unique_status": "unique", "source_fid": "5", "declared_area_ha": 25.53, "geometry_area_ha": 25.534582, "area_diff_ha": 0.004582, "area_diff_pct": 0.017949, "area_quality_status": "ok", "geometry_type": "Polygon", "polygon_count": 1, "inner_ring_count": 0, "geometry_valid": true, "geometry_validity_reason": "Valid Geometry", "centroid_lon": 38.5225279, "centroid_lat": 54.088723553999998, "representative_lon": 38.522288847, "representative_lat": 54.088731338000002, "centroid_within_geometry": true, "weather_point_lon_candidate": 38.5225279, "weather_point_lat_candidate": 54.088723553999998, "active_2026_candidate": false, "active_reason": "sp_no_irrigation_2026_flag_not_active", "season_year_candidate": null, "crop_raw": "", "crop_code_candidate": "", "crop_parameter_set_candidate_key": "", "regional_crop_parameter_set_candidate_key": "", "crop_parameter_candidate_status": "no_crop_in_kml", "crop_parameter_candidate_comment_ru": "В СП(2).kml культура не задана для этого поля.", "sowing_date_raw": "", "calculation_ready": false, "calculation_blockers_json": [ ], "geometry_hash_sha256": "9db25cc69933465b145991b1c8afd46bf2f3762ac24afc1f9ee761398fabd8f2", "source_attributes_json": { "area_": "25.53", "fid": "5", "kml_name": "4.19" } }, "geometry": { "type": "Polygon", "coordinates": [ [ [ 38.519637064198797, 54.090793568292099 ], [ 38.519877983660997, 54.090619262892602 ], [ 38.520096948785898, 54.090716918179602 ], [ 38.520326488517597, 54.090805786689501 ], [ 38.520565584258598, 54.090885474039297 ], [ 38.520813174984298, 54.090955626587899 ], [ 38.521068161953302, 54.091015933007 ], [ 38.521329413584603, 54.091066125663197 ], [ 38.521595770481703, 54.091105981806102 ], [ 38.521866050580101, 54.091135324557499 ], [ 38.522139054395602, 54.091154023696802 ], [ 38.522413570350203, 54.091161996239101 ], [ 38.522688380151898, 54.091159206803297 ], [ 38.522707695811498, 54.091383509754998 ], [ 38.5230187503685, 54.091367890312398 ], [ 38.523327219872598, 54.091339652666299 ], [ 38.523631624821199, 54.0912989322538 ], [ 38.523930505217798, 54.091245924382498 ], [ 38.524222427577797, 54.091180883293099 ], [ 38.524505991807899, 54.091104120939001 ], [ 38.524779837923298, 54.091016005489998 ], [ 38.525042652573397, 54.090916959564701 ], [ 38.525293175342902, 54.090807458203301 ], [ 38.525530204797498, 54.0906880265876 ], [ 38.525752604247501, 54.090559237521198 ], [ 38.525959307199102, 54.090421708681298 ], [ 38.526149322468797, 54.090276099654503 ], [ 38.526321738935899, 54.090123108773099 ], [ 38.526432870502099, 54.090007901299998 ], [ 38.526392011640198, 54.089876571380998 ], [ 38.526337408118899, 54.089591895583098 ], [ 38.526516696268899, 54.089583527812103 ], [ 38.526365754527703, 54.0895518689209 ], [ 38.526448085274602, 54.089400765176798 ], [ 38.5265134349536, 54.089246820293098 ], [ 38.526561524113603, 54.089090693023302 ], [ 38.526592147171698, 54.088933051452301 ], [ 38.526605173289298, 54.088774570137097 ], [ 38.526600546928996, 54.088615927220403 ], [ 38.526578288088302, 54.088457801528897 ], [ 38.526538492211003, 54.088300869667997 ], [ 38.526686766608002, 54.088287175133203 ], [ 38.526522959965199, 54.088263371430301 ], [ 38.5266577433894, 54.087984672882797 ], [ 38.526732864046402, 54.087862313317203 ], [ 38.526657363416298, 54.0877410051122 ], [ 38.526530901194299, 54.087574358420198 ], [ 38.5263852337076, 54.087413222864399 ], [ 38.526221051740301, 54.087258362341402 ], [ 38.526039133822799, 54.087110510991401 ], [ 38.525840342537897, 54.086970369719303 ], [ 38.525625620429999, 54.086838602872803 ], [ 38.525395985534999, 54.086715835094303 ], [ 38.525152526554002, 54.086602648360703 ], [ 38.524896397691499, 54.086499579226 ], [ 38.524628813185103, 54.086407116279098 ], [ 38.524351041550297, 54.086325697828102 ], [ 38.5240643995688, 54.0862557098243 ], [ 38.523770246048898, 54.086197484032901 ], [ 38.523469975387101, 54.0861512964618 ], [ 38.523165010960703, 54.0861173660535 ], [ 38.522856798385099, 54.086095853647997 ], [ 38.522546798663903, 54.086086861220501 ], [ 38.522236481267598, 54.086090431398603 ], [ 38.521927317172398, 54.086106547260201 ], [ 38.521620771890703, 54.086135132413602 ], [ 38.521318298528598, 54.086176051359303 ], [ 38.521021330901299, 54.086229110132102 ], [ 38.5207312767402, 54.086294057220002 ], [ 38.520449511022903, 54.086370584755798 ], [ 38.520621559157199, 54.086571107296997 ], [ 38.5203765501183, 54.086649996995902 ], [ 38.520141182024801, 54.086738453071398 ], [ 38.519916533842697, 54.086836070051099 ], [ 38.519703635420399, 54.086942400467301 ], [ 38.519503462768299, 54.0870569569067 ], [ 38.519316933585202, 54.087179214244102 ], [ 38.519144903050702, 54.087308612048702 ], [ 38.518988159904197, 54.087444557151898 ], [ 38.518847422828003, 54.087586426366101 ], [ 38.518723337150902, 54.087733569340102 ], [ 38.518616471887498, 54.0878853115398 ], [ 38.518527317127102, 54.088040957340098 ], [ 38.518456281783997, 54.088199793212503 ], [ 38.5184036917193, 54.088361090996202 ], [ 38.518369788243596, 54.0885241112356 ], [ 38.518354727006702, 54.088688106569798 ], [ 38.517972777547797, 54.088683596861102 ], [ 38.517976393627301, 54.088855534586699 ], [ 38.517998968302798, 54.089026972532103 ], [ 38.518040406771398, 54.089197188964697 ], [ 38.518100534809903, 54.089365467285397 ], [ 38.518179099505097, 54.089531099045999 ], [ 38.518275770314801, 54.089693386931998 ], [ 38.5183901404558, 54.089851647698701 ], [ 38.518521728613401, 54.090005215048301 ], [ 38.518669980964901, 54.090153442435899 ], [ 38.518834273508801, 54.090295705791803 ], [ 38.5190139146899, 54.090431406150401 ], [ 38.519208148308898, 54.090559972172301 ], [ 38.519416156705297, 54.090680862550897 ], [ 38.519637064198797, 54.090793568292099 ] ] ] } },
{ "type": "Feature", "properties": { "dataset_code": "SP", "source_file": "СП(2).kml", "placemark_index": 6, "organization_code": "SP", "organization_name_raw": "СП / Спасское", "farm_name_raw": "", "region_name_raw": "", "district_name_raw": "", "field_external_key": "SP:4.20", "field_code_raw": "4.20", "field_name_raw": "4.20", "field_code_unique_status": "unique", "source_fid": "7", "declared_area_ha": 65.71, "geometry_area_ha": 65.70552, "area_diff_ha": -0.00448, "area_diff_pct": -0.006817, "area_quality_status": "ok", "geometry_type": "Polygon", "polygon_count": 1, "inner_ring_count": 0, "geometry_valid": true, "geometry_validity_reason": "Valid Geometry", "centroid_lon": 38.533444084000003, "centroid_lat": 54.089272542000003, "representative_lon": 38.533453668999996, "representative_lat": 54.08922611, "centroid_within_geometry": true, "weather_point_lon_candidate": 38.533444084000003, "weather_point_lat_candidate": 54.089272542000003, "active_2026_candidate": false, "active_reason": "sp_no_irrigation_2026_flag_not_active", "season_year_candidate": null, "crop_raw": "", "crop_code_candidate": "", "crop_parameter_set_candidate_key": "", "regional_crop_parameter_set_candidate_key": "", "crop_parameter_candidate_status": "no_crop_in_kml", "crop_parameter_candidate_comment_ru": "В СП(2).kml культура не задана для этого поля.", "sowing_date_raw": "", "calculation_ready": false, "calculation_blockers_json": [ ], "geometry_hash_sha256": "1f9da58b80568843c2223f8f36c7075b01896ecceacb9986f2fe716ed24db87f", "source_attributes_json": { "area_": "65.71", "fid": "7", "kml_name": "4.20" } }, "geometry": { "type": "Polygon", "coordinates": [ [ [ 38.526516696268899, 54.089583527812103 ], [ 38.526725574116099, 54.089627337972601 ], [ 38.526610557092397, 54.089797948229098 ], [ 38.526475729909698, 54.089963469763902 ], [ 38.526432870502099, 54.090007901299998 ], [ 38.526479686130699, 54.0901583766275 ], [ 38.5266000196711, 54.090435985182197 ], [ 38.526752446621103, 54.090708090628098 ], [ 38.526936250270097, 54.090973412420198 ], [ 38.527150566198998, 54.091230701914398 ], [ 38.527394386338599, 54.091478748245201 ], [ 38.527666563705701, 54.091716384026903 ], [ 38.527965817793401, 54.091942490850201 ], [ 38.528290740592503, 54.092156004548201 ], [ 38.528639803213402, 54.092355920208 ], [ 38.529011363079597, 54.092541296903001 ], [ 38.529403671657001, 54.092711262124602 ], [ 38.529619681150301, 54.0925260131553 ], [ 38.529985139931803, 54.092663298286702 ], [ 38.530364896209903, 54.092786447622501 ], [ 38.530757369890701, 54.092894948725899 ], [ 38.5311609279211, 54.092988350109799 ], [ 38.531573891088698, 54.093066263116398 ], [ 38.531994541013198, 54.093128363536202 ], [ 38.5324211273023, 54.0931743929576 ], [ 38.532851874841199, 54.093204159843701 ], [ 38.532819527477002, 54.093427943305301 ], [ 38.533302789517499, 54.093442361102099 ], [ 38.533786600364401, 54.093437412072298 ], [ 38.534268716248498, 54.093413119171501 ], [ 38.534746901268903, 54.093369595065603 ], [ 38.535218937771802, 54.093307041608398 ], [ 38.535682636644403, 54.093225748904402 ], [ 38.536135847475201, 54.093126093962098 ], [ 38.536576468534498, 54.093008538943899 ], [ 38.537002456528199, 54.092873629021497 ], [ 38.537411836079002, 54.092721989844897 ], [ 38.537802708891803, 54.092554324638698 ], [ 38.5381732625601, 54.092371410938803 ], [ 38.538521778972402, 54.092174096983797 ], [ 38.538846642280198, 54.091963297778399 ], [ 38.539146346389799, 54.091739990847998 ], [ 38.539419501943797, 54.091505211702803 ], [ 38.539664842759201, 54.091260049032996 ], [ 38.539881231693599, 54.091005639658498 ], [ 38.540067665911103, 54.090743163254601 ], [ 38.5402232815239, 54.090473836880001 ], [ 38.5403473575889, 54.090198909331598 ], [ 38.539974972213301, 54.090148739897003 ], [ 38.540061074612403, 54.089887893781402 ], [ 38.540117171581699, 54.089624236322997 ], [ 38.540143010198598, 54.089358958958499 ], [ 38.540138474283303, 54.089093260422302 ], [ 38.540103584913297, 54.0888283413287 ], [ 38.540483265239097, 54.0888034877566 ], [ 38.540412844291403, 54.088520283247902 ], [ 38.540309603468799, 54.088240578251202 ], [ 38.540174028045101, 54.087965685719098 ], [ 38.540006755039201, 54.087696895988699 ], [ 38.539808570213701, 54.087435470726597 ], [ 38.5395804043768, 54.087182637008297 ], [ 38.539323329003899, 54.086939581560898 ], [ 38.539038551200903, 54.086707445195302 ], [ 38.538727408031697, 54.086487317454001 ], [ 38.538391360237597, 54.086280231500403 ], [ 38.538031985378097, 54.086087159272097 ], [ 38.537650970424203, 54.085909006922101 ], [ 38.537250103841103, 54.085746610568798 ], [ 38.536831267194898, 54.085600732374601 ], [ 38.536647941918503, 54.0857977690114 ], [ 38.536261097228298, 54.085682720432096 ], [ 38.5358624473483, 54.085582567737802 ], [ 38.535453649457999, 54.085497727244402 ], [ 38.535036402886703, 54.085428551616197 ], [ 38.534612442054502, 54.085375328400801 ], [ 38.534183529268603, 54.085338278835003 ], [ 38.5337514474027, 54.085317556925503 ], [ 38.533317992493203, 54.085313248809598 ], [ 38.532884966279497, 54.085325372397499 ], [ 38.5328545053993, 54.085101497460201 ], [ 38.5323649228379, 54.085134603595598 ], [ 38.531880420003503, 54.085187581265401 ], [ 38.5314033271057, 54.085260175679899 ], [ 38.530935938748399, 54.085352037701703 ], [ 38.530480502902897, 54.085462725524103 ], [ 38.5300392101041, 54.085591706793302 ], [ 38.529614182921797, 54.085738361167202 ], [ 38.529207465757203, 54.085901983296502 ], [ 38.528821015014699, 54.086081786213903 ], [ 38.528456689694401, 54.086276905117302 ], [ 38.528116242451702, 54.086486401525498 ], [ 38.527801311166897, 54.086709267789601 ], [ 38.527513411065001, 54.086944431936402 ], [ 38.527253927423303, 54.087190762821599 ], [ 38.527024108902502, 54.0874470755682 ], [ 38.5268250615337, 54.0877121372625 ], [ 38.526732864046402, 54.087862313317203 ], [ 38.526764020613498, 54.087912372907901 ], [ 38.526850366896703, 54.088087649383702 ], [ 38.526915992650601, 54.0882660035751 ], [ 38.526686766608002, 54.088287175133203 ], [ 38.526893821220703, 54.088317263093998 ], [ 38.526717877164302, 54.089574137936403 ], [ 38.526516696268899, 54.089583527812103 ] ] ] } },
{ "type": "Feature", "properties": { "dataset_code": "SP", "source_file": "СП(2).kml", "placemark_index": 7, "organization_code": "SP", "organization_name_raw": "СП / Спасское", "farm_name_raw": "", "region_name_raw": "", "district_name_raw": "", "field_external_key": "SP:4.21", "field_code_raw": "4.21", "field_name_raw": "4.21", "field_code_unique_status": "unique", "source_fid": "11", "declared_area_ha": 40.03, "geometry_area_ha": 40.03059, "area_diff_ha": 0.00059, "area_diff_pct": 0.001473, "area_quality_status": "ok", "geometry_type": "Polygon", "polygon_count": 1, "inner_ring_count": 0, "geometry_valid": true, "geometry_validity_reason": "Valid Geometry", "centroid_lon": 38.535001699, "centroid_lat": 54.081976011999998, "representative_lon": 38.534869848, "representative_lat": 54.081947331000002, "centroid_within_geometry": true, "weather_point_lon_candidate": 38.535001699, "weather_point_lat_candidate": 54.081976011999998, "active_2026_candidate": false, "active_reason": "sp_no_irrigation_2026_flag_not_active", "season_year_candidate": null, "crop_raw": "", "crop_code_candidate": "", "crop_parameter_set_candidate_key": "", "regional_crop_parameter_set_candidate_key": "", "crop_parameter_candidate_status": "no_crop_in_kml", "crop_parameter_candidate_comment_ru": "В СП(2).kml культура не задана для этого поля.", "sowing_date_raw": "", "calculation_ready": false, "calculation_blockers_json": [ ], "geometry_hash_sha256": "74507ce7161bfb6bab7381ba5a38ba89641f288e3b60e6b30fbb17fd4454ee06", "source_attributes_json": { "area_": "40.03", "fid": "11", "kml_name": "4.21" } }, "geometry": { "type": "Polygon", "coordinates": [ [ [ 38.534520000593503, 54.078804249574397 ], [ 38.534453870806402, 54.078939367396501 ], [ 38.5342018904513, 54.078897787691901 ], [ 38.533955225472504, 54.078846355078902 ], [ 38.533733237406899, 54.078789939325702 ], [ 38.533482635602098, 54.078827910523103 ], [ 38.533115198771398, 54.078899908325504 ], [ 38.532757145600897, 54.078986729131501 ], [ 38.532410203032498, 54.079087954208802 ], [ 38.532076044457099, 54.079203095350401 ], [ 38.5317562816467, 54.079331597227601 ], [ 38.531452456983601, 54.0794728400667 ], [ 38.531166036023102, 54.079626142636499 ], [ 38.530898400424803, 54.079790765532202 ], [ 38.5306508412894, 54.079965914739702 ], [ 38.530424552928601, 54.080150745463499 ], [ 38.530220627103198, 54.080344366199803 ], [ 38.530552135977103, 54.080455913981503 ], [ 38.530428079419202, 54.080591172137503 ], [ 38.530315748625199, 54.080729927914099 ], [ 38.530215428031802, 54.080871830109999 ], [ 38.529859158336997, 54.080790863384202 ], [ 38.529735157989997, 54.0810003148733 ], [ 38.529635518894104, 54.081214215877402 ], [ 38.529560697212197, 54.081431587939598 ], [ 38.529511035601701, 54.081651436709599 ], [ 38.529486761639497, 54.081872756491997 ], [ 38.529487986774001, 54.082094534846199 ], [ 38.529514705807898, 54.082315757217799 ], [ 38.529566796914402, 54.082535411579599 ], [ 38.529644022187398, 54.082752493061903 ], [ 38.529746028722201, 54.082966008550102 ], [ 38.529872350223798, 54.083174981228197 ], [ 38.530022409132997, 54.0833784550491 ], [ 38.530195519263202, 54.083575499109102 ], [ 38.530390888934498, 54.083765211908499 ], [ 38.530607624590502, 54.083946725476899 ], [ 38.530844734883303, 54.084119209346198 ], [ 38.531101135205397, 54.084281874351603 ], [ 38.531375652650297, 54.084433976243602 ], [ 38.531667031377701, 54.084574819095401 ], [ 38.531973938358398, 54.084703758487997 ], [ 38.532294969474499, 54.084820204460797 ], [ 38.532484424158802, 54.084625183706301 ], [ 38.532776226163698, 54.084716069193902 ], [ 38.533077260621198, 54.0847958705168 ], [ 38.533386311046399, 54.084864265185303 ], [ 38.533702128541002, 54.084920976804703 ], [ 38.534023436842702, 54.084965776192597 ], [ 38.534348937485902, 54.084998482306098 ], [ 38.534677315051802, 54.0850189629735 ], [ 38.535007242488298, 54.085027135428803 ], [ 38.535337386476002, 54.085022966646498 ], [ 38.5356664128199, 54.085006473475197 ], [ 38.535710944404201, 54.085229532205901 ], [ 38.536087760435301, 54.085195816828403 ], [ 38.536459778836701, 54.085147046845599 ], [ 38.536825261635997, 54.085083450102204 ], [ 38.537182501414897, 54.085005323709403 ], [ 38.537529829291202, 54.084913032655201 ], [ 38.537865622718698, 54.0848070080987 ], [ 38.538188313071601, 54.084687745354202 ], [ 38.538496392974899, 54.084555801576002 ], [ 38.538788423348102, 54.084411793153699 ], [ 38.539063040129903, 54.084256392831399 ], [ 38.539318960649901, 54.0840903265631 ], [ 38.539554989619802, 54.083914370119601 ], [ 38.539770024715999, 54.083729345462601 ], [ 38.539963061725999, 54.083536116904199 ], [ 38.540133199235697, 54.0833355870666 ], [ 38.540279642836197, 54.083128692665298 ], [ 38.540401708829002, 54.082916400131403 ], [ 38.540498827414297, 54.082699701096502 ], [ 38.540126356039501, 54.082649926159398 ], [ 38.540193803324499, 54.082442496204798 ], [ 38.540236711526603, 54.082232821696103 ], [ 38.540254875889701, 54.082021905011104 ], [ 38.540248209954598, 54.081810754450501 ], [ 38.540216745964898, 54.081600379418198 ], [ 38.540160634705998, 54.0813917855954 ], [ 38.540080144777001, 54.081185970133298 ], [ 38.539975661299799, 54.080983916887298 ], [ 38.539847684071503, 54.080786591714201 ], [ 38.539696825169599, 54.080594937856503 ], [ 38.539523806019901, 54.0804098714341 ], [ 38.539850020745298, 54.080293032875403 ], [ 38.5396401589459, 54.080101618204097 ], [ 38.539408209413203, 54.079919230475703 ], [ 38.5391552911952, 54.079746749406503 ], [ 38.538882624433299, 54.079585006919302 ], [ 38.538591524474903, 54.079434783132697 ], [ 38.538283395528502, 54.079296802600602 ], [ 38.537959723890403, 54.079171730818899 ], [ 38.5376220707778, 54.079060171018 ], [ 38.537272064800298, 54.078962661254501 ], [ 38.5369113941085, 54.078879671818498 ], [ 38.536775912925499, 54.078851972921697 ], [ 38.536642709204301, 54.078879528237003 ], [ 38.536561772225802, 54.079050703519101 ], [ 38.535859439236297, 54.078953780249797 ], [ 38.535235992237503, 54.078916673577403 ], [ 38.534540254102502, 54.078933137766001 ], [ 38.534520000593503, 54.078804249574397 ] ] ] } },
{ "type": "Feature", "properties": { "dataset_code": "SP", "source_file": "СП(2).kml", "placemark_index": 8, "organization_code": "SP", "organization_name_raw": "СП / Спасское", "farm_name_raw": "", "region_name_raw": "", "district_name_raw": "", "field_external_key": "SP:4.22", "field_code_raw": "4.22", "field_name_raw": "4.22", "field_code_unique_status": "unique", "source_fid": "12", "declared_area_ha": 19.31, "geometry_area_ha": 19.309194, "area_diff_ha": -0.000806, "area_diff_pct": -0.004174, "area_quality_status": "ok", "geometry_type": "Polygon", "polygon_count": 1, "inner_ring_count": 0, "geometry_valid": true, "geometry_validity_reason": "Valid Geometry", "centroid_lon": 38.535422599, "centroid_lat": 54.076700105999997, "representative_lon": 38.535379176, "representative_lat": 54.076753814, "centroid_within_geometry": true, "weather_point_lon_candidate": 38.535422599, "weather_point_lat_candidate": 54.076700105999997, "active_2026_candidate": false, "active_reason": "sp_no_irrigation_2026_flag_not_active", "season_year_candidate": null, "crop_raw": "", "crop_code_candidate": "", "crop_parameter_set_candidate_key": "", "regional_crop_parameter_set_candidate_key": "", "crop_parameter_candidate_status": "no_crop_in_kml", "crop_parameter_candidate_comment_ru": "В СП(2).kml культура не задана для этого поля.", "sowing_date_raw": "", "calculation_ready": false, "calculation_blockers_json": [ ], "geometry_hash_sha256": "8bafbafb57cdf58de8a0312dab4c6cb3e78bed85621472a054a5f1beb97b7ca6", "source_attributes_json": { "area_": "19.31", "fid": "12", "kml_name": "4.22" } }, "geometry": { "type": "Polygon", "coordinates": [ [ [ 38.534520000593503, 54.078804249574397 ], [ 38.534559697644497, 54.078723139251402 ], [ 38.534787440160002, 54.078750606724597 ], [ 38.535017773252498, 54.0787691579146 ], [ 38.535249688482203, 54.078778711601501 ], [ 38.535482170479, 54.078779225958201 ], [ 38.535714201390697, 54.0787706987335 ], [ 38.5359447653411, 54.078753167261901 ], [ 38.536032021514202, 54.078972304286602 ], [ 38.536291279871598, 54.078941024843203 ], [ 38.536546327839098, 54.078899466145401 ], [ 38.536642709204301, 54.078879528237003 ], [ 38.536666331341003, 54.078829569015198 ], [ 38.536775912925499, 54.078851972921697 ], [ 38.536795988144902, 54.078847820026297 ], [ 38.537039108398403, 54.0787863248812 ], [ 38.537274566411398, 54.078715264566497 ], [ 38.537501275379597, 54.078634967088803 ], [ 38.537718188901003, 54.078545803090201 ], [ 38.537924305806499, 54.078448184136803 ], [ 38.538118674782098, 54.078342560818299 ], [ 38.5383003987601, 54.078229420667 ], [ 38.538468639059303, 54.078109285907303 ], [ 38.538622619255797, 54.077982711043703 ], [ 38.538761628765101, 54.077850280301099 ], [ 38.538885026121001, 54.0777126049272 ], [ 38.538992241934103, 54.077570320370903 ], [ 38.539082781517401, 54.077424083347999 ], [ 38.539156227166998, 54.077274568810097 ], [ 38.539212240086997, 54.077122466828598 ], [ 38.538836442978202, 54.077082415031398 ], [ 38.538869300912502, 54.076952337127203 ], [ 38.538888021089001, 54.076821293519501 ], [ 38.5388925278112, 54.0766898150302 ], [ 38.538882802958398, 54.076558434238002 ], [ 38.538858886057099, 54.076427683320702 ], [ 38.5388208741185, 54.076298091899801 ], [ 38.538768921243403, 54.076170184895297 ], [ 38.539137370010103, 54.0761110815168 ], [ 38.539057238387102, 54.0759592818154 ], [ 38.538959401006402, 54.075811115038697 ], [ 38.5388443290244, 54.075667294433799 ], [ 38.538712576544597, 54.075528512318897 ], [ 38.538564777947997, 54.075395436751499 ], [ 38.538401644836902, 54.075268708313303 ], [ 38.538223962607198, 54.0751489370275 ], [ 38.538032586666802, 54.075036699423002 ], [ 38.537828438316701, 54.074932535760702 ], [ 38.537612500316001, 54.074836947433198 ], [ 38.537385812151399, 54.074750394552701 ], [ 38.537149465033998, 54.074673293736801 ], [ 38.5369045966481, 54.074606016104099 ], [ 38.536652385676398, 54.074548885488902 ], [ 38.536394046127903, 54.074502176882397 ], [ 38.536130821497501, 54.074466115110297 ], [ 38.535863978782501, 54.074440873751101 ], [ 38.535594802386697, 54.074426574300503 ], [ 38.535324587941801, 54.074423285587301 ], [ 38.535054636073397, 54.074431023442301 ], [ 38.5347862461443, 54.074449750621703 ], [ 38.5345207100032, 54.074479376986602 ], [ 38.534259305769297, 54.0745197599365 ], [ 38.534003291683597, 54.074570705095503 ], [ 38.533753900054698, 54.0746319672472 ], [ 38.533512331330201, 54.074703251514499 ], [ 38.533279748319998, 54.074784214778603 ], [ 38.5330572706007, 54.074874467329401 ], [ 38.532845969128601, 54.074973574740703 ], [ 38.532646861084601, 54.075081059960503 ], [ 38.532914722355699, 54.075241143483098 ], [ 38.532757480957997, 54.075338240471503 ], [ 38.532611278660802, 54.075441130421403 ], [ 38.532476731169702, 54.075549380089498 ], [ 38.532354405127698, 54.075662533660498 ], [ 38.532244815728902, 54.075780114666003 ], [ 38.532148424547898, 54.075901627990199 ], [ 38.5320656375943, 54.076026561954698 ], [ 38.5319968036017, 54.076154390472396 ], [ 38.531942212557396, 54.076284575262498 ], [ 38.531902094479101, 54.076416568116997 ], [ 38.531876618444002, 54.076549813208999 ], [ 38.531865891874801, 54.076683749432803 ], [ 38.531869960085103, 54.076817812767104 ], [ 38.531489350391602, 54.076838361425203 ], [ 38.531512351020801, 54.076991661756999 ], [ 38.531552798943999, 54.077143708382302 ], [ 38.5316105118875, 54.077293815407799 ], [ 38.531685229685998, 54.077441305682697 ], [ 38.531776615453303, 54.0775855138534 ], [ 38.531884257098497, 54.077725789365999 ], [ 38.532007669183201, 54.077861499401102 ], [ 38.532146295107999, 54.077992031729401 ], [ 38.532299509622099, 54.0781167974745 ], [ 38.532466621641902, 54.078235233769597 ], [ 38.532646877367398, 54.078346806298498 ], [ 38.532839463682102, 54.078451011705901 ], [ 38.533043511820701, 54.078547379869597 ], [ 38.533258101288098, 54.0786354760222 ], [ 38.533482264013202, 54.078714902713102 ], [ 38.533714988716099, 54.078785301602601 ], [ 38.533733237406899, 54.078789939325702 ], [ 38.533857683924303, 54.078771082963499 ], [ 38.534238534885198, 54.078729699719403 ], [ 38.534505556215102, 54.0787123287339 ], [ 38.534520000593503, 54.078804249574397 ] ] ] } },
{ "type": "Feature", "properties": { "dataset_code": "SP", "source_file": "СП(2).kml", "placemark_index": 9, "organization_code": "SP", "organization_name_raw": "СП / Спасское", "farm_name_raw": "", "region_name_raw": "", "district_name_raw": "", "field_external_key": "SP:4.24", "field_code_raw": "4.24", "field_name_raw": "4.24", "field_code_unique_status": "unique", "source_fid": "15", "declared_area_ha": 68.77, "geometry_area_ha": 68.76651, "area_diff_ha": -0.00349, "area_diff_pct": -0.005075, "area_quality_status": "ok", "geometry_type": "Polygon", "polygon_count": 1, "inner_ring_count": 0, "geometry_valid": true, "geometry_validity_reason": "Valid Geometry", "centroid_lon": 38.523147973999997, "centroid_lat": 54.073239318, "representative_lon": 38.524107751000003, "representative_lat": 54.073961820999997, "centroid_within_geometry": true, "weather_point_lon_candidate": 38.523147973999997, "weather_point_lat_candidate": 54.073239318, "active_2026_candidate": false, "active_reason": "sp_no_irrigation_2026_flag_not_active", "season_year_candidate": null, "crop_raw": "", "crop_code_candidate": "", "crop_parameter_set_candidate_key": "", "regional_crop_parameter_set_candidate_key": "", "crop_parameter_candidate_status": "no_crop_in_kml", "crop_parameter_candidate_comment_ru": "В СП(2).kml культура не задана для этого поля.", "sowing_date_raw": "", "calculation_ready": false, "calculation_blockers_json": [ ], "geometry_hash_sha256": "ca8a4875ca2361c0ce8432ed454581cd818ea545af67bcad919a5e2c6cb12825", "source_attributes_json": { "area_": "68.77", "fid": "15", "kml_name": "4.24" } }, "geometry": { "type": "Polygon", "coordinates": [ [ [ 38.519343853578697, 54.0740752620123 ], [ 38.522280830789697, 54.079700365004499 ], [ 38.522829646972497, 54.079590948886199 ], [ 38.523366768532497, 54.079463033143597 ], [ 38.5238903935957, 54.079317046924402 ], [ 38.524398765620397, 54.079153479995703 ], [ 38.524205807289199, 54.078959658967101 ], [ 38.524722888162501, 54.078768450673103 ], [ 38.525218296915, 54.078558338329898 ], [ 38.525690037914202, 54.078330168471901 ], [ 38.526136210975203, 54.078084860371703 ], [ 38.526405775977601, 54.078243963321903 ], [ 38.526863209818401, 54.0779574366302 ], [ 38.5272870919827, 54.077653591820003 ], [ 38.527675531875801, 54.077333784641098 ], [ 38.528026797166397, 54.076999442034897 ], [ 38.528339321506003, 54.076652055762203 ], [ 38.5286117115065, 54.076293175743601 ], [ 38.528842752942701, 54.075924403139702 ], [ 38.529031416153501, 54.075547383204302 ], [ 38.529176860617703, 54.075163797940696 ], [ 38.5292784386845, 54.074775358595502 ], [ 38.528899250117, 54.074748652442501 ], [ 38.528946533306602, 54.074449333617402 ], [ 38.528966725857103, 54.074148960564301 ], [ 38.528959771389701, 54.073848380671201 ], [ 38.528925690111102, 54.073548441891397 ], [ 38.5293059164959, 54.073527520610199 ], [ 38.529217802999902, 54.073124364228903 ], [ 38.5290825767811, 54.072725747078799 ], [ 38.528900884389998, 54.072333571098902 ], [ 38.528673594014897, 54.071949707442798 ], [ 38.528401791315602, 54.0715759875537 ], [ 38.5280867742227, 54.071214194430397 ], [ 38.5277300467258, 54.070866054124799 ], [ 38.527333311681701, 54.070533227512101 ], [ 38.526898462676002, 54.070217302372598 ], [ 38.526427574979401, 54.069919785822101 ], [ 38.525922895638899, 54.069642097128501 ], [ 38.525386832754201, 54.069385560946799 ], [ 38.524821943988698, 54.069151401006003 ], [ 38.524230924370897, 54.068940734277298 ], [ 38.523616593443002, 54.068754565651801 ], [ 38.522981881819803, 54.068593783151698 ], [ 38.522329817219997, 54.068459153699401 ], [ 38.521663510036603, 54.068351319463702 ], [ 38.520986138516797, 54.068270794799901 ], [ 38.520300933618103, 54.068217963799498 ], [ 38.520264408583898, 54.068441525019601 ], [ 38.519621563614898, 54.0684179262295 ], [ 38.518977474774097, 54.068419672259203 ], [ 38.518335026790297, 54.068446755294197 ], [ 38.517697097053599, 54.0684990540407 ], [ 38.5170665427435, 54.068576334268201 ], [ 38.516446188047397, 54.0686782498573 ], [ 38.515838811525803, 54.068804344347697 ], [ 38.515247133680397, 54.068954052980402 ], [ 38.519343853578697, 54.0740752620123 ] ] ] } },
{ "type": "Feature", "properties": { "dataset_code": "SP", "source_file": "СП(2).kml", "placemark_index": 10, "organization_code": "SP", "organization_name_raw": "СП / Спасское", "farm_name_raw": "", "region_name_raw": "", "district_name_raw": "", "field_external_key": "SP:4.5", "field_code_raw": "4.5", "field_name_raw": "4.5", "field_code_unique_status": "unique", "source_fid": "16", "declared_area_ha": 20.24, "geometry_area_ha": 20.238333, "area_diff_ha": -0.001667, "area_diff_pct": -0.008236, "area_quality_status": "ok", "geometry_type": "Polygon", "polygon_count": 1, "inner_ring_count": 0, "geometry_valid": true, "geometry_validity_reason": "Valid Geometry", "centroid_lon": 38.462646602, "centroid_lat": 54.124989655999997, "representative_lon": 38.462646602, "representative_lat": 54.124989464000002, "centroid_within_geometry": true, "weather_point_lon_candidate": 38.462646602, "weather_point_lat_candidate": 54.124989655999997, "active_2026_candidate": false, "active_reason": "sp_no_irrigation_2026_flag_not_active", "season_year_candidate": null, "crop_raw": "", "crop_code_candidate": "", "crop_parameter_set_candidate_key": "", "regional_crop_parameter_set_candidate_key": "", "crop_parameter_candidate_status": "no_crop_in_kml", "crop_parameter_candidate_comment_ru": "В СП(2).kml культура не задана для этого поля.", "sowing_date_raw": "", "calculation_ready": false, "calculation_blockers_json": [ ], "geometry_hash_sha256": "716cf095adb2438e3d6bd459d5ebdc32ecc5d7656e51dec9e3c4cbcf77ac211c", "source_attributes_json": { "area_": "20.24", "fid": "16", "kml_name": "4.5" } }, "geometry": { "type": "Polygon", "coordinates": [ [ [ 38.466255130910703, 54.124139719363903 ], [ 38.466114985284101, 54.123958642691498 ], [ 38.465948443444297, 54.123785413220602 ], [ 38.465756773176302, 54.12362134931 ], [ 38.465541433453403, 54.123467699548897 ], [ 38.465304063328198, 54.1233256332576 ], [ 38.465046469455103, 54.123196231591102 ], [ 38.4647706123395, 54.123080479314098 ], [ 38.464478591418001, 54.1229792573099 ], [ 38.464172629083798, 54.122893335879297 ], [ 38.463855053777898, 54.1228233688812 ], [ 38.463528282275099, 54.122769888758597 ], [ 38.463194801299899, 54.122733302489202 ], [ 38.462857148610297, 54.1227138884894 ], [ 38.462517893695001, 54.122711794496702 ], [ 38.462179618229399, 54.122727036445902 ], [ 38.461844896438997, 54.122759498348302 ], [ 38.461516275519799, 54.122808933173502 ], [ 38.4611962562632, 54.122874964728403 ], [ 38.460887274033702, 54.122957090518803 ], [ 38.460591680243297, 54.123054685571397 ], [ 38.460311724463203, 54.123167007187902 ], [ 38.460049537308301, 54.123293200594297 ], [ 38.4598071142264, 54.123432305443202 ], [ 38.459586300312303, 54.123583263119301 ], [ 38.459388776265698, 54.123744924793101 ], [ 38.459216045596598, 54.123916060160703 ], [ 38.4590694231782, 54.124095366804397 ], [ 38.458950025232902, 54.124281480102098 ], [ 38.458858760828697, 54.124472983610602 ], [ 38.458796324950299, 54.1246684198438 ], [ 38.458763193198699, 54.124866301364001 ], [ 38.4587596181591, 54.125065122101098 ], [ 38.4587856274659, 54.125263368815197 ], [ 38.458841023579602, 54.125459532613597 ], [ 38.458925385277198, 54.125652120435902 ], [ 38.459038070846603, 54.125839666418699 ], [ 38.4591782229583, 54.126020743054802 ], [ 38.459344775181997, 54.126193972059802 ], [ 38.459536460093503, 54.126358034865703 ], [ 38.459751818915201, 54.126511682659697 ], [ 38.459989212614097, 54.126653745892497 ], [ 38.460246834374402, 54.126783143183602 ], [ 38.460522723348497, 54.126898889555598 ], [ 38.4608147795836, 54.127000103934598 ], [ 38.461120780008699, 54.127086015859703 ], [ 38.461438395360901, 54.127155971350597 ], [ 38.461765207921502, 54.127209437887799 ], [ 38.462098729927099, 54.127246008468099 ], [ 38.4624364225158, 54.127265404704701 ], [ 38.462775715062101, 54.127267478946898 ], [ 38.4631140247551, 54.127252215404702 ], [ 38.463448776269601, 54.127219730269601 ], [ 38.463777421379397, 54.127170270828898 ], [ 38.464097458364897, 54.127104213582797 ], [ 38.464406451064598, 54.127022061377097 ], [ 38.4647020474276, 54.126924439573301 ], [ 38.464981997423301, 54.126812091286098 ], [ 38.465244170173499, 54.126685871724703 ], [ 38.465486570175301, 54.126546741679498 ], [ 38.465707352491599, 54.1263957602064 ], [ 38.4659048367933, 54.126234076561801 ], [ 38.466077520146698, 54.126062921452601 ], [ 38.466224088447703, 54.125883597664597 ], [ 38.4663434264179, 54.125697470144502 ], [ 38.466434626085103, 54.125505955607402 ], [ 38.4664969936834, 54.125310511752403 ], [ 38.466530054923503, 54.125112626165198 ], [ 38.466533558589902, 54.124913804995103 ], [ 38.466507478440398, 54.124715561490397 ], [ 38.466452013393102, 54.124519404481397 ], [ 38.466367585999201, 54.124326826896699 ], [ 38.466255130910703, 54.124139719363903 ] ] ] } },
{ "type": "Feature", "properties": { "dataset_code": "SP", "source_file": "СП(2).kml", "placemark_index": 11, "organization_code": "SP", "organization_name_raw": "СП / Спасское", "farm_name_raw": "", "region_name_raw": "", "district_name_raw": "", "field_external_key": "SP:4.4", "field_code_raw": "4.4", "field_name_raw": "4.4", "field_code_unique_status": "unique", "source_fid": "17", "declared_area_ha": 24.21, "geometry_area_ha": 24.214091, "area_diff_ha": 0.004091, "area_diff_pct": 0.016897, "area_quality_status": "ok", "geometry_type": "Polygon", "polygon_count": 1, "inner_ring_count": 0, "geometry_valid": true, "geometry_validity_reason": "Valid Geometry", "centroid_lon": 38.443439741, "centroid_lat": 54.105601901999997, "representative_lon": 38.443439741, "representative_lat": 54.105601935000003, "centroid_within_geometry": true, "weather_point_lon_candidate": 38.443439741, "weather_point_lat_candidate": 54.105601901999997, "active_2026_candidate": false, "active_reason": "sp_no_irrigation_2026_flag_not_active", "season_year_candidate": null, "crop_raw": "", "crop_code_candidate": "", "crop_parameter_set_candidate_key": "", "regional_crop_parameter_set_candidate_key": "", "crop_parameter_candidate_status": "no_crop_in_kml", "crop_parameter_candidate_comment_ru": "В СП(2).kml культура не задана для этого поля.", "sowing_date_raw": "", "calculation_ready": false, "calculation_blockers_json": [ ], "geometry_hash_sha256": "7015b428b7526edbe0e9db5c9f7aee6d9484fefd1e9d541ca76ae36b9eb02620", "source_attributes_json": { "area_": "24.21", "fid": "17", "kml_name": "4.4" } }, "geometry": { "type": "Polygon", "coordinates": [ [ [ 38.447635708238501, 54.106005401631201 ], [ 38.447679716840497, 54.105789450407002 ], [ 38.4476914541412, 54.105572072149101 ], [ 38.447670831313097, 54.105354921353403 ], [ 38.447618005823102, 54.105139650759298 ], [ 38.447533380217699, 54.104927898769702 ], [ 38.447417599045401, 54.104721276983398 ], [ 38.447271543936097, 54.104521357930501 ], [ 38.447096326879603, 54.104329663106299 ], [ 38.446893281750498, 54.104147651394698 ], [ 38.4466639541482, 54.103976707968101 ], [ 38.446410089626802, 54.103818133748703 ], [ 38.446133620405398, 54.103673135511698 ], [ 38.445836650661498, 54.103542816704703 ], [ 38.445521440517403, 54.103428169053998 ], [ 38.445190388842398, 54.1033300650207 ], [ 38.444846015001701, 54.103249251164101 ], [ 38.444490939690397, 54.103186342463601 ], [ 38.4441278649983, 54.103141817641102 ], [ 38.443759553857099, 54.103116015519497 ], [ 38.443388809025002, 54.103109132446399 ], [ 38.443018451770399, 54.103121220799899 ], [ 38.442651300413601, 54.103152188590997 ], [ 38.442290148892099, 54.103201800162701 ], [ 38.441937745510302, 54.103269677982603 ], [ 38.441596772035602, 54.103355305514398 ], [ 38.441269823299798, 54.103458031146197 ], [ 38.440959387460197, 54.1035770731472 ], [ 38.4406678270703, 54.103711525613697 ], [ 38.440397361104601, 54.103860365359502 ], [ 38.440150048073598, 54.104022459699401 ], [ 38.439927770356597, 54.1041965750656 ], [ 38.439732219873598, 54.104381386392198 ], [ 38.439564885203602, 54.104575487195397 ], [ 38.439427040247502, 54.104777400275402 ], [ 38.439319734523799, 54.104985588954797 ], [ 38.439243785169197, 54.105198468772002 ], [ 38.439199770706203, 54.105414419537901 ], [ 38.439188026626297, 54.105631797665502 ], [ 38.4392086428211, 54.1058489486784 ], [ 38.439261462883202, 54.106064219802903 ], [ 38.439346085280903, 54.106275972547898 ], [ 38.439461866399398, 54.1064825951768 ], [ 38.439607925426301, 54.106682514976697 ], [ 38.439783151042299, 54.106874210231098 ], [ 38.439986209869502, 54.107056221805301 ], [ 38.440215556611001, 54.107227164255299 ], [ 38.440469445806301, 54.107385736377097 ], [ 38.440745945112397, 54.1075307311147 ], [ 38.4410429500101, 54.107661044751403 ], [ 38.441358199823597, 54.107775685314799 ], [ 38.441689294930697, 54.1078737801313 ], [ 38.442033715033901, 54.107954582472097 ], [ 38.442388838351, 54.108017477240203 ], [ 38.442751961581898, 54.108061985655098 ], [ 38.443120320495801, 54.108087768899502 ], [ 38.443491110984198, 54.108094630699398 ], [ 38.443861510418699, 54.108082518819899 ], [ 38.4442286991492, 54.108051525462002 ], [ 38.4445898819802, 54.108001886561297 ], [ 38.444942309459599, 54.1079339799902 ], [ 38.445283298819703, 54.107848322680603 ], [ 38.445610254407597, 54.107745566686198 ], [ 38.445920687452002, 54.107626494216497 ], [ 38.446212235013903, 54.107492011680002 ], [ 38.4464826779775, 54.107343142780699 ], [ 38.446729957943397, 54.107181020722699 ], [ 38.446952192896802, 54.107006879580403 ], [ 38.447147691529302, 54.1068220449013 ], [ 38.447314966107598, 54.106627923613402 ], [ 38.447452743790102, 54.106425993312101 ], [ 38.447559976305001, 54.106217791010899 ], [ 38.447635708238501, 54.106005401631201 ] ] ] } },
{ "type": "Feature", "properties": { "dataset_code": "SP", "source_file": "СП(2).kml", "placemark_index": 12, "organization_code": "SP", "organization_name_raw": "СП / Спасское", "farm_name_raw": "", "region_name_raw": "", "district_name_raw": "", "field_external_key": "SP:4.6", "field_code_raw": "4.6", "field_name_raw": "4.6", "field_code_unique_status": "unique", "source_fid": "18", "declared_area_ha": 30.28, "geometry_area_ha": 30.276228, "area_diff_ha": -0.003772, "area_diff_pct": -0.012459, "area_quality_status": "ok", "geometry_type": "Polygon", "polygon_count": 1, "inner_ring_count": 0, "geometry_valid": true, "geometry_validity_reason": "Valid Geometry", "centroid_lon": 38.460399832999997, "centroid_lat": 54.119612388, "representative_lon": 38.460399832999997, "representative_lat": 54.119612123000003, "centroid_within_geometry": true, "weather_point_lon_candidate": 38.460399832999997, "weather_point_lat_candidate": 54.119612388, "active_2026_candidate": true, "active_reason": "sp_irrigation_2026_flag_1", "season_year_candidate": null, "crop_raw": "картофель среднеспелый", "crop_code_candidate": "potato", "crop_parameter_set_candidate_key": "aquacrop_v7_3_reference_potato", "regional_crop_parameter_set_candidate_key": "aquacrop_v7_3_regional_potato_tula_oblast", "crop_parameter_candidate_status": "reference_selected_region_needs_confirmation", "crop_parameter_candidate_comment_ru": "В СП(2).kml регион не указан. Для безопасной первичной загрузки выбран reference potato; региональный набор potato_tula_oblast указан как кандидат и требует подтверждения, что СП относится к Тульской области/соответствующему региональному сценарию.", "sowing_date_raw": "", "calculation_ready": false, "calculation_blockers_json": [ "missing_sowing_date", "missing_soil_profile" ], "geometry_hash_sha256": "d31c2c4132cccf9f9b0f4993cd97c08e166e982835d143757eab82a8ec6d6600", "source_attributes_json": { "area_": "30.28", "crop": "картофель среднеспелый", "fid": "18", "kml_name": "4.6", "полив в 2026 году": "1" } }, "geometry": { "type": "Polygon", "coordinates": [ [ [ 38.465099148079602, 54.1191826980223 ], [ 38.465017356243102, 54.118944277102003 ], [ 38.464900421595203, 54.1187109416597 ], [ 38.464749234673398, 54.118484467537897 ], [ 38.464564946645297, 54.118266578331301 ], [ 38.464348960532803, 54.118058932271801 ], [ 38.4641029205224, 54.117863109612202 ], [ 38.4638286994415, 54.117680600604103 ], [ 38.463528384499, 54.117512794160099 ], [ 38.463204261396498, 54.117360967288697 ], [ 38.4628587969328, 54.117226275380403 ], [ 38.462494620232597, 54.117109743419299 ], [ 38.462114502743901, 54.117012258187202 ], [ 38.461721337154202, 54.116934561519003 ], [ 38.4613181153874, 54.116877244660301 ], [ 38.460907905846803, 54.1168407437711 ], [ 38.460493830078697, 54.116825336608798 ], [ 38.460079039032301, 54.1168311404154 ], [ 38.459666689096203, 54.116858111026502 ], [ 38.459259918094602, 54.116906043206399 ], [ 38.458861821423298, 54.116974572209799 ], [ 38.458475428508301, 54.117063176555 ], [ 38.458103679764697, 54.117171181990201 ], [ 38.457749404231002, 54.117297766621498 ], [ 38.457415298048602, 54.117441967163998 ], [ 38.457103903949999, 54.117602686268299 ], [ 38.456817591911602, 54.1177787008669 ], [ 38.4565585411179, 54.117968671478302 ], [ 38.456328723374398, 54.118171152395497 ], [ 38.456129888096001, 54.118384602684202 ], [ 38.455963548984599, 54.118607397905997 ], [ 38.455830972497097, 54.118837842477198 ], [ 38.455733168194001, 54.119074182570003 ], [ 38.455670881039602, 54.119314619457697 ], [ 38.455644585715, 54.1195573232024 ], [ 38.455654482986802, 54.119800446581202 ], [ 38.455700498159999, 54.1200421391449 ], [ 38.455782281627101, 54.120280561302302 ], [ 38.455899211510399, 54.120513898322599 ], [ 38.456050398377101, 54.120740374150103 ], [ 38.456234691992798, 54.120958264924496 ], [ 38.4564506900618, 54.121165912105702 ], [ 38.456696748888703, 54.121361735101502 ], [ 38.456970995879502, 54.121544243302402 ], [ 38.457271343788697, 54.121712047432801 ], [ 38.457595506603198, 54.121863870129999 ], [ 38.457941016942002, 54.121998555672299 ], [ 38.458305244840098, 54.122115078780602 ], [ 38.458685417772998, 54.122212552427598 ], [ 38.459078641769501, 54.122290234593201 ], [ 38.459481923450099, 54.122347533916901 ], [ 38.459892192826601, 54.1223840142016 ], [ 38.460306326684403, 54.122399397736402 ], [ 38.460721172372502, 54.122393567411898 ], [ 38.461133571817498, 54.122366567612502 ], [ 38.461540385579902, 54.122318603877702 ], [ 38.461938516767098, 54.122250041337203 ], [ 38.462324934622004, 54.122161401929098 ], [ 38.4626966976071, 54.122053360424601 ], [ 38.463050975806603, 54.121926739288398 ], [ 38.463385072477202, 54.121782502414199 ], [ 38.463696444581899, 54.121621747783401 ], [ 38.463982722151499, 54.1214456991028 ], [ 38.464241726324602, 54.121255696485299 ], [ 38.464471485930602, 54.121053186244502 ], [ 38.464670252487998, 54.120839709880997 ], [ 38.464836513505297, 54.120616892344898 ], [ 38.4649690039817, 54.120386429662801 ], [ 38.465066716022399, 54.120150076025801 ], [ 38.4651289064943, 54.119909630434101 ], [ 38.465155102665101, 54.1196669230022 ], [ 38.465145105782703, 54.119423801028098 ], [ 38.465099148079602, 54.1191826980223 ] ] ] } },
{ "type": "Feature", "properties": { "dataset_code": "SP", "source_file": "СП(2).kml", "placemark_index": 13, "organization_code": "SP", "organization_name_raw": "СП / Спасское", "farm_name_raw": "", "region_name_raw": "", "district_name_raw": "", "field_external_key": "SP:4.3", "field_code_raw": "4.3", "field_name_raw": "4.3", "field_code_unique_status": "unique", "source_fid": "19", "declared_area_ha": 46.95, "geometry_area_ha": 46.947028, "area_diff_ha": -0.002972, "area_diff_pct": -0.006331, "area_quality_status": "ok", "geometry_type": "Polygon", "polygon_count": 1, "inner_ring_count": 0, "geometry_valid": true, "geometry_validity_reason": "Valid Geometry", "centroid_lon": 38.444640937000003, "centroid_lat": 54.112379372, "representative_lon": 38.444640937000003, "representative_lat": 54.112379368, "centroid_within_geometry": true, "weather_point_lon_candidate": 38.444640937000003, "weather_point_lat_candidate": 54.112379372, "active_2026_candidate": true, "active_reason": "sp_irrigation_2026_flag_1", "season_year_candidate": null, "crop_raw": "картофель среднеспелый", "crop_code_candidate": "potato", "crop_parameter_set_candidate_key": "aquacrop_v7_3_reference_potato", "regional_crop_parameter_set_candidate_key": "aquacrop_v7_3_regional_potato_tula_oblast", "crop_parameter_candidate_status": "reference_selected_region_needs_confirmation", "crop_parameter_candidate_comment_ru": "В СП(2).kml регион не указан. Для безопасной первичной загрузки выбран reference potato; региональный набор potato_tula_oblast указан как кандидат и требует подтверждения, что СП относится к Тульской области/соответствующему региональному сценарию.", "sowing_date_raw": "", "calculation_ready": false, "calculation_blockers_json": [ "missing_sowing_date", "missing_soil_profile" ], "geometry_hash_sha256": "4821b8641abc80ea6f98bcd3adc23fb1a6173e0efefb8cb36065cd79a02d7468", "source_attributes_json": { "area_": "46.95", "crop": "картофель среднеспелый", "fid": "19", "kml_name": "4.3", "полив в 2026 году": "1" } }, "geometry": { "type": "Polygon", "coordinates": [ [ [ 38.450373766939798, 54.113248840795997 ], [ 38.450481213694701, 54.112952629878599 ], [ 38.450544207687699, 54.112652056575001 ], [ 38.4505622704202, 54.1123494086481 ], [ 38.450535265396802, 54.112046989601303 ], [ 38.4504633991343, 54.111747101145902 ], [ 38.4503472195602, 54.111452025682802 ], [ 38.450187611813199, 54.111164008934303 ], [ 38.449985791479897, 54.1108852428547 ], [ 38.449743295318498, 54.1106178489527 ], [ 38.449461969541801, 54.1103638621505 ], [ 38.449143955748198, 54.110125215303299 ], [ 38.448791674610398, 54.109903724496 ], [ 38.448407807443601, 54.109701075229097 ], [ 38.447995275796004, 54.1095188095995 ], [ 38.447557219215703, 54.109358314571502 ], [ 38.447096971363202, 54.109220811429502 ], [ 38.446618034652097, 54.1091073464898 ], [ 38.446124053609402, 54.109018783145203 ], [ 38.445618787157798, 54.108955795298499 ], [ 38.445106080031501, 54.108918862239101 ], [ 38.444589833540299, 54.108908264998298 ], [ 38.444073975905603, 54.108924084212703 ], [ 38.443562432392199, 54.108966199510498 ], [ 38.443059095462601, 54.109034290427601 ], [ 38.442567795179102, 54.109127838843698 ], [ 38.4420922700806, 54.109246132921903 ], [ 38.441636138751797, 54.109388272521699 ], [ 38.441202872303002, 54.109553176043597 ], [ 38.440795767967103, 54.1097395886542 ], [ 38.440417924017297, 54.109946091828299 ], [ 38.440072216192199, 54.1101711141377 ], [ 38.439761275810703, 54.110412943202199 ], [ 38.4394874697416, 54.110669738714201 ], [ 38.439252882381098, 54.110939546436903 ], [ 38.439059299774897, 54.111220313070497 ], [ 38.438908196006999, 54.1115099018729 ], [ 38.438800721958799, 54.111806108916298 ], [ 38.438737696524697, 54.112106679857298 ], [ 38.438719600352499, 54.112409327090397 ], [ 38.438746572155701, 54.112711747158002 ], [ 38.438818407628098, 54.113011638280803 ], [ 38.438934560968903, 54.113306717878601 ], [ 38.439094149008397, 54.113594739944901 ], [ 38.439295957902701, 54.113873512145901 ], [ 38.439538452348401, 54.114140912511203 ], [ 38.439819787246797, 54.114394905591197 ], [ 38.4401378217309, 54.114633557955997 ], [ 38.440490135447099, 54.114855052918799 ], [ 38.440874046969803, 54.1150577043719 ], [ 38.4412866342076, 54.115239969628 ], [ 38.441724756647297, 54.115400461170999 ], [ 38.4421850792641, 54.115537957224603 ], [ 38.442664097918602, 54.115651411059297 ], [ 38.443158166044398, 54.115739958966202 ], [ 38.443663522424004, 54.115802926837297 ], [ 38.4441763198407, 54.115839835300498 ], [ 38.444692654387602, 54.115850403372001 ], [ 38.445208595209102, 54.1158345505971 ], [ 38.4457202144498, 54.115792397663 ], [ 38.446223617178603, 54.1157242654795 ], [ 38.446714971062903, 54.115630672733801 ], [ 38.447190535563301, 54.1155123319392 ], [ 38.447646690427803, 54.115370144006903 ], [ 38.448079963266103, 54.115205191382401 ], [ 38.448487055995699, 54.115018729800099 ], [ 38.448864869955699, 54.1148121787175 ], [ 38.449210529498302, 54.114587110503102 ], [ 38.449521403877803, 54.114345238460302 ], [ 38.4497951272701, 54.114088403778503 ], [ 38.450029616771303, 54.113818561511103 ], [ 38.450223088237401, 54.113537765687603 ], [ 38.450373766939798, 54.113248840795997 ] ] ] } },
{ "type": "Feature", "properties": { "dataset_code": "SP", "source_file": "СП(2).kml", "placemark_index": 14, "organization_code": "SP", "organization_name_raw": "СП / Спасское", "farm_name_raw": "", "region_name_raw": "", "district_name_raw": "", "field_external_key": "SP:4.7:fid:20", "field_code_raw": "4.7", "field_name_raw": "4.7", "field_code_unique_status": "duplicate_code_disambiguated_by_fid", "source_fid": "20", "declared_area_ha": 74.55, "geometry_area_ha": 74.554683, "area_diff_ha": 0.004683, "area_diff_pct": 0.006282, "area_quality_status": "ok", "geometry_type": "Polygon", "polygon_count": 1, "inner_ring_count": 0, "geometry_valid": true, "geometry_validity_reason": "Valid Geometry", "centroid_lon": 38.458885519, "centroid_lat": 54.11158167, "representative_lon": 38.458885519, "representative_lat": 54.111581612000002, "centroid_within_geometry": true, "weather_point_lon_candidate": 38.458885519, "weather_point_lat_candidate": 54.11158167, "active_2026_candidate": false, "active_reason": "sp_no_irrigation_2026_flag_not_active", "season_year_candidate": null, "crop_raw": "", "crop_code_candidate": "", "crop_parameter_set_candidate_key": "", "regional_crop_parameter_set_candidate_key": "", "crop_parameter_candidate_status": "no_crop_in_kml", "crop_parameter_candidate_comment_ru": "В СП(2).kml культура не задана для этого поля.", "sowing_date_raw": "", "calculation_ready": false, "calculation_blockers_json": [ ], "geometry_hash_sha256": "d7e99016c440adef25c25ddb59d93d90547f9e1b76cf600698ddb5c0d68752e0", "source_attributes_json": { "area_": "74.55", "fid": "20", "kml_name": "4.7" } }, "geometry": { "type": "Polygon", "coordinates": [ [ [ 38.466347007249198, 54.111637721314501 ], [ 38.466326920281098, 54.111256277697301 ], [ 38.466250197295402, 54.1108773119646 ], [ 38.466117423758703, 54.110503708360199 ], [ 38.465929611658403, 54.110138310240501 ], [ 38.465688191756101, 54.1097838984386 ], [ 38.465395002658902, 54.109443170107298 ], [ 38.4650522767908, 54.1091187182002 ], [ 38.464662623373499, 54.108813011747202 ], [ 38.464229008545999, 54.108528377075402 ], [ 38.463754732775499, 54.108266980116397 ], [ 38.4632434057322, 54.108030809934803 ], [ 38.462698918818198, 54.107821663603097 ], [ 38.462125415560898, 54.107641132537999 ], [ 38.461527260095401, 54.107490590399898 ], [ 38.460909003974201, 54.107371182649899 ], [ 38.460275351557897, 54.107283817841797 ], [ 38.459631124248197, 54.107229160714702 ], [ 38.458981223833497, 54.107207627140397 ], [ 38.458330595226698, 54.107219380961702 ], [ 38.457684188876399, 54.1072643327471 ], [ 38.457046923135103, 54.107342140470699 ], [ 38.456423646871997, 54.107452212111802 ], [ 38.455819102610498, 54.107593710155598 ], [ 38.455237890472397, 54.107765557960001 ], [ 38.4546844332001, 54.1079664479402 ], [ 38.4541629425228, 54.108194851509701 ], [ 38.453677387121701, 54.108449030702303 ], [ 38.4532314624375, 54.108727051386602 ], [ 38.452828562549399, 54.109026797972803 ], [ 38.452471754339101, 54.1093459895012 ], [ 38.4521637541378, 54.1096821969887 ], [ 38.4519069070329, 54.110032861904202 ], [ 38.451703168992601, 54.110395315629503 ], [ 38.451554091946697, 54.110766799760498 ], [ 38.4514608119364, 54.111144487093803 ], [ 38.451424040424797, 54.111525503138402 ], [ 38.451444058836998, 54.111906947989702 ], [ 38.451520716370702, 54.112285918399699 ], [ 38.451653431096197, 54.112659529874598 ], [ 38.451841194339998, 54.113024938632499 ], [ 38.4520825783178, 54.113379363252903 ], [ 38.452375746962502, 54.113720105854597 ], [ 38.452718469863399, 54.114044572638498 ], [ 38.453108139214898, 54.114350293641301 ], [ 38.4535417896426, 54.114634941546498 ], [ 38.4540161207605, 54.114896349411403 ], [ 38.4545275222846, 54.115132527173998 ], [ 38.455072101514197, 54.115341676813102 ], [ 38.455645712971197, 54.115522206047103 ], [ 38.456243989970197, 54.115672740465698 ], [ 38.456862377880498, 54.115792134002199 ], [ 38.457496168824399, 54.115879477666702 ], [ 38.458140537547898, 54.115934106472501 ], [ 38.4587905781882, 54.115955604503803 ], [ 38.459441341659101, 54.115943808085099 ], [ 38.460087873365701, 54.1158988070286 ], [ 38.460725250962298, 54.115820943949899 ], [ 38.461348621862498, 54.115710811656697 ], [ 38.461953240216999, 54.115569248631502 ], [ 38.462534503074203, 54.115397332642303 ], [ 38.4630879854477, 54.115196372529802 ], [ 38.4636094740247, 54.114967898234298 ], [ 38.464094999253902, 54.114713649139098 ], [ 38.464540865572602, 54.114435560818002 ], [ 38.464943679538898, 54.114135750289996 ], [ 38.465300375656803, 54.113816499892302 ], [ 38.4656082396966, 54.113480239895999 ], [ 38.4658649293346, 54.113129529995497 ], [ 38.466068491954204, 54.112767039815701 ], [ 38.466217379474998, 54.112395528582397 ], [ 38.466310460096899, 54.1120178241136 ], [ 38.466347007249198, 54.111637721314501 ] ] ] } },
{ "type": "Feature", "properties": { "dataset_code": "SP", "source_file": "СП(2).kml", "placemark_index": 15, "organization_code": "SP", "organization_name_raw": "СП / Спасское", "farm_name_raw": "", "region_name_raw": "", "district_name_raw": "", "field_external_key": "SP:4.2", "field_code_raw": "4.2", "field_name_raw": "4.2", "field_code_unique_status": "unique", "source_fid": "21", "declared_area_ha": 56.09, "geometry_area_ha": 56.086048, "area_diff_ha": -0.003952, "area_diff_pct": -0.007045, "area_quality_status": "ok", "geometry_type": "Polygon", "polygon_count": 1, "inner_ring_count": 0, "geometry_valid": true, "geometry_validity_reason": "Valid Geometry", "centroid_lon": 38.436212718999997, "centroid_lat": 54.118286124999997, "representative_lon": 38.436968311999998, "representative_lat": 54.119123281, "centroid_within_geometry": true, "weather_point_lon_candidate": 38.436212718999997, "weather_point_lat_candidate": 54.118286124999997, "active_2026_candidate": false, "active_reason": "sp_no_irrigation_2026_flag_not_active", "season_year_candidate": null, "crop_raw": "", "crop_code_candidate": "", "crop_parameter_set_candidate_key": "", "regional_crop_parameter_set_candidate_key": "", "crop_parameter_candidate_status": "no_crop_in_kml", "crop_parameter_candidate_comment_ru": "В СП(2).kml культура не задана для этого поля.", "sowing_date_raw": "", "calculation_ready": false, "calculation_blockers_json": [ ], "geometry_hash_sha256": "f357ee62ed3a9e3cc8cd159d6b72c6ffea9ea654228c84ee30daa310756a2f17", "source_attributes_json": { "area_": "56.09", "fid": "21", "kml_name": "4.2" } }, "geometry": { "type": "Polygon", "coordinates": [ [ [ 38.442720132777602, 54.118467092045599 ], [ 38.442578261434001, 54.118077065368603 ], [ 38.442378934220699, 54.117695770144202 ], [ 38.442123669648197, 54.117326108162601 ], [ 38.441814411783596, 54.116970892604698 ], [ 38.441453515416697, 54.1166328266413 ], [ 38.441043728106997, 54.116314482871303 ], [ 38.440588169249096, 54.116018283755203 ], [ 38.440090306316698, 54.115746483191998 ], [ 38.439553928465898, 54.115501149380201 ], [ 38.438983117699202, 54.115284149090797 ], [ 38.438382217810002, 54.115097133474897 ], [ 38.437755801342199, 54.114941525509799 ], [ 38.437108634817903, 54.114818509181603 ], [ 38.436445642494597, 54.114729020484297 ], [ 38.435771868928398, 54.1146737403053 ], [ 38.4350924406262, 54.114653089249401 ], [ 38.434412527076802, 54.114667224441803 ], [ 38.433737301457597, 54.114716038333597 ], [ 38.4330719013128, 54.114799159519798 ], [ 38.432421389500902, 54.114915955561798 ], [ 38.431790715708701, 54.115065537794997 ], [ 38.431184678821502, 54.115246768084297 ], [ 38.430607890435702, 54.115458267475397 ], [ 38.430064739790197, 54.1156984266782 ], [ 38.429559360381802, 54.115965418301599 ], [ 38.429095598519403, 54.116257210747001 ], [ 38.428676984054697, 54.116571583656402 ], [ 38.428306703512703, 54.116906144795898 ], [ 38.427987575825902, 54.117258348249003 ], [ 38.427722030858199, 54.1176255137797 ], [ 38.427512090881997, 54.118004847219296 ], [ 38.4273593551505, 54.118393461722498 ], [ 38.4272649876836, 54.118788399729802 ], [ 38.427212008230399, 54.1190215596774 ], [ 38.4350226928578, 54.119225003217899 ], [ 38.4376372119943, 54.123531963499602 ], [ 38.438267968122503, 54.123382313941804 ], [ 38.438874062227903, 54.123201012747103 ], [ 38.439450880274798, 54.122989440219797 ], [ 38.439994031305403, 54.1227492071068 ], [ 38.4404993808825, 54.122482142323904 ], [ 38.4409630825715, 54.122190279022 ], [ 38.441381607221203, 54.121875839096703 ], [ 38.441751769820598, 54.121541216262699 ], [ 38.442070753727798, 54.121188957819797 ], [ 38.442336132086503, 54.120821745251497 ], [ 38.442545886267702, 54.120442373803499 ], [ 38.442698421197697, 54.1200537311977 ], [ 38.442792577456302, 54.119658775644901 ], [ 38.442827640054603, 54.119260513322601 ], [ 38.442803343826498, 54.118861975490901 ], [ 38.442720132777602, 54.118467092045599 ] ] ] } },
{ "type": "Feature", "properties": { "dataset_code": "SP", "source_file": "СП(2).kml", "placemark_index": 16, "organization_code": "SP", "organization_name_raw": "СП / Спасское", "farm_name_raw": "", "region_name_raw": "", "district_name_raw": "", "field_external_key": "SP:4.1", "field_code_raw": "4.1", "field_name_raw": "4.1", "field_code_unique_status": "unique", "source_fid": "22", "declared_area_ha": 49.19, "geometry_area_ha": 49.186283, "area_diff_ha": -0.003717, "area_diff_pct": -0.007557, "area_quality_status": "ok", "geometry_type": "Polygon", "polygon_count": 1, "inner_ring_count": 0, "geometry_valid": true, "geometry_validity_reason": "Valid Geometry", "centroid_lon": 38.416571822999998, "centroid_lat": 54.11938546, "representative_lon": 38.416816355000002, "representative_lat": 54.118628741000002, "centroid_within_geometry": true, "weather_point_lon_candidate": 38.416571822999998, "weather_point_lat_candidate": 54.11938546, "active_2026_candidate": true, "active_reason": "sp_irrigation_2026_flag_1", "season_year_candidate": null, "crop_raw": "картофель среднеспелый", "crop_code_candidate": "potato", "crop_parameter_set_candidate_key": "aquacrop_v7_3_reference_potato", "regional_crop_parameter_set_candidate_key": "aquacrop_v7_3_regional_potato_tula_oblast", "crop_parameter_candidate_status": "reference_selected_region_needs_confirmation", "crop_parameter_candidate_comment_ru": "В СП(2).kml регион не указан. Для безопасной первичной загрузки выбран reference potato; региональный набор potato_tula_oblast указан как кандидат и требует подтверждения, что СП относится к Тульской области/соответствующему региональному сценарию.", "sowing_date_raw": "", "calculation_ready": false, "calculation_blockers_json": [ "missing_sowing_date", "missing_soil_profile" ], "geometry_hash_sha256": "15e1a822c86332298807df40e521880808a1c22017e56e28cec467ac26dfe69d", "source_attributes_json": { "area_": "49.19", "crop": "картофель среднеспелый", "fid": "22", "kml_name": "4.1", "полив в 2026 году": "1" } }, "geometry": { "type": "Polygon", "coordinates": [ [ [ 38.417842344692197, 54.118048470719899 ], [ 38.412408603433903, 54.114705606484897 ], [ 38.4118943595616, 54.115010883118003 ], [ 38.411407703820501, 54.115402049112497 ], [ 38.411041079127898, 54.115739324708102 ], [ 38.410725995575099, 54.116094046054599 ], [ 38.410464852269399, 54.116463513755399 ], [ 38.410259638004298, 54.116844916121899 ], [ 38.410111916085803, 54.117235350563099 ], [ 38.410022812391702, 54.117631845667901 ], [ 38.409993006754597, 54.118031383814902 ], [ 38.410022727737797, 54.118430924135502 ], [ 38.410111750843299, 54.118827425656697 ], [ 38.410259400168698, 54.119217870447898 ], [ 38.4104645535012, 54.119599286593903 ], [ 38.4107256508115, 54.119968770821401 ], [ 38.411040706084101, 54.120323510604599 ], [ 38.411407322396798, 54.120660805582098 ], [ 38.411822710133301, 54.1209780881223 ], [ 38.412283708193399, 54.121272942879699 ], [ 38.412786808038703, 54.1215431251929 ], [ 38.413328180391801, 54.121786578184199 ], [ 38.413903704385497, 54.122001448429899 ], [ 38.414508998941102, 54.1221861000814 ], [ 38.415139456134298, 54.1223391273301 ], [ 38.415790276297102, 54.1224593651189 ], [ 38.416456504585099, 54.122545898021102 ], [ 38.417133068731601, 54.122598067216302 ], [ 38.417814817700901, 54.122615475510699 ], [ 38.418496560942899, 54.122597990365101 ], [ 38.4191731079516, 54.122545744903903 ], [ 38.419839307821697, 54.122459136901497 ], [ 38.4204900885032, 54.122338825750298 ], [ 38.421120495452499, 54.1221857274355 ], [ 38.421725729384498, 54.122001007555298 ], [ 38.422301182837103, 54.1217860724377 ], [ 38.422842475268901, 54.121542558425197 ], [ 38.423345486421901, 54.121272319406103 ], [ 38.423806387694398, 54.120977412689697 ], [ 38.424221671285302, 54.120660083332901 ], [ 38.424588176887902, 54.120322747037598 ], [ 38.424903115729101, 54.119967971749702 ], [ 38.425164091773503, 54.119598458100697 ], [ 38.4253691199294, 54.119217018840303 ], [ 38.425516641120403, 54.118826557417698 ], [ 38.417842344692197, 54.118048470719899 ] ] ] } },
{ "type": "Feature", "properties": { "dataset_code": "SP", "source_file": "СП(2).kml", "placemark_index": 17, "organization_code": "SP", "organization_name_raw": "СП / Спасское", "farm_name_raw": "", "region_name_raw": "", "district_name_raw": "", "field_external_key": "SP:7.15", "field_code_raw": "7.15", "field_name_raw": "7.15", "field_code_unique_status": "unique", "source_fid": "23", "declared_area_ha": 39.12, "geometry_area_ha": 39.124149, "area_diff_ha": 0.004149, "area_diff_pct": 0.010606, "area_quality_status": "ok", "geometry_type": "Polygon", "polygon_count": 1, "inner_ring_count": 0, "geometry_valid": true, "geometry_validity_reason": "Valid Geometry", "centroid_lon": 38.648688692999997, "centroid_lat": 54.087231451999997, "representative_lon": 38.648687756999998, "representative_lat": 54.087196251000002, "centroid_within_geometry": true, "weather_point_lon_candidate": 38.648688692999997, "weather_point_lat_candidate": 54.087231451999997, "active_2026_candidate": false, "active_reason": "sp_no_irrigation_2026_flag_not_active", "season_year_candidate": null, "crop_raw": "", "crop_code_candidate": "", "crop_parameter_set_candidate_key": "", "regional_crop_parameter_set_candidate_key": "", "crop_parameter_candidate_status": "no_crop_in_kml", "crop_parameter_candidate_comment_ru": "В СП(2).kml культура не задана для этого поля.", "sowing_date_raw": "", "calculation_ready": false, "calculation_blockers_json": [ ], "geometry_hash_sha256": "22581827d7e1152a2cda5e7bcc97a6575cc580863002176bd6eee4043b53697f", "source_attributes_json": { "area_": "39.12", "fid": "23", "kml_name": "7.15" } }, "geometry": { "type": "Polygon", "coordinates": [ [ [ 38.648260033371002, 54.084029081129302 ], [ 38.647954404832497, 54.084047346735197 ], [ 38.647587598047402, 54.0840843499615 ], [ 38.647225969512803, 54.0841360539902 ], [ 38.646871221361799, 54.084202215462803 ], [ 38.646525023365001, 54.084282522971201 ], [ 38.6461890050752, 54.084376598522503 ], [ 38.6458647481615, 54.084483999316603 ], [ 38.645553778967802, 54.084604219829401 ], [ 38.645257561330801, 54.084736694190902 ], [ 38.644977489691499, 54.084880798846903 ], [ 38.644714882532, 54.085035855492599 ], [ 38.644470976169899, 54.085201134263897 ], [ 38.644246918937199, 54.085375857170803 ], [ 38.644043765773198, 54.0855592017585 ], [ 38.643862473256199, 54.085750304976898 ], [ 38.643703895096401, 54.085948267241598 ], [ 38.643568778113099, 54.086152156667403 ], [ 38.643457758714, 54.086361013453804 ], [ 38.643371359893003, 54.086573854401898 ], [ 38.643309988762603, 54.086789677541901 ], [ 38.643273934629597, 54.087007466849499 ], [ 38.643263367626297, 54.0872261970285 ], [ 38.643278337902501, 54.087444838336999 ], [ 38.643318775380997, 54.087662361435598 ], [ 38.643384490080997, 54.087877742232997 ], [ 38.6434751730039, 54.088089966708502 ], [ 38.643590397582301, 54.088298035686201 ], [ 38.643729621680301, 54.08850096954 ], [ 38.644078797354801, 54.088409865624897 ], [ 38.6442856695096, 54.088653142542803 ], [ 38.643952164376103, 54.088762677162997 ], [ 38.644147626666701, 54.088952532978503 ], [ 38.644365076744698, 54.089133937303501 ], [ 38.6446034617762, 54.089306011597003 ], [ 38.644861627496603, 54.089467922493 ], [ 38.6451383237982, 54.089618885838497 ], [ 38.645432210783, 54.089758170492601 ], [ 38.6457418652519, 54.089885101869797 ], [ 38.646065787598303, 54.089999065208602 ], [ 38.646402409072003, 54.090099508550601 ], [ 38.646750099380299, 54.090185945415598 ], [ 38.647107174586701, 54.090257957158798 ], [ 38.647471905271203, 54.090315195 ], [ 38.647842524911098, 54.090357381713901 ], [ 38.6482172384422, 54.090384312973697 ], [ 38.6485942309587, 54.090395858341203 ], [ 38.648971676509802, 54.090391961899002 ], [ 38.649347746948997, 54.0903726425217 ], [ 38.649720620795797, 54.090337993784097 ], [ 38.650088492062899, 54.090288183507703 ], [ 38.650449579009802, 54.090223452947399 ], [ 38.650802132777599, 54.090144115622103 ], [ 38.651144445864603, 54.090050555795003 ], [ 38.651474860400199, 54.089943226611602 ], [ 38.651791776178598, 54.089822647903297 ], [ 38.652093658411303, 54.089689403668103 ], [ 38.652379045162697, 54.0895441392408 ], [ 38.652646554431399, 54.089387558165498 ], [ 38.652894890843598, 54.089220418786503 ], [ 38.653122851925403, 54.089043530573903 ], [ 38.653329333924503, 54.0888577502012 ], [ 38.6535133371532, 54.088663977395001 ], [ 38.653673970825203, 54.088463150575897 ], [ 38.653810457365203, 54.088256242312497 ], [ 38.653922136168902, 54.088044254609798 ], [ 38.654008466795901, 54.087828214055698 ], [ 38.654069031579503, 54.0876091668488 ], [ 38.654103537642797, 54.087388173730901 ], [ 38.654111818308102, 54.0871663048502 ], [ 38.654093833897001, 54.086944634578501 ], [ 38.654049671913697, 54.086724236309202 ], [ 38.653979546613598, 54.086506177258997 ], [ 38.653883797957903, 54.086291513301397 ], [ 38.653762889959602, 54.086081283854199 ], [ 38.653617408429803, 54.085876506847796 ], [ 38.653448058134501, 54.085678173797398 ], [ 38.6532556593761, 54.085487245003101 ], [ 38.653041144016797, 54.085304644902301 ], [ 38.652805550961901, 54.085131257594803 ], [ 38.652550021126501, 54.084967922564303 ], [ 38.652275791908799, 54.0848154306154 ], [ 38.651984191198203, 54.084674520046804 ], [ 38.651676630944898, 54.084545873078198 ], [ 38.651354600325, 54.084430112549498 ], [ 38.651019658531702, 54.084327798906699 ], [ 38.650969001615699, 54.084314869417902 ], [ 38.650890741191198, 54.084320505917901 ], [ 38.6506134461968, 54.084329082111303 ], [ 38.650533601517203, 54.084448426597298 ], [ 38.650238398951899, 54.084386312105998 ], [ 38.649937201701597, 54.084335104576503 ], [ 38.649631174200799, 54.084295001976201 ], [ 38.649321499546097, 54.084266159341098 ], [ 38.649009374925001, 54.084248688176402 ], [ 38.648696006990903, 54.0842426560258 ], [ 38.648696292880402, 54.084139756095098 ], [ 38.648533101117302, 54.084103259702303 ], [ 38.648260033371002, 54.084029081129302 ] ] ] } },
{ "type": "Feature", "properties": { "dataset_code": "SP", "source_file": "СП(2).kml", "placemark_index": 18, "organization_code": "SP", "organization_name_raw": "СП / Спасское", "farm_name_raw": "", "region_name_raw": "", "district_name_raw": "", "field_external_key": "SP:7.16", "field_code_raw": "7.16", "field_name_raw": "7.16", "field_code_unique_status": "unique", "source_fid": "24", "declared_area_ha": 32.51, "geometry_area_ha": 32.506889, "area_diff_ha": -0.003111, "area_diff_pct": -0.009568, "area_quality_status": "ok", "geometry_type": "Polygon", "polygon_count": 1, "inner_ring_count": 0, "geometry_valid": true, "geometry_validity_reason": "Valid Geometry", "centroid_lon": 38.650536672000001, "centroid_lat": 54.081433478000001, "representative_lon": 38.650458602999997, "representative_lat": 54.081391255, "centroid_within_geometry": true, "weather_point_lon_candidate": 38.650536672000001, "weather_point_lat_candidate": 54.081433478000001, "active_2026_candidate": false, "active_reason": "sp_no_irrigation_2026_flag_not_active", "season_year_candidate": null, "crop_raw": "", "crop_code_candidate": "", "crop_parameter_set_candidate_key": "", "regional_crop_parameter_set_candidate_key": "", "crop_parameter_candidate_status": "no_crop_in_kml", "crop_parameter_candidate_comment_ru": "В СП(2).kml культура не задана для этого поля.", "sowing_date_raw": "", "calculation_ready": false, "calculation_blockers_json": [ ], "geometry_hash_sha256": "0df7b1f6b85670c10489cde85f8d98df84d161ac244abaac007f61d7b502eac4", "source_attributes_json": { "area_": "32.51", "fid": "24", "kml_name": "7.16" } }, "geometry": { "type": "Polygon", "coordinates": [ [ [ 38.648260033371002, 54.084029081129302 ], [ 38.648324663379, 54.084025218475297 ], [ 38.648696630962597, 54.084018069332302 ], [ 38.648696292880402, 54.084139756095098 ], [ 38.6488548295439, 54.084175211142799 ], [ 38.649184263752197, 54.084233884244199 ], [ 38.649519820502498, 54.084278997024398 ], [ 38.649859887112697, 54.084310332671798 ], [ 38.650202829213001, 54.084327740587597 ], [ 38.650546998605698, 54.084331137110297 ], [ 38.6506134461968, 54.084329082111303 ], [ 38.650673427229101, 54.084239427490402 ], [ 38.650969001615699, 54.084314869417902 ], [ 38.651232404923, 54.084295898106298 ], [ 38.651570347752603, 54.084257431943598 ], [ 38.6519029455254, 54.084205292301398 ], [ 38.652228599792103, 54.084139729765504 ], [ 38.652545745493903, 54.0840610594311 ], [ 38.652852858488998, 54.083969659387201 ], [ 38.653148462879997, 54.0838659688986 ], [ 38.653431138110001, 54.083750486293901 ], [ 38.653699525791502, 54.083623766568799 ], [ 38.653952336235598, 54.083486418717698 ], [ 38.654188354650699, 54.083339102805603 ], [ 38.654406446979898, 54.083182526794197 ], [ 38.654605565349499, 54.083017443138701 ], [ 38.654784753103499, 54.082844645169999 ], [ 38.654943149397297, 54.0826649632805 ], [ 38.655079993331299, 54.082479260933198 ], [ 38.655194627603201, 54.082288430510197 ], [ 38.655286501661898, 54.082093389024003 ], [ 38.655355174347299, 54.081895073709902 ], [ 38.655400316004602, 54.0816944375212 ], [ 38.6554217100622, 54.081492444550001 ], [ 38.655419254065798, 54.081290065393802 ], [ 38.655392960164001, 54.081088272491797 ], [ 38.655342955043402, 54.080888035452098 ], [ 38.655269479312999, 54.080690316393202 ], [ 38.6551728863422, 54.080496065321597 ], [ 38.655053640556098, 54.080306215567703 ], [ 38.654912315199198, 54.080121679302003 ], [ 38.654749589574998, 54.079943343153801 ], [ 38.654566245778199, 54.079772063952099 ], [ 38.654363164932697, 54.079608664610198 ], [ 38.654141322955198, 54.079453930173102 ], [ 38.653901785863603, 54.079308604047696 ], [ 38.653645704653798, 54.079173384432103 ], [ 38.653374309768999, 54.079048920963103 ], [ 38.653088905188298, 54.078935811596203 ], [ 38.652790862162199, 54.0788345997344 ], [ 38.652481612626801, 54.078745771619097 ], [ 38.652162642326097, 54.0786697539953 ], [ 38.651835483677601, 54.078606912062199 ], [ 38.651501708413399, 54.078557547720301 ], [ 38.651162920033599, 54.078521898121402 ], [ 38.650820746107101, 54.078500134530401 ], [ 38.650476830457599, 54.078492361502498 ], [ 38.650132825271001, 54.078498616381601 ], [ 38.649790383163896, 54.078518869120899 ], [ 38.649451149248598, 54.078553022426703 ], [ 38.649116753235198, 54.0786009122263 ], [ 38.648788801607203, 54.078662308455002 ], [ 38.648468869907497, 54.0787369161607 ], [ 38.648158495174002, 54.078824376920501 ], [ 38.647859168558298, 54.078924270560996 ], [ 38.647572328164998, 54.079036117176102 ], [ 38.647299352144898, 54.079159379431204 ], [ 38.647542328070301, 54.079332658912797 ], [ 38.647317932078401, 54.0794488929103 ], [ 38.6471069029406, 54.079573483927398 ], [ 38.6469101390541, 54.079705901626902 ], [ 38.646728478117801, 54.079845582350998 ], [ 38.646562693566104, 54.079991931519999 ], [ 38.646413491274501, 54.080144326161701 ], [ 38.646281506553301, 54.0803021175632 ], [ 38.646167301440798, 54.080464634030598 ], [ 38.646071362307801, 54.080631183748601 ], [ 38.645994097784097, 54.080801057723903 ], [ 38.6459358370155, 54.080973532803597 ], [ 38.645896828259097, 54.081147874752503 ], [ 38.645516716663202, 54.081125858728697 ], [ 38.645488751254902, 54.0814970729203 ], [ 38.6455387798079, 54.081783378729099 ], [ 38.645593723698902, 54.081997730514097 ], [ 38.645674413825198, 54.082194475287402 ], [ 38.645778091596902, 54.082387460469498 ], [ 38.645904259119497, 54.082575758696599 ], [ 38.646052310403498, 54.082758465115397 ], [ 38.646221534271099, 54.082934701732 ], [ 38.646411117769802, 54.083103621632198 ], [ 38.646620150074597, 54.083264413053101 ], [ 38.646847626862602, 54.083416303285098 ], [ 38.647092455136701, 54.083558562386699 ], [ 38.647353458476999, 54.083690506694097 ], [ 38.647629382693601, 54.0838115021078 ], [ 38.647918901853899, 54.0839209671418 ], [ 38.648220624656197, 54.084018375719303 ], [ 38.648260033371002, 54.084029081129302 ] ] ] } },
{ "type": "Feature", "properties": { "dataset_code": "SP", "source_file": "СП(2).kml", "placemark_index": 19, "organization_code": "SP", "organization_name_raw": "СП / Спасское", "farm_name_raw": "", "region_name_raw": "", "district_name_raw": "", "field_external_key": "SP:7.13", "field_code_raw": "7.13", "field_name_raw": "7.13", "field_code_unique_status": "unique", "source_fid": "28", "declared_area_ha": 28.64, "geometry_area_ha": 28.64225, "area_diff_ha": 0.00225, "area_diff_pct": 0.007858, "area_quality_status": "ok", "geometry_type": "Polygon", "polygon_count": 1, "inner_ring_count": 0, "geometry_valid": true, "geometry_validity_reason": "Valid Geometry", "centroid_lon": 38.64038914, "centroid_lat": 54.092213203999997, "representative_lon": 38.640557788000002, "representative_lat": 54.092160602, "centroid_within_geometry": true, "weather_point_lon_candidate": 38.64038914, "weather_point_lat_candidate": 54.092213203999997, "active_2026_candidate": true, "active_reason": "sp_irrigation_2026_flag_1", "season_year_candidate": null, "crop_raw": "картофель среднеспелый", "crop_code_candidate": "potato", "crop_parameter_set_candidate_key": "aquacrop_v7_3_reference_potato", "regional_crop_parameter_set_candidate_key": "aquacrop_v7_3_regional_potato_tula_oblast", "crop_parameter_candidate_status": "reference_selected_region_needs_confirmation", "crop_parameter_candidate_comment_ru": "В СП(2).kml регион не указан. Для безопасной первичной загрузки выбран reference potato; региональный набор potato_tula_oblast указан как кандидат и требует подтверждения, что СП относится к Тульской области/соответствующему региональному сценарию.", "sowing_date_raw": "", "calculation_ready": false, "calculation_blockers_json": [ "missing_sowing_date", "missing_soil_profile" ], "geometry_hash_sha256": "d9fbc41c5ccb9e5dea5ea35674e53cbfa45a1e14389f515cdb52f873ccbc7c8e", "source_attributes_json": { "area_": "28.64", "crop": "картофель среднеспелый", "fid": "28", "kml_name": "7.13", "полив в 2026 году": "1" } }, "geometry": { "type": "Polygon", "coordinates": [ [ [ 38.644305823347203, 54.093743297529599 ], [ 38.644463386515199, 54.093595875304501 ], [ 38.6446186674576, 54.093425350662201 ], [ 38.644753436965601, 54.093248901464499 ], [ 38.6448670451665, 54.093067378915798 ], [ 38.644958944293897, 54.092881658683503 ], [ 38.645028691324903, 54.092692636672702 ], [ 38.645075950112599, 54.092501224704002 ], [ 38.645100493001003, 54.092308346114002 ], [ 38.645102201918, 54.092114931301303 ], [ 38.645081068938502, 54.091921913238302 ], [ 38.6450371963167, 54.091730222970497 ], [ 38.644970795986701, 54.091540785126099 ], [ 38.644882188534098, 54.091354513456302 ], [ 38.6445180521143, 54.091422469440097 ], [ 38.644422146078199, 54.0912632829152 ], [ 38.644308597878798, 54.0911081592591 ], [ 38.644177901682198, 54.090957773311899 ], [ 38.644030626235697, 54.090812779295597 ], [ 38.643867412391501, 54.090673807969502 ], [ 38.643688970316497, 54.090541463886602 ], [ 38.643496076401298, 54.090416322764703 ], [ 38.643289569881198, 54.090298928982399 ], [ 38.643070349185201, 54.090189793212602 ], [ 38.642839368026998, 54.0900893902013 ], [ 38.6425976312564, 54.089998156703302 ], [ 38.642346190489, 54.089916489583501 ], [ 38.642086139532502, 54.089844744091103 ], [ 38.641818609630199, 54.089783232315099 ], [ 38.641544764541699, 54.089732221827298 ], [ 38.641648087172001, 54.0895160047451 ], [ 38.641332955139802, 54.0894707425946 ], [ 38.641013293213199, 54.089438264932397 ], [ 38.640690600170402, 54.089418724035099 ], [ 38.640366388993499, 54.089412211523999 ], [ 38.640042179778597, 54.089418757935299 ], [ 38.639719492612798, 54.089438332577103 ], [ 38.639399840451901, 54.089470843673098 ], [ 38.639084722030098, 54.089516138792703 ], [ 38.638775614838003, 54.089574005565296 ], [ 38.638473968198099, 54.0896441726753 ], [ 38.638181196472999, 54.089726311133496 ], [ 38.637898672437203, 54.089820035818803 ], [ 38.637627720842403, 54.089924907282601 ], [ 38.637369612208097, 54.090040433808902 ], [ 38.637125556866202, 54.090166073717803 ], [ 38.6368966992856, 54.090301237904796 ], [ 38.636684112706902, 54.090445292601302 ], [ 38.636488794108402, 54.090597562345401 ], [ 38.636311659530698, 54.090757333147501 ], [ 38.636153539778597, 54.090923855837303 ], [ 38.636015176523102, 54.091096349575302 ], [ 38.635897218819899, 54.091274005513299 ], [ 38.635800220062499, 54.091455990586198 ], [ 38.635724635382203, 54.091641451417701 ], [ 38.6356708195094, 54.091829518321099 ], [ 38.635639025104702, 54.092019309377299 ], [ 38.636020296825102, 54.092033653431699 ], [ 38.6360114327587, 54.0922062725286 ], [ 38.636022384904699, 54.092378850200397 ], [ 38.6360531036784, 54.092550601243097 ], [ 38.636103449555399, 54.092720744204698 ], [ 38.636173193702398, 54.092888504939999 ], [ 38.636262019013799, 54.093053120133803 ], [ 38.636369521550797, 54.093213840774403 ], [ 38.636495212375202, 54.093369935562102 ], [ 38.636638519771203, 54.093520694237498 ], [ 38.636798791843397, 54.093665430814099 ], [ 38.636975299480802, 54.093803486700502 ], [ 38.637167239672102, 54.093934233698 ], [ 38.637373739158299, 54.094057076860103 ], [ 38.637593858404898, 54.0941714572009 ], [ 38.637826595876902, 54.094276854239297 ], [ 38.637603757837297, 54.0944592871571 ], [ 38.637877548297801, 54.094566570722797 ], [ 38.638163348233, 54.094662424112698 ], [ 38.638459778868302, 54.0947463848807 ], [ 38.638765410113898, 54.094818047954398 ], [ 38.6390787674667, 54.094877067590701 ], [ 38.639398339127197, 54.094923159044498 ], [ 38.639722583297598, 54.094956099943502 ], [ 38.6400499356238, 54.094975731361302 ], [ 38.6403788167475, 54.094981958585201 ], [ 38.640707639930497, 54.094974751572401 ], [ 38.641034818714502, 54.094954145095997 ], [ 38.641358774580198, 54.094920238576599 ], [ 38.641677944567398, 54.094873195602403 ], [ 38.641990788819697, 54.094813243139299 ], [ 38.642261460671598, 54.0947488405819 ], [ 38.642321972646698, 54.094698440808202 ], [ 38.6425320246532, 54.094544634462601 ], [ 38.642688075393998, 54.094623055396703 ], [ 38.6428764701934, 54.094559124038497 ], [ 38.643149331837598, 54.094451026224 ], [ 38.643408769282402, 54.094332055698999 ], [ 38.643653531007502, 54.094202786430998 ], [ 38.643882436327203, 54.094063842067399 ], [ 38.644088791781201, 54.0939197945874 ], [ 38.644006937792099, 54.093833792761302 ], [ 38.644305823347203, 54.093743297529599 ] ] ] } },
{ "type": "Feature", "properties": { "dataset_code": "SP", "source_file": "СП(2).kml", "placemark_index": 20, "organization_code": "SP", "organization_name_raw": "СП / Спасское", "farm_name_raw": "", "region_name_raw": "", "district_name_raw": "", "field_external_key": "SP:7.14", "field_code_raw": "7.14", "field_name_raw": "7.14", "field_code_unique_status": "unique", "source_fid": "29", "declared_area_ha": 38.87, "geometry_area_ha": 38.872654, "area_diff_ha": 0.002654, "area_diff_pct": 0.006828, "area_quality_status": "ok", "geometry_type": "Polygon", "polygon_count": 1, "inner_ring_count": 0, "geometry_valid": true, "geometry_validity_reason": "Valid Geometry", "centroid_lon": 38.646731092000003, "centroid_lat": 54.096637512000001, "representative_lon": 38.64684699, "representative_lat": 54.096689265999998, "centroid_within_geometry": true, "weather_point_lon_candidate": 38.646731092000003, "weather_point_lat_candidate": 54.096637512000001, "active_2026_candidate": true, "active_reason": "sp_irrigation_2026_flag_1", "season_year_candidate": null, "crop_raw": "картофель среднеспелый", "crop_code_candidate": "potato", "crop_parameter_set_candidate_key": "aquacrop_v7_3_reference_potato", "regional_crop_parameter_set_candidate_key": "aquacrop_v7_3_regional_potato_tula_oblast", "crop_parameter_candidate_status": "reference_selected_region_needs_confirmation", "crop_parameter_candidate_comment_ru": "В СП(2).kml регион не указан. Для безопасной первичной загрузки выбран reference potato; региональный набор potato_tula_oblast указан как кандидат и требует подтверждения, что СП относится к Тульской области/соответствующему региональному сценарию.", "sowing_date_raw": "", "calculation_ready": false, "calculation_blockers_json": [ "missing_sowing_date", "missing_soil_profile" ], "geometry_hash_sha256": "c548d4978ce1e369af8b051ef08f4d1c3cd90885d761d7863fe626651042a20a", "source_attributes_json": { "area_": "38.87", "crop": "картофель среднеспелый", "fid": "29", "kml_name": "7.14", "полив в 2026 году": "1" } }, "geometry": { "type": "Polygon", "coordinates": [ [ [ 38.644305823347203, 54.093743297529599 ], [ 38.644288342986499, 54.0937596527571 ], [ 38.644094381086397, 54.093915892925402 ], [ 38.644088791781201, 54.0939197945874 ], [ 38.644193483122798, 54.094029790416997 ], [ 38.643938676024703, 54.094119477508698 ], [ 38.643693290780099, 54.094217825101097 ], [ 38.643458178280703, 54.094324492195298 ], [ 38.643234153818099, 54.094439108943703 ], [ 38.643021994256998, 54.094561277931 ], [ 38.642822435341998, 54.094690575552299 ], [ 38.642688075393998, 54.094623055396703 ], [ 38.642591500666597, 54.094655827625601 ], [ 38.642295798018203, 54.094740670435698 ], [ 38.642261460671598, 54.0947488405819 ], [ 38.642128495706402, 54.094859585133499 ], [ 38.6419523339611, 54.095027451159901 ], [ 38.641794161344599, 54.095201396894701 ], [ 38.641654583015601, 54.095380757085699 ], [ 38.641534133040302, 54.095564845764201 ], [ 38.6414332723472, 54.095752958867998 ], [ 38.6413523869602, 54.095944376933602 ], [ 38.641725923141202, 54.095991753214697 ], [ 38.641665240003199, 54.096189174660701 ], [ 38.641627420538299, 54.096388557022699 ], [ 38.6416126384023, 54.096588986535401 ], [ 38.641620961675599, 54.096789544621203 ], [ 38.641652352545499, 54.0969893121 ], [ 38.641706667472803, 54.0971873734022 ], [ 38.641331672538797, 54.097230584653197 ], [ 38.641416153070502, 54.097444548765999 ], [ 38.6415254916881, 54.097654587340003 ], [ 38.641659170055298, 54.0978597039432 ], [ 38.641816554340203, 54.098058925479002 ], [ 38.641996898216, 54.098251306804698 ], [ 38.642199346396602, 54.098435935215903 ], [ 38.642422938689897, 54.098611934778198 ], [ 38.642666614549199, 54.098778470484802 ], [ 38.642929218102203, 54.0989347522194 ], [ 38.643209503633202, 54.099080038506798 ], [ 38.643506141492203, 54.099213640031998 ], [ 38.643817724403299, 54.099334922912902 ], [ 38.6441427741428, 54.099443311709102 ], [ 38.644479748554303, 54.099538292153902 ], [ 38.644827048868599, 54.099619413595398 ], [ 38.645183027292099, 54.0996862911364 ], [ 38.645545994829703, 54.099738607461497 ], [ 38.645914229303301, 54.099776114343697 ], [ 38.646285983527399, 54.099798633823099 ], [ 38.646659493605497, 54.099806059051403 ], [ 38.647032987304499, 54.099798354799503 ], [ 38.647404692469799, 54.099775557624803 ], [ 38.647772845439199, 54.099737775697299 ], [ 38.648135699416898, 54.099685188286102 ], [ 38.648491532767103, 54.099618044908297 ], [ 38.648838657187902, 54.099536664143997 ], [ 38.649175425726, 54.099441432124102 ], [ 38.649500240595202, 54.099332800696601 ], [ 38.649811560760398, 54.099211285281598 ], [ 38.650107909252299, 54.099077462424397 ], [ 38.6503878801756, 54.098931967058398 ], [ 38.6506501453811, 54.098775489490599 ], [ 38.650893460766603, 54.098608772125502 ], [ 38.651116672177999, 54.098432605940303 ], [ 38.651318720883502, 54.098247826730898 ], [ 38.651498648593602, 54.098055311145004 ], [ 38.651655602003501, 54.097855972521501 ], [ 38.651788836836801, 54.097650756555602 ], [ 38.651897721371199, 54.097440636811797 ], [ 38.651981739429203, 54.0972266101031 ], [ 38.652040492820397, 54.097009691762104 ], [ 38.6520737032235, 54.096790910823103 ], [ 38.652081213499102, 54.096571305140003 ], [ 38.652062988427303, 54.096351916462801 ], [ 38.652019114867699, 54.096133785496001 ], [ 38.651949801338901, 54.0959179469614 ], [ 38.651855377022699, 54.095705424690799 ], [ 38.651736290194499, 54.09549722677 ], [ 38.6515931060908, 54.095294340757697 ], [ 38.651426504221597, 54.095097729002198 ], [ 38.651237275141398, 54.094908324078297 ], [ 38.651026316694598, 54.094727024364502 ], [ 38.650794629752802, 54.094554689784097 ], [ 38.650543313463899, 54.094392137727702 ], [ 38.650273560036602, 54.094240139177899 ], [ 38.649986649084397, 54.094099415054302 ], [ 38.649683941555097, 54.093970632796001 ], [ 38.649366873277401, 54.093854403197597 ], [ 38.649036948151299, 54.093751277513803 ], [ 38.648695731018002, 54.093661744846401 ], [ 38.648344840240703, 54.093586229826101 ], [ 38.647985940033202, 54.093525090599996 ], [ 38.647620732570999, 54.093478617133499 ], [ 38.647250949923297, 54.093447029836497 ], [ 38.646878345843298, 54.093430478518499 ], [ 38.646504687457004, 54.093429041678696 ], [ 38.6461317468872, 54.093442726133397 ], [ 38.645761292855603, 54.093471466984496 ], [ 38.645395082299402, 54.093515127926501 ], [ 38.645034852045001, 54.093573501892301 ], [ 38.644682310575398, 54.093646312035098 ], [ 38.644339129932703, 54.093733213040103 ], [ 38.644305823347203, 54.093743297529599 ] ] ] } },
{ "type": "Feature", "properties": { "dataset_code": "SP", "source_file": "СП(2).kml", "placemark_index": 21, "organization_code": "SP", "organization_name_raw": "СП / Спасское", "farm_name_raw": "", "region_name_raw": "", "district_name_raw": "", "field_external_key": "SP:7.19", "field_code_raw": "7.19", "field_name_raw": "7.19", "field_code_unique_status": "unique", "source_fid": "33", "declared_area_ha": 31.65, "geometry_area_ha": 31.65224, "area_diff_ha": 0.00224, "area_diff_pct": 0.007076, "area_quality_status": "ok", "geometry_type": "Polygon", "polygon_count": 1, "inner_ring_count": 0, "geometry_valid": true, "geometry_validity_reason": "Valid Geometry", "centroid_lon": 38.674657996000001, "centroid_lat": 54.085205236, "representative_lon": 38.674654572999998, "representative_lat": 54.085234747000001, "centroid_within_geometry": true, "weather_point_lon_candidate": 38.674657996000001, "weather_point_lat_candidate": 54.085205236, "active_2026_candidate": false, "active_reason": "sp_no_irrigation_2026_flag_not_active", "season_year_candidate": null, "crop_raw": "", "crop_code_candidate": "", "crop_parameter_set_candidate_key": "", "regional_crop_parameter_set_candidate_key": "", "crop_parameter_candidate_status": "no_crop_in_kml", "crop_parameter_candidate_comment_ru": "В СП(2).kml культура не задана для этого поля.", "sowing_date_raw": "", "calculation_ready": false, "calculation_blockers_json": [ ], "geometry_hash_sha256": "873c618a68a2c41ec898f04c933a8b5ac954605983af0443a611e8674eb7d2cc", "source_attributes_json": { "area_": "31.65", "fid": "33", "kml_name": "7.19" } }, "geometry": { "type": "Polygon", "coordinates": [ [ [ 38.675652306902897, 54.088084750995002 ], [ 38.675575549719603, 54.087864745152302 ], [ 38.675870870970201, 54.0878230958103 ], [ 38.676160852579599, 54.087770041091602 ], [ 38.676444221583402, 54.0877058139017 ], [ 38.676719734062203, 54.087630696190601 ], [ 38.676986180604203, 54.087545017714604 ], [ 38.677180496773502, 54.087738377858997 ], [ 38.677441695362099, 54.087641077989197 ], [ 38.677692086273701, 54.087534409348699 ], [ 38.677930698671602, 54.087418785559699 ], [ 38.6781566074146, 54.087294654965902 ], [ 38.678368936644702, 54.087162498892397 ], [ 38.678566863182503, 54.087022829779102 ], [ 38.6787496197189, 54.086876189192303 ], [ 38.678916497788599, 54.0867231457242 ], [ 38.678588643127, 54.086607883813699 ], [ 38.678732941930598, 54.086454955938599 ], [ 38.678860065671103, 54.086296847668599 ], [ 38.678969479206501, 54.086134224826303 ], [ 38.679060721992798, 54.085967772238298 ], [ 38.679133410019702, 54.085798190850198 ], [ 38.6791872374246, 54.085626194774903 ], [ 38.679221977776798, 54.085452508284298 ], [ 38.679237485027102, 54.085277862760002 ], [ 38.679233694118899, 54.085102993612402 ], [ 38.6792106212581, 54.084928637184603 ], [ 38.679168363840503, 54.084755527651502 ], [ 38.679544512093102, 54.084716424813202 ], [ 38.679473208958903, 54.084519280374003 ], [ 38.679378942749501, 54.084325497982597 ], [ 38.679262162996402, 54.084136001088098 ], [ 38.6791234264956, 54.083951692705398 ], [ 38.678963394648498, 54.083773451112798 ], [ 38.6787828303056, 54.083602125667703 ], [ 38.678582594127903, 54.083438532760802 ], [ 38.678363640481599, 54.083283451927002 ], [ 38.678127012888503, 54.083137622132298 ], [ 38.677873839051699, 54.0830017382535 ], [ 38.677605325480599, 54.0828764477695 ], [ 38.677322751742501, 54.082762347676599 ], [ 38.677027464365402, 54.082659981645897 ], [ 38.6767208704239, 54.082569837433702 ], [ 38.6764044308363, 54.082492344559 ], [ 38.676079653406497, 54.082427872257597 ], [ 38.675748085643001, 54.082376727724302 ], [ 38.675411307389197, 54.082339154649702 ], [ 38.675070923299899, 54.082315332059999 ], [ 38.674728555200304, 54.082305373464003 ], [ 38.674385834363598, 54.082309326313201 ], [ 38.674044393742498, 54.082327171775397 ], [ 38.673705860194701, 54.082358824824396 ], [ 38.6733718467353, 54.082404134645003 ], [ 38.673043944856502, 54.082462885350999 ], [ 38.672723716948703, 54.082534797012997 ], [ 38.67241268886, 54.082619526991699 ], [ 38.672112342629603, 54.082716671569301 ], [ 38.6718241094284, 54.082825767872102 ], [ 38.671549362742901, 54.082946296074503 ], [ 38.671289411831502, 54.083077681875103 ], [ 38.671045495487199, 54.083219299231303 ], [ 38.670818776134603, 54.083370473341098 ], [ 38.670610334290302, 54.083530483857302 ], [ 38.670921414471998, 54.083660810795003 ], [ 38.670750692388403, 54.083812236619799 ], [ 38.670597708338697, 54.0839700809086 ], [ 38.670463157654801, 54.0841336264522 ], [ 38.670347651933497, 54.084302130127703 ], [ 38.670251716254597, 54.084474826273798 ], [ 38.6701757867908, 54.084650930169602 ], [ 38.670120208821899, 54.084829641599597 ], [ 38.670085235161103, 54.085010148489097 ], [ 38.670071025002102, 54.085191630594302 ], [ 38.670077643189998, 54.085373263229101 ], [ 38.670105059922697, 54.0855542210127 ], [ 38.670153150880601, 54.085733681620503 ], [ 38.6702216977869, 54.0859108295206 ], [ 38.6698522885386, 54.085968002118797 ], [ 38.669950701839902, 54.086160597017503 ], [ 38.670071432617704, 54.086348752002102 ], [ 38.670213908353396, 54.086531574357998 ], [ 38.6703774533323, 54.086708196660503 ], [ 38.6705612918445, 54.086877780891101 ], [ 38.670764551862199, 54.087039522415097 ], [ 38.670986269173802, 54.0871926538004 ], [ 38.671225391956597, 54.087336448460597 ], [ 38.671480785765702, 54.087470224103697 ], [ 38.671751238916102, 54.087593345970703 ], [ 38.672035468232103, 54.087705229849398 ], [ 38.672332125136499, 54.087805344847403 ], [ 38.672639802051002, 54.0878932159127 ], [ 38.672957039077502, 54.087968426089397 ], [ 38.673282330928203, 54.088030618496298 ], [ 38.6736141340714, 54.088079498022601 ], [ 38.673950874060303, 54.088114832727904 ], [ 38.6742909530074, 54.088136454944298 ], [ 38.674632757171899, 54.088144262071701 ], [ 38.674974664621701, 54.088138217065797 ], [ 38.675315052934899, 54.088118348613001 ], [ 38.675652306902897, 54.088084750995002 ] ] ] } },
{ "type": "Feature", "properties": { "dataset_code": "SP", "source_file": "СП(2).kml", "placemark_index": 22, "organization_code": "SP", "organization_name_raw": "СП / Спасское", "farm_name_raw": "", "region_name_raw": "", "district_name_raw": "", "field_external_key": "SP:7.18", "field_code_raw": "7.18", "field_name_raw": "7.18", "field_code_unique_status": "unique", "source_fid": "34", "declared_area_ha": 38.66, "geometry_area_ha": 38.664479, "area_diff_ha": 0.004479, "area_diff_pct": 0.011586, "area_quality_status": "ok", "geometry_type": "Polygon", "polygon_count": 1, "inner_ring_count": 0, "geometry_valid": true, "geometry_validity_reason": "Valid Geometry", "centroid_lon": 38.672898226999997, "centroid_lat": 54.093132076000003, "representative_lon": 38.672810878, "representative_lat": 54.093084064000003, "centroid_within_geometry": true, "weather_point_lon_candidate": 38.672898226999997, "weather_point_lat_candidate": 54.093132076000003, "active_2026_candidate": true, "active_reason": "sp_irrigation_2026_flag_1", "season_year_candidate": null, "crop_raw": "картофель среднеспелый", "crop_code_candidate": "potato", "crop_parameter_set_candidate_key": "aquacrop_v7_3_reference_potato", "regional_crop_parameter_set_candidate_key": "aquacrop_v7_3_regional_potato_tula_oblast", "crop_parameter_candidate_status": "reference_selected_region_needs_confirmation", "crop_parameter_candidate_comment_ru": "В СП(2).kml регион не указан. Для безопасной первичной загрузки выбран reference potato; региональный набор potato_tula_oblast указан как кандидат и требует подтверждения, что СП относится к Тульской области/соответствующему региональному сценарию.", "sowing_date_raw": "", "calculation_ready": false, "calculation_blockers_json": [ "missing_sowing_date", "missing_soil_profile" ], "geometry_hash_sha256": "ce2c9f17c72a61e22587617923e83f1af2d934b6176a7da86569656639133cb6", "source_attributes_json": { "area_": "38.66", "crop": "картофель среднеспелый", "fid": "34", "kml_name": "7.18", "полив в 2026 году": "1" } }, "geometry": { "type": "Polygon", "coordinates": [ [ [ 38.6688354613512, 54.090923202276599 ], [ 38.668597324069701, 54.091098957423704 ], [ 38.668380385091403, 54.091283954056301 ], [ 38.668185678975803, 54.091477310193198 ], [ 38.668014134325098, 54.091678103985799 ], [ 38.667866569353002, 54.091885378112202 ], [ 38.667743687978103, 54.092098144339303 ], [ 38.6676460764618, 54.092315388233999 ], [ 38.667574200606602, 54.092536073997998 ], [ 38.667528403527498, 54.092759149406099 ], [ 38.667508904008997, 54.092983550822296 ], [ 38.667515795453298, 54.093208208271001 ], [ 38.667549045427499, 54.093432050538503 ], [ 38.667608495809603, 54.093654010281099 ], [ 38.667693863534701, 54.093873029114498 ], [ 38.667804741937097, 54.094088062661498 ], [ 38.667940602681597, 54.0942980855326 ], [ 38.668100798276697, 54.094502096216601 ], [ 38.668284565155098, 54.094699121857801 ], [ 38.668491027309898, 54.0948882228965 ], [ 38.668719200467002, 54.095068497550699 ], [ 38.668967996775201, 54.095239086118603 ], [ 38.669236229990403, 54.095399175079997 ], [ 38.669522621131499, 54.095548000977402 ], [ 38.669825804577997, 54.095684854058803 ], [ 38.670144334583199, 54.095809081664498 ], [ 38.670476692169402, 54.095920091341 ], [ 38.670821292374399, 54.0960173536686 ], [ 38.671176491812602, 54.096100404787101 ], [ 38.671540596516699, 54.096168848609999 ], [ 38.671911870020097, 54.096222358714598 ], [ 38.6722885416441, 54.096260679899501 ], [ 38.6726688149474, 54.096283629402599 ], [ 38.673050876300003, 54.096291097773701 ], [ 38.673432903538703, 54.096283049396099 ], [ 38.673813074663599, 54.096259522657299 ], [ 38.674189576533898, 54.096220629765199 ], [ 38.6745606135214, 54.096166556212701 ], [ 38.674924416079499, 54.096097559892499 ], [ 38.675279249188499, 54.0960139698661 ], [ 38.675623420634501, 54.095916184793602 ], [ 38.675955289084399, 54.095804671030699 ], [ 38.676273271916898, 54.095679960403601 ], [ 38.6765758527728, 54.095542647670797 ], [ 38.676861588788199, 54.095393387685199 ], [ 38.677129117476497, 54.095232892269202 ], [ 38.677377163225898, 54.095061926818197 ], [ 38.677604543381399, 54.094881306648702 ], [ 38.6778101738823, 54.094691893108497 ], [ 38.677416228801, 54.094556853320299 ], [ 38.677582603405398, 54.094375105430899 ], [ 38.677727393183403, 54.094187081774898 ], [ 38.677849917388798, 54.093993666754997 ], [ 38.677949600030402, 54.093795770120501 ], [ 38.678025972576201, 54.093594322687302 ], [ 38.678078676151003, 54.093390271958903 ], [ 38.678107463218701, 54.093184577669597 ], [ 38.678112198739598, 54.092978207269603 ], [ 38.678092860798998, 54.092772131374801 ], [ 38.678049540703597, 54.092567319201599 ], [ 38.677982442545698, 54.092364734009003 ], [ 38.677891882235997, 54.092165328568001 ], [ 38.677778286012497, 54.0919700406819 ], [ 38.677642188429303, 54.0917797887763 ], [ 38.677484229837503, 54.091595467580603 ], [ 38.677305153368799, 54.091417943921499 ], [ 38.677105801436298, 54.091248052647401 ], [ 38.676887111769297, 54.091086592704201 ], [ 38.676650113000399, 54.090934323378598 ], [ 38.676395919826497, 54.090791960729803 ], [ 38.6766498009655, 54.090624139249698 ], [ 38.676377505486002, 54.0904907645318 ], [ 38.676091167464499, 54.090367973451002 ], [ 38.675791975297898, 54.090256275582199 ], [ 38.675481170696301, 54.0901561344605 ], [ 38.675160043530802, 54.090067965659003 ], [ 38.674829926483199, 54.089992135064797 ], [ 38.674492189518297, 54.089928957361998 ], [ 38.674148234200999, 54.089878694726302 ], [ 38.674068064816197, 54.090098280021401 ], [ 38.673731694269897, 54.0900626976347 ], [ 38.673392035055798, 54.090040388061396 ], [ 38.673050600794198, 54.090031450721298 ], [ 38.672708913011199, 54.090035925443502 ], [ 38.672368494362097, 54.090053792288998 ], [ 38.6720308618507, 54.090084971639897 ], [ 38.671697520073401, 54.090129324553601 ], [ 38.671369954518497, 54.0901866533816 ], [ 38.671049624950001, 54.090256702649498 ], [ 38.670737958906301, 54.090339160195199 ], [ 38.670436345341699, 54.090433658558801 ], [ 38.6701461284392, 54.090539776619401 ], [ 38.669868601622298, 54.090657041470301 ], [ 38.669605001792902, 54.090784930525501 ], [ 38.669356503819301, 54.090922873847802 ], [ 38.669124215301203, 54.091070256686699 ], [ 38.6688354613512, 54.090923202276599 ] ] ] } },
{ "type": "Feature", "properties": { "dataset_code": "SP", "source_file": "СП(2).kml", "placemark_index": 23, "organization_code": "SP", "organization_name_raw": "СП / Спасское", "farm_name_raw": "", "region_name_raw": "", "district_name_raw": "", "field_external_key": "SP:7.17", "field_code_raw": "7.17", "field_name_raw": "7.17", "field_code_unique_status": "unique", "source_fid": "35", "declared_area_ha": 56.55, "geometry_area_ha": 56.54631, "area_diff_ha": -0.00369, "area_diff_pct": -0.006525, "area_quality_status": "ok", "geometry_type": "Polygon", "polygon_count": 1, "inner_ring_count": 0, "geometry_valid": true, "geometry_validity_reason": "Valid Geometry", "centroid_lon": 38.657904582, "centroid_lat": 54.097418499, "representative_lon": 38.657214082000003, "representative_lat": 54.09759916, "centroid_within_geometry": true, "weather_point_lon_candidate": 38.657904582, "weather_point_lat_candidate": 54.097418499, "active_2026_candidate": true, "active_reason": "sp_irrigation_2026_flag_1", "season_year_candidate": null, "crop_raw": "картофель среднеспелый", "crop_code_candidate": "potato", "crop_parameter_set_candidate_key": "aquacrop_v7_3_reference_potato", "regional_crop_parameter_set_candidate_key": "aquacrop_v7_3_regional_potato_tula_oblast", "crop_parameter_candidate_status": "reference_selected_region_needs_confirmation", "crop_parameter_candidate_comment_ru": "В СП(2).kml регион не указан. Для безопасной первичной загрузки выбран reference potato; региональный набор potato_tula_oblast указан как кандидат и требует подтверждения, что СП относится к Тульской области/соответствующему региональному сценарию.", "sowing_date_raw": "", "calculation_ready": false, "calculation_blockers_json": [ "missing_sowing_date", "missing_soil_profile" ], "geometry_hash_sha256": "66ec7db874bcf211efc2b4779e8445cf0930c66b3b03834f5b17186084066a4f", "source_attributes_json": { "area_": "56.55", "crop": "картофель среднеспелый", "fid": "35", "kml_name": "7.17", "полив в 2026 году": "1" } }, "geometry": { "type": "Polygon", "coordinates": [ [ [ 38.658465803150101, 54.102684065198197 ], [ 38.6585848326974, 54.102710923892303 ], [ 38.6591628561535, 54.1028160259741 ], [ 38.659263601514098, 54.1025993848653 ], [ 38.659738426491899, 54.102667298179298 ], [ 38.660218984704002, 54.102719457749302 ], [ 38.660703763902603, 54.1027556994379 ], [ 38.661191238542401, 54.102775909199401 ], [ 38.661560315219702, 54.097659944153101 ], [ 38.662959387346, 54.092378434834004 ], [ 38.662338215611399, 54.092334386083003 ], [ 38.661713362063999, 54.092315549218299 ], [ 38.661087784083598, 54.092322013399603 ], [ 38.660464442476197, 54.092353748038597 ], [ 38.659846287477102, 54.092410602943403 ], [ 38.659236244802898, 54.0924923090287 ], [ 38.658637201820099, 54.0925984795877 ], [ 38.658051993893302, 54.092728612120098 ], [ 38.657483390978101, 54.092882090708002 ], [ 38.656934084522803, 54.093058188927401 ], [ 38.6564066747382, 54.093256073283399 ], [ 38.655903658298399, 54.093474807150699 ], [ 38.655427416528298, 54.093713355202802 ], [ 38.6549802041351, 54.093970588307798 ], [ 38.654564138535697, 54.0942452888684 ], [ 38.654181189831903, 54.094536156580503 ], [ 38.653833171479697, 54.094841814583702 ], [ 38.653521731697303, 54.095160815974303 ], [ 38.653248345653303, 54.095491650649798 ], [ 38.653014308470702, 54.095832752454399 ], [ 38.6533733694286, 54.095909537522502 ], [ 38.653197130173702, 54.096225924366003 ], [ 38.653056238118403, 54.096548373766097 ], [ 38.652951289584699, 54.096875522864103 ], [ 38.6528827290104, 54.097205988905202 ], [ 38.652850847057003, 54.097538375081797 ], [ 38.652855779366398, 54.097871276436997 ], [ 38.652897505972803, 54.098203285802697 ], [ 38.652517552796603, 54.098227102326398 ], [ 38.652601683634003, 54.098579235187401 ], [ 38.652725464563197, 54.0989273009749 ], [ 38.652888348719102, 54.0992697591604 ], [ 38.653089616116702, 54.099605093997098 ], [ 38.653328376822202, 54.099931821231102 ], [ 38.653603574877202, 54.100248494673302 ], [ 38.653913992959403, 54.100553712604103 ], [ 38.654258257759999, 54.100846123980503 ], [ 38.654634846052303, 54.101124434420498 ], [ 38.6550420914268, 54.101387411936699 ], [ 38.655478191662397, 54.101633892393203 ], [ 38.655941216700299, 54.101862784663403 ], [ 38.656429117187102, 54.102073075464098 ], [ 38.656939733547198, 54.1022638338452 ], [ 38.657470805546403, 54.102434215314297 ], [ 38.658019982301902, 54.102583465579698 ], [ 38.658194645760901, 54.102622878700402 ], [ 38.658455843737698, 54.102606167510501 ], [ 38.658465803150101, 54.102684065198197 ] ] ] } },
{ "type": "Feature", "properties": { "dataset_code": "SP", "source_file": "СП(2).kml", "placemark_index": 24, "organization_code": "SP", "organization_name_raw": "СП / Спасское", "farm_name_raw": "", "region_name_raw": "", "district_name_raw": "", "field_external_key": "SP:7.8", "field_code_raw": "7.8", "field_name_raw": "7.8", "field_code_unique_status": "unique", "source_fid": "36", "declared_area_ha": 79.6, "geometry_area_ha": 79.595099, "area_diff_ha": -0.004901, "area_diff_pct": -0.006157, "area_quality_status": "ok", "geometry_type": "Polygon", "polygon_count": 1, "inner_ring_count": 0, "geometry_valid": true, "geometry_validity_reason": "Valid Geometry", "centroid_lon": 38.657891818000003, "centroid_lat": 54.107186548000001, "representative_lon": 38.654857577000001, "representative_lat": 54.107958803000002, "centroid_within_geometry": true, "weather_point_lon_candidate": 38.657891818000003, "weather_point_lat_candidate": 54.107186548000001, "active_2026_candidate": true, "active_reason": "sp_irrigation_2026_flag_1", "season_year_candidate": null, "crop_raw": "картофель среднеспелый", "crop_code_candidate": "potato", "crop_parameter_set_candidate_key": "aquacrop_v7_3_reference_potato", "regional_crop_parameter_set_candidate_key": "aquacrop_v7_3_regional_potato_tula_oblast", "crop_parameter_candidate_status": "reference_selected_region_needs_confirmation", "crop_parameter_candidate_comment_ru": "В СП(2).kml регион не указан. Для безопасной первичной загрузки выбран reference potato; региональный набор potato_tula_oblast указан как кандидат и требует подтверждения, что СП относится к Тульской области/соответствующему региональному сценарию.", "sowing_date_raw": "", "calculation_ready": false, "calculation_blockers_json": [ "missing_sowing_date", "missing_soil_profile" ], "geometry_hash_sha256": "50e0e6668532df791579c88be204c7954d18755330ddaf393116f191bd75390b", "source_attributes_json": { "area_": "79.6", "crop": "картофель среднеспелый", "fid": "36", "kml_name": "7.8", "полив в 2026 году": "1" } }, "geometry": { "type": "Polygon", "coordinates": [ [ [ 38.658465803150101, 54.102684065198197 ], [ 38.658194645760901, 54.102622878700402 ], [ 38.657860642739898, 54.102644247039699 ], [ 38.657271111176897, 54.102705649151098 ], [ 38.656689891719701, 54.102790098607599 ], [ 38.656119589821401, 54.102897216857798 ], [ 38.655562762050302, 54.1030265237302 ], [ 38.6550219046403, 54.103177439584002 ], [ 38.6544994423096, 54.103349287904102 ], [ 38.653997717399697, 54.103541298331002 ], [ 38.6535189793806, 54.103752610110398 ], [ 38.653065374771103, 54.103982275948397 ], [ 38.652638937517899, 54.1042292662544 ], [ 38.652241579877398, 54.104492473752302 ], [ 38.651875083840899, 54.104770718441102 ], [ 38.651541093141098, 54.105062752880698 ], [ 38.651241105876601, 54.1053672677808 ], [ 38.650976467786897, 54.105682897867403 ], [ 38.650748366208603, 54.106008228 ], [ 38.651105934635602, 54.106086712348599 ], [ 38.650924163704097, 54.1064062725683 ], [ 38.6507790133778, 54.106732237398703 ], [ 38.650671129087598, 54.107063159346197 ], [ 38.6506009908165, 54.1073975688697 ], [ 38.650568910952998, 54.107733980905302 ], [ 38.650575032887701, 54.108070901459897 ], [ 38.650619330360101, 54.108406834246402 ], [ 38.650701607558901, 54.108740287328402 ], [ 38.650821499975201, 54.109069779746903 ], [ 38.650450754124101, 54.109124368049798 ], [ 38.650611781293101, 54.109455541905398 ], [ 38.650809383658597, 54.109779806301802 ], [ 38.6510427131904, 54.1100957682455 ], [ 38.651310768313301, 54.110402070378399 ], [ 38.651612398197599, 54.110697396811503 ], [ 38.6519463076935, 54.110980478781102 ], [ 38.652311062886, 54.111250100102701 ], [ 38.652705097248798, 54.111505102399398 ], [ 38.653126718369101, 54.111744390082499 ], [ 38.653574115215903, 54.111966935061403 ], [ 38.653775720397803, 54.112054570493299 ], [ 38.654064639420596, 54.112116585456498 ], [ 38.654618133355697, 54.112259091099901 ], [ 38.654538061495501, 54.112357902991903 ], [ 38.654538446029299, 54.112358048252801 ], [ 38.654734513372603, 54.112165259285 ], [ 38.655105044708897, 54.1122881140519 ], [ 38.655485519218402, 54.112399987442998 ], [ 38.655322961006398, 54.112603268536297 ], [ 38.6553229610088, 54.112603268536901 ], [ 38.655417356752999, 54.112510427202999 ], [ 38.655940988494201, 54.112707975654899 ], [ 38.656154672833999, 54.112800560401503 ], [ 38.656412876413299, 54.112854389426701 ], [ 38.656976472515097, 54.112947987075202 ], [ 38.657549287873998, 54.1130197102365 ], [ 38.658128865658298, 54.1130692512872 ], [ 38.658712719999897, 54.113096397744599 ], [ 38.659298346668599, 54.113101033178999 ], [ 38.659883233824502, 54.113083137713602 ], [ 38.659125947358902, 54.107846703663903 ], [ 38.668060824721699, 54.107617897229403 ], [ 38.668015070745298, 54.107269017814197 ], [ 38.667929910350303, 54.1069227008403 ], [ 38.667805722034203, 54.106580481546203 ], [ 38.667643057269501, 54.106243876967802 ], [ 38.6674426380428, 54.105914379215498 ], [ 38.667205353639403, 54.105593448861597 ], [ 38.666932256686799, 54.105282508469102 ], [ 38.6666245584764, 54.104982936288401 ], [ 38.666283623583297, 54.104696060151397 ], [ 38.665910963808599, 54.1044231515896 ], [ 38.665508231471399, 54.1041654202022 ], [ 38.665077212079602, 54.103924008297803 ], [ 38.6646198164132, 54.1036999858364 ], [ 38.664138072053902, 54.103494345690102 ], [ 38.663634114400097, 54.103307999247299 ], [ 38.663110177204999, 54.103141772376603 ], [ 38.662568582682198, 54.102996401770497 ], [ 38.662011731220097, 54.102872531682998 ], [ 38.6618884210856, 54.103085104557302 ], [ 38.661337571131703, 54.102986761319201 ], [ 38.660776721262003, 54.102910397529698 ], [ 38.660208407397199, 54.102856358472202 ], [ 38.659635199171603, 54.102824888488001 ], [ 38.659059688326302, 54.1028161298726 ], [ 38.658484477003498, 54.102830122232596 ], [ 38.658465803150101, 54.102684065198197 ] ] ] } },
{ "type": "Feature", "properties": { "dataset_code": "SP", "source_file": "СП(2).kml", "placemark_index": 25, "organization_code": "SP", "organization_name_raw": "СП / Спасское", "farm_name_raw": "", "region_name_raw": "", "district_name_raw": "", "field_external_key": "SP:7.12", "field_code_raw": "7.12", "field_name_raw": "7.12", "field_code_unique_status": "unique", "source_fid": "38", "declared_area_ha": 42.51, "geometry_area_ha": 42.509701, "area_diff_ha": -0.000299, "area_diff_pct": -0.000702, "area_quality_status": "ok", "geometry_type": "Polygon", "polygon_count": 1, "inner_ring_count": 0, "geometry_valid": true, "geometry_validity_reason": "Valid Geometry", "centroid_lon": 38.63194987, "centroid_lat": 54.096400474, "representative_lon": 38.632135382999998, "representative_lat": 54.096380255, "centroid_within_geometry": true, "weather_point_lon_candidate": 38.63194987, "weather_point_lat_candidate": 54.096400474, "active_2026_candidate": true, "active_reason": "sp_irrigation_2026_flag_1", "season_year_candidate": null, "crop_raw": "картофель среднеспелый", "crop_code_candidate": "potato", "crop_parameter_set_candidate_key": "aquacrop_v7_3_reference_potato", "regional_crop_parameter_set_candidate_key": "aquacrop_v7_3_regional_potato_tula_oblast", "crop_parameter_candidate_status": "reference_selected_region_needs_confirmation", "crop_parameter_candidate_comment_ru": "В СП(2).kml регион не указан. Для безопасной первичной загрузки выбран reference potato; региональный набор potato_tula_oblast указан как кандидат и требует подтверждения, что СП относится к Тульской области/соответствующему региональному сценарию.", "sowing_date_raw": "", "calculation_ready": false, "calculation_blockers_json": [ "missing_sowing_date", "missing_soil_profile" ], "geometry_hash_sha256": "8024841e34f49876bc63aed4c6073668172b1c464f414baa48fb4bca41764a00", "source_attributes_json": { "area_": "42.51", "crop": "картофель среднеспелый", "fid": "38", "kml_name": "7.12", "полив в 2026 году": "1" } }, "geometry": { "type": "Polygon", "coordinates": [ [ [ 38.632930278948898, 54.099706344854702 ], [ 38.632864540598703, 54.099485106388201 ], [ 38.6331922916442, 54.099445221628599 ], [ 38.633515155565, 54.099393365337001 ], [ 38.633831867741101, 54.099329740632903 ], [ 38.634141187664298, 54.099254596731001 ], [ 38.634441903800202, 54.099168227964199 ], [ 38.634732838335403, 54.099070972630102 ], [ 38.635012851793199, 54.0989632116652 ], [ 38.635232083586303, 54.099147197231503 ], [ 38.635550029771899, 54.099006403510103 ], [ 38.635589708320502, 54.098986148351997 ], [ 38.635578916044402, 54.098899007010701 ], [ 38.635768863754897, 54.0988946924383 ], [ 38.635850579509899, 54.098852977661302 ], [ 38.636132282969101, 54.098687659904598 ], [ 38.636393781292199, 54.0985112478239 ], [ 38.636633813150702, 54.098324592517201 ], [ 38.636851220827303, 54.098128594489097 ], [ 38.637044955798501, 54.097924199304103 ], [ 38.637214083788301, 54.097712393023301 ], [ 38.637357789270297, 54.0974941974453 ], [ 38.637475379395603, 54.097270665175998 ], [ 38.637566287328397, 54.097042874548897 ], [ 38.637630074972698, 54.096811924422099 ], [ 38.637666435077499, 54.096578928876802 ], [ 38.637675192710297, 54.096345011842303 ], [ 38.637656306092303, 54.096111301674199 ], [ 38.637609866790598, 54.095878925711403 ], [ 38.637536099267798, 54.0956490048383 ], [ 38.6374353597907, 54.095422648078703 ], [ 38.637308134702998, 54.095200947247299 ], [ 38.636950553948097, 54.095280075684002 ], [ 38.636823801365402, 54.095099406844 ], [ 38.6366781998479, 54.094923715428202 ], [ 38.636514312064598, 54.094753680104603 ], [ 38.6363327712982, 54.094589957684498 ], [ 38.636134278996998, 54.0944331805863 ], [ 38.635919602062501, 54.094283954393703 ], [ 38.635689569886097, 54.094142855517198 ], [ 38.635445071143899, 54.094010428968801 ], [ 38.635187050363399, 54.093887186257703 ], [ 38.635418661999701, 54.093708570338698 ], [ 38.635107960305703, 54.093578730334201 ], [ 38.634783263230901, 54.093461318664097 ], [ 38.634446007260301, 54.093356854728903 ], [ 38.634097684401603, 54.093265800648503 ], [ 38.633739835587001, 54.093188559218603 ], [ 38.633374043860201, 54.093125472130403 ], [ 38.633001927377599, 54.093076818459799 ], [ 38.632625132255001, 54.093042813434003 ], [ 38.632245325289702, 54.0930236074798 ], [ 38.631864186593397, 54.093019285558697 ], [ 38.631483402164903, 54.093029866791099 ], [ 38.6311046564376, 54.0930553043722 ], [ 38.6307296248334, 54.093095485778498 ], [ 38.630359966356899, 54.093150233265099 ], [ 38.629997316261203, 54.093219304651797 ], [ 38.630127104444703, 54.093430536278703 ], [ 38.6298913364867, 54.093484329049701 ], [ 38.629660157007301, 54.093544612173403 ], [ 38.629434082733802, 54.093611250912303 ], [ 38.629254795908103, 54.093412926510901 ], [ 38.6289313662868, 54.093522030558901 ], [ 38.628620690187198, 54.093643266975597 ], [ 38.628324082814203, 54.093776122570098 ], [ 38.6280427998555, 54.093920034962402 ], [ 38.627778032166397, 54.094074394962597 ], [ 38.627530900729198, 54.094238549148102 ], [ 38.627302451906999, 54.0944118026284 ], [ 38.627093653012501, 54.094593421985103 ], [ 38.627417015106602, 54.094713050878298 ], [ 38.627245577625899, 54.0948849805322 ], [ 38.6270930292768, 54.095062953449798 ], [ 38.626959984130501, 54.095246253503198 ], [ 38.626846977803503, 54.095434143119803 ], [ 38.626754465297999, 54.095625866248902 ], [ 38.6266828191673, 54.095820651403798 ], [ 38.626632328012299, 54.096017714765097 ], [ 38.626603195315397, 54.096216263334902 ], [ 38.626595538617302, 54.0964154981272 ], [ 38.626609389038599, 54.096614617383203 ], [ 38.626228323106197, 54.096630812237898 ], [ 38.626270886613398, 54.096864035664801 ], [ 38.626340961989499, 54.097094952454299 ], [ 38.626438209857902, 54.097322442775003 ], [ 38.626562159047602, 54.0975454033943 ], [ 38.626712208869698, 54.097762753029201 ], [ 38.626887632023397, 54.097973437592003 ], [ 38.627087578116303, 54.098176435303003 ], [ 38.6273110777827, 54.098370761647999 ], [ 38.627557047379597, 54.098555474154999 ], [ 38.627824294238799, 54.098729676966201 ], [ 38.628111522447902, 54.098892525186002 ], [ 38.628417339133797, 54.099043228979603 ], [ 38.628740261217999, 54.099181057406803 ], [ 38.6290787226093, 54.099305341968297 ], [ 38.629431081801798, 54.099415479850698 ], [ 38.629795629838902, 54.099510936851601 ], [ 38.630170598605503, 54.099591249972299 ], [ 38.630554169408597, 54.099656029665297 ], [ 38.630944481803297, 54.099704961724498 ], [ 38.6313396426225, 54.099737808810801 ], [ 38.631737735165899, 54.099754411603499 ], [ 38.632136828503199, 54.099754689573999 ], [ 38.632242641856799, 54.099750424783501 ], [ 38.632491721013899, 54.099622550177202 ], [ 38.632641378390097, 54.099729949008797 ], [ 38.632930278948898, 54.099706344854702 ] ] ] } },
{ "type": "Feature", "properties": { "dataset_code": "SP", "source_file": "СП(2).kml", "placemark_index": 26, "organization_code": "SP", "organization_name_raw": "СП / Спасское", "farm_name_raw": "", "region_name_raw": "", "district_name_raw": "", "field_external_key": "SP:7.10", "field_code_raw": "7.10", "field_name_raw": "7.10", "field_code_unique_status": "unique", "source_fid": "41", "declared_area_ha": 38.61, "geometry_area_ha": 38.613555, "area_diff_ha": 0.003555, "area_diff_pct": 0.009207, "area_quality_status": "ok", "geometry_type": "Polygon", "polygon_count": 1, "inner_ring_count": 0, "geometry_valid": true, "geometry_validity_reason": "Valid Geometry", "centroid_lon": 38.636003676999998, "centroid_lat": 54.102088958000003, "representative_lon": 38.636196636999998, "representative_lat": 54.10198306, "centroid_within_geometry": true, "weather_point_lon_candidate": 38.636003676999998, "weather_point_lat_candidate": 54.102088958000003, "active_2026_candidate": true, "active_reason": "sp_irrigation_2026_flag_1", "season_year_candidate": null, "crop_raw": "картофель среднеспелый", "crop_code_candidate": "potato", "crop_parameter_set_candidate_key": "aquacrop_v7_3_reference_potato", "regional_crop_parameter_set_candidate_key": "aquacrop_v7_3_regional_potato_tula_oblast", "crop_parameter_candidate_status": "reference_selected_region_needs_confirmation", "crop_parameter_candidate_comment_ru": "В СП(2).kml регион не указан. Для безопасной первичной загрузки выбран reference potato; региональный набор potato_tula_oblast указан как кандидат и требует подтверждения, что СП относится к Тульской области/соответствующему региональному сценарию.", "sowing_date_raw": "", "calculation_ready": false, "calculation_blockers_json": [ "missing_sowing_date", "missing_soil_profile" ], "geometry_hash_sha256": "4de1d78bdaeca1761ee5d5a0e3c7398e40ee14f49102fee6d607d8d9dec1583d", "source_attributes_json": { "area_": "38.61", "crop": "картофель среднеспелый", "fid": "41", "kml_name": "7.10", "полив в 2026 году": "1" } }, "geometry": { "type": "Polygon", "coordinates": [ [ [ 38.635768863754897, 54.0988946924383 ], [ 38.635589708320502, 54.098986148351997 ], [ 38.635606657353897, 54.099123001192403 ], [ 38.635259619021497, 54.099144857924202 ], [ 38.634915919748899, 54.099180558206001 ], [ 38.6345771561502, 54.099229936199201 ], [ 38.634244901926003, 54.099292762526602 ], [ 38.6339207005581, 54.099368745337003 ], [ 38.633606058142703, 54.099457531660697 ], [ 38.6333024363974, 54.0995587090475 ], [ 38.633011245873703, 54.099671807482103 ], [ 38.6327338394061, 54.099796301566101 ], [ 38.632641378390097, 54.099729949008797 ], [ 38.632534986847098, 54.099738641376597 ], [ 38.632242641856799, 54.099750424783501 ], [ 38.632228451542701, 54.099757709901397 ], [ 38.631980313478699, 54.099902421221501 ], [ 38.631748308248604, 54.100056100212697 ], [ 38.631533372212701, 54.100218126758101 ], [ 38.631336372884803, 54.100387847049497 ], [ 38.631158105430202, 54.100564576224698 ], [ 38.6309992894545, 54.100747601130003 ], [ 38.630860566096601, 54.1009361831969 ], [ 38.630742495438497, 54.101129561421502 ], [ 38.630679704968998, 54.101257417120102 ], [ 38.630726578991798, 54.1014076217377 ], [ 38.630753612023099, 54.101547824758498 ], [ 38.630945704631699, 54.101569031603603 ], [ 38.630890911792399, 54.1024669165446 ], [ 38.630700353893502, 54.102479737011599 ], [ 38.630679130005497, 54.102556356643099 ], [ 38.630591331478598, 54.1027767958022 ], [ 38.630651088988301, 54.102934996859901 ], [ 38.630759958797299, 54.103150904799101 ], [ 38.630894131725199, 54.103361836824 ], [ 38.6310529575712, 54.103566770165898 ], [ 38.6312356665645, 54.1037647111282 ], [ 38.631441373090297, 54.103954699905501 ], [ 38.631669079979901, 54.104135815239701 ], [ 38.6319176833412, 54.104307178888902 ], [ 38.632185977908897, 54.104467959887302 ], [ 38.632472662886698, 54.104617378577302 ], [ 38.632776348253799, 54.104754710390999 ], [ 38.633095561505897, 54.104879289366799 ], [ 38.633428754796, 54.104990511379498 ], [ 38.633605826276998, 54.1047914860454 ], [ 38.633913302304499, 54.104878419964301 ], [ 38.634229948054603, 54.104953127452198 ], [ 38.6345543575665, 54.105015276786702 ], [ 38.634885090385303, 54.105064592006201 ], [ 38.6352206779613, 54.105100854135799 ], [ 38.635559630174598, 54.1051239021604 ], [ 38.635900441955897, 54.105133633740202 ], [ 38.636241599973701, 54.105130005665103 ], [ 38.636581589358499, 54.105113034046802 ], [ 38.636918900433599, 54.105082794247203 ], [ 38.637252035423302, 54.105039420543498 ], [ 38.637347088518197, 54.105256949676303 ], [ 38.637699262025698, 54.105196382712201 ], [ 38.6380437831831, 54.1051221577072 ], [ 38.638379120005801, 54.105034604729198 ], [ 38.638703781377203, 54.104934113111199 ], [ 38.638791311665202, 54.104902471238503 ], [ 38.638891233566802, 54.104743783773898 ], [ 38.638906616939103, 54.104723755517803 ], [ 38.638805345467503, 54.104633867854403 ], [ 38.639076907918401, 54.104520573727903 ], [ 38.639335363748998, 54.104397145634501 ], [ 38.639579619818697, 54.104264105673302 ], [ 38.639808643080897, 54.104122016595802 ], [ 38.640021464952703, 54.1039714794247 ], [ 38.640217185410499, 54.103813130910503 ], [ 38.640394976795598, 54.103647640836797 ], [ 38.640554087313198, 54.103475709186498 ], [ 38.640693844209601, 54.1032980631797 ], [ 38.6407813229768, 54.103318212039298 ], [ 38.640948580352699, 54.103245524192999 ], [ 38.6411941719807, 54.103153550101702 ], [ 38.641292777463804, 54.102963901168103 ], [ 38.641377606746701, 54.102749511377098 ], [ 38.641437424865003, 54.102532227028597 ], [ 38.641471955114397, 54.102313054660499 ], [ 38.6414810379421, 54.102093009541001 ], [ 38.641464631678502, 54.101873110964704 ], [ 38.641422812722801, 54.101654377531801 ], [ 38.6413557751818, 54.101437822429197 ], [ 38.641263829963101, 54.101224448738201 ], [ 38.641147403328198, 54.101015244788698 ], [ 38.641007034911503, 54.100811179582202 ], [ 38.640843375214601, 54.100613198304401 ], [ 38.640657182587297, 54.100422217948498 ], [ 38.640449319711003, 54.1002391230694 ], [ 38.640220749598001, 54.100064761688103 ], [ 38.639972531128599, 54.0998999413654 ], [ 38.639705814143902, 54.099745425463396 ], [ 38.6394218341186, 54.099601929611403 ], [ 38.639121906438596, 54.099470118393597 ], [ 38.638807420308602, 54.099350602272402 ], [ 38.638479832319803, 54.099243934762598 ], [ 38.6381406597053, 54.099150609870001 ], [ 38.637791473316199, 54.099071059803997 ], [ 38.637433890350003, 54.099005652978001 ], [ 38.637069566864902, 54.098954692303799 ], [ 38.636700190114802, 54.098918413789796 ], [ 38.636327470740802, 54.098896985448803 ], [ 38.635953134853203, 54.0988905065201 ], [ 38.635768863754897, 54.0988946924383 ] ] ] } },
{ "type": "Feature", "properties": { "dataset_code": "SP", "source_file": "СП(2).kml", "placemark_index": 27, "organization_code": "SP", "organization_name_raw": "СП / Спасское", "farm_name_raw": "", "region_name_raw": "", "district_name_raw": "", "field_external_key": "SP:7.4", "field_code_raw": "7.4", "field_name_raw": "7.4", "field_code_unique_status": "unique", "source_fid": "44", "declared_area_ha": 138.71, "geometry_area_ha": 138.706093, "area_diff_ha": -0.003907, "area_diff_pct": -0.002817, "area_quality_status": "ok", "geometry_type": "Polygon", "polygon_count": 1, "inner_ring_count": 0, "geometry_valid": true, "geometry_validity_reason": "Valid Geometry", "centroid_lon": 38.639312794, "centroid_lat": 54.114708344, "representative_lon": 38.639311218000003, "representative_lat": 54.114705192000002, "centroid_within_geometry": true, "weather_point_lon_candidate": 38.639312794, "weather_point_lat_candidate": 54.114708344, "active_2026_candidate": false, "active_reason": "sp_no_irrigation_2026_flag_not_active", "season_year_candidate": null, "crop_raw": "", "crop_code_candidate": "", "crop_parameter_set_candidate_key": "", "regional_crop_parameter_set_candidate_key": "", "crop_parameter_candidate_status": "no_crop_in_kml", "crop_parameter_candidate_comment_ru": "В СП(2).kml культура не задана для этого поля.", "sowing_date_raw": "", "calculation_ready": false, "calculation_blockers_json": [ ], "geometry_hash_sha256": "26aad407526783ace811a2e5f23dc56642955bbb9b81ba46b7392be525e135a5", "source_attributes_json": { "area_": "138.71", "fid": "44", "kml_name": "7.4" } }, "geometry": { "type": "Polygon", "coordinates": [ [ [ 38.641547452882499, 54.108878976946201 ], [ 38.641453360846903, 54.108980497539498 ], [ 38.6411099330059, 54.108861312054401 ], [ 38.640998364737598, 54.108816164651699 ], [ 38.640904795289799, 54.108805460615699 ], [ 38.640200487278499, 54.108754520717 ], [ 38.639491848630399, 54.108732569854602 ], [ 38.638782330280897, 54.108739714932902 ], [ 38.638075387445802, 54.1087759211646 ], [ 38.637374462816602, 54.108841012239402 ], [ 38.636682969816498, 54.108934671181501 ], [ 38.636004275998303, 54.1090564418909 ], [ 38.635341686663402, 54.109205731362103 ], [ 38.634698428783103, 54.109381812567698 ], [ 38.634077635298098, 54.109583827995102 ], [ 38.6334823298738, 54.109810793817701 ], [ 38.632915412184097, 54.110061604680403 ], [ 38.632379643796497, 54.110335039077199 ], [ 38.631877634725598, 54.1106297652941 ], [ 38.631411830721099, 54.110944347888697 ], [ 38.630984501352003, 54.111277254675301 ], [ 38.630963063096601, 54.111296633230403 ], [ 38.630854380556599, 54.111579025762602 ], [ 38.630680198792902, 54.111552319022699 ], [ 38.630597728945602, 54.1116268641806 ], [ 38.630253398434299, 54.111991473535802 ], [ 38.629966540543201, 54.112352502127003 ], [ 38.6299497773797, 54.112374520464599 ], [ 38.629698561683398, 54.112758523430998 ], [ 38.629578209217598, 54.112989442539799 ], [ 38.6297342714943, 54.113050304420099 ], [ 38.6294365204459, 54.113294980268698 ], [ 38.629330798632303, 54.113563477043598 ], [ 38.629219456345702, 54.1139752927578 ], [ 38.629157277639798, 54.114390668538498 ], [ 38.629144566910703, 54.114807580784998 ], [ 38.629181387571698, 54.115223998350402 ], [ 38.629267561715302, 54.115637892437398 ], [ 38.629402670951102, 54.116047246483397 ], [ 38.629586058416301, 54.116450065987202 ], [ 38.629816831948801, 54.116844388228898 ], [ 38.630093868408999, 54.117228291837101 ], [ 38.6304158191287, 54.117599906154403 ], [ 38.630781116461797, 54.1179574203573 ], [ 38.631187981405098, 54.118299092285703 ], [ 38.631634432251303, 54.118623256937603 ], [ 38.6321182942348, 54.118928334588901 ], [ 38.632637210120599, 54.119212838498001 ], [ 38.633188651686901, 54.119475382157802 ], [ 38.633769932044501, 54.119714686058501 ], [ 38.634378218733303, 54.119929583930002 ], [ 38.635010547531998, 54.120119028431397 ], [ 38.635663836913302, 54.120282096260901 ], [ 38.636334903073802, 54.120417992661302 ], [ 38.637020475465697, 54.120526055297503 ], [ 38.6377172127536, 54.120605757488399 ], [ 38.638421719118099, 54.120656710777197 ], [ 38.639130560827198, 54.120678666826898 ], [ 38.639840282993099, 54.120671518631902 ], [ 38.640547426432903, 54.120635301040302 ], [ 38.641248544550699, 54.1205701905834 ], [ 38.641940220157103, 54.120476504614402 ], [ 38.642619082145302, 54.120354699759098 ], [ 38.643281821940299, 54.120205369688001 ], [ 38.643925209642603, 54.120029242218401 ], [ 38.644546109784599, 54.119827175763398 ], [ 38.645141496624802, 54.119600155142997 ], [ 38.6457084689048, 54.1193492867787 ], [ 38.646244263994298, 54.119075793295799 ], [ 38.646746271359298, 54.118781007558297 ], [ 38.647212045283197, 54.118466366166999 ], [ 38.647639316782303, 54.118133402452202 ], [ 38.648026004655897, 54.1177837389952 ], [ 38.648370225616802, 54.117419079714701 ], [ 38.648670303455198, 54.117041201558401 ], [ 38.648924777188903, 54.116651945838498 ], [ 38.6491324081626, 54.116253209254403 ], [ 38.6492921860603, 54.115846934647301 ], [ 38.649403333804102, 54.1154351015294 ], [ 38.649465311312802, 54.115019716437303 ], [ 38.649477818106398, 54.114602803153097 ], [ 38.649440794740997, 54.114186392843699 ], [ 38.649354423069603, 54.113772514165198 ], [ 38.6492191253272, 54.113363183380301 ], [ 38.649035562045597, 54.112960394537602 ], [ 38.648804628809003, 54.112566109760003 ], [ 38.648527451865498, 54.112182249689802 ], [ 38.648205382617597, 54.111810684137197 ], [ 38.647839991018401, 54.111453222976102 ], [ 38.647433057906099, 54.1111116073345 ], [ 38.646986566314503, 54.1107875011188 ], [ 38.646502691802397, 54.110482482915799 ], [ 38.6459837918487, 54.110198038309697 ], [ 38.645432394365102, 54.109935552653603 ], [ 38.644851185382699, 54.109696304328203 ], [ 38.644242995972398, 54.109481458522097 ], [ 38.6439211668784, 54.1093850454739 ], [ 38.643779393268801, 54.109381886644897 ], [ 38.643383953931099, 54.109356860492298 ], [ 38.643411800783397, 54.109242394631799 ], [ 38.642957642018402, 54.109129035826101 ], [ 38.642286737662502, 54.108993175250703 ], [ 38.641601342792903, 54.108885141474097 ], [ 38.641547452882499, 54.108878976946201 ] ] ] } },
{ "type": "Feature", "properties": { "dataset_code": "SP", "source_file": "СП(2).kml", "placemark_index": 28, "organization_code": "SP", "organization_name_raw": "СП / Спасское", "farm_name_raw": "", "region_name_raw": "", "district_name_raw": "", "field_external_key": "SP:7.9", "field_code_raw": "7.9", "field_name_raw": "7.9", "field_code_unique_status": "unique", "source_fid": "45", "declared_area_ha": 43.33, "geometry_area_ha": 43.329441, "area_diff_ha": -0.000559, "area_diff_pct": -0.001289, "area_quality_status": "ok", "geometry_type": "Polygon", "polygon_count": 1, "inner_ring_count": 0, "geometry_valid": true, "geometry_validity_reason": "Valid Geometry", "centroid_lon": 38.644252684000001, "centroid_lat": 54.106016345999997, "representative_lon": 38.644195199000002, "representative_lat": 54.106032736000003, "centroid_within_geometry": true, "weather_point_lon_candidate": 38.644252684000001, "weather_point_lat_candidate": 54.106016345999997, "active_2026_candidate": true, "active_reason": "sp_irrigation_2026_flag_1", "season_year_candidate": null, "crop_raw": "картофель среднеспелый", "crop_code_candidate": "potato", "crop_parameter_set_candidate_key": "aquacrop_v7_3_reference_potato", "regional_crop_parameter_set_candidate_key": "aquacrop_v7_3_regional_potato_tula_oblast", "crop_parameter_candidate_status": "reference_selected_region_needs_confirmation", "crop_parameter_candidate_comment_ru": "В СП(2).kml регион не указан. Для безопасной первичной загрузки выбран reference potato; региональный набор potato_tula_oblast указан как кандидат и требует подтверждения, что СП относится к Тульской области/соответствующему региональному сценарию.", "sowing_date_raw": "", "calculation_ready": false, "calculation_blockers_json": [ "missing_sowing_date", "missing_soil_profile" ], "geometry_hash_sha256": "8cb7d3c24c4e84e014096fec003a3e9a7ad8bcb260fb9572d07e2acf625c3e16", "source_attributes_json": { "area_": "43.33", "crop": "картофель среднеспелый", "fid": "45", "kml_name": "7.9", "полив в 2026 году": "1" } }, "geometry": { "type": "Polygon", "coordinates": [ [ [ 38.641547452882499, 54.108878976946201 ], [ 38.641636161787403, 54.108783263956497 ], [ 38.641919869296601, 54.1088677293031 ], [ 38.642211616839802, 54.108942140350997 ], [ 38.642510373538897, 54.109006234163303 ], [ 38.642815083733097, 54.109059784258797 ], [ 38.643124670710499, 54.109102601413099 ], [ 38.643438040515697, 54.109134534327197 ], [ 38.643411800783397, 54.109242394631799 ], [ 38.643610788462098, 54.109292061562599 ], [ 38.6439211668784, 54.1093850454739 ], [ 38.6441768341451, 54.109390741521203 ], [ 38.644574363370303, 54.1093833824984 ], [ 38.6449700673301, 54.109359845003397 ], [ 38.645362041203398, 54.109320242342498 ], [ 38.645748398138103, 54.109264765155402 ], [ 38.646127278340998, 54.109193680496503 ], [ 38.646496858034901, 54.109107330548703 ], [ 38.646855358244103, 54.109006130975096 ], [ 38.647201053361698, 54.108890568916799 ], [ 38.647532279459902, 54.108761200645802 ], [ 38.6478474423024, 54.108618648886697 ], [ 38.648145025020099, 54.108463599816403 ], [ 38.648423595413803, 54.1082967997596 ], [ 38.648681812847002, 54.108119051594599 ], [ 38.648918434698402, 54.107931210886697 ], [ 38.649132322340201, 54.107734181767803 ], [ 38.6493224466154, 54.107528912583199 ], [ 38.649487892786802, 54.107316391324801 ], [ 38.649627864934097, 54.107097640874301 ], [ 38.649741689778999, 54.106873714078802 ], [ 38.649828819918199, 54.106645688681603 ], [ 38.649888836450501, 54.106414662134704 ], [ 38.6499214509845, 54.106181746315499 ], [ 38.649926507018399, 54.105948062175699 ], [ 38.649903980683803, 54.105714734345703 ], [ 38.6498539808521, 54.105482885722203 ], [ 38.649776748601397, 54.105253632064901 ], [ 38.649672656047699, 54.1050280766271 ], [ 38.649542204546101, 54.104807304847498 ], [ 38.649386022269901, 54.104592379127403 ], [ 38.649204861180699, 54.104384333719899 ], [ 38.648999593403602, 54.1041841697538 ], [ 38.648771207024403, 54.103992850418301 ], [ 38.648520801330498, 54.103811296329397 ], [ 38.648249581517703, 54.103640381102302 ], [ 38.647958852887903, 54.103480927148901 ], [ 38.647650014566899, 54.103333701723102 ], [ 38.647324552771501, 54.103199413230698 ], [ 38.646984033659102, 54.103078707822498 ], [ 38.646630095793299, 54.102972166287202 ], [ 38.646264442262499, 54.102880301258601 ], [ 38.645888832488701, 54.102803554750501 ], [ 38.6455050737666, 54.102742296031401 ], [ 38.645115012572603, 54.102696819849001 ], [ 38.644720525686502, 54.102667345012598 ], [ 38.644323511166903, 54.1026540133415 ], [ 38.643925879226401, 54.1026568889828 ], [ 38.643529543046, 54.1026759581029 ], [ 38.643136409577998, 54.102711128954198 ], [ 38.642748370376097, 54.102762232315897 ], [ 38.642367292501802, 54.102829022307802 ], [ 38.641995009546001, 54.102911177572302 ], [ 38.641633312812601, 54.103008302819703 ], [ 38.641283942704398, 54.103119930728603 ], [ 38.6411941719807, 54.103153550101702 ], [ 38.641183329597503, 54.103174403256702 ], [ 38.6410497697943, 54.103380042492702 ], [ 38.6407813229768, 54.103318212039298 ], [ 38.640628839531601, 54.103384478904999 ], [ 38.640866582370997, 54.103560314705298 ], [ 38.640609688815701, 54.103688227180697 ], [ 38.6403669933038, 54.103825382156003 ], [ 38.640139457024603, 54.103971236515498 ], [ 38.639927981166998, 54.104125212688899 ], [ 38.6397334033501, 54.104286700937799 ], [ 38.6395564943045, 54.104455061768498 ], [ 38.6393979548183, 54.104629628464203 ], [ 38.639055307106297, 54.104530168463903 ], [ 38.638906616939103, 54.104723755517803 ], [ 38.639016323682398, 54.104821129718701 ], [ 38.638791311665202, 54.104902471238503 ], [ 38.638752828939801, 54.104963585881798 ], [ 38.638640763464501, 54.105188511028899 ], [ 38.638555579936103, 54.1054174706452 ], [ 38.638497691071798, 54.105649356617299 ], [ 38.638467377504597, 54.10588304665 ], [ 38.638464786416201, 54.106117409698101 ], [ 38.638489930816, 54.106351311439603 ], [ 38.6385426894688, 54.106583619766702 ], [ 38.6386228074728, 54.106813210264903 ], [ 38.638729897484602, 54.107038971656301 ], [ 38.638863441585301, 54.107259811179098 ], [ 38.6390227937802, 54.107474659878299 ], [ 38.639207183117797, 54.107682477780699 ], [ 38.639415717415403, 54.107882258930601 ], [ 38.639647387572197, 54.108073036261104 ], [ 38.639901072449, 54.108253886276501 ], [ 38.640175544292198, 54.108423933525103 ], [ 38.640469474674198, 54.108582354838603 ], [ 38.640781440922296, 54.108728383319402 ], [ 38.640998364737598, 54.108816164651699 ], [ 38.641547452882499, 54.108878976946201 ] ] ] } },
{ "type": "Feature", "properties": { "dataset_code": "SP", "source_file": "СП(2).kml", "placemark_index": 29, "organization_code": "SP", "organization_name_raw": "СП / Спасское", "farm_name_raw": "", "region_name_raw": "", "district_name_raw": "", "field_external_key": "SP:7.3", "field_code_raw": "7.3", "field_name_raw": "7.3", "field_code_unique_status": "unique", "source_fid": "51", "declared_area_ha": 89.62, "geometry_area_ha": 89.621405, "area_diff_ha": 0.001405, "area_diff_pct": 0.001567, "area_quality_status": "ok", "geometry_type": "Polygon", "polygon_count": 1, "inner_ring_count": 0, "geometry_valid": true, "geometry_validity_reason": "Valid Geometry", "centroid_lon": 38.622806029000003, "centroid_lat": 54.110319439000001, "representative_lon": 38.62279206, "representative_lat": 54.110434358, "centroid_within_geometry": true, "weather_point_lon_candidate": 38.622806029000003, "weather_point_lat_candidate": 54.110319439000001, "active_2026_candidate": true, "active_reason": "sp_irrigation_2026_flag_1", "season_year_candidate": null, "crop_raw": "картофель среднеспелый", "crop_code_candidate": "potato", "crop_parameter_set_candidate_key": "aquacrop_v7_3_reference_potato", "regional_crop_parameter_set_candidate_key": "aquacrop_v7_3_regional_potato_tula_oblast", "crop_parameter_candidate_status": "reference_selected_region_needs_confirmation", "crop_parameter_candidate_comment_ru": "В СП(2).kml регион не указан. Для безопасной первичной загрузки выбран reference potato; региональный набор potato_tula_oblast указан как кандидат и требует подтверждения, что СП относится к Тульской области/соответствующему региональному сценарию.", "sowing_date_raw": "", "calculation_ready": false, "calculation_blockers_json": [ "missing_sowing_date", "missing_soil_profile" ], "geometry_hash_sha256": "fa1f1c2c26eb175ea6baf0ca882239161f52f1e51d417f0efb6733355aaf42db", "source_attributes_json": { "area_": "89.62", "crop": "картофель среднеспелый", "fid": "51", "kml_name": "7.3", "полив в 2026 году": "1" } }, "geometry": { "type": "Polygon", "coordinates": [ [ [ 38.630963063096601, 54.111296633230403 ], [ 38.630975162004603, 54.111265196092702 ], [ 38.631060599237003, 54.110947382725001 ], [ 38.6311103240607, 54.110626958314199 ], [ 38.6311241225442, 54.1103053067609 ], [ 38.631101935927902, 54.109983817233399 ], [ 38.631043860863002, 54.109663878168298 ], [ 38.630950148980297, 54.109346871274496 ], [ 38.630821205788997, 54.109034165566797 ], [ 38.630657588911902, 54.108727111454499 ], [ 38.630460005664702, 54.108427034911898 ], [ 38.630229309988998, 54.108135231753401 ], [ 38.629966498754101, 54.107852962040297 ], [ 38.629672707442197, 54.107581444641802 ], [ 38.629349205236998, 54.1073218519752 ], [ 38.628997389536302, 54.107075304945099 ], [ 38.628618779912699, 54.106842868107499 ], [ 38.628351516007903, 54.107003409578397 ], [ 38.6279496758292, 54.106787719070702 ], [ 38.627523667115497, 54.106588689407403 ], [ 38.62707548641, 54.106407253216901 ], [ 38.626607234065901, 54.106244260675702 ], [ 38.626121104408298, 54.106100475528102 ], [ 38.625619375456502, 54.105976571510702 ], [ 38.625104398256603, 54.105873129197697 ], [ 38.624578585873202, 54.105790633283597 ], [ 38.624044402091997, 54.105729470313698 ], [ 38.6235043498857, 54.105689926875002 ], [ 38.6229609596976, 54.105672188254204 ], [ 38.6224167775962, 54.105676337570699 ], [ 38.622398742367302, 54.105452000829501 ], [ 38.621881723034697, 54.105475849464298 ], [ 38.621368229333001, 54.105518553030699 ], [ 38.620860250232802, 54.105579946124998 ], [ 38.620359753367197, 54.105659790950497 ], [ 38.619868677418403, 54.105757778237802 ], [ 38.619388924614597, 54.1058735284414 ], [ 38.618922353368802, 54.106006593208498 ], [ 38.6184707710851, 54.106156457113798 ], [ 38.618668971558002, 54.106348482779502 ], [ 38.618244288030297, 54.1065109513465 ], [ 38.617838079394502, 54.106688988977602 ], [ 38.617451996137198, 54.106881872390197 ], [ 38.617195289598598, 54.1067154880487 ], [ 38.616790842137902, 54.106946078923102 ], [ 38.616413840908102, 54.107192206825303 ], [ 38.616066010657399, 54.107452746072198 ], [ 38.615748942808402, 54.107726505046998 ], [ 38.615464088173297, 54.108012231645802 ], [ 38.6152127503114, 54.108308619001498 ], [ 38.614996079556697, 54.108614311457401 ], [ 38.614815067746299, 54.108927910765502 ], [ 38.614670543670599, 54.109247982479502 ], [ 38.614563169268997, 54.109573062513803 ], [ 38.614493436587097, 54.109901663839103 ], [ 38.614461665510397, 54.110232283283203 ], [ 38.614468002284703, 54.110563408406001 ], [ 38.614512418830699, 54.110893524418699 ], [ 38.614594712855499, 54.111221121112798 ], [ 38.614714508762098, 54.1115446997701 ], [ 38.614871259351297, 54.111862780019997 ], [ 38.615064248310198, 54.112173906614103 ], [ 38.615418745480497, 54.112089909722897 ], [ 38.615634099656098, 54.112375712601498 ], [ 38.615881503159699, 54.112652413755399 ], [ 38.616159848854402, 54.112918774242502 ], [ 38.616467890987103, 54.1131736013986 ], [ 38.6168042507596, 54.113415754180799 ], [ 38.617167422496401, 54.113644148279498 ], [ 38.617555780382901, 54.113857760976998 ], [ 38.617967585742598, 54.114055635729898 ], [ 38.618400994822302, 54.114236886455899 ], [ 38.618854067049298, 54.1144007015046 ], [ 38.619324773723498, 54.114546347295096 ], [ 38.6198110071063, 54.114673171603599 ], [ 38.620310589865298, 54.114780606487301 ], [ 38.620821284830598, 54.114868170829197 ], [ 38.621340805022299, 54.114935472495397 ], [ 38.621866823900497, 54.1149822100924 ], [ 38.622396985793998, 54.115008174318298 ], [ 38.622928916460303, 54.115013248900702 ], [ 38.623460233728601, 54.114997411117997 ], [ 38.623988558178702, 54.114960731901398 ], [ 38.624046093895998, 54.115182759979902 ], [ 38.624614937774098, 54.115119930920002 ], [ 38.6251749840903, 54.115034052053097 ], [ 38.625723530195401, 54.114925537823602 ], [ 38.626257928996203, 54.114794911907502 ], [ 38.626775601740199, 54.114642804682198 ], [ 38.627274050469701, 54.114469950181302 ], [ 38.627750870083801, 54.114277182549401 ], [ 38.628203759949798, 54.114065432012701 ], [ 38.628630535009101, 54.113835720386298 ], [ 38.629029136322103, 54.113589156139398 ], [ 38.629397641002903, 54.113326929042103 ], [ 38.6294365204459, 54.113294980268698 ], [ 38.629490760632002, 54.113157227593803 ], [ 38.629578209217598, 54.112989442539799 ], [ 38.629415797047898, 54.1129261038948 ], [ 38.629691915249403, 54.112663216683302 ], [ 38.629937854363398, 54.1123901812756 ], [ 38.6299497773797, 54.112374520464599 ], [ 38.6299531881603, 54.112369306765203 ], [ 38.629966540543201, 54.112352502127003 ], [ 38.630152539319504, 54.112108191861999 ], [ 38.630335031804201, 54.111818481770499 ], [ 38.630484534355197, 54.111522318070698 ], [ 38.630680198792902, 54.111552319022699 ], [ 38.630963063096601, 54.111296633230403 ] ] ] } },
{ "type": "Feature", "properties": { "dataset_code": "SP", "source_file": "СП(2).kml", "placemark_index": 30, "organization_code": "SP", "organization_name_raw": "СП / Спасское", "farm_name_raw": "", "region_name_raw": "", "district_name_raw": "", "field_external_key": "SP:7.5", "field_code_raw": "7.5", "field_name_raw": "7.5", "field_code_unique_status": "unique", "source_fid": "56", "declared_area_ha": 61.64, "geometry_area_ha": 61.642434, "area_diff_ha": 0.002434, "area_diff_pct": 0.003948, "area_quality_status": "ok", "geometry_type": "Polygon", "polygon_count": 1, "inner_ring_count": 0, "geometry_valid": true, "geometry_validity_reason": "Valid Geometry", "centroid_lon": 38.654462955, "centroid_lat": 54.117408159, "representative_lon": 38.655097906000002, "representative_lat": 54.117168673000002, "centroid_within_geometry": true, "weather_point_lon_candidate": 38.654462955, "weather_point_lat_candidate": 54.117408159, "active_2026_candidate": true, "active_reason": "sp_irrigation_2026_flag_1", "season_year_candidate": null, "crop_raw": "картофель среднеспелый", "crop_code_candidate": "potato", "crop_parameter_set_candidate_key": "aquacrop_v7_3_reference_potato", "regional_crop_parameter_set_candidate_key": "aquacrop_v7_3_regional_potato_tula_oblast", "crop_parameter_candidate_status": "reference_selected_region_needs_confirmation", "crop_parameter_candidate_comment_ru": "В СП(2).kml регион не указан. Для безопасной первичной загрузки выбран reference potato; региональный набор potato_tula_oblast указан как кандидат и требует подтверждения, что СП относится к Тульской области/соответствующему региональному сценарию.", "sowing_date_raw": "", "calculation_ready": false, "calculation_blockers_json": [ "missing_sowing_date", "missing_soil_profile" ], "geometry_hash_sha256": "d6f2dd9d63fd7b4d2c5becda77617a43f59ae8d8c664f36f6becc72bcb5a45b3", "source_attributes_json": { "area_": "61.64", "crop": "картофель среднеспелый", "fid": "56", "kml_name": "7.5", "полив в 2026 году": "1" } }, "geometry": { "type": "Polygon", "coordinates": [ [ [ 38.6504768263069, 54.117368949001403 ], [ 38.650041582082999, 54.122797903739603 ], [ 38.650614558244598, 54.122803318723797 ], [ 38.651187005808303, 54.122787885224803 ], [ 38.651756728057798, 54.122751662471799 ], [ 38.652321538748303, 54.122694789470302 ], [ 38.652879270505402, 54.1226174844683 ], [ 38.652978558328101, 54.122834364900797 ], [ 38.653590175959501, 54.122724844644601 ], [ 38.654188076462901, 54.122591733207003 ], [ 38.654769625720398, 54.1224356170625 ], [ 38.6553322617373, 54.122257184032897 ], [ 38.655873505938999, 54.122057220253801 ], [ 38.656390974097597, 54.121836606707603 ], [ 38.656882386841403, 54.121596315337797 ], [ 38.657345579699701, 54.121337404762798 ], [ 38.657778512638998, 54.1210610156078 ], [ 38.658179279048497, 54.1207683654753 ], [ 38.658546114135099, 54.1204607435767 ], [ 38.658877402691701, 54.120139505048797 ], [ 38.6591716862035, 54.119806064979699 ], [ 38.6594276692623, 54.1194618921715 ], [ 38.659644225259498, 54.119108502666698 ], [ 38.659820401334301, 54.118747453066902 ], [ 38.659449612932498, 54.1186927644154 ], [ 38.659573431499801, 54.1183589477168 ], [ 38.659661301782002, 54.118021220237303 ], [ 38.659712877416098, 54.117680916601103 ], [ 38.6597279554856, 54.117339381580202 ], [ 38.659706477308497, 54.116997964779401 ], [ 38.659648528654103, 54.116658015303301 ], [ 38.6595543393911, 54.116320876426002 ], [ 38.659424282564203, 54.115987880283299 ], [ 38.659793999153599, 54.115930797078597 ], [ 38.659616460528703, 54.115580367856502 ], [ 38.659400782435, 54.115237404393397 ], [ 38.659147865807903, 54.1149033378491 ], [ 38.658858766902398, 54.114579562223597 ], [ 38.6585346928726, 54.114267428543599 ], [ 38.6581769967244, 54.1139682392281 ], [ 38.657787171659997, 54.113683242656897 ], [ 38.657366844840702, 54.113413627965997 ], [ 38.656917770592003, 54.113160520089501 ], [ 38.656441823080897, 54.112924975069703 ], [ 38.656154672833999, 54.112800560401503 ], [ 38.655860916815797, 54.112739318733901 ], [ 38.6553229610088, 54.112603268536901 ], [ 38.655221325867899, 54.112703229507098 ], [ 38.654842404489997, 54.1125772405356 ], [ 38.654453815041997, 54.1124618659315 ], [ 38.654538061495501, 54.112357902991903 ], [ 38.654045365919501, 54.112171781164797 ], [ 38.653775720397803, 54.112054570493299 ], [ 38.653497029541398, 54.111994750120303 ], [ 38.652917537021402, 54.111894064443497 ], [ 38.652328441860902, 54.111814924564399 ], [ 38.651732061796999, 54.111757641850502 ], [ 38.651130743193903, 54.111722441675198 ], [ 38.650526851823599, 54.111709462531699 ], [ 38.6504768263069, 54.117368949001403 ] ] ] } },
{ "type": "Feature", "properties": { "dataset_code": "SP", "source_file": "СП(2).kml", "placemark_index": 31, "organization_code": "SP", "organization_name_raw": "СП / Спасское", "farm_name_raw": "", "region_name_raw": "", "district_name_raw": "", "field_external_key": "SP:7.11", "field_code_raw": "7.11", "field_name_raw": "7.11", "field_code_unique_status": "unique", "source_fid": "60", "declared_area_ha": 42.54, "geometry_area_ha": 42.535557, "area_diff_ha": -0.004443, "area_diff_pct": -0.010444, "area_quality_status": "ok", "geometry_type": "Polygon", "polygon_count": 1, "inner_ring_count": 0, "geometry_valid": true, "geometry_validity_reason": "Valid Geometry", "centroid_lon": 38.625071372000001, "centroid_lat": 54.101893029000003, "representative_lon": 38.625056371, "representative_lat": 54.101976424999997, "centroid_within_geometry": true, "weather_point_lon_candidate": 38.625071372000001, "weather_point_lat_candidate": 54.101893029000003, "active_2026_candidate": true, "active_reason": "sp_irrigation_2026_flag_1", "season_year_candidate": null, "crop_raw": "картофель среднеспелый", "crop_code_candidate": "potato", "crop_parameter_set_candidate_key": "aquacrop_v7_3_reference_potato", "regional_crop_parameter_set_candidate_key": "aquacrop_v7_3_regional_potato_tula_oblast", "crop_parameter_candidate_status": "reference_selected_region_needs_confirmation", "crop_parameter_candidate_comment_ru": "В СП(2).kml регион не указан. Для безопасной первичной загрузки выбран reference potato; региональный набор potato_tula_oblast указан как кандидат и требует подтверждения, что СП относится к Тульской области/соответствующему региональному сценарию.", "sowing_date_raw": "", "calculation_ready": false, "calculation_blockers_json": [ "missing_sowing_date", "missing_soil_profile" ], "geometry_hash_sha256": "3dfb29c92ef96db1512881b0c01c9cfd5c638cb9f95c304d6af19d3008c11aed", "source_attributes_json": { "area_": "42.54", "crop": "картофель среднеспелый", "fid": "60", "kml_name": "7.11", "полив в 2026 году": "1" } }, "geometry": { "type": "Polygon", "coordinates": [ [ [ 38.6220596816651, 54.104773127398097 ], [ 38.622259472548997, 54.104581674516901 ], [ 38.622580525731202, 54.104688604713601 ], [ 38.622913359498497, 54.104782274105503 ], [ 38.623256390210898, 54.104862236990797 ], [ 38.623607985679001, 54.1049281128847 ], [ 38.623966472933901, 54.1049795883307 ], [ 38.624330146192101, 54.105016418393397 ], [ 38.624697274977699, 54.105038427824397 ], [ 38.625066112361097, 54.105045511897103 ], [ 38.625434903277998, 54.105037636905003 ], [ 38.625801892885598, 54.105014840322099 ], [ 38.626165334918703, 54.104977230624897 ], [ 38.626523500004403, 54.104924986775202 ], [ 38.626874683896901, 54.104858357368499 ], [ 38.627004574717098, 54.105069574613204 ], [ 38.627369302459996, 54.104983701280702 ], [ 38.627723162093901, 54.104883346623097 ], [ 38.628064490996998, 54.104768982186002 ], [ 38.6283916854645, 54.104641145339301 ], [ 38.628703208247003, 54.104500436750797 ], [ 38.628997595774898, 54.104347517562097 ], [ 38.629273465036398, 54.104183106280303 ], [ 38.629529520075202, 54.1040079754003 ], [ 38.629764558078598, 54.103822947772997 ], [ 38.629977475026401, 54.103628892738001 ], [ 38.630167270875297, 54.103426722036502 ], [ 38.630333054252802, 54.103217385526499 ], [ 38.6304740466406, 54.1030018667185 ], [ 38.630589586025899, 54.102781178153201 ], [ 38.630591331478598, 54.1027767958022 ], [ 38.630568049782497, 54.102715159886401 ], [ 38.630511243397102, 54.102492459793098 ], [ 38.630700353893502, 54.102479737011599 ], [ 38.630742258326798, 54.102328458400798 ], [ 38.630778674854298, 54.1020985540761 ], [ 38.630788208953, 54.1018677237251 ], [ 38.630770816281398, 54.101637051736702 ], [ 38.630753612023099, 54.101547824758498 ], [ 38.630570134015301, 54.101527568650802 ], [ 38.6306455542409, 54.1013269554347 ], [ 38.630679704968998, 54.101257417120102 ], [ 38.630655705335798, 54.101180511502797 ], [ 38.630558528677803, 54.100956787892002 ], [ 38.630435505921099, 54.100737501839497 ], [ 38.630287215354201, 54.100523683418203 ], [ 38.630114353927503, 54.1003163370019 ], [ 38.629917733973002, 54.100116436548902 ], [ 38.629698279383398, 54.099924921028197 ], [ 38.629457021267399, 54.099742690011198 ], [ 38.629195093103, 54.099570599447503 ], [ 38.628913725410598, 54.099409457646601 ], [ 38.628614239971398, 54.099260021482699 ], [ 38.6282980436185, 54.099122992841998 ], [ 38.627966621629, 54.0989990153275 ], [ 38.6276215307496, 54.098888671238001 ], [ 38.627264391886399, 54.098792478834703 ], [ 38.627117199447298, 54.098999734817099 ], [ 38.6267765464519, 54.098924054874999 ], [ 38.6264279233826, 54.098862171216098 ], [ 38.626072945517002, 54.098814370563197 ], [ 38.6257132575562, 54.098780874388403 ], [ 38.625350526010699, 54.098761837887899 ], [ 38.624986431482803, 54.098757349263401 ], [ 38.624622660886303, 54.098767429313398 ], [ 38.624260899635601, 54.098792031337197 ], [ 38.623902823842002, 54.098831041350898 ], [ 38.6235500925536, 54.098884278615202 ], [ 38.623442511038597, 54.098668776284697 ], [ 38.623091468300998, 54.098736610126899 ], [ 38.622748590717201, 54.098817597071502 ], [ 38.622415303190103, 54.098911400573002 ], [ 38.622092990797398, 54.099017630823603 ], [ 38.621782993038202, 54.099135846371098 ], [ 38.621486598268397, 54.099265555953302 ], [ 38.6212050383484, 54.099406220537197 ], [ 38.620939483524502, 54.099557255558601 ], [ 38.620691037565699, 54.099718033349703 ], [ 38.620460733176003, 54.099887885746 ], [ 38.620767093983901, 54.100022118898202 ], [ 38.6203548434612, 54.100400919946402 ], [ 38.620019034299197, 54.100293742850901 ], [ 38.619842411762299, 54.100501697411303 ], [ 38.619690605135602, 54.100716314407201 ], [ 38.619564337344499, 54.100936572353099 ], [ 38.619464209790699, 54.1011614228984 ], [ 38.619390699481997, 54.101389795816097 ], [ 38.619344156754799, 54.101620604096098 ], [ 38.619324803597799, 54.101852749118201 ], [ 38.619332732586997, 54.102085125881203 ], [ 38.6193679064367, 54.102316628262301 ], [ 38.619430158167901, 54.102546154282599 ], [ 38.619519191894803, 54.102772611352997 ], [ 38.619634584224997, 54.102994921475698 ], [ 38.619775786266999, 54.103212026376497 ], [ 38.619942126235699, 54.103422892543897 ], [ 38.620132812643902, 54.1036265161502 ], [ 38.620346938063904, 54.103821927831802 ], [ 38.620583483442601, 54.104008197305298 ], [ 38.6208413229486, 54.104184437798203 ], [ 38.6211192293284, 54.104349810272403 ], [ 38.621415879747602, 54.104503527420398 ], [ 38.621729862086802, 54.1046448574156 ], [ 38.6220596816651, 54.104773127398097 ] ] ] } },
{ "type": "Feature", "properties": { "dataset_code": "SP", "source_file": "СП(2).kml", "placemark_index": 32, "organization_code": "SP", "organization_name_raw": "СП / Спасское", "farm_name_raw": "", "region_name_raw": "", "district_name_raw": "", "field_external_key": "SP:7.1", "field_code_raw": "7.1", "field_name_raw": "7.1", "field_code_unique_status": "unique", "source_fid": "64", "declared_area_ha": 52.17, "geometry_area_ha": 52.17374, "area_diff_ha": 0.00374, "area_diff_pct": 0.007168, "area_quality_status": "ok", "geometry_type": "Polygon", "polygon_count": 1, "inner_ring_count": 0, "geometry_valid": true, "geometry_validity_reason": "Valid Geometry", "centroid_lon": 38.618374668999998, "centroid_lat": 54.119241455000001, "representative_lon": 38.617588720999997, "representative_lat": 54.118655724, "centroid_within_geometry": true, "weather_point_lon_candidate": 38.618374668999998, "weather_point_lat_candidate": 54.119241455000001, "active_2026_candidate": false, "active_reason": "sp_no_irrigation_2026_flag_not_active", "season_year_candidate": null, "crop_raw": "", "crop_code_candidate": "", "crop_parameter_set_candidate_key": "", "regional_crop_parameter_set_candidate_key": "", "crop_parameter_candidate_status": "no_crop_in_kml", "crop_parameter_candidate_comment_ru": "В СП(2).kml культура не задана для этого поля.", "sowing_date_raw": "", "calculation_ready": false, "calculation_blockers_json": [ ], "geometry_hash_sha256": "9466d54ed61b6027e578268880b103962b763c0b28ef6aac2079e33418c8be04", "source_attributes_json": { "area_": "52.17", "fid": "64", "kml_name": "7.1" } }, "geometry": { "type": "Polygon", "coordinates": [ [ [ 38.621308107730897, 54.117769687785803 ], [ 38.615087236622998, 54.113869275042099 ], [ 38.614645904504002, 54.114129520585898 ], [ 38.614236034976102, 54.114406960913001 ], [ 38.613859564346498, 54.114700285781502 ], [ 38.613518271305502, 54.115008109904103 ], [ 38.613213768518499, 54.115328979485398 ], [ 38.612947494999098, 54.1156613790845 ], [ 38.6127207092999, 54.116003738767702 ], [ 38.6125344835541, 54.116354441519903 ], [ 38.612389698394303, 54.116711830878998 ], [ 38.612287038775399, 54.117074218757303 ], [ 38.612226990719599, 54.117439893412701 ], [ 38.612209838999902, 54.1178071275327 ], [ 38.6122356657742, 54.118174186393098 ], [ 38.612616872439602, 54.118157204048899 ], [ 38.612678650117601, 54.118490581124398 ], [ 38.612777441489499, 54.118820867622503 ], [ 38.612912823682002, 54.119146646836697 ], [ 38.613084216833798, 54.119466521361097 ], [ 38.613290886568898, 54.119779119085898 ], [ 38.613531947134099, 54.120083099085299 ], [ 38.613806365186001, 54.120377157371799 ], [ 38.614112964214101, 54.120660032492701 ], [ 38.614450429577801, 54.120930510944 ], [ 38.614817314139003, 54.121187432379799 ], [ 38.6152120444644, 54.121429694593203 ], [ 38.615632927571099, 54.121656258247903 ], [ 38.616078158187797, 54.121866151340797 ], [ 38.616545826498701, 54.122058473375603 ], [ 38.617033926338699, 54.122232399228899 ], [ 38.617540363802803, 54.122387182693899 ], [ 38.617375084344403, 54.122589712122398 ], [ 38.6179452478992, 54.12273639376 ], [ 38.618531152307597, 54.122859832939 ], [ 38.619130055172299, 54.122959451867303 ], [ 38.619739153185897, 54.123034784247999 ], [ 38.620355595266702, 54.123085477464201 ], [ 38.6209764959181, 54.123111294231201 ], [ 38.621598948750901, 54.123112113708601 ], [ 38.622220040102803, 54.123087932066397 ], [ 38.622836862693497, 54.123038862502597 ], [ 38.623446529248703, 54.122965134713098 ], [ 38.6240461860301, 54.122867093814499 ], [ 38.624633026208102, 54.122745198727699 ], [ 38.625204303012801, 54.122600020026198 ], [ 38.625757342602597, 54.122432237263098 ], [ 38.626289556590301, 54.122242635786897 ], [ 38.6267984541659, 54.122032103061002 ], [ 38.621308107730897, 54.117769687785803 ] ] ] } },
{ "type": "Feature", "properties": { "dataset_code": "SP", "source_file": "СП(2).kml", "placemark_index": 33, "organization_code": "SP", "organization_name_raw": "СП / Спасское", "farm_name_raw": "", "region_name_raw": "", "district_name_raw": "", "field_external_key": "SP:7.2", "field_code_raw": "7.2", "field_name_raw": "7.2", "field_code_unique_status": "unique", "source_fid": "65", "declared_area_ha": 130.57, "geometry_area_ha": 130.571504, "area_diff_ha": 0.001504, "area_diff_pct": 0.001152, "area_quality_status": "ok", "geometry_type": "Polygon", "polygon_count": 1, "inner_ring_count": 0, "geometry_valid": true, "geometry_validity_reason": "Valid Geometry", "centroid_lon": 38.639458464000001, "centroid_lat": 54.126564115999997, "representative_lon": 38.639458464000001, "representative_lat": 54.126563613000002, "centroid_within_geometry": true, "weather_point_lon_candidate": 38.639458464000001, "weather_point_lat_candidate": 54.126564115999997, "active_2026_candidate": false, "active_reason": "sp_no_irrigation_2026_flag_not_active", "season_year_candidate": null, "crop_raw": "", "crop_code_candidate": "", "crop_parameter_set_candidate_key": "", "regional_crop_parameter_set_candidate_key": "", "crop_parameter_candidate_status": "no_crop_in_kml", "crop_parameter_candidate_comment_ru": "В СП(2).kml культура не задана для этого поля.", "sowing_date_raw": "", "calculation_ready": false, "calculation_blockers_json": [ ], "geometry_hash_sha256": "caa1f16b9616534ff2e59d6bca1caf9bf5119a920b86bd29e421e7d2f1db4a91", "source_attributes_json": { "area_": "130.57", "fid": "65", "kml_name": "7.2" } }, "geometry": { "type": "Polygon", "coordinates": [ [ [ 38.649322117634902, 54.126464277213003 ], [ 38.649286197219901, 54.126060391305501 ], [ 38.649202398936197, 54.125658960898299 ], [ 38.649071132397097, 54.125261941614099 ], [ 38.648893038414499, 54.124871267530999 ], [ 38.648668985851501, 54.124488841763203 ], [ 38.648400067365998, 54.124116527193301 ], [ 38.648087594066197, 54.123756137401401 ], [ 38.647733089104101, 54.123409427835497 ], [ 38.647338280238998, 54.123078087265498 ], [ 38.646905091407604, 54.122763729562898 ], [ 38.646435633341802, 54.122467885845701 ], [ 38.6459321932794, 54.122191997026597 ], [ 38.645397223819998, 54.121937406801102 ], [ 38.644833330978102, 54.121705355109 ], [ 38.644243261492299, 54.121496972101497 ], [ 38.643629889453798, 54.121313272642098 ], [ 38.642996202316397, 54.121155151370097 ], [ 38.642345286358598, 54.121023378347402 ], [ 38.641680311666498, 54.120918595313 ], [ 38.641004516711199, 54.120841312561403 ], [ 38.640321192594499, 54.120791906459999 ], [ 38.639633667041302, 54.120770617618398 ], [ 38.638945288212703, 54.120777549718099 ], [ 38.638259408421803, 54.120812669007996 ], [ 38.637579367828899, 54.120875804468497 ], [ 38.636908478194997, 54.120966648642899 ], [ 38.636250006772997, 54.121084759133097 ], [ 38.635607160414999, 54.121229560750798 ], [ 38.634983069970602, 54.121400348315902 ], [ 38.634380775054098, 54.121596290086003 ], [ 38.633803209253401, 54.121816431802699 ], [ 38.633253185851501, 54.122059701333797 ], [ 38.632733384132102, 54.122324913889202 ], [ 38.632246336333097, 54.122610777785702 ], [ 38.6317944153136, 54.122915900731698 ], [ 38.631379822993601, 54.1232387966025 ], [ 38.631004579622001, 54.123577892672699 ], [ 38.630670513926802, 54.123931537270799 ], [ 38.630379254194303, 54.124298007818702 ], [ 38.630132220321599, 54.124675519217199 ], [ 38.629930616881502, 54.125062232537203 ], [ 38.629775427233497, 54.125456263972701 ], [ 38.629667408709899, 54.1258556940153 ], [ 38.629607088902198, 54.126258576801497 ], [ 38.629594763064198, 54.126662949591001 ], [ 38.629630492646903, 54.127066842327501 ], [ 38.629714104971697, 54.127468287236603 ], [ 38.629845194044798, 54.1278653284133 ], [ 38.630023122508497, 54.128256031353501 ], [ 38.630247024721498, 54.1286384923811 ], [ 38.630515810951998, 54.129010847927503 ], [ 38.630828172666099, 54.129371283614802 ], [ 38.631182588883803, 54.129718043101803 ], [ 38.631577333572999, 54.130049436646999 ], [ 38.632010484045999, 54.130363849347702 ], [ 38.632479930317899, 54.1306597490155 ], [ 38.632983385380001, 54.130935693648603 ], [ 38.633518396340897, 54.131190338465302 ], [ 38.634082356378499, 54.131422442462899 ], [ 38.634672517445999, 54.131630874472599 ], [ 38.635286003669997, 54.1318146186767 ], [ 38.635919825374003, 54.131972779565402 ], [ 38.636570893660398, 54.132104586305402 ], [ 38.637236035477997, 54.132209396501402 ], [ 38.637912009103196, 54.1322866993305 ], [ 38.638595519956098, 54.132336118034402 ], [ 38.639283236677599, 54.1323574117581 ], [ 38.6399718073855, 54.1323504767252 ], [ 38.640657876032002, 54.132315346743802 ], [ 38.641338098781098, 54.132252193041701 ], [ 38.642009160326197, 54.132161323430502 ], [ 38.642667790068302, 54.132043180803599 ], [ 38.643310778073896, 54.131898340974601 ], [ 38.643934990736298, 54.131727509867503 ], [ 38.644537386062403, 54.131531520072102 ], [ 38.645115028510098, 54.131311326781699 ], [ 38.645665103304196, 54.1310680031321 ], [ 38.646184930160999, 54.1308027349668 ], [ 38.646671976353304, 54.1305168150516 ], [ 38.647123869053097, 54.130211636768202 ], [ 38.647538406891798, 54.129888687318598 ], [ 38.647913570680799, 54.129549540470798 ], [ 38.648247533241197, 54.129195848884798 ], [ 38.648538668294002, 54.128829336053201 ], [ 38.6487855583688, 54.1284517878982 ], [ 38.648987001691701, 54.1280650440644 ], [ 38.649142018019901, 54.1276709889516 ], [ 38.649249853394302, 54.127271542529201 ], [ 38.649309983788299, 54.126868650979397 ], [ 38.649322117634902, 54.126464277213003 ] ] ] } },
{ "type": "Feature", "properties": { "dataset_code": "SP", "source_file": "СП(2).kml", "placemark_index": 34, "organization_code": "SP", "organization_name_raw": "СП / Спасское", "farm_name_raw": "", "region_name_raw": "", "district_name_raw": "", "field_external_key": "SP:7.7", "field_code_raw": "7.7", "field_name_raw": "7.7", "field_code_unique_status": "unique", "source_fid": "66", "declared_area_ha": 41.19, "geometry_area_ha": 41.191094, "area_diff_ha": 0.001094, "area_diff_pct": 0.002656, "area_quality_status": "ok", "geometry_type": "Polygon", "polygon_count": 1, "inner_ring_count": 0, "geometry_valid": true, "geometry_validity_reason": "Valid Geometry", "centroid_lon": 38.679093275, "centroid_lat": 54.11111708, "representative_lon": 38.679070064000001, "representative_lat": 54.111077846999997, "centroid_within_geometry": true, "weather_point_lon_candidate": 38.679093275, "weather_point_lat_candidate": 54.11111708, "active_2026_candidate": false, "active_reason": "sp_no_irrigation_2026_flag_not_active", "season_year_candidate": null, "crop_raw": "", "crop_code_candidate": "", "crop_parameter_set_candidate_key": "", "regional_crop_parameter_set_candidate_key": "", "crop_parameter_candidate_status": "no_crop_in_kml", "crop_parameter_candidate_comment_ru": "В СП(2).kml культура не задана для этого поля.", "sowing_date_raw": "", "calculation_ready": false, "calculation_blockers_json": [ ], "geometry_hash_sha256": "cd510c181ec32b8e3b524d3d20870f1e8952956d00c1877dda1897febd33486a", "source_attributes_json": { "area_": "41.19", "fid": "66", "kml_name": "7.7" } }, "geometry": { "type": "Polygon", "coordinates": [ [ [ 38.675383604258101, 54.113552601452298 ], [ 38.675681231517501, 54.1136960980553 ], [ 38.675994991687901, 54.113827195841999 ], [ 38.676323391335501, 54.113945270756297 ], [ 38.676664867297497, 54.114049760729401 ], [ 38.677017794126101, 54.114140168356897 ], [ 38.6773804918286, 54.114216063268202 ], [ 38.677751233869301, 54.1142770841764 ], [ 38.6781282553927, 54.114322940599301 ], [ 38.678509761630202, 54.114353414243098 ], [ 38.678893936449803, 54.114368360042299 ], [ 38.679278951007397, 54.114367706850402 ], [ 38.6796629724588, 54.114351457779499 ], [ 38.680044172691602, 54.114319690184601 ], [ 38.680420737033799, 54.1142725552955 ], [ 38.680790872897802, 54.114210277496397 ], [ 38.681152818320001, 54.114133153256603 ], [ 38.681504850353299, 54.114041549718799 ], [ 38.681845293273497, 54.113935902949301 ], [ 38.682172526559697, 54.113816715861503 ], [ 38.682484992612103, 54.113684555820399 ], [ 38.6827812041683, 54.113540051939601 ], [ 38.683059751384498, 54.113383892085203 ], [ 38.683319308546501, 54.113216819599799 ], [ 38.683558640379701, 54.113039629761801 ], [ 38.683776607927499, 54.112853165998501 ], [ 38.6839721739696, 54.112658315869503 ], [ 38.684144407956097, 54.112456006839899 ], [ 38.684292490431503, 54.112247201864797 ], [ 38.684415716930303, 54.112032894803797 ], [ 38.6845135013237, 54.111814105689497 ], [ 38.684585378602698, 54.111591875871298 ], [ 38.684631007083603, 54.111367263058099 ], [ 38.684650170027403, 54.111141336283801 ], [ 38.6846427766624, 54.110915170818302 ], [ 38.6846088626083, 54.110689843050501 ], [ 38.6845485896988, 54.110466425364898 ], [ 38.684462245202901, 54.110245981038403 ], [ 38.684350240450001, 54.110029559180802 ], [ 38.684213108864803, 54.109818189742597 ], [ 38.684051503421998, 54.109612878614897 ], [ 38.683866193532197, 54.109414602843103 ], [ 38.683658061375198, 54.109224305978898 ], [ 38.6834280976963, 54.109042893591997 ], [ 38.6831773970885, 54.108871228962002 ], [ 38.682907152780302, 54.108710128972099 ], [ 38.682618650955398, 54.108560360223898 ], [ 38.682313264631503, 54.1084226353913 ], [ 38.681992447127101, 54.108297609830501 ], [ 38.681657725145897, 54.108185878464099 ], [ 38.681310691515201, 54.108087972950997 ], [ 38.680952997608401, 54.108004359158898 ], [ 38.6805863454912, 54.107935434948303 ], [ 38.680212479827198, 54.1078815282807 ], [ 38.679833179580498, 54.107842895659502 ], [ 38.6797809340596, 54.108065372630499 ], [ 38.679446157484897, 54.108044691682899 ], [ 38.679109805050302, 54.108036786345501 ], [ 38.678773287117501, 54.108041689768001 ], [ 38.678438014742298, 54.1080593813913 ], [ 38.678105393761498, 54.108089787034302 ], [ 38.677776818901698, 54.1081327792038 ], [ 38.677453667935197, 54.108188177629501 ], [ 38.6771372959061, 54.108255750019097 ], [ 38.676996585478697, 54.108049345521898 ], [ 38.676646272573599, 54.108139885508599 ], [ 38.676307353701802, 54.108244333131303 ], [ 38.675981425588702, 54.108362196342902 ], [ 38.675670023798098, 54.108492919891503 ], [ 38.675374615500999, 54.108635887934398 ], [ 38.6750965925645, 54.108790426937801 ], [ 38.674837264994999, 54.108955808847902 ], [ 38.674597854765999, 54.109131254519397 ], [ 38.674379490059501, 54.109315937384302 ], [ 38.674183199947898, 54.109508987344597 ], [ 38.674009909542697, 54.109709494869399 ], [ 38.673860435631497, 54.109916515279203 ], [ 38.673735482824199, 54.110129073194898 ], [ 38.673635640227801, 54.110346167132001 ], [ 38.673561378663699, 54.110566774218597 ], [ 38.673513048442899, 54.110789855013401 ], [ 38.673490877707202, 54.111014358402997 ], [ 38.673494971346997, 54.111239226553899 ], [ 38.673525310498697, 54.111463399896998 ], [ 38.673581752626099, 54.111685822119902 ], [ 38.673664032183503, 54.111905445145098 ], [ 38.673771761859598, 54.112121234068802 ], [ 38.673904434395297, 54.112332172038499 ], [ 38.674061424967, 54.112537265045397 ], [ 38.674241994124799, 54.112735546610203 ], [ 38.674445291271397, 54.112926082338198 ], [ 38.6746703586659, 54.1131079743245 ], [ 38.674971740997101, 54.112969834359703 ], [ 38.675178435678497, 54.113115901888499 ], [ 38.675400186047902, 54.113254137373602 ], [ 38.675636134411597, 54.113384006054297 ], [ 38.675383604258101, 54.113552601452298 ] ] ] } },
{ "type": "Feature", "properties": { "dataset_code": "SP", "source_file": "СП(2).kml", "placemark_index": 35, "organization_code": "SP", "organization_name_raw": "СП / Спасское", "farm_name_raw": "", "region_name_raw": "", "district_name_raw": "", "field_external_key": "SP:7.6", "field_code_raw": "7.6", "field_name_raw": "7.6", "field_code_unique_status": "unique", "source_fid": "67", "declared_area_ha": 61.26, "geometry_area_ha": 61.259451, "area_diff_ha": -0.000549, "area_diff_pct": -0.000897, "area_quality_status": "ok", "geometry_type": "Polygon", "polygon_count": 1, "inner_ring_count": 0, "geometry_valid": true, "geometry_validity_reason": "Valid Geometry", "centroid_lon": 38.667599361000001, "centroid_lat": 54.119617120999997, "representative_lon": 38.667561376000002, "representative_lat": 54.119645069000001, "centroid_within_geometry": true, "weather_point_lon_candidate": 38.667599361000001, "weather_point_lat_candidate": 54.119617120999997, "active_2026_candidate": false, "active_reason": "sp_no_irrigation_2026_flag_not_active", "season_year_candidate": null, "crop_raw": "", "crop_code_candidate": "", "crop_parameter_set_candidate_key": "", "regional_crop_parameter_set_candidate_key": "", "crop_parameter_candidate_status": "no_crop_in_kml", "crop_parameter_candidate_comment_ru": "В СП(2).kml культура не задана для этого поля.", "sowing_date_raw": "", "calculation_ready": false, "calculation_blockers_json": [ ], "geometry_hash_sha256": "8eef3b2d83a70fa42fca11d0280112d779347a72074a7851648235746a268698", "source_attributes_json": { "area_": "61.26", "fid": "67", "kml_name": "7.6" } }, "geometry": { "type": "Polygon", "coordinates": [ [ [ 38.661294971349903, 54.118794989337999 ], [ 38.660921725860099, 54.118746409272198 ], [ 38.660837667876201, 54.119011256745601 ], [ 38.660784165775503, 54.119278828774704 ], [ 38.660761463139899, 54.119547910132802 ], [ 38.6607696636786, 54.119817278714898 ], [ 38.6608087307457, 54.120085711087803 ], [ 38.660878487496298, 54.120351988046799 ], [ 38.660978617678403, 54.120614900154401 ], [ 38.661108667059601, 54.120873253233199 ], [ 38.661268045479403, 54.121125873792103 ], [ 38.661456029521702, 54.121371614357301 ], [ 38.661671765790999, 54.1216093586863 ], [ 38.661914274782198, 54.121838026839796 ], [ 38.662182455322601, 54.122056580089499 ], [ 38.662475089569099, 54.1222640256387 ], [ 38.662790848535501, 54.122459421134302 ], [ 38.663128298127297, 54.122641878949999 ], [ 38.6634859056539, 54.1228105702208 ], [ 38.663862046791103, 54.122964728611102 ], [ 38.664255012961199, 54.123103653797799 ], [ 38.664663019096402, 54.1232267146545 ], [ 38.665084211752003, 54.123333352120298 ], [ 38.665516677530299, 54.123423081742096 ], [ 38.665958451778799, 54.123495495876597 ], [ 38.666407527521798, 54.123550265543599 ], [ 38.666861864584902, 54.123587141922599 ], [ 38.667319398871498, 54.123605957483299 ], [ 38.667778051747703, 54.123606626747602 ], [ 38.667766113081797, 54.123382090008803 ], [ 38.668207026590402, 54.1233651052246 ], [ 38.668644905048097, 54.123330339329698 ], [ 38.669077672514902, 54.123277957149597 ], [ 38.669503277301899, 54.123208207026202 ], [ 38.669641694154798, 54.1234651518551 ], [ 38.670079513634697, 54.123369452965903 ], [ 38.6705053237337, 54.123256596637802 ], [ 38.670917178298197, 54.123127098708103 ], [ 38.671313195011798, 54.122981551072598 ], [ 38.671691564003098, 54.122820618978501 ], [ 38.672050556120901, 54.1226450379813 ], [ 38.672388530838603, 54.122455610580403 ], [ 38.6727039437529, 54.122253202548897 ], [ 38.672995353641397, 54.122038738974098 ], [ 38.673261429047002, 54.121813200026999 ], [ 38.673500954359703, 54.121577616480003 ], [ 38.673712835366601, 54.121333064994097 ], [ 38.673896104247099, 54.121080663195499 ], [ 38.674049923988299, 54.120821564566903 ], [ 38.674173592201697, 54.1205569531732 ], [ 38.6742665443237, 54.120288038249797 ], [ 38.674328356185796, 54.1200160486746 ], [ 38.6743587459422, 54.119742227352098 ], [ 38.674357575346498, 54.119467825532602 ], [ 38.674324850372102, 54.119194097094301 ], [ 38.674260721173901, 54.118922292814098 ], [ 38.674165481390297, 54.118653654652199 ], [ 38.674039566791002, 54.118389410078201 ], [ 38.673883553274997, 54.118130766463601 ], [ 38.673698154229598, 54.1178789055664 ], [ 38.673484217261397, 54.117634978133097 ], [ 38.673149470172703, 54.117746749584597 ], [ 38.672987239142302, 54.117588234019301 ], [ 38.672811981046401, 54.117434579419999 ], [ 38.6726241171338, 54.117286154986097 ], [ 38.6729252000465, 54.117147767064097 ], [ 38.672625152916901, 54.116937722542097 ], [ 38.672301304956399, 54.116740255445698 ], [ 38.671955179908899, 54.116556294686298 ], [ 38.671588406246997, 54.116386705628202 ], [ 38.671202709510901, 54.116232286020697 ], [ 38.670799904192698, 54.116093762247999 ], [ 38.670381885203597, 54.115971785914297 ], [ 38.669950618963803, 54.115866930781401 ], [ 38.669508134158299, 54.115779690071903 ], [ 38.669056512199603, 54.115710474150397 ], [ 38.668597877444299, 54.115659608595401 ], [ 38.668134387208603, 54.115627332668701 ], [ 38.667668221628503, 54.115613798190601 ], [ 38.667201573414303, 54.115619068827201 ], [ 38.666736637545, 54.115643119790299 ], [ 38.666275600953398, 54.115685837953897 ], [ 38.665820632247197, 54.1157470223865 ], [ 38.665373871517602, 54.115826385294397 ], [ 38.664937420280403, 54.115923553375097 ], [ 38.664513331597902, 54.116038069570898 ], [ 38.664103600428099, 54.116169395217902 ], [ 38.663710154246203, 54.116316912577197 ], [ 38.663334843981502, 54.116479927738403 ], [ 38.662979435314, 54.116657673881903 ], [ 38.6626456003698, 54.116849314882799 ], [ 38.662334909856, 54.117053949242099 ], [ 38.662628753130797, 54.117197607713003 ], [ 38.662361001929099, 54.117400263748102 ], [ 38.662117308102303, 54.117613139924899 ], [ 38.661898798469501, 54.1178352522548 ], [ 38.661706483488999, 54.118065574039498 ], [ 38.6615412525815, 54.118303040616098 ], [ 38.661403870012101, 54.118546554276101 ], [ 38.661294971349903, 54.118794989337999 ] ] ] } },
{ "type": "Feature", "properties": { "dataset_code": "SP", "source_file": "СП(2).kml", "placemark_index": 36, "organization_code": "SP", "organization_name_raw": "СП / Спасское", "farm_name_raw": "", "region_name_raw": "", "district_name_raw": "", "field_external_key": "SP:5.4", "field_code_raw": "5.4", "field_name_raw": "5.4", "field_code_unique_status": "unique", "source_fid": "68", "declared_area_ha": 121.6, "geometry_area_ha": 121.597003, "area_diff_ha": -0.002997, "area_diff_pct": -0.002465, "area_quality_status": "ok", "geometry_type": "Polygon", "polygon_count": 1, "inner_ring_count": 0, "geometry_valid": true, "geometry_validity_reason": "Valid Geometry", "centroid_lon": 38.772174991999997, "centroid_lat": 54.003852139000003, "representative_lon": 38.772151991999998, "representative_lat": 54.003893777000002, "centroid_within_geometry": true, "weather_point_lon_candidate": 38.772174991999997, "weather_point_lat_candidate": 54.003852139000003, "active_2026_candidate": false, "active_reason": "sp_no_irrigation_2026_flag_not_active", "season_year_candidate": null, "crop_raw": "", "crop_code_candidate": "", "crop_parameter_set_candidate_key": "", "regional_crop_parameter_set_candidate_key": "", "crop_parameter_candidate_status": "no_crop_in_kml", "crop_parameter_candidate_comment_ru": "В СП(2).kml культура не задана для этого поля.", "sowing_date_raw": "", "calculation_ready": false, "calculation_blockers_json": [ ], "geometry_hash_sha256": "59145262ba0e6d7108c029baed63bfaaa6ced54341600788d5b009b25372b1ef", "source_attributes_json": { "area_": "121.6", "fid": "68", "kml_name": "5.4" } }, "geometry": { "type": "Polygon", "coordinates": [ [ [ 38.781115195258799, 54.0058716275542 ], [ 38.781265993227898, 54.005625966548301 ], [ 38.781446790973398, 54.005252559836897 ], [ 38.781583372351399, 54.004872688548403 ], [ 38.781675086178097, 54.004488167193998 ], [ 38.7817214956276, 54.004100832446198 ], [ 38.781722380294603, 54.003712534364901 ], [ 38.781677737223198, 54.0033251275594 ], [ 38.781587780896601, 54.002940462331502 ], [ 38.781452942188999, 54.002560375837902 ], [ 38.781273866284302, 54.002186683318598 ], [ 38.781051409572399, 54.001821169428801 ], [ 38.780786635538099, 54.0014655797196 ], [ 38.780480809663601, 54.0011216123048 ], [ 38.780135393367601, 54.000790909755899 ], [ 38.779752037011697, 54.000475051262399 ], [ 38.779332572007199, 54.000175545095601 ], [ 38.778879002060201, 53.999893821411703 ], [ 38.778393493597001, 53.999631225427798 ], [ 38.777878365415397, 53.999389011003601 ], [ 38.777650520268402, 53.9995915563658 ], [ 38.777184643885199, 53.999397485756496 ], [ 38.776699144295598, 53.999220900183502 ], [ 38.776195909446898, 53.999062486250203 ], [ 38.776378501399599, 53.9988450946501 ], [ 38.775779804404401, 53.998685389646397 ], [ 38.775163903082998, 53.998550292707698 ], [ 38.7745337070061, 53.998440442018897 ], [ 38.7738921931942, 53.998356356501603 ], [ 38.773242392069299, 53.998298433364702 ], [ 38.772587373155503, 53.9982669462307 ], [ 38.771930230596503, 53.9982620438442 ], [ 38.771274068557197, 53.998283749370401 ], [ 38.770621986578099, 53.998331960285199 ], [ 38.769977064951398, 53.998406448859001 ], [ 38.769342350187898, 53.9985068632311 ], [ 38.768720840641599, 53.998632729069499 ], [ 38.768115472361401, 53.998783451809103 ], [ 38.767529105234601, 53.998958319456797 ], [ 38.766964509488801, 53.999156505951198 ], [ 38.766424352614202, 53.999377075060501 ], [ 38.765911186769401, 53.999618984800598 ], [ 38.7654274367287, 53.999881092353 ], [ 38.764975388428702, 54.000162159458 ], [ 38.764557178167401, 54.000460858259601 ], [ 38.764174782507197, 54.000775777573701 ], [ 38.763830008929901, 54.001105429549803 ], [ 38.763524487287199, 54.001448256695703 ], [ 38.763259662087599, 54.001802639231599 ], [ 38.763036785656801, 54.0021669027388 ], [ 38.762856912203603, 54.0025393260672 ], [ 38.762720892819097, 54.002918149465103 ], [ 38.762629371435096, 54.003301582891098 ], [ 38.7625827817591, 54.003687814470602 ], [ 38.762581345201802, 54.0040750190566 ], [ 38.762625069807598, 54.004461366853299 ], [ 38.762713750192603, 54.004845032063798 ], [ 38.7628469684918, 54.005224201518701 ], [ 38.7630240963109, 54.005597083246599 ], [ 38.763412731842401, 54.005516589010497 ], [ 38.7636240300181, 54.005868996294502 ], [ 38.763876470182197, 54.006211882069103 ], [ 38.764168828018398, 54.006543582016398 ], [ 38.764499685356803, 54.006862486075001 ], [ 38.7648674370432, 54.007167046258701 ], [ 38.765270298718903, 54.007455784175903 ], [ 38.765706315472897, 54.007727298210199 ], [ 38.765418732309101, 54.007898708243403 ], [ 38.765877170404501, 54.008150608075198 ], [ 38.766362925663103, 54.008384071613001 ], [ 38.7668738655452, 54.0085980737135 ], [ 38.7674077468184, 54.008791674674399 ], [ 38.767962225411402, 54.008964024365703 ], [ 38.768534866712102, 54.009114365965701 ], [ 38.769123156266602, 54.009242039288402 ], [ 38.769724510829199, 54.009346483685 ], [ 38.7703362897172, 54.009427240509297 ], [ 38.770669968275101, 54.009457788049801 ], [ 38.770977688838002, 54.009384409865 ], [ 38.771549132397702, 54.009272240024004 ], [ 38.771593621447401, 54.009362979014902 ], [ 38.7716013134823, 54.009274133492497 ], [ 38.772139516976097, 54.009283406199202 ], [ 38.772677714535902, 54.009274015588502 ], [ 38.773214042153697, 54.009245994188099 ], [ 38.773746642306598, 54.009199439051997 ], [ 38.774273670397001, 54.009134511423703 ], [ 38.774793301148499, 54.009051436176897 ], [ 38.774820284513901, 54.0090995372896 ], [ 38.7748252274544, 54.009045695389602 ], [ 38.775459787853997, 54.009079338266098 ], [ 38.775755296297604, 54.0091067856469 ], [ 38.776155870791101, 54.009008620689002 ], [ 38.776745570500601, 54.008835057199597 ], [ 38.777313504587703, 54.008637914342799 ], [ 38.777856959842303, 54.0084181340548 ], [ 38.778373340131701, 54.0081767664146 ], [ 38.778860178808401, 54.0079149646226 ], [ 38.779315150497602, 54.007633979485298 ], [ 38.779736082204799, 54.007335153433999 ], [ 38.780069247758199, 54.007062272681701 ], [ 38.780200148142299, 54.0068418210519 ], [ 38.780389771759999, 54.006581597548099 ], [ 38.780609395357402, 54.006329692940902 ], [ 38.780857973579401, 54.006087305620802 ], [ 38.781115195258799, 54.0058716275542 ] ] ] } },
{ "type": "Feature", "properties": { "dataset_code": "SP", "source_file": "СП(2).kml", "placemark_index": 37, "organization_code": "SP", "organization_name_raw": "СП / Спасское", "farm_name_raw": "", "region_name_raw": "", "district_name_raw": "", "field_external_key": "SP:5.1", "field_code_raw": "5.1", "field_name_raw": "5.1", "field_code_unique_status": "unique", "source_fid": "69", "declared_area_ha": 64.55, "geometry_area_ha": 64.552604, "area_diff_ha": 0.002604, "area_diff_pct": 0.004034, "area_quality_status": "ok", "geometry_type": "Polygon", "polygon_count": 1, "inner_ring_count": 0, "geometry_valid": true, "geometry_validity_reason": "Valid Geometry", "centroid_lon": 38.786667168999998, "centroid_lat": 54.008350958999998, "representative_lon": 38.786693317999998, "representative_lat": 54.008407477, "centroid_within_geometry": true, "weather_point_lon_candidate": 38.786667168999998, "weather_point_lat_candidate": 54.008350958999998, "active_2026_candidate": false, "active_reason": "sp_no_irrigation_2026_flag_not_active", "season_year_candidate": null, "crop_raw": "", "crop_code_candidate": "", "crop_parameter_set_candidate_key": "", "regional_crop_parameter_set_candidate_key": "", "crop_parameter_candidate_status": "no_crop_in_kml", "crop_parameter_candidate_comment_ru": "В СП(2).kml культура не задана для этого поля.", "sowing_date_raw": "", "calculation_ready": false, "calculation_blockers_json": [ ], "geometry_hash_sha256": "d23a3e566c4dc37b2b77a93da02e8b9414a87161742302ce88d6f77bf68fd8b9", "source_attributes_json": { "area_": "64.55", "fid": "69", "kml_name": "5.1" } }, "geometry": { "type": "Polygon", "coordinates": [ [ [ 38.781115195258799, 54.0058716275542 ], [ 38.781041841567998, 54.005991125002097 ], [ 38.780775405618201, 54.006346290871598 ], [ 38.7804679570839, 54.006689767519298 ], [ 38.780120963694003, 54.007019914106202 ], [ 38.780069247758199, 54.007062272681701 ], [ 38.780041427192401, 54.007109125463501 ], [ 38.779914364626897, 54.007382239082901 ], [ 38.779819565585903, 54.007659862547499 ], [ 38.779757481742202, 54.007940675012797 ], [ 38.779728409140603, 54.008223340435102 ], [ 38.779732486776901, 54.008506513927699 ], [ 38.779769695923697, 54.008788848159298 ], [ 38.779839860206998, 54.0090689997648 ], [ 38.779942646432303, 54.009345635737503 ], [ 38.780077566158297, 54.009617439772697 ], [ 38.7802439780084, 54.009883118532002 ], [ 38.7804410907125, 54.010141407799502 ], [ 38.780667966861699, 54.010391078498799 ], [ 38.780890608634401, 54.010600045862802 ], [ 38.781075271349401, 54.010702614083399 ], [ 38.781508685742899, 54.010977693368297 ], [ 38.781910044477698, 54.011269159778799 ], [ 38.782054161661598, 54.011389372751204 ], [ 38.782206377021801, 54.0114703154618 ], [ 38.782584608371899, 54.011645142408099 ], [ 38.782982405168902, 54.011804194786599 ], [ 38.783397874462601, 54.011946715653004 ], [ 38.783829039134197, 54.012072026731197 ], [ 38.784273847310303, 54.012179531644001 ], [ 38.784730182133501, 54.012268718753297 ], [ 38.785195871843101, 54.012339163596799 ], [ 38.785668700118997, 54.012390530910601 ], [ 38.786146416637898, 54.012422576225099 ], [ 38.786626747792397, 54.012435147029997 ], [ 38.787107407520899, 54.012428183500703 ], [ 38.7875861081979, 54.012401718782897 ], [ 38.7880605715306, 54.012355878835102 ], [ 38.788528539411701, 54.012290881827902 ], [ 38.788987784675697, 54.012207037105298 ], [ 38.7894361217068, 54.0121047437108 ], [ 38.789871416848101, 54.011984488486497 ], [ 38.790291598563797, 54.011846843754498 ], [ 38.790694667302297, 54.011692464590503 ], [ 38.791078705017803, 54.011522085703902 ], [ 38.791441884300198, 54.011336517938901 ], [ 38.791782477074399, 54.011136644412503 ], [ 38.792098862822897, 54.010923416309097 ], [ 38.792389536296902, 54.010697848351199 ], [ 38.792653114676099, 54.0104610139676 ], [ 38.792888344144302, 54.010214040182603 ], [ 38.793094105849903, 54.009958102250003 ], [ 38.792717848531197, 54.009859495403603 ], [ 38.7928818745577, 54.0096124054797 ], [ 38.793016717515002, 54.0093592665242 ], [ 38.793121741822198, 54.009101272714801 ], [ 38.793196452596803, 54.008839641109397 ], [ 38.793240497979099, 54.0085756059039 ], [ 38.793645978979299, 54.00859081542 ], [ 38.793660759020497, 54.008308439661199 ], [ 38.793642465439703, 54.0080261352931 ], [ 38.793591185898499, 54.0077452447658 ], [ 38.793507164905101, 54.007467103779099 ], [ 38.793390802639699, 54.0071930349322 ], [ 38.7932426530394, 54.006924341435003 ], [ 38.793063421152702, 54.006662300912602 ], [ 38.7928539597767, 54.0064081593328 ], [ 38.792615265392499, 54.006163125082502 ], [ 38.792348473418599, 54.005928363225301 ], [ 38.792054852805698, 54.005704989963697 ], [ 38.791735799997198, 54.005494067335 ], [ 38.791392832285602, 54.005296598164598 ], [ 38.791027580595902, 54.005113521300501 ], [ 38.790641781730102, 54.004945707152501 ], [ 38.7902372701109, 54.004793953557098 ], [ 38.789815969061003, 54.0046589819868 ], [ 38.789379881663699, 54.004541434122103 ], [ 38.788931081243497, 54.004441868804001 ], [ 38.788471701515498, 54.0043607593785 ], [ 38.788003926448397, 54.004298491448701 ], [ 38.787920333779198, 54.004534997729401 ], [ 38.787539542150398, 54.004499160016501 ], [ 38.787155833389598, 54.004476568981602 ], [ 38.786770534104697, 54.004467302731598 ], [ 38.786384976398402, 54.004471393304897 ], [ 38.786000493266698, 54.004488826561499 ], [ 38.785618413993802, 54.004519542231002 ], [ 38.785550771097, 54.004280285233101 ], [ 38.785079596451702, 54.004336413348803 ], [ 38.784616109344697, 54.004411540627501 ], [ 38.784162514446798, 54.004505309721999 ], [ 38.783720969415803, 54.004617274610503 ], [ 38.783293574640297, 54.0047469027161 ], [ 38.782882363255197, 54.004893577438096 ], [ 38.7824892914755, 54.005056601082998 ], [ 38.782116229294203, 54.005235198180003 ], [ 38.781764951589402, 54.0054285191679 ], [ 38.781437129682203, 54.0056356444328 ], [ 38.781134323384997, 54.005855588680703 ], [ 38.781115195258799, 54.0058716275542 ] ] ] } },
{ "type": "Feature", "properties": { "dataset_code": "SP", "source_file": "СП(2).kml", "placemark_index": 38, "organization_code": "SP", "organization_name_raw": "СП / Спасское", "farm_name_raw": "", "region_name_raw": "", "district_name_raw": "", "field_external_key": "SP:5.2", "field_code_raw": "5.2", "field_name_raw": "5.2", "field_code_unique_status": "unique", "source_fid": "72", "declared_area_ha": 58.49, "geometry_area_ha": 58.492939, "area_diff_ha": 0.002939, "area_diff_pct": 0.005024, "area_quality_status": "ok", "geometry_type": "Polygon", "polygon_count": 1, "inner_ring_count": 0, "geometry_valid": true, "geometry_validity_reason": "Valid Geometry", "centroid_lon": 38.777271567, "centroid_lat": 54.012971262999997, "representative_lon": 38.778293324000003, "representative_lat": 54.013741904, "centroid_within_geometry": true, "weather_point_lon_candidate": 38.777271567, "weather_point_lat_candidate": 54.012971262999997, "active_2026_candidate": false, "active_reason": "sp_no_irrigation_2026_flag_not_active", "season_year_candidate": null, "crop_raw": "", "crop_code_candidate": "", "crop_parameter_set_candidate_key": "", "regional_crop_parameter_set_candidate_key": "", "crop_parameter_candidate_status": "no_crop_in_kml", "crop_parameter_candidate_comment_ru": "В СП(2).kml культура не задана для этого поля.", "sowing_date_raw": "", "calculation_ready": false, "calculation_blockers_json": [ ], "geometry_hash_sha256": "81e08239441d6a3bd76e5953e44253e74f006b0dedb728ecf761144de5db1449", "source_attributes_json": { "area_": "58.49", "fid": "72", "kml_name": "5.2" } }, "geometry": { "type": "Polygon", "coordinates": [ [ [ 38.775755296297604, 54.0091067856469 ], [ 38.775547222775799, 54.009157775523597 ], [ 38.7749225344077, 54.009281809030803 ], [ 38.774820284513901, 54.0090995372896 ], [ 38.774802992278602, 54.009287895068901 ], [ 38.774167843077102, 54.009279719766702 ], [ 38.773533261193698, 54.009297519013401 ], [ 38.772902304214497, 54.009341207054199 ], [ 38.772278012281298, 54.009410573394497 ], [ 38.771663393460699, 54.009505283812601 ], [ 38.771593621447401, 54.009362979014902 ], [ 38.771580340404, 54.009516378506603 ], [ 38.770955806418897, 54.009483955133298 ], [ 38.770669968275101, 54.009457788049801 ], [ 38.770419364635202, 54.009517545519103 ], [ 38.769876374282902, 54.0096711189641 ], [ 38.769350871527799, 54.009844521113401 ], [ 38.768844940833603, 54.010037064228598 ], [ 38.768360589119098, 54.0102479846447 ], [ 38.767899737801699, 54.010476445795597 ], [ 38.774285613319002, 54.014669333869598 ], [ 38.781398503922802, 54.0184348687824 ], [ 38.7818094072204, 54.018146864074097 ], [ 38.782186745729398, 54.017843349261199 ], [ 38.782528836868302, 54.0175256783481 ], [ 38.782834155402497, 54.017195268458202 ], [ 38.783101340237899, 54.016853593508799 ], [ 38.783329200480601, 54.0165021776318 ], [ 38.7835167207338, 54.0161425883718 ], [ 38.783663065612103, 54.015776429691101 ], [ 38.783767583449503, 54.0154053348123 ], [ 38.7838298091878, 54.015030958931902 ], [ 38.783849466431001, 54.014654971835803 ], [ 38.7838264686578, 54.014279050451599 ], [ 38.783760919587401, 54.013904871368403 ], [ 38.783653112695802, 54.013534103360598 ], [ 38.7832483143617, 54.013578937356897 ], [ 38.783121910261897, 54.013266064686697 ], [ 38.782964050718697, 54.012958188834801 ], [ 38.782775298363497, 54.012656405769903 ], [ 38.7831615783616, 54.0125720573403 ], [ 38.782904725186, 54.012228617426402 ], [ 38.782609617390797, 54.011896012841703 ], [ 38.782277565643, 54.011575719784602 ], [ 38.782054161661598, 54.011389372751204 ], [ 38.7818495108897, 54.011280545955202 ], [ 38.781515708000299, 54.011076736997097 ], [ 38.781206556551901, 54.010859858496502 ], [ 38.780923527360102, 54.010630942544203 ], [ 38.780890608634401, 54.010600045862802 ], [ 38.780611725356103, 54.010445142704398 ], [ 38.780120105428203, 54.010206421848103 ], [ 38.7796025937037, 54.009987510901901 ], [ 38.7790614871112, 54.009789381326399 ], [ 38.778499187179897, 54.0096129123488 ], [ 38.777918189388103, 54.009458887065001 ], [ 38.777321072097102, 54.009327988968302 ], [ 38.776710485118798, 54.009220798919699 ], [ 38.776089137968498, 54.009137792572801 ], [ 38.775755296297604, 54.0091067856469 ] ] ] } },
{ "type": "Feature", "properties": { "dataset_code": "SP", "source_file": "СП(2).kml", "placemark_index": 39, "organization_code": "SP", "organization_name_raw": "СП / Спасское", "farm_name_raw": "", "region_name_raw": "", "district_name_raw": "", "field_external_key": "SP:5.6", "field_code_raw": "5.6", "field_name_raw": "5.6", "field_code_unique_status": "unique", "source_fid": "77", "declared_area_ha": 26.55, "geometry_area_ha": 26.548446, "area_diff_ha": -0.001554, "area_diff_pct": -0.005853, "area_quality_status": "ok", "geometry_type": "Polygon", "polygon_count": 1, "inner_ring_count": 0, "geometry_valid": true, "geometry_validity_reason": "Valid Geometry", "centroid_lon": 38.752528265000002, "centroid_lat": 53.996488305, "representative_lon": 38.752456225000003, "representative_lat": 53.996909742, "centroid_within_geometry": true, "weather_point_lon_candidate": 38.752528265000002, "weather_point_lat_candidate": 53.996488305, "active_2026_candidate": false, "active_reason": "sp_no_irrigation_2026_flag_not_active", "season_year_candidate": null, "crop_raw": "", "crop_code_candidate": "", "crop_parameter_set_candidate_key": "", "regional_crop_parameter_set_candidate_key": "", "crop_parameter_candidate_status": "no_crop_in_kml", "crop_parameter_candidate_comment_ru": "В СП(2).kml культура не задана для этого поля.", "sowing_date_raw": "", "calculation_ready": false, "calculation_blockers_json": [ ], "geometry_hash_sha256": "d00d54bfd42d858677964c44701d6c347003b2c081ebd24be55867f36c67ca23", "source_attributes_json": { "area_": "26.55", "fid": "77", "kml_name": "5.6" } }, "geometry": { "type": "Polygon", "coordinates": [ [ [ 38.7515063166543, 53.9977969486945 ], [ 38.756955607030797, 53.999546396776701 ], [ 38.757144963257304, 53.999323938685301 ], [ 38.757308193601503, 53.999094406617999 ], [ 38.7574445422037, 53.9988588640703 ], [ 38.757553377789201, 53.998618402367697 ], [ 38.7576341965854, 53.998374135608202 ], [ 38.757686624648002, 53.998127195499499 ], [ 38.757710419583802, 53.997878726115196 ], [ 38.757705471664799, 53.9976298785936 ], [ 38.757671804327202, 53.997381805804302 ], [ 38.757609574053099, 53.997135657007398 ], [ 38.7576036698797, 53.997119799163599 ], [ 38.757523401885102, 53.997047576931401 ], [ 38.757260661747303, 53.996771906802302 ], [ 38.757433214069898, 53.996719282921397 ], [ 38.757400710835903, 53.996653678482097 ], [ 38.757255046421101, 53.996420081544699 ], [ 38.757082751623201, 53.9961928638402 ], [ 38.756967550113401, 53.996065068770598 ], [ 38.756780735583398, 53.996101647706404 ], [ 38.756625703552203, 53.9957774801196 ], [ 38.756602225833802, 53.995713204277102 ], [ 38.756414664337399, 53.995559834739801 ], [ 38.756145007943097, 53.995368291692998 ], [ 38.755853864912197, 53.995188000008497 ], [ 38.755542584090698, 53.995019794802701 ], [ 38.75521260755, 53.9948644551977 ], [ 38.754865463907599, 53.994722700714497 ], [ 38.754638691532399, 53.994925151203297 ], [ 38.754335236017603, 53.994817816610897 ], [ 38.754021225060001, 53.994721599633301 ], [ 38.753697830376801, 53.994636859281002 ], [ 38.753366258675101, 53.994563911740499 ], [ 38.753027747151798, 53.9945030291954 ], [ 38.752683558879802, 53.994454438811097 ], [ 38.752334978098098, 53.994418321888297 ], [ 38.7519833054236, 53.994394813187 ], [ 38.7519966967646, 53.9941521048436 ], [ 38.7515763712534, 53.994141052894904 ], [ 38.751155740321501, 53.994146794682798 ], [ 38.7507367341247, 53.994169303862897 ], [ 38.7503212753697, 53.994208477149499 ], [ 38.7499112704987, 53.994264134789503 ], [ 38.749508600947003, 53.994336021386403 ], [ 38.7491151145163, 53.994423807071399 ], [ 38.748732616901002, 53.994527089015598 ], [ 38.748362863407003, 53.9946453932777 ], [ 38.748007550901001, 53.994778176976702 ], [ 38.747668310027002, 53.9949248307815 ], [ 38.747346697725703, 53.995084681705499 ], [ 38.747044190091103, 53.995256996192502 ], [ 38.746762175596601, 53.995440983481501 ], [ 38.746501948722198, 53.9956357992329 ], [ 38.746264704012297, 53.995840549401599 ], [ 38.746051530590201, 53.996054294338101 ], [ 38.745863407155603, 53.996276053098597 ], [ 38.745701197488401, 53.9965048079452 ], [ 38.7515063166543, 53.9977969486945 ] ] ] } },
{ "type": "Feature", "properties": { "dataset_code": "SP", "source_file": "СП(2).kml", "placemark_index": 40, "organization_code": "SP", "organization_name_raw": "СП / Спасское", "farm_name_raw": "", "region_name_raw": "", "district_name_raw": "", "field_external_key": "SP:5.5", "field_code_raw": "5.5", "field_name_raw": "5.5", "field_code_unique_status": "unique", "source_fid": "79", "declared_area_ha": 41.33, "geometry_area_ha": 41.332412, "area_diff_ha": 0.002412, "area_diff_pct": 0.005836, "area_quality_status": "ok", "geometry_type": "Polygon", "polygon_count": 1, "inner_ring_count": 0, "geometry_valid": true, "geometry_validity_reason": "Valid Geometry", "centroid_lon": 38.764648314, "centroid_lat": 53.996527905000001, "representative_lon": 38.764495580999998, "representative_lat": 53.996556918000003, "centroid_within_geometry": true, "weather_point_lon_candidate": 38.764648314, "weather_point_lat_candidate": 53.996527905000001, "active_2026_candidate": false, "active_reason": "sp_no_irrigation_2026_flag_not_active", "season_year_candidate": null, "crop_raw": "", "crop_code_candidate": "", "crop_parameter_set_candidate_key": "", "regional_crop_parameter_set_candidate_key": "", "crop_parameter_candidate_status": "no_crop_in_kml", "crop_parameter_candidate_comment_ru": "В СП(2).kml культура не задана для этого поля.", "sowing_date_raw": "", "calculation_ready": false, "calculation_blockers_json": [ ], "geometry_hash_sha256": "ca52b671b1898090db0be79a6c69a5fa5616da3246b74643c3c672947cdd2405", "source_attributes_json": { "area_": "41.33", "fid": "79", "kml_name": "5.5" } }, "geometry": { "type": "Polygon", "coordinates": [ [ [ 38.757433214069898, 53.996719282921397 ], [ 38.757519069636501, 53.996892572529497 ], [ 38.7576036698797, 53.997119799163599 ], [ 38.757817368115198, 53.997312075608299 ], [ 38.7581411985364, 53.997564176935001 ], [ 38.758493392751497, 53.997802712451303 ], [ 38.758872318816401, 53.9980265765547 ], [ 38.759276220800302, 53.9982347316272 ], [ 38.759703226922703, 53.998426212848898 ], [ 38.7601513582295, 53.9986001326725 ], [ 38.7606185377674, 53.998755684941301 ], [ 38.761102600214699, 53.9988921486284 ], [ 38.7616013019232, 53.999008891182001 ], [ 38.762112331325099, 53.999105371459798 ], [ 38.762633319655997, 53.999181142239998 ], [ 38.763161851943899, 53.999235852296003 ], [ 38.763695478214103, 53.999269248025897 ], [ 38.764231724856401, 53.999281174629402 ], [ 38.764768106102999, 53.999271576825798 ], [ 38.7653021355626, 53.9992404991104 ], [ 38.765831337757596, 53.999188085547999 ], [ 38.765764967040603, 53.998948509498199 ], [ 38.766236302019301, 53.998881969560003 ], [ 38.766699320838804, 53.998797562859799 ], [ 38.767152074465898, 53.998695644712903 ], [ 38.767592657118101, 53.998576644146098 ], [ 38.768019214292103, 53.9984410620905 ], [ 38.768429950574401, 53.998289469270802 ], [ 38.768823137203299, 53.998122503800801 ], [ 38.769197119348298, 53.997940868495299 ], [ 38.769550323077397, 53.9977453279092 ], [ 38.769881261982903, 53.997536705117199 ], [ 38.770216387910203, 53.997679312282003 ], [ 38.770547545366398, 53.9974431238251 ], [ 38.7708509489336, 53.997194330062598 ], [ 38.7711252210865, 53.996934060997901 ], [ 38.771369116683502, 53.996663498732197 ], [ 38.771581528613901, 53.996383872093297 ], [ 38.771761492818399, 53.996096451051798 ], [ 38.771908192656802, 53.995802540951097 ], [ 38.772020962605801, 53.995503476577099 ], [ 38.772099291269697, 53.995200616094998 ], [ 38.772142823689698, 53.994895334879601 ], [ 38.772151362942601, 53.994589019269 ], [ 38.772124871020999, 53.994283060268103 ], [ 38.772063468991902, 53.993978847232299 ], [ 38.764260775563599, 53.994636753367402 ], [ 38.756420415662099, 53.995115182011197 ], [ 38.756505439732798, 53.995448227150398 ], [ 38.756602225833802, 53.995713204277102 ], [ 38.756661584724498, 53.995761741904602 ], [ 38.756884624998797, 53.995973077922898 ], [ 38.756967550113401, 53.996065068770598 ], [ 38.757171389139799, 53.996025155974301 ], [ 38.757304149515903, 53.996241482176998 ], [ 38.757455909919798, 53.996453426394602 ], [ 38.757626256143098, 53.996660409758398 ], [ 38.757433214069898, 53.996719282921397 ] ] ] } },
{ "type": "Feature", "properties": { "dataset_code": "SP", "source_file": "СП(2).kml", "placemark_index": 41, "organization_code": "SP", "organization_name_raw": "СП / Спасское", "farm_name_raw": "", "region_name_raw": "", "district_name_raw": "", "field_external_key": "SP:5.11", "field_code_raw": "5.11", "field_name_raw": "5.11", "field_code_unique_status": "unique", "source_fid": "82", "declared_area_ha": 37.54, "geometry_area_ha": 37.539567, "area_diff_ha": -0.000433, "area_diff_pct": -0.001153, "area_quality_status": "ok", "geometry_type": "Polygon", "polygon_count": 1, "inner_ring_count": 0, "geometry_valid": true, "geometry_validity_reason": "Valid Geometry", "centroid_lon": 38.766729130999998, "centroid_lat": 53.990383492, "representative_lon": 38.766791552000001, "representative_lat": 53.99031278, "centroid_within_geometry": true, "weather_point_lon_candidate": 38.766729130999998, "weather_point_lat_candidate": 53.990383492, "active_2026_candidate": false, "active_reason": "sp_no_irrigation_2026_flag_not_active", "season_year_candidate": null, "crop_raw": "", "crop_code_candidate": "", "crop_parameter_set_candidate_key": "", "regional_crop_parameter_set_candidate_key": "", "crop_parameter_candidate_status": "no_crop_in_kml", "crop_parameter_candidate_comment_ru": "В СП(2).kml культура не задана для этого поля.", "sowing_date_raw": "", "calculation_ready": false, "calculation_blockers_json": [ ], "geometry_hash_sha256": "61f35bdd2185fc89e7f0d63fff771690df434c87bb500cdd8d43e6e11cb5d8b7", "source_attributes_json": { "area_": "37.54", "fid": "82", "kml_name": "5.11" } }, "geometry": { "type": "Polygon", "coordinates": [ [ [ 38.7661975329478, 53.993540391899302 ], [ 38.766242951838301, 53.993296501141401 ], [ 38.766573082434498, 53.993311388558901 ], [ 38.766904160002802, 53.993313447751703 ], [ 38.7672347503458, 53.993302669801103 ], [ 38.767563421378398, 53.993279101398102 ], [ 38.767888749335697, 53.993242844640299 ], [ 38.768209324943903, 53.993194056589303 ], [ 38.768523759529202, 53.9931329485904 ], [ 38.768830691036499, 53.993059785356003 ], [ 38.7690262332519, 53.993273965268997 ], [ 38.769349566557899, 53.993180471888898 ], [ 38.7696616965533, 53.993074581485899 ], [ 38.769961256228299, 53.992956757851701 ], [ 38.770246933662001, 53.992827517039998 ], [ 38.770517477770397, 53.992687425105103 ], [ 38.770771703785897, 53.992537095621302 ], [ 38.771008498446598, 53.992377186994197 ], [ 38.771226824871299, 53.992208399575603 ], [ 38.771425727098602, 53.992031472594803 ], [ 38.771604334272098, 53.991847180919699 ], [ 38.771761864450497, 53.991656331662 ], [ 38.7718976280294, 53.991459760641099 ], [ 38.772011030756502, 53.991258328722601 ], [ 38.772101576329298, 53.9910529180476 ], [ 38.772168868563703, 53.990844428168202 ], [ 38.772212613122903, 53.9906337721075 ], [ 38.7722326188007, 53.990421872361203 ], [ 38.771821119784398, 53.990416418259002 ], [ 38.771817115003202, 53.990213994737601 ], [ 38.771789676942397, 53.990012204215802 ], [ 38.771738933881402, 53.989811987625203 ], [ 38.771665122760098, 53.989614278545098 ], [ 38.771568588067503, 53.989419998849897 ], [ 38.771449780230199, 53.989230054410598 ], [ 38.771309253506203, 53.989045330872301 ], [ 38.771147663395901, 53.988866689525501 ], [ 38.770965763581501, 53.988694963291401 ], [ 38.770764402408602, 53.988530952839199 ], [ 38.770544518928098, 53.988375422854702 ], [ 38.7703071385152, 53.988229098476303 ], [ 38.770053368087197, 53.988092661914997 ], [ 38.769784390941503, 53.987966749275799 ], [ 38.769501461238697, 53.987851947593001 ], [ 38.769205898155803, 53.987748792094699 ], [ 38.768899079737501, 53.987657763708803 ], [ 38.768582436472997, 53.987579286821799 ], [ 38.768257444630002, 53.987513727302002 ], [ 38.767925619374701, 53.987461390794003 ], [ 38.767588507712397, 53.987422521294903 ], [ 38.767247681278697, 53.987397300017697 ], [ 38.767278529497297, 53.987155400482798 ], [ 38.766910690528299, 53.987143308686598 ], [ 38.766542306263403, 53.987145910948001 ], [ 38.766175064683999, 53.987163195345403 ], [ 38.765810648539599, 53.987195082681701 ], [ 38.765450727642801, 53.9872414268469 ], [ 38.765096951222702, 53.987302015487003 ], [ 38.7647509403727, 53.9873765709766 ], [ 38.764414280626802, 53.987464751689799 ], [ 38.764088514698301, 53.987566153564899 ], [ 38.763775135413503, 53.987680311954499 ], [ 38.763475578874598, 53.9878067037534 ], [ 38.7631912178799, 53.987944749794302 ], [ 38.762923355635301, 53.988093817499902 ], [ 38.762673219781803, 53.988253223780397 ], [ 38.762441956770097, 53.988422238162201 ], [ 38.762230626605103, 53.988600086133196 ], [ 38.762040197986501, 53.988785952691302 ], [ 38.761906313436697, 53.988939190666898 ], [ 38.761958583457101, 53.989102922210002 ], [ 38.762019540213501, 53.989408402216299 ], [ 38.761787563319501, 53.989419719892297 ], [ 38.761992674195703, 53.989460443310897 ], [ 38.761904868909298, 53.9896458177329 ], [ 38.761837659133498, 53.989834158943403 ], [ 38.761791328407199, 53.990024673171398 ], [ 38.761766072282903, 53.9902165574767 ], [ 38.761761997497601, 53.9904090031336 ], [ 38.761779121518202, 53.990601199039403 ], [ 38.761817372462701, 53.990792335133101 ], [ 38.76163023286, 53.990807307896098 ], [ 38.7618291050522, 53.990835925657201 ], [ 38.761691340455997, 53.991125640182901 ], [ 38.761591608971003, 53.991291457804103 ], [ 38.761691224274202, 53.991467515636501 ], [ 38.761834448285398, 53.991672379503498 ], [ 38.762001287074398, 53.991870941215097 ], [ 38.762190947915798, 53.992062256925202 ], [ 38.762402529564497, 53.9922454172182 ], [ 38.762635026536302, 53.992419551434203 ], [ 38.762887333883697, 53.992583831808602 ], [ 38.763158252445699, 53.992737477408902 ], [ 38.763446494547203, 53.992879757848897 ], [ 38.763750690118698, 53.993009996761998 ], [ 38.764069393210697, 53.993127575018498 ], [ 38.764401088867601, 53.9932319336706 ], [ 38.764744200332402, 53.993322576610502 ], [ 38.765097096544999, 53.993399072930799 ], [ 38.765458099899803, 53.993461058973899 ], [ 38.765825494225403, 53.993508240062098 ], [ 38.7661975329478, 53.993540391899302 ] ] ] } },
{ "type": "Feature", "properties": { "dataset_code": "SP", "source_file": "СП(2).kml", "placemark_index": 42, "organization_code": "SP", "organization_name_raw": "СП / Спасское", "farm_name_raw": "", "region_name_raw": "", "district_name_raw": "", "field_external_key": "SP:5.12", "field_code_raw": "5.12", "field_name_raw": "5.12", "field_code_unique_status": "unique", "source_fid": "84", "declared_area_ha": 73.74, "geometry_area_ha": 73.741671, "area_diff_ha": 0.001671, "area_diff_pct": 0.002266, "area_quality_status": "ok", "geometry_type": "Polygon", "polygon_count": 1, "inner_ring_count": 0, "geometry_valid": true, "geometry_validity_reason": "Valid Geometry", "centroid_lon": 38.754561255, "centroid_lat": 53.989833362, "representative_lon": 38.754263256000002, "representative_lat": 53.989841847999998, "centroid_within_geometry": true, "weather_point_lon_candidate": 38.754561255, "weather_point_lat_candidate": 53.989833362, "active_2026_candidate": false, "active_reason": "sp_no_irrigation_2026_flag_not_active", "season_year_candidate": null, "crop_raw": "", "crop_code_candidate": "", "crop_parameter_set_candidate_key": "", "regional_crop_parameter_set_candidate_key": "", "crop_parameter_candidate_status": "no_crop_in_kml", "crop_parameter_candidate_comment_ru": "В СП(2).kml культура не задана для этого поля.", "sowing_date_raw": "", "calculation_ready": false, "calculation_blockers_json": [ ], "geometry_hash_sha256": "d8b2d62c7cfa4a88fd8c610397a21ab71919d746e80aa742716e93f989b14960", "source_attributes_json": { "area_": "73.74", "fid": "84", "kml_name": "5.12" } }, "geometry": { "type": "Polygon", "coordinates": [ [ [ 38.761787563319501, 53.989419719892297 ], [ 38.761602548621497, 53.9893829860696 ], [ 38.761725437444397, 53.989178301675302 ], [ 38.761871543866199, 53.988978986076901 ], [ 38.761906313436697, 53.988939190666898 ], [ 38.761862082627999, 53.988800640273801 ], [ 38.761730496454199, 53.988502990945001 ], [ 38.7615644501304, 53.988211386746102 ], [ 38.761364732338102, 53.987927211483097 ], [ 38.761132291490703, 53.9876518136806 ], [ 38.760868231221501, 53.987386500185004 ], [ 38.760573805137497, 53.987132529965898 ], [ 38.760250410861801, 53.986891108144803 ], [ 38.759899583395899, 53.986663380279403 ], [ 38.759522987830699, 53.986450426931903 ], [ 38.759122411443101, 53.986253258544302 ], [ 38.758699755214501, 53.986072810647599 ], [ 38.758257024810902, 53.985909939426101 ], [ 38.757796321069598, 53.985765417658101 ], [ 38.757319830035101, 53.9856399310519 ], [ 38.756829812592599, 53.985534074995698 ], [ 38.756681889768799, 53.9857607679794 ], [ 38.7562051608069, 53.985680164137598 ], [ 38.755720113373201, 53.9856191903378 ], [ 38.755229071395803, 53.985578138714601 ], [ 38.754734387498203, 53.9855572059531 ], [ 38.754238431738102, 53.985556492347698 ], [ 38.753743580261897, 53.985576001321398 ], [ 38.753252203931197, 53.9856156394099 ], [ 38.752766656974003, 53.985675216708302 ], [ 38.752289265715397, 53.9857544477806 ], [ 38.751822317440997, 53.985852953025599 ], [ 38.751368049447102, 53.985970260494298 ], [ 38.750928638328702, 53.986105808148601 ], [ 38.750506189557797, 53.986258946552397 ], [ 38.750102727400197, 53.9864289419803 ], [ 38.749720185220703, 53.986614979930501 ], [ 38.749360396221803, 53.9868161690245 ], [ 38.749025084660197, 53.987031545274597 ], [ 38.748715857584202, 53.987260076700501 ], [ 38.748434197130599, 53.987500668270698 ], [ 38.748181453418098, 53.987752167146297 ], [ 38.7479588380723, 53.988013368202502 ], [ 38.747767418411797, 53.988283019800797 ], [ 38.747608112325203, 53.988559829783803 ], [ 38.7474816838618, 53.9888424716655 ], [ 38.747388739559497, 53.989129590985897 ], [ 38.747329725525297, 53.989419811800403 ], [ 38.7473049252851, 53.989711743272501 ], [ 38.746893376576701, 53.989708007462603 ], [ 38.746901924926803, 53.989999755048601 ], [ 38.746942795253503, 53.990290550427197 ], [ 38.747015813641298, 53.990579151393902 ], [ 38.747120668829602, 53.990864325093398 ], [ 38.747256913530499, 53.991144853285803 ], [ 38.747423966329897, 53.991419537552702 ], [ 38.747621114160602, 53.991687204418 ], [ 38.7478475153397, 53.991946710362697 ], [ 38.748102203155803, 53.992196946711999 ], [ 38.748384089992499, 53.992436844374403 ], [ 38.748691971968, 53.992665378410798 ], [ 38.749024534074501, 53.992881572416401 ], [ 38.749380355792397, 53.993084502694401 ], [ 38.749757901791703, 53.993273330259797 ], [ 38.750013838566602, 53.9930833954406 ], [ 38.750388898622198, 53.993247406301599 ], [ 38.7507812976596, 53.993396669675903 ], [ 38.751189368257499, 53.993530551235999 ], [ 38.751611376343099, 53.993648482017498 ], [ 38.752045528564203, 53.993749960839303 ], [ 38.752489979916099, 53.993834556434699 ], [ 38.7529428415871, 53.993901909286002 ], [ 38.753402188991899, 53.993951733153999 ], [ 38.753866069957802, 53.993983816294602 ], [ 38.753831434141198, 53.994225510256797 ], [ 38.754341399463598, 53.9942407089898 ], [ 38.754851944052803, 53.994235633090497 ], [ 38.7553607487012, 53.994210305621202 ], [ 38.755865502113799, 53.9941648416387 ], [ 38.756363911417203, 53.994099447671402 ], [ 38.7568537125848, 53.994014420779997 ], [ 38.7573326807304, 53.993910147206897 ], [ 38.757798640222802, 53.993787100619699 ], [ 38.758249474575898, 53.993645839958099 ], [ 38.758683136069003, 53.993487006892202 ], [ 38.759097655053402, 53.993311322905299 ], [ 38.759491148902001, 53.993119586014302 ], [ 38.7598618305638, 53.992912667141603 ], [ 38.760208016680799, 53.992691506156497 ], [ 38.7605281352334, 53.992457107603002 ], [ 38.760820732677701, 53.992210536134102 ], [ 38.761084480543403, 53.991952911673302 ], [ 38.761318181462002, 53.991685404324997 ], [ 38.7615207745975, 53.991409229057602 ], [ 38.761591608971003, 53.991291457804103 ], [ 38.761572295484299, 53.991257323403197 ], [ 38.761478226847998, 53.991042801905699 ], [ 38.761409465108102, 53.990824970809101 ], [ 38.76163023286, 53.990807307896098 ], [ 38.761429247056, 53.990778385611598 ], [ 38.761524232101799, 53.990512253456103 ], [ 38.761589945600399, 53.990243069913497 ], [ 38.761626115487303, 53.989971951778003 ], [ 38.761632592280002, 53.9897000238483 ], [ 38.761609349688499, 53.9894284142609 ], [ 38.761787563319501, 53.989419719892297 ] ] ] } },
{ "type": "Feature", "properties": { "dataset_code": "SP", "source_file": "СП(2).kml", "placemark_index": 43, "organization_code": "SP", "organization_name_raw": "СП / Спасское", "farm_name_raw": "", "region_name_raw": "", "district_name_raw": "", "field_external_key": "SP:5.7", "field_code_raw": "5.7", "field_name_raw": "5.7", "field_code_unique_status": "unique", "source_fid": "87", "declared_area_ha": 55.46, "geometry_area_ha": 55.459167, "area_diff_ha": -0.000833, "area_diff_pct": -0.001501, "area_quality_status": "ok", "geometry_type": "Polygon", "polygon_count": 1, "inner_ring_count": 0, "geometry_valid": true, "geometry_validity_reason": "Valid Geometry", "centroid_lon": 38.739775267, "centroid_lat": 53.991798692000003, "representative_lon": 38.740405736, "representative_lat": 53.992298452, "centroid_within_geometry": true, "weather_point_lon_candidate": 38.739775267, "weather_point_lat_candidate": 53.991798692000003, "active_2026_candidate": false, "active_reason": "sp_no_irrigation_2026_flag_not_active", "season_year_candidate": null, "crop_raw": "", "crop_code_candidate": "", "crop_parameter_set_candidate_key": "", "regional_crop_parameter_set_candidate_key": "", "crop_parameter_candidate_status": "no_crop_in_kml", "crop_parameter_candidate_comment_ru": "В СП(2).kml культура не задана для этого поля.", "sowing_date_raw": "", "calculation_ready": false, "calculation_blockers_json": [ ], "geometry_hash_sha256": "a708a4b7617b57f6fbec5855045e6cb5b945242bca90207c13fd48752695aaaa", "source_attributes_json": { "area_": "55.46", "fid": "87", "kml_name": "5.7" } }, "geometry": { "type": "Polygon", "coordinates": [ [ [ 38.737124211087398, 53.993866363330397 ], [ 38.745530572305398, 53.996548241442703 ], [ 38.745819174109201, 53.996207034580102 ], [ 38.746067938358202, 53.995855106166204 ], [ 38.746275726336897, 53.995494068598802 ], [ 38.746441587144403, 53.995125575967798 ], [ 38.746564762032897, 53.994751316474101 ], [ 38.746644687864404, 53.994373004692697 ], [ 38.746680999669501, 53.9939923737169 ], [ 38.746673532298601, 53.993611167216898 ], [ 38.746622321156202, 53.9932311314518 ], [ 38.746527602016798, 53.9928540072709 ], [ 38.746389809923699, 53.9924815221394 ], [ 38.746209577174596, 53.992115382227801 ], [ 38.745987730405602, 53.9917572645981 ], [ 38.745725286785898, 53.991408809525502 ], [ 38.745423449341899, 53.9910716129883 ], [ 38.745083601431297, 53.990747219361701 ], [ 38.744707300394097, 53.9904371143489 ], [ 38.744296270409201, 53.9901427181805 ], [ 38.7438523945886, 53.989865379115002 ], [ 38.743377706347601, 53.9896063672686 ], [ 38.742874380088502, 53.9893668688037 ], [ 38.742625887823998, 53.9895602319692 ], [ 38.742194455073403, 53.989380103859901 ], [ 38.741746084566401, 53.989214966155998 ], [ 38.7412822743173, 53.989065370520301 ], [ 38.740804573867102, 53.988931816690197 ], [ 38.740976841755597, 53.9887114891728 ], [ 38.740389908650698, 53.988572711520803 ], [ 38.739788699560997, 53.988457092522097 ], [ 38.739175842117596, 53.9883651374859 ], [ 38.738554014801302, 53.988297248296803 ], [ 38.7379259352495, 53.9882537216616 ], [ 38.737294348392503, 53.988234747812797 ], [ 38.736662014471698, 53.988240409679101 ], [ 38.736031696990899, 53.988270682522597 ], [ 38.735406150653503, 53.988325434047098 ], [ 38.734788109337799, 53.988404424975201 ], [ 38.734180274163201, 53.9885073100928 ], [ 38.733585301698, 53.988633639756102 ], [ 38.733005792361297, 53.988782861853899 ], [ 38.732444279068602, 53.988954324218199 ], [ 38.731903216170601, 53.989147277471098 ], [ 38.731384968733899, 53.989360878296402 ], [ 38.730891802209698, 53.989594193121697 ], [ 38.7304258725352, 53.989846202194201 ], [ 38.737124211087398, 53.993866363330397 ] ] ] } },
{ "type": "Feature", "properties": { "dataset_code": "SP", "source_file": "СП(2).kml", "placemark_index": 44, "organization_code": "SP", "organization_name_raw": "СП / Спасское", "farm_name_raw": "", "region_name_raw": "", "district_name_raw": "", "field_external_key": "SP:5.10", "field_code_raw": "5.10", "field_name_raw": "5.10", "field_code_unique_status": "unique", "source_fid": "88", "declared_area_ha": 77.95, "geometry_area_ha": 77.950365, "area_diff_ha": 0.000365, "area_diff_pct": 0.000469, "area_quality_status": "ok", "geometry_type": "Polygon", "polygon_count": 1, "inner_ring_count": 0, "geometry_valid": true, "geometry_validity_reason": "Valid Geometry", "centroid_lon": 38.712065252000002, "centroid_lat": 53.994902183999997, "representative_lon": 38.711941144999997, "representative_lat": 53.994780286000001, "centroid_within_geometry": true, "weather_point_lon_candidate": 38.712065252000002, "weather_point_lat_candidate": 53.994902183999997, "active_2026_candidate": false, "active_reason": "sp_no_irrigation_2026_flag_not_active", "season_year_candidate": null, "crop_raw": "", "crop_code_candidate": "", "crop_parameter_set_candidate_key": "", "regional_crop_parameter_set_candidate_key": "", "crop_parameter_candidate_status": "no_crop_in_kml", "crop_parameter_candidate_comment_ru": "В СП(2).kml культура не задана для этого поля.", "sowing_date_raw": "", "calculation_ready": false, "calculation_blockers_json": [ ], "geometry_hash_sha256": "71e067d3bb0d1b64d528a18224dd0b84b271fcbb8e49260fc4f63d82d0339aac", "source_attributes_json": { "area_": "77.95", "fid": "88", "kml_name": "5.10" } }, "geometry": { "type": "Polygon", "coordinates": [ [ [ 38.710624455522797, 53.990372941582201 ], [ 38.710520029660799, 53.990384170034801 ], [ 38.710047109239703, 53.990453414531103 ], [ 38.709582531650099, 53.990540081524799 ], [ 38.709128143092798, 53.990643826620499 ], [ 38.708685749317297, 53.9907642375547 ], [ 38.708257108451299, 53.990900835832299 ], [ 38.7078439240181, 53.991053078626599 ], [ 38.707447838171198, 53.9912203609342 ], [ 38.7070704251704, 53.991402017977698 ], [ 38.707354880335998, 53.991577701943797 ], [ 38.7069885012885, 53.991778035585597 ], [ 38.706646180354703, 53.991992638576797 ], [ 38.7063295145796, 53.992220509962998 ], [ 38.706039981419799, 53.992460586886097 ], [ 38.705778931847398, 53.992711749538401 ], [ 38.705547584043501, 53.992972826383301 ], [ 38.705347017708299, 53.993242599617503 ], [ 38.704964338004203, 53.993153646521698 ], [ 38.7047859741091, 53.993446620602903 ], [ 38.704641982859002, 53.993746088658298 ], [ 38.704533037416901, 53.994050652222199 ], [ 38.704459647323901, 53.994358889002797 ], [ 38.704422156105899, 53.994669359523101 ], [ 38.704420739654701, 53.994980613842301 ], [ 38.704455405391698, 53.995291198327102 ], [ 38.704525992218002, 53.9955996624401 ], [ 38.704632171252001, 53.995904565515303 ], [ 38.704773447351002, 53.996204483487197 ], [ 38.704949161409701, 53.996498015543501 ], [ 38.7051584934255, 53.996783790669703 ], [ 38.705400466316704, 53.9970604740545 ], [ 38.705673950475202, 53.997326773327302 ], [ 38.705977669033601, 53.9975814445975 ], [ 38.706310203821602, 53.997823298267399 ], [ 38.7066700019843, 53.998051204592201 ], [ 38.707055383230902, 53.998264098960703 ], [ 38.707464547681802, 53.9984609868714 ], [ 38.7078955842751, 53.998640948581802 ], [ 38.708346479695102, 53.9988031434074 ], [ 38.7088151277799, 53.998946813652999 ], [ 38.709299339364598, 53.999071288154298 ], [ 38.709796852514302, 53.999175985416699 ], [ 38.710305343097801, 53.999260416333499 ], [ 38.710822435653903, 53.999324186473302 ], [ 38.711345714498101, 53.999366997924298 ], [ 38.711872735018297, 53.999388650687202 ], [ 38.712401035106197, 53.999389043610101 ], [ 38.712928146670897, 53.999368174862099 ], [ 38.713451607180502, 53.999326141941197 ], [ 38.713968971177401, 53.9992631412184 ], [ 38.714477821713999, 53.999179467019601 ], [ 38.714975781653997, 53.999075510248701 ], [ 38.715460524786899, 53.998951756560302 ], [ 38.715929786703398, 53.998808784088297 ], [ 38.716381375381502, 53.998647260742402 ], [ 38.716813181431696, 53.998467941085899 ], [ 38.717223187955298, 53.998271662807099 ], [ 38.717609479969099, 53.998059342803003 ], [ 38.717970253351197, 53.997831972893401 ], [ 38.718303823267902, 53.997590615183697 ], [ 38.718608632040997, 53.997336397100703 ], [ 38.718258304525001, 53.9972088271888 ], [ 38.718500766170301, 53.9969762156828 ], [ 38.718717759492897, 53.996735030834998 ], [ 38.718908415217598, 53.996486239332803 ], [ 38.719071969674502, 53.996230838333801 ], [ 38.7192077678529, 53.995969851468097 ], [ 38.719315266019699, 53.995704324733801 ], [ 38.719394033890502, 53.995435322304303 ], [ 38.719443756345697, 53.995163922262002 ], [ 38.7194642346848, 53.994891212277302 ], [ 38.719455387413397, 53.994618285248798 ], [ 38.719866500417801, 53.9946059292866 ], [ 38.719823412672604, 53.994304386139 ], [ 38.719746438698202, 53.994005194381003 ], [ 38.719635918985603, 53.993709674664203 ], [ 38.719492342070303, 53.993419131404202 ], [ 38.7193484011569, 53.993186630452499 ], [ 38.718957299416402, 53.992901112645797 ], [ 38.718737951112701, 53.992963464063401 ], [ 38.718505572076999, 53.992702753619803 ], [ 38.718243540512802, 53.992451996382002 ], [ 38.717953078801699, 53.992212361641798 ], [ 38.717635541826702, 53.991984966807202 ], [ 38.717292410649399, 53.991770872194898 ], [ 38.7169252855997, 53.991571076088803 ], [ 38.717033865936799, 53.9914968641882 ], [ 38.716401327057497, 53.991035036701597 ], [ 38.716025428897098, 53.9908971924391 ], [ 38.7156040687629, 53.990763247658997 ], [ 38.715234911164004, 53.990662752696402 ], [ 38.714672408184903, 53.990627403704799 ], [ 38.714586025623902, 53.990771380401597 ], [ 38.7141621256565, 53.990691519943503 ], [ 38.7137307727359, 53.990626990864698 ], [ 38.713293561918597, 53.990578031779698 ], [ 38.712852109903203, 53.990544823728399 ], [ 38.712408049056997, 53.990527489507599 ], [ 38.711963021385799, 53.990526093216999 ], [ 38.711518672467598, 53.990540640022502 ], [ 38.711502230478096, 53.990428132048699 ], [ 38.710624455522797, 53.990372941582201 ] ] ] } },
{ "type": "Feature", "properties": { "dataset_code": "SP", "source_file": "СП(2).kml", "placemark_index": 45, "organization_code": "SP", "organization_name_raw": "СП / Спасское", "farm_name_raw": "", "region_name_raw": "", "district_name_raw": "", "field_external_key": "SP:5.9", "field_code_raw": "5.9", "field_name_raw": "5.9", "field_code_unique_status": "unique", "source_fid": "89", "declared_area_ha": 34.14, "geometry_area_ha": 34.140509, "area_diff_ha": 0.000509, "area_diff_pct": 0.001492, "area_quality_status": "ok", "geometry_type": "Polygon", "polygon_count": 1, "inner_ring_count": 0, "geometry_valid": true, "geometry_validity_reason": "Valid Geometry", "centroid_lon": 38.716980884000002, "centroid_lat": 53.989608149, "representative_lon": 38.715953208000002, "representative_lat": 53.990196789000002, "centroid_within_geometry": true, "weather_point_lon_candidate": 38.716980884000002, "weather_point_lat_candidate": 53.989608149, "active_2026_candidate": false, "active_reason": "sp_no_irrigation_2026_flag_not_active", "season_year_candidate": null, "crop_raw": "", "crop_code_candidate": "", "crop_parameter_set_candidate_key": "", "regional_crop_parameter_set_candidate_key": "", "crop_parameter_candidate_status": "no_crop_in_kml", "crop_parameter_candidate_comment_ru": "В СП(2).kml культура не задана для этого поля.", "sowing_date_raw": "", "calculation_ready": false, "calculation_blockers_json": [ ], "geometry_hash_sha256": "c70b4adf61e4a24934a88b2f2337102473e0e6ec68c34a41770b33dfecc6694c", "source_attributes_json": { "area_": "34.14", "fid": "89", "kml_name": "5.9" } }, "geometry": { "type": "Polygon", "coordinates": [ [ [ 38.710624455522797, 53.990372941582201 ], [ 38.710999413591999, 53.990332623195798 ], [ 38.711483356052597, 53.990298978846099 ], [ 38.711502230478096, 53.990428132048699 ], [ 38.714672408184903, 53.990627403704799 ], [ 38.714723229809998, 53.990542697110101 ], [ 38.715169446668902, 53.990644931271703 ], [ 38.715234911164004, 53.990662752696402 ], [ 38.715953266651603, 53.990707891906901 ], [ 38.716401327057497, 53.991035036701597 ], [ 38.716431910701999, 53.991046251828102 ], [ 38.716821954830102, 53.991209854060699 ], [ 38.717194064934802, 53.991387371581197 ], [ 38.717033865936799, 53.9914968641882 ], [ 38.718957299416402, 53.992901112645797 ], [ 38.719108697342897, 53.9928580762951 ], [ 38.719316342364003, 53.993134847023903 ], [ 38.7193484011569, 53.993186630452499 ], [ 38.719783316751503, 53.993504127801103 ], [ 38.72007970936, 53.993353652624997 ], [ 38.720359115368801, 53.993192287792802 ], [ 38.720620384808903, 53.993020697562997 ], [ 38.720862442410002, 53.992839588278201 ], [ 38.721084292024997, 53.992649705456301 ], [ 38.721285020728899, 53.992451830719801 ], [ 38.721463802572998, 53.992246778577297 ], [ 38.7216199019812, 53.992035393069102 ], [ 38.721752676773598, 53.991818544292002 ], [ 38.721861580804799, 53.9915971248167 ], [ 38.722261988420101, 53.991653466532803 ], [ 38.722356739762603, 53.991397647095503 ], [ 38.722421653456898, 53.991138614563802 ], [ 38.722456427592299, 53.9908775759138 ], [ 38.722460900706601, 53.990615747446199 ], [ 38.722435052527501, 53.990354349119301 ], [ 38.722379004056698, 53.990094598864502 ], [ 38.722293016995401, 53.989837706911999 ], [ 38.722177492514902, 53.989584870152399 ], [ 38.722032969377402, 53.989337266561698 ], [ 38.721860121416697, 53.989096049713801 ], [ 38.721659754390203, 53.988862343407703 ], [ 38.7214328022175, 53.988637236433803 ], [ 38.721180322622303, 53.988421777502701 ], [ 38.720903492199298, 53.988216970362501 ], [ 38.720603600928598, 53.988023769123998 ], [ 38.720282046162303, 53.987843073818901 ], [ 38.719940326113601, 53.9876757262087 ], [ 38.719580032876102, 53.987522505866202 ], [ 38.719202845007899, 53.987384126545898 ], [ 38.718810519713998, 53.987261232861499 ], [ 38.718404884663599, 53.987154397285003 ], [ 38.717987829480201, 53.987064117481701 ], [ 38.717561296944602, 53.986990813994097 ], [ 38.717127273950297, 53.986934828284198 ], [ 38.716687782255498, 53.986896421143904 ], [ 38.716244869072, 53.986875771481301 ], [ 38.715800597536997, 53.986872975488097 ], [ 38.715357037110799, 53.986888046191602 ], [ 38.714916253944502, 53.986920913394002 ], [ 38.714480301263798, 53.986971423999002 ], [ 38.714051209812602, 53.987039342724898 ], [ 38.713630978400701, 53.987124353198702 ], [ 38.713221564599401, 53.987226059429297 ], [ 38.712824875629302, 53.987343987650398 ], [ 38.712442759480602, 53.9874775885256 ], [ 38.712649947590101, 53.987687442311199 ], [ 38.7123062763132, 53.987828029984698 ], [ 38.711979769435601, 53.9879821737754 ], [ 38.711671963864902, 53.988149148205103 ], [ 38.711384308542499, 53.988328167398898 ], [ 38.711118157623197, 53.9885183887815 ], [ 38.7108747640997, 53.988718917041197 ], [ 38.710655273902802, 53.9889288083412 ], [ 38.710460720503399, 53.989147074761 ], [ 38.710292020043397, 53.989372688943497 ], [ 38.710149967017401, 53.989604588929602 ], [ 38.709747096843699, 53.989550682799397 ], [ 38.709629956717997, 53.989797107479099 ], [ 38.709540957713997, 53.990047586403399 ], [ 38.709480496424298, 53.990301004837903 ], [ 38.710624455522797, 53.990372941582201 ] ] ] } },
{ "type": "Feature", "properties": { "dataset_code": "SP", "source_file": "СП(2).kml", "placemark_index": 46, "organization_code": "SP", "organization_name_raw": "СП / Спасское", "farm_name_raw": "", "region_name_raw": "", "district_name_raw": "", "field_external_key": "SP:5.15", "field_code_raw": "5.15", "field_name_raw": "5.15", "field_code_unique_status": "unique", "source_fid": "97", "declared_area_ha": 43.24, "geometry_area_ha": 43.240703, "area_diff_ha": 0.000703, "area_diff_pct": 0.001625, "area_quality_status": "ok", "geometry_type": "Polygon", "polygon_count": 1, "inner_ring_count": 0, "geometry_valid": true, "geometry_validity_reason": "Valid Geometry", "centroid_lon": 38.737833385000002, "centroid_lat": 53.976732395, "representative_lon": 38.737974244, "representative_lat": 53.976454691999997, "centroid_within_geometry": true, "weather_point_lon_candidate": 38.737833385000002, "weather_point_lat_candidate": 53.976732395, "active_2026_candidate": false, "active_reason": "sp_no_irrigation_2026_flag_not_active", "season_year_candidate": null, "crop_raw": "", "crop_code_candidate": "", "crop_parameter_set_candidate_key": "", "regional_crop_parameter_set_candidate_key": "", "crop_parameter_candidate_status": "no_crop_in_kml", "crop_parameter_candidate_comment_ru": "В СП(2).kml культура не задана для этого поля.", "sowing_date_raw": "", "calculation_ready": false, "calculation_blockers_json": [ ], "geometry_hash_sha256": "4d7ab40d641b09647eec3c7f7b6f82d2441f1aa959530272bfb142531fc674e9", "source_attributes_json": { "area_": "43.24", "fid": "97", "kml_name": "5.15" } }, "geometry": { "type": "Polygon", "coordinates": [ [ [ 38.737974170762499, 53.9786903239929 ], [ 38.745999920650803, 53.978509016278799 ], [ 38.745962229534697, 53.978197953243999 ], [ 38.7458898792217, 53.977889027715001 ], [ 38.745783184390902, 53.977583580066998 ], [ 38.745642608708799, 53.977282935556303 ], [ 38.745468762804698, 53.976988398571898 ], [ 38.7452624016097, 53.976701246977299 ], [ 38.745024421070703, 53.976422726568899 ], [ 38.7447558542531, 53.976154045672899 ], [ 38.744457866850901, 53.975896369905698 ], [ 38.744131752122101, 53.9756508171197 ], [ 38.743778925272203, 53.975418452556603 ], [ 38.743486316916602, 53.975589029628303 ], [ 38.743181596946897, 53.975411141400201 ], [ 38.742860384765699, 53.975243640488102 ], [ 38.743106761520302, 53.975048939850197 ], [ 38.742679949700403, 53.974853814942897 ], [ 38.742231858666401, 53.974676042003402 ], [ 38.741764514892097, 53.974516424906597 ], [ 38.741280031835501, 53.974375685420299 ], [ 38.740780600386202, 53.974254459944198 ], [ 38.740268478965298, 53.974153296634803 ], [ 38.739745983320397, 53.974072652928797 ], [ 38.739215476063798, 53.974012893477301 ], [ 38.738679355998599, 53.973974288497303 ], [ 38.7381400472824, 53.973957012552503 ], [ 38.737599988477598, 53.973961143763098 ], [ 38.737061621535702, 53.973986663454298 ], [ 38.736527380766901, 53.974033456239397 ], [ 38.735999681844397, 53.974101310541798 ], [ 38.7354809108921, 53.9741899195499 ], [ 38.734973413704999, 53.974298882603499 ], [ 38.735097570927799, 53.974530935949502 ], [ 38.734679013424298, 53.9746402795436 ], [ 38.734272348651402, 53.974764243418903 ], [ 38.7338790444498, 53.974902380168999 ], [ 38.733500520480597, 53.975054191230001 ], [ 38.733138143103403, 53.975219128678397 ], [ 38.732793220446197, 53.9753965972074 ], [ 38.732466997684497, 53.975585956273598 ], [ 38.732151411709303, 53.975429582335501 ], [ 38.731784392955298, 53.975673619119704 ], [ 38.731446741453702, 53.975931971448098 ], [ 38.731140059768897, 53.976203413557897 ], [ 38.730865803613597, 53.976486657556201 ], [ 38.7306252749338, 53.976780359527602 ], [ 38.730419615722198, 53.977083125907299 ], [ 38.730249802587402, 53.977393520090402 ], [ 38.730116642107902, 53.977710069246299 ], [ 38.730020766990002, 53.9780312713048 ], [ 38.729962633050903, 53.978355602082402 ], [ 38.729942517039099, 53.978681522513199 ], [ 38.729960515304903, 53.979007485952302 ], [ 38.737974170762499, 53.9786903239929 ] ] ] } },
{ "type": "Feature", "properties": { "dataset_code": "SP", "source_file": "СП(2).kml", "placemark_index": 47, "organization_code": "SP", "organization_name_raw": "СП / Спасское", "farm_name_raw": "", "region_name_raw": "", "district_name_raw": "", "field_external_key": "SP:5.16", "field_code_raw": "5.16", "field_name_raw": "5.16", "field_code_unique_status": "unique", "source_fid": "98", "declared_area_ha": 50.02, "geometry_area_ha": 50.02058, "area_diff_ha": 0.00058, "area_diff_pct": 0.00116, "area_quality_status": "ok", "geometry_type": "Polygon", "polygon_count": 1, "inner_ring_count": 0, "geometry_valid": true, "geometry_validity_reason": "Valid Geometry", "centroid_lon": 38.752117307, "centroid_lat": 53.975012315000001, "representative_lon": 38.752093557000002, "representative_lat": 53.97495371, "centroid_within_geometry": true, "weather_point_lon_candidate": 38.752117307, "weather_point_lat_candidate": 53.975012315000001, "active_2026_candidate": false, "active_reason": "sp_no_irrigation_2026_flag_not_active", "season_year_candidate": null, "crop_raw": "", "crop_code_candidate": "", "crop_parameter_set_candidate_key": "", "regional_crop_parameter_set_candidate_key": "", "crop_parameter_candidate_status": "no_crop_in_kml", "crop_parameter_candidate_comment_ru": "В СП(2).kml культура не задана для этого поля.", "sowing_date_raw": "", "calculation_ready": false, "calculation_blockers_json": [ ], "geometry_hash_sha256": "593997f8824e64a35867dacb00a282930fafbda9b4dea1ee9102d9b4ffa84138", "source_attributes_json": { "area_": "50.02", "fid": "98", "kml_name": "5.16" } }, "geometry": { "type": "Polygon", "coordinates": [ [ [ 38.750261359240703, 53.978526482143799 ], [ 38.750376590738199, 53.978293611621801 ], [ 38.750758225063002, 53.978354252552997 ], [ 38.751145920511398, 53.978399609103398 ], [ 38.751537917342802, 53.978429475401597 ], [ 38.751932436278402, 53.9784437158863 ], [ 38.752327686583897, 53.978442265922197 ], [ 38.752721874203303, 53.9784251320933 ], [ 38.7531132099083, 53.978392392173099 ], [ 38.7534999174256, 53.978344194771097 ], [ 38.753880241505698, 53.978280758658201 ], [ 38.754252455894402, 53.978202371772198 ], [ 38.754614871174198, 53.9781093899105 ], [ 38.754781757198501, 53.978331189038997 ], [ 38.755152021940702, 53.978218933268401 ], [ 38.755508804975001, 53.978092414847801 ], [ 38.755850527457, 53.977952193697298 ], [ 38.756175677238403, 53.977798890373599 ], [ 38.756482815561, 53.977633183321501 ], [ 38.756770583424, 53.977455805870001 ], [ 38.757037707597704, 53.977267542984897 ], [ 38.757283006257097, 53.977069227792903 ], [ 38.7575053942086, 53.9768617378936 ], [ 38.757703887689402, 53.976645991473099 ], [ 38.7578776087162, 53.976422943240102 ], [ 38.758025788965298, 53.976193580198903 ], [ 38.758147773166399, 53.9759589172807 ], [ 38.757748704915699, 53.9758998226229 ], [ 38.757836390413601, 53.975687047563802 ], [ 38.757900921571299, 53.975471413622898 ], [ 38.757942036996198, 53.975253795461398 ], [ 38.757959570284598, 53.975035075775402 ], [ 38.757953450690401, 53.974816141715102 ], [ 38.757923703406199, 53.9745978812863 ], [ 38.757870449455098, 53.974381179748903 ], [ 38.7577939051939, 53.974166916026199 ], [ 38.7576943814299, 53.973955959140902 ], [ 38.7575722821543, 53.973749164690403 ], [ 38.757954988234403, 53.973660080280403 ], [ 38.757791576778303, 53.9734321973175 ], [ 38.757602707649298, 53.973211259215901 ], [ 38.757389225067897, 53.97299825308 ], [ 38.757152083179697, 53.972794130561702 ], [ 38.756892341786902, 53.972599803609803 ], [ 38.756611161610003, 53.972416140398103 ], [ 38.756309799099498, 53.972243961448498 ], [ 38.755989600820499, 53.972084035966901 ], [ 38.755651997436601, 53.971937078409198 ], [ 38.755298497318201, 53.971803745291403 ], [ 38.754930679805902, 53.971684632258203 ], [ 38.754550188156898, 53.971580271423903 ], [ 38.754158722207499, 53.9714911289973 ], [ 38.754015084250099, 53.971718484500798 ], [ 38.753648656810398, 53.971651429854198 ], [ 38.753275579496901, 53.971598638339003 ], [ 38.752897447678997, 53.971560335704197 ], [ 38.752515878324601, 53.971536685740901 ], [ 38.752132503091197, 53.971527789583 ], [ 38.751748961353002, 53.971533685274103 ], [ 38.751366893196199, 53.971554347605803 ], [ 38.7509879324111, 53.971589688224597 ], [ 38.750613699510602, 53.971639556010103 ], [ 38.750245794805501, 53.971703737719999 ], [ 38.749885791566001, 53.9717819589019 ], [ 38.749699547946101, 53.971564815664401 ], [ 38.749364646395001, 53.971653090115502 ], [ 38.749039060808897, 53.971752745633196 ], [ 38.748723902753397, 53.971863442011397 ], [ 38.748420248221599, 53.9719848013494 ], [ 38.748129133961498, 53.972116409341098 ], [ 38.747851553937501, 53.972257816688199 ], [ 38.748153572502801, 53.972423717834801 ], [ 38.747872230978402, 53.972584452688103 ], [ 38.747609711431402, 53.972755898682998 ], [ 38.747367184622497, 53.972937291377796 ], [ 38.747145732211301, 53.973127821970202 ], [ 38.746946341930403, 53.973326640901597 ], [ 38.746769903178198, 53.973532861644301 ], [ 38.746617203048402, 53.973745564652297 ], [ 38.746488922815601, 53.973963801460798 ], [ 38.746385634891702, 53.974186598913803 ], [ 38.746307800266699, 53.974412963503099 ], [ 38.7462557664469, 53.974641885797503 ], [ 38.746229765897297, 53.9748723449434 ], [ 38.746229914998104, 53.975103313216898 ], [ 38.746256213517697, 53.975333760606901 ], [ 38.745846397506497, 53.975355539218398 ], [ 38.745904528124001, 53.975608942766897 ], [ 38.745992201577501, 53.975859375359299 ], [ 38.746108999886999, 53.976105641565397 ], [ 38.746254366018398, 53.976346565822602 ], [ 38.746427606533501, 53.976580998048597 ], [ 38.746627894891802, 53.976807819132802 ], [ 38.746854275388898, 53.977025946280399 ], [ 38.747105667711899, 53.9772343381836 ], [ 38.747380872091803, 53.977431999994103 ], [ 38.747678575026399, 53.977617988075501 ], [ 38.7479973555483, 53.977791414509497 ], [ 38.748335692006499, 53.9779514513382 ], [ 38.748691969331098, 53.978097334518097 ], [ 38.749064486744302, 53.978228367570999 ], [ 38.749451465882302, 53.978343924910398 ], [ 38.749851059289099, 53.978443454830902 ], [ 38.750261359240703, 53.978526482143799 ] ] ] } },
{ "type": "Feature", "properties": { "dataset_code": "SP", "source_file": "СП(2).kml", "placemark_index": 48, "organization_code": "SP", "organization_name_raw": "СП / Спасское", "farm_name_raw": "", "region_name_raw": "", "district_name_raw": "", "field_external_key": "SP:5.3", "field_code_raw": "5.3", "field_name_raw": "5.3", "field_code_unique_status": "unique", "source_fid": "99", "declared_area_ha": 110.34, "geometry_area_ha": 110.344142, "area_diff_ha": 0.004142, "area_diff_pct": 0.003754, "area_quality_status": "ok", "geometry_type": "Polygon", "polygon_count": 1, "inner_ring_count": 0, "geometry_valid": true, "geometry_validity_reason": "Valid Geometry", "centroid_lon": 38.765576666999998, "centroid_lat": 54.018054794000001, "representative_lon": 38.765545103000001, "representative_lat": 54.018011407000003, "centroid_within_geometry": true, "weather_point_lon_candidate": 38.765576666999998, "weather_point_lat_candidate": 54.018054794000001, "active_2026_candidate": false, "active_reason": "sp_no_irrigation_2026_flag_not_active", "season_year_candidate": null, "crop_raw": "", "crop_code_candidate": "", "crop_parameter_set_candidate_key": "", "regional_crop_parameter_set_candidate_key": "", "crop_parameter_candidate_status": "no_crop_in_kml", "crop_parameter_candidate_comment_ru": "В СП(2).kml культура не задана для этого поля.", "sowing_date_raw": "", "calculation_ready": false, "calculation_blockers_json": [ ], "geometry_hash_sha256": "f08da61b5c013b2bf4890f538de93067858ca9410699e4de266fb934c15e8615", "source_attributes_json": { "area_": "110.34", "fid": "99", "kml_name": "5.3" } }, "geometry": { "type": "Polygon", "coordinates": [ [ [ 38.765649759498999, 54.0234002710163 ], [ 38.7656432858494, 54.023157746162603 ], [ 38.7662075726195, 54.023143192762703 ], [ 38.766769063773403, 54.023107097808101 ], [ 38.767325389731504, 54.023049613630597 ], [ 38.7678742027366, 54.022970982827196 ], [ 38.768413186773003, 54.0228715372347 ], [ 38.768549699626497, 54.023100383275498 ], [ 38.769140434510803, 54.022965059456602 ], [ 38.769713750347499, 54.0228058678777 ], [ 38.770266869690701, 54.022623579811999 ], [ 38.770797113046001, 54.022419078421798 ], [ 38.771301911858899, 54.022193354474801 ], [ 38.771778820964897, 54.021947501539998 ], [ 38.772225530436998, 54.021682710684303 ], [ 38.772639876776402, 54.021400264697597 ], [ 38.7730198533907, 54.021101531872802 ], [ 38.773363620307997, 54.020787959373003 ], [ 38.773669513082403, 54.020461066215098 ], [ 38.773936050845499, 54.020122435907901 ], [ 38.774161943465501, 54.019773708776597 ], [ 38.774346097781603, 54.0194165740131 ], [ 38.774487622880699, 54.019052761491203 ], [ 38.774585834392902, 54.018684033384297 ], [ 38.774640257786103, 54.018312175628097 ], [ 38.774650630641602, 54.017938989268799 ], [ 38.774616903903201, 54.017566281739803 ], [ 38.774539242091301, 54.017195858107101 ], [ 38.7744180224838, 54.016829512328101 ], [ 38.774253833266599, 54.016469018564898 ], [ 38.774047470663703, 54.016116122594198 ], [ 38.773799935061398, 54.015772533355303 ], [ 38.773512426145203, 54.015439914677998 ], [ 38.773186337073597, 54.015119877228699 ], [ 38.772823247717902, 54.014813970715501 ], [ 38.772424916999299, 54.014523676388102 ], [ 38.771993274363098, 54.014250399870598 ], [ 38.771530410428902, 54.013995464359802 ], [ 38.771038566864199, 54.013760104223799 ], [ 38.770520125528698, 54.013545459029999 ], [ 38.769977596944003, 54.013352568032502 ], [ 38.769413608142102, 54.0131823651448 ], [ 38.768830889952703, 54.013035674423101 ], [ 38.768232263791397, 54.012913206079901 ], [ 38.767620628010199, 54.012815553049201 ], [ 38.766998943878697, 54.012743188119103 ], [ 38.766370221261198, 54.012696461644801 ], [ 38.7657375040612, 54.012675599854397 ], [ 38.765103855500598, 54.012680703754803 ], [ 38.764472343306899, 54.012711748643 ], [ 38.763846024878198, 54.012768584225597 ], [ 38.763911698925497, 54.013008131129702 ], [ 38.763370512615801, 54.013079702592698 ], [ 38.762838174071199, 54.013171450507699 ], [ 38.762316849257502, 54.0132830015881 ], [ 38.761808659377003, 54.013413901971802 ], [ 38.761315672245502, 54.013563619065401 ], [ 38.760839893885297, 54.0137315437089 ], [ 38.760383260368101, 54.013916992652099 ], [ 38.759947629941301, 54.014119211331497 ], [ 38.759534775469497, 54.0143373769383 ], [ 38.759146377221803, 54.014570601762799 ], [ 38.758844368999299, 54.014405689276899 ], [ 38.758438448381199, 54.014683952105798 ], [ 38.758065772085899, 54.014977906069902 ], [ 38.757728084200103, 54.015286176067498 ], [ 38.7574269652428, 54.015607319995397 ], [ 38.757163824760802, 54.015939835491203 ], [ 38.756939894722102, 54.016282166957403 ], [ 38.756756223738201, 54.016632712835801 ], [ 38.756613672141498, 54.0169898330969 ], [ 38.7565129079426, 54.0173518569107 ], [ 38.756454403685801, 54.017717090461304 ], [ 38.756438434217998, 54.018083824870899 ], [ 38.756465075382202, 54.018450344194498 ], [ 38.7565342036415, 54.018814933448802 ], [ 38.756645496636303, 54.019175886636603 ], [ 38.756798434672199, 54.019531514731703 ], [ 38.756992303132201, 54.019880153583301 ], [ 38.757226195801799, 54.0202201717061 ], [ 38.757499019092599, 54.020549977917298 ], [ 38.757809497144102, 54.020868028786602 ], [ 38.758156177780698, 54.021172835862799 ], [ 38.758537439296198, 54.0214629726431 ], [ 38.758951498034001, 54.021737081254201 ], [ 38.759396416727398, 54.021993878811301 ], [ 38.7598701135624, 54.0222321634268 ], [ 38.760370371918597, 54.022450819840699 ], [ 38.760894850744698, 54.022648824644001 ], [ 38.7614410955184, 54.022825251074003 ], [ 38.7620065497401, 54.022979273355503 ], [ 38.762588566906203, 54.023110170570298 ], [ 38.763184422906001, 54.023217330034498 ], [ 38.763791328783697, 54.023300250169399 ], [ 38.764406443805299, 54.023358542852002 ], [ 38.765026888769299, 54.0233919352331 ], [ 38.765649759498999, 54.0234002710163 ] ] ] } },
{ "type": "Feature", "properties": { "dataset_code": "SP", "source_file": "СП(2).kml", "placemark_index": 49, "organization_code": "SP", "organization_name_raw": "СП / Спасское", "farm_name_raw": "", "region_name_raw": "", "district_name_raw": "", "field_external_key": "SP:5.14", "field_code_raw": "5.14", "field_name_raw": "5.14", "field_code_unique_status": "unique", "source_fid": "100", "declared_area_ha": 27.63, "geometry_area_ha": 27.630602, "area_diff_ha": 0.000602, "area_diff_pct": 0.002178, "area_quality_status": "ok", "geometry_type": "Polygon", "polygon_count": 1, "inner_ring_count": 0, "geometry_valid": true, "geometry_validity_reason": "Valid Geometry", "centroid_lon": 38.735259204999998, "centroid_lat": 53.980856058999997, "representative_lon": 38.735110933000001, "representative_lat": 53.981051981999997, "centroid_within_geometry": true, "weather_point_lon_candidate": 38.735259204999998, "weather_point_lat_candidate": 53.980856058999997, "active_2026_candidate": false, "active_reason": "sp_no_irrigation_2026_flag_not_active", "season_year_candidate": null, "crop_raw": "", "crop_code_candidate": "", "crop_parameter_set_candidate_key": "", "regional_crop_parameter_set_candidate_key": "", "crop_parameter_candidate_status": "no_crop_in_kml", "crop_parameter_candidate_comment_ru": "В СП(2).kml культура не задана для этого поля.", "sowing_date_raw": "", "calculation_ready": false, "calculation_blockers_json": [ ], "geometry_hash_sha256": "0cc3b854563fc84a48432a8f30c38b39c34b6cea5b97d1c704532a83b60b5125", "source_attributes_json": { "area_": "27.63", "fid": "100", "kml_name": "5.14" } }, "geometry": { "type": "Polygon", "coordinates": [ [ [ 38.735117857106097, 53.979260401222803 ], [ 38.7286136023314, 53.979475572909898 ], [ 38.728651270322501, 53.979725244565799 ], [ 38.728716521641203, 53.9799729330867 ], [ 38.728809078150498, 53.980217580839899 ], [ 38.728928545100899, 53.980458143158202 ], [ 38.729074412807897, 53.980693592802403 ], [ 38.729246058821303, 53.980922924348 ], [ 38.729442750576503, 53.981145158480402 ], [ 38.729663648516798, 53.981359346177904 ], [ 38.729907809673001, 53.981564572766203 ], [ 38.730174191686402, 53.981759961825901 ], [ 38.730461657256001, 53.981944678937197 ], [ 38.730768978993503, 53.9821179352451 ], [ 38.731094844662898, 53.982278990830103 ], [ 38.731437862783999, 53.982427157870099 ], [ 38.731796568575703, 53.982561803579699 ], [ 38.732006169072498, 53.982353066579201 ], [ 38.732370839184298, 53.982470572442402 ], [ 38.732748246499803, 53.982573160399198 ], [ 38.733136636850801, 53.982660353606597 ], [ 38.7335342049819, 53.982731746776103 ], [ 38.733939102946998, 53.982787008058999 ], [ 38.734349448704201, 53.982825880590497 ], [ 38.734763334870202, 53.982848183683899 ], [ 38.735178837593203, 53.982853813671397 ], [ 38.735594025501896, 53.982842744385998 ], [ 38.735626624968901, 53.9830845373179 ], [ 38.736071785999897, 53.983054568067097 ], [ 38.736512392726098, 53.983006616048101 ], [ 38.736946356374801, 53.982940908590898 ], [ 38.7373716196918, 53.982857757197401 ], [ 38.7377861667022, 53.982757556063603 ], [ 38.7381880322732, 53.982640780209302 ], [ 38.738575311435604, 53.982507983224302 ], [ 38.738946168419297, 53.982359794642299 ], [ 38.739298845358597, 53.9821969169545 ], [ 38.739631670628199, 53.982020122276801 ], [ 38.7399430667678, 53.981830248687302 ], [ 38.740231557959298, 53.981628196251499 ], [ 38.740495777021501, 53.981414922752698 ], [ 38.740734471887201, 53.981191439149796 ], [ 38.740946511534098, 53.980958804782702 ], [ 38.741130891340099, 53.980718122348797 ], [ 38.741286737838699, 53.980470532674197 ], [ 38.7414133128513, 53.9802172093043 ], [ 38.741510016977003, 53.979959352940099 ], [ 38.741576392424498, 53.979698185745399 ], [ 38.7416121251714, 53.979434945553301 ], [ 38.741617046442002, 53.979170879999003 ], [ 38.735117857106097, 53.979260401222803 ] ] ] } },
{ "type": "Feature", "properties": { "dataset_code": "SP", "source_file": "СП(2).kml", "placemark_index": 50, "organization_code": "SP", "organization_name_raw": "СП / Спасское", "farm_name_raw": "", "region_name_raw": "", "district_name_raw": "", "field_external_key": "SP:5.8", "field_code_raw": "5.8", "field_name_raw": "5.8", "field_code_unique_status": "unique", "source_fid": "101", "declared_area_ha": 35.78, "geometry_area_ha": 35.778677, "area_diff_ha": -0.001323, "area_diff_pct": -0.003696, "area_quality_status": "ok", "geometry_type": "Polygon", "polygon_count": 1, "inner_ring_count": 0, "geometry_valid": true, "geometry_validity_reason": "Valid Geometry", "centroid_lon": 38.725027771000001, "centroid_lat": 53.984682200999998, "representative_lon": 38.725721229000001, "representative_lat": 53.985214895, "centroid_within_geometry": true, "weather_point_lon_candidate": 38.725027771000001, "weather_point_lat_candidate": 53.984682200999998, "active_2026_candidate": false, "active_reason": "sp_no_irrigation_2026_flag_not_active", "season_year_candidate": null, "crop_raw": "", "crop_code_candidate": "", "crop_parameter_set_candidate_key": "", "regional_crop_parameter_set_candidate_key": "", "crop_parameter_candidate_status": "no_crop_in_kml", "crop_parameter_candidate_comment_ru": "В СП(2).kml культура не задана для этого поля.", "sowing_date_raw": "", "calculation_ready": false, "calculation_blockers_json": [ ], "geometry_hash_sha256": "73e8243a866938a107bd058a2ab7e14919ba2bee73eaf36bd0e411f9e717c270", "source_attributes_json": { "area_": "35.78", "fid": "101", "kml_name": "5.8" } }, "geometry": { "type": "Polygon", "coordinates": [ [ [ 38.723536555471597, 53.985972085094502 ], [ 38.728727700551701, 53.9887767835231 ], [ 38.729041531344897, 53.988560602904798 ], [ 38.729329491025098, 53.988332259440398 ], [ 38.729590226753103, 53.988092826238599 ], [ 38.729822513693598, 53.987843428505599 ], [ 38.730025260764798, 53.987585238254901 ], [ 38.730197515758299, 53.987319468796599 ], [ 38.730338469804899, 53.987047369034499 ], [ 38.730447461165497, 53.986770217594703 ], [ 38.730523978330297, 53.986489316815998 ], [ 38.730567662410202, 53.986205986629201 ], [ 38.730578308811602, 53.985921558353397 ], [ 38.730555868184901, 53.985637368440898 ], [ 38.730500446643802, 53.9853547521965 ], [ 38.730412305254198, 53.985075037504402 ], [ 38.730291858795098, 53.9847995385894 ], [ 38.730139673797602, 53.984529549843202 ], [ 38.729956465872597, 53.9842663397446 ], [ 38.7297430963376, 53.984011144900897 ], [ 38.729500568161299, 53.9837651642409 ], [ 38.729142806479302, 53.983885506640803 ], [ 38.728891683590298, 53.983667761753601 ], [ 38.728616256627703, 53.983460476629801 ], [ 38.728317775946998, 53.983264592020802 ], [ 38.727997596474502, 53.983080996925104 ], [ 38.7276571715554, 53.982910524555798 ], [ 38.727298046357497, 53.9827539485618 ], [ 38.726921850859199, 53.982611979518502 ], [ 38.726530292453397, 53.982485261705598 ], [ 38.726715544711297, 53.982268671816598 ], [ 38.726278832616899, 53.982149321838499 ], [ 38.725829308764801, 53.982047834949597 ], [ 38.725369073373002, 53.9819646852917 ], [ 38.724900276661302, 53.981900261334097 ], [ 38.724425108813001, 53.981854864060601 ], [ 38.723945789751397, 53.981828705563899 ], [ 38.723464558776897, 53.981821908056098 ], [ 38.722983664115397, 53.981834503297797 ], [ 38.722505352423397, 53.981866432449898 ], [ 38.722031858302302, 53.981917546348299 ], [ 38.721565393867003, 53.981987606199802 ], [ 38.721108138420298, 53.982076284697101 ], [ 38.720662228279203, 53.982183167545998 ], [ 38.720229746801699, 53.982307755399802 ], [ 38.719812714659497, 53.982449466189898 ], [ 38.719413080402603, 53.982607637843003 ], [ 38.719032711359397, 53.982781531372297 ], [ 38.718673384915199, 53.982970334327099 ], [ 38.718336780208404, 53.983173164586098 ], [ 38.718024470285897, 53.9833890744762 ], [ 38.717737914750501, 53.983617055197399 ], [ 38.717478452938302, 53.983856041533699 ], [ 38.717247297656002, 53.984104916827597 ], [ 38.723536555471597, 53.985972085094502 ] ] ] } },
{ "type": "Feature", "properties": { "dataset_code": "SP", "source_file": "СП(2).kml", "placemark_index": 51, "organization_code": "SP", "organization_name_raw": "СП / Спасское", "farm_name_raw": "", "region_name_raw": "", "district_name_raw": "", "field_external_key": "SP:5.13", "field_code_raw": "5.13", "field_name_raw": "5.13", "field_code_unique_status": "unique", "source_fid": "102", "declared_area_ha": 82.12, "geometry_area_ha": 82.124679, "area_diff_ha": 0.004679, "area_diff_pct": 0.005698, "area_quality_status": "ok", "geometry_type": "Polygon", "polygon_count": 1, "inner_ring_count": 0, "geometry_valid": true, "geometry_validity_reason": "Valid Geometry", "centroid_lon": 38.75394009, "centroid_lat": 53.982177121, "representative_lon": 38.753535653, "representative_lat": 53.981954926999997, "centroid_within_geometry": true, "weather_point_lon_candidate": 38.75394009, "weather_point_lat_candidate": 53.982177121, "active_2026_candidate": false, "active_reason": "sp_no_irrigation_2026_flag_not_active", "season_year_candidate": null, "crop_raw": "", "crop_code_candidate": "", "crop_parameter_set_candidate_key": "", "regional_crop_parameter_set_candidate_key": "", "crop_parameter_candidate_status": "no_crop_in_kml", "crop_parameter_candidate_comment_ru": "В СП(2).kml культура не задана для этого поля.", "sowing_date_raw": "", "calculation_ready": false, "calculation_blockers_json": [ ], "geometry_hash_sha256": "131c484874ab03e805d262758517eeee6475c347871ceb86bd22e07987c8f5c1", "source_attributes_json": { "area_": "82.12", "fid": "102", "kml_name": "5.13" } }, "geometry": { "type": "Polygon", "coordinates": [ [ [ 38.7535357545216, 53.984881002196097 ], [ 38.764539228231797, 53.985484003733198 ], [ 38.7645833966886, 53.985038657038402 ], [ 38.764575734590402, 53.984592573031598 ], [ 38.764516279542299, 53.984147844501202 ], [ 38.764405312113603, 53.983706557809803 ], [ 38.764243354491697, 53.9832707831088 ], [ 38.764031168002298, 53.982842564627703 ], [ 38.763769749509201, 53.982423911088702 ], [ 38.7634603267119, 53.982016786287097 ], [ 38.763104352362298, 53.981623099884601 ], [ 38.762703497428603, 53.981244698456699 ], [ 38.762259643238899, 53.980883356837303 ], [ 38.761774872641404, 53.980540769800299 ], [ 38.761251460223903, 53.9802185441172 ], [ 38.760691861636403, 53.979918191027899 ], [ 38.760098702070302, 53.979641119159801 ], [ 38.759474763944702, 53.979388627928202 ], [ 38.758822973860703, 53.979161901449103 ], [ 38.758146388882402, 53.978962002991999 ], [ 38.757448182209799, 53.978789869999702 ], [ 38.756731628310803, 53.978646309697197 ], [ 38.7560000875811, 53.9785319953113 ], [ 38.755256990603201, 53.978447462917103 ], [ 38.755193743691699, 53.978668947283303 ], [ 38.754515498122402, 53.978619143695198 ], [ 38.753833235875199, 53.978595032097601 ], [ 38.7531497545733, 53.978596711368198 ], [ 38.752467856833299, 53.978624174628202 ], [ 38.751790338788801, 53.978677309271603 ], [ 38.751119978640297, 53.978755897425103 ], [ 38.750459525277599, 53.9788596168409 ], [ 38.7503391318265, 53.978646440598297 ], [ 38.749640971792303, 53.978785939720403 ], [ 38.748960140738099, 53.9789525658774 ], [ 38.748299668144298, 53.979145577698098 ], [ 38.747662493025601, 53.979364116400497 ], [ 38.747051450865598, 53.9796072096077 ], [ 38.746469261008102, 53.979873775669901 ], [ 38.745918514563002, 53.980162628470701 ], [ 38.745401662878699, 53.980472482699902 ], [ 38.744921006633803, 53.9808019595662 ], [ 38.744478685595197, 53.981149592926997 ], [ 38.744076669089402, 53.981513835806297 ], [ 38.743716747228298, 53.981893067273496 ], [ 38.743400522930003, 53.982285599650901 ], [ 38.7431294047691, 53.982689686019697 ], [ 38.742904600689798, 53.983103527989599 ], [ 38.7427271126082, 53.983525283698597 ], [ 38.742597731930999, 53.983953076007197 ], [ 38.742517036008003, 53.984385000850203 ], [ 38.7535357545216, 53.984881002196097 ] ] ] } },
{ "type": "Feature", "properties": { "dataset_code": "SP", "source_file": "СП(2).kml", "placemark_index": 52, "organization_code": "SP", "organization_name_raw": "СП / Спасское", "farm_name_raw": "", "region_name_raw": "", "district_name_raw": "", "field_external_key": "SP:6.17", "field_code_raw": "6.17", "field_name_raw": "6.17", "field_code_unique_status": "unique", "source_fid": "103", "declared_area_ha": 76.41, "geometry_area_ha": 76.406172, "area_diff_ha": -0.003828, "area_diff_pct": -0.00501, "area_quality_status": "ok", "geometry_type": "Polygon", "polygon_count": 1, "inner_ring_count": 0, "geometry_valid": true, "geometry_validity_reason": "Valid Geometry", "centroid_lon": 38.750330378000001, "centroid_lat": 54.009609286, "representative_lon": 38.75059732, "representative_lat": 54.009608358999998, "centroid_within_geometry": true, "weather_point_lon_candidate": 38.750330378000001, "weather_point_lat_candidate": 54.009609286, "active_2026_candidate": false, "active_reason": "sp_no_irrigation_2026_flag_not_active", "season_year_candidate": null, "crop_raw": "", "crop_code_candidate": "", "crop_parameter_set_candidate_key": "", "regional_crop_parameter_set_candidate_key": "", "crop_parameter_candidate_status": "no_crop_in_kml", "crop_parameter_candidate_comment_ru": "В СП(2).kml культура не задана для этого поля.", "sowing_date_raw": "", "calculation_ready": false, "calculation_blockers_json": [ ], "geometry_hash_sha256": "f19a7d6b60b812891a04a4263237121a324b6db63e1e10314c0cc812c52a4cf2", "source_attributes_json": { "area_": "76.41", "fid": "103", "kml_name": "6.17" } }, "geometry": { "type": "Polygon", "coordinates": [ [ [ 38.753820273411897, 54.0135961223802 ], [ 38.753633722420098, 54.013379880887797 ], [ 38.754000078696102, 54.013262225312197 ], [ 38.754354189219299, 54.013132213902303 ], [ 38.754694854050598, 54.012990287260799 ], [ 38.755020918851798, 54.012836926365601 ], [ 38.755331278799197, 54.0126726509381 ], [ 38.7556237895039, 54.012843519473499 ], [ 38.755981803, 54.0126322665526 ], [ 38.756314514922202, 54.012407122659297 ], [ 38.7566203757683, 54.012169136619498 ], [ 38.756897961194198, 54.011919417064902 ], [ 38.757145978643798, 54.011659127265901 ], [ 38.7573632733639, 54.011389479709699 ], [ 38.757548833774798, 54.011111730449798 ], [ 38.757701796172697, 54.010827173252999 ], [ 38.757821448743002, 54.0105371335708 ], [ 38.757907234863403, 54.010242962363897 ], [ 38.757958755684498, 54.009946029808297 ], [ 38.7579757719745, 54.009647718912198 ], [ 38.757971136215502, 54.0095689998182 ], [ 38.757749019787902, 54.009375388028097 ], [ 38.757507281477302, 54.009129850439102 ], [ 38.757741095183398, 54.009060797860698 ], [ 38.757491000460902, 54.0090733417221 ], [ 38.757416763917099, 54.008799812992997 ], [ 38.757311532025497, 54.008529835335402 ], [ 38.757175779817203, 54.008264625939802 ], [ 38.757010119891, 54.008005380476398 ], [ 38.756815299641303, 54.007753267706001 ], [ 38.756963775581397, 54.0077133385644 ], [ 38.756791840463301, 54.007720144275197 ], [ 38.7567630663521, 54.0074457210766 ], [ 38.756764875330902, 54.007209589471699 ], [ 38.756666148678498, 54.007116695503797 ], [ 38.7563572635719, 54.006866445672003 ], [ 38.756019696658903, 54.006629399400303 ], [ 38.7556550697077, 54.006406695200397 ], [ 38.755265134368699, 54.006199402682803 ], [ 38.754851763759, 54.0060085174241 ], [ 38.754416943466097, 54.005834956188302 ], [ 38.7539627620136, 54.005679552527297 ], [ 38.753491400833298, 54.005543052780602 ], [ 38.753005123794097, 54.005426112494099 ], [ 38.752506266336297, 54.005329293274599 ], [ 38.751997224263199, 54.005253060094397 ], [ 38.751480442244699, 54.005197779060801 ], [ 38.750958402087399, 54.0051637156594 ], [ 38.7504336108261, 54.005151033479898 ], [ 38.749908588695902, 54.005159793431602 ], [ 38.749385857040899, 54.005189953450497 ], [ 38.748867926216903, 54.005241368701697 ], [ 38.748357283547499, 54.005313792273697 ], [ 38.747856381389603, 54.005406876363203 ], [ 38.7473676253666, 54.005520173943601 ], [ 38.746893362824103, 54.005653140909899 ], [ 38.746435871565602, 54.005805138689503 ], [ 38.745997348918799, 54.005975437305999 ], [ 38.745579901188798, 54.006163218882001 ], [ 38.745185533544699, 54.006367581564298 ], [ 38.744816140391599, 54.006587543851303 ], [ 38.744473496271603, 54.006822049303999 ], [ 38.7441592473388, 54.007069971616197 ], [ 38.743874903448798, 54.007330120021102 ], [ 38.743621830901297, 54.007601245006498 ], [ 38.743401245869698, 54.007882044314101 ], [ 38.743214208550199, 54.008171169191101 ], [ 38.743061618059002, 54.008467230866302 ], [ 38.742944208101001, 54.008768807218402 ], [ 38.742862543432302, 54.0090744496054 ], [ 38.743271293730601, 54.009103861748301 ], [ 38.743228963729699, 54.009386698194596 ], [ 38.743219002054602, 54.009670570859697 ], [ 38.742807029290198, 54.009663071638997 ], [ 38.742829798038201, 54.009964858943498 ], [ 38.742887161553298, 54.010265048579399 ], [ 38.742978857968701, 54.010562266285199 ], [ 38.743104468218398, 54.0108551513759 ], [ 38.743263417942401, 54.011142362973303 ], [ 38.743454980104197, 54.0114225861468 ], [ 38.743678278307897, 54.011694537934702 ], [ 38.743932290800302, 54.011956973220499 ], [ 38.744215855139899, 54.012208690436303 ], [ 38.744527673511399, 54.0124485370659 ], [ 38.744866318661501, 54.012675414925702 ], [ 38.745230240429201, 54.012888285195103 ], [ 38.745617772840603, 54.013086173176099 ], [ 38.746027141735397, 54.013268172759702 ], [ 38.746456472890898, 54.013433450577402 ], [ 38.7469038006057, 54.013581249820497 ], [ 38.747367076703902, 54.013710893707596 ], [ 38.747844179918602, 54.013821788587002 ], [ 38.748332925611102, 54.013913426656899 ], [ 38.748831075782597, 54.013985388292497 ], [ 38.749336349329901, 54.014037343970003 ], [ 38.749846432500597, 54.014069055775998 ], [ 38.750358989497499, 54.014080378498399 ], [ 38.750871673185699, 54.014071260292098 ], [ 38.7513821358502, 54.014041742916 ], [ 38.751888039957599, 54.013991961541798 ], [ 38.7523870688701, 54.013922144134597 ], [ 38.752876937463697, 54.013832610407398 ], [ 38.753355402601102, 54.013723770356201 ], [ 38.753820273411897, 54.0135961223802 ] ] ] } },
{ "type": "Feature", "properties": { "dataset_code": "SP", "source_file": "СП(2).kml", "placemark_index": 53, "organization_code": "SP", "organization_name_raw": "СП / Спасское", "farm_name_raw": "", "region_name_raw": "", "district_name_raw": "", "field_external_key": "SP:6.16", "field_code_raw": "6.16", "field_name_raw": "6.16", "field_code_unique_status": "unique", "source_fid": "105", "declared_area_ha": 31.17, "geometry_area_ha": 31.172846, "area_diff_ha": 0.002846, "area_diff_pct": 0.009131, "area_quality_status": "ok", "geometry_type": "Polygon", "polygon_count": 1, "inner_ring_count": 0, "geometry_valid": true, "geometry_validity_reason": "Valid Geometry", "centroid_lon": 38.761179313, "centroid_lat": 54.008124543000001, "representative_lon": 38.760471895000002, "representative_lat": 54.007515444, "centroid_within_geometry": true, "weather_point_lon_candidate": 38.761179313, "weather_point_lat_candidate": 54.008124543000001, "active_2026_candidate": false, "active_reason": "sp_no_irrigation_2026_flag_not_active", "season_year_candidate": null, "crop_raw": "", "crop_code_candidate": "", "crop_parameter_set_candidate_key": "", "regional_crop_parameter_set_candidate_key": "", "crop_parameter_candidate_status": "no_crop_in_kml", "crop_parameter_candidate_comment_ru": "В СП(2).kml культура не задана для этого поля.", "sowing_date_raw": "", "calculation_ready": false, "calculation_blockers_json": [ ], "geometry_hash_sha256": "920c559da37bbd4287611ae4a02132c9d14c3369e2b518325ca66b69a7bff441", "source_attributes_json": { "area_": "31.17", "fid": "105", "kml_name": "6.16" } }, "geometry": { "type": "Polygon", "coordinates": [ [ [ 38.757741095183398, 54.009060797860698 ], [ 38.757906137975397, 54.009052519612403 ], [ 38.757958205219403, 54.009349419074397 ], [ 38.757971136215502, 54.0095689998182 ], [ 38.7580188215574, 54.009610565318297 ], [ 38.758315412741602, 54.009834271369002 ], [ 38.758637392679901, 54.010045449410804 ], [ 38.758983240707799, 54.0102431018407 ], [ 38.759351323337697, 54.010426294937403 ], [ 38.759739901974299, 54.010594163275201 ], [ 38.760147141128797, 54.010745913815001 ], [ 38.760571117091601, 54.010880829653203 ], [ 38.761009827023599, 54.010998273411602 ], [ 38.761461198423298, 54.011097690250097 ], [ 38.761923098923198, 54.011178610490703 ], [ 38.762393346371297, 54.011240651837703 ], [ 38.762869719147702, 54.011283521185497 ], [ 38.7633499666699, 54.011307016004601 ], [ 38.763831820033602, 54.011311025298802 ], [ 38.764313002742298, 54.011295530130504 ], [ 38.764791241471499, 54.011260603709502 ], [ 38.765264276818698, 54.011206411047702 ], [ 38.765729873986999, 54.011133208177696 ], [ 38.766185833351798, 54.011041340942903 ], [ 38.7666300008608, 54.010931243361703 ], [ 38.767060278217699, 54.010803435575298 ], [ 38.763643967226798, 54.007276611658199 ], [ 38.760185019216401, 54.003764331626101 ], [ 38.759792935495, 54.003913480444503 ], [ 38.759418455271202, 54.004077580244399 ], [ 38.7590632187785, 54.0042559123617 ], [ 38.758728782032499, 54.004447695792898 ], [ 38.758416610016397, 54.004652090612701 ], [ 38.758128070263503, 54.004868201650801 ], [ 38.757864426866, 54.005095082409497 ], [ 38.757626834934598, 54.005331739207101 ], [ 38.757416335535197, 54.005577135528 ], [ 38.7572338511225, 54.005830196559799 ], [ 38.757080181493599, 54.0060898138996 ], [ 38.756956000276297, 54.006354850407 ], [ 38.756861851970498, 54.006624145183402 ], [ 38.756798149553497, 54.006896518655402 ], [ 38.756765172660998, 54.007170777741401 ], [ 38.756764875330902, 54.007209589471699 ], [ 38.756944867885899, 54.007378946948599 ], [ 38.757192081910901, 54.007651940393302 ], [ 38.756963775581397, 54.0077133385644 ], [ 38.757203079766299, 54.0077038657695 ], [ 38.757254156828097, 54.007932516519503 ], [ 38.757330317716203, 54.0081587327523 ], [ 38.757431241733798, 54.008381560720402 ], [ 38.7575565037613, 54.008600060946797 ], [ 38.757705576042397, 54.008813312186099 ], [ 38.7578778304038, 54.009020415310601 ], [ 38.757741095183398, 54.009060797860698 ] ] ] } },
{ "type": "Feature", "properties": { "dataset_code": "SP", "source_file": "СП(2).kml", "placemark_index": 54, "organization_code": "SP", "organization_name_raw": "СП / Спасское", "farm_name_raw": "", "region_name_raw": "", "district_name_raw": "", "field_external_key": "SP:6.1", "field_code_raw": "6.1", "field_name_raw": "6.1", "field_code_unique_status": "unique", "source_fid": "108", "declared_area_ha": 86.36, "geometry_area_ha": 86.358092, "area_diff_ha": -0.001908, "area_diff_pct": -0.00221, "area_quality_status": "ok", "geometry_type": "Polygon", "polygon_count": 1, "inner_ring_count": 0, "geometry_valid": true, "geometry_validity_reason": "Valid Geometry", "centroid_lon": 38.813082014000003, "centroid_lat": 54.002435999, "representative_lon": 38.812810559, "representative_lat": 54.002508313, "centroid_within_geometry": true, "weather_point_lon_candidate": 38.813082014000003, "weather_point_lat_candidate": 54.002435999, "active_2026_candidate": true, "active_reason": "sp_irrigation_2026_flag_1", "season_year_candidate": null, "crop_raw": "картофель среднеспелый", "crop_code_candidate": "potato", "crop_parameter_set_candidate_key": "aquacrop_v7_3_reference_potato", "regional_crop_parameter_set_candidate_key": "aquacrop_v7_3_regional_potato_tula_oblast", "crop_parameter_candidate_status": "reference_selected_region_needs_confirmation", "crop_parameter_candidate_comment_ru": "В СП(2).kml регион не указан. Для безопасной первичной загрузки выбран reference potato; региональный набор potato_tula_oblast указан как кандидат и требует подтверждения, что СП относится к Тульской области/соответствующему региональному сценарию.", "sowing_date_raw": "", "calculation_ready": false, "calculation_blockers_json": [ "missing_sowing_date", "missing_soil_profile" ], "geometry_hash_sha256": "856bcbe4703f51ea84f05839706808396a708a17a6bb72f9ed246e668a39812a", "source_attributes_json": { "area_": "86.36", "crop": "картофель среднеспелый", "fid": "108", "kml_name": "6.1", "полив в 2026 году": "1" } }, "geometry": { "type": "Polygon", "coordinates": [ [ [ 38.813030504529202, 54.000310402810399 ], [ 38.812788242821199, 54.000272110206701 ], [ 38.8123659170301, 54.000269545591799 ], [ 38.811696825309802, 54.0002408971108 ], [ 38.811721101930402, 54.000103428104502 ], [ 38.808341455434601, 53.9995691385841 ], [ 38.808257914348403, 53.999680313004497 ], [ 38.807629759654397, 53.999501747972502 ], [ 38.807376647341997, 53.999416591781198 ], [ 38.802912284054898, 53.998710611346702 ], [ 38.802754353692698, 53.999109703695801 ], [ 38.802641718220599, 53.999514090659503 ], [ 38.802574875439603, 53.9999219897663 ], [ 38.802554121336101, 54.000331603011603 ], [ 38.802579548752803, 54.0007411247825 ], [ 38.8026510469561, 54.001148749816203 ], [ 38.802768302100297, 54.001552681159197 ], [ 38.802930798587397, 54.001951138089403 ], [ 38.803137821317897, 54.002342363968502 ], [ 38.803388458821203, 54.0027246339884 ], [ 38.803681607254099, 54.003096262778698 ], [ 38.8040159752492, 54.0034556118406 ], [ 38.8043900895915, 54.003801096775099 ], [ 38.804802301700299, 54.004131194273199 ], [ 38.805250794886, 54.004444448836999 ], [ 38.805733592351302, 54.004739479202897 ], [ 38.8062485659012, 54.005014984436897 ], [ 38.806793445323898, 54.005269749676302 ], [ 38.807365828399703, 54.0055026514923 ], [ 38.807963191497002, 54.005712662848801 ], [ 38.8081616663491, 54.005500122510803 ], [ 38.808683125825603, 54.005658403502999 ], [ 38.8092193554658, 54.005798519616903 ], [ 38.809768533572502, 54.0059199948114 ], [ 38.810328794403901, 54.006022416373902 ], [ 38.810211800358601, 54.0062550275589 ], [ 38.810907979284998, 54.006354594372802 ], [ 38.811614082822203, 54.006425903982603 ], [ 38.812326809238797, 54.006468622944197 ], [ 38.813042825794, 54.006482551503801 ], [ 38.813758784342397, 54.006467624532597 ], [ 38.814471337010502, 54.0064239118323 ], [ 38.815177151872803, 54.006351617807702 ], [ 38.815872928551599, 54.006251080509998 ], [ 38.816555413670102, 54.0061227700538 ], [ 38.817221416082297, 54.005967286415903 ], [ 38.817867821811397, 54.005785356626497 ], [ 38.818491608624598, 54.005577831365201 ], [ 38.819089860176597, 54.005345680978898 ], [ 38.819659779654501, 54.005089990939297 ], [ 38.820198702861099, 54.0048119567616 ], [ 38.820704110675003, 54.0045128784095 ], [ 38.821173640827901, 54.004194154210602 ], [ 38.8216050989463, 54.003857274312601 ], [ 38.821996468803597, 54.003503813710402 ], [ 38.822345921736499, 54.003135424876902 ], [ 38.822651825180699, 54.002753830031502 ], [ 38.822274222744703, 54.002657093396401 ], [ 38.822474760866299, 54.002359532765098 ], [ 38.822650440245603, 54.002056567432902 ], [ 38.822800843794099, 54.001748917625399 ], [ 38.823204135310199, 54.001798810327898 ], [ 38.823349523715201, 54.001390218209998 ], [ 38.823448067885501, 54.000976801411198 ], [ 38.823499325434902, 54.000560421712102 ], [ 38.823503066954103, 54.0001429541812 ], [ 38.823459277018998, 53.999726278729597 ], [ 38.823368154234302, 53.999312271646197 ], [ 38.823230110313403, 53.998902797148503 ], [ 38.823045768200302, 53.998499698990997 ], [ 38.818466011922503, 53.999327816545303 ], [ 38.818275120328202, 53.999399113698402 ], [ 38.817639060526901, 53.9996027853296 ], [ 38.817546628810199, 53.9994940355949 ], [ 38.814339813660801, 54.0000737434152 ], [ 38.8143731775519, 54.000208069902101 ], [ 38.813706689909097, 54.000253100134898 ], [ 38.813274263430699, 54.000266344344503 ], [ 38.813030504529202, 54.000310402810399 ] ] ] } },
{ "type": "Feature", "properties": { "dataset_code": "SP", "source_file": "СП(2).kml", "placemark_index": 55, "organization_code": "SP", "organization_name_raw": "СП / Спасское", "farm_name_raw": "", "region_name_raw": "", "district_name_raw": "", "field_external_key": "SP:6.2", "field_code_raw": "6.2", "field_name_raw": "6.2", "field_code_unique_status": "unique", "source_fid": "111", "declared_area_ha": 77.11, "geometry_area_ha": 77.112898, "area_diff_ha": 0.002898, "area_diff_pct": 0.003759, "area_quality_status": "ok", "geometry_type": "Polygon", "polygon_count": 1, "inner_ring_count": 0, "geometry_valid": true, "geometry_validity_reason": "Valid Geometry", "centroid_lon": 38.815226251, "centroid_lat": 53.996130622000003, "representative_lon": 38.815976626000001, "representative_lat": 53.99536451, "centroid_within_geometry": true, "weather_point_lon_candidate": 38.815226251, "weather_point_lat_candidate": 53.996130622000003, "active_2026_candidate": true, "active_reason": "sp_irrigation_2026_flag_1", "season_year_candidate": null, "crop_raw": "картофель среднеспелый", "crop_code_candidate": "potato", "crop_parameter_set_candidate_key": "aquacrop_v7_3_reference_potato", "regional_crop_parameter_set_candidate_key": "aquacrop_v7_3_regional_potato_tula_oblast", "crop_parameter_candidate_status": "reference_selected_region_needs_confirmation", "crop_parameter_candidate_comment_ru": "В СП(2).kml регион не указан. Для безопасной первичной загрузки выбран reference potato; региональный набор potato_tula_oblast указан как кандидат и требует подтверждения, что СП относится к Тульской области/соответствующему региональному сценарию.", "sowing_date_raw": "", "calculation_ready": false, "calculation_blockers_json": [ "missing_sowing_date", "missing_soil_profile" ], "geometry_hash_sha256": "30e724ec4c878555ea5df6e56eab779db0e035d988c3aa8dbba6dbcd539edde0", "source_attributes_json": { "area_": "77.11", "crop": "картофель среднеспелый", "fid": "111", "kml_name": "6.2", "полив в 2026 году": "1" } }, "geometry": { "type": "Polygon", "coordinates": [ [ [ 38.811721101930402, 54.000103428104502 ], [ 38.812788242821199, 54.000272110206701 ], [ 38.813036738044403, 54.000273618524801 ], [ 38.813274263430699, 54.000266344344503 ], [ 38.814339813660801, 54.0000737434152 ], [ 38.814313562017901, 53.999968050963403 ], [ 38.814964478975398, 53.999899377847399 ], [ 38.815606640255801, 53.999806397944198 ], [ 38.816237433352903, 53.999689489534603 ], [ 38.816854292069401, 53.999549128246102 ], [ 38.817454706969002, 53.999385885115998 ], [ 38.817546628810199, 53.9994940355949 ], [ 38.818466011922503, 53.999327816545303 ], [ 38.818886539961298, 53.999170749278299 ], [ 38.819470562034901, 53.998918722110197 ], [ 38.820024552873399, 53.9986441689461 ], [ 38.820546014399802, 53.998348328116599 ], [ 38.821032595403601, 53.9980325339396 ], [ 38.821482102142397, 53.997698210696498 ], [ 38.821892508231102, 53.997346866202101 ], [ 38.822261963771297, 53.996980084999301 ], [ 38.822588803683303, 53.996599521206797 ], [ 38.822871555200003, 53.996206891054598 ], [ 38.8231089444917, 53.995803965139302 ], [ 38.823299902391, 53.995392560435299 ], [ 38.822899374616, 53.9953364598883 ], [ 38.823028355305297, 53.994966201264297 ], [ 38.823118228423603, 53.994591951476799 ], [ 38.823168650991597, 53.994215143156197 ], [ 38.823179431066798, 53.993837218688498 ], [ 38.823591063728003, 53.993833789588003 ], [ 38.823560821322097, 53.993439754324001 ], [ 38.8234891329069, 53.993047584783199 ], [ 38.823376276070398, 53.992658793143598 ], [ 38.8232226871107, 53.992274878516398 ], [ 38.823028959336497, 53.9918973211675 ], [ 38.8227958407629, 53.9915275768114 ], [ 38.822524231212299, 53.991167071000902 ], [ 38.822215178830298, 53.990817193633198 ], [ 38.821869876032501, 53.990479293595001 ], [ 38.812812361856402, 53.993923116349102 ], [ 38.803641799300401, 53.997262150151698 ], [ 38.804016261727497, 53.997608805514801 ], [ 38.804430572214301, 53.9979393501321 ], [ 38.8048827422773, 53.998252196823898 ], [ 38.805370601495497, 53.998545843356403 ], [ 38.805891807925903, 53.9988188796613 ], [ 38.806443859344299, 53.999069994612903 ], [ 38.807024105261803, 53.999297982329999 ], [ 38.807376647341997, 53.999416591781198 ], [ 38.808341455434601, 53.9995691385841 ], [ 38.808424623729401, 53.999458459615802 ], [ 38.809060099457099, 53.999618361092601 ], [ 38.809712244627597, 53.9997529685714 ], [ 38.810378162202603, 53.999861684055801 ], [ 38.811054893882897, 53.999944024571498 ], [ 38.811739433265501, 53.999999624314299 ], [ 38.811721101930402, 54.000103428104502 ] ] ] } },
{ "type": "Feature", "properties": { "dataset_code": "SP", "source_file": "СП(2).kml", "placemark_index": 56, "organization_code": "SP", "organization_name_raw": "СП / Спасское", "farm_name_raw": "", "region_name_raw": "", "district_name_raw": "", "field_external_key": "SP:6.3", "field_code_raw": "6.3", "field_name_raw": "6.3", "field_code_unique_status": "unique", "source_fid": "117", "declared_area_ha": 129.97, "geometry_area_ha": 129.971256, "area_diff_ha": 0.001256, "area_diff_pct": 0.000966, "area_quality_status": "ok", "geometry_type": "Polygon", "polygon_count": 1, "inner_ring_count": 0, "geometry_valid": true, "geometry_validity_reason": "Valid Geometry", "centroid_lon": 38.798680949000001, "centroid_lat": 53.99206837, "representative_lon": 38.798694198, "representative_lat": 53.992086417000003, "centroid_within_geometry": true, "weather_point_lon_candidate": 38.798680949000001, "weather_point_lat_candidate": 53.99206837, "active_2026_candidate": true, "active_reason": "sp_irrigation_2026_flag_1", "season_year_candidate": null, "crop_raw": "картофель среднеспелый", "crop_code_candidate": "potato", "crop_parameter_set_candidate_key": "aquacrop_v7_3_reference_potato", "regional_crop_parameter_set_candidate_key": "aquacrop_v7_3_regional_potato_tula_oblast", "crop_parameter_candidate_status": "reference_selected_region_needs_confirmation", "crop_parameter_candidate_comment_ru": "В СП(2).kml регион не указан. Для безопасной первичной загрузки выбран reference potato; региональный набор potato_tula_oblast указан как кандидат и требует подтверждения, что СП относится к Тульской области/соответствующему региональному сценарию.", "sowing_date_raw": "", "calculation_ready": false, "calculation_blockers_json": [ "missing_sowing_date", "missing_soil_profile" ], "geometry_hash_sha256": "415fca5be49447dd82635d74c459dc5b51e1482c9f934e1aff7a15e5d40a7b55", "source_attributes_json": { "area_": "129.97", "crop": "картофель среднеспелый", "fid": "117", "kml_name": "6.3", "полив в 2026 году": "1" } }, "geometry": { "type": "Polygon", "coordinates": [ [ [ 38.793561681927699, 53.9969845052224 ], [ 38.793775890598198, 53.996777349424796 ], [ 38.794138400857001, 53.996901075714298 ], [ 38.7945098603129, 53.997015216843998 ], [ 38.794327617571803, 53.997232732643198 ], [ 38.794945259579798, 53.997397080311501 ], [ 38.7955805984503, 53.997536053626902 ], [ 38.796230635185601, 53.997648996560201 ], [ 38.796892301323901, 53.9977353759556 ], [ 38.797562473439001, 53.997794784049702 ], [ 38.798237987902098, 53.997826940399598 ], [ 38.798915655834101, 53.997831693207601 ], [ 38.799592278177698, 53.997809020039099 ], [ 38.800264660818101, 53.997759027928502 ], [ 38.800929629680198, 53.9976819528733 ], [ 38.801584045730202, 53.997578158718298 ], [ 38.802224819811599, 53.9974481354365 ], [ 38.802848927243303, 53.997292496812797 ], [ 38.803453422112298, 53.997111977543298 ], [ 38.804035451191801, 53.996907429763397 ], [ 38.804592267419999, 53.9966798190205 ], [ 38.805121242874201, 53.996430219711797 ], [ 38.805619881180299, 53.9961598100071 ], [ 38.806085829297601, 53.995869866282497 ], [ 38.806516888624401, 53.995561757090101 ], [ 38.8069110253711, 53.995236936692898 ], [ 38.807266380152001, 53.994896938195403 ], [ 38.807581276751201, 53.994543366302103 ], [ 38.807854230020801, 53.994177889738999 ], [ 38.808083952874497, 53.993802233373202 ], [ 38.808269362343999, 53.993418170068601 ], [ 38.808409584669697, 53.993027512315201 ], [ 38.808503959402401, 53.992632103673103 ], [ 38.8085520424968, 53.992233810069798 ], [ 38.808553608382503, 53.991834510993897 ], [ 38.808508651003699, 53.991436090625001 ], [ 38.808417383822402, 53.991040428942902 ], [ 38.808280238786402, 53.990649392857598 ], [ 38.808097864266898, 53.990264827401603 ], [ 38.807871121976, 53.989888547027299 ], [ 38.807601082878698, 53.989522327047901 ], [ 38.8072890221205, 53.989167895266 ], [ 38.806936412992599, 53.9888269238254 ], [ 38.806544919966001, 53.988501021326499 ], [ 38.8061163908257, 53.988191725242999 ], [ 38.805652847943101, 53.987900494673497 ], [ 38.805156478728101, 53.9876287034635 ], [ 38.8046296253059, 53.987377633730503 ], [ 38.804074773467299, 53.987148469820902 ], [ 38.803850260308003, 53.9873517826938 ], [ 38.803298246790497, 53.987155524563498 ], [ 38.802724821054802, 53.986981896860598 ], [ 38.8021326501703, 53.986831707075503 ], [ 38.801524488289502, 53.986705653688098 ], [ 38.800903163850002, 53.986604322923299 ], [ 38.800271566432997, 53.986528186026902 ], [ 38.799632633339499, 53.986477597077403 ], [ 38.798989335944697, 53.986452791340596 ], [ 38.7983446658966, 53.986453884177301 ], [ 38.797701621218998, 53.986480870506803 ], [ 38.797063192386801, 53.986533624830997 ], [ 38.796992175657103, 53.986294686947701 ], [ 38.796324753439002, 53.986377697503102 ], [ 38.795668659333003, 53.986487692807501 ], [ 38.795027030229797, 53.986624146973099 ], [ 38.794402933945001, 53.986786407606203 ], [ 38.793799354566197, 53.986973698922498 ], [ 38.793219178197901, 53.987185125451802 ], [ 38.792665179171898, 53.9874196763149 ], [ 38.792140006789602, 53.987676230051598 ], [ 38.791646172658901, 53.987953559977399 ], [ 38.7911860386859, 53.9882503400434 ], [ 38.790761805779702, 53.988565151170398 ], [ 38.790375503322899, 53.988896488029503 ], [ 38.7900289794595, 53.989242766234099 ], [ 38.789723892245803, 53.989602329910902 ], [ 38.789461701707701, 53.989973459613097 ], [ 38.789243662841798, 53.990354380538399 ], [ 38.789070819594301, 53.990743271012498 ], [ 38.788943999847497, 53.991138271197201 ], [ 38.788863811437402, 53.991537491982101 ], [ 38.788830639221999, 53.991939024017697 ], [ 38.788844643215498, 53.992340946845601 ], [ 38.788905757797103, 53.992741338083199 ], [ 38.789013691998697, 53.993138282618702 ], [ 38.789167930871102, 53.993529881772503 ], [ 38.789367737922497, 53.9939142623805 ], [ 38.789612158617402, 53.994289585756803 ], [ 38.789900024920698, 53.9946540564925 ], [ 38.790229960864998, 53.9950059310477 ], [ 38.790600389115198, 53.995343526096903 ], [ 38.791009538498599, 53.995665226586503 ], [ 38.791455452466003, 53.995969493466397 ], [ 38.791935998442099, 53.996254871058703 ], [ 38.7924488780221, 53.996519994027302 ], [ 38.792991637964498, 53.996763593915801 ], [ 38.793561681927699, 53.9969845052224 ] ] ] } },
{ "type": "Feature", "properties": { "dataset_code": "SP", "source_file": "СП(2).kml", "placemark_index": 57, "organization_code": "SP", "organization_name_raw": "СП / Спасское", "farm_name_raw": "", "region_name_raw": "", "district_name_raw": "", "field_external_key": "SP:6.4", "field_code_raw": "6.4", "field_name_raw": "6.4", "field_code_unique_status": "unique", "source_fid": "118", "declared_area_ha": 43.58, "geometry_area_ha": 43.58141, "area_diff_ha": 0.00141, "area_diff_pct": 0.003236, "area_quality_status": "ok", "geometry_type": "Polygon", "polygon_count": 1, "inner_ring_count": 0, "geometry_valid": true, "geometry_validity_reason": "Valid Geometry", "centroid_lon": 38.83872748, "centroid_lat": 53.988656643, "representative_lon": 38.838795792, "representative_lat": 53.988307630999998, "centroid_within_geometry": true, "weather_point_lon_candidate": 38.83872748, "weather_point_lat_candidate": 53.988656643, "active_2026_candidate": true, "active_reason": "sp_irrigation_2026_flag_1", "season_year_candidate": null, "crop_raw": "картофель среднеспелый", "crop_code_candidate": "potato", "crop_parameter_set_candidate_key": "aquacrop_v7_3_reference_potato", "regional_crop_parameter_set_candidate_key": "aquacrop_v7_3_regional_potato_tula_oblast", "crop_parameter_candidate_status": "reference_selected_region_needs_confirmation", "crop_parameter_candidate_comment_ru": "В СП(2).kml регион не указан. Для безопасной первичной загрузки выбран reference potato; региональный набор potato_tula_oblast указан как кандидат и требует подтверждения, что СП относится к Тульской области/соответствующему региональному сценарию.", "sowing_date_raw": "", "calculation_ready": false, "calculation_blockers_json": [ "missing_sowing_date", "missing_soil_profile" ], "geometry_hash_sha256": "b147e0995ca3aeb6fe2aa420cc4664846509470f007805965c138a9302692426", "source_attributes_json": { "area_": "43.58", "crop": "картофель среднеспелый", "fid": "118", "kml_name": "6.4", "полив в 2026 году": "1" } }, "geometry": { "type": "Polygon", "coordinates": [ [ [ 38.844540863472602, 53.985057622364799 ], [ 38.844354723925903, 53.985099123152501 ], [ 38.8442198668697, 53.9849043177827 ], [ 38.844069737770504, 53.984713432297802 ], [ 38.8369493674113, 53.986765905444102 ], [ 38.830089044845103, 53.989559818363396 ], [ 38.8303888165592, 53.989799598475102 ], [ 38.830712688761103, 53.990028236432998 ], [ 38.831059472067103, 53.9902448923199 ], [ 38.831427892867801, 53.990448770223402 ], [ 38.831816598005602, 53.990639121161401 ], [ 38.832224159745401, 53.990815245835499 ], [ 38.832457418183303, 53.990615374188799 ], [ 38.832922476621398, 53.990790122025203 ], [ 38.8334070317051, 53.990945390224198 ], [ 38.833223083397101, 53.991162399034202 ], [ 38.833751987198802, 53.991304728382502 ], [ 38.834296438135702, 53.991424992814402 ], [ 38.8348537889418, 53.9915226075479 ], [ 38.835421329563196, 53.991597097931098 ], [ 38.835996300347098, 53.991648101752503 ], [ 38.836575905473801, 53.991675371004 ], [ 38.837157326565404, 53.991678773088204 ], [ 38.837737736404897, 53.9916582914638 ], [ 38.838314312698003, 53.991614025725802 ], [ 38.838884251811301, 53.991546191121202 ], [ 38.839444782419399, 53.991455117500799 ], [ 38.839993178993304, 53.991341247713599 ], [ 38.840526775066003, 53.991205135451501 ], [ 38.841042976208499, 53.991047442554198 ], [ 38.8415392726546, 53.990868935787802 ], [ 38.842013251511403, 53.990670483113099 ], [ 38.842462608496902, 53.9904530494616 ], [ 38.8428851591474, 53.990217692039401 ], [ 38.8432788494395, 53.989965555182899 ], [ 38.843641765775601, 53.989697864790699 ], [ 38.8433114059806, 53.9895531516541 ], [ 38.843614960249496, 53.989294781379897 ], [ 38.843888349335302, 53.9890249688738 ], [ 38.844130336622797, 53.988744935161499 ], [ 38.844339827671902, 53.988455947498899 ], [ 38.844515875161498, 53.988159313635499 ], [ 38.844657683164797, 53.987856375893799 ], [ 38.84476461074, 53.987548505093102 ], [ 38.844836174817402, 53.987237094344898 ], [ 38.845245686912399, 53.9872615457762 ], [ 38.845283210290702, 53.986935416807199 ], [ 38.845283863140502, 53.986608539164003 ], [ 38.845247643438498, 53.986282358993599 ], [ 38.8451747122825, 53.9859583193237 ], [ 38.845133880189003, 53.985838621881797 ], [ 38.845000441101803, 53.985765757857202 ], [ 38.845091376497002, 53.985714023480199 ], [ 38.845065393163203, 53.9856378536794 ], [ 38.8449415666256, 53.985368859815203 ], [ 38.844783473987903, 53.985256730459497 ], [ 38.844556517131601, 53.985072286699797 ], [ 38.844540863472602, 53.985057622364799 ] ] ] } },
{ "type": "Feature", "properties": { "dataset_code": "SP", "source_file": "СП(2).kml", "placemark_index": 58, "organization_code": "SP", "organization_name_raw": "СП / Спасское", "farm_name_raw": "", "region_name_raw": "", "district_name_raw": "", "field_external_key": "SP:6.5", "field_code_raw": "6.5", "field_name_raw": "6.5", "field_code_unique_status": "unique", "source_fid": "119", "declared_area_ha": 24.55, "geometry_area_ha": 24.554955, "area_diff_ha": 0.004955, "area_diff_pct": 0.020184, "area_quality_status": "ok", "geometry_type": "Polygon", "polygon_count": 1, "inner_ring_count": 0, "geometry_valid": true, "geometry_validity_reason": "Valid Geometry", "centroid_lon": 38.850526917000003, "centroid_lat": 53.984555137999997, "representative_lon": 38.850244329, "representative_lat": 53.984385904, "centroid_within_geometry": true, "weather_point_lon_candidate": 38.850526917000003, "weather_point_lat_candidate": 53.984555137999997, "active_2026_candidate": true, "active_reason": "sp_irrigation_2026_flag_1", "season_year_candidate": null, "crop_raw": "картофель среднеспелый", "crop_code_candidate": "potato", "crop_parameter_set_candidate_key": "aquacrop_v7_3_reference_potato", "regional_crop_parameter_set_candidate_key": "aquacrop_v7_3_regional_potato_tula_oblast", "crop_parameter_candidate_status": "reference_selected_region_needs_confirmation", "crop_parameter_candidate_comment_ru": "В СП(2).kml регион не указан. Для безопасной первичной загрузки выбран reference potato; региональный набор potato_tula_oblast указан как кандидат и требует подтверждения, что СП относится к Тульской области/соответствующему региональному сценарию.", "sowing_date_raw": "", "calculation_ready": false, "calculation_blockers_json": [ "missing_sowing_date", "missing_soil_profile" ], "geometry_hash_sha256": "e6d222b9f72cc21e3dfe6254c2f9f74fb3add84355993184f95d6c5f9bf4a641", "source_attributes_json": { "area_": "24.55", "crop": "картофель среднеспелый", "fid": "119", "kml_name": "6.5", "полив в 2026 году": "1" } }, "geometry": { "type": "Polygon", "coordinates": [ [ [ 38.844540863472602, 53.985057622364799 ], [ 38.844739687577899, 53.985013293078303 ], [ 38.844920170518897, 53.985322379741802 ], [ 38.8449415666256, 53.985368859815203 ], [ 38.845030543583903, 53.985431967577398 ], [ 38.845296653996797, 53.985597237606001 ], [ 38.845091376497002, 53.985714023480199 ], [ 38.845133880189003, 53.985838621881797 ], [ 38.8453041600646, 53.9859316021262 ], [ 38.845625762269599, 53.986085291349298 ], [ 38.845963849952902, 53.986226157465701 ], [ 38.846316953645299, 53.986353588147999 ], [ 38.846683538560903, 53.986467029466198 ], [ 38.847062011271397, 53.986565988296199 ], [ 38.847450726635302, 53.986650034465903 ], [ 38.847847994953902, 53.986718802625703 ], [ 38.848252089320098, 53.986771993838403 ], [ 38.848661253131297, 53.9868093768794 ], [ 38.849073707730199, 53.986830789242703 ], [ 38.849487660143197, 53.986836137847597 ], [ 38.849483112197902, 53.986593577300802 ], [ 38.849855353022697, 53.9865841826321 ], [ 38.850225831998003, 53.986560886292096 ], [ 38.8505930557615, 53.986523782186701 ], [ 38.850955544081799, 53.986473019879099 ], [ 38.851311835829797, 53.986408803986599 ], [ 38.851660494872199, 53.9863313933554 ], [ 38.852000115863603, 53.986241100015903 ], [ 38.852329329914703, 53.986138287924703 ], [ 38.852646810112702, 53.986023371496302 ], [ 38.852951276872297, 53.985896813931603 ], [ 38.853241503094402, 53.985759125349503 ], [ 38.8535096440853, 53.985943161330397 ], [ 38.853827714629404, 53.985770636723203 ], [ 38.854124893061197, 53.985585625575297 ], [ 38.854399771632799, 53.985389004471401 ], [ 38.854651048308398, 53.985181704991099 ], [ 38.854877532930203, 53.9849647092936 ], [ 38.855078152852599, 53.9847390454619 ], [ 38.855251958019601, 53.984505782630002 ], [ 38.8553981254585, 53.984266025915502 ], [ 38.8555159631725, 53.984020911182903 ], [ 38.855604913409898, 53.9837715996604 ], [ 38.855664555298098, 53.983519272437398 ], [ 38.855255207764998, 53.983494089163102 ], [ 38.855282490813501, 53.983269357274096 ], [ 38.855284892514, 53.983044055254901 ], [ 38.855262403078697, 53.982819139032003 ], [ 38.855215118326598, 53.98259556288 ], [ 38.855143239270298, 53.9823742753725 ], [ 38.855047071256301, 53.982156215358401 ], [ 38.854927022663198, 53.9819423079785 ], [ 38.854783603163199, 53.981733460742298 ], [ 38.849418268331902, 53.983134842532401 ], [ 38.8441667884628, 53.984679017281401 ], [ 38.844350657618399, 53.984879436687997 ], [ 38.844540863472602, 53.985057622364799 ] ] ] } },
{ "type": "Feature", "properties": { "dataset_code": "SP", "source_file": "СП(2).kml", "placemark_index": 59, "organization_code": "SP", "organization_name_raw": "СП / Спасское", "farm_name_raw": "", "region_name_raw": "", "district_name_raw": "", "field_external_key": "SP:6.9", "field_code_raw": "6.9", "field_name_raw": "6.9", "field_code_unique_status": "unique", "source_fid": "123", "declared_area_ha": 109.76, "geometry_area_ha": 109.764184, "area_diff_ha": 0.004184, "area_diff_pct": 0.003812, "area_quality_status": "ok", "geometry_type": "Polygon", "polygon_count": 1, "inner_ring_count": 0, "geometry_valid": true, "geometry_validity_reason": "Valid Geometry", "centroid_lon": 38.828045437, "centroid_lat": 53.982400393, "representative_lon": 38.827685013, "representative_lat": 53.982514144, "centroid_within_geometry": true, "weather_point_lon_candidate": 38.828045437, "weather_point_lat_candidate": 53.982400393, "active_2026_candidate": false, "active_reason": "sp_no_irrigation_2026_flag_not_active", "season_year_candidate": null, "crop_raw": "", "crop_code_candidate": "", "crop_parameter_set_candidate_key": "", "regional_crop_parameter_set_candidate_key": "", "crop_parameter_candidate_status": "no_crop_in_kml", "crop_parameter_candidate_comment_ru": "В СП(2).kml культура не задана для этого поля.", "sowing_date_raw": "", "calculation_ready": false, "calculation_blockers_json": [ ], "geometry_hash_sha256": "be958cf385d2cad12f793f9f3799bb048497fcb59005ae1df6731ba6a7f3deef", "source_attributes_json": { "area_": "109.76", "fid": "123", "kml_name": "6.9" } }, "geometry": { "type": "Polygon", "coordinates": [ [ [ 38.827890443952803, 53.9826414094222 ], [ 38.823989712363797, 53.987685516024698 ], [ 38.824550812529701, 53.987823478131602 ], [ 38.825125860873797, 53.987939798315701 ], [ 38.825712456596499, 53.988033990926802 ], [ 38.826308150631299, 53.988105662697599 ], [ 38.826910455880999, 53.9881545143867 ], [ 38.8275168576128, 53.988180342030297 ], [ 38.828124823970697, 53.988183037794002 ], [ 38.828731816558097, 53.988162590423897 ], [ 38.829335301049603, 53.988119085293597 ], [ 38.829932757784498, 53.988052704047398 ], [ 38.8305216922993, 53.9879637238407 ], [ 38.831099645753902, 53.987852516181498 ], [ 38.831664205208703, 53.9877195453779 ], [ 38.8314986940685, 53.987496855032298 ], [ 38.832038010990701, 53.987343648730501 ], [ 38.832559126768203, 53.987169939348398 ], [ 38.833059800225001, 53.986976474042599 ], [ 38.833537878197802, 53.986764084932403 ], [ 38.833991304800897, 53.986533685517301 ], [ 38.834418130270699, 53.9862862667445 ], [ 38.834816519351598, 53.986022892743101 ], [ 38.835152321011599, 53.986164195862401 ], [ 38.8355459908393, 53.985861653479198 ], [ 38.8359034374106, 53.985543877559699 ], [ 38.8362229702823, 53.985212371686899 ], [ 38.836503078512699, 53.984868704371998 ], [ 38.836742437798101, 53.984514501627999 ], [ 38.836939916722102, 53.984151439273298 ], [ 38.837094582091702, 53.983781234999 ], [ 38.836691797370101, 53.983731370856397 ], [ 38.836792914760899, 53.983393686835399 ], [ 38.836856775287501, 53.983052855989698 ], [ 38.8368831126107, 53.982710304682897 ], [ 38.836871817436403, 53.982367466443698 ], [ 38.836822937957201, 53.982025775966498 ], [ 38.8367366796355, 53.981686663107702 ], [ 38.836613404328503, 53.9813515469028 ], [ 38.836453628758697, 53.981021829629803 ], [ 38.836258022338001, 53.980698890942101 ], [ 38.836639272672102, 53.980607508951302 ], [ 38.8363775099996, 53.980253093479398 ], [ 38.836074484596203, 53.979910291707199 ], [ 38.835731670722502, 53.9795807702898 ], [ 38.835350735968902, 53.979266131276901 ], [ 38.834933533135398, 53.978967904328499 ], [ 38.834482091213999, 53.978687539284202 ], [ 38.8339986055175, 53.978426399119201 ], [ 38.833485427003097, 53.978185753324198 ], [ 38.832945050842497, 53.977966771739297 ], [ 38.832380104294401, 53.977770518872099 ], [ 38.831793333936901, 53.977597948728302 ], [ 38.831187592324298, 53.977449900178698 ], [ 38.830565824130503, 53.977327092885801 ], [ 38.829931051846799, 53.977230123809001 ], [ 38.8292863611047, 53.977159464306702 ], [ 38.828634885691997, 53.977115457846999 ], [ 38.827979792337402, 53.977098318340502 ], [ 38.827324265335598, 53.977108129101303 ], [ 38.8266714910866, 53.977144842443003 ], [ 38.826024642626699, 53.977208279909597 ], [ 38.825386864221997, 53.977298133142398 ], [ 38.824761256102299, 53.977413965376599 ], [ 38.824150859407403, 53.977555213562297 ], [ 38.8235586414187, 53.977721191098397 ], [ 38.822987481148203, 53.977911091165801 ], [ 38.822440155354201, 53.978123990645898 ], [ 38.821919325050999, 53.978358854603002 ], [ 38.821427522578603, 53.978614541310101 ], [ 38.820967139295703, 53.978889807794303 ], [ 38.820540413952898, 53.979183315873698 ], [ 38.820149421807102, 53.979493638657303 ], [ 38.8197960645252, 53.979819267476699 ], [ 38.819482060930298, 53.9801586192157 ], [ 38.819208938632599, 53.980510044001399 ], [ 38.818978026588198, 53.980871833221897 ], [ 38.81879044862, 53.981242227828901 ], [ 38.818647117934901, 53.981619426886901 ], [ 38.818548732661803, 53.982001596326903 ], [ 38.818495772435099, 53.9823868778617 ], [ 38.818488496038803, 53.982773398020797 ], [ 38.8185269401231, 53.983159277258601 ], [ 38.818610919002403, 53.9835426390948 ], [ 38.818740025533401, 53.983921619239901 ], [ 38.818913633071197, 53.984294374662198 ], [ 38.819130898493498, 53.984659092553699 ], [ 38.819390766280101, 53.9850139991483 ], [ 38.819691973625702, 53.985357368351899 ], [ 38.820033056563901, 53.985687530141497 ], [ 38.820412357072399, 53.9860028786916 ], [ 38.820828031123497, 53.9863018801897 ], [ 38.827890443952803, 53.9826414094222 ] ] ] } },
{ "type": "Feature", "properties": { "dataset_code": "SP", "source_file": "СП(2).kml", "placemark_index": 60, "organization_code": "SP", "organization_name_raw": "СП / Спасское", "farm_name_raw": "", "region_name_raw": "", "district_name_raw": "", "field_external_key": "SP:6.6", "field_code_raw": "6.6", "field_name_raw": "6.6", "field_code_unique_status": "unique", "source_fid": "124", "declared_area_ha": 46.88, "geometry_area_ha": 46.881445, "area_diff_ha": 0.001445, "area_diff_pct": 0.003082, "area_quality_status": "ok", "geometry_type": "Polygon", "polygon_count": 1, "inner_ring_count": 0, "geometry_valid": true, "geometry_validity_reason": "Valid Geometry", "centroid_lon": 38.794481288999997, "centroid_lat": 53.975095752999998, "representative_lon": 38.795280241, "representative_lat": 53.974538713000001, "centroid_within_geometry": true, "weather_point_lon_candidate": 38.794481288999997, "weather_point_lat_candidate": 53.975095752999998, "active_2026_candidate": true, "active_reason": "sp_irrigation_2026_flag_1", "season_year_candidate": null, "crop_raw": "картофель среднеспелый", "crop_code_candidate": "potato", "crop_parameter_set_candidate_key": "aquacrop_v7_3_reference_potato", "regional_crop_parameter_set_candidate_key": "aquacrop_v7_3_regional_potato_tula_oblast", "crop_parameter_candidate_status": "reference_selected_region_needs_confirmation", "crop_parameter_candidate_comment_ru": "В СП(2).kml регион не указан. Для безопасной первичной загрузки выбран reference potato; региональный набор potato_tula_oblast указан как кандидат и требует подтверждения, что СП относится к Тульской области/соответствующему региональному сценарию.", "sowing_date_raw": "", "calculation_ready": false, "calculation_blockers_json": [ "missing_sowing_date", "missing_soil_profile" ], "geometry_hash_sha256": "c40c4eadda5f1d89f9ed3697fbb5130a99ca473619d506b5118369636f1d0641", "source_attributes_json": { "area_": "46.88", "crop": "картофель среднеспелый", "fid": "124", "kml_name": "6.6", "полив в 2026 году": "1" } }, "geometry": { "type": "Polygon", "coordinates": [ [ [ 38.795280312587202, 53.973653662029399 ], [ 38.7888404880431, 53.971138181156398 ], [ 38.788558786185298, 53.971408503954898 ], [ 38.788309680988803, 53.971689731218703 ], [ 38.788094381428799, 53.971980498831101 ], [ 38.7879139325712, 53.972279396370297 ], [ 38.787769210491199, 53.972584973948102 ], [ 38.787660918010403, 53.972895749240998 ], [ 38.787589581273402, 53.973210214679 ], [ 38.787555547179601, 53.973526844756996 ], [ 38.787558981684697, 53.973844103434402 ], [ 38.7875998689792, 53.974160451586499 ], [ 38.787678011548302, 53.974474354471397 ], [ 38.787793031113999, 53.974784289175801 ], [ 38.787944370454497, 53.975088752004901 ], [ 38.788131296092303, 53.975386265779498 ], [ 38.7883529018385, 53.975675387004401 ], [ 38.788608113176899, 53.975954712874703 ], [ 38.788895692465502, 53.976222888084997 ], [ 38.789214244931998, 53.976478611407998 ], [ 38.789562225432597, 53.976720642011998 ], [ 38.789937945943997, 53.976947805485203 ], [ 38.790339583748803, 53.977158999537401 ], [ 38.7907651902784, 53.977353199352898 ], [ 38.791212700567897, 53.9775294625668 ], [ 38.791679943277799, 53.977686933841397 ], [ 38.792164651234401, 53.977824849020202 ], [ 38.792664472436996, 53.977942538839002 ], [ 38.793176981478297, 53.978039432176999 ], [ 38.793279932323202, 53.977804501264998 ], [ 38.793772050053903, 53.977876150911399 ], [ 38.794271404760302, 53.977927538751103 ], [ 38.794775598372297, 53.977958418001599 ], [ 38.795282209560199, 53.977968640369703 ], [ 38.795788805373697, 53.9779581567647 ], [ 38.796292952936803, 53.977927017534 ], [ 38.7967922311419, 53.977875372221298 ], [ 38.797284242287603, 53.977803468847398 ], [ 38.7977666236037, 53.977711652718398 ], [ 38.798237058607, 53.977600364765898 ], [ 38.798403465368999, 53.977822223211298 ], [ 38.7988736913412, 53.977688903009103 ], [ 38.799327528886302, 53.977537127090997 ], [ 38.799762896416603, 53.977367591661299 ], [ 38.800177797137401, 53.977181074378699 ], [ 38.800570328209602, 53.976978430786801 ], [ 38.800938689479203, 53.976760590386597 ], [ 38.801281191734702, 53.9765285523698 ], [ 38.801596264452698, 53.976283381032502 ], [ 38.8018824629983, 53.9760262008908 ], [ 38.802138475245997, 53.975758191519397 ], [ 38.802363127590901, 53.975480582139497 ], [ 38.8025553903231, 53.975194645977197 ], [ 38.802714382340803, 53.9749016944224 ], [ 38.802839375180397, 53.974603071011899 ], [ 38.802929796345303, 53.974300145265801 ], [ 38.802985231918697, 53.973994306405501 ], [ 38.803005428448301, 53.973686956981403 ], [ 38.795280312587202, 53.973653662029399 ] ] ] } },
{ "type": "Feature", "properties": { "dataset_code": "SP", "source_file": "СП(2).kml", "placemark_index": 61, "organization_code": "SP", "organization_name_raw": "СП / Спасское", "farm_name_raw": "", "region_name_raw": "", "district_name_raw": "", "field_external_key": "SP:6.7", "field_code_raw": "6.7", "field_name_raw": "6.7", "field_code_unique_status": "unique", "source_fid": "125", "declared_area_ha": 81.55, "geometry_area_ha": 81.551455, "area_diff_ha": 0.001455, "area_diff_pct": 0.001784, "area_quality_status": "ok", "geometry_type": "Polygon", "polygon_count": 1, "inner_ring_count": 0, "geometry_valid": true, "geometry_validity_reason": "Valid Geometry", "centroid_lon": 38.799823404999998, "centroid_lat": 53.980775522999998, "representative_lon": 38.799268517000002, "representative_lat": 53.981091721, "centroid_within_geometry": true, "weather_point_lon_candidate": 38.799823404999998, "weather_point_lat_candidate": 53.980775522999998, "active_2026_candidate": true, "active_reason": "sp_irrigation_2026_flag_1", "season_year_candidate": null, "crop_raw": "картофель среднеспелый", "crop_code_candidate": "potato", "crop_parameter_set_candidate_key": "aquacrop_v7_3_reference_potato", "regional_crop_parameter_set_candidate_key": "aquacrop_v7_3_regional_potato_tula_oblast", "crop_parameter_candidate_status": "reference_selected_region_needs_confirmation", "crop_parameter_candidate_comment_ru": "В СП(2).kml регион не указан. Для безопасной первичной загрузки выбран reference potato; региональный набор potato_tula_oblast указан как кандидат и требует подтверждения, что СП относится к Тульской области/соответствующему региональному сценарию.", "sowing_date_raw": "", "calculation_ready": false, "calculation_blockers_json": [ "missing_sowing_date", "missing_soil_profile" ], "geometry_hash_sha256": "692ce36401d846c7711a28b0feabf6ab2c5ded90d0c81842d8f53389485a656f", "source_attributes_json": { "area_": "81.55", "crop": "картофель среднеспелый", "fid": "125", "kml_name": "6.7", "полив в 2026 году": "1" } }, "geometry": { "type": "Polygon", "coordinates": [ [ [ 38.7995027453169, 53.977984607656502 ], [ 38.788474314134, 53.978617581630303 ], [ 38.7885743044001, 53.979063474687997 ], [ 38.7887261195783, 53.979504254131797 ], [ 38.788929041344602, 53.9799378296619 ], [ 38.7891821089299, 53.980362145077798 ], [ 38.789484123648201, 53.980775188032901 ], [ 38.789833654555999, 53.981174999582898 ], [ 38.790229045215199, 53.9815596834814 ], [ 38.790668421529098, 53.981927415179698 ], [ 38.791149700614497, 53.982276450486196 ], [ 38.791670600667203, 53.982605133846498 ], [ 38.792228651775901, 53.982911906202901 ], [ 38.792821207631697, 53.983195312396198 ], [ 38.7934454580787, 53.983454008075697 ], [ 38.794098442446, 53.983686766082599 ], [ 38.794777063598097, 53.983892482278399 ], [ 38.7954781026353, 53.984070180788102 ], [ 38.796198234176302, 53.984219018636097 ], [ 38.796934042148798, 53.984338289749402 ], [ 38.797682036012802, 53.9844274283125 ], [ 38.798438667340299, 53.984486011454102 ], [ 38.799200346670403, 53.9845137612567 ], [ 38.7999634605616, 53.984510546076599 ], [ 38.8007243887577, 53.984476381169003 ], [ 38.801479521386398, 53.9844114286159 ], [ 38.802225276108999, 53.984315996555701 ], [ 38.802958115137798, 53.9841905377194 ], [ 38.803674562040598, 53.984035647280301 ], [ 38.804371218252903, 53.983852060026003 ], [ 38.805044779217702, 53.9836406468687 ], [ 38.805692050076303, 53.983402410707797 ], [ 38.806309960836003, 53.983138481667297 ], [ 38.806895580941102, 53.982850111727601 ], [ 38.807446133179397, 53.9825386687804 ], [ 38.807959006856798, 53.982205630133002 ], [ 38.808431770177897, 53.981852575493697 ], [ 38.8084648560055, 53.981824026495701 ], [ 38.808611049529702, 53.981490148831703 ], [ 38.808816642964999, 53.981520474647297 ], [ 38.808862181774202, 53.981481179471899 ], [ 38.808511390813997, 53.981354274274402 ], [ 38.808860174776001, 53.981008442356099 ], [ 38.809169544431498, 53.980649818024602 ], [ 38.809438156549703, 53.980279959561997 ], [ 38.809664845093799, 53.9799004740225 ], [ 38.810057259985598, 53.9799735624077 ], [ 38.810064365195799, 53.979958875540397 ], [ 38.809883596139699, 53.979887804917297 ], [ 38.8102405943037, 53.979594596648099 ], [ 38.810246688870897, 53.979581998597702 ], [ 38.810394459715297, 53.9791842516602 ], [ 38.8105000022478, 53.978781859787198 ], [ 38.810562909544601, 53.978376379088999 ], [ 38.810582939584897, 53.977969377576002 ], [ 38.810560016167202, 53.977562429093901 ], [ 38.7995027453169, 53.977984607656502 ] ] ] } },
{ "type": "Feature", "properties": { "dataset_code": "SP", "source_file": "СП(2).kml", "placemark_index": 62, "organization_code": "SP", "organization_name_raw": "СП / Спасское", "farm_name_raw": "", "region_name_raw": "", "district_name_raw": "", "field_external_key": "SP:6.8", "field_code_raw": "6.8", "field_name_raw": "6.8", "field_code_unique_status": "unique", "source_fid": "127", "declared_area_ha": 67.19, "geometry_area_ha": 67.193199, "area_diff_ha": 0.003199, "area_diff_pct": 0.004761, "area_quality_status": "ok", "geometry_type": "Polygon", "polygon_count": 1, "inner_ring_count": 0, "geometry_valid": true, "geometry_validity_reason": "Valid Geometry", "centroid_lon": 38.814062405000001, "centroid_lat": 53.983588331999997, "representative_lon": 38.813237807999997, "representative_lat": 53.98334235, "centroid_within_geometry": true, "weather_point_lon_candidate": 38.814062405000001, "weather_point_lat_candidate": 53.983588331999997, "active_2026_candidate": false, "active_reason": "sp_no_irrigation_2026_flag_not_active", "season_year_candidate": null, "crop_raw": "", "crop_code_candidate": "", "crop_parameter_set_candidate_key": "", "regional_crop_parameter_set_candidate_key": "", "crop_parameter_candidate_status": "no_crop_in_kml", "crop_parameter_candidate_comment_ru": "В СП(2).kml культура не задана для этого поля.", "sowing_date_raw": "", "calculation_ready": false, "calculation_blockers_json": [ ], "geometry_hash_sha256": "6bf47222fd6281999fe96f66e2fb5bebfa5f66a9c55de25d19954bd37b5c9c0e", "source_attributes_json": { "area_": "67.19", "fid": "127", "kml_name": "6.8" } }, "geometry": { "type": "Polygon", "coordinates": [ [ [ 38.808816642964999, 53.981520474647297 ], [ 38.8084648560055, 53.981824026495701 ], [ 38.808436818832597, 53.981888057328 ], [ 38.8083099793336, 53.982292146573897 ], [ 38.808231147159397, 53.982700458099998 ], [ 38.808200705803202, 53.983111012915799 ], [ 38.808218804238898, 53.983521821100403 ], [ 38.808285356171702, 53.983930891446001 ], [ 38.808400040428602, 53.984336241110903 ], [ 38.8085623024878, 53.984735905230899 ], [ 38.8087713571405, 53.985127946446198 ], [ 38.809026192271901, 53.985510464295302 ], [ 38.809325573744403, 53.985881604431199 ], [ 38.809668051359097, 53.986239567614902 ], [ 38.810051965867402, 53.986582618442696 ], [ 38.810475456999299, 53.986909093764503 ], [ 38.810936472468804, 53.987217410752898 ], [ 38.811432777914703, 53.987506074582399 ], [ 38.811961967726397, 53.987773685683301 ], [ 38.812521476705001, 53.988018946533501 ], [ 38.813108592500399, 53.988240667955303 ], [ 38.813720468766597, 53.988437774887402 ], [ 38.8143541389693, 53.9886093116029 ], [ 38.815006530779598, 53.988754446348601 ], [ 38.815674480983901, 53.9888724753825 ], [ 38.816354750836602, 53.9889628263902 ], [ 38.8170440417816, 53.989025061263398 ], [ 38.817739011465299, 53.989058878226999 ], [ 38.8184362899636, 53.989064113303797 ], [ 38.819132496143197, 53.989040741110799 ], [ 38.819824254077503, 53.988988874982503 ], [ 38.818215150171802, 53.983162878437199 ], [ 38.816615632756701, 53.977335980318301 ], [ 38.815942589499997, 53.977414199420501 ], [ 38.8152802076537, 53.9775193953162 ], [ 38.814631594814699, 53.977651074489103 ], [ 38.813999794062298, 53.977808619172997 ], [ 38.813387769696099, 53.977991290247097 ], [ 38.812798393341701, 53.978198230699199 ], [ 38.812234430487599, 53.978428469642097 ], [ 38.811698527518601, 53.978680926863603 ], [ 38.8111931993041, 53.978954417889298 ], [ 38.8107208174006, 53.9792476595346 ], [ 38.810283598923498, 53.979559275919101 ], [ 38.8102405943037, 53.979594596648099 ], [ 38.810064365195799, 53.979958875540397 ], [ 38.810225963045298, 53.980022408433598 ], [ 38.809921740186397, 53.980309493289397 ], [ 38.809647171196502, 53.980606783114602 ], [ 38.809403238484499, 53.980913214901101 ], [ 38.809190814973597, 53.981227692928499 ], [ 38.809010660971701, 53.981549092679998 ], [ 38.808816642964999, 53.981520474647297 ] ] ] } },
{ "type": "Feature", "properties": { "dataset_code": "SP", "source_file": "СП(2).kml", "placemark_index": 63, "organization_code": "SP", "organization_name_raw": "СП / Спасское", "farm_name_raw": "", "region_name_raw": "", "district_name_raw": "", "field_external_key": "SP:6.10", "field_code_raw": "6.10", "field_name_raw": "6.10", "field_code_unique_status": "unique", "source_fid": "130", "declared_area_ha": 67.47, "geometry_area_ha": 67.468121, "area_diff_ha": -0.001879, "area_diff_pct": -0.002785, "area_quality_status": "ok", "geometry_type": "Polygon", "polygon_count": 1, "inner_ring_count": 0, "geometry_valid": true, "geometry_validity_reason": "Valid Geometry", "centroid_lon": 38.843637921000003, "centroid_lat": 53.978956834000002, "representative_lon": 38.843506165999997, "representative_lat": 53.978887700999998, "centroid_within_geometry": true, "weather_point_lon_candidate": 38.843637921000003, "weather_point_lat_candidate": 53.978956834000002, "active_2026_candidate": false, "active_reason": "sp_no_irrigation_2026_flag_not_active", "season_year_candidate": null, "crop_raw": "", "crop_code_candidate": "", "crop_parameter_set_candidate_key": "", "regional_crop_parameter_set_candidate_key": "", "crop_parameter_candidate_status": "no_crop_in_kml", "crop_parameter_candidate_comment_ru": "В СП(2).kml культура не задана для этого поля.", "sowing_date_raw": "", "calculation_ready": false, "calculation_blockers_json": [ ], "geometry_hash_sha256": "9cd77c339f171f05f20dbe156baab2d53ba249a135314859f60e04d91e7f31bc", "source_attributes_json": { "area_": "67.47", "fid": "130", "kml_name": "6.10" } }, "geometry": { "type": "Polygon", "coordinates": [ [ [ 38.850417789423503, 53.978989588394697 ], [ 38.850408008753902, 53.9787405949101 ], [ 38.850371647382403, 53.978492458649001 ], [ 38.850308850113201, 53.978246164560403 ], [ 38.8502198666732, 53.9780026902637 ], [ 38.850105050713701, 53.977763002168899 ], [ 38.849964858399602, 53.977528051641201 ], [ 38.849799846592497, 53.977298771225897 ], [ 38.849610670633801, 53.977076070948002 ], [ 38.849398081738798, 53.976860834701398 ], [ 38.849162924009597, 53.976653916741903 ], [ 38.849497413667102, 53.976512622234601 ], [ 38.849198336237102, 53.976283674258802 ], [ 38.848873238596703, 53.976067403547802 ], [ 38.8485236628797, 53.975864835745597 ], [ 38.8481512672317, 53.975676931497397 ], [ 38.847757817945102, 53.975504581896502 ], [ 38.847345181083703, 53.975348604261498 ], [ 38.846915313634298, 53.975209738263302 ], [ 38.846470254230297, 53.975088642419699 ], [ 38.846012113488598, 53.974985890975802 ], [ 38.845543064006698, 53.974901971182 ], [ 38.845065330067698, 53.974837280986598 ], [ 38.844581177100402, 53.974792127149399 ], [ 38.844092900945199, 53.974766723788598 ], [ 38.8436028169778, 53.974761191366497 ], [ 38.843113249138398, 53.974775556118601 ], [ 38.842626518922501, 53.9748097499293 ], [ 38.842144934382098, 53.974863610654602 ], [ 38.8416707791907, 53.974936882890198 ], [ 38.841206301823298, 53.975029219181799 ], [ 38.840753704902802, 53.975140181670902 ], [ 38.840315134762498, 53.975269244169603 ], [ 38.839892671274697, 53.975415794653799 ], [ 38.839488317993101, 53.9755791381628 ], [ 38.839103992655701, 53.975758500092603 ], [ 38.838741518093002, 53.975953029866403 ], [ 38.838402613584499, 53.976161804965699 ], [ 38.838088886705002, 53.976383835301696 ], [ 38.837801825698698, 53.976618067908099 ], [ 38.837542792417501, 53.976863391932099 ], [ 38.8373130158569, 53.977118643899402 ], [ 38.837113586320797, 53.9773826132298 ], [ 38.836945450242098, 53.977654047976003 ], [ 38.836809405684797, 53.977931660759502 ], [ 38.836706098548198, 53.9782141348743 ], [ 38.836636019492197, 53.978500130530499 ], [ 38.836599501597398, 53.978788291207799 ], [ 38.836596718772803, 53.979077250089098 ], [ 38.836627684917801, 53.979365636542802 ], [ 38.8366922538426, 53.979652082624497 ], [ 38.8367901199491, 53.979935229566102 ], [ 38.836920819667199, 53.980213734221799 ], [ 38.837083733641698, 53.980486275440803 ], [ 38.837278089658597, 53.980751560335797 ], [ 38.837502966297997, 53.981008330418398 ], [ 38.837757297295198, 53.981255367570903 ], [ 38.838039876590997, 53.981491499828003 ], [ 38.838349364046302, 53.9817156069387 ], [ 38.838684291794301, 53.981926625684302 ], [ 38.839043071200798, 53.982123554924797 ], [ 38.839424000398402, 53.982305460352002 ], [ 38.839825272360102, 53.982471478925 ], [ 38.840244983473603, 53.982620822967803 ], [ 38.840681142575299, 53.982752783908602 ], [ 38.841131680401297, 53.982866735644997 ], [ 38.841594459409997, 53.982962137516601 ], [ 38.842067283931101, 53.9830385368723 ], [ 38.842547910590099, 53.983095571219799 ], [ 38.8430340589615, 53.983132969947 ], [ 38.8430749251633, 53.982881102526299 ], [ 38.843376817255198, 53.982900836493997 ], [ 38.843680185727898, 53.9829097261279 ], [ 38.843983910202802, 53.982907738598101 ], [ 38.844286868985698, 53.982894881244903 ], [ 38.844322169357902, 53.983136562880702 ], [ 38.844796767652902, 53.983102987055403 ], [ 38.8452664718045, 53.983050712454499 ], [ 38.845729163332201, 53.9829799748521 ], [ 38.8461827554124, 53.982891093294597 ], [ 38.846625202298199, 53.982784468659702 ], [ 38.847054508552603, 53.982660581847398 ], [ 38.847468738054701, 53.982519991609102 ], [ 38.847866022736, 53.982363332025002 ], [ 38.848244571010099, 53.982191309642801 ], [ 38.848602675854501, 53.982004700288499 ], [ 38.8489387225112, 53.981804345564697 ], [ 38.849251195768304, 53.981591149052498 ], [ 38.8495386867924, 53.981366072234202 ], [ 38.849799899479002, 53.981130130154298 ], [ 38.8500336562931, 53.980884386839399 ], [ 38.8502389035745, 53.9806299504978 ], [ 38.850414716282003, 53.980367968519303 ], [ 38.850560302157298, 53.980099622299299 ], [ 38.850675005288501, 53.979826121909397 ], [ 38.8507583090583, 53.979548700639498 ], [ 38.850809838463, 53.979268609435202 ], [ 38.850829361792002, 53.978987111256302 ], [ 38.850417789423503, 53.978989588394697 ] ] ] } },
{ "type": "Feature", "properties": { "dataset_code": "SP", "source_file": "СП(2).kml", "placemark_index": 64, "organization_code": "SP", "organization_name_raw": "СП / Спасское", "farm_name_raw": "", "region_name_raw": "", "district_name_raw": "", "field_external_key": "SP:6.11", "field_code_raw": "6.11", "field_name_raw": "6.11", "field_code_unique_status": "unique", "source_fid": "131", "declared_area_ha": 44.5, "geometry_area_ha": 44.495401, "area_diff_ha": -0.004599, "area_diff_pct": -0.010335, "area_quality_status": "ok", "geometry_type": "Polygon", "polygon_count": 1, "inner_ring_count": 0, "geometry_valid": true, "geometry_validity_reason": "Valid Geometry", "centroid_lon": 38.814208064, "centroid_lat": 53.973722055000003, "representative_lon": 38.813971492999997, "representative_lat": 53.973700303999998, "centroid_within_geometry": true, "weather_point_lon_candidate": 38.814208064, "weather_point_lat_candidate": 53.973722055000003, "active_2026_candidate": false, "active_reason": "sp_no_irrigation_2026_flag_not_active", "season_year_candidate": null, "crop_raw": "", "crop_code_candidate": "", "crop_parameter_set_candidate_key": "", "regional_crop_parameter_set_candidate_key": "", "crop_parameter_candidate_status": "no_crop_in_kml", "crop_parameter_candidate_comment_ru": "В СП(2).kml культура не задана для этого поля.", "sowing_date_raw": "", "calculation_ready": false, "calculation_blockers_json": [ ], "geometry_hash_sha256": "63d82e8dd45e62e75dcbb870b828e51048830289df06edecceaeee61d523b54f", "source_attributes_json": { "area_": "44.5", "fid": "131", "kml_name": "6.11" } }, "geometry": { "type": "Polygon", "coordinates": [ [ [ 38.810647394656499, 53.9765259305304 ], [ 38.810943692259301, 53.976648255307502 ], [ 38.8112521548735, 53.97675964223 ], [ 38.811571622114002, 53.976859672246597 ], [ 38.811900892167898, 53.976947969029197 ], [ 38.812238726317801, 53.9770242003897 ], [ 38.812583853604401, 53.977088079530901 ], [ 38.812934975610702, 53.977139366125598 ], [ 38.813036614790498, 53.976904119695803 ], [ 38.813390678469602, 53.976941377137798 ], [ 38.813748122740002, 53.976964879458698 ], [ 38.814107411350001, 53.976974525648899 ], [ 38.814467000115499, 53.976970274250597 ], [ 38.814825343561701, 53.976952143536401 ], [ 38.815180901569903, 53.976920211430503 ], [ 38.815532146001203, 53.976874615173799 ], [ 38.8158775672687, 53.9768155507332 ], [ 38.816215680829799, 53.9767432719594 ], [ 38.816368575019901, 53.976968482953403 ], [ 38.816729638281998, 53.976874931736397 ], [ 38.817079286627099, 53.976767364532201 ], [ 38.817415956444599, 53.976646262404898 ], [ 38.817738142204, 53.976512166945597 ], [ 38.818044403190697, 53.976365677848101 ], [ 38.818333369950103, 53.9762074502259 ], [ 38.818603750412201, 53.976038191680402 ], [ 38.818854335669798, 53.975858659134801 ], [ 38.819084005382599, 53.975669655447803 ], [ 38.8192917327858, 53.975472025820899 ], [ 38.819476589277699, 53.975266654018 ], [ 38.819637748568603, 53.975054458411002 ], [ 38.819774490370797, 53.974836387872003 ], [ 38.819886203614303, 53.974613417529099 ], [ 38.819972389172101, 53.974386544404702 ], [ 38.820032662086398, 53.974156782956499 ], [ 38.819624141195298, 53.974127744976997 ], [ 38.819656120366098, 53.9739093251033 ], [ 38.8196629267891, 53.973690129849302 ], [ 38.819644529588501, 53.973471166303099 ], [ 38.819601013683503, 53.973253440472497 ], [ 38.819532579391399, 53.973037952663297 ], [ 38.819439541499797, 53.972825692883902 ], [ 38.819322327814, 53.972617636297102 ], [ 38.8191814771846, 53.972414738741499 ], [ 38.819551373310802, 53.9723082294771 ], [ 38.819375654944899, 53.9720982271878 ], [ 38.819176360650602, 53.971895673775101 ], [ 38.818954394601001, 53.971701487858198 ], [ 38.818710763748399, 53.971516550095799 ], [ 38.818446573253802, 53.9713416991938 ], [ 38.818163021472401, 53.971177728103299 ], [ 38.817861394517401, 53.971025380426497 ], [ 38.817543060426303, 53.970885347046099 ], [ 38.817209462957102, 53.970758262994302 ], [ 38.816862115042497, 53.970644704574198 ], [ 38.8165025919307, 53.970545186748403 ], [ 38.816132524044498, 53.970460160805402 ], [ 38.8157535895918, 53.970390012313899 ], [ 38.815367506959603, 53.970335059376197 ], [ 38.814976026925898, 53.970295551186197 ], [ 38.814580924726599, 53.970271666900402 ], [ 38.814183992010797, 53.9702635148263 ], [ 38.813787028722103, 53.970271131931199 ], [ 38.813814251309203, 53.970513176729597 ], [ 38.813434234543003, 53.970535889358999 ], [ 38.813057818936599, 53.970574135935003 ], [ 38.8126868288903, 53.970627731086999 ], [ 38.8123230625256, 53.970696415052601 ], [ 38.811968282976501, 53.970779854936097 ], [ 38.811624209848297, 53.970877646321 ], [ 38.811292510887299, 53.970989315228501 ], [ 38.810974793901003, 53.971114320413697 ], [ 38.810672598968203, 53.9712520559873 ], [ 38.810387390975499, 53.971401854350297 ], [ 38.810103168689402, 53.971226455620602 ], [ 38.809828276451697, 53.971391954792701 ], [ 38.809572683229803, 53.9715678771135 ], [ 38.809337523502002, 53.9717534419052 ], [ 38.809123841111898, 53.971947825689298 ], [ 38.808932584633702, 53.9721501658398 ], [ 38.808764603158899, 53.972359564409501 ], [ 38.808620642523302, 53.9725750921138 ], [ 38.808501341992198, 53.972795792452899 ], [ 38.808407231417398, 53.9730206859563 ], [ 38.8083387288791, 53.973248774528003 ], [ 38.808296138823799, 53.973479045875798 ], [ 38.808279650705202, 53.973710478003298 ], [ 38.808289338136497, 53.973942043745403 ], [ 38.808325158555697, 53.974172715327001 ], [ 38.808386953406703, 53.974401468924697 ], [ 38.808474448835703, 53.974627289211597 ], [ 38.808876818891598, 53.974575400861802 ], [ 38.8089831822044, 53.974782137521601 ], [ 38.809112720449598, 53.974984227035598 ], [ 38.809264855980999, 53.975180767715102 ], [ 38.8094389102991, 53.975370882616801 ], [ 38.809634107074302, 53.975553723456898 ], [ 38.8098495756064, 53.9757284743974 ], [ 38.810084354706703, 53.9758943556877 ], [ 38.810337396983698, 53.976050627145099 ], [ 38.810607573515298, 53.976196591459498 ], [ 38.810893678884902, 53.976331597305801 ], [ 38.810647394656499, 53.9765259305304 ] ] ] } },
{ "type": "Feature", "properties": { "dataset_code": "SP", "source_file": "СП(2).kml", "placemark_index": 65, "organization_code": "SP", "organization_name_raw": "СП / Спасское", "farm_name_raw": "", "region_name_raw": "", "district_name_raw": "", "field_external_key": "SP:6.12", "field_code_raw": "6.12", "field_name_raw": "6.12", "field_code_unique_status": "unique", "source_fid": "132", "declared_area_ha": 28.63, "geometry_area_ha": 28.631767, "area_diff_ha": 0.001767, "area_diff_pct": 0.006173, "area_quality_status": "ok", "geometry_type": "Polygon", "polygon_count": 1, "inner_ring_count": 0, "geometry_valid": true, "geometry_validity_reason": "Valid Geometry", "centroid_lon": 38.825433558, "centroid_lat": 53.973700608000001, "representative_lon": 38.825378444999998, "representative_lat": 53.973645302999998, "centroid_within_geometry": true, "weather_point_lon_candidate": 38.825433558, "weather_point_lat_candidate": 53.973700608000001, "active_2026_candidate": false, "active_reason": "sp_no_irrigation_2026_flag_not_active", "season_year_candidate": null, "crop_raw": "", "crop_code_candidate": "", "crop_parameter_set_candidate_key": "", "regional_crop_parameter_set_candidate_key": "", "crop_parameter_candidate_status": "no_crop_in_kml", "crop_parameter_candidate_comment_ru": "В СП(2).kml культура не задана для этого поля.", "sowing_date_raw": "", "calculation_ready": false, "calculation_blockers_json": [ ], "geometry_hash_sha256": "30bc38a210f73593d46d7c4ba5a4fc665f6fd71189ddb4524d9a11daf85cbe93", "source_attributes_json": { "area_": "28.63", "fid": "132", "kml_name": "6.12" } }, "geometry": { "type": "Polygon", "coordinates": [ [ [ 38.8278394745101, 53.975891256198402 ], [ 38.828091482402201, 53.976083651135603 ], [ 38.828361596618301, 53.975967333397399 ], [ 38.828617408157498, 53.975840275695603 ], [ 38.828857690632098, 53.975703087225703 ], [ 38.829081292144203, 53.975556425750199 ], [ 38.829287140807999, 53.975400994443703 ], [ 38.829474249887497, 53.975237538519799 ], [ 38.829641722525203, 53.975066841657402 ], [ 38.829788756039399, 53.9748897222415 ], [ 38.829914645768703, 53.974707029438903 ], [ 38.830018788446701, 53.974519639125702 ], [ 38.830100685088901, 53.9743284496871 ], [ 38.830159943380202, 53.974134377709703 ], [ 38.830196279549803, 53.973938353586597 ], [ 38.830209519725798, 53.973741317056401 ], [ 38.830199600762597, 53.973544212698101 ], [ 38.830166570537401, 53.973347985402697 ], [ 38.830110587714202, 53.973153575843099 ], [ 38.830031920977298, 53.972961915966003 ], [ 38.829930947737303, 53.972773924523601 ], [ 38.829808152316197, 53.972590502671203 ], [ 38.829664123620503, 53.972412529647698 ], [ 38.829499552313301, 53.972240858561499 ], [ 38.829148563642697, 53.972367450079403 ], [ 38.828986794486298, 53.972222616337199 ], [ 38.8288090425836, 53.972084447320199 ], [ 38.828616095437702, 53.971953555046298 ], [ 38.828408807834897, 53.9718305192958 ], [ 38.828188098057197, 53.971715885043899 ], [ 38.827954943814298, 53.971610160048002 ], [ 38.827710377913, 53.971513812599497 ], [ 38.827455483682698, 53.971427269450501 ], [ 38.827191390178498, 53.971350913924503 ], [ 38.826919267181097, 53.971285084219097 ], [ 38.826640320017503, 53.971230071909297 ], [ 38.826355784225001, 53.9711861206561 ], [ 38.826066920080301, 53.9711534251283 ], [ 38.825775007020901, 53.971132130140603 ], [ 38.825481337981302, 53.971122330012598 ], [ 38.825187213668997, 53.9711240681508 ], [ 38.824893936806902, 53.971137336857197 ], [ 38.824602806366897, 53.971162077362898 ], [ 38.824315111819097, 53.971198180088201 ], [ 38.824032127424097, 53.971245485128001 ], [ 38.823755106591598, 53.971303782959303 ], [ 38.823603967927198, 53.9710781652023 ], [ 38.823308728401102, 53.971153705142697 ], [ 38.823022674686399, 53.971240667105398 ], [ 38.822747076348001, 53.9713386651541 ], [ 38.822483156574499, 53.971447264371399 ], [ 38.822232086751399, 53.971565982788199 ], [ 38.821994981263103, 53.971694293521402 ], [ 38.821772892547699, 53.971831627111101 ], [ 38.8215668064257, 53.971977374047199 ], [ 38.821377637723998, 53.972130887473099 ], [ 38.821206226214301, 53.972291486055497 ], [ 38.8210533328837, 53.9724584570071 ], [ 38.820919636554599, 53.9726310592497 ], [ 38.820805730868997, 53.972808526701797 ], [ 38.820712121649898, 53.972990071678097 ], [ 38.820639224651799, 53.973174888385202 ], [ 38.820587363711503, 53.973362156497302 ], [ 38.820556769305803, 53.973551044796601 ], [ 38.820547577523598, 53.9737407148627 ], [ 38.820959048601203, 53.973739560427703 ], [ 38.820971200643001, 53.973920628689299 ], [ 38.821004672482402, 53.974100761047801 ], [ 38.821059302478503, 53.974279086138402 ], [ 38.821134826631699, 53.9744547413272 ], [ 38.821230879855797, 53.974626876885701 ], [ 38.821346997739603, 53.974794660100699 ], [ 38.8214826187886, 53.974957279304199 ], [ 38.821637087137702, 53.975113947800303 ], [ 38.821809655720102, 53.975263907672002 ], [ 38.821999489878998, 53.975406433448804 ], [ 38.822205671402301, 53.975540835617402 ], [ 38.822427202963802, 53.975666463958703 ], [ 38.822663012946201, 53.975782710694702 ], [ 38.822911960625703, 53.9758890134298 ], [ 38.8231728416905, 53.975984857872902 ], [ 38.823444394068197, 53.976069780326903 ], [ 38.823725304033204, 53.9761433699327 ], [ 38.8240142125644, 53.976205270658198 ], [ 38.824309721923001, 53.976255183021699 ], [ 38.824610402417498, 53.976292865541403 ], [ 38.824914799324297, 53.976318135904499 ], [ 38.825221439929599, 53.976330871849797 ], [ 38.825528840657903, 53.976331011759001 ], [ 38.825835514254599, 53.976318554955697 ], [ 38.826139976984798, 53.976293561708303 ], [ 38.8264407558163, 53.976256152938198 ], [ 38.8267363955501, 53.976206509634601 ], [ 38.827025465864402, 53.9761448719782 ], [ 38.8273065682381, 53.976071538178701 ], [ 38.827578342719903, 53.975986863030997 ], [ 38.8278394745101, 53.975891256198402 ] ] ] } },
{ "type": "Feature", "properties": { "dataset_code": "SP", "source_file": "СП(2).kml", "placemark_index": 66, "organization_code": "SP", "organization_name_raw": "СП / Спасское", "farm_name_raw": "", "region_name_raw": "", "district_name_raw": "", "field_external_key": "SP:6.13", "field_code_raw": "6.13", "field_name_raw": "6.13", "field_code_unique_status": "unique", "source_fid": "133", "declared_area_ha": 85.05, "geometry_area_ha": 85.051118, "area_diff_ha": 0.001118, "area_diff_pct": 0.001314, "area_quality_status": "ok", "geometry_type": "Polygon", "polygon_count": 1, "inner_ring_count": 0, "geometry_valid": true, "geometry_validity_reason": "Valid Geometry", "centroid_lon": 38.802844023, "centroid_lat": 53.966209976999998, "representative_lon": 38.802712889, "representative_lat": 53.966247330999998, "centroid_within_geometry": true, "weather_point_lon_candidate": 38.802844023, "weather_point_lat_candidate": 53.966209976999998, "active_2026_candidate": false, "active_reason": "sp_no_irrigation_2026_flag_not_active", "season_year_candidate": null, "crop_raw": "", "crop_code_candidate": "", "crop_parameter_set_candidate_key": "", "regional_crop_parameter_set_candidate_key": "", "crop_parameter_candidate_status": "no_crop_in_kml", "crop_parameter_candidate_comment_ru": "В СП(2).kml культура не задана для этого поля.", "sowing_date_raw": "", "calculation_ready": false, "calculation_blockers_json": [ ], "geometry_hash_sha256": "0d6190123790f7c9883e838f758c1e01be5414169be5004053928fdb4bccd2af", "source_attributes_json": { "area_": "85.05", "fid": "133", "kml_name": "6.13" } }, "geometry": { "type": "Polygon", "coordinates": [ [ [ 38.798400809297199, 53.970147404564599 ], [ 38.798632283723599, 53.969946858885301 ], [ 38.799052420934999, 53.970103842977899 ], [ 38.7994890390286, 53.970244328807603 ], [ 38.7999402768463, 53.970367717481402 ], [ 38.800404210851603, 53.970473482987202 ], [ 38.800878863335399, 53.970561174437798 ], [ 38.801362210852901, 53.970630417994698 ], [ 38.801852192856799, 53.9706809184636 ], [ 38.802346720489503, 53.9707124605535 ], [ 38.8028436854962, 53.970724909796097 ], [ 38.803340969221203, 53.9707182131189 ], [ 38.803363788112499, 53.970960416170001 ], [ 38.803894797948502, 53.9709325776276 ], [ 38.804421503966303, 53.970884027595503 ], [ 38.804941584435099, 53.970814980085699 ], [ 38.805452746859103, 53.970725739462701 ], [ 38.805952738092302, 53.970616699100397 ], [ 38.806439354279199, 53.970488339646799 ], [ 38.806910450576702, 53.970341226902796 ], [ 38.807363950614899, 53.970176009326202 ], [ 38.807797855654698, 53.969993415170698 ], [ 38.808210253401498, 53.969794249273299 ], [ 38.8085993264365, 53.9695793895036 ], [ 38.808963360228098, 53.969349782891101 ], [ 38.809300750688102, 53.969106441448801 ], [ 38.809610011238597, 53.968850437708497 ], [ 38.809889779360901, 53.968582899991603 ], [ 38.810138822594197, 53.968305007432299 ], [ 38.810356043960198, 53.968017984778797 ], [ 38.810540486789698, 53.967723096992103 ], [ 38.810597529257699, 53.967609107487597 ], [ 38.810602311013199, 53.9670919730357 ], [ 38.810403722861899, 53.967069778854999 ], [ 38.810474452228398, 53.966807653931802 ], [ 38.810518801749403, 53.966543523519299 ], [ 38.810536617093099, 53.966278309749697 ], [ 38.8105278365692, 53.966012938520002 ], [ 38.810492491337001, 53.965748336259502 ], [ 38.810430705289697, 53.965485426695402 ], [ 38.810617337077304, 53.965466848722002 ], [ 38.810622517820498, 53.964906498989897 ], [ 38.810577646115902, 53.964811122031897 ], [ 38.810393410043801, 53.964503538969502 ], [ 38.810173697191203, 53.964204165684897 ], [ 38.809919551075303, 53.963914423019297 ], [ 38.8095597038619, 53.964031986065002 ], [ 38.809296509593899, 53.963779063952302 ], [ 38.809006278648397, 53.963536645740803 ], [ 38.808690212896003, 53.963305734922997 ], [ 38.808349621085497, 53.9630872873405 ], [ 38.8079859134236, 53.962882207229796 ], [ 38.807600595734698, 53.962691343481502 ], [ 38.807195263227001, 53.962515486129497 ], [ 38.807422508368802, 53.962313266014 ], [ 38.806948149837702, 53.962137659057802 ], [ 38.806454188696797, 53.961981978084502 ], [ 38.805943028024998, 53.961846980406897 ], [ 38.805417154491501, 53.961733322717102 ], [ 38.804879126268098, 53.961641557894801 ], [ 38.804331560595003, 53.961572132320399 ], [ 38.8037771210603, 53.961525383705897 ], [ 38.803218504655703, 53.961501539453501 ], [ 38.802658428670497, 53.961500715550599 ], [ 38.802099617486498, 53.961522916006402 ], [ 38.801544789340198, 53.961568032831799 ], [ 38.800996643112903, 53.961635846564803 ], [ 38.800457845215803, 53.961726027336503 ], [ 38.799931016631497, 53.961838136474398 ], [ 38.799418720176099, 53.961971628633798 ], [ 38.798923448042103, 53.962125854448402 ], [ 38.7984476096834, 53.962300063686001 ], [ 38.797993520101599, 53.9624934088949 ], [ 38.797563388588898, 53.962704949522703 ], [ 38.7971593079833, 53.962933656487898 ], [ 38.796783244488502, 53.963178417182398 ], [ 38.796437028106801, 53.963438040880099 ], [ 38.796122343732797, 53.963711264525699 ], [ 38.795840722950103, 53.963996758875297 ], [ 38.795593536572802, 53.964293134960002 ], [ 38.795381987965499, 53.9645989508398 ], [ 38.795207107176999, 53.9649127186157 ], [ 38.795069745915498, 53.965232911666298 ], [ 38.794970573389698, 53.965557972073299 ], [ 38.7949100730361, 53.965886318199303 ], [ 38.794888540150502, 53.966216352382702 ], [ 38.794906080433101, 53.966546468710497 ], [ 38.794962609456299, 53.966875060832201 ], [ 38.795057853057699, 53.967200529776598 ], [ 38.795191348656502, 53.967521291733398 ], [ 38.795362447487399, 53.967835785761999 ], [ 38.795570317741699, 53.968142481388902 ], [ 38.795813948599999, 53.968439886058597 ], [ 38.796092155138098, 53.968726552399403 ], [ 38.796403584081197, 53.969001085270897 ], [ 38.796746720380497, 53.969262148556801 ], [ 38.797119894577797, 53.969508471671503 ], [ 38.797521290924898, 53.969738855747899 ], [ 38.797948956216899, 53.969952179476003 ], [ 38.798400809297199, 53.970147404564599 ] ] ] } },
{ "type": "Feature", "properties": { "dataset_code": "SP", "source_file": "СП(2).kml", "placemark_index": 67, "organization_code": "SP", "organization_name_raw": "СП / Спасское", "farm_name_raw": "", "region_name_raw": "", "district_name_raw": "", "field_external_key": "SP:6.14", "field_code_raw": "6.14", "field_name_raw": "6.14", "field_code_unique_status": "unique", "source_fid": "135", "declared_area_ha": 67.18, "geometry_area_ha": 67.184614, "area_diff_ha": 0.004614, "area_diff_pct": 0.006868, "area_quality_status": "ok", "geometry_type": "Polygon", "polygon_count": 1, "inner_ring_count": 0, "geometry_valid": true, "geometry_validity_reason": "Valid Geometry", "centroid_lon": 38.813664099, "centroid_lat": 53.963733804, "representative_lon": 38.815178688000003, "representative_lat": 53.964140194000002, "centroid_within_geometry": true, "weather_point_lon_candidate": 38.813664099, "weather_point_lat_candidate": 53.963733804, "active_2026_candidate": false, "active_reason": "sp_no_irrigation_2026_flag_not_active", "season_year_candidate": null, "crop_raw": "", "crop_code_candidate": "", "crop_parameter_set_candidate_key": "", "regional_crop_parameter_set_candidate_key": "", "crop_parameter_candidate_status": "no_crop_in_kml", "crop_parameter_candidate_comment_ru": "В СП(2).kml культура не задана для этого поля.", "sowing_date_raw": "", "calculation_ready": false, "calculation_blockers_json": [ ], "geometry_hash_sha256": "f565b207e3456e44e048b61c021ad7d839593df2cb23798a68a1cb6c0b4508f7", "source_attributes_json": { "area_": "67.18", "fid": "135", "kml_name": "6.14" } }, "geometry": { "type": "Polygon", "coordinates": [ [ [ 38.810602311013199, 53.9670919730357 ], [ 38.810807936303803, 53.967114953315303 ], [ 38.810691338928102, 53.967421643669702 ], [ 38.810597529257699, 53.967609107487597 ], [ 38.810580206246698, 53.9694824246723 ], [ 38.811088366427498, 53.969475439287798 ], [ 38.811595004616301, 53.969451239692397 ], [ 38.812098444447599, 53.969409905958599 ], [ 38.812597020150697, 53.969351574852297 ], [ 38.812688675113598, 53.969588055558603 ], [ 38.8133118023053, 53.969490512159297 ], [ 38.813921887702897, 53.969367610623699 ], [ 38.814515966352701, 53.969219948266897 ], [ 38.815091151180503, 53.969048242737202 ], [ 38.815644647034702, 53.968853328523998 ], [ 38.816173764280201, 53.968636152898704 ], [ 38.816675931876198, 53.968397771305597 ], [ 38.817148709875802, 53.968139342228298 ], [ 38.817589801285003, 53.967862121554298 ], [ 38.817997063223501, 53.967567456466703 ], [ 38.818368517334498, 53.9672567788921 ], [ 38.818702359390997, 53.966931598537101 ], [ 38.818996968053199, 53.966593495547301 ], [ 38.819250912734503, 53.966244112823802 ], [ 38.819462960537798, 53.965885148036598 ], [ 38.819632082228999, 53.965518345371102 ], [ 38.8197574572186, 53.965145487050201 ], [ 38.819838477527597, 53.964768384672396 ], [ 38.819874750719599, 53.964388870407703 ], [ 38.819866101784498, 53.964008788094702 ], [ 38.819812573964597, 53.963629984281802 ], [ 38.819714428521202, 53.963254299256398 ], [ 38.819310281302997, 53.963299564431402 ], [ 38.819185537007797, 53.962970679626103 ], [ 38.819025003628298, 53.962647237318599 ], [ 38.818829353388097, 53.962330590249799 ], [ 38.818599405328101, 53.962022062710801 ], [ 38.818336121868803, 53.961722945005903 ], [ 38.818040604774701, 53.961434488059801 ], [ 38.818385631707002, 53.9613024044911 ], [ 38.818027388627897, 53.960999902918097 ], [ 38.817635284570301, 53.9607123774054 ], [ 38.817211114627597, 53.960441143780301 ], [ 38.816756820524503, 53.960187443287801 ], [ 38.816274481728101, 53.959952436914399 ], [ 38.8157663059296, 53.959737200080298 ], [ 38.815234618943002, 53.959542717721803 ], [ 38.814681854065299, 53.959369879789001 ], [ 38.814110540946601, 53.959219477177001 ], [ 38.813523294023, 53.959092198110802 ], [ 38.812922800562198, 53.9589886249994 ], [ 38.812311808378197, 53.958909231773397 ], [ 38.811693113270699, 53.958854381718901 ], [ 38.811069546245598, 53.958824325817297 ], [ 38.810443960575697, 53.958819201597898 ], [ 38.809819218760303, 53.958839032509204 ], [ 38.809198179442099, 53.958883727812101 ], [ 38.8085836843427, 53.958953082994299 ], [ 38.807978545273699, 53.959046780704803 ], [ 38.807385531285497, 53.959164392204798 ], [ 38.806807356008797, 53.959305379327198 ], [ 38.806246665250001, 53.959469096935898 ], [ 38.805706024894398, 53.959654795875302 ], [ 38.810628387627098, 53.964271599492399 ], [ 38.810622517820498, 53.964906498989897 ], [ 38.810725530204202, 53.9651254550351 ], [ 38.810836359586403, 53.965445046073299 ], [ 38.810617337077304, 53.965466848722002 ], [ 38.810602311013199, 53.9670919730357 ] ] ] } },
{ "type": "Feature", "properties": { "dataset_code": "SP", "source_file": "СП(2).kml", "placemark_index": 68, "organization_code": "SP", "organization_name_raw": "СП / Спасское", "farm_name_raw": "", "region_name_raw": "", "district_name_raw": "", "field_external_key": "SP:6.15", "field_code_raw": "6.15", "field_name_raw": "6.15", "field_code_unique_status": "unique", "source_fid": "138", "declared_area_ha": 108.33, "geometry_area_ha": 108.327888, "area_diff_ha": -0.002112, "area_diff_pct": -0.001949, "area_quality_status": "ok", "geometry_type": "Polygon", "polygon_count": 1, "inner_ring_count": 0, "geometry_valid": true, "geometry_validity_reason": "Valid Geometry", "centroid_lon": 38.830642101000002, "centroid_lat": 53.965728157000001, "representative_lon": 38.830494783, "representative_lat": 53.965700345999998, "centroid_within_geometry": true, "weather_point_lon_candidate": 38.830642101000002, "weather_point_lat_candidate": 53.965728157000001, "active_2026_candidate": false, "active_reason": "sp_no_irrigation_2026_flag_not_active", "season_year_candidate": null, "crop_raw": "", "crop_code_candidate": "", "crop_parameter_set_candidate_key": "", "regional_crop_parameter_set_candidate_key": "", "crop_parameter_candidate_status": "no_crop_in_kml", "crop_parameter_candidate_comment_ru": "В СП(2).kml культура не задана для этого поля.", "sowing_date_raw": "", "calculation_ready": false, "calculation_blockers_json": [ ], "geometry_hash_sha256": "299e1dc5b44e19e4120a401cade9343b28461c12ceaa3aa82dbad98867b30e53", "source_attributes_json": { "area_": "108.33", "fid": "138", "kml_name": "6.15" } }, "geometry": { "type": "Polygon", "coordinates": [ [ [ 38.823149145052597, 53.968970321824699 ], [ 38.830494367475701, 53.965806130783797 ], [ 38.824357705051398, 53.969765527700503 ], [ 38.824836254589897, 53.97000602512 ], [ 38.825341844425701, 53.970226455759502 ], [ 38.825872058715397, 53.970425766168198 ], [ 38.826424363820898, 53.9706030038164 ], [ 38.826996120423999, 53.970757321651803 ], [ 38.827584596147297, 53.970887982151702 ], [ 38.828186978623499, 53.970994360851897 ], [ 38.828800388947897, 53.971075949333702 ], [ 38.829421895451397, 53.971132357656998 ], [ 38.830048527726497, 53.971163316225898 ], [ 38.830677290840001, 53.971168677078303 ], [ 38.831305179663097, 53.971148414594197 ], [ 38.831929193250801, 53.9711026256183 ], [ 38.832546349201301, 53.9710315289961 ], [ 38.833153697925802, 53.9709354645274 ], [ 38.833748336761097, 53.970814891339899 ], [ 38.834327423856102, 53.9706703856925 ], [ 38.834888191766602, 53.970502638218399 ], [ 38.8354279606923, 53.970312450620497 ], [ 38.835944151292701, 53.970100731836503 ], [ 38.836434297020602, 53.9698684936902 ], [ 38.836896055913698, 53.969616846051302 ], [ 38.837327221788598, 53.969346991527097 ], [ 38.837725734782197, 53.969060219710002 ], [ 38.838089691191797, 53.9687579010101 ], [ 38.838417352565898, 53.968441480101603 ], [ 38.8387071540023, 53.968112469014599 ], [ 38.838957711614299, 53.967772439905801 ], [ 38.839167829129998, 53.967423017541599 ], [ 38.8393365035922, 53.967065871531403 ], [ 38.839462930133102, 53.966702708346503 ], [ 38.839546505800598, 53.966335263164403 ], [ 38.839586832418703, 53.965965291575799 ], [ 38.839583718468603, 53.9655945611958 ], [ 38.839537179982003, 53.965224843218202 ], [ 38.839447440442001, 53.964857903953103 ], [ 38.839314929694098, 53.964495496390001 ], [ 38.839140281871302, 53.964139351823498 ], [ 38.838924332344099, 53.963791171585697 ], [ 38.838668113711499, 53.963452618920499 ], [ 38.838372850850099, 53.963125311041999 ], [ 38.838039955048302, 53.962810811412801 ], [ 38.837671017250798, 53.962510622279801 ], [ 38.837267800448501, 53.962226177502799 ], [ 38.8368322312486, 53.961958835710099 ], [ 38.836366390666598, 53.961709873814598 ], [ 38.835872504182802, 53.961480480918503 ], [ 38.835352931112297, 53.961271752639803 ], [ 38.834810153338502, 53.961084685883399 ], [ 38.834246763463497, 53.960920174084798 ], [ 38.833665452432697, 53.960779002946502 ], [ 38.833068996692298, 53.960661846690201 ], [ 38.832460244939398, 53.960569264839698 ], [ 38.831842104530701, 53.9605016995515 ], [ 38.831217527611003, 53.960459473505701 ], [ 38.830589497029997, 53.960442788366301 ], [ 38.8299610121123, 53.960451723819602 ], [ 38.829335074350901, 53.9604862371935 ], [ 38.828714673087902, 53.960546163661803 ], [ 38.828102771255402, 53.960631217029402 ], [ 38.827502291240002, 53.960740991098596 ], [ 38.826916100940899, 53.960874961606002 ], [ 38.826347000086102, 53.9610324887242 ], [ 38.825797706872699, 53.961212820113502 ], [ 38.825270844994499, 53.961415094512297 ], [ 38.824768931118903, 53.961638345845401 ], [ 38.824294362871697, 53.9618815078342 ], [ 38.8238494073886, 53.962143419084498 ], [ 38.823436190486497, 53.962422828628803 ], [ 38.823056686507201, 53.962718401896701 ], [ 38.8227127088822, 53.963028727084101 ], [ 38.822405901462297, 53.963352321892401 ], [ 38.822137730655299, 53.963687640604299 ], [ 38.821909478408699, 53.964033081463199 ], [ 38.821722236070599, 53.964386994320499 ], [ 38.821576899159901, 53.964747688515502 ], [ 38.821474163069396, 53.965113440948599 ], [ 38.821414519723902, 53.965482504310998 ], [ 38.821398255209402, 53.9658531154301 ], [ 38.821425448383899, 53.966223503692703 ], [ 38.821495970479603, 53.966591899503598 ], [ 38.821609485695397, 53.966956542740498 ], [ 38.821765452780198, 53.967315691164899 ], [ 38.821963127597797, 53.967667628747698 ], [ 38.822201566663097, 53.968010673871298 ], [ 38.8224796316319, 53.968343187367303 ], [ 38.822795994723897, 53.968663580352498 ], [ 38.823149145052597, 53.968970321824699 ] ] ] } },
{ "type": "Feature", "properties": { "dataset_code": "SP", "source_file": "СП(2).kml", "placemark_index": 69, "organization_code": "SP", "organization_name_raw": "СП / Спасское", "farm_name_raw": "", "region_name_raw": "", "district_name_raw": "", "field_external_key": "SP:4.8", "field_code_raw": "4.8", "field_name_raw": "4.8", "field_code_unique_status": "unique", "source_fid": "140", "declared_area_ha": 76.64, "geometry_area_ha": 76.636992, "area_diff_ha": -0.003008, "area_diff_pct": -0.003924, "area_quality_status": "ok", "geometry_type": "Polygon", "polygon_count": 1, "inner_ring_count": 0, "geometry_valid": true, "geometry_validity_reason": "Valid Geometry", "centroid_lon": 38.45206309, "centroid_lat": 54.096770132000003, "representative_lon": 38.452101460999998, "representative_lat": 54.096810849000001, "centroid_within_geometry": true, "weather_point_lon_candidate": 38.45206309, "weather_point_lat_candidate": 54.096770132000003, "active_2026_candidate": true, "active_reason": "sp_irrigation_2026_flag_1", "season_year_candidate": null, "crop_raw": "картофель среднеспелый", "crop_code_candidate": "potato", "crop_parameter_set_candidate_key": "aquacrop_v7_3_reference_potato", "regional_crop_parameter_set_candidate_key": "aquacrop_v7_3_regional_potato_tula_oblast", "crop_parameter_candidate_status": "reference_selected_region_needs_confirmation", "crop_parameter_candidate_comment_ru": "В СП(2).kml регион не указан. Для безопасной первичной загрузки выбран reference potato; региональный набор potato_tula_oblast указан как кандидат и требует подтверждения, что СП относится к Тульской области/соответствующему региональному сценарию.", "sowing_date_raw": "", "calculation_ready": false, "calculation_blockers_json": [ "missing_sowing_date", "missing_soil_profile" ], "geometry_hash_sha256": "01057efc97cef3cd641b9de8a559db8b7f349f4a6c38c64177754368fa90837c", "source_attributes_json": { "area_": "76.64", "crop": "картофель среднеспелый", "fid": "140", "kml_name": "4.8", "полив в 2026 году": "1" } }, "geometry": { "type": "Polygon", "coordinates": [ [ [ 38.445501978966298, 54.094981786488702 ], [ 38.445154659551299, 54.094888180437202 ], [ 38.444951540729399, 54.095174237590598 ], [ 38.4447824662819, 54.0954678475848 ], [ 38.4446482420107, 54.095767612354301 ], [ 38.444549507818202, 54.096072104496201 ], [ 38.444486734646297, 54.096379874065498 ], [ 38.444460222219, 54.096689455478803 ], [ 38.4444700976006, 54.096999374491503 ], [ 38.444516314574798, 54.097308155219203 ], [ 38.444598653849603, 54.097614327165203 ], [ 38.444716724086, 54.097916432224999 ], [ 38.4448699637475, 54.098213031630699 ], [ 38.445057643760002, 54.098502712804702 ], [ 38.445278870970803, 54.098784096089503 ], [ 38.445532592390997, 54.099055841320798 ], [ 38.445817600199398, 54.0993166542126 ], [ 38.446132537486299, 54.0995652925249 ], [ 38.446475904709303, 54.099800571983501 ], [ 38.446846066829302, 54.100021371924001 ], [ 38.447241261095002, 54.100226640632997 ], [ 38.447659605437302, 54.100415400360802 ], [ 38.448099107433499, 54.100586751982597 ], [ 38.448557673799797, 54.1007398792838 ], [ 38.449033120366003, 54.100874052851701 ], [ 38.449523182484697, 54.100988633552497 ], [ 38.450025525825602, 54.1010830755787 ], [ 38.450537757503, 54.1011569290512 ], [ 38.451057437484103, 54.101209842164103 ], [ 38.451582090221898, 54.101241562862398 ], [ 38.452109216459398, 54.101251940043603 ], [ 38.452636305145901, 54.101240924277903 ], [ 38.453160845410601, 54.101208568044299 ], [ 38.4536803385352, 54.101155025479798 ], [ 38.454192309867899, 54.101080551644898 ], [ 38.454694320623098, 54.100985501306901 ], [ 38.455183979508099, 54.100870327248501 ], [ 38.4556589541235, 54.100735578108797 ], [ 38.456116982081802, 54.100581895767696 ], [ 38.455916182526401, 54.1003908097668 ], [ 38.456306871702203, 54.100238542864098 ], [ 38.456680024739804, 54.100071774409997 ], [ 38.457034085907402, 54.099891199787599 ], [ 38.457367579137902, 54.099697571938499 ], [ 38.457679114184003, 54.099491698221001 ], [ 38.4579673924136, 54.0992744370417 ], [ 38.458231212222401, 54.0990466942743 ], [ 38.458469474040001, 54.098809419479899 ], [ 38.458681184910702, 54.098563601946204 ], [ 38.4588654626276, 54.098310266560802 ], [ 38.459221482778098, 54.098391843174198 ], [ 38.459390632390303, 54.0981093324353 ], [ 38.459527373773703, 54.097820824404899 ], [ 38.459631099663802, 54.097527601775901 ], [ 38.459701349613503, 54.097230968174998 ], [ 38.459737812027399, 54.096932242365803 ], [ 38.459740325535201, 54.096632752384501 ], [ 38.459708879695498, 54.0963338296365 ], [ 38.459643615029897, 54.096036802976897 ], [ 38.4595448223848, 54.0957429928038 ], [ 38.459412941626198, 54.095453705189101 ], [ 38.459248559672098, 54.095170226073897 ], [ 38.459052407872299, 54.094893815554002 ], [ 38.458825358746502, 54.094625702279899 ], [ 38.458568422096803, 54.094367077997802 ], [ 38.458245085891903, 54.094486737764498 ], [ 38.456897620640298, 54.093556801757103 ], [ 38.457150035848997, 54.093388201368597 ], [ 38.456738123626501, 54.093189652086799 ], [ 38.456303684268299, 54.093008452732803 ], [ 38.455848828695103, 54.092845483634399 ], [ 38.455375766935802, 54.092701536541497 ], [ 38.454886797394899, 54.092577310782801 ], [ 38.454384295692698, 54.092473409870898 ], [ 38.453870703131898, 54.092390338573097 ], [ 38.453348514846702, 54.092328500461299 ], [ 38.452820267691401, 54.092288195953103 ], [ 38.452288527927202, 54.092269620853699 ], [ 38.451755878767202, 54.092272865405597 ], [ 38.451224907838899, 54.092297913850302 ], [ 38.450698194625602, 54.092344644504998 ], [ 38.450178297947303, 54.092412830352799 ], [ 38.449667743541198, 54.092502140144603 ], [ 38.449169011802397, 54.092612140007098 ], [ 38.448684525743602, 54.0927422955479 ], [ 38.448216639232299, 54.092891974449699 ], [ 38.447767625562498, 54.0930604495395 ], [ 38.447984293066803, 54.0932454363735 ], [ 38.447591823960998, 54.093415984609699 ], [ 38.4472197340394, 54.093601648276497 ], [ 38.446869705132201, 54.093801588325199 ], [ 38.446543319439499, 54.094014901177196 ], [ 38.446242052379198, 54.094240622803603 ], [ 38.4459672659167, 54.094477733080197 ], [ 38.445720202405397, 54.094725160395001 ], [ 38.445501978966298, 54.094981786488702 ] ] ] } },
{ "type": "Feature", "properties": { "dataset_code": "SP", "source_file": "СП(2).kml", "placemark_index": 70, "organization_code": "SP", "organization_name_raw": "СП / Спасское", "farm_name_raw": "", "region_name_raw": "", "district_name_raw": "", "field_external_key": "SP:4.7:fid:141", "field_code_raw": "4.7", "field_name_raw": "4.7", "field_code_unique_status": "duplicate_code_disambiguated_by_fid", "source_fid": "141", "declared_area_ha": 75.58, "geometry_area_ha": 75.576569, "area_diff_ha": -0.003431, "area_diff_pct": -0.004539, "area_quality_status": "ok", "geometry_type": "Polygon", "polygon_count": 1, "inner_ring_count": 0, "geometry_valid": true, "geometry_validity_reason": "Valid Geometry", "centroid_lon": 38.46496523, "centroid_lat": 54.101373109000001, "representative_lon": 38.464979700999997, "representative_lat": 54.101283003, "centroid_within_geometry": true, "weather_point_lon_candidate": 38.46496523, "weather_point_lat_candidate": 54.101373109000001, "active_2026_candidate": false, "active_reason": "sp_no_irrigation_2026_flag_not_active", "season_year_candidate": null, "crop_raw": "", "crop_code_candidate": "", "crop_parameter_set_candidate_key": "", "regional_crop_parameter_set_candidate_key": "", "crop_parameter_candidate_status": "no_crop_in_kml", "crop_parameter_candidate_comment_ru": "В СП(2).kml культура не задана для этого поля.", "sowing_date_raw": "", "calculation_ready": false, "calculation_blockers_json": [ ], "geometry_hash_sha256": "785fcdfeb5652817d1e5eedcc082895fdc85ab785abef12c76b47fb747afe0bd", "source_attributes_json": { "area_": "75.58", "fid": "141", "kml_name": "4.7" } }, "geometry": { "type": "Polygon", "coordinates": [ [ [ 38.463887518852196, 54.105803404362497 ], [ 38.463942134099, 54.105581118277499 ], [ 38.464420601647802, 54.1056122400121 ], [ 38.464901527115799, 54.105624661824997 ], [ 38.465382796276003, 54.105618329110897 ], [ 38.465862293389797, 54.105593269712202 ], [ 38.466337910516799, 54.105549593796901 ], [ 38.466807556789703, 54.105487493373197 ], [ 38.467269167614297, 54.105407241445 ], [ 38.467720713753401, 54.105309190810402 ], [ 38.468160210254297, 54.105193772509502 ], [ 38.468585725181001, 54.1050614939277 ], [ 38.468995388112198, 54.1049129365637 ], [ 38.4693873983679, 54.104748753470403 ], [ 38.4697600329281, 54.104569666382702 ], [ 38.470111654008598, 54.104376462541801 ], [ 38.470385981189303, 54.104533442460202 ], [ 38.470739765113997, 54.104310735307898 ], [ 38.4710670467977, 54.1040744481502 ], [ 38.471366321265101, 54.103825667869302 ], [ 38.471636212444103, 54.103565538793397 ], [ 38.471875479489299, 54.103295257430503 ], [ 38.472083022481797, 54.103016066961302 ], [ 38.4722578874796, 54.102729251519399 ], [ 38.472399270894897, 54.102436130282399 ], [ 38.472506523178502, 54.102138051402598 ], [ 38.472579151795202, 54.101836385804397 ], [ 38.472616823475697, 54.101532520878898 ], [ 38.472619365735703, 54.101227854101303 ], [ 38.472586767654903, 54.100923786604298 ], [ 38.472519179913498, 54.100621716733798 ], [ 38.472416914084803, 54.100323033619397 ], [ 38.472280441188801, 54.100029110786203 ], [ 38.4721103895127, 54.099741299840296 ], [ 38.471907541710003, 54.099460924254899 ], [ 38.471672831189203, 54.099189273286498 ], [ 38.471407337812302, 54.098927596048398 ], [ 38.471112282919698, 54.09867709577 ], [ 38.470805673386899, 54.098811132192203 ], [ 38.470490059554997, 54.098579056476503 ], [ 38.470147739493797, 54.098360449901101 ], [ 38.469780372668197, 54.098156371949699 ], [ 38.469389739853398, 54.097967811678103 ], [ 38.468977734503397, 54.097795682923902 ], [ 38.468546353575398, 54.097640819880802 ], [ 38.468097687854602, 54.097503973058799 ], [ 38.467633911825402, 54.097385805649999 ], [ 38.4671572731393, 54.097286890317001 ], [ 38.467271869743101, 54.097072637277599 ], [ 38.466766220729397, 54.0969902988627 ], [ 38.466252152779802, 54.096928546068803 ], [ 38.465732088461301, 54.096887669909201 ], [ 38.465208478572002, 54.096867863015298 ], [ 38.465197041450601, 54.097092353793798 ], [ 38.464831940984602, 54.097091325560797 ], [ 38.464467214113597, 54.097101086101702 ], [ 38.4641037829726, 54.097121610740203 ], [ 38.464057686350102, 54.096898659608399 ], [ 38.4635906412203, 54.096940667764798 ], [ 38.463128904085501, 54.096999558133099 ], [ 38.462674239399803, 54.097075105678599 ], [ 38.462228384617603, 54.097167021713503 ], [ 38.461793043559503, 54.097274954998298 ], [ 38.4613698799064, 54.097398493083602 ], [ 38.460960510846199, 54.097537163883999 ], [ 38.461161453474801, 54.097728192859798 ], [ 38.460755515104402, 54.097887025695798 ], [ 38.460368630417001, 54.098061516229698 ], [ 38.460002544762403, 54.0982508773983 ], [ 38.459658909740398, 54.098454255050903 ], [ 38.459339275749997, 54.098670731799203 ], [ 38.459045084994301, 54.098899331153198 ], [ 38.458777664972203, 54.099139021922703 ], [ 38.4585382224856, 54.099388722867197 ], [ 38.458327838189298, 54.099647307569903 ], [ 38.458147461709402, 54.099913609517799 ], [ 38.457787882423403, 54.0998375951567 ], [ 38.457628371345201, 54.100129067932102 ], [ 38.4575030135221, 54.100426250014003 ], [ 38.457412392094199, 54.100727760721398 ], [ 38.457356928849698, 54.101032199232698 ], [ 38.457336882251496, 54.101338151093103 ], [ 38.4573523462225, 54.101644194785202 ], [ 38.4574032496947, 54.101948908334201 ], [ 38.457489356924199, 54.1022508759144 ], [ 38.457610268573099, 54.102548694428599 ], [ 38.457765423550903, 54.102840980028802 ], [ 38.457954101608301, 54.103126374547998 ], [ 38.458175426672099, 54.103403551812498 ], [ 38.458428370904997, 54.103671223807403 ], [ 38.458711759471797, 54.103928146663598 ], [ 38.459024275990501, 54.104173126441097 ], [ 38.459364468642498, 54.104405024680098 ], [ 38.459730756914603, 54.104622763695303 ], [ 38.46012143894, 54.104825331586099 ], [ 38.460534699405699, 54.105011786943699 ], [ 38.460968617988897, 54.105181263228303 ], [ 38.461421178283203, 54.105332972799999 ], [ 38.461890277172799, 54.105466210582101 ], [ 38.462373734611901, 54.105580357340401 ], [ 38.462869303762702, 54.105674882564202 ], [ 38.4633746814457, 54.105749346933301 ], [ 38.463887518852196, 54.105803404362497 ] ] ] } },
{ "type": "Feature", "properties": { "dataset_code": "SP", "source_file": "СП(2).kml", "placemark_index": 71, "organization_code": "SP", "organization_name_raw": "СП / Спасское", "farm_name_raw": "", "region_name_raw": "", "district_name_raw": "", "field_external_key": "SP:4.10", "field_code_raw": "4.10", "field_name_raw": "4.10", "field_code_unique_status": "unique", "source_fid": "143", "declared_area_ha": 97.88, "geometry_area_ha": 97.881432, "area_diff_ha": 0.001432, "area_diff_pct": 0.001463, "area_quality_status": "ok", "geometry_type": "Polygon", "polygon_count": 1, "inner_ring_count": 0, "geometry_valid": true, "geometry_validity_reason": "Valid Geometry", "centroid_lon": 38.481144496, "centroid_lat": 54.105680751000001, "representative_lon": 38.480997592000001, "representative_lat": 54.10576387, "centroid_within_geometry": true, "weather_point_lon_candidate": 38.481144496, "weather_point_lat_candidate": 54.105680751000001, "active_2026_candidate": false, "active_reason": "sp_irrigation_2026_flag_0_not_active", "season_year_candidate": null, "crop_raw": "", "crop_code_candidate": "", "crop_parameter_set_candidate_key": "", "regional_crop_parameter_set_candidate_key": "", "crop_parameter_candidate_status": "no_crop_in_kml", "crop_parameter_candidate_comment_ru": "В СП(2).kml культура не задана для этого поля.", "sowing_date_raw": "", "calculation_ready": false, "calculation_blockers_json": [ ], "geometry_hash_sha256": "3dcd602778e1c9b9cadc349043bb9f99b508c67268dac3c414627b3959f0e61f", "source_attributes_json": { "area_": "97.88", "fid": "143", "kml_name": "4.10", "полив в 2026 году": "0" } }, "geometry": { "type": "Polygon", "coordinates": [ [ [ 38.489453855689803, 54.106481315555001 ], [ 38.489257405823999, 54.106462332059998 ], [ 38.489321334448903, 54.106180581896503 ], [ 38.489357010340797, 54.1058971124518 ], [ 38.489364311061898, 54.1056129011778 ], [ 38.489343212020401, 54.105328928064502 ], [ 38.4895384824788, 54.105320463802201 ], [ 38.489340070217899, 54.105301410497503 ], [ 38.4894566507894, 54.104960016447102 ], [ 38.489578620415003, 54.104698251736998 ], [ 38.489554974900599, 54.104620932952898 ], [ 38.489409376967998, 54.104282053810898 ], [ 38.489224088112302, 54.103949934401399 ], [ 38.489000003811199, 54.103626178138299 ], [ 38.488738206767401, 54.103312348023401 ], [ 38.488439961666202, 54.103009959104 ], [ 38.488106709057099, 54.102720471161803 ], [ 38.487740058388603, 54.1024452816701 ], [ 38.487341780229599, 54.102185719051697 ], [ 38.486913797716198, 54.1019430362701 ], [ 38.4864581772637, 54.101718404786197 ], [ 38.485977118590299, 54.101512908907203 ], [ 38.485472944099698, 54.101327540557598 ], [ 38.4849480876738, 54.101163194494603 ], [ 38.484405082930401, 54.101020663993701 ], [ 38.483846551000497, 54.100900637023202 ], [ 38.483275187886797, 54.1008036929261 ], [ 38.482693751461298, 54.100730299627699 ], [ 38.482105048166403, 54.100680811377899 ], [ 38.481511919482799, 54.100655467044398 ], [ 38.480917228228897, 54.100654388959803 ], [ 38.480323844758303, 54.100677582332501 ], [ 38.479734633119897, 54.100724935221102 ], [ 38.479152437250001, 54.100796219074098 ], [ 38.478580067259301, 54.100891089831798 ], [ 38.478020285883098, 54.101009089585098 ], [ 38.477475795159002, 54.101149648783199 ], [ 38.4769492233957, 54.101312088980102 ], [ 38.476443112496, 54.101495626106001 ], [ 38.475959905694502, 54.101699374247801 ], [ 38.475501935770303, 54.1019223499218 ], [ 38.475071413789102, 54.1021634768165 ], [ 38.474670418431103, 54.102421590983901 ], [ 38.474300885955401, 54.102695446453502 ], [ 38.473964600848802, 54.102983721242197 ], [ 38.473663187204998, 54.103285023732198 ], [ 38.473398100875499, 54.103597899384503 ], [ 38.473170622430203, 54.103920837757101 ], [ 38.472981850962299, 54.104252279792902 ], [ 38.4728326987671, 54.104590625343903 ], [ 38.472723886920903, 54.104934240893698 ], [ 38.472655941782001, 54.1052814674415 ], [ 38.472629192429999, 54.1056306285112 ], [ 38.472643769057797, 54.105980038244098 ], [ 38.472699602322898, 54.1063280095388 ], [ 38.472796423661897, 54.1066728621973 ], [ 38.4729337665676, 54.107012931039002 ], [ 38.473110968822702, 54.107346573942799 ], [ 38.473327175679401, 54.107672179778397 ], [ 38.473581343969599, 54.107988176189103 ], [ 38.473872247127602, 54.108293037187401 ], [ 38.474198481099201, 54.108585290528097 ], [ 38.474558471111202, 54.108863524821302 ], [ 38.474950479266802, 54.109126396353403 ], [ 38.475372612931601, 54.109372635579703 ], [ 38.4758228338696, 54.109601053260903 ], [ 38.476298968084897, 54.109810546210603 ], [ 38.476798716321298, 54.110000102627801 ], [ 38.477319665170398, 54.1101688069879 ], [ 38.477859298732, 54.110315844468403 ], [ 38.478415010773602, 54.110440504888302 ], [ 38.478984117326597, 54.110542186141103 ], [ 38.4795638696609, 54.110620397106501 ], [ 38.480151467573698, 54.110674760024203 ], [ 38.480744072927997, 54.1107050123207 ], [ 38.481338823375197, 54.110711007878997 ], [ 38.481932846195399, 54.110692717744499 ], [ 38.482523272188402, 54.110650230265399 ], [ 38.483107249546997, 54.110583750665199 ], [ 38.4836819576458, 54.110493600050397 ], [ 38.484244620679497, 54.110380213857603 ], [ 38.484792521082198, 54.110244139748303 ], [ 38.4853230126649, 54.110086034960602 ], [ 38.485833533406101, 54.109906663132101 ], [ 38.486321617834101, 54.1097068906072 ], [ 38.486784908940201, 54.109487682249501 ], [ 38.487221169566702, 54.109250096777302 ], [ 38.487628293211998, 54.108995281646102 ], [ 38.488004314203799, 54.108724467501901 ], [ 38.488347417188002, 54.108438962234203 ], [ 38.488655945890002, 54.108140144654399 ], [ 38.4889284111051, 54.107829457833603 ], [ 38.489163497879197, 54.107508402129199 ], [ 38.489360071846399, 54.107178527936398 ], [ 38.489394908324897, 54.107103783633598 ], [ 38.489313332301002, 54.106836742878698 ], [ 38.489249205334602, 54.106490190013297 ], [ 38.489453855689803, 54.106481315555001 ] ] ] } },
{ "type": "Feature", "properties": { "dataset_code": "SP", "source_file": "СП(2).kml", "placemark_index": 72, "organization_code": "SP", "organization_name_raw": "СП / Спасское", "farm_name_raw": "", "region_name_raw": "", "district_name_raw": "", "field_external_key": "SP:4.11", "field_code_raw": "4.11", "field_name_raw": "4.11", "field_code_unique_status": "unique", "source_fid": "144", "declared_area_ha": 96.77, "geometry_area_ha": 96.774246, "area_diff_ha": 0.004246, "area_diff_pct": 0.004388, "area_quality_status": "ok", "geometry_type": "Polygon", "polygon_count": 1, "inner_ring_count": 0, "geometry_valid": true, "geometry_validity_reason": "Valid Geometry", "centroid_lon": 38.497743024000002, "centroid_lat": 54.106116467, "representative_lon": 38.497786455000004, "representative_lat": 54.106046693000003, "centroid_within_geometry": true, "weather_point_lon_candidate": 38.497743024000002, "weather_point_lat_candidate": 54.106116467, "active_2026_candidate": true, "active_reason": "sp_irrigation_2026_flag_1", "season_year_candidate": null, "crop_raw": "картофель среднеспелый", "crop_code_candidate": "potato", "crop_parameter_set_candidate_key": "aquacrop_v7_3_reference_potato", "regional_crop_parameter_set_candidate_key": "aquacrop_v7_3_regional_potato_tula_oblast", "crop_parameter_candidate_status": "reference_selected_region_needs_confirmation", "crop_parameter_candidate_comment_ru": "В СП(2).kml регион не указан. Для безопасной первичной загрузки выбран reference potato; региональный набор potato_tula_oblast указан как кандидат и требует подтверждения, что СП относится к Тульской области/соответствующему региональному сценарию.", "sowing_date_raw": "", "calculation_ready": false, "calculation_blockers_json": [ "missing_sowing_date", "missing_soil_profile" ], "geometry_hash_sha256": "22e6ad813dfdcdddf90ad616bb73b30735292420083b9bde0fe773371228bf63", "source_attributes_json": { "area_": "96.77", "crop": "картофель среднеспелый", "fid": "144", "kml_name": "4.11", "полив в 2026 году": "1" } }, "geometry": { "type": "Polygon", "coordinates": [ [ [ 38.489453855689803, 54.106481315555001 ], [ 38.489634078715099, 54.106498730708203 ], [ 38.489517184691799, 54.106841428197697 ], [ 38.489394908324897, 54.107103783633598 ], [ 38.489418146641299, 54.107179854096202 ], [ 38.489563146067901, 54.1075178761524 ], [ 38.489747635289802, 54.107849185931002 ], [ 38.4899707293335, 54.108172192508803 ], [ 38.490231357776601, 54.108485344797899 ], [ 38.490528269872399, 54.108787138997201 ], [ 38.490860040544199, 54.109076125817502 ], [ 38.491225077216697, 54.109350917444502 ], [ 38.491621627456503, 54.109610194208202 ], [ 38.492047787380201, 54.109852710924599 ], [ 38.492501510794902, 54.110077302880001 ], [ 38.492980619022802, 54.110282891429001 ], [ 38.493482811365297, 54.110468489178999 ], [ 38.494005676156398, 54.110633204736999 ], [ 38.494546702349801, 54.110776246994 ], [ 38.495103291587, 54.110896928928902 ], [ 38.495672770686298, 54.110994670910799 ], [ 38.496252404492502, 54.111069003486101 ], [ 38.496839409026599, 54.1111195696352 ], [ 38.497430964870397, 54.111146126489501 ], [ 38.498024230723097, 54.111148546498598 ], [ 38.498616357062403, 54.1111268180439 ], [ 38.499204499846499, 54.111081045493897 ], [ 38.499785834188899, 54.111011448702698 ], [ 38.500357567940597, 54.110918361952798 ], [ 38.500916955114597, 54.110802232347297 ], [ 38.501461309087198, 54.110663617660698 ], [ 38.501988015513199, 54.110503183656597 ], [ 38.502494544891, 54.110321700887198 ], [ 38.502978464719597, 54.110120040988797 ], [ 38.503437451186898, 54.109899172491303 ], [ 38.503193002670599, 54.109726404830496 ], [ 38.503595328608, 54.109503538891801 ], [ 38.503971106477202, 54.109265209469399 ], [ 38.504318619207197, 54.109012505881203 ], [ 38.5046362790034, 54.108746583123903 ], [ 38.5049563599568, 54.108869326950803 ], [ 38.505235481637897, 54.1086002405793 ], [ 38.505485230072097, 54.108321366025002 ], [ 38.505704615754397, 54.108033808863503 ], [ 38.505892769606298, 54.107738709068698 ], [ 38.5060489464122, 54.1074372364913 ], [ 38.506172527763901, 54.107130586219398 ], [ 38.506263024502204, 54.106819973839997 ], [ 38.506320078644201, 54.106506630618703 ], [ 38.505941597545799, 54.106489479620997 ], [ 38.505964962896201, 54.106189088704703 ], [ 38.505956315826801, 54.105888427075001 ], [ 38.505915690879398, 54.105588671650203 ], [ 38.505843247762797, 54.105290995775903 ], [ 38.5057392707171, 54.104996564632998 ], [ 38.505604167390601, 54.104706530676999 ], [ 38.5054384672341, 54.104422029128699 ], [ 38.505242819419102, 54.1041441735318 ], [ 38.505017990288302, 54.103874051395799 ], [ 38.505355867897997, 54.103769105928897 ], [ 38.505061045014401, 54.103467073533203 ], [ 38.504731382609002, 54.103177748502702 ], [ 38.504368460308598, 54.102902516565003 ], [ 38.503974016935601, 54.102642695922803 ], [ 38.503549942173301, 54.102399530944098 ], [ 38.503098267511902, 54.102174186207201 ], [ 38.502621156516803, 54.101967740927201 ], [ 38.502120894467701, 54.101781183792099 ], [ 38.501599877416801, 54.101615408231403 ], [ 38.501060600719299, 54.101471208141803 ], [ 38.500505647090201, 54.101349274088598 ], [ 38.499937674244997, 54.1012501900017 ], [ 38.499359402182598, 54.1011744303824 ], [ 38.4987736001721, 54.101122358032697 ], [ 38.498183073504499, 54.101094222320398 ], [ 38.497590650072702, 54.101090157985603 ], [ 38.4969991668438, 54.1011101844962 ], [ 38.496411456288797, 54.1011542059546 ], [ 38.495830332832703, 54.101222011556899 ], [ 38.495258579391603, 54.101313276600102 ], [ 38.494698934058498, 54.101427564036598 ], [ 38.494154077004403, 54.101564326563903 ], [ 38.493626617653298, 54.1017229092433 ], [ 38.493119082196202, 54.101902552633 ], [ 38.492633901500099, 54.1021023964216 ], [ 38.492173399472499, 54.102321483544202 ], [ 38.491739781935003, 54.102558764761802 ], [ 38.491335126060598, 54.102813103682102 ], [ 38.490961370424102, 54.103083282197296 ], [ 38.490620305713797, 54.103368006314298 ], [ 38.490313566149602, 54.103665912347502 ], [ 38.490042621646701, 54.103975573446199 ], [ 38.489808770765698, 54.104295506425103 ], [ 38.4896131344792, 54.104624178864299 ], [ 38.489578620415003, 54.104698251736998 ], [ 38.489660177996697, 54.104964935739602 ], [ 38.489724477323698, 54.105312401306001 ], [ 38.4895384824788, 54.105320463802201 ], [ 38.489727982186203, 54.105338660922897 ], [ 38.489656579844798, 54.105620415139697 ], [ 38.489616417642303, 54.105904297222999 ], [ 38.489607665272402, 54.106189112245801 ], [ 38.489630360222002, 54.106473661329503 ], [ 38.489453855689803, 54.106481315555001 ] ] ] } },
{ "type": "Feature", "properties": { "dataset_code": "SP", "source_file": "СП(2).kml", "placemark_index": 73, "organization_code": "SP", "organization_name_raw": "СП / Спасское", "farm_name_raw": "", "region_name_raw": "", "district_name_raw": "", "field_external_key": "SP:4.12", "field_code_raw": "4.12", "field_name_raw": "4.12", "field_code_unique_status": "unique", "source_fid": "147", "declared_area_ha": 65.82, "geometry_area_ha": 65.823741, "area_diff_ha": 0.003741, "area_diff_pct": 0.005683, "area_quality_status": "ok", "geometry_type": "Polygon", "polygon_count": 1, "inner_ring_count": 0, "geometry_valid": true, "geometry_validity_reason": "Valid Geometry", "centroid_lon": 38.515135027, "centroid_lat": 54.108615401000002, "representative_lon": 38.51501464, "representative_lat": 54.108690001, "centroid_within_geometry": true, "weather_point_lon_candidate": 38.515135027, "weather_point_lat_candidate": 54.108615401000002, "active_2026_candidate": false, "active_reason": "sp_no_irrigation_2026_flag_not_active", "season_year_candidate": null, "crop_raw": "", "crop_code_candidate": "", "crop_parameter_set_candidate_key": "", "regional_crop_parameter_set_candidate_key": "", "crop_parameter_candidate_status": "no_crop_in_kml", "crop_parameter_candidate_comment_ru": "В СП(2).kml культура не задана для этого поля.", "sowing_date_raw": "", "calculation_ready": false, "calculation_blockers_json": [ ], "geometry_hash_sha256": "11192e01cc739471be7375d69a0be72e8a39b1cf1a847c3b760c0f365e3d17a4", "source_attributes_json": { "area_": "65.82", "fid": "147", "kml_name": "4.12" } }, "geometry": { "type": "Polygon", "coordinates": [ [ [ 38.511164344251803, 54.112050740021701 ], [ 38.511381634054999, 54.111865968124498 ], [ 38.511766528025397, 54.112011124680599 ], [ 38.512167320786297, 54.112140578838101 ], [ 38.512582159612599, 54.112253732134299 ], [ 38.513009126795197, 54.112350061461001 ], [ 38.5134462485113, 54.112429121484404 ], [ 38.513891503955698, 54.1124905467057 ], [ 38.5143428346896, 54.112534053151798 ], [ 38.514798154164403, 54.112559439689797 ], [ 38.515255357375999, 54.112566588956902 ], [ 38.5152612382428, 54.1127911587363 ], [ 38.515756305494499, 54.112778735959203 ], [ 38.516248697002801, 54.112746081026401 ], [ 38.516736020324103, 54.112693352606101 ], [ 38.517215907663399, 54.1126208068994 ], [ 38.517686027388201, 54.1125287963944 ], [ 38.518144095366701, 54.112417768151602 ], [ 38.518587886073597, 54.112288261630098 ], [ 38.5190152434105, 54.112140906064297 ], [ 38.519424091187403, 54.1119764174043 ], [ 38.519812443214001, 54.111795594834099 ], [ 38.520178412952497, 54.111599316886497 ], [ 38.520520222684603, 54.111388537171102 ], [ 38.520836212147302, 54.111164279738396 ], [ 38.521124846597097, 54.110927634101898 ], [ 38.521384724261701, 54.1106797499409 ], [ 38.521614583144803, 54.1104218315133 ], [ 38.521813307149003, 54.110155131801598 ], [ 38.521979931489803, 54.109880946423701 ], [ 38.522113647371697, 54.109600607336702 ], [ 38.521742239796197, 54.109547569712703 ], [ 38.521832635814803, 54.109292706648397 ], [ 38.521894283421503, 54.109034899839997 ], [ 38.521926915725302, 54.108775267657599 ], [ 38.521930391714001, 54.108514936368799 ], [ 38.521904696856801, 54.108255035252903 ], [ 38.5218499431572, 54.107996691702198 ], [ 38.521766368658596, 54.107741026331801 ], [ 38.521654336401703, 54.107489148119399 ], [ 38.5215143328412, 54.107242149595898 ], [ 38.521872769853701, 54.107164198267697 ], [ 38.521696515888401, 54.106910276603898 ], [ 38.521492292508498, 54.106663697307297 ], [ 38.5212609801955, 54.106425522884102 ], [ 38.521003576105997, 54.106196779606499 ], [ 38.520721189769503, 54.105978453092497 ], [ 38.520415038302602, 54.1057714840614 ], [ 38.520086441161197, 54.105576764282198 ], [ 38.519736814452898, 54.105395132733797 ], [ 38.519367664833901, 54.105227371992498 ], [ 38.519143916150298, 54.105409448045101 ], [ 38.51876983052, 54.105261641971502 ], [ 38.518379740989097, 54.105128890808402 ], [ 38.517975399254901, 54.105011790629497 ], [ 38.517558620961204, 54.104910867229002 ], [ 38.517131277549801, 54.104826573762203 ], [ 38.516695287863101, 54.1047592887126 ], [ 38.516252609534, 54.104709314193698 ], [ 38.5158052302031, 54.104676874593601 ], [ 38.515355158601302, 54.104662115568402 ], [ 38.515363654456898, 54.104437581197999 ], [ 38.514872111459802, 54.104441148472503 ], [ 38.514382162913599, 54.104464669664701 ], [ 38.513896151256901, 54.104508032323203 ], [ 38.513416400123802, 54.104571029134497 ], [ 38.5129452032443, 54.104653358912799 ], [ 38.512484813486502, 54.104754628038599 ], [ 38.512037432094203, 54.1048743523395 ], [ 38.5116051981692, 54.105011959402397 ], [ 38.511190178450697, 54.1051667913082 ], [ 38.510794357438002, 54.105338107775502 ], [ 38.510419627905797, 54.1055250896963 ], [ 38.510067781855803, 54.105726843050299 ], [ 38.509740501949103, 54.1059424031764 ], [ 38.509439353459001, 54.106170739381803 ], [ 38.509165776783398, 54.106410759868098 ], [ 38.508921080553101, 54.1066613169479 ], [ 38.508706435368097, 54.106921212530601 ], [ 38.508522868192102, 54.107189203848698 ], [ 38.508371257433097, 54.107464009397901 ], [ 38.508252328732397, 54.1077443150633 ], [ 38.508166651483201, 54.108028780401803 ], [ 38.508114636095897, 54.108316045050699 ], [ 38.5080965320224, 54.108604735232397 ], [ 38.5081124265499, 54.108893470323302 ], [ 38.508162244369899, 54.109180869456701 ], [ 38.508245747925002, 54.109465558126601 ], [ 38.5083625385316, 54.1097461747624 ], [ 38.508512058274199, 54.110021377241502 ], [ 38.508693592661203, 54.1102898493099 ], [ 38.508906274031197, 54.110550306879503 ], [ 38.509149085692798, 54.110801504171803 ], [ 38.5094208667782, 54.111042239678902 ], [ 38.5097203177884, 54.111271361912799 ], [ 38.510046006802398, 54.111487774916199 ], [ 38.510396376322397, 54.111690443507797 ], [ 38.5107697507203, 54.111878398236499 ], [ 38.511164344251803, 54.112050740021701 ] ] ] } },
{ "type": "Feature", "properties": { "dataset_code": "SP", "source_file": "СП(2).kml", "placemark_index": 74, "organization_code": "SP", "organization_name_raw": "СП / Спасское", "farm_name_raw": "", "region_name_raw": "", "district_name_raw": "", "field_external_key": "SP:4.13", "field_code_raw": "4.13", "field_name_raw": "4.13", "field_code_unique_status": "unique", "source_fid": "148", "declared_area_ha": 53.44, "geometry_area_ha": 53.435834, "area_diff_ha": -0.004166, "area_diff_pct": -0.007795, "area_quality_status": "ok", "geometry_type": "Polygon", "polygon_count": 1, "inner_ring_count": 0, "geometry_valid": true, "geometry_validity_reason": "Valid Geometry", "centroid_lon": 38.532300936, "centroid_lat": 54.111670322999998, "representative_lon": 38.532480075000002, "representative_lat": 54.111568656000003, "centroid_within_geometry": true, "weather_point_lon_candidate": 38.532300936, "weather_point_lat_candidate": 54.111670322999998, "active_2026_candidate": false, "active_reason": "sp_no_irrigation_2026_flag_not_active", "season_year_candidate": null, "crop_raw": "", "crop_code_candidate": "", "crop_parameter_set_candidate_key": "", "regional_crop_parameter_set_candidate_key": "", "crop_parameter_candidate_status": "no_crop_in_kml", "crop_parameter_candidate_comment_ru": "В СП(2).kml культура не задана для этого поля.", "sowing_date_raw": "", "calculation_ready": false, "calculation_blockers_json": [ ], "geometry_hash_sha256": "254fe7193b0ff5409fb23b999aefc3a0834a3f6fd18f2612b915795d9424778a", "source_attributes_json": { "area_": "53.44", "fid": "148", "kml_name": "4.13" } }, "geometry": { "type": "Polygon", "coordinates": [ [ [ 38.538695577812803, 54.1119048267824 ], [ 38.5387104793666, 54.111656569007302 ], [ 38.538697543645597, 54.111408273176799 ], [ 38.538656827227598, 54.111161015725102 ], [ 38.538588507120203, 54.110915868565399 ], [ 38.538492879984702, 54.110673894443899 ], [ 38.538370360842201, 54.110436142333199 ], [ 38.538221481266497, 54.110203642885303 ], [ 38.538046887072099, 54.109977403965303 ], [ 38.537847335508403, 54.109758406283603 ], [ 38.5376236919709, 54.109547599145998 ], [ 38.537376926244598, 54.109345896340201 ], [ 38.537108108296202, 54.109154172176702 ], [ 38.536818403632701, 54.108973257700598 ], [ 38.536509068246502, 54.108803937091302 ], [ 38.536181443170697, 54.108646944265601 ], [ 38.535949767086102, 54.108825571578997 ], [ 38.535606373872497, 54.108682624004899 ], [ 38.535246874271401, 54.108554075297 ], [ 38.534873013850699, 54.108440549582802 ], [ 38.534486607856003, 54.1083425980461 ], [ 38.534089532400799, 54.108260696252799 ], [ 38.533683715363303, 54.108195241843099 ], [ 38.533271127032002, 54.108146552603003 ], [ 38.532853770545898, 54.108114864922001 ], [ 38.532433672176602, 54.108100332646202 ], [ 38.532442826614897, 54.107875807773098 ], [ 38.532009365758697, 54.107878305119101 ], [ 38.5315771790819, 54.107897980886797 ], [ 38.531148235789402, 54.107934745428501 ], [ 38.530724490320701, 54.107988431233302 ], [ 38.530307873451697, 54.108058793689601 ], [ 38.529900283503601, 54.108145512198597 ], [ 38.529503577699501, 54.108248191634303 ], [ 38.529119563707297, 54.108366364141901 ], [ 38.528749991407899, 54.108499491268397 ], [ 38.528396544925101, 54.108646966414199 ], [ 38.528060834954303, 54.108808117594897 ], [ 38.527744391425301, 54.1089822105018 ], [ 38.527448656530801, 54.109168451845001 ], [ 38.527174978154299, 54.109365992966801 ], [ 38.526924603726201, 54.109573933706201 ], [ 38.526698674536298, 54.109791326499099 ], [ 38.526498220529298, 54.110017180693703 ], [ 38.526324155605799, 54.110250467063501 ], [ 38.526177273451403, 54.110490122495598 ], [ 38.526058243913297, 54.110735054833697 ], [ 38.526429115966401, 54.110789395432199 ], [ 38.526345777175401, 54.111017452775897 ], [ 38.526288117173301, 54.111248234456703 ], [ 38.526256385521997, 54.1114807433339 ], [ 38.526250719763098, 54.1117139747872 ], [ 38.526271144816199, 54.111946921057601 ], [ 38.526317572863299, 54.112178575601298 ], [ 38.526389803721202, 54.1124079374395 ], [ 38.526487525698698, 54.112634015483799 ], [ 38.526610316936697, 54.112855832819697 ], [ 38.526757647223697, 54.113072430928 ], [ 38.526928880281702, 54.113282873829 ], [ 38.527123276508902, 54.113486252127103 ], [ 38.526796315195803, 54.113602600899199 ], [ 38.527036062969302, 54.113818207798602 ], [ 38.527300288551302, 54.114023702683802 ], [ 38.527587761040401, 54.1142181279806 ], [ 38.527897141151598, 54.114400577684698 ], [ 38.528226987454801, 54.1145702015856 ], [ 38.528575763090899, 54.114726209231399 ], [ 38.528941842933101, 54.114867873614003 ], [ 38.5293235211617, 54.1149945345595 ], [ 38.529719019215499, 54.115105601806697 ], [ 38.5301264940842, 54.1152005577596 ], [ 38.530544046901099, 54.115278959901602 ], [ 38.530969731798002, 54.115340442858603 ], [ 38.531401564979497, 54.115384720103798 ], [ 38.531837533975001, 54.115411585293401 ], [ 38.532275607024502, 54.1154209132293 ], [ 38.532713742555401, 54.1154126604428 ], [ 38.533149898703797, 54.115386865397397 ], [ 38.533582042838901, 54.115343648309199 ], [ 38.534008161042699, 54.115283210586298 ], [ 38.5344262675031, 54.115205833889398 ], [ 38.534834413775101, 54.115111878818098 ], [ 38.535230697867, 54.115001783228799 ], [ 38.535613273109298, 54.114876060192998 ], [ 38.535980356765798, 54.114735295604099 ], [ 38.536330238343801, 54.114580145445501 ], [ 38.5366612875683, 54.114411332731002 ], [ 38.536971961979802, 54.114229644133999 ], [ 38.537260814122803, 54.114035926318799 ], [ 38.5375264982885, 54.113831081992899 ], [ 38.5377677767843, 54.113616065698402 ], [ 38.537441617412398, 54.113498905317797 ], [ 38.537644721955203, 54.113286612077502 ], [ 38.537822844188902, 54.113066712096298 ], [ 38.537975163706101, 54.112840218702999 ], [ 38.538100979037402, 54.112608175592797 ], [ 38.538199710877002, 54.112371652016698 ], [ 38.5382709047445, 54.112131737853197 ], [ 38.538314233070402, 54.111889538585402 ], [ 38.538695577812803, 54.1119048267824 ] ] ] } },
{ "type": "Feature", "properties": { "dataset_code": "SP", "source_file": "СП(2).kml", "placemark_index": 75, "organization_code": "SP", "organization_name_raw": "СП / Спасское", "farm_name_raw": "", "region_name_raw": "", "district_name_raw": "", "field_external_key": "SP:4.14", "field_code_raw": "4.14", "field_name_raw": "4.14", "field_code_unique_status": "unique", "source_fid": "149", "declared_area_ha": 158.87, "geometry_area_ha": 158.874352, "area_diff_ha": 0.004352, "area_diff_pct": 0.002739, "area_quality_status": "ok", "geometry_type": "Polygon", "polygon_count": 1, "inner_ring_count": 0, "geometry_valid": true, "geometry_validity_reason": "Valid Geometry", "centroid_lon": 38.491297371999998, "centroid_lat": 54.093662356000003, "representative_lon": 38.491161945000002, "representative_lat": 54.093579093000002, "centroid_within_geometry": true, "weather_point_lon_candidate": 38.491297371999998, "weather_point_lat_candidate": 54.093662356000003, "active_2026_candidate": false, "active_reason": "sp_no_irrigation_2026_flag_not_active", "season_year_candidate": null, "crop_raw": "", "crop_code_candidate": "", "crop_parameter_set_candidate_key": "", "regional_crop_parameter_set_candidate_key": "", "crop_parameter_candidate_status": "no_crop_in_kml", "crop_parameter_candidate_comment_ru": "В СП(2).kml культура не задана для этого поля.", "sowing_date_raw": "", "calculation_ready": false, "calculation_blockers_json": [ ], "geometry_hash_sha256": "d6c7cfbc6739fbede8a057c6d407993b5a18f7c608cde1fefb80c6e306e2f1d5", "source_attributes_json": { "area_": "158.87", "fid": "149", "kml_name": "4.14" } }, "geometry": { "type": "Polygon", "coordinates": [ [ [ 38.4890093029288, 54.099961905217498 ], [ 38.4890912622946, 54.099742541100603 ], [ 38.489722229537499, 54.099812214200497 ], [ 38.490359242120199, 54.099859191357702 ], [ 38.490999938600702, 54.099883298429297 ], [ 38.491641943863101, 54.099884446053402 ], [ 38.4922828779345, 54.099862629980599 ], [ 38.492920364819, 54.099817931089802 ], [ 38.493552041317997, 54.0997505150875 ], [ 38.493631722558398, 54.099970171556301 ], [ 38.494356074479299, 54.099864081369901 ], [ 38.495066408795402, 54.099729170406199 ], [ 38.495759409658397, 54.0995660684654 ], [ 38.496431842242799, 54.099375536940997 ], [ 38.497080567862199, 54.099158465260501 ], [ 38.497702558633399, 54.098915866728099 ], [ 38.498294911620199, 54.098648873789102 ], [ 38.498854862390097, 54.098358732737204 ], [ 38.499379797921897, 54.098046797891101 ], [ 38.499867268801502, 54.097714525265701 ], [ 38.500315000650701, 54.097363465769703 ], [ 38.500720904735701, 54.096995257959698 ], [ 38.501083087704401, 54.096611620386803 ], [ 38.501399860408597, 54.096214343568498 ], [ 38.501669745770002, 54.095805281627598 ], [ 38.501891485652997, 54.095386343632804 ], [ 38.502064046712803, 54.094959484685702 ], [ 38.502186625192799, 54.094526696792599 ], [ 38.501807820139497, 54.094497390597503 ], [ 38.501877448758201, 54.094076143641303 ], [ 38.501897991557598, 54.093653085308702 ], [ 38.501869354184699, 54.093230189554603 ], [ 38.501791671750702, 54.092809429515398 ], [ 38.501665308173401, 54.092392768303696 ], [ 38.501490854451298, 54.091982149850601 ], [ 38.501269125880398, 54.091579489838203 ], [ 38.501628386551097, 54.091503076816103 ], [ 38.501346945232399, 54.091090936998299 ], [ 38.501017738203203, 54.090691213561001 ], [ 38.5006423402195, 54.090305816942099 ], [ 38.500222546655401, 54.089936589055199 ], [ 38.499760364904901, 54.089585294492203 ], [ 38.499258004773701, 54.089253612096599 ], [ 38.498717867907899, 54.088943126947498 ], [ 38.4981425363097, 54.088655322791098 ], [ 38.497534759995503, 54.088391574957498 ], [ 38.496897443855303, 54.088153143795097 ], [ 38.496233633775802, 54.087941168654297 ], [ 38.495546502093497, 54.087756662449898 ], [ 38.494839332447803, 54.087600506826199 ], [ 38.494115504104599, 54.087473447949698 ], [ 38.493378475826503, 54.087376092947899 ], [ 38.492631769365403, 54.087308907012101 ], [ 38.4918789526564, 54.087272211177499 ], [ 38.491123622791697, 54.087266180791197 ], [ 38.490369388857196, 54.087290844675103 ], [ 38.489619854711201, 54.087346084988503 ], [ 38.4888786017885, 54.087431637790097 ], [ 38.488149172010402, 54.087547094297598 ], [ 38.487435050882802, 54.087691902837499 ], [ 38.486739650861402, 54.087865371478401 ], [ 38.486066295063502, 54.088066671332001 ], [ 38.485418201405103, 54.088294840509299 ], [ 38.484798467235798, 54.088548788710703 ], [ 38.484210054547603, 54.088827302430502 ], [ 38.4836557758263, 54.089129050747999 ], [ 38.483138280613097, 54.089452591681898 ], [ 38.482660042841403, 54.089796379073199 ], [ 38.482223349007803, 54.0901587699678 ], [ 38.481830287235901, 54.090538032461097 ], [ 38.481482737282803, 54.090932353968299 ], [ 38.481182361538899, 54.091339849881003 ], [ 38.480930597062297, 54.091758572569297 ], [ 38.480728648686998, 54.092186520684699 ], [ 38.480577483238598, 54.092621648722201 ], [ 38.480477824885099, 54.093061876793598 ], [ 38.4804301516455, 54.093505100566702 ], [ 38.480434693074102, 54.093949201322403 ], [ 38.480491429131, 54.094392056081901 ], [ 38.480600090246803, 54.094831547755803 ], [ 38.480760158578697, 54.095265575265799 ], [ 38.480970870456503, 54.095692063591699 ], [ 38.481231220003501, 54.096108973694598 ], [ 38.4815399639186, 54.0965143122692 ], [ 38.481895627395303, 54.096906141279 ], [ 38.482296511150601, 54.097282587227703 ], [ 38.482740699531199, 54.097641850122898 ], [ 38.483226069656602, 54.097982212089597 ], [ 38.483750301558104, 54.098302045590501 ], [ 38.484310889263497, 54.098599821216098 ], [ 38.484905152775603, 54.098874115004797 ], [ 38.485530250887201, 54.099123615259202 ], [ 38.486183194770902, 54.099347128825599 ], [ 38.486860862278597, 54.099543586806597 ], [ 38.487560012882497, 54.099712049678097 ], [ 38.488277303186003, 54.099851711788901 ], [ 38.4890093029288, 54.099961905217498 ] ] ] } },
{ "type": "Feature", "properties": { "dataset_code": "SP", "source_file": "СП(2).kml", "placemark_index": 76, "organization_code": "SP", "organization_name_raw": "СП / Спасское", "farm_name_raw": "", "region_name_raw": "", "district_name_raw": "", "field_external_key": "SP:4.15", "field_code_raw": "4.15", "field_name_raw": "4.15", "field_code_unique_status": "unique", "source_fid": "150", "declared_area_ha": 118.25, "geometry_area_ha": 118.250907, "area_diff_ha": 0.000907, "area_diff_pct": 0.000767, "area_quality_status": "ok", "geometry_type": "Polygon", "polygon_count": 1, "inner_ring_count": 0, "geometry_valid": true, "geometry_validity_reason": "Valid Geometry", "centroid_lon": 38.512141448000001, "centroid_lat": 54.095841139000001, "representative_lon": 38.512164771999998, "representative_lat": 54.095815195, "centroid_within_geometry": true, "weather_point_lon_candidate": 38.512141448000001, "weather_point_lat_candidate": 54.095841139000001, "active_2026_candidate": true, "active_reason": "sp_irrigation_2026_flag_1", "season_year_candidate": null, "crop_raw": "картофель среднеспелый", "crop_code_candidate": "potato", "crop_parameter_set_candidate_key": "aquacrop_v7_3_reference_potato", "regional_crop_parameter_set_candidate_key": "aquacrop_v7_3_regional_potato_tula_oblast", "crop_parameter_candidate_status": "reference_selected_region_needs_confirmation", "crop_parameter_candidate_comment_ru": "В СП(2).kml регион не указан. Для безопасной первичной загрузки выбран reference potato; региональный набор potato_tula_oblast указан как кандидат и требует подтверждения, что СП относится к Тульской области/соответствующему региональному сценарию.", "sowing_date_raw": "", "calculation_ready": false, "calculation_blockers_json": [ "missing_sowing_date", "missing_soil_profile" ], "geometry_hash_sha256": "9e66f08ddd440aa9ca3a4ae06eb863c97a450a8f49ad00406ee4648baae09345", "source_attributes_json": { "area_": "118.25", "crop": "картофель среднеспелый", "fid": "150", "kml_name": "4.15", "полив в 2026 году": "1" } }, "geometry": { "type": "Polygon", "coordinates": [ [ [ 38.503691845948197, 54.098303728183303 ], [ 38.504007139146701, 54.0986440372074 ], [ 38.5043619350432, 54.098970635801102 ], [ 38.5047545166464, 54.099281942601401 ], [ 38.5051829838822, 54.099576450253402 ], [ 38.505645262785201, 54.0998527327137 ], [ 38.506139115534403, 54.100109452161 ], [ 38.5066621512862, 54.100345365479697 ], [ 38.507211837751697, 54.100559330284597 ], [ 38.507785513460803, 54.100750310458203 ], [ 38.508380400657003, 54.100917381172899 ], [ 38.508993618756399, 54.1010597333741 ], [ 38.509622198308001, 54.101176677702298 ], [ 38.510263095386698, 54.101267647835002 ], [ 38.510913206349301, 54.101332203232602 ], [ 38.511569382880197, 54.101370031273497 ], [ 38.512228447256099, 54.101380948770696 ], [ 38.512887207753003, 54.101364902858698 ], [ 38.513542474121799, 54.101321971250798 ], [ 38.514191073056502, 54.101252361861597 ], [ 38.514829863579699, 54.101156411798797 ], [ 38.515455752271201, 54.101034585728797 ], [ 38.516065708263802, 54.1008874736237 ], [ 38.516656777936099, 54.100715787901102 ], [ 38.517226099227102, 54.1005203599697 ], [ 38.517770915506297, 54.100302136199304 ], [ 38.518288588930403, 54.100062173332802 ], [ 38.518776613221597, 54.099801633364102 ], [ 38.519232625805103, 54.099521777905899 ], [ 38.5196544192491, 54.0992239620753 ], [ 38.520039951948696, 54.098909627926297 ], [ 38.520387358004797, 54.098580297462199 ], [ 38.520694956248299, 54.098237565261201 ], [ 38.5209612583674, 54.097883090750202 ], [ 38.521184976098098, 54.097518590166203 ], [ 38.521365027443899, 54.0971458282432 ], [ 38.520994403121101, 54.097091174873299 ], [ 38.521119393461298, 54.096743959605597 ], [ 38.521204912974298, 54.096392634970897 ], [ 38.521250585764903, 54.096038749321799 ], [ 38.521256211568797, 54.095683862258603 ], [ 38.521221766618098, 54.0953295377549 ], [ 38.5211474037268, 54.094977337265902 ], [ 38.521033451600701, 54.094628812846999 ], [ 38.520880413370399, 54.094285500315998 ], [ 38.521247114372699, 54.094222427202197 ], [ 38.521054032856902, 54.093881785264003 ], [ 38.520824021692903, 54.093549162500601 ], [ 38.520558037264699, 54.093225940696897 ], [ 38.520257185321697, 54.092913462553 ], [ 38.5199227163735, 54.092613026109802 ], [ 38.519556020486498, 54.0923258793594 ], [ 38.519158621500999, 54.092053215065398 ], [ 38.518732170695799, 54.091796165810798 ], [ 38.5182784399246, 54.091555799298199 ], [ 38.517799314254198, 54.091333113917898 ], [ 38.517296784134103, 54.091129034604897 ], [ 38.517089695413901, 54.091318007652397 ], [ 38.516552324600198, 54.091129477813702 ], [ 38.515994161915799, 54.090963131692398 ], [ 38.515417853215503, 54.090819757755497 ], [ 38.5148261302744, 54.090700035577399 ], [ 38.514221797850603, 54.090604532621803 ], [ 38.5136077204033, 54.090533701555202 ], [ 38.512986808529803, 54.090487878103097 ], [ 38.512362005185302, 54.090467279461201 ], [ 38.512370281023898, 54.090242741688897 ], [ 38.511729729231597, 54.0902473172792 ], [ 38.511091166665302, 54.090277324151998 ], [ 38.510457511196002, 54.0903326251983 ], [ 38.509831658300001, 54.090412967728 ], [ 38.509216467843402, 54.090517984623403 ], [ 38.508614751028702, 54.090647196014402 ], [ 38.508029257561603, 54.090800011468602 ], [ 38.507462663098401, 54.090975732686402 ], [ 38.506917557028103, 54.091173556688503 ], [ 38.506396430648898, 54.091392579480797 ], [ 38.505901665788201, 54.091631800181801 ], [ 38.505435523922102, 54.091890125591298 ], [ 38.5050001358413, 54.092166375182103 ], [ 38.5045974919122, 54.092459286489699 ], [ 38.504229432975997, 54.0927675208777 ], [ 38.503897641930003, 54.093089669650197 ], [ 38.503603636026099, 54.093424260486103 ], [ 38.503348759926098, 54.093769764163603 ], [ 38.503134179541703, 54.0941246015459 ], [ 38.502960876690103, 54.094487150794897 ], [ 38.502829644589298, 54.094855754781499 ], [ 38.502741084213703, 54.095228728657297 ], [ 38.5026956015273, 54.0956043675545 ], [ 38.503077578930402, 54.095611746419799 ], [ 38.503074016937703, 54.095946528272101 ], [ 38.503106184604803, 54.096280782303801 ], [ 38.503173956125103, 54.096613192336598 ], [ 38.503277065480098, 54.096942449422201 ], [ 38.503415107473202, 54.097267256996901 ], [ 38.503587539313301, 54.097586335989 ], [ 38.5037936827393, 54.097898429856698 ], [ 38.5040327266804, 54.0982023095385 ], [ 38.503691845948197, 54.098303728183303 ] ] ] } },
{ "type": "Feature", "properties": { "dataset_code": "SP", "source_file": "СП(2).kml", "placemark_index": 77, "organization_code": "SP", "organization_name_raw": "СП / Спасское", "farm_name_raw": "", "region_name_raw": "", "district_name_raw": "", "field_external_key": "SP:4.16", "field_code_raw": "4.16", "field_name_raw": "4.16", "field_code_unique_status": "unique", "source_fid": "151", "declared_area_ha": 167.81, "geometry_area_ha": 167.813479, "area_diff_ha": 0.003479, "area_diff_pct": 0.002073, "area_quality_status": "ok", "geometry_type": "Polygon", "polygon_count": 1, "inner_ring_count": 0, "geometry_valid": true, "geometry_validity_reason": "Valid Geometry", "centroid_lon": 38.533227816, "centroid_lat": 54.100955663000001, "representative_lon": 38.533227638, "representative_lat": 54.101020835, "centroid_within_geometry": true, "weather_point_lon_candidate": 38.533227816, "weather_point_lat_candidate": 54.100955663000001, "active_2026_candidate": true, "active_reason": "sp_irrigation_2026_flag_1", "season_year_candidate": null, "crop_raw": "картофель среднеспелый", "crop_code_candidate": "potato", "crop_parameter_set_candidate_key": "aquacrop_v7_3_reference_potato", "regional_crop_parameter_set_candidate_key": "aquacrop_v7_3_regional_potato_tula_oblast", "crop_parameter_candidate_status": "reference_selected_region_needs_confirmation", "crop_parameter_candidate_comment_ru": "В СП(2).kml регион не указан. Для безопасной первичной загрузки выбран reference potato; региональный набор potato_tula_oblast указан как кандидат и требует подтверждения, что СП относится к Тульской области/соответствующему региональному сценарию.", "sowing_date_raw": "", "calculation_ready": false, "calculation_blockers_json": [ "missing_sowing_date", "missing_soil_profile" ], "geometry_hash_sha256": "340cba1402b0b0ddc1144b1bbb6da37b4959933973b2d29f2d1e4c996fb6d522", "source_attributes_json": { "area_": "167.81", "crop": "картофель среднеспелый", "fid": "151", "kml_name": "4.16", "полив в 2026 году": "1" } }, "geometry": { "type": "Polygon", "coordinates": [ [ [ 38.532252188218102, 54.1075344187959 ], [ 38.533034838901699, 54.107558381693103 ], [ 38.533818428369699, 54.1075502242279 ], [ 38.534599143031102, 54.107509986110003 ], [ 38.535373183308103, 54.107437863178802 ], [ 38.536136782153797, 54.107334206449103 ], [ 38.536886223410399, 54.107199520400201 ], [ 38.537617859918399, 54.107034460516999 ], [ 38.538328131286697, 54.106839830095801 ], [ 38.539013581238898, 54.106616576329401 ], [ 38.539670874448198, 54.106365785691402 ], [ 38.540296812781001, 54.1060886786426 ], [ 38.540888350867903, 54.105786603684201 ], [ 38.541442610927803, 54.105461030788199 ], [ 38.541956896771303, 54.105113544236502 ], [ 38.542428706916098, 54.104745834903902 ], [ 38.5428557467499, 54.104359692022598 ], [ 38.543235939683399, 54.103956994468703 ], [ 38.543567437236497, 54.103539701612902 ], [ 38.543848628011702, 54.103109843780501 ], [ 38.5440781455098, 54.102669512367399 ], [ 38.544254874750898, 54.102220849659197 ], [ 38.5443779576689, 54.101766038405103 ], [ 38.544446797253599, 54.101307291194701 ], [ 38.544461060421398, 54.100846839692501 ], [ 38.544420679601103, 54.100386923780199 ], [ 38.544325853026798, 54.099929780660197 ], [ 38.544177043738998, 54.099477633974203 ], [ 38.543974977298099, 54.099032682989197 ], [ 38.543720638222098, 54.098597091902597 ], [ 38.5434152651669, 54.098172979319898 ], [ 38.543060344873702, 54.0977624079555 ], [ 38.5426576049122, 54.097367374605597 ], [ 38.542209005256097, 54.096989800443602 ], [ 38.541716728733, 54.0966315216833 ], [ 38.541183170393701, 54.096294280656601 ], [ 38.540610925854502, 54.095979717348001 ], [ 38.540002778668601, 54.095689361426899 ], [ 38.539361686788098, 54.095424624816999 ], [ 38.539153076388203, 54.095612786408601 ], [ 38.538519323889503, 54.095387746258801 ], [ 38.537860944932099, 54.095188629594197 ], [ 38.537181003841603, 54.095016363083701 ], [ 38.536482665166602, 54.094871748428702 ], [ 38.535769178965403, 54.094755458637202 ], [ 38.535043865697403, 54.094668034895797 ], [ 38.534310100789398, 54.094609884053902 ], [ 38.534348205762903, 54.094386413998599 ], [ 38.533583061399298, 54.094356793329503 ], [ 38.532816262064799, 54.094357920790799 ], [ 38.532051379195003, 54.094389791139399 ], [ 38.531291975314303, 54.0944522559437 ], [ 38.530541587465898, 54.094545024273899 ], [ 38.529803710760397, 54.094667664055201 ], [ 38.529081782118602, 54.094819604076697 ], [ 38.5283791642821, 54.095000136648899 ], [ 38.527699130168401, 54.095208420894899 ], [ 38.527044847640902, 54.095443486662099 ], [ 38.526419364765097, 54.095704239035101 ], [ 38.525825595619601, 54.095989463429902 ], [ 38.525266306727097, 54.0962978312443 ], [ 38.524744104168903, 54.096627906040098 ], [ 38.524261421443299, 54.096978150227699 ], [ 38.523820508122903, 54.097346932221399 ], [ 38.523423419365898, 54.097732534033298 ], [ 38.523072006327602, 54.098133159270397 ], [ 38.522767907520503, 54.098546941496998 ], [ 38.522512541159898, 54.0989719529247 ], [ 38.522307098533801, 54.099406213389003 ], [ 38.522152538426901, 54.099847699570397 ], [ 38.522049582625598, 54.100294354418502 ], [ 38.521998712525402, 54.1007440967336 ], [ 38.522000166857197, 54.101194830862497 ], [ 38.522053940543799, 54.1016444564628 ], [ 38.522159784691098, 54.102090878289999 ], [ 38.522317207717599, 54.1025320159629 ], [ 38.522525477613797, 54.102965813659701 ], [ 38.522783625324998, 54.103390249702301 ], [ 38.523090449239497, 54.103803345981397 ], [ 38.523444520764102, 54.104203177180104 ], [ 38.523844190959302, 54.1045878797527 ], [ 38.524287598205099, 54.104955660615801 ], [ 38.524772676861701, 54.105304805511999 ], [ 38.525297166884698, 54.105633687007 ], [ 38.5258586243501, 54.105940772082 ], [ 38.526454432841, 54.106224629286601 ], [ 38.5270818156419, 54.106483935418098 ], [ 38.527290887975802, 54.106295930003803 ], [ 38.527858965763897, 54.106499752299001 ], [ 38.528447240058902, 54.106682727436699 ], [ 38.529053498094498, 54.106844167093598 ], [ 38.529675459368498, 54.106983463952702 ], [ 38.530310784229798, 54.107100093991001 ], [ 38.530957082689199, 54.107193618453401 ], [ 38.531611923421202, 54.107263685504797 ], [ 38.5322728429215, 54.107310031556302 ], [ 38.532252188218102, 54.1075344187959 ] ] ] } },
{ "type": "Feature", "properties": { "dataset_code": "SP", "source_file": "СП(2).kml", "placemark_index": 78, "organization_code": "SP", "organization_name_raw": "СП / Спасское", "farm_name_raw": "", "region_name_raw": "", "district_name_raw": "", "field_external_key": "SP:1.7", "field_code_raw": "1.7", "field_name_raw": "1.7", "field_code_unique_status": "unique", "source_fid": "152", "declared_area_ha": 101.57, "geometry_area_ha": 101.571915, "area_diff_ha": 0.001915, "area_diff_pct": 0.001886, "area_quality_status": "ok", "geometry_type": "Polygon", "polygon_count": 1, "inner_ring_count": 0, "geometry_valid": true, "geometry_validity_reason": "Valid Geometry", "centroid_lon": 38.38097275, "centroid_lat": 54.162814642000001, "representative_lon": 38.38098427, "representative_lat": 54.162822962, "centroid_within_geometry": true, "weather_point_lon_candidate": 38.38097275, "weather_point_lat_candidate": 54.162814642000001, "active_2026_candidate": false, "active_reason": "sp_no_irrigation_2026_flag_not_active", "season_year_candidate": null, "crop_raw": "", "crop_code_candidate": "", "crop_parameter_set_candidate_key": "", "regional_crop_parameter_set_candidate_key": "", "crop_parameter_candidate_status": "no_crop_in_kml", "crop_parameter_candidate_comment_ru": "В СП(2).kml культура не задана для этого поля.", "sowing_date_raw": "", "calculation_ready": false, "calculation_blockers_json": [ ], "geometry_hash_sha256": "8cc3e36e5ff7d81300950a217512c0fa2443b56f3c507aa6fbe398aa05fe2699", "source_attributes_json": { "area_": "101.57", "fid": "152", "kml_name": "1.7" } }, "geometry": { "type": "Polygon", "coordinates": [ [ [ 38.389701549805402, 54.162753918398799 ], [ 38.389672033155101, 54.162397240980098 ], [ 38.389600191971198, 54.1620426406446 ], [ 38.389486377318903, 54.1616918448901 ], [ 38.389331144707, 54.161346562636801 ], [ 38.389135251361502, 54.161008475903699 ], [ 38.3888996525178, 54.1606792316175 ], [ 38.388625496750699, 54.160360433592302 ], [ 38.388314120363297, 54.160053634720498 ], [ 38.387967040864297, 54.159760329412997 ], [ 38.3875859495651, 54.159481946323098 ], [ 38.387172703332297, 54.159219841392897 ], [ 38.386729315537004, 54.158975291253 ], [ 38.3862579462442, 54.158749487008897 ], [ 38.3857608916909, 54.158543528444703 ], [ 38.385240573103196, 54.158358418670801 ], [ 38.384699524907802, 54.1581950592428 ], [ 38.384140382394399, 54.1580542457747 ], [ 38.383565868889598, 54.1579366640673 ], [ 38.3829787825035, 54.1578428867724 ], [ 38.382381982514602, 54.157773370605597 ], [ 38.381778375458303, 54.157728454125298 ], [ 38.381170900985801, 54.157708356084797 ], [ 38.380562517563398, 54.157713174368403 ], [ 38.379956188080399, 54.157742885514999 ], [ 38.379354865435197, 54.157797344832197 ], [ 38.378761478170098, 54.157876287100301 ], [ 38.3781789162244, 54.157979327861902 ], [ 38.377610016873298, 54.158105965292897 ], [ 38.377057550923297, 54.1582555826432 ], [ 38.376524209228698, 54.158427451237799 ], [ 38.376012589595703, 54.158620734021703 ], [ 38.375525184137601, 54.158834489632603 ], [ 38.375064367141903, 54.159067676981998 ], [ 38.374632383509102, 54.1593191603205 ], [ 38.374231337818799, 54.1595877147656 ], [ 38.373863184076399, 54.159872032262697 ], [ 38.373529716190298, 54.160170727951602 ], [ 38.373232559226501, 54.1604823469075 ], [ 38.372973161482697, 54.160805371223603 ], [ 38.372752787421298, 54.161138227401203 ], [ 38.372572511495001, 54.161479294010498 ], [ 38.372433212896802, 54.161826909585997 ], [ 38.372335571258603, 54.162179380717802 ], [ 38.372280063321497, 54.162534990298603 ], [ 38.372266960592299, 54.162892005887997 ], [ 38.372296328000402, 54.1632486881511 ], [ 38.372368023559503, 54.1636032993325 ], [ 38.372481699038701, 54.163954111723299 ], [ 38.372636801638201, 54.164299416079302 ], [ 38.372832576662603, 54.164637529951499 ], [ 38.373068071179297, 54.164966805884802 ], [ 38.373342138644297, 54.165285639449401 ], [ 38.373653444473099, 54.165592477060798 ], [ 38.374000472530298, 54.165885823554397 ], [ 38.374381532505801, 54.166164249475003 ], [ 38.3747947681426, 54.166426398047101 ], [ 38.375238166275999, 54.166670991790497 ], [ 38.375709566639699, 54.166896838751001 ], [ 38.376206672392001, 54.167102838313099 ], [ 38.376727061310099, 54.167287986568397 ], [ 38.377268197598603, 54.167451381212402 ], [ 38.3773053472706, 54.167460737365303 ], [ 38.377488816060499, 54.167500478140298 ], [ 38.377869542912002, 54.167600842287598 ], [ 38.378402075919901, 54.167709834358703 ], [ 38.378989292189097, 54.167803633280002 ], [ 38.379586231254201, 54.167873165572999 ], [ 38.380189983872803, 54.167918092365497 ], [ 38.380797607560602, 54.167938194703503 ], [ 38.381406140946801, 54.167933374618997 ], [ 38.3820126182233, 54.167903655608001 ], [ 38.382614083615202, 54.1678491825162 ], [ 38.383207605801601, 54.167770220831301 ], [ 38.383790292217299, 54.1676671553886 ], [ 38.384359303164302, 54.167540488492698 ], [ 38.384911865664101, 54.167390837467103 ], [ 38.385156051436198, 54.1673121441276 ], [ 38.385390396305297, 54.167155199126398 ], [ 38.385752887718503, 54.1669441469787 ], [ 38.386139582519, 54.166748445044497 ], [ 38.386548596876302, 54.166569046541298 ], [ 38.386977938326901, 54.166406825264197 ], [ 38.387425515476203, 54.166262571333199 ], [ 38.387438939775102, 54.166258935135197 ], [ 38.387738261411002, 54.166058455606802 ], [ 38.388106373918099, 54.165774096150301 ], [ 38.388439780891098, 54.165475360624697 ], [ 38.388736858449697, 54.165163704730197 ], [ 38.388996159841703, 54.164840647092298 ], [ 38.389216422480203, 54.164507761858502 ], [ 38.389396574080997, 54.164166671024198 ], [ 38.389535737871199, 54.163819036526199 ], [ 38.389633236842599, 54.163466552142999 ], [ 38.389688597030997, 54.163110935239501 ], [ 38.389701549805402, 54.162753918398799 ] ] ] } },
{ "type": "Feature", "properties": { "dataset_code": "SP", "source_file": "СП(2).kml", "placemark_index": 79, "organization_code": "SP", "organization_name_raw": "СП / Спасское", "farm_name_raw": "", "region_name_raw": "", "district_name_raw": "", "field_external_key": "SP:1.9", "field_code_raw": "1.9", "field_name_raw": "1.9", "field_code_unique_status": "unique", "source_fid": "154", "declared_area_ha": 67.35, "geometry_area_ha": 67.347435, "area_diff_ha": -0.002565, "area_diff_pct": -0.003809, "area_quality_status": "ok", "geometry_type": "Polygon", "polygon_count": 1, "inner_ring_count": 0, "geometry_valid": true, "geometry_validity_reason": "Valid Geometry", "centroid_lon": 38.375516367000003, "centroid_lat": 54.171646488999997, "representative_lon": 38.378373224000001, "representative_lat": 54.171712902000003, "centroid_within_geometry": true, "weather_point_lon_candidate": 38.375516367000003, "weather_point_lat_candidate": 54.171646488999997, "active_2026_candidate": false, "active_reason": "sp_no_irrigation_2026_flag_not_active", "season_year_candidate": null, "crop_raw": "", "crop_code_candidate": "", "crop_parameter_set_candidate_key": "", "regional_crop_parameter_set_candidate_key": "", "crop_parameter_candidate_status": "no_crop_in_kml", "crop_parameter_candidate_comment_ru": "В СП(2).kml культура не задана для этого поля.", "sowing_date_raw": "", "calculation_ready": false, "calculation_blockers_json": [ ], "geometry_hash_sha256": "dab19085bd39467c475b20e1de0ef8bda00dfdc1219c7ff6e49676937b27fb9d", "source_attributes_json": { "area_": "67.35", "fid": "154", "kml_name": "1.9" } }, "geometry": { "type": "Polygon", "coordinates": [ [ [ 38.377869542912002, 54.167600842287598 ], [ 38.377827444253001, 54.167592225945697 ], [ 38.3773053472706, 54.167460737365303 ], [ 38.376985262650699, 54.167391403682103 ], [ 38.376470152701501, 54.1673028393582 ], [ 38.375945909203303, 54.167235201753201 ], [ 38.375414998066901, 54.1671888090167 ], [ 38.374879916535903, 54.167163879368303 ], [ 38.374343181451401, 54.167160530072103 ], [ 38.373807317424998, 54.1671787768854 ], [ 38.3732748449764, 54.167218533984901 ], [ 38.372748268688802, 54.167279614369498 ], [ 38.37223006544, 54.1673617307397 ], [ 38.371722672762402, 54.167464496846598 ], [ 38.371228477387398, 54.1675874293079 ], [ 38.370749804027902, 54.167729949878698 ], [ 38.370288904450902, 54.167891388169302 ], [ 38.369847946891497, 54.168070984795598 ], [ 38.369429005858102, 54.168267894948499 ], [ 38.369034052377401, 54.168481192363799 ], [ 38.368664944723101, 54.168709873677003 ], [ 38.368323419673999, 54.1689528631386 ], [ 38.368011084340502, 54.169209017672301 ], [ 38.367729408600503, 54.169477132247998 ], [ 38.367479718177499, 54.169755945547998 ], [ 38.374528379660198, 54.171750868129401 ], [ 38.368067466205702, 54.174342137625402 ], [ 38.368405644374803, 54.174602050569 ], [ 38.368773419267697, 54.174847741402402 ], [ 38.369169058563102, 54.1750780525186 ], [ 38.369590698558603, 54.175291898756399 ], [ 38.370036352950002, 54.175488272516901 ], [ 38.370503922190601, 54.175666248514602 ], [ 38.370991203385898, 54.175824988141301 ], [ 38.371495900677701, 54.175963743420198 ], [ 38.3720156360679, 54.176081860534197 ], [ 38.372547960631501, 54.176178782908998 ], [ 38.373090366064602, 54.176254053838399 ], [ 38.373640296514402, 54.176307318638202 ], [ 38.374195160634201, 54.176338326319502 ], [ 38.3742032527257, 54.176073433958599 ], [ 38.374695615384198, 54.1760751593443 ], [ 38.375187104810699, 54.1760578789427 ], [ 38.375675591366402, 54.176021667632803 ], [ 38.376158958437003, 54.1759666823217 ], [ 38.3766351116126, 54.175893161263602 ], [ 38.377101987770502, 54.175801423026599 ], [ 38.377557564022297, 54.175691865110899 ], [ 38.377999866485602, 54.175564962225003 ], [ 38.378426978842697, 54.175421264226998 ], [ 38.3786736560088, 54.175645552793803 ], [ 38.379119010418599, 54.175469660902799 ], [ 38.379542759143497, 54.175276270197898 ], [ 38.379942908158398, 54.175066290859299 ], [ 38.380317574592901, 54.174840711126102 ], [ 38.3806649955919, 54.174600592641099 ], [ 38.380983536610401, 54.1743470654513 ], [ 38.3812716991008, 54.174081322686398 ], [ 38.381528127559797, 54.173804614940202 ], [ 38.381751615899198, 54.173518244382599 ], [ 38.381941113112298, 54.173223558628301 ], [ 38.382095728208398, 54.172921944392797 ], [ 38.382214734393699, 54.172614820965002 ], [ 38.382297572477398, 54.172303633525999 ], [ 38.382343853488798, 54.171989846347699 ], [ 38.382353360492097, 54.171674935901898 ], [ 38.382326049592201, 54.171360383912102 ], [ 38.382262050125, 54.171047670381697 ], [ 38.382161664033198, 54.170738266631098 ], [ 38.382025364430703, 54.170433628375697 ], [ 38.3818537933615, 54.170135188878199 ], [ 38.381647758765503, 54.1698443522072 ], [ 38.381408230664199, 54.169562486633701 ], [ 38.381136336585698, 54.169290918196303 ], [ 38.380833356249802, 54.169030924465403 ], [ 38.380500715539597, 54.168783728536397 ], [ 38.380139979786399, 54.168550493279 ], [ 38.379752846401097, 54.168332315869598 ], [ 38.379341136886303, 54.168130222634503 ], [ 38.378906788266001, 54.1679451642242 ], [ 38.3784518439751, 54.1677780111457 ], [ 38.377978444248903, 54.167629549670799 ], [ 38.377869542912002, 54.167600842287598 ] ] ] } },
{ "type": "Feature", "properties": { "dataset_code": "SP", "source_file": "СП(2).kml", "placemark_index": 80, "organization_code": "SP", "organization_name_raw": "СП / Спасское", "farm_name_raw": "", "region_name_raw": "", "district_name_raw": "", "field_external_key": "SP:1.8", "field_code_raw": "1.8", "field_name_raw": "1.8", "field_code_unique_status": "unique", "source_fid": "156", "declared_area_ha": 71.45, "geometry_area_ha": 71.451331, "area_diff_ha": 0.001331, "area_diff_pct": 0.001862, "area_quality_status": "ok", "geometry_type": "Polygon", "polygon_count": 1, "inner_ring_count": 0, "geometry_valid": true, "geometry_validity_reason": "Valid Geometry", "centroid_lon": 38.390735722000002, "centroid_lat": 54.170105368999998, "representative_lon": 38.390721974000002, "representative_lat": 54.170094823, "centroid_within_geometry": true, "weather_point_lon_candidate": 38.390735722000002, "weather_point_lat_candidate": 54.170105368999998, "active_2026_candidate": false, "active_reason": "sp_no_irrigation_2026_flag_not_active", "season_year_candidate": null, "crop_raw": "", "crop_code_candidate": "", "crop_parameter_set_candidate_key": "", "regional_crop_parameter_set_candidate_key": "", "crop_parameter_candidate_status": "no_crop_in_kml", "crop_parameter_candidate_comment_ru": "В СП(2).kml культура не задана для этого поля.", "sowing_date_raw": "", "calculation_ready": false, "calculation_blockers_json": [ ], "geometry_hash_sha256": "dfa86353a07be3fb1b5d18f47b57de3de5d659d97f6904e7d6a57cb1c3d9bc48", "source_attributes_json": { "area_": "71.45", "fid": "156", "kml_name": "1.8" } }, "geometry": { "type": "Polygon", "coordinates": [ [ [ 38.387438939775102, 54.166258935135197 ], [ 38.387337236475801, 54.166327053317197 ], [ 38.386905252713802, 54.1665785803849 ], [ 38.3864444147071, 54.166811811076201 ], [ 38.385956967765097, 54.167025608798099 ], [ 38.385445286983, 54.167218931642402 ], [ 38.385156051436198, 54.1673121441276 ], [ 38.385053874300603, 54.167380573487399 ], [ 38.3847449613123, 54.167619172282699 ], [ 38.384465162545503, 54.167869833298603 ], [ 38.384215841464702, 54.168131335544302 ], [ 38.383998213145098, 54.168402405197099 ], [ 38.383813338345199, 54.168681721803999 ], [ 38.383662118328999, 54.168967924711801 ], [ 38.383545290464099, 54.1692596196932 ], [ 38.383463424616899, 54.1695553857367 ], [ 38.383416920362798, 54.169853781968101 ], [ 38.383406005025002, 54.170153354668301 ], [ 38.383430732552704, 54.170452644355798 ], [ 38.383490983242901, 54.170750192896399 ], [ 38.3835864643086, 54.171044550607697 ], [ 38.3837167112912, 54.171334283323098 ], [ 38.3838810903084, 54.171617979380301 ], [ 38.384078801130599, 54.171894256501098 ], [ 38.384308881066502, 54.172161768528397 ], [ 38.384570209643897, 54.1724192119881 ], [ 38.384861514058699, 54.1726653324422 ], [ 38.385181375369598, 54.172898930604902 ], [ 38.385528235405303, 54.173118868189398 ], [ 38.385900404353002, 54.1733240734576 ], [ 38.3862960689898, 54.173513546445903 ], [ 38.386713301517503, 54.173686363841497 ], [ 38.387150068957801, 54.173841683484703 ], [ 38.3876042430621, 54.173978748475903 ], [ 38.388073610686803, 54.174096890867403 ], [ 38.388555884584399, 54.174195534920699 ], [ 38.389048714557497, 54.174274199914599 ], [ 38.389549698920099, 54.174332502490103 ], [ 38.390056396211598, 54.174370158520098 ], [ 38.390566337105497, 54.174386984495399 ], [ 38.391077036453702, 54.174382898419303 ], [ 38.391586005409501, 54.174357920208301 ], [ 38.392090763567403, 54.174312171594103 ], [ 38.392588851062598, 54.174245875530403 ], [ 38.393077840569603, 54.174159355104798 ], [ 38.393555349140698, 54.174053031962998 ], [ 38.394019049828898, 54.173927424252298 ], [ 38.3944666830348, 54.173783144094003 ], [ 38.3948960675256, 54.173620894597903 ], [ 38.395305111069099, 54.173441466433097 ], [ 38.395691820633402, 54.173245733972301 ], [ 38.396054312101001, 54.173034651026903 ], [ 38.3963908194495, 54.172809246196799 ], [ 38.396699703356099, 54.1725706178538 ], [ 38.396979459181999, 54.172319928786898 ], [ 38.3972287242985, 54.172058400532599 ], [ 38.3974462847194, 54.171787307420203 ], [ 38.397631081008001, 54.171507970359201 ], [ 38.3977822134284, 54.171221750400797 ], [ 38.397898946318001, 54.170930042104203 ], [ 38.397980711658803, 54.170634266740102 ], [ 38.398027111831901, 54.170335865364201 ], [ 38.398037921539697, 54.170036291795498 ], [ 38.398013088889101, 54.169737005532603 ], [ 38.397952735629097, 54.169439464642998 ], [ 38.397857156543097, 54.169145118660097 ], [ 38.3977268179977, 54.1688554015224 ], [ 38.3975623556572, 54.168571724588901 ], [ 38.397364571373103, 54.168295469765603 ], [ 38.397134429266501, 54.168027982775399 ], [ 38.396873051019703, 54.167770566605398 ], [ 38.396581710403503, 54.167524475162303 ], [ 38.396261827064002, 54.1672909071671 ], [ 38.3959149596011, 54.167071000319602 ], [ 38.395542797972197, 54.166865825759601 ], [ 38.395147155257703, 54.166676382852998 ], [ 38.394729958829203, 54.166503594327096 ], [ 38.394293240962199, 54.166348301779799 ], [ 38.393839128940698, 54.166211261583001 ], [ 38.393369834699698, 54.166093141201898 ], [ 38.392887644058398, 54.165994515946899 ], [ 38.392394905593797, 54.165915866172902 ], [ 38.391894019210802, 54.165857574942898 ], [ 38.3913874244627, 54.165819926163103 ], [ 38.390877588680397, 54.165803103201704 ], [ 38.390366994966001, 54.165807187996599 ], [ 38.389858130110198, 54.165832160656301 ], [ 38.389353472492203, 54.165877899557003 ], [ 38.388855480019998, 54.1659441819343 ], [ 38.388366578169602, 54.166030684966898 ], [ 38.387889148182502, 54.166136987347599 ], [ 38.387438939775102, 54.166258935135197 ] ] ] } },
{ "type": "Feature", "properties": { "dataset_code": "SP", "source_file": "СП(2).kml", "placemark_index": 81, "organization_code": "SP", "organization_name_raw": "СП / Спасское", "farm_name_raw": "", "region_name_raw": "", "district_name_raw": "", "field_external_key": "SP:2.1", "field_code_raw": "2.1", "field_name_raw": "2.1", "field_code_unique_status": "unique", "source_fid": "157", "declared_area_ha": 94.53, "geometry_area_ha": 94.533421, "area_diff_ha": 0.003421, "area_diff_pct": 0.003619, "area_quality_status": "ok", "geometry_type": "Polygon", "polygon_count": 1, "inner_ring_count": 0, "geometry_valid": true, "geometry_validity_reason": "Valid Geometry", "centroid_lon": 38.349291307999998, "centroid_lat": 54.128327306000003, "representative_lon": 38.349291307999998, "representative_lat": 54.128326942000001, "centroid_within_geometry": true, "weather_point_lon_candidate": 38.349291307999998, "weather_point_lat_candidate": 54.128327306000003, "active_2026_candidate": true, "active_reason": "sp_irrigation_2026_flag_1", "season_year_candidate": null, "crop_raw": "картофель среднеспелый", "crop_code_candidate": "potato", "crop_parameter_set_candidate_key": "aquacrop_v7_3_reference_potato", "regional_crop_parameter_set_candidate_key": "aquacrop_v7_3_regional_potato_tula_oblast", "crop_parameter_candidate_status": "reference_selected_region_needs_confirmation", "crop_parameter_candidate_comment_ru": "В СП(2).kml регион не указан. Для безопасной первичной загрузки выбран reference potato; региональный набор potato_tula_oblast указан как кандидат и требует подтверждения, что СП относится к Тульской области/соответствующему региональному сценарию.", "sowing_date_raw": "", "calculation_ready": false, "calculation_blockers_json": [ "missing_sowing_date", "missing_soil_profile" ], "geometry_hash_sha256": "2a4195026a4f7f8916e07fea8cd4aa26cd3a608322b0bb1d441525dce302742b", "source_attributes_json": { "area_": "94.53", "crop": "картофель среднеспелый", "fid": "157", "kml_name": "2.1", "полив в 2026 году": "1" } }, "geometry": { "type": "Polygon", "coordinates": [ [ [ 38.357684980641402, 54.128262645017401 ], [ 38.357656828373202, 54.127918915290699 ], [ 38.357587921400103, 54.127577176224001 ], [ 38.357478596414403, 54.127239092662599 ], [ 38.357329386977902, 54.1269063116032 ], [ 38.3571410209032, 54.126580454172498 ], [ 38.356914416691303, 54.126263107731702 ], [ 38.356650679040897, 54.125955818146899 ], [ 38.356351093452901, 54.125660082261803 ], [ 38.356017119955801, 54.125377340609802 ], [ 38.355650385983502, 54.125108970401499 ], [ 38.355252678439598, 54.124856278819699 ], [ 38.354825934987602, 54.124620496657201 ], [ 38.354372234609897, 54.1244027723261 ], [ 38.353893787479798, 54.124204166268299 ], [ 38.353392924198502, 54.124025645795101 ], [ 38.3528720844471, 54.1238680803799 ], [ 38.352333805109701, 54.123732237426999 ], [ 38.351780707926103, 54.123618778538003 ], [ 38.351215486732201, 54.123528256292197 ], [ 38.3506408943514, 54.123461111558299 ], [ 38.350059729200503, 54.123417671349301 ], [ 38.349474821674299, 54.123398147231299 ], [ 38.348889020374898, 54.123402634294401 ], [ 38.348305178253902, 54.1234311106899 ], [ 38.347726138732398, 54.123483437736503 ], [ 38.347154721867398, 54.123559360594797 ], [ 38.346593710632199, 54.123658509507202 ], [ 38.346045837375101, 54.123780401596903 ], [ 38.345513770524398, 54.123924443216701 ], [ 38.3450001016028, 54.124089932837997 ], [ 38.344507332614398, 54.124276064463501 ], [ 38.344037863865502, 54.124481931549496 ], [ 38.343593982279003, 54.124706531416997 ], [ 38.343177850258002, 54.124948770131098 ], [ 38.342791495153399, 54.125207467825 ], [ 38.342436799387499, 54.125481364442301 ], [ 38.342115491279699, 54.125769125870299 ], [ 38.341829136621101, 54.126069350433802 ], [ 38.341579131038401, 54.126380575719203 ], [ 38.3413666931839, 54.126701285693898 ], [ 38.341192858785597, 54.127029918088198 ], [ 38.341058475586898, 54.127364872002303 ], [ 38.340964199200002, 54.127704515702902 ], [ 38.340910489894, 54.1280471945703 ], [ 38.340897610333798, 54.128391239157502 ], [ 38.340925624281297, 54.1287349733228 ], [ 38.340994396264598, 54.129076722395602 ], [ 38.341103592218502, 54.1294148213358 ], [ 38.341252681092797, 54.129747622847503 ], [ 38.341440937421602, 54.130073505405697 ], [ 38.341667444839899, 54.130390881160402 ], [ 38.341931100532904, 54.130698203674797 ], [ 38.342230620594997, 54.1309939754642 ], [ 38.342564546273003, 54.131276755296398 ], [ 38.342931251063902, 54.131545165217702 ], [ 38.343328948631999, 54.1317978972723 ], [ 38.343755701507902, 54.132033719879601 ], [ 38.3442094305259, 54.132251483840498 ], [ 38.344687924955103, 54.132450127941503 ], [ 38.345188853273797, 54.1326286841309 ], [ 38.345709774535003, 54.132786282240303 ], [ 38.346248150268003, 54.132922154228702 ], [ 38.346801356856901, 54.133035637929702 ], [ 38.347366698336401, 54.133126180280897 ], [ 38.347941419541698, 54.133193340022203 ], [ 38.348522719548598, 54.133236789848702 ], [ 38.3491077653376, 54.133256318007 ], [ 38.349693705615401, 54.133251829328302 ], [ 38.350277684725299, 54.133223345692699 ], [ 38.350856856580101, 54.133171005922698 ], [ 38.351428398546801, 54.133095065105103 ], [ 38.351989525217199, 54.1329958933471 ], [ 38.352537501996302, 54.132873973970199 ], [ 38.353069658440702, 54.1327299011527 ], [ 38.353583401283998, 54.132564377030398 ], [ 38.354076227083297, 54.1323782082722 ], [ 38.354545734426402, 54.132172302144497 ], [ 38.354989635639399, 54.131947662086198 ], [ 38.3554057679371, 54.131705382814502 ], [ 38.355792103962997, 54.131446644985502 ], [ 38.356146761666501, 54.131172709436903 ], [ 38.356468013468898, 54.130884911039097 ], [ 38.356754294675, 54.130584652186897 ], [ 38.357004211087698, 54.130273395961297 ], [ 38.3572165457905, 54.129952658997098 ], [ 38.357390265063003, 54.129624004089301 ], [ 38.357524523402503, 54.129289032575898 ], [ 38.3576186676272, 54.128949376532702 ], [ 38.357672240040401, 54.128606690819801 ], [ 38.357684980641402, 54.128262645017401 ] ] ] } },
{ "type": "Feature", "properties": { "dataset_code": "SP", "source_file": "СП(2).kml", "placemark_index": 82, "organization_code": "SP", "organization_name_raw": "СП / Спасское", "farm_name_raw": "", "region_name_raw": "", "district_name_raw": "", "field_external_key": "SP:2.3", "field_code_raw": "2.3", "field_name_raw": "2.3", "field_code_unique_status": "unique", "source_fid": "158", "declared_area_ha": 51.05, "geometry_area_ha": 51.054859, "area_diff_ha": 0.004859, "area_diff_pct": 0.009518, "area_quality_status": "ok", "geometry_type": "Polygon", "polygon_count": 1, "inner_ring_count": 0, "geometry_valid": true, "geometry_validity_reason": "Valid Geometry", "centroid_lon": 38.326221336000003, "centroid_lat": 54.13672256, "representative_lon": 38.326221336000003, "representative_lat": 54.136722362999997, "centroid_within_geometry": true, "weather_point_lon_candidate": 38.326221336000003, "weather_point_lat_candidate": 54.13672256, "active_2026_candidate": false, "active_reason": "sp_no_irrigation_2026_flag_not_active", "season_year_candidate": null, "crop_raw": "", "crop_code_candidate": "", "crop_parameter_set_candidate_key": "", "regional_crop_parameter_set_candidate_key": "", "crop_parameter_candidate_status": "no_crop_in_kml", "crop_parameter_candidate_comment_ru": "В СП(2).kml культура не задана для этого поля.", "sowing_date_raw": "", "calculation_ready": false, "calculation_blockers_json": [ ], "geometry_hash_sha256": "9397bcc8d078ebc381c5c2c519a9aeedab21f20e146869ea54f64ccf478036fe", "source_attributes_json": { "area_": "51.05", "fid": "158", "kml_name": "2.3" } }, "geometry": { "type": "Polygon", "coordinates": [ [ [ 38.332391087956701, 54.136676288988298 ], [ 38.332370548040103, 54.136423679390496 ], [ 38.332320050463501, 54.136172526460399 ], [ 38.332239841778403, 54.1359240537506 ], [ 38.332130313262198, 54.135679471734598 ], [ 38.331991999002099, 54.135439971910898 ], [ 38.331825573284199, 54.135206720999697 ], [ 38.331631847299597, 54.134980855260402 ], [ 38.331411765185202, 54.134763474958604 ], [ 38.331166399417398, 54.1345556390078 ], [ 38.330896945582303, 54.134358359813397 ], [ 38.330604716547398, 54.134172598343397 ], [ 38.330291136062797, 54.133999259449503 ], [ 38.329957731824202, 54.133839187461902 ], [ 38.329606128031102, 54.133693162078998 ], [ 38.329238037475598, 54.133561894571997 ], [ 38.3288552532021, 54.133446024322197 ], [ 38.3284596397759, 54.133346115708697 ], [ 38.328053124206399, 54.133262655361797 ], [ 38.327637686565602, 54.133196049794002 ], [ 38.327215350350002, 54.133146623421602 ], [ 38.326788172631701, 54.133114616985701 ], [ 38.326358234046197, 54.133100186380297 ], [ 38.325927628666101, 54.133103401893898 ], [ 38.3254984538098, 54.133124247866903 ], [ 38.325072799834203, 54.133162622768303 ], [ 38.324652739960896, 54.1332183396893 ], [ 38.324240320186099, 54.133291127253401 ], [ 38.323837549322299, 54.133380630936799 ], [ 38.323446389220301, 54.133486414793801 ], [ 38.323068745219302, 54.133607963579003 ], [ 38.322706456871003, 54.133744685254797 ], [ 38.322361288983501, 54.133895913873197 ], [ 38.322034923027502, 54.134060912817297 ], [ 38.321728948946998, 54.134238878387301 ], [ 38.321444857415599, 54.1344289437125 ], [ 38.321184032573001, 54.134630182972103 ], [ 38.320947745281401, 54.134841615901998 ], [ 38.320737146929901, 54.135062212568201 ], [ 38.320553263821601, 54.135290898380902 ], [ 38.320396992167602, 54.135526559328 ], [ 38.320269093713797, 54.135768047399502 ], [ 38.320170192022204, 54.136014186178798 ], [ 38.320100769423902, 54.136263776572001 ], [ 38.3200611646594, 54.1365156026487 ], [ 38.320051571218897, 54.136768437564598 ], [ 38.320072036388403, 54.137021049538497 ], [ 38.320122461009099, 54.137272207852902 ], [ 38.320202599949504, 54.137520688850501 ], [ 38.320312063289798, 54.137765281896499 ], [ 38.320450318211201, 54.138004795277702 ], [ 38.3206166915827, 54.138238062010103 ], [ 38.320810373232099, 54.138463945526098 ], [ 38.321030419885297, 54.138681345214401 ], [ 38.321275759756297, 54.138889201783897 ], [ 38.321545197762703, 54.1390865024281 ], [ 38.3218374213454, 54.1392722857614 ], [ 38.322151006860501, 54.139445646506601 ], [ 38.322484426514102, 54.139605739907999 ], [ 38.322836055806803, 54.139751785850599 ], [ 38.323204181450102, 54.139883072662997 ], [ 38.323587009716803, 54.139998960588301 ], [ 38.323982675185199, 54.140098884903097 ], [ 38.324389249832997, 54.140182358671503 ], [ 38.324804752438403, 54.140248975119903 ], [ 38.325227158240203, 54.140298409620101 ], [ 38.325654408812198, 54.140330421272999 ], [ 38.326084422100699, 54.140344854082898 ], [ 38.326515102579002, 54.1403416377184 ], [ 38.326944351467098, 54.1403207878557 ], [ 38.327370076967298, 54.140282406101498 ], [ 38.3277902044656, 54.1402266794979 ], [ 38.328202686649703, 54.140153879610097 ], [ 38.328605513492398, 54.140064361201603 ], [ 38.328996722053297, 54.139958560504603 ], [ 38.32937440605, 54.139836993092402 ], [ 38.329736725152202, 54.139700251365099 ], [ 38.3300819139534, 54.139549001661102 ], [ 38.330408290575797, 54.139383981007597 ], [ 38.330714264867602, 54.139205993527 ], [ 38.330998346151503, 54.139015906516399 ], [ 38.331259150486702, 54.138814646218698 ], [ 38.331495407410699, 54.138603193307503 ], [ 38.331705966125099, 54.138382578105897 ], [ 38.331889801098498, 54.1381538755641 ], [ 38.332046017056498, 54.137918200020003 ], [ 38.332173853337402, 54.137676699767702 ], [ 38.332272687589203, 54.137430551461001 ], [ 38.332342038793698, 54.137180954378998 ], [ 38.332381569599697, 54.136929124582601 ], [ 38.332391087956701, 54.136676288988298 ] ] ] } },
{ "type": "Feature", "properties": { "dataset_code": "SP", "source_file": "СП(2).kml", "placemark_index": 83, "organization_code": "SP", "organization_name_raw": "СП / Спасское", "farm_name_raw": "", "region_name_raw": "", "district_name_raw": "", "field_external_key": "SP:2.2", "field_code_raw": "2.2", "field_name_raw": "2.2", "field_code_unique_status": "unique", "source_fid": "159", "declared_area_ha": 81.99, "geometry_area_ha": 81.985384, "area_diff_ha": -0.004616, "area_diff_pct": -0.00563, "area_quality_status": "ok", "geometry_type": "Polygon", "polygon_count": 1, "inner_ring_count": 0, "geometry_valid": true, "geometry_validity_reason": "Valid Geometry", "centroid_lon": 38.331309302999998, "centroid_lat": 54.127969553, "representative_lon": 38.331309302999998, "representative_lat": 54.127969237000002, "centroid_within_geometry": true, "weather_point_lon_candidate": 38.331309302999998, "weather_point_lat_candidate": 54.127969553, "active_2026_candidate": false, "active_reason": "sp_no_irrigation_2026_flag_not_active", "season_year_candidate": null, "crop_raw": "", "crop_code_candidate": "", "crop_parameter_set_candidate_key": "", "regional_crop_parameter_set_candidate_key": "", "crop_parameter_candidate_status": "no_crop_in_kml", "crop_parameter_candidate_comment_ru": "В СП(2).kml культура не задана для этого поля.", "sowing_date_raw": "", "calculation_ready": false, "calculation_blockers_json": [ ], "geometry_hash_sha256": "eb42d3d579ae9c0fcb967c931fb301c5363376442af66a083993e4c9b7b25f85", "source_attributes_json": { "area_": "81.99", "fid": "159", "kml_name": "2.2" } }, "geometry": { "type": "Polygon", "coordinates": [ [ [ 38.339126036199502, 54.127910527090101 ], [ 38.339099962143798, 54.127590417895597 ], [ 38.339035933875401, 54.127272156693699 ], [ 38.3389342641875, 54.126957293957801 ], [ 38.338795449221202, 54.126647363570399 ], [ 38.338620166031902, 54.1263438753518 ], [ 38.338409269276099, 54.1260483077073 ], [ 38.338163787034297, 54.125762100427202 ], [ 38.337884915789999, 54.125486647676603 ], [ 38.337574014590501, 54.125223291206296 ], [ 38.337232598418097, 54.124973313821201 ], [ 38.336862330802902, 54.124737933134703 ], [ 38.336465015715, 54.124518295641899 ], [ 38.336042588774298, 54.124315471138701 ], [ 38.335597107821499, 54.124130447514901 ], [ 38.335130742896197, 54.123964125946401 ], [ 38.334645765670501, 54.123817316509196 ], [ 38.334144538389303, 54.123690734237101 ], [ 38.333629502372297, 54.123584995642503 ], [ 38.333103166131302, 54.123500615715997 ], [ 38.332568093163097, 54.123438005421001 ], [ 38.332026889474797, 54.123397469693401 ], [ 38.331482190903401, 54.123379205958102 ], [ 38.330936650291299, 54.123383303168403 ], [ 38.330392924578298, 54.123409741373301 ], [ 38.3298536618749, 54.123458391813898 ], [ 38.329321488577598, 54.123529017550702 ], [ 38.328798996589697, 54.123621274615303 ], [ 38.328288730709097, 54.123734713685103 ], [ 38.327793176244597, 54.123868782268701 ], [ 38.3273147469205, 54.124022827394597 ], [ 38.326855773128301, 54.124196098788701 ], [ 38.326418490582, 54.124387752524697 ], [ 38.326005029433396, 54.124596855131998 ], [ 38.325617403898796, 54.124822388137801 ], [ 38.325257502448203, 54.125063253024599 ], [ 38.324927078605299, 54.125318276576799 ], [ 38.324627742401702, 54.1255862165915 ], [ 38.324360952528799, 54.125865767926101 ], [ 38.324128009223998, 54.126155568851601 ], [ 38.323930047927099, 54.126454207682798 ], [ 38.3237680337377, 54.126760229652398 ], [ 38.323642756700501, 54.127072143994802 ], [ 38.323554827942097, 54.127388431206299 ], [ 38.323504676678603, 54.127707550445699 ], [ 38.323492548107801, 54.128027947039797 ], [ 38.323518502198297, 54.128348060056602 ], [ 38.323582413379398, 54.128666329909699 ], [ 38.323683971136902, 54.128981205957501 ], [ 38.323822681508197, 54.1292911540584 ], [ 38.3239978694738, 54.129594664047303 ], [ 38.324208682230598, 54.129890257095198 ], [ 38.324454093333102, 54.130176492917201 ], [ 38.324732907682503, 54.130451976792799 ], [ 38.325043767338599, 54.130715366365401 ], [ 38.3253851581281, 54.130965378185799 ], [ 38.325755417014598, 54.131200793970201 ], [ 38.326152740197998, 54.131420466540597 ], [ 38.326575191901, 54.131623325418197 ], [ 38.327020713800799, 54.131808382044099 ], [ 38.3274871350607, 54.131974734600199 ], [ 38.327972182912298, 54.1321215724073 ], [ 38.328473493735899, 54.132248179879397 ], [ 38.328988624585897, 54.132353940013601 ], [ 38.329515065104502, 54.132438337400004 ], [ 38.330050249765399, 54.132500960735499 ], [ 38.330591570387497, 54.1325415048304 ], [ 38.3311363888578, 54.132559772096798 ], [ 38.331682050000197, 54.132555673512599 ], [ 38.332225894528897, 54.132529229055798 ], [ 38.332765272020801, 54.132480567606699 ], [ 38.3332975538451, 54.132409926319397 ], [ 38.333820145986301, 54.132317649464703 ], [ 38.334330501697103, 54.132204186750499 ], [ 38.334826133920103, 54.132070091128398 ], [ 38.335304627417699, 54.131916016096099 ], [ 38.335763650549197, 54.131742712509997 ], [ 38.336200966640398, 54.1315510249227 ], [ 38.3366144448865, 54.131341887463897 ], [ 38.3370020707384, 54.131116319284601 ], [ 38.337361955719899, 54.130875419587099 ], [ 38.337692346628003, 54.130620362264402 ], [ 38.337991634071997, 54.130352390176597 ], [ 38.338258360309602, 54.130072809090798 ], [ 38.338491226342001, 54.129782981315003 ], [ 38.338689098233502, 54.1294843190569 ], [ 38.338851012624502, 54.1291782775399 ], [ 38.338976181412903, 54.128866347909998 ], [ 38.339063995578897, 54.128550049968602 ], [ 38.339114028136898, 54.128230924765496 ], [ 38.339126036199502, 54.127910527090101 ] ] ] } },
{ "type": "Feature", "properties": { "dataset_code": "SP", "source_file": "СП(2).kml", "placemark_index": 84, "organization_code": "SP", "organization_name_raw": "СП / Спасское", "farm_name_raw": "", "region_name_raw": "", "district_name_raw": "", "field_external_key": "SP:3.4", "field_code_raw": "3.4", "field_name_raw": "3.4", "field_code_unique_status": "unique", "source_fid": "160", "declared_area_ha": 71.67, "geometry_area_ha": 71.673089, "area_diff_ha": 0.003089, "area_diff_pct": 0.00431, "area_quality_status": "ok", "geometry_type": "Polygon", "polygon_count": 1, "inner_ring_count": 0, "geometry_valid": true, "geometry_validity_reason": "Valid Geometry", "centroid_lon": 38.377455212999998, "centroid_lat": 54.125727359000003, "representative_lon": 38.377455212999998, "representative_lat": 54.125727083000001, "centroid_within_geometry": true, "weather_point_lon_candidate": 38.377455212999998, "weather_point_lat_candidate": 54.125727359000003, "active_2026_candidate": true, "active_reason": "sp_irrigation_2026_flag_1", "season_year_candidate": null, "crop_raw": "картофель среднеспелый", "crop_code_candidate": "potato", "crop_parameter_set_candidate_key": "aquacrop_v7_3_reference_potato", "regional_crop_parameter_set_candidate_key": "aquacrop_v7_3_regional_potato_tula_oblast", "crop_parameter_candidate_status": "reference_selected_region_needs_confirmation", "crop_parameter_candidate_comment_ru": "В СП(2).kml регион не указан. Для безопасной первичной загрузки выбран reference potato; региональный набор potato_tula_oblast указан как кандидат и требует подтверждения, что СП относится к Тульской области/соответствующему региональному сценарию.", "sowing_date_raw": "", "calculation_ready": false, "calculation_blockers_json": [ "missing_sowing_date", "missing_soil_profile" ], "geometry_hash_sha256": "ce8e4e1907cdb005fcdc6f91545d7ebf95d7c46f1791d31dfe48bbc2c607ed8e", "source_attributes_json": { "area_": "71.67", "crop": "картофель среднеспелый", "fid": "160", "kml_name": "3.4", "полив в 2026 году": "1" } }, "geometry": { "type": "Polygon", "coordinates": [ [ [ 38.384763371957703, 54.125669389246397 ], [ 38.384738665394899, 54.125370097552299 ], [ 38.384678475551603, 54.125072547173602 ], [ 38.384583096413103, 54.124778187689998 ], [ 38.384452993369997, 54.124488453105997 ], [ 38.384288800937597, 54.1242047548659 ], [ 38.384091319651297, 54.123928474979799 ], [ 38.383861512154397, 54.123660959293197 ], [ 38.383600498498502, 54.1234035109334 ], [ 38.383309550677303, 54.123157383963999 ], [ 38.382990086422801, 54.122923777279802 ], [ 38.382643662293198, 54.122703828769303 ], [ 38.382271966086201, 54.122498609775697 ], [ 38.381876808615402, 54.122309119881699 ], [ 38.381460114888803, 54.122136282043897 ], [ 38.381023914734001, 54.121980938100599 ], [ 38.380570332913997, 54.121843844674601 ], [ 38.380101578782401, 54.121725669490701 ], [ 38.379619935528503, 54.121626988126003 ], [ 38.379127749064502, 54.121548281209499 ], [ 38.378627416607898, 54.121489932082198 ], [ 38.378121375015397, 54.121452224932597 ], [ 38.377612088925197, 54.121435343413197 ], [ 38.377102038763297, 54.121439369747002 ], [ 38.376593708674399, 54.121464284327303 ], [ 38.376089574434403, 54.121509965813097 ], [ 38.375592091403199, 54.121576191719399 ], [ 38.3751036825768, 54.121662639499803 ], [ 38.374626726795903, 54.121768888115902 ], [ 38.374163547169402, 54.1218944200862 ], [ 38.373716399766799, 54.122038624004198 ], [ 38.3732874626373, 54.122200797513898 ], [ 38.372878825205902, 54.122380150727601 ], [ 38.372492478100199, 54.122575810070401 ], [ 38.372130303456601, 54.122786822531999 ], [ 38.371794065752702, 54.123012160305201 ], [ 38.371485403210698, 54.1232507257889 ], [ 38.371205819814499, 54.1235013569313 ], [ 38.370956677978299, 54.123762832887003 ], [ 38.370739191902501, 54.124033879960898 ], [ 38.3705544216512, 54.124313177810002 ], [ 38.370403267977103, 54.1245993658722 ], [ 38.370286467922703, 54.124891049992598 ], [ 38.370204591216797, 54.125186809212401 ], [ 38.370158037485801, 54.125485202690697 ], [ 38.370147034291698, 54.125784776722 ], [ 38.370171636009701, 54.126084071818198 ], [ 38.370231723547597, 54.126381629819001 ], [ 38.370327004911601, 54.126676000996298 ], [ 38.370457016613798, 54.126965751117801 ], [ 38.370621125916998, 54.127249468437 ], [ 38.370818533903901, 54.127525770572298 ], [ 38.371048279357602, 54.1277933112451 ], [ 38.371309243434197, 54.128050786842103 ], [ 38.371600155105199, 54.128296942769097 ], [ 38.3719195973419, 54.1285305795681 ], [ 38.372266014014897, 54.128750558764203 ], [ 38.372637717471598, 54.128955808416897 ], [ 38.373032896757302, 54.129145328346901 ], [ 38.373449626439303, 54.1293181950129 ], [ 38.373885875990098, 54.129473566015498 ], [ 38.374339519685499, 54.129610684205304 ], [ 38.374808346967498, 54.129728881375499 ], [ 38.3752900732228, 54.1298275815208 ], [ 38.375782350923899, 54.129906303647097 ], [ 38.376282781077499, 54.129964664116997 ], [ 38.376788924925101, 54.130002378521397 ], [ 38.377298315838402, 54.130019263066501 ], [ 38.377808471351102, 54.130015235470502 ], [ 38.378316905268001, 54.129990315364502 ], [ 38.378821139792201, 54.1299446241973 ], [ 38.379318717612101, 54.129878384642097 ], [ 38.379807213886501, 54.129791919511099 ], [ 38.380284248072698, 54.129685650180399 ], [ 38.3807474955359, 54.129560094534703 ], [ 38.381194698885899, 54.129415864441299 ], [ 38.381623678984802, 54.129253662765599 ], [ 38.382032345571197, 54.129074279943602 ], [ 38.38241870745, 54.128878590126398 ], [ 38.382780882197302, 54.128667546917498 ], [ 38.383117105333604, 54.1284421787227 ], [ 38.383425738919897, 54.128203583735001 ], [ 38.383705279536201, 54.127952924580597 ], [ 38.3839543656008, 54.127691422650102 ], [ 38.384171783998802, 54.1274203521441 ], [ 38.384356475983601, 54.127141033861697 ], [ 38.3845075423257, 54.126854828762703 ], [ 38.384624247682403, 54.126563131333803 ], [ 38.384706024168104, 54.126267362792603 ], [ 38.384752474107202, 54.125968964161501 ], [ 38.384763371957703, 54.125669389246397 ] ] ] } },
{ "type": "Feature", "properties": { "dataset_code": "SP", "source_file": "СП(2).kml", "placemark_index": 85, "organization_code": "SP", "organization_name_raw": "СП / Спасское", "farm_name_raw": "", "region_name_raw": "", "district_name_raw": "", "field_external_key": "SP:1.5", "field_code_raw": "1.5", "field_name_raw": "1.5", "field_code_unique_status": "unique", "source_fid": "161", "declared_area_ha": 27.88, "geometry_area_ha": 27.883752, "area_diff_ha": 0.003752, "area_diff_pct": 0.013458, "area_quality_status": "ok", "geometry_type": "Polygon", "polygon_count": 1, "inner_ring_count": 0, "geometry_valid": true, "geometry_validity_reason": "Valid Geometry", "centroid_lon": 38.354907597, "centroid_lat": 54.160673997000004, "representative_lon": 38.354909231000001, "representative_lat": 54.160672968, "centroid_within_geometry": true, "weather_point_lon_candidate": 38.354907597, "weather_point_lat_candidate": 54.160673997000004, "active_2026_candidate": true, "active_reason": "sp_irrigation_2026_flag_1", "season_year_candidate": null, "crop_raw": "картофель среднеспелый", "crop_code_candidate": "potato", "crop_parameter_set_candidate_key": "aquacrop_v7_3_reference_potato", "regional_crop_parameter_set_candidate_key": "aquacrop_v7_3_regional_potato_tula_oblast", "crop_parameter_candidate_status": "reference_selected_region_needs_confirmation", "crop_parameter_candidate_comment_ru": "В СП(2).kml регион не указан. Для безопасной первичной загрузки выбран reference potato; региональный набор potato_tula_oblast указан как кандидат и требует подтверждения, что СП относится к Тульской области/соответствующему региональному сценарию.", "sowing_date_raw": "", "calculation_ready": false, "calculation_blockers_json": [ "missing_sowing_date", "missing_soil_profile" ], "geometry_hash_sha256": "c85d9296fae00a6342bd00122a151077b7fc7e10073d0043d45ed43a27223aa9", "source_attributes_json": { "area_": "27.88", "crop": "картофель среднеспелый", "fid": "161", "kml_name": "1.5", "полив в 2026 году": "1" } }, "geometry": { "type": "Polygon", "coordinates": [ [ [ 38.3594725585912, 54.160637812051903 ], [ 38.359457243405998, 54.160451085694099 ], [ 38.359419771135201, 54.160265441148901 ], [ 38.359360324631098, 54.160081782836102 ], [ 38.359279193789497, 54.159901005487498 ], [ 38.359176774131697, 54.159723989787999 ], [ 38.359053564872603, 54.159551598086097 ], [ 38.358910166484101, 54.159384670193603 ], [ 38.358747277765403, 54.1592240192955 ], [ 38.358565692435199, 54.159070427989299 ], [ 38.358538761900498, 54.159050738581598 ], [ 38.3584459425674, 54.159002802497 ], [ 38.358040274558697, 54.158762365255797 ], [ 38.3578189717472, 54.158611806034301 ], [ 38.357671352624898, 54.158541031488703 ], [ 38.357411217129403, 54.158433149644303 ], [ 38.357138894178398, 54.158336179919601 ], [ 38.3568557103616, 54.158250594664501 ], [ 38.356563045146203, 54.158176810771103 ], [ 38.356262324159701, 54.158115187644597 ], [ 38.355955012248501, 54.158066025453302 ], [ 38.355642606345803, 54.1580295636671 ], [ 38.355326628184102, 54.158005979891897 ], [ 38.355008616886103, 54.157995389004597 ], [ 38.3546901214727, 54.157997842594497 ], [ 38.354372693321899, 54.158013328711199 ], [ 38.354057878616103, 54.158041771923699 ], [ 38.353747210815698, 54.1580830336869 ], [ 38.353442203193097, 54.158136913016399 ], [ 38.3531443414658, 54.1582031474667 ], [ 38.352855076562797, 54.158281414409103 ], [ 38.352575817560599, 54.158371332602101 ], [ 38.352307924821602, 54.158472464047797 ], [ 38.352052703369601, 54.1585843161239 ], [ 38.3518113965347, 54.158706343982502 ], [ 38.351585179897299, 54.158837953202699 ], [ 38.351375155561399, 54.158978502685102 ], [ 38.351182346785698, 54.159127307773304 ], [ 38.3510076929973, 54.159283643587699 ], [ 38.350852045213401, 54.159446748555702 ], [ 38.350716161892699, 54.159615828120003 ], [ 38.350600705237497, 54.159790058608898 ], [ 38.350506237963501, 54.159968591247001 ], [ 38.350433220554102, 54.1601505562898 ], [ 38.350382009012101, 54.160335067259801 ], [ 38.350352853120199, 54.160521225264702 ], [ 38.350345895218297, 54.160708123376203 ], [ 38.350361169504303, 54.160894851048198 ], [ 38.350398601861798, 54.161080498552501 ], [ 38.350458010215398, 54.161264161411601 ], [ 38.350539105411997, 54.161444944805503 ], [ 38.350641492624, 54.161621967931303 ], [ 38.350764673267904, 54.161794368296199 ], [ 38.350908047429002, 54.161961305919696 ], [ 38.351070916779499, 54.162121967427503 ], [ 38.351252487977703, 54.162275570015296 ], [ 38.351451876530199, 54.162421365264699 ], [ 38.351668111098803, 54.162558642790003 ], [ 38.351900138232097, 54.162686733701797 ], [ 38.352146827496902, 54.162805013866901 ], [ 38.352406976985897, 54.162912906950602 ], [ 38.352679319175003, 54.163009887226799 ], [ 38.352962527100097, 54.163095482140299 ], [ 38.3532552208247, 54.163169274610702 ], [ 38.353555974166298, 54.163230905066001 ], [ 38.353863321648902, 54.163280073195303 ], [ 38.354175765646701, 54.163316539413103 ], [ 38.3544917836862, 54.1633401260273 ], [ 38.354809835867997, 54.163350718105598 ], [ 38.355128372375702, 54.163348264035697 ], [ 38.355445841031496, 54.163332775777199 ], [ 38.355760694864301, 54.163304328802802 ], [ 38.356071399652599, 54.163263061730902 ], [ 38.356376441403803, 54.1632091756492 ], [ 38.356674333736201, 54.163142933134502 ], [ 38.356963625124898, 54.163064656972601 ], [ 38.357242905978097, 54.162974728584402 ], [ 38.357510815508199, 54.162873586166398 ], [ 38.357766048364397, 54.162761722554201 ], [ 38.358007360994598, 54.162639682820398 ], [ 38.358233577705697, 54.162508061616897 ], [ 38.3584435963921, 54.162367500276503 ], [ 38.3586363939053, 54.162218683686298 ], [ 38.358811031037298, 54.162062336949901 ], [ 38.358966657095102, 54.161899221852401 ], [ 38.359102514042902, 54.161730133148097 ], [ 38.359217940191698, 54.161555894686799 ], [ 38.359312373419499, 54.161377355399097 ], [ 38.359385353905601, 54.161195385158798 ], [ 38.359436526365897, 54.1610108705447 ], [ 38.359465641778399, 54.160824710519798 ], [ 38.3594725585912, 54.160637812051903 ] ] ] } },
{ "type": "Feature", "properties": { "dataset_code": "SP", "source_file": "СП(2).kml", "placemark_index": 86, "organization_code": "SP", "organization_name_raw": "СП / Спасское", "farm_name_raw": "", "region_name_raw": "", "district_name_raw": "", "field_external_key": "SP:1.6", "field_code_raw": "1.6", "field_name_raw": "1.6", "field_code_unique_status": "unique", "source_fid": "163", "declared_area_ha": 92.59, "geometry_area_ha": 92.59374, "area_diff_ha": 0.00374, "area_diff_pct": 0.004039, "area_quality_status": "ok", "geometry_type": "Polygon", "polygon_count": 1, "inner_ring_count": 0, "geometry_valid": true, "geometry_validity_reason": "Valid Geometry", "centroid_lon": 38.364186484999998, "centroid_lat": 54.155427123000003, "representative_lon": 38.364205601999998, "representative_lat": 54.155511439000001, "centroid_within_geometry": true, "weather_point_lon_candidate": 38.364186484999998, "weather_point_lat_candidate": 54.155427123000003, "active_2026_candidate": true, "active_reason": "sp_irrigation_2026_flag_1", "season_year_candidate": null, "crop_raw": "картофель среднеспелый", "crop_code_candidate": "potato", "crop_parameter_set_candidate_key": "aquacrop_v7_3_reference_potato", "regional_crop_parameter_set_candidate_key": "aquacrop_v7_3_regional_potato_tula_oblast", "crop_parameter_candidate_status": "reference_selected_region_needs_confirmation", "crop_parameter_candidate_comment_ru": "В СП(2).kml регион не указан. Для безопасной первичной загрузки выбран reference potato; региональный набор potato_tula_oblast указан как кандидат и требует подтверждения, что СП относится к Тульской области/соответствующему региональному сценарию.", "sowing_date_raw": "", "calculation_ready": false, "calculation_blockers_json": [ "missing_sowing_date", "missing_soil_profile" ], "geometry_hash_sha256": "934a91ade87d7e99ec9ce4d17881cc03df8288ab3f2c412622388feb2176f55b", "source_attributes_json": { "area_": "92.59", "crop": "картофель среднеспелый", "fid": "163", "kml_name": "1.6", "полив в 2026 году": "1" } }, "geometry": { "type": "Polygon", "coordinates": [ [ [ 38.3578189717472, 54.158611806034301 ], [ 38.357918033413, 54.158659299945199 ], [ 38.358150057751701, 54.158787378907299 ], [ 38.358366295262002, 54.158924644474297 ], [ 38.358538761900498, 54.159050738581598 ], [ 38.358878772054297, 54.1592263335843 ], [ 38.359336722282102, 54.159431904384199 ], [ 38.359817633949802, 54.159618545446598 ], [ 38.360319239377802, 54.159785376579997 ], [ 38.3608391732066, 54.159931611006499 ], [ 38.361374983557198, 54.160056559075599 ], [ 38.361924143602998, 54.160159631519399 ], [ 38.362484063495501, 54.160240342234601 ], [ 38.363052102589499, 54.160298310577403 ], [ 38.363112243530999, 54.160040276585597 ], [ 38.363596064263, 54.1600708691115 ], [ 38.363928464236501, 54.160079873834299 ], [ 38.363941644955098, 54.1600770838172 ], [ 38.363943293357202, 54.160080275534 ], [ 38.3640821677226, 54.160084037353698 ], [ 38.364568733486003, 54.160079732000398 ], [ 38.365053939396802, 54.160057969177402 ], [ 38.365535968396799, 54.160018830387202 ], [ 38.366013015337799, 54.159962462203701 ], [ 38.366139167575703, 54.1599427764776 ], [ 38.366139659768301, 54.1599393781093 ], [ 38.366153818407597, 54.159940490243898 ], [ 38.366483293747699, 54.159889075722397 ], [ 38.366945042527597, 54.159798945769303 ], [ 38.367088982517501, 54.160045360927199 ], [ 38.367625672103898, 54.1599177103611 ], [ 38.368146090391001, 54.159768652272398 ], [ 38.368647761635799, 54.1595988958194 ], [ 38.369128299369699, 54.159409248624698 ], [ 38.369585417758501, 54.159200612929702 ], [ 38.370016942480603, 54.158973981297898 ], [ 38.370420821072798, 54.158730431889502 ], [ 38.370795132693601, 54.158471123327899 ], [ 38.371138097258502, 54.158197289183597 ], [ 38.371448083903097, 54.157910232102203 ], [ 38.371723618733498, 54.157611317603902 ], [ 38.371963391828601, 54.157301967583599 ], [ 38.372166263459498, 54.156983653544202 ], [ 38.372331269498098, 54.156657889594001 ], [ 38.372457625988403, 54.1563262252416 ], [ 38.372544732859097, 54.155990238023797 ], [ 38.372592176760897, 54.155651526000398 ], [ 38.372599733014702, 54.155311700152197 ], [ 38.372567366661599, 54.154972376718099 ], [ 38.372495232610603, 54.154635169508197 ], [ 38.372383674883402, 54.154301682229203 ], [ 38.372233224960297, 54.153973500858299 ], [ 38.372044599235302, 54.153652186102299 ], [ 38.371818695592403, 54.1533392659776 ], [ 38.371556589121397, 54.153036228546597 ], [ 38.371259526991103, 54.152744514843597 ], [ 38.370928922507403, 54.152465512026097 ], [ 38.370566348382397, 54.152200546782197 ], [ 38.370173529248603, 54.151950879025499 ], [ 38.369752333451999, 54.151717695908502 ], [ 38.3693047641652, 54.151502106182001 ], [ 38.368832949861101, 54.151305134926503 ], [ 38.368595796733103, 54.151525308759503 ], [ 38.368167361983403, 54.151370019120002 ], [ 38.367723045198197, 54.151230956805499 ], [ 38.367264627715798, 54.151108679296101 ], [ 38.366793947350899, 54.151003676780398 ], [ 38.366312891031797, 54.150916370191297 ], [ 38.365823387242401, 54.150847109521003 ], [ 38.365327398297303, 54.150796172418502 ], [ 38.364826912483302, 54.150763763078302 ], [ 38.364323936096199, 54.150750011422097 ], [ 38.363820485406301, 54.150754972578603 ], [ 38.363780140534402, 54.150495390780698 ], [ 38.363205795841203, 54.150524128302102 ], [ 38.362636163192001, 54.150575931191099 ], [ 38.362073927244602, 54.150650555307998 ], [ 38.361521737834302, 54.150747648956298 ], [ 38.360982197496902, 54.150866754538598 ], [ 38.3604578492142, 54.151007310711101 ], [ 38.359951164438797, 54.151168655026403 ], [ 38.359464531453398, 54.151350027052501 ], [ 38.359000244121702, 54.1515505719535 ], [ 38.358560491080702, 54.151769344515401 ], [ 38.358147345427902, 54.152005313596497 ], [ 38.357762754950301, 54.152257366984202 ], [ 38.357408532941797, 54.152524316632899 ], [ 38.357086349652299, 54.152804904260201 ], [ 38.356797724408104, 54.153097807273902 ], [ 38.356544018442698, 54.153401645002297 ], [ 38.356326428469501, 54.153714985199599 ], [ 38.3562018161251, 54.153936912549597 ], [ 38.356177846132802, 54.154191499846597 ], [ 38.356089129291803, 54.154608732566501 ], [ 38.355951643548302, 54.155021385753301 ], [ 38.355813492638497, 54.155323670967 ], [ 38.355809942785797, 54.155371351282099 ], [ 38.355824356980499, 54.155709615147003 ], [ 38.355878286172903, 54.156046501026303 ], [ 38.355971477058098, 54.1563804205895 ], [ 38.356103491194602, 54.156709799453502 ], [ 38.356273707053901, 54.157033084607399 ], [ 38.356481322934897, 54.1573487517364 ], [ 38.3567253607279, 54.1576553124114 ], [ 38.357004670513497, 54.157951321109898 ], [ 38.357317935971601, 54.1582353820355 ], [ 38.357663680578099, 54.158506155702398 ], [ 38.3578189717472, 54.158611806034301 ] ] ] } },
{ "type": "Feature", "properties": { "dataset_code": "SP", "source_file": "СП(2).kml", "placemark_index": 87, "organization_code": "SP", "organization_name_raw": "СП / Спасское", "farm_name_raw": "", "region_name_raw": "", "district_name_raw": "", "field_external_key": "SP:1.4", "field_code_raw": "1.4", "field_name_raw": "1.4", "field_code_unique_status": "unique", "source_fid": "164", "declared_area_ha": 56.27, "geometry_area_ha": 56.266699, "area_diff_ha": -0.003301, "area_diff_pct": -0.005866, "area_quality_status": "ok", "geometry_type": "Polygon", "polygon_count": 1, "inner_ring_count": 0, "geometry_valid": true, "geometry_validity_reason": "Valid Geometry", "centroid_lon": 38.341334058000001, "centroid_lat": 54.163172859, "representative_lon": 38.341338993999997, "representative_lat": 54.163176409000002, "centroid_within_geometry": true, "weather_point_lon_candidate": 38.341334058000001, "weather_point_lat_candidate": 54.163172859, "active_2026_candidate": false, "active_reason": "sp_no_irrigation_2026_flag_not_active", "season_year_candidate": null, "crop_raw": "", "crop_code_candidate": "", "crop_parameter_set_candidate_key": "", "regional_crop_parameter_set_candidate_key": "", "crop_parameter_candidate_status": "no_crop_in_kml", "crop_parameter_candidate_comment_ru": "В СП(2).kml культура не задана для этого поля.", "sowing_date_raw": "", "calculation_ready": false, "calculation_blockers_json": [ ], "geometry_hash_sha256": "810fac443551e4c577a8e00f0e726aafc0818b1078bb86205a15ca54adb40b17", "source_attributes_json": { "area_": "56.27", "fid": "164", "kml_name": "1.4" } }, "geometry": { "type": "Polygon", "coordinates": [ [ [ 38.340219895511098, 54.1593752935065 ], [ 38.339779154611499, 54.159429429722401 ], [ 38.3393458026217, 54.159501231480199 ], [ 38.338921892550701, 54.159590358627298 ], [ 38.338509432713003, 54.159696388931103 ], [ 38.338110377220502, 54.159818820077398 ], [ 38.337726616730301, 54.159957072048698 ], [ 38.337359969491501, 54.160110489869503 ], [ 38.337012172734298, 54.1602783467075 ], [ 38.336684874441502, 54.160459847314598 ], [ 38.336379625541198, 54.160654131791802 ], [ 38.336097872558199, 54.1608602796612 ], [ 38.335840950758197, 54.161077314224499 ], [ 38.335610077817996, 54.161304207187698 ], [ 38.335406348051599, 54.161539883531198 ], [ 38.335230727218899, 54.161783226600903 ], [ 38.3350840479428, 54.162033083397098 ], [ 38.3349670057558, 54.162288270036001 ], [ 38.334880155795098, 54.1625475773575 ], [ 38.334823910162797, 54.162809776653503 ], [ 38.334798535961902, 54.163073625489503 ], [ 38.334804154020297, 54.1633378735905 ], [ 38.334840738307101, 54.1636012687663 ], [ 38.334908116044303, 54.1638625628445 ], [ 38.335005968514999, 54.164120517586298 ], [ 38.335133832562903, 54.1643739105549 ], [ 38.335291102776601, 54.164621540909501 ], [ 38.335477034349601, 54.1648622350978 ], [ 38.335690746600903, 54.165094852419003 ], [ 38.335931227141003, 54.165318290431699 ], [ 38.336197336663297, 54.165531490181003 ], [ 38.336487814338099, 54.165733441219302 ], [ 38.336801283783799, 54.165923186397499 ], [ 38.337136259587602, 54.166099826404 ], [ 38.337491154343603, 54.166262524029399 ], [ 38.337864286176902, 54.166410508137403 ], [ 38.338253886715599, 54.1665430773213 ], [ 38.338658109475404, 54.166659603231501 ], [ 38.339075038614503, 54.166759533555499 ], [ 38.339502698019302, 54.166842394637698 ], [ 38.339613908909698, 54.166619243088597 ], [ 38.3399904104662, 54.166676831320601 ], [ 38.34037243113, 54.1667201337766 ], [ 38.340758398183802, 54.166748972187698 ], [ 38.341146722651096, 54.166763227831098 ], [ 38.341535805843598, 54.1667628420197 ], [ 38.341924045946897, 54.166747816343403 ], [ 38.341965226944801, 54.166979062905497 ], [ 38.3424109293369, 54.166944747352197 ], [ 38.342851564626301, 54.166892557749698 ], [ 38.343285053305003, 54.1668227404029 ], [ 38.343709349620703, 54.1667356248077 ], [ 38.344122451237503, 54.166631622094002 ], [ 38.344522408692796, 54.1665112230842 ], [ 38.344907334601999, 54.166374995975097 ], [ 38.345275412569997, 54.1662235836543 ], [ 38.3456249057664, 54.166057700664297 ], [ 38.345954165123501, 54.165878129828101 ], [ 38.346261637119099, 54.165685718552197 ], [ 38.346545871107303, 54.165481374825902 ], [ 38.346805526161198, 54.165266062933497 ], [ 38.347039377398303, 54.165040798901899 ], [ 38.347246321755001, 54.164806645703599 ], [ 38.347425383186298, 54.1645647082387 ], [ 38.347575717264199, 54.164316128119403 ], [ 38.347696615154298, 54.164062078281098 ], [ 38.347787506951498, 54.163803757446701 ], [ 38.347847964359403, 54.163542384468997 ], [ 38.3478777027007, 54.163279192578898 ], [ 38.347876582249803, 54.163015423566002 ], [ 38.347844608880898, 54.162752321919299 ], [ 38.3477819340292, 54.1624911289558 ], [ 38.347688853965799, 54.1622330769641 ], [ 38.347565808388701, 54.161979383391198 ], [ 38.347413378338501, 54.161731245100199 ], [ 38.347232283447497, 54.161489832724797 ], [ 38.3470233785361, 54.1612562851479 ], [ 38.346787649571901, 54.161031704131602 ], [ 38.346526209011699, 54.160817149120497 ], [ 38.346240290548202, 54.1606136322468 ], [ 38.3459312432853, 54.160422113557701 ], [ 38.345600525371097, 54.160243496489102 ], [ 38.345249697117801, 54.160078623606204 ], [ 38.344880413640503, 54.159928272631397 ], [ 38.344494417051301, 54.1597931527781 ], [ 38.344093528243199, 54.159673901407601 ], [ 38.343919031947799, 54.1598844756613 ], [ 38.343538021295601, 54.1597900126716 ], [ 38.343147039797998, 54.159710817698397 ], [ 38.342747861403403, 54.159647250054398 ], [ 38.342342297222402, 54.159599598149399 ], [ 38.341932187316402, 54.159568078182097 ], [ 38.341519392355202, 54.159552833160198 ], [ 38.341105785181803, 54.159553932252102 ], [ 38.340693242321699, 54.159571370473202 ], [ 38.3402836354756, 54.159605068708501 ], [ 38.340219895511098, 54.1593752935065 ] ] ] } },
{ "type": "Feature", "properties": { "dataset_code": "SP", "source_file": "СП(2).kml", "placemark_index": 88, "organization_code": "SP", "organization_name_raw": "СП / Спасское", "farm_name_raw": "", "region_name_raw": "", "district_name_raw": "", "field_external_key": "SP:1.3", "field_code_raw": "1.3", "field_name_raw": "1.3", "field_code_unique_status": "unique", "source_fid": "165", "declared_area_ha": 141.64, "geometry_area_ha": 141.63521, "area_diff_ha": -0.00479, "area_diff_pct": -0.003382, "area_quality_status": "ok", "geometry_type": "Polygon", "polygon_count": 1, "inner_ring_count": 0, "geometry_valid": true, "geometry_validity_reason": "Valid Geometry", "centroid_lon": 38.345872286000002, "centroid_lat": 54.153641606000001, "representative_lon": 38.345830450999998, "representative_lat": 54.153669864000001, "centroid_within_geometry": true, "weather_point_lon_candidate": 38.345872286000002, "weather_point_lat_candidate": 54.153641606000001, "active_2026_candidate": true, "active_reason": "sp_irrigation_2026_flag_1", "season_year_candidate": null, "crop_raw": "картофель среднеспелый", "crop_code_candidate": "potato", "crop_parameter_set_candidate_key": "aquacrop_v7_3_reference_potato", "regional_crop_parameter_set_candidate_key": "aquacrop_v7_3_regional_potato_tula_oblast", "crop_parameter_candidate_status": "reference_selected_region_needs_confirmation", "crop_parameter_candidate_comment_ru": "В СП(2).kml регион не указан. Для безопасной первичной загрузки выбран reference potato; региональный набор potato_tula_oblast указан как кандидат и требует подтверждения, что СП относится к Тульской области/соответствующему региональному сценарию.", "sowing_date_raw": "", "calculation_ready": false, "calculation_blockers_json": [ "missing_sowing_date", "missing_soil_profile" ], "geometry_hash_sha256": "2a4264c54d0c776eede3eae272c3f260fe6d0812efc409e506282ce972c45b79", "source_attributes_json": { "area_": "141.64", "crop": "картофель среднеспелый", "fid": "165", "kml_name": "1.3", "полив в 2026 году": "1" } }, "geometry": { "type": "Polygon", "coordinates": [ [ [ 38.3562018161251, 54.153936912549597 ], [ 38.356217373862002, 54.1537716707697 ], [ 38.356207526097798, 54.153351240792702 ], [ 38.356148351143197, 54.1529322081686 ], [ 38.3560401317283, 54.152516564448803 ], [ 38.3558833836383, 54.152106285019499 ], [ 38.355678853234799, 54.151703319714798 ], [ 38.3554275138832, 54.151309583553498 ], [ 38.355130561301998, 54.150926947641203 ], [ 38.354789407859101, 54.150557230283198 ], [ 38.354405675839601, 54.150202188348402 ], [ 38.353981189720898, 54.149863508925797 ], [ 38.353517967488102, 54.149542801313601 ], [ 38.353018211035099, 54.149241589378498 ], [ 38.352484295694502, 54.1489613043207 ], [ 38.351918758947299, 54.148703277880102 ], [ 38.351324288365902, 54.1484687360146 ], [ 38.351101665024203, 54.148692686243798 ], [ 38.350552723142897, 54.148505305506298 ], [ 38.349984540496401, 54.148338862293699 ], [ 38.3493994312879, 54.1481940344704 ], [ 38.348799778577103, 54.1480714118631 ], [ 38.348188024583699, 54.147971493861299 ], [ 38.347566660751397, 54.147894687386199 ], [ 38.346938217612703, 54.147841305235197 ], [ 38.346305254495398, 54.147811564809601 ], [ 38.345670349112297, 54.147805587230302 ], [ 38.345660010675601, 54.147546471752698 ], [ 38.344933765369397, 54.147569720954998 ], [ 38.344212049517601, 54.147622646771403 ], [ 38.343498377080699, 54.147704991518701 ], [ 38.342796222909598, 54.147816354274298 ], [ 38.342109005847298, 54.147956192826001 ], [ 38.341440072102301, 54.148123826307803 ], [ 38.340792678972697, 54.148318438511701 ], [ 38.340169979000898, 54.1485390818561 ], [ 38.3395750046354, 54.148784681994897 ], [ 38.339010653473302, 54.149054043042398 ], [ 38.338479674156702, 54.149345853390003 ], [ 38.337984652989903, 54.149658692086597 ], [ 38.337528001343401, 54.149991035751 ], [ 38.337111943905498, 54.1503412659834 ], [ 38.336738507839399, 54.150707677240099 ], [ 38.336409512898499, 54.151088485133101 ], [ 38.336126562547101, 54.151481835113501 ], [ 38.335891036132701, 54.151885811498502 ], [ 38.335704082145, 54.152298446796301 ], [ 38.3355666125982, 54.1527177312839 ], [ 38.335479298561602, 54.153141622792802 ], [ 38.335442566862703, 54.153568056652801 ], [ 38.335456597978499, 54.153994955747301 ], [ 38.335521325126102, 54.154420240629698 ], [ 38.335963195999099, 54.1543933019599 ], [ 38.3360573952409, 54.154743152260103 ], [ 38.336187947286703, 54.1550889564096 ], [ 38.336354362215801, 54.155429414330897 ], [ 38.336556015235097, 54.155763246014502 ], [ 38.336792149015103, 54.156089196333397 ], [ 38.337061876526299, 54.156406039763901 ], [ 38.3373641843638, 54.156712584995397 ], [ 38.337697936548402, 54.157007679412501 ], [ 38.337320081457499, 54.157146790760102 ], [ 38.337754005289803, 54.157484293031601 ], [ 38.3382266484276, 54.157803381645799 ], [ 38.338735749947602, 54.158102529643202 ], [ 38.339278874299701, 54.158380305456298 ], [ 38.339853422959202, 54.158635379767603 ], [ 38.340456646861497, 54.158866531876697 ], [ 38.341085659562602, 54.159072655548499 ], [ 38.341737451059203, 54.159252764313202 ], [ 38.342408902203999, 54.159405996192802 ], [ 38.342560458479198, 54.159161135827297 ], [ 38.343152040116401, 54.159269866072798 ], [ 38.343754012307798, 54.159356763922098 ], [ 38.344364037971999, 54.159421492001798 ], [ 38.344979748722402, 54.159463799010602 ], [ 38.345598754073301, 54.159483520695801 ], [ 38.346218650732197, 54.159480580492001 ], [ 38.346837031942798, 54.159454989818698 ], [ 38.346885746863101, 54.159712126295197 ], [ 38.3475955439418, 54.159654968141297 ], [ 38.348296941075198, 54.159569240092303 ], [ 38.348986603206903, 54.159455349787102 ], [ 38.349661251152902, 54.159313838770203 ], [ 38.350317677211002, 54.159145379914101 ], [ 38.350952760429102, 54.158950774215498 ], [ 38.351563481457902, 54.158730946982097 ], [ 38.3521469369174, 54.158486943427597 ], [ 38.352700353209897, 54.158219923696898 ], [ 38.3532210997109, 54.157931157343803 ], [ 38.353706701278398, 54.157622017288801 ], [ 38.354154850017899, 54.157293973285398 ], [ 38.354563416249299, 54.156948584926397 ], [ 38.354930458622803, 54.156587494222698 ], [ 38.3552542333356, 54.156212417792098 ], [ 38.355533202406598, 54.155825138692201 ], [ 38.355766040969201, 54.155427497939499 ], [ 38.355813492638497, 54.155323670967 ], [ 38.355835110580699, 54.155033304220503 ], [ 38.355899740746104, 54.1546970676903 ], [ 38.356003527634499, 54.154364226845402 ], [ 38.356145981028703, 54.154036350793398 ], [ 38.3562018161251, 54.153936912549597 ] ] ] } },
{ "type": "Feature", "properties": { "dataset_code": "SP", "source_file": "СП(2).kml", "placemark_index": 89, "organization_code": "SP", "organization_name_raw": "СП / Спасское", "farm_name_raw": "", "region_name_raw": "", "district_name_raw": "", "field_external_key": "SP:1.10", "field_code_raw": "1.10", "field_name_raw": "1.10", "field_code_unique_status": "unique", "source_fid": "167", "declared_area_ha": 37.84, "geometry_area_ha": 37.843623, "area_diff_ha": 0.003623, "area_diff_pct": 0.009575, "area_quality_status": "ok", "geometry_type": "Polygon", "polygon_count": 1, "inner_ring_count": 0, "geometry_valid": true, "geometry_validity_reason": "Valid Geometry", "centroid_lon": 38.365581655, "centroid_lat": 54.163071158999998, "representative_lon": 38.365603522999997, "representative_lat": 54.163141451000001, "centroid_within_geometry": true, "weather_point_lon_candidate": 38.365581655, "weather_point_lat_candidate": 54.163071158999998, "active_2026_candidate": false, "active_reason": "sp_no_irrigation_2026_flag_not_active", "season_year_candidate": null, "crop_raw": "", "crop_code_candidate": "", "crop_parameter_set_candidate_key": "", "regional_crop_parameter_set_candidate_key": "", "crop_parameter_candidate_status": "no_crop_in_kml", "crop_parameter_candidate_comment_ru": "В СП(2).kml культура не задана для этого поля.", "sowing_date_raw": "", "calculation_ready": false, "calculation_blockers_json": [ ], "geometry_hash_sha256": "afba853440c9e2c2acbb03059e65636b01f64414e746aad8081cb9b663184a31", "source_attributes_json": { "area_": "37.84", "fid": "167", "kml_name": "1.10" } }, "geometry": { "type": "Polygon", "coordinates": [ [ [ 38.363943293357202, 54.160080275534 ], [ 38.363928464236501, 54.160079873834299 ], [ 38.3635894071001, 54.160151642830698 ], [ 38.363246776444498, 54.160240290912597 ], [ 38.362915386888602, 54.160342605345598 ], [ 38.362596818763002, 54.160458098241101 ], [ 38.3622925912955, 54.160586218864097 ], [ 38.362004155368702, 54.160726356257697 ], [ 38.361732886602198, 54.160877842155202 ], [ 38.361480078793299, 54.161039954164899 ], [ 38.3612469377465, 54.1612119192134 ], [ 38.361034575521501, 54.161392917230501 ], [ 38.360844005127703, 54.161582085058299 ], [ 38.360676135689701, 54.161778520565903 ], [ 38.3605317681074, 54.161981286950002 ], [ 38.360411591231298, 54.162189417201397 ], [ 38.3603161785718, 54.162401918715403 ], [ 38.360245985557398, 54.162617778024803 ], [ 38.360201347355499, 54.162835965632098 ], [ 38.360182477267202, 54.163055440919699 ], [ 38.360189465701602, 54.163275157111798 ], [ 38.360222279737201, 54.163494066267099 ], [ 38.360280763271199, 54.163711124277199 ], [ 38.3603646377559, 54.163925295846603 ], [ 38.360473503520502, 54.164135559431699 ], [ 38.3606068416696, 54.164340912113602 ], [ 38.360764016552103, 54.164540374383002 ], [ 38.360944278786903, 54.164732994813598 ], [ 38.361146768832, 54.164917854601697 ], [ 38.361370521080097, 54.165094071950001 ], [ 38.361614468460999, 54.165260806275903 ], [ 38.361903622691798, 54.1651092700993 ], [ 38.362149201006098, 54.165254871008301 ], [ 38.362308453410002, 54.165337063041797 ], [ 38.362326642952901, 54.165339300329997 ], [ 38.362324681143598, 54.1653454383354 ], [ 38.3624113413156, 54.165390164411697 ], [ 38.362688790123897, 54.165514503288399 ], [ 38.362980220687199, 54.165627293000597 ], [ 38.363284239360397, 54.165727994138699 ], [ 38.363599392263097, 54.165816125102403 ], [ 38.363924172235699, 54.165891264405502 ], [ 38.3642570260497, 54.165953052692402 ], [ 38.3645963618401, 54.166001194457998 ], [ 38.364705914721803, 54.166012100688498 ], [ 38.364713302843398, 54.166006811196397 ], [ 38.3647294793236, 54.1660144465827 ], [ 38.364940556722502, 54.166035459461703 ], [ 38.365287964559002, 54.166055683829299 ], [ 38.365269156941999, 54.166281761484001 ], [ 38.3656180609416, 54.166289990349703 ], [ 38.365967130975598, 54.166284716640199 ], [ 38.366314850947902, 54.166265963261601 ], [ 38.3666597106306, 54.166233811665698 ], [ 38.367000212227197, 54.166188401495504 ], [ 38.367334876881998, 54.166129929978197 ], [ 38.367662251107397, 54.166058651068298 ], [ 38.3679809130997, 54.165974874343902 ], [ 38.3682894789182, 54.165878963660901 ], [ 38.368586608497502, 54.165771335572302 ], [ 38.368871011470702, 54.165652457517403 ], [ 38.3691414527744, 54.165522845791003 ], [ 38.369396758014098, 54.165383063299601 ], [ 38.369635818564397, 54.165233717115399 ], [ 38.369345324360602, 54.165083093699899 ], [ 38.369568886086597, 54.164926904605203 ], [ 38.369773548811203, 54.164762035948399 ], [ 38.369958337192799, 54.164589273615 ], [ 38.370122370659097, 54.164409441107502 ], [ 38.370264867600497, 54.164223395618698 ], [ 38.370385149092499, 54.1640320239446 ], [ 38.370482642126298, 54.163836238256103 ], [ 38.370556882334803, 54.163636971750599 ], [ 38.3706075162006, 54.163435174202803 ], [ 38.3709940521574, 54.163445252416899 ], [ 38.371021197966201, 54.163227461690497 ], [ 38.371022812650601, 54.163009091204302 ], [ 38.370998889001299, 54.162791170415197 ], [ 38.370949540199902, 54.162574726644301 ], [ 38.370874999277902, 54.162360780233698 ], [ 38.370775618010597, 54.162150339737302 ], [ 38.370651865252199, 54.161944397166799 ], [ 38.370504324718503, 54.1617439233165 ], [ 38.3703336922296, 54.161549863187801 ], [ 38.370140772424499, 54.161363131536298 ], [ 38.369926474963002, 54.161184608560802 ], [ 38.369691810234499, 54.161015135756003 ], [ 38.369437884591697, 54.160855511947403 ], [ 38.369165895133797, 54.160706489527698 ], [ 38.368877124062401, 54.160568770912199 ], [ 38.368572932637498, 54.160443005229098 ], [ 38.3682547547618, 54.160329785262199 ], [ 38.367924090223397, 54.160229644657598 ], [ 38.367582497629002, 54.160143055410799 ], [ 38.367231587060701, 54.160070425642502 ], [ 38.3668730124908, 54.160012097676997 ], [ 38.3665084639903, 54.159968346428997 ], [ 38.366153818407597, 54.159940490243898 ], [ 38.366139167575703, 54.1599427764776 ], [ 38.366106830042497, 54.160166051341697 ], [ 38.365761115049402, 54.160152723298602 ], [ 38.365414656785497, 54.160153380280903 ], [ 38.365069095735599, 54.160168019178997 ], [ 38.364726068138999, 54.160196570678799 ], [ 38.3643871982473, 54.160238899589501 ], [ 38.364054090637602, 54.160294805483197 ], [ 38.363943293357202, 54.160080275534 ] ] ] } },
{ "type": "Feature", "properties": { "dataset_code": "SP", "source_file": "СП(2).kml", "placemark_index": 90, "organization_code": "SP", "organization_name_raw": "СП / Спасское", "farm_name_raw": "", "region_name_raw": "", "district_name_raw": "", "field_external_key": "SP:1.11", "field_code_raw": "1.11", "field_name_raw": "1.11", "field_code_unique_status": "unique", "source_fid": "169", "declared_area_ha": 56.5, "geometry_area_ha": 56.502824, "area_diff_ha": 0.002824, "area_diff_pct": 0.004998, "area_quality_status": "ok", "geometry_type": "Polygon", "polygon_count": 1, "inner_ring_count": 0, "geometry_valid": true, "geometry_validity_reason": "Valid Geometry", "centroid_lon": 38.360682764000003, "centroid_lat": 54.169088441, "representative_lon": 38.360762459, "representative_lat": 54.169104308000001, "centroid_within_geometry": true, "weather_point_lon_candidate": 38.360682764000003, "weather_point_lat_candidate": 54.169088441, "active_2026_candidate": true, "active_reason": "sp_irrigation_2026_flag_1", "season_year_candidate": null, "crop_raw": "картофель среднеспелый", "crop_code_candidate": "potato", "crop_parameter_set_candidate_key": "aquacrop_v7_3_reference_potato", "regional_crop_parameter_set_candidate_key": "aquacrop_v7_3_regional_potato_tula_oblast", "crop_parameter_candidate_status": "reference_selected_region_needs_confirmation", "crop_parameter_candidate_comment_ru": "В СП(2).kml регион не указан. Для безопасной первичной загрузки выбран reference potato; региональный набор potato_tula_oblast указан как кандидат и требует подтверждения, что СП относится к Тульской области/соответствующему региональному сценарию.", "sowing_date_raw": "", "calculation_ready": false, "calculation_blockers_json": [ "missing_sowing_date", "missing_soil_profile" ], "geometry_hash_sha256": "3f430624e101c8b77e9c245591766110cedde88afabd68573b4e7928cd0e8ba6", "source_attributes_json": { "area_": "56.5", "crop": "картофель среднеспелый", "fid": "169", "kml_name": "1.11", "полив в 2026 году": "1" } }, "geometry": { "type": "Polygon", "coordinates": [ [ [ 38.366333346590402, 54.171098303227197 ], [ 38.3659941904221, 54.170966592952198 ], [ 38.366188741001601, 54.1707676330197 ], [ 38.366361339591201, 54.170561818950198 ], [ 38.366511288250102, 54.170349983395297 ], [ 38.366637980699899, 54.170132983354002 ], [ 38.366740904772698, 54.169911696705697 ], [ 38.366819644477097, 54.169687018656603 ], [ 38.366873881675502, 54.169459858118501 ], [ 38.366903397364901, 54.169231134030603 ], [ 38.367308312689801, 54.1692382559579 ], [ 38.367314057276197, 54.168972760526998 ], [ 38.367288274650399, 54.168707675001997 ], [ 38.367231090621402, 54.168444286704698 ], [ 38.3671427834784, 54.168183874690797 ], [ 38.367023782627101, 54.167927703538702 ], [ 38.366874666494503, 54.167677017210401 ], [ 38.3666961597092, 54.1674330330112 ], [ 38.366489129573303, 54.167196935681297 ], [ 38.366254581842703, 54.166969871643701 ], [ 38.365993655836, 54.166752943440699 ], [ 38.365707618896003, 54.1665472043817 ], [ 38.365397860231397, 54.166353653431699 ], [ 38.365065884168203, 54.166173230363398 ], [ 38.3647294793236, 54.1660144465827 ], [ 38.364705914721803, 54.166012100688498 ], [ 38.364456530983801, 54.166190644777799 ], [ 38.364121013862899, 54.166052644104298 ], [ 38.363770574901601, 54.165928066665003 ], [ 38.363406771310501, 54.165817465990003 ], [ 38.363031219641897, 54.165721333502702 ], [ 38.362645588610597, 54.165640096338599 ], [ 38.362251591683297, 54.165574115448301 ], [ 38.362324681143598, 54.1653454383354 ], [ 38.362308453410002, 54.165337063041797 ], [ 38.361885963379002, 54.165285096522403 ], [ 38.361439981450097, 54.165248777752701 ], [ 38.360990802438998, 54.165230515466703 ], [ 38.360540546698701, 54.165230395873998 ], [ 38.360091339660997, 54.165248419541598 ], [ 38.359645301812101, 54.1652845013909 ], [ 38.359204538690904, 54.165338471099197 ], [ 38.358771130957798, 54.165410073902599 ], [ 38.358347124580497, 54.165498971798101 ], [ 38.3579345211825, 54.1656047451376 ], [ 38.3575352686006, 54.165726894607197 ], [ 38.357151251694901, 54.165864843582597 ], [ 38.356784283455603, 54.1660179408494 ], [ 38.356436096446799, 54.166185463674402 ], [ 38.356108334629702, 54.1663666212159 ], [ 38.355802545602003, 54.166560558254098 ], [ 38.355520173291097, 54.1667663592265 ], [ 38.355262551135198, 54.1669830525476 ], [ 38.355030895784701, 54.167209615193201 ], [ 38.354826301353299, 54.167444977528199 ], [ 38.354649734246898, 54.167688028354299 ], [ 38.354502028593302, 54.167937620154099 ], [ 38.354383882295998, 54.168192574507302 ], [ 38.354295853730498, 54.168451687652897 ], [ 38.3542383590976, 54.168713736171803 ], [ 38.354211670447803, 54.168977482761903 ], [ 38.3542159143866, 54.169241682079999 ], [ 38.354251071465001, 54.169505086621598 ], [ 38.3543169762603, 54.169766452611299 ], [ 38.354413318146399, 54.170024545876601 ], [ 38.354539642749998, 54.1702781476762 ], [ 38.354695354085401, 54.170526060455998 ], [ 38.3548797173599, 54.170767113505498 ], [ 38.355091862434598, 54.171000168488099 ], [ 38.355330787925901, 54.171224124818103 ], [ 38.3555953659274, 54.171437924860697 ], [ 38.3558843473309, 54.171640558928303 ], [ 38.356196367721601, 54.171831070051802 ], [ 38.356529953817898, 54.172008558501901 ], [ 38.356883530428199, 54.172172186040797 ], [ 38.357255427889598, 54.172321179883902 ], [ 38.357643889954403, 54.172454836351001 ], [ 38.358047082086799, 54.172572524192901 ], [ 38.358463100130898, 54.172673687574097 ], [ 38.358889979308401, 54.1727578487004 ], [ 38.359325703504098, 54.172824610077001 ], [ 38.359768214794101, 54.172873656387303 ], [ 38.360215423173003, 54.172904755983502 ], [ 38.360665216432999, 54.172917761981303 ], [ 38.361115470147801, 54.1729126129542 ], [ 38.361564057715199, 54.172889333224198 ], [ 38.362008860409503, 54.172848032746103 ], [ 38.362447777396603, 54.172788906588501 ], [ 38.362878735664601, 54.172712234011001 ], [ 38.363299699821702, 54.172618377144403 ], [ 38.363708681716503, 54.172507779279002 ], [ 38.364103749834001, 54.172380962769402 ], [ 38.364483038422698, 54.172238526565003 ], [ 38.364844756310497, 54.172081143379799 ], [ 38.365187195367099, 54.171909556512603 ], [ 38.365508738571798, 54.1717245763341 ], [ 38.365807867651398, 54.1715270764577 ], [ 38.3660831702487, 54.171317989610699 ], [ 38.366333346590402, 54.171098303227197 ] ] ] } },
{ "type": "Feature", "properties": { "dataset_code": "SP", "source_file": "СП(2).kml", "placemark_index": 91, "organization_code": "SP", "organization_name_raw": "СП / Спасское", "farm_name_raw": "", "region_name_raw": "", "district_name_raw": "", "field_external_key": "SP:2.4", "field_code_raw": "2.4", "field_name_raw": "2.4", "field_code_unique_status": "unique", "source_fid": "171", "declared_area_ha": 50.25, "geometry_area_ha": 50.246488, "area_diff_ha": -0.003512, "area_diff_pct": -0.006988, "area_quality_status": "ok", "geometry_type": "Polygon", "polygon_count": 1, "inner_ring_count": 0, "geometry_valid": true, "geometry_validity_reason": "Valid Geometry", "centroid_lon": 38.357427639000001, "centroid_lat": 54.137251892000002, "representative_lon": 38.35766464, "representative_lat": 54.136840302000003, "centroid_within_geometry": true, "weather_point_lon_candidate": 38.357427639000001, "weather_point_lat_candidate": 54.137251892000002, "active_2026_candidate": false, "active_reason": "sp_no_irrigation_2026_flag_not_active", "season_year_candidate": null, "crop_raw": "", "crop_code_candidate": "", "crop_parameter_set_candidate_key": "", "regional_crop_parameter_set_candidate_key": "", "crop_parameter_candidate_status": "no_crop_in_kml", "crop_parameter_candidate_comment_ru": "В СП(2).kml культура не задана для этого поля.", "sowing_date_raw": "", "calculation_ready": false, "calculation_blockers_json": [ ], "geometry_hash_sha256": "d83ed29172bafd90026bbe96362e0f23eaa22a80c8750137b4fab1bb22c8ff73", "source_attributes_json": { "area_": "50.25", "fid": "171", "kml_name": "2.4" } }, "geometry": { "type": "Polygon", "coordinates": [ [ [ 38.357665151167403, 54.136798055704901 ], [ 38.356323193375196, 54.132957769832103 ], [ 38.355872317063501, 54.1330217620784 ], [ 38.3554300946357, 54.133103985671198 ], [ 38.354998660741501, 54.133204043721904 ], [ 38.354580097996397, 54.1333214532524 ], [ 38.354176426935503, 54.133455647524102 ], [ 38.353789596265401, 54.133605978771797 ], [ 38.353421473461502, 54.133771721328202 ], [ 38.353073835756, 54.133952075124 ], [ 38.352748361560302, 54.134146169547897 ], [ 38.352446622362301, 54.134353067646103 ], [ 38.352170075138602, 54.134571770642999 ], [ 38.351920055318303, 54.134801222759698 ], [ 38.351697770331, 54.135040316308299 ], [ 38.3515042937724, 54.135287897037102 ], [ 38.3513405602136, 54.1355427697004 ], [ 38.351207360680803, 54.135803703826802 ], [ 38.351105338827097, 54.136069439658101 ], [ 38.351034987814202, 54.1363386942297 ], [ 38.350996647920297, 54.136610167563397 ], [ 38.350990504885601, 54.136882548943603 ], [ 38.3510165890034, 54.137154523244497 ], [ 38.351074774961504, 54.137424777280501 ], [ 38.351164782435099, 54.137692006146402 ], [ 38.351286177428797, 54.137954919519302 ], [ 38.351438374360399, 54.138212247889697 ], [ 38.351620638877897, 54.138462748693101 ], [ 38.351832091395501, 54.1387052123114 ], [ 38.3520717113323, 54.138938467915899 ], [ 38.352338342032603, 54.139161389123601 ], [ 38.352630696345102, 54.139372899438499 ], [ 38.352947362833397, 54.139571977452597 ], [ 38.353286812588401, 54.139757661781204 ], [ 38.353647406609497, 54.139929055708201 ], [ 38.354027403719101, 54.140085331519003 ], [ 38.354424968972097, 54.140225734500902 ], [ 38.354838182519401, 54.140349586589799 ], [ 38.355265048884, 54.140456289647702 ], [ 38.355703506601998, 54.140545328353099 ], [ 38.356151438185101, 54.1406162726921 ], [ 38.356606680353799, 54.140668780036201 ], [ 38.357067034492701, 54.140702596798803 ], [ 38.357530277277597, 54.140717559660899 ], [ 38.357994171422199, 54.1407135963602 ], [ 38.358456476492101, 54.140690726040397 ], [ 38.358914959734697, 54.140649059158797 ], [ 38.359367406871598, 54.140588796952201 ], [ 38.359811632801097, 54.140510230464201 ], [ 38.3602454921595, 54.140413739138303 ], [ 38.360666889689703, 54.140299788983903 ], [ 38.361073790366703, 54.140168930324002 ], [ 38.361464229231203, 54.140021795135198 ], [ 38.3618363208831, 54.139859093993202 ], [ 38.362188268590202, 54.139681612639201 ], [ 38.362518372966299, 54.139490208182103 ], [ 38.362825040178301, 54.139285804956899 ], [ 38.363106789641598, 54.139069390058303 ], [ 38.363362261166998, 54.138842008571302 ], [ 38.363590221525001, 54.138604758521197 ], [ 38.363789570395198, 54.1383587855697 ], [ 38.3639593456722, 54.138105277479802 ], [ 38.364098728103599, 54.137845458378003 ], [ 38.364207045236299, 54.137580582842197 ], [ 38.364283774653401, 54.1373119298418 ], [ 38.364328546485297, 54.137040796560903 ], [ 38.364341145184099, 54.136768492134401 ], [ 38.364321510552799, 54.1364963313261 ], [ 38.364269738022799, 54.136225628180803 ], [ 38.364186078181703, 54.135957689680197 ], [ 38.364070935551403, 54.135693809432901 ], [ 38.3639248666234, 54.135435261430203 ], [ 38.363748577161303, 54.135183293896603 ], [ 38.363542918783402, 54.134939123264999 ], [ 38.363308884842503, 54.134703928306301 ], [ 38.3630476056221, 54.1344788444408 ], [ 38.362760342873401, 54.134264958259003 ], [ 38.362448483718602, 54.134063302278697 ], [ 38.357665151167403, 54.136798055704901 ] ] ] } },
{ "type": "Feature", "properties": { "dataset_code": "SP", "source_file": "СП(2).kml", "placemark_index": 92, "organization_code": "SP", "organization_name_raw": "СП / Спасское", "farm_name_raw": "", "region_name_raw": "", "district_name_raw": "", "field_external_key": "SP:2.6", "field_code_raw": "2.6", "field_name_raw": "2.6", "field_code_unique_status": "unique", "source_fid": "172", "declared_area_ha": 64.61, "geometry_area_ha": 64.608599, "area_diff_ha": -0.001401, "area_diff_pct": -0.002169, "area_quality_status": "ok", "geometry_type": "Polygon", "polygon_count": 1, "inner_ring_count": 0, "geometry_valid": true, "geometry_validity_reason": "Valid Geometry", "centroid_lon": 38.362586426999997, "centroid_lat": 54.145541076000001, "representative_lon": 38.362419328999998, "representative_lat": 54.145525231000001, "centroid_within_geometry": true, "weather_point_lon_candidate": 38.362586426999997, "weather_point_lat_candidate": 54.145541076000001, "active_2026_candidate": true, "active_reason": "sp_irrigation_2026_flag_1", "season_year_candidate": null, "crop_raw": "картофель среднеспелый", "crop_code_candidate": "potato", "crop_parameter_set_candidate_key": "aquacrop_v7_3_reference_potato", "regional_crop_parameter_set_candidate_key": "aquacrop_v7_3_regional_potato_tula_oblast", "crop_parameter_candidate_status": "reference_selected_region_needs_confirmation", "crop_parameter_candidate_comment_ru": "В СП(2).kml регион не указан. Для безопасной первичной загрузки выбран reference potato; региональный набор potato_tula_oblast указан как кандидат и требует подтверждения, что СП относится к Тульской области/соответствующему региональному сценарию.", "sowing_date_raw": "", "calculation_ready": false, "calculation_blockers_json": [ "missing_sowing_date", "missing_soil_profile" ], "geometry_hash_sha256": "92d479fe4b2aeed85efa2c4cc48807c3616e5f65dfa7069be6f394e71dd28b61", "source_attributes_json": { "area_": "64.61", "crop": "картофель среднеспелый", "fid": "172", "kml_name": "2.6", "полив в 2026 году": "1" } }, "geometry": { "type": "Polygon", "coordinates": [ [ [ 38.3631085471972, 54.149682838802498 ], [ 38.363600421008101, 54.149652348629303 ], [ 38.364087477839497, 54.1496018072975 ], [ 38.3645673484328, 54.149531460667298 ], [ 38.365037698517902, 54.149441650939302 ], [ 38.365496240177698, 54.149332814989101 ], [ 38.365940742985202, 54.1492054822399 ], [ 38.366369044860598, 54.149060272084903 ], [ 38.3667790625938, 54.148897890872398 ], [ 38.367168801982402, 54.148719128466603 ], [ 38.367536367534299, 54.148524854403 ], [ 38.367879971689497, 54.1483160136561 ], [ 38.368197943514097, 54.148093622038999 ], [ 38.368488736825398, 54.147858761260203 ], [ 38.368750937709002, 54.147612573658797 ], [ 38.368983271389801, 54.147356256645502 ], [ 38.369184608425201, 54.147091056875503 ], [ 38.369353970190097, 54.146818264183302 ], [ 38.369490533625999, 54.146539205306603 ], [ 38.369094571220401, 54.1464859953755 ], [ 38.369185779506097, 54.146237258477299 ], [ 38.369249289861898, 54.1459855701778 ], [ 38.369284834855698, 54.145731992302501 ], [ 38.369292265046099, 54.145477594629199 ], [ 38.369271549604498, 54.145223450374502 ], [ 38.369222776435997, 54.144970631666801 ], [ 38.369146151800201, 54.144720205022601 ], [ 38.369041999432497, 54.144473226849001 ], [ 38.368910759169999, 54.144230738987297 ], [ 38.368752985088904, 54.143993764319099 ], [ 38.3685693431595, 54.143763302452903 ], [ 38.368360608430201, 54.143540325508802 ], [ 38.368713527484097, 54.143423350212501 ], [ 38.3684573082488, 54.143189091803897 ], [ 38.368175086506703, 54.1429653719375 ], [ 38.367868115741999, 54.142753183941203 ], [ 38.367537759262802, 54.142553469926298 ], [ 38.3671854841458, 54.142367116607197 ], [ 38.366812854720301, 54.142194951366498 ], [ 38.366421525622698, 54.142037738584399 ], [ 38.3660132344516, 54.1418961762474 ], [ 38.365589794055097, 54.141770892851099 ], [ 38.365153084485698, 54.141662444612898 ], [ 38.364705044658599, 54.141571313003801 ], [ 38.3642476637485, 54.141497902612699 ], [ 38.3637829723653, 54.141442539352198 ], [ 38.363313033546099, 54.141405469012298 ], [ 38.362839933603702, 54.1413868561702 ], [ 38.362365772872998, 54.141386783460703 ], [ 38.361892656394502, 54.1414052512091 ], [ 38.361422684577398, 54.1414421774301 ], [ 38.3614909860663, 54.1416766886421 ], [ 38.3610611086742, 54.141728638581903 ], [ 38.360637977234298, 54.141797068701699 ], [ 38.360223422264298, 54.141881682972297 ], [ 38.359819237210303, 54.141982115348902 ], [ 38.359427170693003, 54.142097931354101 ], [ 38.359048918948098, 54.1422286299549 ], [ 38.358686118491299, 54.142373645729499 ], [ 38.358340339041597, 54.142532351311203 ], [ 38.358013076731702, 54.142704060100598 ], [ 38.357705747636501, 54.1428880292342 ], [ 38.357406632917098, 54.1427267646988 ], [ 38.357092551662497, 54.142942359330597 ], [ 38.3568042260639, 54.143170020657699 ], [ 38.356542997340597, 54.143408690000101 ], [ 38.356310080768303, 54.1436572574693 ], [ 38.3561065600219, 54.1439145671266 ], [ 38.355933382127901, 54.144179422356899 ], [ 38.355791353051998, 54.144450591431202 ], [ 38.355681133940898, 54.1447268132329 ], [ 38.355603238037098, 54.145006803121703 ], [ 38.3555580282802, 54.1452892589068 ], [ 38.355545715607299, 54.145572866902199 ], [ 38.355566357958999, 54.145856308036301 ], [ 38.355619859998299, 54.146138263986799 ], [ 38.355705973540601, 54.146417423312698 ], [ 38.355824298696398, 54.146692487554603 ], [ 38.355974285719299, 54.146962177275398 ], [ 38.356155237552102, 54.147225238012801 ], [ 38.356366313058302, 54.1474804461158 ], [ 38.356606530926001, 54.1477266144393 ], [ 38.356874774223698, 54.147962597867497 ], [ 38.3571697955894, 54.148187298643698 ], [ 38.357490223027298, 54.148399671479602 ], [ 38.357834566285803, 54.148598728419799 ], [ 38.358201223787397, 54.148783543441297 ], [ 38.358588490077999, 54.148953256763498 ], [ 38.358819835540601, 54.148757288547102 ], [ 38.359198294202301, 54.148900406755203 ], [ 38.359592332174302, 54.149028218270402 ], [ 38.360000155756701, 54.149140141241503 ], [ 38.3604199084442, 54.149235666144598 ], [ 38.360849679382397, 54.149314358104199 ], [ 38.361287512072501, 54.149375858874897 ], [ 38.361731413284801, 54.149419888473403 ], [ 38.3621793621395, 54.149446246454197 ], [ 38.362629319314998, 54.149454812822803 ], [ 38.363079236339203, 54.149445548582399 ], [ 38.3631085471972, 54.149682838802498 ] ] ] } },
{ "type": "Feature", "properties": { "dataset_code": "SP", "source_file": "СП(2).kml", "placemark_index": 93, "organization_code": "SP", "organization_name_raw": "СП / Спасское", "farm_name_raw": "", "region_name_raw": "", "district_name_raw": "", "field_external_key": "SP:2.8", "field_code_raw": "2.8", "field_name_raw": "2.8", "field_code_unique_status": "unique", "source_fid": "173", "declared_area_ha": 28.8, "geometry_area_ha": 28.798123, "area_diff_ha": -0.001877, "area_diff_pct": -0.006517, "area_quality_status": "ok", "geometry_type": "Polygon", "polygon_count": 1, "inner_ring_count": 0, "geometry_valid": true, "geometry_validity_reason": "Valid Geometry", "centroid_lon": 38.385545968000002, "centroid_lat": 54.150629363, "representative_lon": 38.38552508, "representative_lat": 54.150581201000001, "centroid_within_geometry": true, "weather_point_lon_candidate": 38.385545968000002, "weather_point_lat_candidate": 54.150629363, "active_2026_candidate": false, "active_reason": "sp_no_irrigation_2026_flag_not_active", "season_year_candidate": null, "crop_raw": "", "crop_code_candidate": "", "crop_parameter_set_candidate_key": "", "regional_crop_parameter_set_candidate_key": "", "crop_parameter_candidate_status": "no_crop_in_kml", "crop_parameter_candidate_comment_ru": "В СП(2).kml культура не задана для этого поля.", "sowing_date_raw": "", "calculation_ready": false, "calculation_blockers_json": [ ], "geometry_hash_sha256": "2f54228a94e635db50d9647e1ad595b982098b9cf4f4d82ed6c7d3f176c6c213", "source_attributes_json": { "area_": "28.8", "fid": "173", "kml_name": "2.8" } }, "geometry": { "type": "Polygon", "coordinates": [ [ [ 38.384250292200598, 54.1479318975843 ], [ 38.384348272092602, 54.148138047992703 ], [ 38.384069707766699, 54.1481896139084 ], [ 38.383797620572402, 54.148251969815703 ], [ 38.383533221714998, 54.148324838143203 ], [ 38.383277688193303, 54.148407894522599 ], [ 38.383032157562297, 54.148500769232001 ], [ 38.382797722870599, 54.148603048840698 ], [ 38.382575427796098, 54.148714278049098 ], [ 38.382366262000097, 54.148833961714097 ], [ 38.382093997558997, 54.148689779389699 ], [ 38.3818809950643, 54.148829879538397 ], [ 38.381684555379401, 54.1489780859362 ], [ 38.3815055713861, 54.149133725074996 ], [ 38.381344856668697, 54.149296089661703 ], [ 38.381203141813501, 54.149464441830901 ], [ 38.3810810710862, 54.149638016497903 ], [ 38.380979199500601, 54.149816024834102 ], [ 38.3808979902917, 54.149997657851202 ], [ 38.380837812806902, 54.1501820900776 ], [ 38.380798940821897, 54.150368483308597 ], [ 38.380781551291797, 54.150555990416301 ], [ 38.380785723541997, 54.150743759198498 ], [ 38.380811438901901, 54.1509309362526 ], [ 38.380858580784498, 54.151116670853803 ], [ 38.380926935211498, 54.151300118821901 ], [ 38.381016191780297, 54.151480446358903 ], [ 38.381125945070004, 54.151656833838999 ], [ 38.381255696479698, 54.151828479534302 ], [ 38.381404856490803, 54.1519946032601 ], [ 38.381572747342197, 54.152154449921802 ], [ 38.3817586061081, 54.152307292948102 ], [ 38.3819615881633, 54.152452437594398 ], [ 38.382180771019897, 54.152589224102002 ], [ 38.382415158518903, 54.152717030698398 ], [ 38.382663685357898, 54.152835276424199 ], [ 38.382896645448398, 54.152662282303801 ], [ 38.383145236273101, 54.152763188903997 ], [ 38.383404866805201, 54.152854013636997 ], [ 38.3836743522332, 54.152934342005899 ], [ 38.383952462748098, 54.153003807414102 ], [ 38.384237929158203, 54.1530620928391 ], [ 38.384529448683402, 54.153108932279899 ], [ 38.384825690903803, 54.153144111971898 ], [ 38.3851253038344, 54.1531674713626 ], [ 38.385426920098098, 54.153178903845102 ], [ 38.385729163170602, 54.153178357244499 ], [ 38.386030653665003, 54.153165834056601 ], [ 38.386073081851897, 54.153379908022799 ], [ 38.3863986140978, 54.153350928377499 ], [ 38.386719938399303, 54.153308767267703 ], [ 38.387035507431698, 54.153253627721597 ], [ 38.387343801601197, 54.153185775263999 ], [ 38.387643336366402, 54.153105536637298 ], [ 38.387932669389897, 54.153013298226703 ], [ 38.388210407487101, 54.152909504198902 ], [ 38.388475213336498, 54.152794654361898 ], [ 38.388725811921098, 54.152669301757101 ], [ 38.388960996669098, 54.152534049994799 ], [ 38.389179635263403, 54.152389550346697 ], [ 38.389380675093797, 54.152236498608097 ], [ 38.389563148323703, 54.1520756317462 ], [ 38.3897261765485, 54.151907724350501 ], [ 38.389868975022303, 54.151733584901699 ], [ 38.389990856432597, 54.151554051877497 ], [ 38.390091234206203, 54.151369989714702 ], [ 38.390169625327999, 54.1511822846456 ], [ 38.390225652662402, 54.150991840430699 ], [ 38.3902590467629, 54.150799574006399 ], [ 38.390269647163599, 54.150606411069603 ], [ 38.3902574031464, 54.1504132816208 ], [ 38.390222373978197, 54.150221115486602 ], [ 38.390164728620398, 54.150030837842699 ], [ 38.3900847449084, 54.1498433647604 ], [ 38.389982808208998, 54.149659598796298 ], [ 38.389859409559499, 54.149480424648402 ], [ 38.389715143298297, 54.149306704897 ], [ 38.389550704199301, 54.149139275853599 ], [ 38.389366884123397, 54.148978943535603 ], [ 38.389164568202197, 54.148826479787097 ], [ 38.388944730575098, 54.148682618564798 ], [ 38.388680116554802, 54.148832010592997 ], [ 38.388470207905897, 54.148712174091898 ], [ 38.388247123306002, 54.148600842837403 ], [ 38.388011860791302, 54.148498514854097 ], [ 38.387765472850099, 54.148405647888303 ], [ 38.387509061715697, 54.148322657361398 ], [ 38.3872437744363, 54.148249914512498 ], [ 38.386970797745903, 54.148187744738301 ], [ 38.386691352757403, 54.148136426138301 ], [ 38.386406689502699, 54.148096188271701 ], [ 38.386457197624303, 54.1478822938167 ], [ 38.386143027763502, 54.147851868324302 ], [ 38.385826093993302, 54.147833853475703 ], [ 38.3855078171716, 54.147828330035203 ], [ 38.385189624174103, 54.147835322766198 ], [ 38.384872941501101, 54.147854800320601 ], [ 38.384559188886399, 54.147886675378999 ], [ 38.384252824638303, 54.147930369805103 ], [ 38.384250292200598, 54.1479318975843 ] ] ] } },
{ "type": "Feature", "properties": { "dataset_code": "SP", "source_file": "СП(2).kml", "placemark_index": 94, "organization_code": "SP", "organization_name_raw": "СП / Спасское", "farm_name_raw": "", "region_name_raw": "", "district_name_raw": "", "field_external_key": "SP:2.7", "field_code_raw": "2.7", "field_name_raw": "2.7", "field_code_unique_status": "unique", "source_fid": "174", "declared_area_ha": 29.61, "geometry_area_ha": 29.611339, "area_diff_ha": 0.001339, "area_diff_pct": 0.004523, "area_quality_status": "ok", "geometry_type": "Polygon", "polygon_count": 1, "inner_ring_count": 0, "geometry_valid": true, "geometry_validity_reason": "Valid Geometry", "centroid_lon": 38.38082414, "centroid_lat": 54.146054923999998, "representative_lon": 38.380827238000002, "representative_lat": 54.146017628000003, "centroid_within_geometry": true, "weather_point_lon_candidate": 38.38082414, "weather_point_lat_candidate": 54.146054923999998, "active_2026_candidate": true, "active_reason": "sp_irrigation_2026_flag_1", "season_year_candidate": null, "crop_raw": "картофель среднеспелый", "crop_code_candidate": "potato", "crop_parameter_set_candidate_key": "aquacrop_v7_3_reference_potato", "regional_crop_parameter_set_candidate_key": "aquacrop_v7_3_regional_potato_tula_oblast", "crop_parameter_candidate_status": "reference_selected_region_needs_confirmation", "crop_parameter_candidate_comment_ru": "В СП(2).kml регион не указан. Для безопасной первичной загрузки выбран reference potato; региональный набор potato_tula_oblast указан как кандидат и требует подтверждения, что СП относится к Тульской области/соответствующему региональному сценарию.", "sowing_date_raw": "", "calculation_ready": false, "calculation_blockers_json": [ "missing_sowing_date", "missing_soil_profile" ], "geometry_hash_sha256": "504953682f8467f433a17ef84e99c9399144630c5338696e04a2aab456ff34cc", "source_attributes_json": { "area_": "29.61", "crop": "картофель среднеспелый", "fid": "174", "kml_name": "2.7", "полив в 2026 году": "1" } }, "geometry": { "type": "Polygon", "coordinates": [ [ [ 38.384250292200598, 54.1479318975843 ], [ 38.384249772935902, 54.147930805042002 ], [ 38.384252824638303, 54.147930369805103 ], [ 38.384340538001702, 54.147877453630201 ], [ 38.384553828529498, 54.147729439547099 ], [ 38.384749061746803, 54.147573073505299 ], [ 38.384925291861002, 54.1474091131766 ], [ 38.38508166519, 54.147238353021301 ], [ 38.385217424295199, 54.147061620438002 ], [ 38.385331911647498, 54.146879771753198 ], [ 38.385424572809399, 54.146693688070997 ], [ 38.385494959116102, 54.146504271003401 ], [ 38.385542729843998, 54.146312438300797 ], [ 38.385567653856, 54.146119119404801 ], [ 38.385569610715002, 54.145925250944899 ], [ 38.385548591261703, 54.145731772200001 ], [ 38.385504697652401, 54.145539620548199 ], [ 38.385438142858099, 54.145349726924699 ], [ 38.3853492496266, 54.145163011312803 ], [ 38.385238448913199, 54.144980378287102 ], [ 38.385106277787003, 54.144802712631503 ], [ 38.384953376825003, 54.144630875054098 ], [ 38.384780487003297, 54.1444656980186 ], [ 38.384588446104303, 54.144307981711897 ], [ 38.3843781846547, 54.144158490169502 ], [ 38.384150721415097, 54.1440179475753 ], [ 38.3839071584434, 54.143887034754897 ], [ 38.3836486757546, 54.143766385878401 ], [ 38.383376525604803, 54.143656585390502 ], [ 38.383092026425203, 54.143558165179698 ], [ 38.382796556436901, 54.143471602003999 ], [ 38.382651147909002, 54.143669545865997 ], [ 38.382387149356703, 54.143604546829302 ], [ 38.382116479197698, 54.143549818116 ], [ 38.381840295084899, 54.143505593796803 ], [ 38.381559778241098, 54.143472063014897 ], [ 38.381276128410001, 54.143449369178398 ], [ 38.380990558727497, 54.143437609346698 ], [ 38.380704290536102, 54.143436833816097 ], [ 38.3804185481643, 54.143447045904303 ], [ 38.380134553693303, 54.1434682019365 ], [ 38.379853521732798, 54.143500211431999 ], [ 38.379576654229801, 54.143542937491098 ], [ 38.379305135329901, 54.143596197379701 ], [ 38.379177489988798, 54.143394128634299 ], [ 38.3788720676446, 54.143467828540302 ], [ 38.378576116224501, 54.1435538230931 ], [ 38.378291069399602, 54.143651695730398 ], [ 38.3780183080463, 54.143760972348304 ], [ 38.377759153559502, 54.143881123596898 ], [ 38.377514861452198, 54.1440115674433 ], [ 38.377286615274798, 54.144151671989398 ], [ 38.377075520880503, 54.144300758531998 ], [ 38.376882601068203, 54.144458104848901 ], [ 38.376708790624903, 54.1446229486967 ], [ 38.376554931795702, 54.1447944915016 ], [ 38.376421770199599, 54.144971902227098 ], [ 38.376309951213798, 54.145154321398799 ], [ 38.376220016842701, 54.145340865267201 ], [ 38.376152403087097, 54.145530630087997 ], [ 38.376107437826199, 54.1457226965004 ], [ 38.376085339223899, 54.145916133979803 ], [ 38.376086214665101, 54.146110005346202 ], [ 38.376110060229799, 54.146303371304498 ], [ 38.376156760705797, 54.146495294995297 ], [ 38.376226090140399, 54.146684846533901 ], [ 38.376317712929499, 54.146871107516802 ], [ 38.376431185437902, 54.1470531754712 ], [ 38.376565958143303, 54.1472301682291 ], [ 38.376721378293901, 54.147401228202 ], [ 38.376896693067202, 54.147565526537797 ], [ 38.377091053213398, 54.147722267137297 ], [ 38.377303517167803, 54.147870690513798 ], [ 38.3775330556104, 54.1480100774737 ], [ 38.3777785564521, 54.148139752603001 ], [ 38.378038830222103, 54.148259087541803 ], [ 38.378312615832002, 54.148367504029899 ], [ 38.378598586686998, 54.148464476710501 ], [ 38.378895357115603, 54.148549535677198 ], [ 38.3792014890861, 54.148622268752099 ], [ 38.3795154991777, 54.148682323484202 ], [ 38.379835865772101, 54.148729408858401 ], [ 38.380161036430898, 54.148763296706399 ], [ 38.3804894354219, 54.148783822812803 ], [ 38.380819471359999, 54.148790887711698 ], [ 38.381149544923304, 54.148784457168603 ], [ 38.381478056607399, 54.1487645623465 ], [ 38.381803414481702, 54.148731299654997 ], [ 38.382124041908199, 54.148684830282498 ], [ 38.382438385185502, 54.148625379414597 ], [ 38.382744921082598, 54.148553235142401 ], [ 38.383042164223497, 54.148468747065699 ], [ 38.383328674288101, 54.148372324597801 ], [ 38.383603062994403, 54.148264434980199 ], [ 38.383864000828098, 54.148145601018001 ], [ 38.384110223485699, 54.148016398544598 ], [ 38.384250292200598, 54.1479318975843 ] ] ] } },
{ "type": "Feature", "properties": { "dataset_code": "SP", "source_file": "СП(2).kml", "placemark_index": 95, "organization_code": "SP", "organization_name_raw": "СП / Спасское", "farm_name_raw": "", "region_name_raw": "", "district_name_raw": "", "field_external_key": "SP:3.2", "field_code_raw": "3.2", "field_name_raw": "3.2", "field_code_unique_status": "unique", "source_fid": "175", "declared_area_ha": 84.09, "geometry_area_ha": 84.087241, "area_diff_ha": -0.002759, "area_diff_pct": -0.00328, "area_quality_status": "ok", "geometry_type": "Polygon", "polygon_count": 1, "inner_ring_count": 0, "geometry_valid": true, "geometry_validity_reason": "Valid Geometry", "centroid_lon": 38.395765955999998, "centroid_lat": 54.127574537999998, "representative_lon": 38.395777588000001, "representative_lat": 54.127511122000001, "centroid_within_geometry": true, "weather_point_lon_candidate": 38.395765955999998, "weather_point_lat_candidate": 54.127574537999998, "active_2026_candidate": false, "active_reason": "sp_no_irrigation_2026_flag_not_active", "season_year_candidate": null, "crop_raw": "", "crop_code_candidate": "", "crop_parameter_set_candidate_key": "", "regional_crop_parameter_set_candidate_key": "", "crop_parameter_candidate_status": "no_crop_in_kml", "crop_parameter_candidate_comment_ru": "В СП(2).kml культура не задана для этого поля.", "sowing_date_raw": "", "calculation_ready": false, "calculation_blockers_json": [ ], "geometry_hash_sha256": "472fad08d9f40f9d16aa2805a20fcc4255ffa31d416863b109cd52be6900842c", "source_attributes_json": { "area_": "84.09", "fid": "175", "kml_name": "3.2" } }, "geometry": { "type": "Polygon", "coordinates": [ [ [ 38.390874060006297, 54.123877828286197 ], [ 38.390764990970197, 54.123925837433902 ], [ 38.390347814625898, 54.124137320026001 ], [ 38.389956418917102, 54.124365174555003 ], [ 38.389592662267702, 54.124608319380101 ], [ 38.389258271987401, 54.124865600256697 ], [ 38.388954836068002, 54.125135795811602 ], [ 38.388683795638698, 54.125417623338301 ], [ 38.388446438116503, 54.125709744882201 ], [ 38.388243891084699, 54.126010773590302 ], [ 38.388077116928301, 54.126319280291597 ], [ 38.387946908251699, 54.126633800280302 ], [ 38.387853884101901, 54.126952840267798 ], [ 38.387798487013903, 54.127274885470598 ], [ 38.387780980893503, 54.127598406801297 ], [ 38.387801449748103, 54.127921868128396 ], [ 38.3878597972707, 54.128243733569597 ], [ 38.387955747280401, 54.128562474785099 ], [ 38.388088845017599, 54.128876578235499 ], [ 38.3882584592874, 54.1291845523699 ], [ 38.3884637854419, 54.129484934711002 ], [ 38.388703849187102, 54.129776298801701 ], [ 38.388977511197197, 54.130057260981602 ], [ 38.389283472513803, 54.130326486961103 ], [ 38.389620280705302, 54.130582698161199 ], [ 38.389986336756998, 54.130824677788503 ], [ 38.390379902659397, 54.131051276618003 ], [ 38.390799109658701, 54.1312614184544 ], [ 38.391241967130298, 54.131454105247499 ], [ 38.391706372033802, 54.131628421835401 ], [ 38.3921901189035, 54.131783540294798 ], [ 38.392690910327502, 54.131918723876602 ], [ 38.393206367865403, 54.132033330508399 ], [ 38.3933402469209, 54.131780222482298 ], [ 38.393798928244003, 54.131862680125202 ], [ 38.394265603221797, 54.131927859399902 ], [ 38.394738386580002, 54.131975496993803 ], [ 38.395215368344502, 54.1320054004592 ], [ 38.395694621564502, 54.132017448992002 ], [ 38.396174210104498, 54.132011593920097 ], [ 38.396652196473802, 54.131987858899997 ], [ 38.397126649660798, 54.131946339821098 ], [ 38.397595652942002, 54.131887204418 ], [ 38.398057311631803, 54.1318106915923 ], [ 38.398202846021597, 54.132060290520101 ], [ 38.398716974003101, 54.131952713331501 ], [ 38.399217407741602, 54.131824790826499 ], [ 38.399701815899398, 54.131677118986602 ], [ 38.400167941868901, 54.131510385796801 ], [ 38.400613614292602, 54.131325368036698 ], [ 38.401036757182403, 54.131122927659298 ], [ 38.401435399594597, 54.130904007771399 ], [ 38.401807684812198, 54.130669628236902 ], [ 38.402151878993401, 54.130420880921903 ], [ 38.402466379245901, 54.130158924604899 ], [ 38.402749721088803, 54.129884979575102 ], [ 38.403000585267897, 54.129600321944899 ], [ 38.403217803892801, 54.129306277701801 ], [ 38.403400365866297, 54.129004216529303 ], [ 38.403547421583603, 54.128695545424101 ], [ 38.403658286875697, 54.128381702139997 ], [ 38.403732446182801, 54.128064148489898 ], [ 38.403769554940702, 54.127744363534603 ], [ 38.403769441169999, 54.1274238366939 ], [ 38.403732106261003, 54.127104060808698 ], [ 38.403657724951799, 54.126786525188102 ], [ 38.403546644497901, 54.126472708673703 ], [ 38.403399383040203, 54.126164072753703 ], [ 38.403216627176597, 54.125862054757299 ], [ 38.402999228750701, 54.125568061163698 ], [ 38.402748200872203, 54.125283461053499 ], [ 38.402464713187499, 54.125009579736599 ], [ 38.402150086422701, 54.124747692582702 ], [ 38.401805786225403, 54.124499019086301 ], [ 38.401433416333099, 54.1242647171904 ], [ 38.401034711100699, 54.124045877899 ], [ 38.400611527421901, 54.1238435201995 ], [ 38.400165836082003, 54.1236585863222 ], [ 38.399699712581999, 54.1234919373561 ], [ 38.399215327478203, 54.1233443492427 ], [ 38.399019913866297, 54.123581828966003 ], [ 38.398588107458004, 54.123470743030502 ], [ 38.398145338253499, 54.123375708094002 ], [ 38.397693333413301, 54.123297094858401 ], [ 38.397233856089997, 54.1232352099682 ], [ 38.396768698557302, 54.1231902948157 ], [ 38.396299675225002, 54.123162524599898 ], [ 38.395828615567702, 54.123152007643696 ], [ 38.395357356995902, 54.123158784971999 ], [ 38.395320434794399, 54.122895828939399 ], [ 38.394771712698798, 54.122925498168797 ], [ 38.394227770446598, 54.122977291618 ], [ 38.393691189946402, 54.123050963446303 ], [ 38.3931645181991, 54.123146163963099 ], [ 38.392650255219102, 54.123262441285299 ], [ 38.392150842177301, 54.123399243481003 ], [ 38.3917353696284, 54.123534242252099 ], [ 38.391568925690002, 54.123616622660499 ], [ 38.391319145140102, 54.123723699373897 ], [ 38.3910572689582, 54.123820292349599 ], [ 38.390874060006297, 54.123877828286197 ] ] ] } },
{ "type": "Feature", "properties": { "dataset_code": "SP", "source_file": "СП(2).kml", "placemark_index": 96, "organization_code": "SP", "organization_name_raw": "СП / Спасское", "farm_name_raw": "", "region_name_raw": "", "district_name_raw": "", "field_external_key": "SP:3.1", "field_code_raw": "3.1", "field_name_raw": "3.1", "field_code_unique_status": "unique", "source_fid": "176", "declared_area_ha": 30.96, "geometry_area_ha": 30.956006, "area_diff_ha": -0.003994, "area_diff_pct": -0.0129, "area_quality_status": "ok", "geometry_type": "Polygon", "polygon_count": 1, "inner_ring_count": 0, "geometry_valid": true, "geometry_validity_reason": "Valid Geometry", "centroid_lon": 38.38878287, "centroid_lat": 54.121525196999997, "representative_lon": 38.388831107999998, "representative_lat": 54.121511907, "centroid_within_geometry": true, "weather_point_lon_candidate": 38.38878287, "weather_point_lat_candidate": 54.121525196999997, "active_2026_candidate": true, "active_reason": "sp_irrigation_2026_flag_1", "season_year_candidate": null, "crop_raw": "картофель среднеспелый", "crop_code_candidate": "potato", "crop_parameter_set_candidate_key": "aquacrop_v7_3_reference_potato", "regional_crop_parameter_set_candidate_key": "aquacrop_v7_3_regional_potato_tula_oblast", "crop_parameter_candidate_status": "reference_selected_region_needs_confirmation", "crop_parameter_candidate_comment_ru": "В СП(2).kml регион не указан. Для безопасной первичной загрузки выбран reference potato; региональный набор potato_tula_oblast указан как кандидат и требует подтверждения, что СП относится к Тульской области/соответствующему региональному сценарию.", "sowing_date_raw": "", "calculation_ready": false, "calculation_blockers_json": [ "missing_sowing_date", "missing_soil_profile" ], "geometry_hash_sha256": "83e420ca6255f03d4a478d7faf2cbe95479a9c3c9e157263734f30826b26ab37", "source_attributes_json": { "area_": "30.96", "crop": "картофель среднеспелый", "fid": "176", "kml_name": "3.1", "полив в 2026 году": "1" } }, "geometry": { "type": "Polygon", "coordinates": [ [ [ 38.390874060006297, 54.123877828286197 ], [ 38.391205967236203, 54.123731730684298 ], [ 38.391668649822698, 54.123555921186103 ], [ 38.3917353696284, 54.123534242252099 ], [ 38.391805396401402, 54.1234995827622 ], [ 38.3920274078015, 54.1233731486629 ], [ 38.3922338807401, 54.123237935010202 ], [ 38.392423811634899, 54.123094599126802 ], [ 38.392759736064697, 54.123235669410001 ], [ 38.392946124328297, 54.123072697746899 ], [ 38.393112952197001, 54.122902569598097 ], [ 38.393259426919499, 54.122726093648197 ], [ 38.393384852517897, 54.122544108744897 ], [ 38.393488633092097, 54.1223574799102 ], [ 38.3935702756472, 54.122167094228701 ], [ 38.393629392432402, 54.121973856629097 ], [ 38.393665702777596, 54.121778685583401 ], [ 38.393679034422, 54.121582508740403 ], [ 38.393669324326702, 54.121386258516303 ], [ 38.393636618968301, 54.121190867662897 ], [ 38.393581074111601, 54.1209972648345 ], [ 38.393502954063401, 54.120806370174897 ], [ 38.393402630410101, 54.120619090943599 ], [ 38.393280580246497, 54.120436317205701 ], [ 38.393137383903102, 54.120258917601802 ], [ 38.392973722182901, 54.120087735220899 ], [ 38.392790373122303, 54.119923583594797 ], [ 38.392588208289801, 54.1197672428329 ], [ 38.392368188640802, 54.119619455916002 ], [ 38.392131359948998, 54.119480925167103 ], [ 38.391878847835201, 54.1193523089145 ], [ 38.391611852416901, 54.1192342183652 ], [ 38.391331642605799, 54.1191272147014 ], [ 38.391039550078197, 54.119031806415201 ], [ 38.390736962948402, 54.118948446892901 ], [ 38.3904253191739, 54.118877532262402 ], [ 38.390106099725898, 54.118819399510997 ], [ 38.389780821553899, 54.118774324885599 ], [ 38.389451030381899, 54.118742522580497 ], [ 38.389118293366401, 54.118724143719703 ], [ 38.388784191654302, 54.118719275639997 ], [ 38.3884503128739, 54.118727941475498 ], [ 38.388118243594903, 54.118750100047997 ], [ 38.387789561794001, 54.118785646062598 ], [ 38.387465829361098, 54.118834410607697 ], [ 38.3871485846811, 54.118896161956798 ], [ 38.386839335327998, 54.1189706066695 ], [ 38.386539550904097, 54.119057390984899 ], [ 38.386250656059602, 54.119156102501499 ], [ 38.385974023725304, 54.119266272136102 ], [ 38.385710968589997, 54.119387376351703 ], [ 38.385462740854102, 54.119518839644101 ], [ 38.385230520289397, 54.119660037275402 ], [ 38.385015410631603, 54.119810298241603 ], [ 38.384818434334903, 54.119968908459903 ], [ 38.384640527710701, 54.120135114161201 ], [ 38.384482536475701, 54.120308125470601 ], [ 38.384345211729503, 54.12048712016 ], [ 38.384229206381399, 54.120671247555201 ], [ 38.384135072042703, 54.120859632576597 ], [ 38.384063256400601, 54.121051379898603 ], [ 38.3840141010851, 54.121245578202803 ], [ 38.383987840039097, 54.121441304509403 ], [ 38.383984598401398, 54.121637628563299 ], [ 38.384004391905201, 54.121833617255398 ], [ 38.384047126797398, 54.122028339057302 ], [ 38.384112600277902, 54.122220868449297 ], [ 38.384200501457499, 54.122410290319401 ], [ 38.384310412830096, 54.1225957043142 ], [ 38.384441812251403, 54.122776229118102 ], [ 38.384594075415897, 54.1229510066443 ], [ 38.384766478820303, 54.1231192061136 ], [ 38.384958203197797, 54.123280028005198 ], [ 38.385168337410001, 54.123432707857901 ], [ 38.385395882775001, 54.123576519905598 ], [ 38.385639757812498, 54.123710780528299 ], [ 38.3858988033843, 54.123834851502998 ], [ 38.3861717882032, 54.123948143039101 ], [ 38.386457414687101, 54.124050116583703 ], [ 38.386754325128102, 54.124140287382097 ], [ 38.3870611081486, 54.124218226784301 ], [ 38.387376305412701, 54.124283564283303 ], [ 38.387698418562302, 54.124335989277498 ], [ 38.388025916343402, 54.124375252548099 ], [ 38.388357241888698, 54.124401167444297 ], [ 38.388690820124197, 54.124413610771697 ], [ 38.38902506526, 54.124412523377501 ], [ 38.3893583883346, 54.1243979104324 ], [ 38.389689204772701, 54.124369841405901 ], [ 38.390015941922996, 54.1243284497356 ], [ 38.389915019357304, 54.124093245669599 ], [ 38.390212053749501, 54.124042741214403 ], [ 38.390502374488499, 54.123980201976501 ], [ 38.3907845701818, 54.123905931998003 ], [ 38.390874060006297, 54.123877828286197 ] ] ] } },
{ "type": "Feature", "properties": { "dataset_code": "SP", "source_file": "СП(2).kml", "placemark_index": 97, "organization_code": "SP", "organization_name_raw": "СП / Спасское", "farm_name_raw": "", "region_name_raw": "", "district_name_raw": "", "field_external_key": "SP:1.1", "field_code_raw": "1.1", "field_name_raw": "1.1", "field_code_unique_status": "unique", "source_fid": "178", "declared_area_ha": 80.36, "geometry_area_ha": 80.359352, "area_diff_ha": -0.000648, "area_diff_pct": -0.000806, "area_quality_status": "ok", "geometry_type": "Polygon", "polygon_count": 1, "inner_ring_count": 0, "geometry_valid": true, "geometry_validity_reason": "Valid Geometry", "centroid_lon": 38.324258559, "centroid_lat": 54.148610206000001, "representative_lon": 38.324290949000002, "representative_lat": 54.148768910999998, "centroid_within_geometry": true, "weather_point_lon_candidate": 38.324258559, "weather_point_lat_candidate": 54.148610206000001, "active_2026_candidate": true, "active_reason": "sp_irrigation_2026_flag_1", "season_year_candidate": null, "crop_raw": "картофель среднеспелый", "crop_code_candidate": "potato", "crop_parameter_set_candidate_key": "aquacrop_v7_3_reference_potato", "regional_crop_parameter_set_candidate_key": "aquacrop_v7_3_regional_potato_tula_oblast", "crop_parameter_candidate_status": "reference_selected_region_needs_confirmation", "crop_parameter_candidate_comment_ru": "В СП(2).kml регион не указан. Для безопасной первичной загрузки выбран reference potato; региональный набор potato_tula_oblast указан как кандидат и требует подтверждения, что СП относится к Тульской области/соответствующему региональному сценарию.", "sowing_date_raw": "", "calculation_ready": false, "calculation_blockers_json": [ "missing_sowing_date", "missing_soil_profile" ], "geometry_hash_sha256": "92b81db47292c15aff8e37fa1d29d10b191a5a49c81967903ebcf104781a8922", "source_attributes_json": { "area_": "80.36", "crop": "картофель среднеспелый", "fid": "178", "kml_name": "1.1", "полив в 2026 году": "1" } }, "geometry": { "type": "Polygon", "coordinates": [ [ [ 38.318192983390901, 54.151565086075401 ], [ 38.318540648083498, 54.151398412430602 ], [ 38.318879433807702, 54.151625390614903 ], [ 38.319244168201799, 54.151838062606402 ], [ 38.319633102709901, 54.1520354086244 ], [ 38.3200443726532, 54.152216482364203 ], [ 38.320476006171802, 54.1523804155376 ], [ 38.3209259336817, 54.152526422040303 ], [ 38.321391997802799, 54.152653801723602 ], [ 38.321871963709498, 54.152761943755301 ], [ 38.321741606784997, 54.1530142632067 ], [ 38.322255785785302, 54.153106172011 ], [ 38.322779450752599, 54.153177274802403 ], [ 38.323310160944601, 54.153227240176903 ], [ 38.323845442749402, 54.153255835250498 ], [ 38.324382801226903, 54.1532629267451 ], [ 38.324919731748601, 54.153248481610703 ], [ 38.325453731683197, 54.153212567178997 ], [ 38.325982312073599, 54.153155350849801 ], [ 38.326503009248498, 54.1530770993094 ], [ 38.326382844652699, 54.152823195727102 ], [ 38.326852162238303, 54.152732237631703 ], [ 38.327310129105697, 54.1526231529201 ], [ 38.327754715736098, 54.152496425035203 ], [ 38.328183951960803, 54.152352615606098 ], [ 38.328595935697102, 54.152192361956303 ], [ 38.3289888413819, 54.152016374277601 ], [ 38.329360928064297, 54.151825432480003 ], [ 38.329710547122303, 54.151620382732702 ], [ 38.3300361495684, 54.151402133711898 ], [ 38.330336292912499, 54.1511716525713 ], [ 38.330719219144697, 54.151310206685402 ], [ 38.331019594485603, 54.151041536578603 ], [ 38.3312874357852, 54.150761263164597 ], [ 38.331521448670301, 54.1504707416006 ], [ 38.331720502405702, 54.150171376565901 ], [ 38.331883635349399, 54.149864615467202 ], [ 38.332010059589003, 54.149551941438297 ], [ 38.332099164736597, 54.1492348661669 ], [ 38.332150520864403, 54.148914922585 ], [ 38.332163880567201, 54.148593657456097 ], [ 38.332139180140999, 54.1482726238971 ], [ 38.332076539874599, 54.147953373869399 ], [ 38.331976263450798, 54.147637450677401 ], [ 38.331838836461699, 54.147326381508101 ], [ 38.331664924045697, 54.1470216700503 ], [ 38.331455367656702, 54.146724789227903 ], [ 38.331211180982599, 54.146437174082003 ], [ 38.330933545033602, 54.146160214837103 ], [ 38.330623802421798, 54.145895250184303 ], [ 38.330283450862701, 54.145643560814001 ], [ 38.329914135928902, 54.1454063632291 ], [ 38.329517643090703, 54.145184803869199 ], [ 38.329095889083298, 54.1449799535728 ], [ 38.328650912641699, 54.144792802405803 ], [ 38.328386049153998, 54.145005848170896 ], [ 38.327985480568103, 54.144860841043197 ], [ 38.327570070380901, 54.144731023853602 ], [ 38.327141487509699, 54.144616918107303 ], [ 38.326701453744803, 54.144518982189197 ], [ 38.326251736836603, 54.144437609524402 ], [ 38.325794143399698, 54.144373126999 ], [ 38.325330511661001, 54.1443257936481 ], [ 38.3248627040823, 54.144295799616103 ], [ 38.324392599884398, 54.144283265393597 ], [ 38.323922087505899, 54.144288241333697 ], [ 38.323886687919803, 54.144025463459698 ], [ 38.323346490013897, 54.144052746235502 ], [ 38.322810770740098, 54.144101791963898 ], [ 38.322282070408903, 54.1441723680812 ], [ 38.321762896081601, 54.144264139928502 ], [ 38.3212557096927, 54.144376672336897 ], [ 38.320762916385704, 54.144509431689102 ], [ 38.320286853116698, 54.144661788447401 ], [ 38.3198297775795, 54.144833020135998 ], [ 38.319393857505503, 54.145022314764397 ], [ 38.318981160387999, 54.1452287746745 ], [ 38.318593643679797, 54.145451420793499 ], [ 38.318233145511002, 54.145689197274102 ], [ 38.317901375969697, 54.145940976497599 ], [ 38.317599908989202, 54.146205564418104 ], [ 38.317330174877497, 54.146481706221699 ], [ 38.317093453526503, 54.146768092274201 ], [ 38.316890868332798, 54.147063364329099 ], [ 38.316723380859202, 54.147366121966897 ], [ 38.3165917862611, 54.147674929234199 ], [ 38.316496709502204, 54.147988321452601 ], [ 38.316438602375598, 54.148304812163602 ], [ 38.316417741344999, 54.148622900178502 ], [ 38.316434226218, 54.148941076697803 ], [ 38.316487979656102, 54.149257832467498 ], [ 38.316578747525597, 54.149571664939003 ], [ 38.316706100086897, 54.149881085396899 ], [ 38.316869434017597, 54.150184626022202 ], [ 38.317067975260301, 54.150480846856901 ], [ 38.317300782680199, 54.150768342637299 ], [ 38.317566752518402, 54.151045749462803 ], [ 38.3178646236166, 54.151311751269198 ], [ 38.318192983390901, 54.151565086075401 ] ] ] } },
{ "type": "Feature", "properties": { "dataset_code": "SP", "source_file": "СП(2).kml", "placemark_index": 98, "organization_code": "SP", "organization_name_raw": "СП / Спасское", "farm_name_raw": "", "region_name_raw": "", "district_name_raw": "", "field_external_key": "SP:2.5", "field_code_raw": "2.5", "field_name_raw": "2.5", "field_code_unique_status": "unique", "source_fid": "179", "declared_area_ha": 26.93, "geometry_area_ha": 26.931099, "area_diff_ha": 0.001099, "area_diff_pct": 0.00408, "area_quality_status": "ok", "geometry_type": "Polygon", "polygon_count": 1, "inner_ring_count": 0, "geometry_valid": true, "geometry_validity_reason": "Valid Geometry", "centroid_lon": 38.342493322000003, "centroid_lat": 54.143725263999997, "representative_lon": 38.342517936, "representative_lat": 54.143739124, "centroid_within_geometry": true, "weather_point_lon_candidate": 38.342493322000003, "weather_point_lat_candidate": 54.143725263999997, "active_2026_candidate": true, "active_reason": "sp_irrigation_2026_flag_1", "season_year_candidate": null, "crop_raw": "картофель среднеспелый", "crop_code_candidate": "potato", "crop_parameter_set_candidate_key": "aquacrop_v7_3_reference_potato", "regional_crop_parameter_set_candidate_key": "aquacrop_v7_3_regional_potato_tula_oblast", "crop_parameter_candidate_status": "reference_selected_region_needs_confirmation", "crop_parameter_candidate_comment_ru": "В СП(2).kml регион не указан. Для безопасной первичной загрузки выбран reference potato; региональный набор potato_tula_oblast указан как кандидат и требует подтверждения, что СП относится к Тульской области/соответствующему региональному сценарию.", "sowing_date_raw": "", "calculation_ready": false, "calculation_blockers_json": [ "missing_sowing_date", "missing_soil_profile" ], "geometry_hash_sha256": "3beff5ae48656a435d6a1c984f7f2b77d93103015472e66ea50e6c618196b11e", "source_attributes_json": { "area_": "26.93", "crop": "картофель среднеспелый", "fid": "179", "kml_name": "2.5", "полив в 2026 году": "1" } }, "geometry": { "type": "Polygon", "coordinates": [ [ [ 38.342994920344601, 54.146405993667798 ], [ 38.343309917084198, 54.146380005040299 ], [ 38.343621062921002, 54.1463411928803 ], [ 38.343926844966603, 54.146289745907303 ], [ 38.344225776427997, 54.146225914274801 ], [ 38.344516403840501, 54.146150008353104 ], [ 38.344797314138397, 54.146062397219701 ], [ 38.345067141527899, 54.145963506863701 ], [ 38.345324574130302, 54.145853818113103 ], [ 38.3455683603623, 54.145733864296403 ], [ 38.345797315021699, 54.1456042286475 ], [ 38.346010325050798, 54.145465541469299 ], [ 38.346206354947299, 54.145318477067597 ], [ 38.346384451797597, 54.145163750471099 ], [ 38.3465437499082, 54.145002113954099 ], [ 38.346683475011801, 54.144834353377398 ], [ 38.346802948028397, 54.144661284366897 ], [ 38.346901588363103, 54.144483748346602 ], [ 38.346978916724403, 54.144302608447497 ], [ 38.347034557449803, 54.144118745310003 ], [ 38.347068240326401, 54.143933052802403 ], [ 38.347079801899298, 54.1437464336746 ], [ 38.347069186260697, 54.143559795169097 ], [ 38.347036445316, 54.143374044610603 ], [ 38.346981738525002, 54.143190084994998 ], [ 38.3469053321218, 54.143008810600101 ], [ 38.346807597814802, 54.142831102638503 ], [ 38.346689010974401, 54.142657824974698 ], [ 38.346550148317299, 54.142489819926197 ], [ 38.346229149428602, 54.142586386254401 ], [ 38.346093371549003, 54.142447253916103 ], [ 38.345942484024803, 54.142313595217203 ], [ 38.345777124640499, 54.142185974992898 ], [ 38.345597992319099, 54.142064932555002 ], [ 38.345405844166699, 54.141950979413899 ], [ 38.345201492272501, 54.141844597117498 ], [ 38.344985800276604, 54.1417462352169 ], [ 38.344759679720198, 54.141656309367903 ], [ 38.344524086194198, 54.141575199574802 ], [ 38.344280015301699, 54.141503248585302 ], [ 38.3444183749003, 54.141307542369802 ], [ 38.344128589038199, 54.141236552513199 ], [ 38.343831172878502, 54.141177435162298 ], [ 38.343527535425899, 54.141130470379998 ], [ 38.343219115141601, 54.141095880657502 ], [ 38.342907373132, 54.141073829859799 ], [ 38.342593786231198, 54.141064422450498 ], [ 38.342279840008402, 54.141067702996899 ], [ 38.341967021734099, 54.1410836559591 ], [ 38.341656813339, 54.141112205763299 ], [ 38.3413506843969, 54.141153217160202 ], [ 38.341050085167197, 54.141206495864402 ], [ 38.340756439728104, 54.141271789475098 ], [ 38.340471139232797, 54.141348788670797 ], [ 38.3401955353227, 54.1414371286739 ], [ 38.339930933726102, 54.141536390977897 ], [ 38.339678588074101, 54.141646105329002 ], [ 38.339439693963399, 54.141765751952903 ], [ 38.3392153832921, 54.1418947640162 ], [ 38.3390067188976, 54.142032530310303 ], [ 38.338814689521101, 54.142178398146399 ], [ 38.338640205121102, 54.142331676445899 ], [ 38.338484092561302, 54.142491639013997 ], [ 38.338347091690103, 54.142657527978699 ], [ 38.338229851832203, 54.142828557380497 ], [ 38.338132928708802, 54.143003916895502 ], [ 38.338056781800297, 54.143182775673502 ], [ 38.338001772164802, 54.143364286274299 ], [ 38.337968160722603, 54.143547588681898 ], [ 38.337956107014499, 54.143731814379102 ], [ 38.337965668440901, 54.143916090462596 ], [ 38.337996799984097, 54.144099543778701 ], [ 38.338049354416199, 54.144281305061099 ], [ 38.338123082991601, 54.144460513049196 ], [ 38.3382176366202, 54.144636318570399 ], [ 38.338332567517, 54.144807888564003 ], [ 38.338467331319002, 54.144974410029398 ], [ 38.338621289660701, 54.145135093879396 ], [ 38.338793713195798, 54.145289178680599 ], [ 38.3389837850495, 54.145435934262203 ], [ 38.339190604687801, 54.145574665177499 ], [ 38.339413192182199, 54.145704714000701 ], [ 38.339650492852698, 54.145825464443199 ], [ 38.339885615751598, 54.145664759489598 ], [ 38.340103962784298, 54.145761124026698 ], [ 38.340332515653003, 54.145848954536802 ], [ 38.340570308138197, 54.145927879688998 ], [ 38.3408163349389, 54.145997565800997 ], [ 38.3410695559242, 54.146057718249999 ], [ 38.341328900532702, 54.146108082719003 ], [ 38.341593272299697, 54.146148446273003 ], [ 38.341861553495697, 54.146178638259101 ], [ 38.342132609853898, 54.146198531028602 ], [ 38.342405295368202, 54.146208040476999 ], [ 38.342678457141297, 54.146207126399901 ], [ 38.342950940261098, 54.146195792662802 ], [ 38.342994920344601, 54.146405993667798 ] ] ] } },
{ "type": "Feature", "properties": { "dataset_code": "SP", "source_file": "СП(2).kml", "placemark_index": 99, "organization_code": "SP", "organization_name_raw": "СП / Спасское", "farm_name_raw": "", "region_name_raw": "", "district_name_raw": "", "field_external_key": "SP:1.2", "field_code_raw": "1.2", "field_name_raw": "1.2", "field_code_unique_status": "unique", "source_fid": "180", "declared_area_ha": 72.85, "geometry_area_ha": 72.84541, "area_diff_ha": -0.00459, "area_diff_pct": -0.0063, "area_quality_status": "ok", "geometry_type": "Polygon", "polygon_count": 1, "inner_ring_count": 0, "geometry_valid": true, "geometry_validity_reason": "Valid Geometry", "centroid_lon": 38.32987934, "centroid_lat": 54.157317577000001, "representative_lon": 38.32988126, "representative_lat": 54.157277784000001, "centroid_within_geometry": true, "weather_point_lon_candidate": 38.32987934, "weather_point_lat_candidate": 54.157317577000001, "active_2026_candidate": false, "active_reason": "sp_no_irrigation_2026_flag_not_active", "season_year_candidate": null, "crop_raw": "", "crop_code_candidate": "", "crop_parameter_set_candidate_key": "", "regional_crop_parameter_set_candidate_key": "", "crop_parameter_candidate_status": "no_crop_in_kml", "crop_parameter_candidate_comment_ru": "В СП(2).kml культура не задана для этого поля.", "sowing_date_raw": "", "calculation_ready": false, "calculation_blockers_json": [ ], "geometry_hash_sha256": "620058c81168cc655a19072f622925887bf4b044651cd1c8f661023ea6fbdc2f", "source_attributes_json": { "area_": "72.85", "fid": "180", "kml_name": "1.2" } }, "geometry": { "type": "Polygon", "coordinates": [ [ [ 38.324112827690797, 54.154916133111001 ], [ 38.323763884932902, 54.154782510833499 ], [ 38.323483527581097, 54.155038696239501 ], [ 38.323234257039402, 54.1553057231746 ], [ 38.323017285147898, 54.1555822941312 ], [ 38.322833666870203, 54.1558670651998 ], [ 38.322684295155803, 54.156158652597099 ], [ 38.322569896589002, 54.156455639387801 ], [ 38.322491027845103, 54.156756582368402 ], [ 38.322448072971, 54.1570600190786 ], [ 38.322441241503803, 54.157364474907901 ], [ 38.322470567437797, 54.157668470260496 ], [ 38.322535909043303, 54.157970527746599 ], [ 38.322636949540502, 54.158269179362101 ], [ 38.322773198623899, 54.158562973624598 ], [ 38.322943994830702, 54.158850482628601 ], [ 38.323148508742399, 54.1591303089875 ], [ 38.323385747003599, 54.159401092627398 ], [ 38.323654557138603, 54.159661517400203 ], [ 38.323953633143802, 54.159910317483103 ], [ 38.324281521826997, 54.160146283534999 ], [ 38.324636629865303, 54.160368268577201 ], [ 38.325017231544599, 54.160575193572299 ], [ 38.325421477145902, 54.160766052672898 ], [ 38.325847401935498, 54.160939918113598 ], [ 38.3262929357169, 54.1610959447247 ], [ 38.3267559128969, 54.161233374043299 ], [ 38.327234083017501, 54.161351538004098 ], [ 38.327725121701597, 54.161449862188498 ], [ 38.328226641960597, 54.161527868620198 ], [ 38.328736205806202, 54.161585178090498 ], [ 38.329251336112499, 54.161621512003201 ], [ 38.329769528668798, 54.161636693730401 ], [ 38.330288264364299, 54.161630649471803 ], [ 38.330805021446103, 54.161603408613601 ], [ 38.331317287789801, 54.161555103585798 ], [ 38.331822573123297, 54.161485969217203 ], [ 38.332318421143398, 54.161396341593303 ], [ 38.332802421466901, 54.1612866564206 ], [ 38.333272221357497, 54.1611574469065 ], [ 38.333725537170899, 54.161009341165297 ], [ 38.3341601654624, 54.160843059161799 ], [ 38.334573993703799, 54.160659409208698 ], [ 38.3349650105555, 54.160459284034502 ], [ 38.335331315645703, 54.160243656440102 ], [ 38.335671128807803, 54.160013574566896 ], [ 38.335982798731401, 54.159770156798999 ], [ 38.336264810985, 54.1595145863228 ], [ 38.336515795371703, 54.1592481053735 ], [ 38.336734532581502, 54.158972009193199 ], [ 38.336919960108602, 54.158687639732896 ], [ 38.3370711774052, 54.158396379127602 ], [ 38.337187450245999, 54.158099642976097 ], [ 38.337268214284002, 54.1577988734591 ], [ 38.337313077778802, 54.157495532328603 ], [ 38.337321823485901, 54.157191093802901 ], [ 38.337294409697201, 54.156887037401098 ], [ 38.337230970428202, 54.156584840753098 ], [ 38.3368169193825, 54.156613205183803 ], [ 38.3367220802932, 54.156331049988097 ], [ 38.336593963073902, 54.156053461137198 ], [ 38.336433191622199, 54.155781788988698 ], [ 38.336240548641698, 54.155517355091902 ], [ 38.336016971823199, 54.155261445761496 ], [ 38.3357635492737, 54.155015305821799 ], [ 38.336107023595801, 54.1548769568954 ], [ 38.335823056904303, 54.154639961800797 ], [ 38.335512948275699, 54.154414537869499 ], [ 38.335178062485802, 54.154201676885897 ], [ 38.334819873252499, 54.154002315347903 ], [ 38.334439956749797, 54.153817330348502 ], [ 38.334039984672899, 54.153647535720403 ], [ 38.333621716884103, 54.153493678457799 ], [ 38.333186993672101, 54.153356435432798 ], [ 38.3327377276592, 54.153236410419503 ], [ 38.332275895391597, 54.153134131440403 ], [ 38.3318035286498, 54.1530500484455 ], [ 38.331322705516101, 54.152984531334099 ], [ 38.330835541240901, 54.152937868329502 ], [ 38.3303441789445, 54.152910264711601 ], [ 38.329850780198399, 54.152901841915401 ], [ 38.329357515524798, 54.152912636996497 ], [ 38.328866554857399, 54.152942602468599 ], [ 38.3283800580041, 54.152991606511897 ], [ 38.3279001651551, 54.153059433552897 ], [ 38.327428987475898, 54.153145785211102 ], [ 38.327563198395602, 54.153377197842801 ], [ 38.327107135305198, 54.1534813650808 ], [ 38.326664532173403, 54.153603915790598 ], [ 38.326237536649003, 54.153744255354901 ], [ 38.325828220712403, 54.153901702837899 ], [ 38.325438570627199, 54.154075494286701 ], [ 38.325070477304997, 54.154264786434801 ], [ 38.324725727131998, 54.154468660791501 ], [ 38.324405993301099, 54.1546861280953 ], [ 38.324112827690797, 54.154916133111001 ] ] ] } },
{ "type": "Feature", "properties": { "dataset_code": "SP", "source_file": "СП(2).kml", "placemark_index": 100, "organization_code": "SP", "organization_name_raw": "СП / Спасское", "farm_name_raw": "", "region_name_raw": "", "district_name_raw": "", "field_external_key": "SP:3.5", "field_code_raw": "3.5", "field_name_raw": "3.5", "field_code_unique_status": "unique", "source_fid": "181", "declared_area_ha": 23.31, "geometry_area_ha": 23.310768, "area_diff_ha": 0.000768, "area_diff_pct": 0.003297, "area_quality_status": "ok", "geometry_type": "Polygon", "polygon_count": 1, "inner_ring_count": 0, "geometry_valid": true, "geometry_validity_reason": "Valid Geometry", "centroid_lon": 38.374676182000002, "centroid_lat": 54.132124226999998, "representative_lon": 38.37469394, "representative_lat": 54.132099677, "centroid_within_geometry": true, "weather_point_lon_candidate": 38.374676182000002, "weather_point_lat_candidate": 54.132124226999998, "active_2026_candidate": true, "active_reason": "sp_irrigation_2026_flag_1", "season_year_candidate": null, "crop_raw": "картофель среднеспелый", "crop_code_candidate": "potato", "crop_parameter_set_candidate_key": "aquacrop_v7_3_reference_potato", "regional_crop_parameter_set_candidate_key": "aquacrop_v7_3_regional_potato_tula_oblast", "crop_parameter_candidate_status": "reference_selected_region_needs_confirmation", "crop_parameter_candidate_comment_ru": "В СП(2).kml регион не указан. Для безопасной первичной загрузки выбран reference potato; региональный набор potato_tula_oblast указан как кандидат и требует подтверждения, что СП относится к Тульской области/соответствующему региональному сценарию.", "sowing_date_raw": "", "calculation_ready": false, "calculation_blockers_json": [ "missing_sowing_date", "missing_soil_profile" ], "geometry_hash_sha256": "7d1038f6f336cb9bdbc2bee3fc452f010b9e155f8d77a30cd46972489b023981", "source_attributes_json": { "area_": "23.31", "crop": "картофель среднеспелый", "fid": "181", "kml_name": "3.5", "полив в 2026 году": "1" } }, "geometry": { "type": "Polygon", "coordinates": [ [ [ 38.374372812278501, 54.129619838686999 ], [ 38.374082263824398, 54.1296388867312 ], [ 38.373794669415801, 54.129669740578301 ], [ 38.373511417983501, 54.129712251222003 ], [ 38.373233877495402, 54.129766213359602 ], [ 38.372963388353099, 54.129831366382597 ], [ 38.3727012569206, 54.129907395634902 ], [ 38.372448749218499, 54.1299939339319 ], [ 38.372207084811102, 54.130090563332502 ], [ 38.371977430917802, 54.130196817156801 ], [ 38.371760896777303, 54.130312182239301 ], [ 38.371558528290599, 54.1304361014056 ], [ 38.371371302969202, 54.130567976163199 ], [ 38.371200125213399, 54.130707169590004 ], [ 38.371045821942801, 54.130853009410203 ], [ 38.370909138600503, 54.131004791239803 ], [ 38.370790735550401, 54.131161781988197 ], [ 38.370691184884201, 54.131323223397303 ], [ 38.370610967655303, 54.131488335703899 ], [ 38.370550471550999, 54.131656321404897 ], [ 38.370509989016099, 54.131826369108701 ], [ 38.370489715835397, 54.131997657453901 ], [ 38.3704897501838, 54.132169359076599 ], [ 38.370510092146802, 54.132340644606501 ], [ 38.370550643715703, 54.132510686672802 ], [ 38.370611209255898, 54.132678663901302 ], [ 38.370691496447201, 54.132843764881798 ], [ 38.370791117691702, 54.133005192088497 ], [ 38.370909591981402, 54.1331621657326 ], [ 38.371046347218297, 54.133313927530303 ], [ 38.3712007229745, 54.133459744366199 ], [ 38.371371973679402, 54.133598911835897 ], [ 38.371559272219102, 54.133730757649602 ], [ 38.3717617139298, 54.133854644880799 ], [ 38.371978320967401, 54.1339699750446 ], [ 38.372208047029602, 54.134076190989198 ], [ 38.372449782411401, 54.134172779589498 ], [ 38.372702359365803, 54.134259274226203 ], [ 38.3729645577464, 54.1343352570414 ], [ 38.373235110903501, 54.134400360958303 ], [ 38.373512711805297, 54.134454271454899 ], [ 38.3737960193547, 54.134496728084898 ], [ 38.374083664871399, 54.134527525735997 ], [ 38.374374258706801, 54.134546515621402 ], [ 38.374666396961501, 54.1345536059995 ], [ 38.374958668270899, 54.134548762616497 ], [ 38.375249660627603, 54.134532008872696 ], [ 38.375537968206302, 54.134503425708701 ], [ 38.375822198159803, 54.134463151214703 ], [ 38.376100977350497, 54.134411379962799 ], [ 38.376372958988298, 54.134348362066298 ], [ 38.376636829139301, 54.134274401971098 ], [ 38.376891313076101, 54.134189856983902 ], [ 38.377135181438398, 54.134095135545401 ], [ 38.377367256173599, 54.133990695255598 ], [ 38.377586416228702, 54.133877040663201 ], [ 38.377791602966902, 54.133754720826197 ], [ 38.377981825281402, 54.133624326658598 ], [ 38.378156164382801, 54.133486488075 ], [ 38.378313778236503, 54.133341870946303 ], [ 38.378453905628199, 54.133191173881798 ], [ 38.378575869838798, 54.133035124853798 ], [ 38.378679081910697, 54.132874477679998 ], [ 38.3787630434893, 54.132710008381203 ], [ 38.378827349226597, 54.1325425114319 ], [ 38.378871688734797, 54.132372795922201 ], [ 38.378895848081697, 54.132201681648901 ], [ 38.378899710818999, 54.1320299951553 ], [ 38.378883258539801, 54.131858565738497 ], [ 38.378846570963503, 54.131688221443802 ], [ 38.3787898255448, 54.131519785065002 ], [ 38.378713296612801, 54.131354070170303 ], [ 38.378617354040799, 54.131191877173499 ], [ 38.378502461456101, 54.1310339894682 ], [ 38.378369173995999, 54.130881169644702 ], [ 38.378218135623698, 54.130734155807403 ], [ 38.378050076014603, 54.1305936580112 ], [ 38.377865807029799, 54.130460354832302 ], [ 38.377666218792399, 54.1303348900923 ], [ 38.377452275387803, 54.130217869749501 ], [ 38.377225010205798, 54.130109858973498 ], [ 38.376985520949901, 54.1300113794167 ], [ 38.376761748970502, 54.1301938580675 ], [ 38.376549194410501, 54.1301192180374 ], [ 38.376328860245302, 54.130052814131197 ], [ 38.3761016704306, 54.129994924799199 ], [ 38.375868577656703, 54.1299457927867 ], [ 38.375630559355699, 54.129905624117001 ], [ 38.375388613604102, 54.129874587226801 ], [ 38.375143754939302, 54.129852812261397 ], [ 38.374897010107603, 54.1298403905285 ], [ 38.3746494137607, 54.129837374115503 ], [ 38.374402004119197, 54.129843775671702 ], [ 38.374372812278501, 54.129619838686999 ] ] ] } },
{ "type": "Feature", "properties": { "dataset_code": "SP", "source_file": "СП(2).kml", "placemark_index": 101, "organization_code": "SP", "organization_name_raw": "СП / Спасское", "farm_name_raw": "", "region_name_raw": "", "district_name_raw": "", "field_external_key": "SP:3.3", "field_code_raw": "3.3", "field_name_raw": "3.3", "field_code_unique_status": "unique", "source_fid": "182", "declared_area_ha": 23.63, "geometry_area_ha": 23.625913, "area_diff_ha": -0.004087, "area_diff_pct": -0.017297, "area_quality_status": "ok", "geometry_type": "Polygon", "polygon_count": 1, "inner_ring_count": 0, "geometry_valid": true, "geometry_validity_reason": "Valid Geometry", "centroid_lon": 38.407583345, "centroid_lat": 54.128773246999998, "representative_lon": 38.407714134000003, "representative_lat": 54.128787928999998, "centroid_within_geometry": true, "weather_point_lon_candidate": 38.407583345, "weather_point_lat_candidate": 54.128773246999998, "active_2026_candidate": false, "active_reason": "sp_no_irrigation_2026_flag_not_active", "season_year_candidate": null, "crop_raw": "", "crop_code_candidate": "", "crop_parameter_set_candidate_key": "", "regional_crop_parameter_set_candidate_key": "", "crop_parameter_candidate_status": "no_crop_in_kml", "crop_parameter_candidate_comment_ru": "В СП(2).kml культура не задана для этого поля.", "sowing_date_raw": "", "calculation_ready": false, "calculation_blockers_json": [ ], "geometry_hash_sha256": "12f3eff6e1676b1d8d4b14c3d345a44a84f6a443e3cd7d3d974e2f6a02701337", "source_attributes_json": { "area_": "23.63", "fid": "182", "kml_name": "3.3" } }, "geometry": { "type": "Polygon", "coordinates": [ [ [ 38.40332022314, 54.129144948935703 ], [ 38.403375266684201, 54.129315072543299 ], [ 38.403450322404197, 54.129482535923103 ], [ 38.403545027065803, 54.129646528098597 ], [ 38.403658922265599, 54.129806254894298 ], [ 38.403791456646303, 54.1299609427817 ], [ 38.403941988563602, 54.130109842626901 ], [ 38.404109789190201, 54.130252233318501 ], [ 38.404294046043098, 54.130387425262001 ], [ 38.404493866915601, 54.130514763719297 ], [ 38.404708284197703, 54.130633631981603 ], [ 38.4049362595606, 54.130743454356903 ], [ 38.405176688985698, 54.130843698959097 ], [ 38.405428408111199, 54.130933880285099 ], [ 38.405690197872701, 54.131013561567599 ], [ 38.4059607904084, 54.131082356890801 ], [ 38.406238875201801, 54.131139933060901 ], [ 38.406523105431397, 54.131186011220102 ], [ 38.406812104496197, 54.131220368198299 ], [ 38.407104472686399, 54.131242837594499 ], [ 38.407398793965797, 54.1312533105828 ], [ 38.407693642834197, 54.131251736439999 ], [ 38.407987591234701, 54.131238122791302 ], [ 38.408279215474501, 54.131212535573297 ], [ 38.408567103123502, 54.1311750987146 ], [ 38.408849859859401, 54.1311259935352 ], [ 38.409126116223298, 54.1310654578675 ], [ 38.4093945342563, 54.130993784904199 ], [ 38.409653813981301, 54.130911321777603 ], [ 38.409902699702499, 54.130818467876999 ], [ 38.4101399860876, 54.1307156729141 ], [ 38.410364524007498, 54.1306034347433 ], [ 38.410575226101997, 54.130482296950198 ], [ 38.410771072046202, 54.130352846217001 ], [ 38.4109511134914, 54.130215709481 ], [ 38.411114478656899, 54.130071550896297 ], [ 38.411260376550302, 54.129921068617001 ], [ 38.411388100795797, 54.129764991414703 ], [ 38.411497033052399, 54.129604075148301 ], [ 38.411586646004999, 54.129439099102498 ], [ 38.411656505914301, 54.129270862213502 ], [ 38.411706274712998, 54.1291001791989 ], [ 38.411735711638897, 54.128927876612302 ], [ 38.411744674395401, 54.1287547888397 ], [ 38.411733119836498, 54.128581754059198 ], [ 38.4117011041699, 54.128409610181897 ], [ 38.4116487826807, 54.128239190794403 ], [ 38.411576408974199, 54.128071321122697 ], [ 38.411484333743203, 54.127906814036102 ], [ 38.411373003065499, 54.127746466112399 ], [ 38.411242956239803, 54.127591053780698 ], [ 38.4110948231706, 54.1274413295627 ], [ 38.410929321314903, 54.127298018429897 ], [ 38.410747252205702, 54.127161814294404 ], [ 38.410549497568603, 54.1270333766495 ], [ 38.4103370150507, 54.126913327377999 ], [ 38.410110833583403, 54.1268022477418 ], [ 38.4098720483994, 54.126700675568998 ], [ 38.409621815730198, 54.126609102650299 ], [ 38.409361347208801, 54.126527972359497 ], [ 38.409091904004399, 54.126457677507602 ], [ 38.408814790718097, 54.126398558441402 ], [ 38.408531349068703, 54.126350901396997 ], [ 38.408242951399501, 54.126314937114103 ], [ 38.407950994036398, 54.126290839719999 ], [ 38.407656890531399, 54.126278725886102 ], [ 38.407362064822003, 54.126278654264397 ], [ 38.407067944340596, 54.1262906252026 ], [ 38.406775953107299, 54.126314580742999 ], [ 38.406487504838999, 54.126350404902901 ], [ 38.406203996108097, 54.126397924235498 ], [ 38.4059267995843, 54.126456908669802 ], [ 38.405657257391802, 54.126527072623098 ], [ 38.4053966746133, 54.126608076383903 ], [ 38.405146312974203, 54.1266995277551 ], [ 38.404907384734699, 54.126800983952499 ], [ 38.404681046822503, 54.126911953747502 ], [ 38.404468395231, 54.127031899844297 ], [ 38.404270459713601, 54.127160241480603 ], [ 38.4040881987966, 54.127296357238599 ], [ 38.403922495137799, 54.127439588052198 ], [ 38.403774151250097, 54.127589240397697 ], [ 38.404131385856502, 54.127711258542902 ], [ 38.404023206196001, 54.1278405937109 ], [ 38.403929369925699, 54.127973737120399 ], [ 38.403850263448199, 54.128110140706703 ], [ 38.403786212543601, 54.1282492429795 ], [ 38.403737481025303, 54.1283904713342 ], [ 38.4037042696527, 54.128533244408402 ], [ 38.403686715301603, 54.128676974474701 ], [ 38.403684890398097, 54.1288210698604 ], [ 38.403698802618301, 54.128964937382797 ], [ 38.403728394853502, 54.129107984790899 ], [ 38.40332022314, 54.129144948935703 ] ] ] } }
]
}
