{
"type": "FeatureCollection",
"name": "sp_minimum_rectangles",
"crs": { "type": "name", "properties": { "name": "urn:ogc:def:crs:OGC:1.3:CRS84" } },
"features": [
{ "type": "Feature", "properties": { "dataset_code": "SP", "source_file": "СП(2).kml", "placemark_index": 1, "organization_code": "SP", "organization_name_raw": "СП / Спасское", "farm_name_raw": "", "region_name_raw": "", "district_name_raw": "", "field_external_key": "SP:4.17", "field_code_raw": "4.17", "field_name_raw": "4.17", "field_code_unique_status": "unique", "source_fid": "1", "declared_area_ha": 85.86, "geometry_area_ha": 85.861181, "area_diff_ha": 0.001181, "area_diff_pct": 0.001376, "area_quality_status": "ok", "geometry_type": "Polygon", "polygon_count": 1, "inner_ring_count": 0, "geometry_valid": true, "geometry_validity_reason": "Valid Geometry", "centroid_lon": 38.505242176000003, "centroid_lat": 54.083381486999997, "representative_lon": 38.505300173000002, "representative_lat": 54.083267041, "centroid_within_geometry": true, "weather_point_lon_candidate": 38.505242176000003, "weather_point_lat_candidate": 54.083381486999997, "active_2026_candidate": false, "active_reason": "sp_no_irrigation_2026_flag_not_active", "season_year_candidate": null, "crop_raw": "", "crop_code_candidate": "", "crop_parameter_set_candidate_key": "", "regional_crop_parameter_set_candidate_key": "", "crop_parameter_candidate_status": "no_crop_in_kml", "crop_parameter_candidate_comment_ru": "В СП(2).kml культура не задана для этого поля.", "sowing_date_raw": "", "calculation_ready": false, "calculation_blockers_json": [ ], "geometry_hash_sha256": "31fd95df1dd86e8d2ac6252da805ccfad58f68c82904eaa1be9c22f2d584150c", "source_attributes_json": { "area_": "85.86", "fid": "1", "kml_name": "4.17" }, "rectangle_area_ha": 107.29378975495831, "rectangle_angle_deg": 72.970604699905948, "rectangle_width_m": 1012.9252856003586, "rectangle_height_m": 1059.2468297537416, "rectangle_crs": "EPSG:32637" }, "geometry": { "type": "Polygon", "coordinates": [ [ [ 38.495260255019794, 54.08627885812696 ], [ 38.499899670440705, 54.077593329803832 ], [ 38.515346398859798, 54.080444711909095 ], [ 38.510709883840875, 54.089130837865568 ], [ 38.495260255019794, 54.08627885812696 ] ] ] } },
{ "type": "Feature", "properties": { "dataset_code": "SP", "source_file": "СП(2).kml", "placemark_index": 2, "organization_code": "SP", "organization_name_raw": "СП / Спасское", "farm_name_raw": "", "region_name_raw": "", "district_name_raw": "", "field_external_key": "SP:4.18", "field_code_raw": "4.18", "field_name_raw": "4.18", "field_code_unique_status": "unique", "source_fid": "2", "declared_area_ha": 54.71, "geometry_area_ha": 54.705718, "area_diff_ha": -0.004282, "area_diff_pct": -0.007828, "area_quality_status": "ok", "geometry_type": "Polygon", "polygon_count": 1, "inner_ring_count": 0, "geometry_valid": true, "geometry_validity_reason": "Valid Geometry", "centroid_lon": 38.497505766000003, "centroid_lat": 54.073226161000001, "representative_lon": 38.497666457000001, "representative_lat": 54.07319265, "centroid_within_geometry": true, "weather_point_lon_candidate": 38.497505766000003, "weather_point_lat_candidate": 54.073226161000001, "active_2026_candidate": false, "active_reason": "sp_no_irrigation_2026_flag_not_active", "season_year_candidate": null, "crop_raw": "", "crop_code_candidate": "", "crop_parameter_set_candidate_key": "", "regional_crop_parameter_set_candidate_key": "", "crop_parameter_candidate_status": "no_crop_in_kml", "crop_parameter_candidate_comment_ru": "В СП(2).kml культура не задана для этого поля.", "sowing_date_raw": "", "calculation_ready": false, "calculation_blockers_json": [ ], "geometry_hash_sha256": "7a2a07d3a2c6fa79bb69ca3644cda4b813817cb7b03dbc0c333b4ec7bda28d43", "source_attributes_json": { "area_": "54.71", "fid": "2", "kml_name": "4.18" }, "rectangle_area_ha": 68.4205744029193, "rectangle_angle_deg": 163.0551179004467, "rectangle_width_m": 826.13950675725937, "rectangle_height_m": 828.19637413881719, "rectangle_crs": "EPSG:32637" }, "geometry": { "type": "Polygon", "coordinates": [ [ [ 38.489778689686176, 54.075623598112216 ], [ 38.493554290561804, 54.068518956320688 ], [ 38.505604088867258, 54.070733188305283 ], [ 38.50183033988521, 54.077838209650693 ], [ 38.489778689686176, 54.075623598112216 ] ] ] } },
{ "type": "Feature", "properties": { "dataset_code": "SP", "source_file": "СП(2).kml", "placemark_index": 3, "organization_code": "SP", "organization_name_raw": "СП / Спасское", "farm_name_raw": "", "region_name_raw": "", "district_name_raw": "", "field_external_key": "SP:4.25", "field_code_raw": "4.25", "field_name_raw": "4.25", "field_code_unique_status": "unique", "source_fid": "3", "declared_area_ha": 70.72, "geometry_area_ha": 70.716817, "area_diff_ha": -0.003183, "area_diff_pct": -0.004501, "area_quality_status": "ok", "geometry_type": "Polygon", "polygon_count": 1, "inner_ring_count": 0, "geometry_valid": true, "geometry_validity_reason": "Valid Geometry", "centroid_lon": 38.516102891000003, "centroid_lat": 54.064124737999997, "representative_lon": 38.516104606, "representative_lat": 54.06415622, "centroid_within_geometry": true, "weather_point_lon_candidate": 38.516102891000003, "weather_point_lat_candidate": 54.064124737999997, "active_2026_candidate": false, "active_reason": "sp_no_irrigation_2026_flag_not_active", "season_year_candidate": null, "crop_raw": "", "crop_code_candidate": "", "crop_parameter_set_candidate_key": "", "regional_crop_parameter_set_candidate_key": "", "crop_parameter_candidate_status": "no_crop_in_kml", "crop_parameter_candidate_comment_ru": "В СП(2).kml культура не задана для этого поля.", "sowing_date_raw": "", "calculation_ready": false, "calculation_blockers_json": [ ], "geometry_hash_sha256": "8139ddb6806593e79ba287d48a036978eea1a165ed954f555b2aee2299f0bd5d", "source_attributes_json": { "area_": "70.72", "fid": "3", "kml_name": "4.25" }, "rectangle_area_ha": 89.775771798514342, "rectangle_angle_deg": 100.33394807230161, "rectangle_width_m": 935.61089280853048, "rectangle_height_m": 959.54175489582121, "rectangle_crs": "EPSG:32637" }, "geometry": { "type": "Polygon", "coordinates": [ [ [ 38.510089272142999, 54.068922543225433 ], [ 38.50762256802043, 54.060639680324087 ], [ 38.522061757841215, 54.059150847868985 ], [ 38.524531250723989, 54.06743342244615 ], [ 38.510089272142999, 54.068922543225433 ] ] ] } },
{ "type": "Feature", "properties": { "dataset_code": "SP", "source_file": "СП(2).kml", "placemark_index": 4, "organization_code": "SP", "organization_name_raw": "СП / Спасское", "farm_name_raw": "", "region_name_raw": "", "district_name_raw": "", "field_external_key": "SP:4.23", "field_code_raw": "4.23", "field_name_raw": "4.23", "field_code_unique_status": "unique", "source_fid": "4", "declared_area_ha": 26.9, "geometry_area_ha": 26.900047, "area_diff_ha": 4.7e-05, "area_diff_pct": 0.000175, "area_quality_status": "ok", "geometry_type": "Polygon", "polygon_count": 1, "inner_ring_count": 0, "geometry_valid": true, "geometry_validity_reason": "Valid Geometry", "centroid_lon": 38.517894003000002, "centroid_lat": 54.082293532999998, "representative_lon": 38.51806997, "representative_lat": 54.082339921, "centroid_within_geometry": true, "weather_point_lon_candidate": 38.517894003000002, "weather_point_lat_candidate": 54.082293532999998, "active_2026_candidate": false, "active_reason": "sp_no_irrigation_2026_flag_not_active", "season_year_candidate": null, "crop_raw": "", "crop_code_candidate": "", "crop_parameter_set_candidate_key": "", "regional_crop_parameter_set_candidate_key": "", "crop_parameter_candidate_status": "no_crop_in_kml", "crop_parameter_candidate_comment_ru": "В СП(2).kml культура не задана для этого поля.", "sowing_date_raw": "", "calculation_ready": false, "calculation_blockers_json": [ ], "geometry_hash_sha256": "fc5590e7f9dec4026cc8e8796a54c98995f0963bcfc3cc35fd08acb5d6394f84", "source_attributes_json": { "area_": "26.9", "fid": "4", "kml_name": "4.23" }, "rectangle_area_ha": 34.595256735916642, "rectangle_angle_deg": 17.721330408441133, "rectangle_width_m": 577.00733338808641, "rectangle_height_m": 599.56355377286673, "rectangle_crs": "EPSG:32637" }, "geometry": { "type": "Polygon", "coordinates": [ [ [ 38.512469898939479, 54.080478736133763 ], [ 38.520888909633051, 54.078933976318517 ], [ 38.523619465761655, 54.084077922127044 ], [ 38.515199512957977, 54.08562286967841 ], [ 38.512469898939479, 54.080478736133763 ] ] ] } },
{ "type": "Feature", "properties": { "dataset_code": "SP", "source_file": "СП(2).kml", "placemark_index": 5, "organization_code": "SP", "organization_name_raw": "СП / Спасское", "farm_name_raw": "", "region_name_raw": "", "district_name_raw": "", "field_external_key": "SP:4.19", "field_code_raw": "4.19", "field_name_raw": "4.19", "field_code_unique_status": "unique", "source_fid": "5", "declared_area_ha": 25.53, "geometry_area_ha": 25.534582, "area_diff_ha": 0.004582, "area_diff_pct": 0.017949, "area_quality_status": "ok", "geometry_type": "Polygon", "polygon_count": 1, "inner_ring_count": 0, "geometry_valid": true, "geometry_validity_reason": "Valid Geometry", "centroid_lon": 38.5225279, "centroid_lat": 54.088723553999998, "representative_lon": 38.522288847, "representative_lat": 54.088731338000002, "centroid_within_geometry": true, "weather_point_lon_candidate": 38.5225279, "weather_point_lat_candidate": 54.088723553999998, "active_2026_candidate": false, "active_reason": "sp_no_irrigation_2026_flag_not_active", "season_year_candidate": null, "crop_raw": "", "crop_code_candidate": "", "crop_parameter_set_candidate_key": "", "regional_crop_parameter_set_candidate_key": "", "crop_parameter_candidate_status": "no_crop_in_kml", "crop_parameter_candidate_comment_ru": "В СП(2).kml культура не задана для этого поля.", "sowing_date_raw": "", "calculation_ready": false, "calculation_blockers_json": [ ], "geometry_hash_sha256": "9db25cc69933465b145991b1c8afd46bf2f3762ac24afc1f9ee761398fabd8f2", "source_attributes_json": { "area_": "25.53", "fid": "5", "kml_name": "4.19" }, "rectangle_area_ha": 32.594322699265831, "rectangle_angle_deg": 72.289396574295381, "rectangle_width_m": 570.06112669175491, "rectangle_height_m": 571.76890640519559, "rectangle_crs": "EPSG:32637" }, "geometry": { "type": "Polygon", "coordinates": [ [ [ 38.517073476211415, 54.090300969179061 ], [ 38.519781083475117, 54.085430996326664 ], [ 38.528089407641467, 54.087027197696109 ], [ 38.525382667194918, 54.091897357996999 ], [ 38.517073476211415, 54.090300969179061 ] ] ] } },
{ "type": "Feature", "properties": { "dataset_code": "SP", "source_file": "СП(2).kml", "placemark_index": 6, "organization_code": "SP", "organization_name_raw": "СП / Спасское", "farm_name_raw": "", "region_name_raw": "", "district_name_raw": "", "field_external_key": "SP:4.20", "field_code_raw": "4.20", "field_name_raw": "4.20", "field_code_unique_status": "unique", "source_fid": "7", "declared_area_ha": 65.71, "geometry_area_ha": 65.70552, "area_diff_ha": -0.00448, "area_diff_pct": -0.006817, "area_quality_status": "ok", "geometry_type": "Polygon", "polygon_count": 1, "inner_ring_count": 0, "geometry_valid": true, "geometry_validity_reason": "Valid Geometry", "centroid_lon": 38.533444084000003, "centroid_lat": 54.089272542000003, "representative_lon": 38.533453668999996, "representative_lat": 54.08922611, "centroid_within_geometry": true, "weather_point_lon_candidate": 38.533444084000003, "weather_point_lat_candidate": 54.089272542000003, "active_2026_candidate": false, "active_reason": "sp_no_irrigation_2026_flag_not_active", "season_year_candidate": null, "crop_raw": "", "crop_code_candidate": "", "crop_parameter_set_candidate_key": "", "regional_crop_parameter_set_candidate_key": "", "crop_parameter_candidate_status": "no_crop_in_kml", "crop_parameter_candidate_comment_ru": "В СП(2).kml культура не задана для этого поля.", "sowing_date_raw": "", "calculation_ready": false, "calculation_blockers_json": [ ], "geometry_hash_sha256": "1f9da58b80568843c2223f8f36c7075b01896ecceacb9986f2fe716ed24db87f", "source_attributes_json": { "area_": "65.71", "fid": "7", "kml_name": "4.20" }, "rectangle_area_ha": 83.866055199018135, "rectangle_angle_deg": 78.323816073595708, "rectangle_width_m": 906.47812679875642, "rectangle_height_m": 925.18564673140645, "rectangle_crs": "EPSG:32637" }, "geometry": { "type": "Polygon", "coordinates": [ [ [ 38.541790719798911, 54.08622313150785 ], [ 38.538897859236883, 54.094190797929365 ], [ 38.525064031002145, 54.09245411164374 ], [ 38.527959416939652, 54.084486780765893 ], [ 38.541790719798911, 54.08622313150785 ] ] ] } },
{ "type": "Feature", "properties": { "dataset_code": "SP", "source_file": "СП(2).kml", "placemark_index": 7, "organization_code": "SP", "organization_name_raw": "СП / Спасское", "farm_name_raw": "", "region_name_raw": "", "district_name_raw": "", "field_external_key": "SP:4.21", "field_code_raw": "4.21", "field_name_raw": "4.21", "field_code_unique_status": "unique", "source_fid": "11", "declared_area_ha": 40.03, "geometry_area_ha": 40.03059, "area_diff_ha": 0.00059, "area_diff_pct": 0.001473, "area_quality_status": "ok", "geometry_type": "Polygon", "polygon_count": 1, "inner_ring_count": 0, "geometry_valid": true, "geometry_validity_reason": "Valid Geometry", "centroid_lon": 38.535001699, "centroid_lat": 54.081976011999998, "representative_lon": 38.534869848, "representative_lat": 54.081947331000002, "centroid_within_geometry": true, "weather_point_lon_candidate": 38.535001699, "weather_point_lat_candidate": 54.081976011999998, "active_2026_candidate": false, "active_reason": "sp_no_irrigation_2026_flag_not_active", "season_year_candidate": null, "crop_raw": "", "crop_code_candidate": "", "crop_parameter_set_candidate_key": "", "regional_crop_parameter_set_candidate_key": "", "crop_parameter_candidate_status": "no_crop_in_kml", "crop_parameter_candidate_comment_ru": "В СП(2).kml культура не задана для этого поля.", "sowing_date_raw": "", "calculation_ready": false, "calculation_blockers_json": [ ], "geometry_hash_sha256": "74507ce7161bfb6bab7381ba5a38ba89641f288e3b60e6b30fbb17fd4454ee06", "source_attributes_json": { "area_": "40.03", "fid": "11", "kml_name": "4.21" }, "rectangle_area_ha": 51.268456009800403, "rectangle_angle_deg": 8.9520158682704505, "rectangle_width_m": 704.45697819488123, "rectangle_height_m": 727.77270432002842, "rectangle_crs": "EPSG:32637" }, "geometry": { "type": "Polygon", "coordinates": [ [ [ 38.541027032651556, 54.084758054265187 ], [ 38.530378612092555, 54.085702203969525 ], [ 38.528720670347653, 54.079234259855937 ], [ 38.539367471279569, 54.078290252634886 ], [ 38.541027032651556, 54.084758054265187 ] ] ] } },
{ "type": "Feature", "properties": { "dataset_code": "SP", "source_file": "СП(2).kml", "placemark_index": 8, "organization_code": "SP", "organization_name_raw": "СП / Спасское", "farm_name_raw": "", "region_name_raw": "", "district_name_raw": "", "field_external_key": "SP:4.22", "field_code_raw": "4.22", "field_name_raw": "4.22", "field_code_unique_status": "unique", "source_fid": "12", "declared_area_ha": 19.31, "geometry_area_ha": 19.309194, "area_diff_ha": -0.000806, "area_diff_pct": -0.004174, "area_quality_status": "ok", "geometry_type": "Polygon", "polygon_count": 1, "inner_ring_count": 0, "geometry_valid": true, "geometry_validity_reason": "Valid Geometry", "centroid_lon": 38.535422599, "centroid_lat": 54.076700105999997, "representative_lon": 38.535379176, "representative_lat": 54.076753814, "centroid_within_geometry": true, "weather_point_lon_candidate": 38.535422599, "weather_point_lat_candidate": 54.076700105999997, "active_2026_candidate": false, "active_reason": "sp_no_irrigation_2026_flag_not_active", "season_year_candidate": null, "crop_raw": "", "crop_code_candidate": "", "crop_parameter_set_candidate_key": "", "regional_crop_parameter_set_candidate_key": "", "crop_parameter_candidate_status": "no_crop_in_kml", "crop_parameter_candidate_comment_ru": "В СП(2).kml культура не задана для этого поля.", "sowing_date_raw": "", "calculation_ready": false, "calculation_blockers_json": [ ], "geometry_hash_sha256": "8bafbafb57cdf58de8a0312dab4c6cb3e78bed85621472a054a5f1beb97b7ca6", "source_attributes_json": { "area_": "19.31", "fid": "12", "kml_name": "4.22" }, "rectangle_area_ha": 24.799505564424727, "rectangle_angle_deg": 159.20475936588366, "rectangle_width_m": 487.18457408621907, "rectangle_height_m": 509.03716750349849, "rectangle_crs": "EPSG:32637" }, "geometry": { "type": "Polygon", "coordinates": [ [ [ 38.533474345871952, 54.07382469630452 ], [ 38.540417406205414, 54.075406008878367 ], [ 38.537607924852736, 54.079672366112753 ], [ 38.530664261248873, 54.078090891278762 ], [ 38.533474345871952, 54.07382469630452 ] ] ] } },
{ "type": "Feature", "properties": { "dataset_code": "SP", "source_file": "СП(2).kml", "placemark_index": 9, "organization_code": "SP", "organization_name_raw": "СП / Спасское", "farm_name_raw": "", "region_name_raw": "", "district_name_raw": "", "field_external_key": "SP:4.24", "field_code_raw": "4.24", "field_name_raw": "4.24", "field_code_unique_status": "unique", "source_fid": "15", "declared_area_ha": 68.77, "geometry_area_ha": 68.76651, "area_diff_ha": -0.00349, "area_diff_pct": -0.005075, "area_quality_status": "ok", "geometry_type": "Polygon", "polygon_count": 1, "inner_ring_count": 0, "geometry_valid": true, "geometry_validity_reason": "Valid Geometry", "centroid_lon": 38.523147973999997, "centroid_lat": 54.073239318, "representative_lon": 38.524107751000003, "representative_lat": 54.073961820999997, "centroid_within_geometry": true, "weather_point_lon_candidate": 38.523147973999997, "weather_point_lat_candidate": 54.073239318, "active_2026_candidate": false, "active_reason": "sp_no_irrigation_2026_flag_not_active", "season_year_candidate": null, "crop_raw": "", "crop_code_candidate": "", "crop_parameter_set_candidate_key": "", "regional_crop_parameter_set_candidate_key": "", "crop_parameter_candidate_status": "no_crop_in_kml", "crop_parameter_candidate_comment_ru": "В СП(2).kml культура не задана для этого поля.", "sowing_date_raw": "", "calculation_ready": false, "calculation_blockers_json": [ ], "geometry_hash_sha256": "ca8a4875ca2361c0ce8432ed454581cd818ea545af67bcad919a5e2c6cb12825", "source_attributes_json": { "area_": "68.77", "fid": "15", "kml_name": "4.24" }, "rectangle_area_ha": 89.932886699791339, "rectangle_angle_deg": 21.442516461877119, "rectangle_width_m": 700.21239336021245, "rectangle_height_m": 1284.3658231785521, "rectangle_crs": "EPSG:32637" }, "geometry": { "type": "Polygon", "coordinates": [ [ [ 38.515238145982565, 54.068940317474535 ], [ 38.525223324556187, 54.06667945892832 ], [ 38.532276670999366, 54.07745184011668 ], [ 38.522289283268449, 54.079713275397467 ], [ 38.515238145982565, 54.068940317474535 ] ] ] } },
{ "type": "Feature", "properties": { "dataset_code": "SP", "source_file": "СП(2).kml", "placemark_index": 10, "organization_code": "SP", "organization_name_raw": "СП / Спасское", "farm_name_raw": "", "region_name_raw": "", "district_name_raw": "", "field_external_key": "SP:4.5", "field_code_raw": "4.5", "field_name_raw": "4.5", "field_code_unique_status": "unique", "source_fid": "16", "declared_area_ha": 20.24, "geometry_area_ha": 20.238333, "area_diff_ha": -0.001667, "area_diff_pct": -0.008236, "area_quality_status": "ok", "geometry_type": "Polygon", "polygon_count": 1, "inner_ring_count": 0, "geometry_valid": true, "geometry_validity_reason": "Valid Geometry", "centroid_lon": 38.462646602, "centroid_lat": 54.124989655999997, "representative_lon": 38.462646602, "representative_lat": 54.124989464000002, "centroid_within_geometry": true, "weather_point_lon_candidate": 38.462646602, "weather_point_lat_candidate": 54.124989655999997, "active_2026_candidate": false, "active_reason": "sp_no_irrigation_2026_flag_not_active", "season_year_candidate": null, "crop_raw": "", "crop_code_candidate": "", "crop_parameter_set_candidate_key": "", "regional_crop_parameter_set_candidate_key": "", "crop_parameter_candidate_status": "no_crop_in_kml", "crop_parameter_candidate_comment_ru": "В СП(2).kml культура не задана для этого поля.", "sowing_date_raw": "", "calculation_ready": false, "calculation_blockers_json": [ ], "geometry_hash_sha256": "716cf095adb2438e3d6bd459d5ebdc32ecc5d7656e51dec9e3c4cbcf77ac211c", "source_attributes_json": { "area_": "20.24", "fid": "16", "kml_name": "4.5" }, "rectangle_area_ha": 25.732182455654023, "rectangle_angle_deg": 89.8391169641597, "rectangle_width_m": 506.68310483422829, "rectangle_height_m": 507.85554541181773, "rectangle_crs": "EPSG:32637" }, "geometry": { "type": "Polygon", "coordinates": [ [ [ 38.458720828116775, 54.127242627079994 ], [ 38.458801940538805, 54.122689015624587 ], [ 38.466571932875326, 54.122736514980254 ], [ 38.466491672251898, 54.127290133601321 ], [ 38.458720828116775, 54.127242627079994 ] ] ] } },
{ "type": "Feature", "properties": { "dataset_code": "SP", "source_file": "СП(2).kml", "placemark_index": 11, "organization_code": "SP", "organization_name_raw": "СП / Спасское", "farm_name_raw": "", "region_name_raw": "", "district_name_raw": "", "field_external_key": "SP:4.4", "field_code_raw": "4.4", "field_name_raw": "4.4", "field_code_unique_status": "unique", "source_fid": "17", "declared_area_ha": 24.21, "geometry_area_ha": 24.214091, "area_diff_ha": 0.004091, "area_diff_pct": 0.016897, "area_quality_status": "ok", "geometry_type": "Polygon", "polygon_count": 1, "inner_ring_count": 0, "geometry_valid": true, "geometry_validity_reason": "Valid Geometry", "centroid_lon": 38.443439741, "centroid_lat": 54.105601901999997, "representative_lon": 38.443439741, "representative_lat": 54.105601935000003, "centroid_within_geometry": true, "weather_point_lon_candidate": 38.443439741, "weather_point_lat_candidate": 54.105601901999997, "active_2026_candidate": false, "active_reason": "sp_no_irrigation_2026_flag_not_active", "season_year_candidate": null, "crop_raw": "", "crop_code_candidate": "", "crop_parameter_set_candidate_key": "", "regional_crop_parameter_set_candidate_key": "", "crop_parameter_candidate_status": "no_crop_in_kml", "crop_parameter_candidate_comment_ru": "В СП(2).kml культура не задана для этого поля.", "sowing_date_raw": "", "calculation_ready": false, "calculation_blockers_json": [ ], "geometry_hash_sha256": "7015b428b7526edbe0e9db5c9f7aee6d9484fefd1e9d541ca76ae36b9eb02620", "source_attributes_json": { "area_": "24.21", "fid": "17", "kml_name": "4.4" }, "rectangle_area_ha": 30.787388025708221, "rectangle_angle_deg": 88.6413300444475, "rectangle_width_m": 554.22237869066885, "rectangle_height_m": 555.50604251027107, "rectangle_crs": "EPSG:32637" }, "geometry": { "type": "Polygon", "coordinates": [ [ [ 38.447819195688659, 54.10319131004465 ], [ 38.447552044027312, 54.108169972536743 ], [ 38.43905979521363, 54.108012307060868 ], [ 38.439327962822276, 54.10303366579064 ], [ 38.447819195688659, 54.10319131004465 ] ] ] } },
{ "type": "Feature", "properties": { "dataset_code": "SP", "source_file": "СП(2).kml", "placemark_index": 12, "organization_code": "SP", "organization_name_raw": "СП / Спасское", "farm_name_raw": "", "region_name_raw": "", "district_name_raw": "", "field_external_key": "SP:4.6", "field_code_raw": "4.6", "field_name_raw": "4.6", "field_code_unique_status": "unique", "source_fid": "18", "declared_area_ha": 30.28, "geometry_area_ha": 30.276228, "area_diff_ha": -0.003772, "area_diff_pct": -0.012459, "area_quality_status": "ok", "geometry_type": "Polygon", "polygon_count": 1, "inner_ring_count": 0, "geometry_valid": true, "geometry_validity_reason": "Valid Geometry", "centroid_lon": 38.460399832999997, "centroid_lat": 54.119612388, "representative_lon": 38.460399832999997, "representative_lat": 54.119612123000003, "centroid_within_geometry": true, "weather_point_lon_candidate": 38.460399832999997, "weather_point_lat_candidate": 54.119612388, "active_2026_candidate": true, "active_reason": "sp_irrigation_2026_flag_1", "season_year_candidate": null, "crop_raw": "картофель среднеспелый", "crop_code_candidate": "potato", "crop_parameter_set_candidate_key": "aquacrop_v7_3_reference_potato", "regional_crop_parameter_set_candidate_key": "aquacrop_v7_3_regional_potato_tula_oblast", "crop_parameter_candidate_status": "reference_selected_region_needs_confirmation", "crop_parameter_candidate_comment_ru": "В СП(2).kml регион не указан. Для безопасной первичной загрузки выбран reference potato; региональный набор potato_tula_oblast указан как кандидат и требует подтверждения, что СП относится к Тульской области/соответствующему региональному сценарию.", "sowing_date_raw": "", "calculation_ready": false, "calculation_blockers_json": [ "missing_sowing_date", "missing_soil_profile" ], "geometry_hash_sha256": "d31c2c4132cccf9f9b0f4993cd97c08e166e982835d143757eab82a8ec6d6600", "source_attributes_json": { "area_": "30.28", "crop": "картофель среднеспелый", "fid": "18", "kml_name": "4.6", "полив в 2026 году": "1" }, "rectangle_area_ha": 38.495054745946362, "rectangle_angle_deg": 91.807709821140122, "rectangle_width_m": 619.7269422938698, "rectangle_height_m": 621.16154904384166, "rectangle_crs": "EPSG:32637" }, "geometry": { "type": "Polygon", "coordinates": [ [ [ 38.455762602102673, 54.122463162452661 ], [ 38.455536468244013, 54.116894890422543 ], [ 38.465036447381529, 54.116761372742133 ], [ 38.465263854272614, 54.12232962998965 ], [ 38.455762602102673, 54.122463162452661 ] ] ] } },
{ "type": "Feature", "properties": { "dataset_code": "SP", "source_file": "СП(2).kml", "placemark_index": 13, "organization_code": "SP", "organization_name_raw": "СП / Спасское", "farm_name_raw": "", "region_name_raw": "", "district_name_raw": "", "field_external_key": "SP:4.3", "field_code_raw": "4.3", "field_name_raw": "4.3", "field_code_unique_status": "unique", "source_fid": "19", "declared_area_ha": 46.95, "geometry_area_ha": 46.947028, "area_diff_ha": -0.002972, "area_diff_pct": -0.006331, "area_quality_status": "ok", "geometry_type": "Polygon", "polygon_count": 1, "inner_ring_count": 0, "geometry_valid": true, "geometry_validity_reason": "Valid Geometry", "centroid_lon": 38.444640937000003, "centroid_lat": 54.112379372, "representative_lon": 38.444640937000003, "representative_lat": 54.112379368, "centroid_within_geometry": true, "weather_point_lon_candidate": 38.444640937000003, "weather_point_lat_candidate": 54.112379372, "active_2026_candidate": true, "active_reason": "sp_irrigation_2026_flag_1", "season_year_candidate": null, "crop_raw": "картофель среднеспелый", "crop_code_candidate": "potato", "crop_parameter_set_candidate_key": "aquacrop_v7_3_reference_potato", "regional_crop_parameter_set_candidate_key": "aquacrop_v7_3_regional_potato_tula_oblast", "crop_parameter_candidate_status": "reference_selected_region_needs_confirmation", "crop_parameter_candidate_comment_ru": "В СП(2).kml регион не указан. Для безопасной первичной загрузки выбран reference potato; региональный набор potato_tula_oblast указан как кандидат и требует подтверждения, что СП относится к Тульской области/соответствующему региональному сценарию.", "sowing_date_raw": "", "calculation_ready": false, "calculation_blockers_json": [ "missing_sowing_date", "missing_soil_profile" ], "geometry_hash_sha256": "4821b8641abc80ea6f98bcd3adc23fb1a6173e0efefb8cb36065cd79a02d7468", "source_attributes_json": { "area_": "46.95", "crop": "картофель среднеспелый", "fid": "19", "kml_name": "4.3", "полив в 2026 году": "1" }, "rectangle_area_ha": 59.691513927337922, "rectangle_angle_deg": 93.443492568049408, "rectangle_width_m": 771.71315781743033, "rectangle_height_m": 773.49353607185185, "rectangle_crs": "EPSG:32637" }, "geometry": { "type": "Polygon", "coordinates": [ [ [ 38.439040825211968, 54.116023915595079 ], [ 38.438425329027858, 54.109097501105168 ], [ 38.450240036500148, 54.108734478033519 ], [ 38.450857497774244, 54.11566083717819 ], [ 38.439040825211968, 54.116023915595079 ] ] ] } },
{ "type": "Feature", "properties": { "dataset_code": "SP", "source_file": "СП(2).kml", "placemark_index": 14, "organization_code": "SP", "organization_name_raw": "СП / Спасское", "farm_name_raw": "", "region_name_raw": "", "district_name_raw": "", "field_external_key": "SP:4.7:fid:20", "field_code_raw": "4.7", "field_name_raw": "4.7", "field_code_unique_status": "duplicate_code_disambiguated_by_fid", "source_fid": "20", "declared_area_ha": 74.55, "geometry_area_ha": 74.554683, "area_diff_ha": 0.004683, "area_diff_pct": 0.006282, "area_quality_status": "ok", "geometry_type": "Polygon", "polygon_count": 1, "inner_ring_count": 0, "geometry_valid": true, "geometry_validity_reason": "Valid Geometry", "centroid_lon": 38.458885519, "centroid_lat": 54.11158167, "representative_lon": 38.458885519, "representative_lat": 54.111581612000002, "centroid_within_geometry": true, "weather_point_lon_candidate": 38.458885519, "weather_point_lat_candidate": 54.11158167, "active_2026_candidate": false, "active_reason": "sp_no_irrigation_2026_flag_not_active", "season_year_candidate": null, "crop_raw": "", "crop_code_candidate": "", "crop_parameter_set_candidate_key": "", "regional_crop_parameter_set_candidate_key": "", "crop_parameter_candidate_status": "no_crop_in_kml", "crop_parameter_candidate_comment_ru": "В СП(2).kml культура не задана для этого поля.", "sowing_date_raw": "", "calculation_ready": false, "calculation_blockers_json": [ ], "geometry_hash_sha256": "d7e99016c440adef25c25ddb59d93d90547f9e1b76cf600698ddb5c0d68752e0", "source_attributes_json": { "area_": "74.55", "fid": "20", "kml_name": "4.7" }, "rectangle_area_ha": 94.793181490872229, "rectangle_angle_deg": 92.205493714438092, "rectangle_width_m": 972.49457037524553, "rectangle_height_m": 974.74252688419074, "rectangle_crs": "EPSG:32637" }, "geometry": { "type": "Polygon", "coordinates": [ [ [ 38.45166262999841, 54.11608458234987 ], [ 38.451205479192488, 54.107348311245744 ], [ 38.466106813532846, 54.107078186485587 ], [ 38.466567095421865, 54.115814408569044 ], [ 38.45166262999841, 54.11608458234987 ] ] ] } },
{ "type": "Feature", "properties": { "dataset_code": "SP", "source_file": "СП(2).kml", "placemark_index": 15, "organization_code": "SP", "organization_name_raw": "СП / Спасское", "farm_name_raw": "", "region_name_raw": "", "district_name_raw": "", "field_external_key": "SP:4.2", "field_code_raw": "4.2", "field_name_raw": "4.2", "field_code_unique_status": "unique", "source_fid": "21", "declared_area_ha": 56.09, "geometry_area_ha": 56.086048, "area_diff_ha": -0.003952, "area_diff_pct": -0.007045, "area_quality_status": "ok", "geometry_type": "Polygon", "polygon_count": 1, "inner_ring_count": 0, "geometry_valid": true, "geometry_validity_reason": "Valid Geometry", "centroid_lon": 38.436212718999997, "centroid_lat": 54.118286124999997, "representative_lon": 38.436968311999998, "representative_lat": 54.119123281, "centroid_within_geometry": true, "weather_point_lon_candidate": 38.436212718999997, "weather_point_lat_candidate": 54.118286124999997, "active_2026_candidate": false, "active_reason": "sp_no_irrigation_2026_flag_not_active", "season_year_candidate": null, "crop_raw": "", "crop_code_candidate": "", "crop_parameter_set_candidate_key": "", "regional_crop_parameter_set_candidate_key": "", "crop_parameter_candidate_status": "no_crop_in_kml", "crop_parameter_candidate_comment_ru": "В СП(2).kml культура не задана для этого поля.", "sowing_date_raw": "", "calculation_ready": false, "calculation_blockers_json": [ ], "geometry_hash_sha256": "f357ee62ed3a9e3cc8cd159d6b72c6ffea9ea654228c84ee30daa310756a2f17", "source_attributes_json": { "area_": "56.09", "fid": "21", "kml_name": "4.2" }, "rectangle_area_ha": 80.858724575191275, "rectangle_angle_deg": 54.088032354581401, "rectangle_width_m": 793.80165925994515, "rectangle_height_m": 1018.6262982944027, "rectangle_crs": "EPSG:32637" }, "geometry": { "type": "Polygon", "coordinates": [ [ [ 38.426170302409687, 54.118570768306334 ], [ 38.433372008745096, 54.112826440539379 ], [ 38.445919932160102, 54.118254813830141 ], [ 38.438719009328935, 54.123999889087294 ], [ 38.426170302409687, 54.118570768306334 ] ] ] } },
{ "type": "Feature", "properties": { "dataset_code": "SP", "source_file": "СП(2).kml", "placemark_index": 16, "organization_code": "SP", "organization_name_raw": "СП / Спасское", "farm_name_raw": "", "region_name_raw": "", "district_name_raw": "", "field_external_key": "SP:4.1", "field_code_raw": "4.1", "field_name_raw": "4.1", "field_code_unique_status": "unique", "source_fid": "22", "declared_area_ha": 49.19, "geometry_area_ha": 49.186283, "area_diff_ha": -0.003717, "area_diff_pct": -0.007557, "area_quality_status": "ok", "geometry_type": "Polygon", "polygon_count": 1, "inner_ring_count": 0, "geometry_valid": true, "geometry_validity_reason": "Valid Geometry", "centroid_lon": 38.416571822999998, "centroid_lat": 54.11938546, "representative_lon": 38.416816355000002, "representative_lat": 54.118628741000002, "centroid_within_geometry": true, "weather_point_lon_candidate": 38.416571822999998, "weather_point_lat_candidate": 54.11938546, "active_2026_candidate": true, "active_reason": "sp_irrigation_2026_flag_1", "season_year_candidate": null, "crop_raw": "картофель среднеспелый", "crop_code_candidate": "potato", "crop_parameter_set_candidate_key": "aquacrop_v7_3_reference_potato", "regional_crop_parameter_set_candidate_key": "aquacrop_v7_3_regional_potato_tula_oblast", "crop_parameter_candidate_status": "reference_selected_region_needs_confirmation", "crop_parameter_candidate_comment_ru": "В СП(2).kml регион не указан. Для безопасной первичной загрузки выбран reference potato; региональный набор potato_tula_oblast указан как кандидат и требует подтверждения, что СП относится к Тульской области/соответствующему региональному сценарию.", "sowing_date_raw": "", "calculation_ready": false, "calculation_blockers_json": [ "missing_sowing_date", "missing_soil_profile" ], "geometry_hash_sha256": "15e1a822c86332298807df40e521880808a1c22017e56e28cec467ac26dfe69d", "source_attributes_json": { "area_": "49.19", "crop": "картофель среднеспелый", "fid": "22", "kml_name": "4.1", "полив в 2026 году": "1" }, "rectangle_area_ha": 68.389016627624486, "rectangle_angle_deg": 62.318297061241651, "rectangle_width_m": 669.58532585017383, "rectangle_height_m": 1021.3637304669246, "rectangle_crs": "EPSG:32637" }, "geometry": { "type": "Polygon", "coordinates": [ [ [ 38.42585419207655, 54.118932648242584 ], [ 38.421021133794795, 54.124238823924621 ], [ 38.407243366414399, 54.119907161216361 ], [ 38.412077672286891, 54.114601538149977 ], [ 38.42585419207655, 54.118932648242584 ] ] ] } },
{ "type": "Feature", "properties": { "dataset_code": "SP", "source_file": "СП(2).kml", "placemark_index": 17, "organization_code": "SP", "organization_name_raw": "СП / Спасское", "farm_name_raw": "", "region_name_raw": "", "district_name_raw": "", "field_external_key": "SP:7.15", "field_code_raw": "7.15", "field_name_raw": "7.15", "field_code_unique_status": "unique", "source_fid": "23", "declared_area_ha": 39.12, "geometry_area_ha": 39.124149, "area_diff_ha": 0.004149, "area_diff_pct": 0.010606, "area_quality_status": "ok", "geometry_type": "Polygon", "polygon_count": 1, "inner_ring_count": 0, "geometry_valid": true, "geometry_validity_reason": "Valid Geometry", "centroid_lon": 38.648688692999997, "centroid_lat": 54.087231451999997, "representative_lon": 38.648687756999998, "representative_lat": 54.087196251000002, "centroid_within_geometry": true, "weather_point_lon_candidate": 38.648688692999997, "weather_point_lat_candidate": 54.087231451999997, "active_2026_candidate": false, "active_reason": "sp_no_irrigation_2026_flag_not_active", "season_year_candidate": null, "crop_raw": "", "crop_code_candidate": "", "crop_parameter_set_candidate_key": "", "regional_crop_parameter_set_candidate_key": "", "crop_parameter_candidate_status": "no_crop_in_kml", "crop_parameter_candidate_comment_ru": "В СП(2).kml культура не задана для этого поля.", "sowing_date_raw": "", "calculation_ready": false, "calculation_blockers_json": [ ], "geometry_hash_sha256": "22581827d7e1152a2cda5e7bcc97a6575cc580863002176bd6eee4043b53697f", "source_attributes_json": { "area_": "39.12", "fid": "23", "kml_name": "7.15" }, "rectangle_area_ha": 49.51407119505739, "rectangle_angle_deg": 80.111427407000065, "rectangle_width_m": 697.85789499827661, "rectangle_height_m": 709.51509684044868, "rectangle_crs": "EPSG:32637" }, "geometry": { "type": "Polygon", "coordinates": [ [ [ 38.654952128766013, 54.084734959906449 ], [ 38.653068589203805, 54.090908593673944 ], [ 38.642391618437017, 54.089782197493562 ], [ 38.64427669023096, 54.083608732105944 ], [ 38.654952128766013, 54.084734959906449 ] ] ] } },
{ "type": "Feature", "properties": { "dataset_code": "SP", "source_file": "СП(2).kml", "placemark_index": 18, "organization_code": "SP", "organization_name_raw": "СП / Спасское", "farm_name_raw": "", "region_name_raw": "", "district_name_raw": "", "field_external_key": "SP:7.16", "field_code_raw": "7.16", "field_name_raw": "7.16", "field_code_unique_status": "unique", "source_fid": "24", "declared_area_ha": 32.51, "geometry_area_ha": 32.506889, "area_diff_ha": -0.003111, "area_diff_pct": -0.009568, "area_quality_status": "ok", "geometry_type": "Polygon", "polygon_count": 1, "inner_ring_count": 0, "geometry_valid": true, "geometry_validity_reason": "Valid Geometry", "centroid_lon": 38.650536672000001, "centroid_lat": 54.081433478000001, "representative_lon": 38.650458602999997, "representative_lat": 54.081391255, "centroid_within_geometry": true, "weather_point_lon_candidate": 38.650536672000001, "weather_point_lat_candidate": 54.081433478000001, "active_2026_candidate": false, "active_reason": "sp_no_irrigation_2026_flag_not_active", "season_year_candidate": null, "crop_raw": "", "crop_code_candidate": "", "crop_parameter_set_candidate_key": "", "regional_crop_parameter_set_candidate_key": "", "crop_parameter_candidate_status": "no_crop_in_kml", "crop_parameter_candidate_comment_ru": "В СП(2).kml культура не задана для этого поля.", "sowing_date_raw": "", "calculation_ready": false, "calculation_blockers_json": [ ], "geometry_hash_sha256": "0df7b1f6b85670c10489cde85f8d98df84d161ac244abaac007f61d7b502eac4", "source_attributes_json": { "area_": "32.51", "fid": "24", "kml_name": "7.16" }, "rectangle_area_ha": 40.601994139848649, "rectangle_angle_deg": 152.22690492049281, "rectangle_width_m": 625.01922671380453, "rectangle_height_m": 649.61192239355296, "rectangle_crs": "EPSG:32637" }, "geometry": { "type": "Polygon", "coordinates": [ [ [ 38.64874349841665, 54.077566141265123 ], [ 38.657174122698954, 54.080208088646252 ], [ 38.652504268559042, 54.085360694198556 ], [ 38.644072899533889, 54.082718420698917 ], [ 38.64874349841665, 54.077566141265123 ] ] ] } },
{ "type": "Feature", "properties": { "dataset_code": "SP", "source_file": "СП(2).kml", "placemark_index": 19, "organization_code": "SP", "organization_name_raw": "СП / Спасское", "farm_name_raw": "", "region_name_raw": "", "district_name_raw": "", "field_external_key": "SP:7.13", "field_code_raw": "7.13", "field_name_raw": "7.13", "field_code_unique_status": "unique", "source_fid": "28", "declared_area_ha": 28.64, "geometry_area_ha": 28.64225, "area_diff_ha": 0.00225, "area_diff_pct": 0.007858, "area_quality_status": "ok", "geometry_type": "Polygon", "polygon_count": 1, "inner_ring_count": 0, "geometry_valid": true, "geometry_validity_reason": "Valid Geometry", "centroid_lon": 38.64038914, "centroid_lat": 54.092213203999997, "representative_lon": 38.640557788000002, "representative_lat": 54.092160602, "centroid_within_geometry": true, "weather_point_lon_candidate": 38.64038914, "weather_point_lat_candidate": 54.092213203999997, "active_2026_candidate": true, "active_reason": "sp_irrigation_2026_flag_1", "season_year_candidate": null, "crop_raw": "картофель среднеспелый", "crop_code_candidate": "potato", "crop_parameter_set_candidate_key": "aquacrop_v7_3_reference_potato", "regional_crop_parameter_set_candidate_key": "aquacrop_v7_3_regional_potato_tula_oblast", "crop_parameter_candidate_status": "reference_selected_region_needs_confirmation", "crop_parameter_candidate_comment_ru": "В СП(2).kml регион не указан. Для безопасной первичной загрузки выбран reference potato; региональный набор potato_tula_oblast указан как кандидат и требует подтверждения, что СП относится к Тульской области/соответствующему региональному сценарию.", "sowing_date_raw": "", "calculation_ready": false, "calculation_blockers_json": [ "missing_sowing_date", "missing_soil_profile" ], "geometry_hash_sha256": "d9fbc41c5ccb9e5dea5ea35674e53cbfa45a1e14389f515cdb52f873ccbc7c8e", "source_attributes_json": { "area_": "28.64", "crop": "картофель среднеспелый", "fid": "28", "kml_name": "7.13", "полив в 2026 году": "1" }, "rectangle_area_ha": 36.312307497976555, "rectangle_angle_deg": 41.073558421788903, "rectangle_width_m": 586.09489648835734, "rectangle_height_m": 619.56361871678382, "rectangle_crs": "EPSG:32637" }, "geometry": { "type": "Polygon", "coordinates": [ [ [ 38.646758770114971, 54.092633113178188 ], [ 38.639973418602679, 54.096074041221939 ], [ 38.633786061813055, 54.091857438614156 ], [ 38.640571234116095, 54.088416856760645 ], [ 38.646758770114971, 54.092633113178188 ] ] ] } },
{ "type": "Feature", "properties": { "dataset_code": "SP", "source_file": "СП(2).kml", "placemark_index": 20, "organization_code": "SP", "organization_name_raw": "СП / Спасское", "farm_name_raw": "", "region_name_raw": "", "district_name_raw": "", "field_external_key": "SP:7.14", "field_code_raw": "7.14", "field_name_raw": "7.14", "field_code_unique_status": "unique", "source_fid": "29", "declared_area_ha": 38.87, "geometry_area_ha": 38.872654, "area_diff_ha": 0.002654, "area_diff_pct": 0.006828, "area_quality_status": "ok", "geometry_type": "Polygon", "polygon_count": 1, "inner_ring_count": 0, "geometry_valid": true, "geometry_validity_reason": "Valid Geometry", "centroid_lon": 38.646731092000003, "centroid_lat": 54.096637512000001, "representative_lon": 38.64684699, "representative_lat": 54.096689265999998, "centroid_within_geometry": true, "weather_point_lon_candidate": 38.646731092000003, "weather_point_lat_candidate": 54.096637512000001, "active_2026_candidate": true, "active_reason": "sp_irrigation_2026_flag_1", "season_year_candidate": null, "crop_raw": "картофель среднеспелый", "crop_code_candidate": "potato", "crop_parameter_set_candidate_key": "aquacrop_v7_3_reference_potato", "regional_crop_parameter_set_candidate_key": "aquacrop_v7_3_regional_potato_tula_oblast", "crop_parameter_candidate_status": "reference_selected_region_needs_confirmation", "crop_parameter_candidate_comment_ru": "В СП(2).kml регион не указан. Для безопасной первичной загрузки выбран reference potato; региональный набор potato_tula_oblast указан как кандидат и требует подтверждения, что СП относится к Тульской области/соответствующему региональному сценарию.", "sowing_date_raw": "", "calculation_ready": false, "calculation_blockers_json": [ "missing_sowing_date", "missing_soil_profile" ], "geometry_hash_sha256": "c548d4978ce1e369af8b051ef08f4d1c3cd90885d761d7863fe626651042a20a", "source_attributes_json": { "area_": "38.87", "crop": "картофель среднеспелый", "fid": "29", "kml_name": "7.14", "полив в 2026 году": "1" }, "rectangle_area_ha": 49.575951459413304, "rectangle_angle_deg": 130.21034891010873, "rectangle_width_m": 698.66661591420416, "rectangle_height_m": 709.57950945664197, "rectangle_crs": "EPSG:32637" }, "geometry": { "type": "Polygon", "coordinates": [ [ [ 38.647442586382439, 54.092200282248136 ], [ 38.654298988067801, 54.097015695149565 ], [ 38.645977910416605, 54.101108837870854 ], [ 38.639121801800563, 54.096292954632162 ], [ 38.647442586382439, 54.092200282248136 ] ] ] } },
{ "type": "Feature", "properties": { "dataset_code": "SP", "source_file": "СП(2).kml", "placemark_index": 21, "organization_code": "SP", "organization_name_raw": "СП / Спасское", "farm_name_raw": "", "region_name_raw": "", "district_name_raw": "", "field_external_key": "SP:7.19", "field_code_raw": "7.19", "field_name_raw": "7.19", "field_code_unique_status": "unique", "source_fid": "33", "declared_area_ha": 31.65, "geometry_area_ha": 31.65224, "area_diff_ha": 0.00224, "area_diff_pct": 0.007076, "area_quality_status": "ok", "geometry_type": "Polygon", "polygon_count": 1, "inner_ring_count": 0, "geometry_valid": true, "geometry_validity_reason": "Valid Geometry", "centroid_lon": 38.674657996000001, "centroid_lat": 54.085205236, "representative_lon": 38.674654572999998, "representative_lat": 54.085234747000001, "centroid_within_geometry": true, "weather_point_lon_candidate": 38.674657996000001, "weather_point_lat_candidate": 54.085205236, "active_2026_candidate": false, "active_reason": "sp_no_irrigation_2026_flag_not_active", "season_year_candidate": null, "crop_raw": "", "crop_code_candidate": "", "crop_parameter_set_candidate_key": "", "regional_crop_parameter_set_candidate_key": "", "crop_parameter_candidate_status": "no_crop_in_kml", "crop_parameter_candidate_comment_ru": "В СП(2).kml культура не задана для этого поля.", "sowing_date_raw": "", "calculation_ready": false, "calculation_blockers_json": [ ], "geometry_hash_sha256": "873c618a68a2c41ec898f04c933a8b5ac954605983af0443a611e8674eb7d2cc", "source_attributes_json": { "area_": "31.65", "fid": "33", "kml_name": "7.19" }, "rectangle_area_ha": 39.229015126662922, "rectangle_angle_deg": 169.83413206983039, "rectangle_width_m": 604.06607284932397, "rectangle_height_m": 649.41596440970898, "rectangle_crs": "EPSG:32637" }, "geometry": { "type": "Polygon", "coordinates": [ [ [ 38.678332202442171, 54.08858999099477 ], [ 38.669249923408081, 54.087607116476001 ], [ 38.671047628953545, 54.081866833360301 ], [ 38.680128698197898, 54.082849571462027 ], [ 38.678332202442171, 54.08858999099477 ] ] ] } },
{ "type": "Feature", "properties": { "dataset_code": "SP", "source_file": "СП(2).kml", "placemark_index": 22, "organization_code": "SP", "organization_name_raw": "СП / Спасское", "farm_name_raw": "", "region_name_raw": "", "district_name_raw": "", "field_external_key": "SP:7.18", "field_code_raw": "7.18", "field_name_raw": "7.18", "field_code_unique_status": "unique", "source_fid": "34", "declared_area_ha": 38.66, "geometry_area_ha": 38.664479, "area_diff_ha": 0.004479, "area_diff_pct": 0.011586, "area_quality_status": "ok", "geometry_type": "Polygon", "polygon_count": 1, "inner_ring_count": 0, "geometry_valid": true, "geometry_validity_reason": "Valid Geometry", "centroid_lon": 38.672898226999997, "centroid_lat": 54.093132076000003, "representative_lon": 38.672810878, "representative_lat": 54.093084064000003, "centroid_within_geometry": true, "weather_point_lon_candidate": 38.672898226999997, "weather_point_lat_candidate": 54.093132076000003, "active_2026_candidate": true, "active_reason": "sp_irrigation_2026_flag_1", "season_year_candidate": null, "crop_raw": "картофель среднеспелый", "crop_code_candidate": "potato", "crop_parameter_set_candidate_key": "aquacrop_v7_3_reference_potato", "regional_crop_parameter_set_candidate_key": "aquacrop_v7_3_regional_potato_tula_oblast", "crop_parameter_candidate_status": "reference_selected_region_needs_confirmation", "crop_parameter_candidate_comment_ru": "В СП(2).kml регион не указан. Для безопасной первичной загрузки выбран reference potato; региональный набор potato_tula_oblast указан как кандидат и требует подтверждения, что СП относится к Тульской области/соответствующему региональному сценарию.", "sowing_date_raw": "", "calculation_ready": false, "calculation_blockers_json": [ "missing_sowing_date", "missing_soil_profile" ], "geometry_hash_sha256": "ce2c9f17c72a61e22587617923e83f1af2d934b6176a7da86569656639133cb6", "source_attributes_json": { "area_": "38.66", "crop": "картофель среднеспелый", "fid": "34", "kml_name": "7.18", "полив в 2026 году": "1" }, "rectangle_area_ha": 48.321112981741777, "rectangle_angle_deg": 9.6741994156915894, "rectangle_width_m": 693.4604537608102, "rectangle_height_m": 696.81137142982334, "rectangle_crs": "EPSG:32637" }, "geometry": { "type": "Polygon", "coordinates": [ [ [ 38.677207250188403, 54.089580612328 ], [ 38.678949779667178, 54.095759028548692 ], [ 38.668488861352657, 54.096778042349406 ], [ 38.666747844699934, 54.090599477936863 ], [ 38.677207250188403, 54.089580612328 ] ] ] } },
{ "type": "Feature", "properties": { "dataset_code": "SP", "source_file": "СП(2).kml", "placemark_index": 23, "organization_code": "SP", "organization_name_raw": "СП / Спасское", "farm_name_raw": "", "region_name_raw": "", "district_name_raw": "", "field_external_key": "SP:7.17", "field_code_raw": "7.17", "field_name_raw": "7.17", "field_code_unique_status": "unique", "source_fid": "35", "declared_area_ha": 56.55, "geometry_area_ha": 56.54631, "area_diff_ha": -0.00369, "area_diff_pct": -0.006525, "area_quality_status": "ok", "geometry_type": "Polygon", "polygon_count": 1, "inner_ring_count": 0, "geometry_valid": true, "geometry_validity_reason": "Valid Geometry", "centroid_lon": 38.657904582, "centroid_lat": 54.097418499, "representative_lon": 38.657214082000003, "representative_lat": 54.09759916, "centroid_within_geometry": true, "weather_point_lon_candidate": 38.657904582, "weather_point_lat_candidate": 54.097418499, "active_2026_candidate": true, "active_reason": "sp_irrigation_2026_flag_1", "season_year_candidate": null, "crop_raw": "картофель среднеспелый", "crop_code_candidate": "potato", "crop_parameter_set_candidate_key": "aquacrop_v7_3_reference_potato", "regional_crop_parameter_set_candidate_key": "aquacrop_v7_3_regional_potato_tula_oblast", "crop_parameter_candidate_status": "reference_selected_region_needs_confirmation", "crop_parameter_candidate_comment_ru": "В СП(2).kml регион не указан. Для безопасной первичной загрузки выбран reference potato; региональный набор potato_tula_oblast указан как кандидат и требует подтверждения, что СП относится к Тульской области/соответствующему региональному сценарию.", "sowing_date_raw": "", "calculation_ready": false, "calculation_blockers_json": [ "missing_sowing_date", "missing_soil_profile" ], "geometry_hash_sha256": "66ec7db874bcf211efc2b4779e8445cf0930c66b3b03834f5b17186084066a4f", "source_attributes_json": { "area_": "56.55", "crop": "картофель среднеспелый", "fid": "35", "kml_name": "7.17", "полив в 2026 году": "1" }, "rectangle_area_ha": 72.607190046587107, "rectangle_angle_deg": 174.56580803609506, "rectangle_width_m": 614.74687932152301, "rectangle_height_m": 1181.0908276056871, "rectangle_crs": "EPSG:32637" }, "geometry": { "type": "Polygon", "coordinates": [ [ [ 38.66116440988295, 54.102933632342172 ], [ 38.651809654850375, 54.102383678527879 ], [ 38.653608255315213, 54.091821143858326 ], [ 38.662960658937358, 54.092370955419256 ], [ 38.66116440988295, 54.102933632342172 ] ] ] } },
{ "type": "Feature", "properties": { "dataset_code": "SP", "source_file": "СП(2).kml", "placemark_index": 24, "organization_code": "SP", "organization_name_raw": "СП / Спасское", "farm_name_raw": "", "region_name_raw": "", "district_name_raw": "", "field_external_key": "SP:7.8", "field_code_raw": "7.8", "field_name_raw": "7.8", "field_code_unique_status": "unique", "source_fid": "36", "declared_area_ha": 79.6, "geometry_area_ha": 79.595099, "area_diff_ha": -0.004901, "area_diff_pct": -0.006157, "area_quality_status": "ok", "geometry_type": "Polygon", "polygon_count": 1, "inner_ring_count": 0, "geometry_valid": true, "geometry_validity_reason": "Valid Geometry", "centroid_lon": 38.657891818000003, "centroid_lat": 54.107186548000001, "representative_lon": 38.654857577000001, "representative_lat": 54.107958803000002, "centroid_within_geometry": true, "weather_point_lon_candidate": 38.657891818000003, "weather_point_lat_candidate": 54.107186548000001, "active_2026_candidate": true, "active_reason": "sp_irrigation_2026_flag_1", "season_year_candidate": null, "crop_raw": "картофель среднеспелый", "crop_code_candidate": "potato", "crop_parameter_set_candidate_key": "aquacrop_v7_3_reference_potato", "regional_crop_parameter_set_candidate_key": "aquacrop_v7_3_regional_potato_tula_oblast", "crop_parameter_candidate_status": "reference_selected_region_needs_confirmation", "crop_parameter_candidate_comment_ru": "В СП(2).kml регион не указан. Для безопасной первичной загрузки выбран reference potato; региональный набор potato_tula_oblast указан как кандидат и требует подтверждения, что СП относится к Тульской области/соответствующему региональному сценарию.", "sowing_date_raw": "", "calculation_ready": false, "calculation_blockers_json": [ "missing_sowing_date", "missing_soil_profile" ], "geometry_hash_sha256": "50e0e6668532df791579c88be204c7954d18755330ddaf393116f191bd75390b", "source_attributes_json": { "area_": "79.6", "crop": "картофель среднеспелый", "fid": "36", "kml_name": "7.8", "полив в 2026 году": "1" }, "rectangle_area_ha": 117.68238748672891, "rectangle_angle_deg": 138.95041521646078, "rectangle_width_m": 1006.3709697253071, "rectangle_height_m": 1169.3738296013325, "rectangle_crs": "EPSG:32637" }, "geometry": { "type": "Polygon", "coordinates": [ [ [ 38.658066744703682, 54.114296860465664 ], [ 38.646507463676421, 54.108323466437369 ], [ 38.658318369420876, 54.100431465393761 ], [ 38.669877162465447, 54.106403732249461 ], [ 38.658066744703682, 54.114296860465664 ] ] ] } },
{ "type": "Feature", "properties": { "dataset_code": "SP", "source_file": "СП(2).kml", "placemark_index": 25, "organization_code": "SP", "organization_name_raw": "СП / Спасское", "farm_name_raw": "", "region_name_raw": "", "district_name_raw": "", "field_external_key": "SP:7.12", "field_code_raw": "7.12", "field_name_raw": "7.12", "field_code_unique_status": "unique", "source_fid": "38", "declared_area_ha": 42.51, "geometry_area_ha": 42.509701, "area_diff_ha": -0.000299, "area_diff_pct": -0.000702, "area_quality_status": "ok", "geometry_type": "Polygon", "polygon_count": 1, "inner_ring_count": 0, "geometry_valid": true, "geometry_validity_reason": "Valid Geometry", "centroid_lon": 38.63194987, "centroid_lat": 54.096400474, "representative_lon": 38.632135382999998, "representative_lat": 54.096380255, "centroid_within_geometry": true, "weather_point_lon_candidate": 38.63194987, "weather_point_lat_candidate": 54.096400474, "active_2026_candidate": true, "active_reason": "sp_irrigation_2026_flag_1", "season_year_candidate": null, "crop_raw": "картофель среднеспелый", "crop_code_candidate": "potato", "crop_parameter_set_candidate_key": "aquacrop_v7_3_reference_potato", "regional_crop_parameter_set_candidate_key": "aquacrop_v7_3_regional_potato_tula_oblast", "crop_parameter_candidate_status": "reference_selected_region_needs_confirmation", "crop_parameter_candidate_comment_ru": "В СП(2).kml регион не указан. Для безопасной первичной загрузки выбран reference potato; региональный набор potato_tula_oblast указан как кандидат и требует подтверждения, что СП относится к Тульской области/соответствующему региональному сценарию.", "sowing_date_raw": "", "calculation_ready": false, "calculation_blockers_json": [ "missing_sowing_date", "missing_soil_profile" ], "geometry_hash_sha256": "8024841e34f49876bc63aed4c6073668172b1c464f414baa48fb4bca41764a00", "source_attributes_json": { "area_": "42.51", "crop": "картофель среднеспелый", "fid": "38", "kml_name": "7.12", "полив в 2026 году": "1" }, "rectangle_area_ha": 54.789779667988292, "rectangle_angle_deg": 166.28501296457534, "rectangle_width_m": 730.87995768850669, "rectangle_height_m": 749.64129323326051, "rectangle_crs": "EPSG:32637" }, "geometry": { "type": "Polygon", "coordinates": [ [ [ 38.628048860899561, 54.09234417576824 ], [ 38.638891278019543, 54.093934666282436 ], [ 38.6361164798967, 54.100471844738848 ], [ 38.625272466406308, 54.098881103298979 ], [ 38.628048860899561, 54.09234417576824 ] ] ] } },
{ "type": "Feature", "properties": { "dataset_code": "SP", "source_file": "СП(2).kml", "placemark_index": 26, "organization_code": "SP", "organization_name_raw": "СП / Спасское", "farm_name_raw": "", "region_name_raw": "", "district_name_raw": "", "field_external_key": "SP:7.10", "field_code_raw": "7.10", "field_name_raw": "7.10", "field_code_unique_status": "unique", "source_fid": "41", "declared_area_ha": 38.61, "geometry_area_ha": 38.613555, "area_diff_ha": 0.003555, "area_diff_pct": 0.009207, "area_quality_status": "ok", "geometry_type": "Polygon", "polygon_count": 1, "inner_ring_count": 0, "geometry_valid": true, "geometry_validity_reason": "Valid Geometry", "centroid_lon": 38.636003676999998, "centroid_lat": 54.102088958000003, "representative_lon": 38.636196636999998, "representative_lat": 54.10198306, "centroid_within_geometry": true, "weather_point_lon_candidate": 38.636003676999998, "weather_point_lat_candidate": 54.102088958000003, "active_2026_candidate": true, "active_reason": "sp_irrigation_2026_flag_1", "season_year_candidate": null, "crop_raw": "картофель среднеспелый", "crop_code_candidate": "potato", "crop_parameter_set_candidate_key": "aquacrop_v7_3_reference_potato", "regional_crop_parameter_set_candidate_key": "aquacrop_v7_3_regional_potato_tula_oblast", "crop_parameter_candidate_status": "reference_selected_region_needs_confirmation", "crop_parameter_candidate_comment_ru": "В СП(2).kml регион не указан. Для безопасной первичной загрузки выбран reference potato; региональный набор potato_tula_oblast указан как кандидат и требует подтверждения, что СП относится к Тульской области/соответствующему региональному сценарию.", "sowing_date_raw": "", "calculation_ready": false, "calculation_blockers_json": [ "missing_sowing_date", "missing_soil_profile" ], "geometry_hash_sha256": "4de1d78bdaeca1761ee5d5a0e3c7398e40ee14f49102fee6d607d8d9dec1583d", "source_attributes_json": { "area_": "38.61", "crop": "картофель среднеспелый", "fid": "41", "kml_name": "7.10", "полив в 2026 году": "1" }, "rectangle_area_ha": 49.74937217237828, "rectangle_angle_deg": 83.695036181064779, "rectangle_width_m": 695.71191380848177, "rectangle_height_m": 715.0858161970973, "rectangle_crs": "EPSG:32637" }, "geometry": { "type": "Polygon", "coordinates": [ [ [ 38.629990321577893, 54.104756597406912 ], [ 38.631213957194333, 54.098545239197634 ], [ 38.642076457134962, 54.099283859403712 ], [ 38.640854422065352, 54.105495329770392 ], [ 38.629990321577893, 54.104756597406912 ] ] ] } },
{ "type": "Feature", "properties": { "dataset_code": "SP", "source_file": "СП(2).kml", "placemark_index": 27, "organization_code": "SP", "organization_name_raw": "СП / Спасское", "farm_name_raw": "", "region_name_raw": "", "district_name_raw": "", "field_external_key": "SP:7.4", "field_code_raw": "7.4", "field_name_raw": "7.4", "field_code_unique_status": "unique", "source_fid": "44", "declared_area_ha": 138.71, "geometry_area_ha": 138.706093, "area_diff_ha": -0.003907, "area_diff_pct": -0.002817, "area_quality_status": "ok", "geometry_type": "Polygon", "polygon_count": 1, "inner_ring_count": 0, "geometry_valid": true, "geometry_validity_reason": "Valid Geometry", "centroid_lon": 38.639312794, "centroid_lat": 54.114708344, "representative_lon": 38.639311218000003, "representative_lat": 54.114705192000002, "centroid_within_geometry": true, "weather_point_lon_candidate": 38.639312794, "weather_point_lat_candidate": 54.114708344, "active_2026_candidate": false, "active_reason": "sp_no_irrigation_2026_flag_not_active", "season_year_candidate": null, "crop_raw": "", "crop_code_candidate": "", "crop_parameter_set_candidate_key": "", "regional_crop_parameter_set_candidate_key": "", "crop_parameter_candidate_status": "no_crop_in_kml", "crop_parameter_candidate_comment_ru": "В СП(2).kml культура не задана для этого поля.", "sowing_date_raw": "", "calculation_ready": false, "calculation_blockers_json": [ ], "geometry_hash_sha256": "26aad407526783ace811a2e5f23dc56642955bbb9b81ba46b7392be525e135a5", "source_attributes_json": { "area_": "138.71", "fid": "44", "kml_name": "7.4" }, "rectangle_area_ha": 176.54263603158202, "rectangle_angle_deg": 75.274182109313642, "rectangle_width_m": 1328.5631350231124, "rectangle_height_m": 1328.8238351466134, "rectangle_crs": "EPSG:32637" }, "geometry": { "type": "Polygon", "coordinates": [ [ [ 38.651763963924374, 54.110486543492463 ], [ 38.646500107289988, 54.122019835312024 ], [ 38.626864054621443, 54.118924683770764 ], [ 38.632132960992749, 54.1073922529717 ], [ 38.651763963924374, 54.110486543492463 ] ] ] } },
{ "type": "Feature", "properties": { "dataset_code": "SP", "source_file": "СП(2).kml", "placemark_index": 28, "organization_code": "SP", "organization_name_raw": "СП / Спасское", "farm_name_raw": "", "region_name_raw": "", "district_name_raw": "", "field_external_key": "SP:7.9", "field_code_raw": "7.9", "field_name_raw": "7.9", "field_code_unique_status": "unique", "source_fid": "45", "declared_area_ha": 43.33, "geometry_area_ha": 43.329441, "area_diff_ha": -0.000559, "area_diff_pct": -0.001289, "area_quality_status": "ok", "geometry_type": "Polygon", "polygon_count": 1, "inner_ring_count": 0, "geometry_valid": true, "geometry_validity_reason": "Valid Geometry", "centroid_lon": 38.644252684000001, "centroid_lat": 54.106016345999997, "representative_lon": 38.644195199000002, "representative_lat": 54.106032736000003, "centroid_within_geometry": true, "weather_point_lon_candidate": 38.644252684000001, "weather_point_lat_candidate": 54.106016345999997, "active_2026_candidate": true, "active_reason": "sp_irrigation_2026_flag_1", "season_year_candidate": null, "crop_raw": "картофель среднеспелый", "crop_code_candidate": "potato", "crop_parameter_set_candidate_key": "aquacrop_v7_3_reference_potato", "regional_crop_parameter_set_candidate_key": "aquacrop_v7_3_regional_potato_tula_oblast", "crop_parameter_candidate_status": "reference_selected_region_needs_confirmation", "crop_parameter_candidate_comment_ru": "В СП(2).kml регион не указан. Для безопасной первичной загрузки выбран reference potato; региональный набор potato_tula_oblast указан как кандидат и требует подтверждения, что СП относится к Тульской области/соответствующему региональному сценарию.", "sowing_date_raw": "", "calculation_ready": false, "calculation_blockers_json": [ "missing_sowing_date", "missing_soil_profile" ], "geometry_hash_sha256": "8cb7d3c24c4e84e014096fec003a3e9a7ad8bcb260fb9572d07e2acf625c3e16", "source_attributes_json": { "area_": "43.33", "crop": "картофель среднеспелый", "fid": "45", "kml_name": "7.9", "полив в 2026 году": "1" }, "rectangle_area_ha": 55.142982132082551, "rectangle_angle_deg": 71.962872633165432, "rectangle_width_m": 735.5922022073064, "rectangle_height_m": 749.64065642096102, "rectangle_crs": "EPSG:32637" }, "geometry": { "type": "Polygon", "coordinates": [ [ [ 38.637017658367583, 54.108041239001871 ], [ 38.640555666510558, 54.101765399330652 ], [ 38.651438796754256, 54.103883606244253 ], [ 38.647902248956797, 54.110159765850447 ], [ 38.637017658367583, 54.108041239001871 ] ] ] } },
{ "type": "Feature", "properties": { "dataset_code": "SP", "source_file": "СП(2).kml", "placemark_index": 29, "organization_code": "SP", "organization_name_raw": "СП / Спасское", "farm_name_raw": "", "region_name_raw": "", "district_name_raw": "", "field_external_key": "SP:7.3", "field_code_raw": "7.3", "field_name_raw": "7.3", "field_code_unique_status": "unique", "source_fid": "51", "declared_area_ha": 89.62, "geometry_area_ha": 89.621405, "area_diff_ha": 0.001405, "area_diff_pct": 0.001567, "area_quality_status": "ok", "geometry_type": "Polygon", "polygon_count": 1, "inner_ring_count": 0, "geometry_valid": true, "geometry_validity_reason": "Valid Geometry", "centroid_lon": 38.622806029000003, "centroid_lat": 54.110319439000001, "representative_lon": 38.62279206, "representative_lat": 54.110434358, "centroid_within_geometry": true, "weather_point_lon_candidate": 38.622806029000003, "weather_point_lat_candidate": 54.110319439000001, "active_2026_candidate": true, "active_reason": "sp_irrigation_2026_flag_1", "season_year_candidate": null, "crop_raw": "картофель среднеспелый", "crop_code_candidate": "potato", "crop_parameter_set_candidate_key": "aquacrop_v7_3_reference_potato", "regional_crop_parameter_set_candidate_key": "aquacrop_v7_3_regional_potato_tula_oblast", "crop_parameter_candidate_status": "reference_selected_region_needs_confirmation", "crop_parameter_candidate_comment_ru": "В СП(2).kml регион не указан. Для безопасной первичной загрузки выбран reference potato; региональный набор potato_tula_oblast указан как кандидат и требует подтверждения, что СП относится к Тульской области/соответствующему региональному сценарию.", "sowing_date_raw": "", "calculation_ready": false, "calculation_blockers_json": [ "missing_sowing_date", "missing_soil_profile" ], "geometry_hash_sha256": "fa1f1c2c26eb175ea6baf0ca882239161f52f1e51d417f0efb6733355aaf42db", "source_attributes_json": { "area_": "89.62", "crop": "картофель среднеспелый", "fid": "51", "kml_name": "7.3", "полив в 2026 году": "1" }, "rectangle_area_ha": 111.77806580926038, "rectangle_angle_deg": 66.127358056515732, "rectangle_width_m": 1039.2636822583154, "rectangle_height_m": 1075.5505817962112, "rectangle_crs": "EPSG:32637" }, "geometry": { "type": "Polygon", "coordinates": [ [ [ 38.626944864552783, 54.116556268068003 ], [ 38.611935241085909, 54.112596593465398 ], [ 38.618447347502261, 54.104075824875714 ], [ 38.633454521455342, 54.108034689184187 ], [ 38.626944864552783, 54.116556268068003 ] ] ] } },
{ "type": "Feature", "properties": { "dataset_code": "SP", "source_file": "СП(2).kml", "placemark_index": 30, "organization_code": "SP", "organization_name_raw": "СП / Спасское", "farm_name_raw": "", "region_name_raw": "", "district_name_raw": "", "field_external_key": "SP:7.5", "field_code_raw": "7.5", "field_name_raw": "7.5", "field_code_unique_status": "unique", "source_fid": "56", "declared_area_ha": 61.64, "geometry_area_ha": 61.642434, "area_diff_ha": 0.002434, "area_diff_pct": 0.003948, "area_quality_status": "ok", "geometry_type": "Polygon", "polygon_count": 1, "inner_ring_count": 0, "geometry_valid": true, "geometry_validity_reason": "Valid Geometry", "centroid_lon": 38.654462955, "centroid_lat": 54.117408159, "representative_lon": 38.655097906000002, "representative_lat": 54.117168673000002, "centroid_within_geometry": true, "weather_point_lon_candidate": 38.654462955, "weather_point_lat_candidate": 54.117408159, "active_2026_candidate": true, "active_reason": "sp_irrigation_2026_flag_1", "season_year_candidate": null, "crop_raw": "картофель среднеспелый", "crop_code_candidate": "potato", "crop_parameter_set_candidate_key": "aquacrop_v7_3_reference_potato", "regional_crop_parameter_set_candidate_key": "aquacrop_v7_3_regional_potato_tula_oblast", "crop_parameter_candidate_status": "reference_selected_region_needs_confirmation", "crop_parameter_candidate_comment_ru": "В СП(2).kml регион не указан. Для безопасной первичной загрузки выбран reference potato; региональный набор potato_tula_oblast указан как кандидат и требует подтверждения, что СП относится к Тульской области/соответствующему региональному сценарию.", "sowing_date_raw": "", "calculation_ready": false, "calculation_blockers_json": [ "missing_sowing_date", "missing_soil_profile" ], "geometry_hash_sha256": "d6f2dd9d63fd7b4d2c5becda77617a43f59ae8d8c664f36f6becc72bcb5a45b3", "source_attributes_json": { "area_": "61.64", "crop": "картофель среднеспелый", "fid": "56", "kml_name": "7.5", "полив в 2026 году": "1" }, "rectangle_area_ha": 77.427886222150477, "rectangle_angle_deg": 178.81057090679656, "rectangle_width_m": 627.3807279142784, "rectangle_height_m": 1234.1451175836846, "rectangle_crs": "EPSG:32637" }, "geometry": { "type": "Polygon", "coordinates": [ [ [ 38.650526851823599, 54.111709462531692 ], [ 38.660120460208987, 54.111853984752607 ], [ 38.659637749392225, 54.122942468119284 ], [ 38.650041582082999, 54.122797903739588 ], [ 38.650526851823599, 54.111709462531692 ] ] ] } },
{ "type": "Feature", "properties": { "dataset_code": "SP", "source_file": "СП(2).kml", "placemark_index": 31, "organization_code": "SP", "organization_name_raw": "СП / Спасское", "farm_name_raw": "", "region_name_raw": "", "district_name_raw": "", "field_external_key": "SP:7.11", "field_code_raw": "7.11", "field_name_raw": "7.11", "field_code_unique_status": "unique", "source_fid": "60", "declared_area_ha": 42.54, "geometry_area_ha": 42.535557, "area_diff_ha": -0.004443, "area_diff_pct": -0.010444, "area_quality_status": "ok", "geometry_type": "Polygon", "polygon_count": 1, "inner_ring_count": 0, "geometry_valid": true, "geometry_validity_reason": "Valid Geometry", "centroid_lon": 38.625071372000001, "centroid_lat": 54.101893029000003, "representative_lon": 38.625056371, "representative_lat": 54.101976424999997, "centroid_within_geometry": true, "weather_point_lon_candidate": 38.625071372000001, "weather_point_lat_candidate": 54.101893029000003, "active_2026_candidate": true, "active_reason": "sp_irrigation_2026_flag_1", "season_year_candidate": null, "crop_raw": "картофель среднеспелый", "crop_code_candidate": "potato", "crop_parameter_set_candidate_key": "aquacrop_v7_3_reference_potato", "regional_crop_parameter_set_candidate_key": "aquacrop_v7_3_regional_potato_tula_oblast", "crop_parameter_candidate_status": "reference_selected_region_needs_confirmation", "crop_parameter_candidate_comment_ru": "В СП(2).kml регион не указан. Для безопасной первичной загрузки выбран reference potato; региональный набор potato_tula_oblast указан как кандидат и требует подтверждения, что СП относится к Тульской области/соответствующему региональному сценарию.", "sowing_date_raw": "", "calculation_ready": false, "calculation_blockers_json": [ "missing_sowing_date", "missing_soil_profile" ], "geometry_hash_sha256": "3dfb29c92ef96db1512881b0c01c9cfd5c638cb9f95c304d6af19d3008c11aed", "source_attributes_json": { "area_": "42.54", "crop": "картофель среднеспелый", "fid": "60", "kml_name": "7.11", "полив в 2026 году": "1" }, "rectangle_area_ha": 52.698628506283285, "rectangle_angle_deg": 87.151421927308775, "rectangle_width_m": 703.12188518419862, "rectangle_height_m": 749.49492565542459, "rectangle_crs": "EPSG:32637" }, "geometry": { "type": "Polygon", "coordinates": [ [ [ 38.631076474458951, 54.098915742619084 ], [ 38.630486041878832, 54.105225656867063 ], [ 38.619040574963705, 54.104855199717754 ], [ 38.619632739001531, 54.098545344143211 ], [ 38.631076474458951, 54.098915742619084 ] ] ] } },
{ "type": "Feature", "properties": { "dataset_code": "SP", "source_file": "СП(2).kml", "placemark_index": 32, "organization_code": "SP", "organization_name_raw": "СП / Спасское", "farm_name_raw": "", "region_name_raw": "", "district_name_raw": "", "field_external_key": "SP:7.1", "field_code_raw": "7.1", "field_name_raw": "7.1", "field_code_unique_status": "unique", "source_fid": "64", "declared_area_ha": 52.17, "geometry_area_ha": 52.17374, "area_diff_ha": 0.00374, "area_diff_pct": 0.007168, "area_quality_status": "ok", "geometry_type": "Polygon", "polygon_count": 1, "inner_ring_count": 0, "geometry_valid": true, "geometry_validity_reason": "Valid Geometry", "centroid_lon": 38.618374668999998, "centroid_lat": 54.119241455000001, "representative_lon": 38.617588720999997, "representative_lat": 54.118655724, "centroid_within_geometry": true, "weather_point_lon_candidate": 38.618374668999998, "weather_point_lat_candidate": 54.119241455000001, "active_2026_candidate": false, "active_reason": "sp_no_irrigation_2026_flag_not_active", "season_year_candidate": null, "crop_raw": "", "crop_code_candidate": "", "crop_parameter_set_candidate_key": "", "regional_crop_parameter_set_candidate_key": "", "crop_parameter_candidate_status": "no_crop_in_kml", "crop_parameter_candidate_comment_ru": "В СП(2).kml культура не задана для этого поля.", "sowing_date_raw": "", "calculation_ready": false, "calculation_blockers_json": [ ], "geometry_hash_sha256": "9466d54ed61b6027e578268880b103962b763c0b28ef6aac2079e33418c8be04", "source_attributes_json": { "area_": "52.17", "fid": "64", "kml_name": "7.1" }, "rectangle_area_ha": 67.562562524954387, "rectangle_angle_deg": 43.447352098634042, "rectangle_width_m": 569.59379764262121, "rectangle_height_m": 1186.1534097557887, "rectangle_crs": "EPSG:32637" }, "geometry": { "type": "Polygon", "coordinates": [ [ [ 38.627495727149025, 54.121648206369684 ], [ 38.621136647456083, 54.125148902814765 ], [ 38.608728308511878, 54.117369320764581 ], [ 38.615087236622976, 54.113869275042106 ], [ 38.627495727149025, 54.121648206369684 ] ] ] } },
{ "type": "Feature", "properties": { "dataset_code": "SP", "source_file": "СП(2).kml", "placemark_index": 33, "organization_code": "SP", "organization_name_raw": "СП / Спасское", "farm_name_raw": "", "region_name_raw": "", "district_name_raw": "", "field_external_key": "SP:7.2", "field_code_raw": "7.2", "field_name_raw": "7.2", "field_code_unique_status": "unique", "source_fid": "65", "declared_area_ha": 130.57, "geometry_area_ha": 130.571504, "area_diff_ha": 0.001504, "area_diff_pct": 0.001152, "area_quality_status": "ok", "geometry_type": "Polygon", "polygon_count": 1, "inner_ring_count": 0, "geometry_valid": true, "geometry_validity_reason": "Valid Geometry", "centroid_lon": 38.639458464000001, "centroid_lat": 54.126564115999997, "representative_lon": 38.639458464000001, "representative_lat": 54.126563613000002, "centroid_within_geometry": true, "weather_point_lon_candidate": 38.639458464000001, "weather_point_lat_candidate": 54.126564115999997, "active_2026_candidate": false, "active_reason": "sp_no_irrigation_2026_flag_not_active", "season_year_candidate": null, "crop_raw": "", "crop_code_candidate": "", "crop_parameter_set_candidate_key": "", "regional_crop_parameter_set_candidate_key": "", "crop_parameter_candidate_status": "no_crop_in_kml", "crop_parameter_candidate_comment_ru": "В СП(2).kml культура не задана для этого поля.", "sowing_date_raw": "", "calculation_ready": false, "calculation_blockers_json": [ ], "geometry_hash_sha256": "caa1f16b9616534ff2e59d6bca1caf9bf5119a920b86bd29e421e7d2f1db4a91", "source_attributes_json": { "area_": "130.57", "fid": "65", "kml_name": "7.2" }, "rectangle_area_ha": 166.15183459687648, "rectangle_angle_deg": 179.27446809667333, "rectangle_width_m": 1288.6063013146631, "rectangle_height_m": 1289.3917593555525, "rectangle_crs": "EPSG:32637" }, "geometry": { "type": "Polygon", "coordinates": [ [ [ 38.649142184566202, 54.132459874533247 ], [ 38.629424310196697, 54.132254141374773 ], [ 38.629777488688795, 54.120667380208111 ], [ 38.649489864843162, 54.120873047742101 ], [ 38.649142184566202, 54.132459874533247 ] ] ] } },
{ "type": "Feature", "properties": { "dataset_code": "SP", "source_file": "СП(2).kml", "placemark_index": 34, "organization_code": "SP", "organization_name_raw": "СП / Спасское", "farm_name_raw": "", "region_name_raw": "", "district_name_raw": "", "field_external_key": "SP:7.7", "field_code_raw": "7.7", "field_name_raw": "7.7", "field_code_unique_status": "unique", "source_fid": "66", "declared_area_ha": 41.19, "geometry_area_ha": 41.191094, "area_diff_ha": 0.001094, "area_diff_pct": 0.002656, "area_quality_status": "ok", "geometry_type": "Polygon", "polygon_count": 1, "inner_ring_count": 0, "geometry_valid": true, "geometry_validity_reason": "Valid Geometry", "centroid_lon": 38.679093275, "centroid_lat": 54.11111708, "representative_lon": 38.679070064000001, "representative_lat": 54.111077846999997, "centroid_within_geometry": true, "weather_point_lon_candidate": 38.679093275, "weather_point_lat_candidate": 54.11111708, "active_2026_candidate": false, "active_reason": "sp_no_irrigation_2026_flag_not_active", "season_year_candidate": null, "crop_raw": "", "crop_code_candidate": "", "crop_parameter_set_candidate_key": "", "regional_crop_parameter_set_candidate_key": "", "crop_parameter_candidate_status": "no_crop_in_kml", "crop_parameter_candidate_comment_ru": "В СП(2).kml культура не задана для этого поля.", "sowing_date_raw": "", "calculation_ready": false, "calculation_blockers_json": [ ], "geometry_hash_sha256": "cd510c181ec32b8e3b524d3d20870f1e8952956d00c1877dda1897febd33486a", "source_attributes_json": { "area_": "41.19", "fid": "66", "kml_name": "7.7" }, "rectangle_area_ha": 52.339723888530301, "rectangle_angle_deg": 97.321078367452287, "rectangle_width_m": 717.30201311968267, "rectangle_height_m": 729.67485008016229, "rectangle_crs": "EPSG:32637" }, "geometry": { "type": "Polygon", "coordinates": [ [ [ 38.683945209828636, 54.107543496018273 ], [ 38.68529482058392, 54.113941436527583 ], [ 38.674217285144479, 54.114747667392677 ], [ 38.672869354696594, 54.108349605968776 ], [ 38.683945209828636, 54.107543496018273 ] ] ] } },
{ "type": "Feature", "properties": { "dataset_code": "SP", "source_file": "СП(2).kml", "placemark_index": 35, "organization_code": "SP", "organization_name_raw": "СП / Спасское", "farm_name_raw": "", "region_name_raw": "", "district_name_raw": "", "field_external_key": "SP:7.6", "field_code_raw": "7.6", "field_name_raw": "7.6", "field_code_unique_status": "unique", "source_fid": "67", "declared_area_ha": 61.26, "geometry_area_ha": 61.259451, "area_diff_ha": -0.000549, "area_diff_pct": -0.000897, "area_quality_status": "ok", "geometry_type": "Polygon", "polygon_count": 1, "inner_ring_count": 0, "geometry_valid": true, "geometry_validity_reason": "Valid Geometry", "centroid_lon": 38.667599361000001, "centroid_lat": 54.119617120999997, "representative_lon": 38.667561376000002, "representative_lat": 54.119645069000001, "centroid_within_geometry": true, "weather_point_lon_candidate": 38.667599361000001, "weather_point_lat_candidate": 54.119617120999997, "active_2026_candidate": false, "active_reason": "sp_no_irrigation_2026_flag_not_active", "season_year_candidate": null, "crop_raw": "", "crop_code_candidate": "", "crop_parameter_set_candidate_key": "", "regional_crop_parameter_set_candidate_key": "", "crop_parameter_candidate_status": "no_crop_in_kml", "crop_parameter_candidate_comment_ru": "В СП(2).kml культура не задана для этого поля.", "sowing_date_raw": "", "calculation_ready": false, "calculation_blockers_json": [ ], "geometry_hash_sha256": "8eef3b2d83a70fa42fca11d0280112d779347a72074a7851648235746a268698", "source_attributes_json": { "area_": "61.26", "fid": "67", "kml_name": "7.6" }, "rectangle_area_ha": 78.026195959806216, "rectangle_angle_deg": 154.14455865045352, "rectangle_width_m": 877.35565717727877, "rectangle_height_m": 889.33370773307979, "rectangle_crs": "EPSG:32637" }, "geometry": { "type": "Polygon", "coordinates": [ [ [ 38.664623614494175, 54.114312616886153 ], [ 38.67667455395646, 54.117784468065466 ], [ 38.670684118672369, 54.124961229642352 ], [ 38.658631602993715, 54.121488780493912 ], [ 38.664623614494175, 54.114312616886153 ] ] ] } },
{ "type": "Feature", "properties": { "dataset_code": "SP", "source_file": "СП(2).kml", "placemark_index": 36, "organization_code": "SP", "organization_name_raw": "СП / Спасское", "farm_name_raw": "", "region_name_raw": "", "district_name_raw": "", "field_external_key": "SP:5.4", "field_code_raw": "5.4", "field_name_raw": "5.4", "field_code_unique_status": "unique", "source_fid": "68", "declared_area_ha": 121.6, "geometry_area_ha": 121.597003, "area_diff_ha": -0.002997, "area_diff_pct": -0.002465, "area_quality_status": "ok", "geometry_type": "Polygon", "polygon_count": 1, "inner_ring_count": 0, "geometry_valid": true, "geometry_validity_reason": "Valid Geometry", "centroid_lon": 38.772174991999997, "centroid_lat": 54.003852139000003, "representative_lon": 38.772151991999998, "representative_lat": 54.003893777000002, "centroid_within_geometry": true, "weather_point_lon_candidate": 38.772174991999997, "weather_point_lat_candidate": 54.003852139000003, "active_2026_candidate": false, "active_reason": "sp_no_irrigation_2026_flag_not_active", "season_year_candidate": null, "crop_raw": "", "crop_code_candidate": "", "crop_parameter_set_candidate_key": "", "regional_crop_parameter_set_candidate_key": "", "crop_parameter_candidate_status": "no_crop_in_kml", "crop_parameter_candidate_comment_ru": "В СП(2).kml культура не задана для этого поля.", "sowing_date_raw": "", "calculation_ready": false, "calculation_blockers_json": [ ], "geometry_hash_sha256": "59145262ba0e6d7108c029baed63bfaaa6ced54341600788d5b009b25372b1ef", "source_attributes_json": { "area_": "121.6", "fid": "68", "kml_name": "5.4" }, "rectangle_area_ha": 154.38875417225367, "rectangle_angle_deg": 96.867031411079438, "rectangle_width_m": 1230.18183240504, "rectangle_height_m": 1255.007594043389, "rectangle_crs": "EPSG:32637" }, "geometry": { "type": "Polygon", "coordinates": [ [ [ 38.763713138075985, 54.009937608253381 ], [ 38.761531468500294, 53.998955824756578 ], [ 38.780546534746755, 53.99764335156128 ], [ 38.782733143583805, 54.008624796892676 ], [ 38.763713138075985, 54.009937608253381 ] ] ] } },
{ "type": "Feature", "properties": { "dataset_code": "SP", "source_file": "СП(2).kml", "placemark_index": 37, "organization_code": "SP", "organization_name_raw": "СП / Спасское", "farm_name_raw": "", "region_name_raw": "", "district_name_raw": "", "field_external_key": "SP:5.1", "field_code_raw": "5.1", "field_name_raw": "5.1", "field_code_unique_status": "unique", "source_fid": "69", "declared_area_ha": 64.55, "geometry_area_ha": 64.552604, "area_diff_ha": 0.002604, "area_diff_pct": 0.004034, "area_quality_status": "ok", "geometry_type": "Polygon", "polygon_count": 1, "inner_ring_count": 0, "geometry_valid": true, "geometry_validity_reason": "Valid Geometry", "centroid_lon": 38.786667168999998, "centroid_lat": 54.008350958999998, "representative_lon": 38.786693317999998, "representative_lat": 54.008407477, "centroid_within_geometry": true, "weather_point_lon_candidate": 38.786667168999998, "weather_point_lat_candidate": 54.008350958999998, "active_2026_candidate": false, "active_reason": "sp_no_irrigation_2026_flag_not_active", "season_year_candidate": null, "crop_raw": "", "crop_code_candidate": "", "crop_parameter_set_candidate_key": "", "regional_crop_parameter_set_candidate_key": "", "crop_parameter_candidate_status": "no_crop_in_kml", "crop_parameter_candidate_comment_ru": "В СП(2).kml культура не задана для этого поля.", "sowing_date_raw": "", "calculation_ready": false, "calculation_blockers_json": [ ], "geometry_hash_sha256": "d23a3e566c4dc37b2b77a93da02e8b9414a87161742302ce88d6f77bf68fd8b9", "source_attributes_json": { "area_": "64.55", "fid": "69", "kml_name": "5.1" }, "rectangle_area_ha": 82.761854001200476, "rectangle_angle_deg": 89.450720988538251, "rectangle_width_m": 906.35619360895362, "rectangle_height_m": 913.12725156825036, "rectangle_crs": "EPSG:32637" }, "geometry": { "type": "Polygon", "coordinates": [ [ [ 38.793744954169867, 54.004340903052672 ], [ 38.793572078083344, 54.012486491312821 ], [ 38.7796387272789, 54.012383082099575 ], [ 38.779814323502031, 54.004237516442466 ], [ 38.793744954169867, 54.004340903052672 ] ] ] } },
{ "type": "Feature", "properties": { "dataset_code": "SP", "source_file": "СП(2).kml", "placemark_index": 38, "organization_code": "SP", "organization_name_raw": "СП / Спасское", "farm_name_raw": "", "region_name_raw": "", "district_name_raw": "", "field_external_key": "SP:5.2", "field_code_raw": "5.2", "field_name_raw": "5.2", "field_code_unique_status": "unique", "source_fid": "72", "declared_area_ha": 58.49, "geometry_area_ha": 58.492939, "area_diff_ha": 0.002939, "area_diff_pct": 0.005024, "area_quality_status": "ok", "geometry_type": "Polygon", "polygon_count": 1, "inner_ring_count": 0, "geometry_valid": true, "geometry_validity_reason": "Valid Geometry", "centroid_lon": 38.777271567, "centroid_lat": 54.012971262999997, "representative_lon": 38.778293324000003, "representative_lat": 54.013741904, "centroid_within_geometry": true, "weather_point_lon_candidate": 38.777271567, "weather_point_lat_candidate": 54.012971262999997, "active_2026_candidate": false, "active_reason": "sp_no_irrigation_2026_flag_not_active", "season_year_candidate": null, "crop_raw": "", "crop_code_candidate": "", "crop_parameter_set_candidate_key": "", "regional_crop_parameter_set_candidate_key": "", "crop_parameter_candidate_status": "no_crop_in_kml", "crop_parameter_candidate_comment_ru": "В СП(2).kml культура не задана для этого поля.", "sowing_date_raw": "", "calculation_ready": false, "calculation_blockers_json": [ ], "geometry_hash_sha256": "81e08239441d6a3bd76e5953e44253e74f006b0dedb728ecf761144de5db1449", "source_attributes_json": { "area_": "58.49", "fid": "72", "kml_name": "5.2" }, "rectangle_area_ha": 78.050711178466514, "rectangle_angle_deg": 42.078089977042737, "rectangle_width_m": 624.51790694426745, "rectangle_height_m": 1249.7753917155787, "rectangle_crs": "EPSG:32637" }, "geometry": { "type": "Polygon", "coordinates": [ [ [ 38.76789973780172, 54.010476445795604 ], [ 38.774993307026122, 54.006728338749085 ], [ 38.787729873039147, 54.015088908209272 ], [ 38.780636022207943, 54.018837761232902 ], [ 38.76789973780172, 54.010476445795604 ] ] ] } },
{ "type": "Feature", "properties": { "dataset_code": "SP", "source_file": "СП(2).kml", "placemark_index": 39, "organization_code": "SP", "organization_name_raw": "СП / Спасское", "farm_name_raw": "", "region_name_raw": "", "district_name_raw": "", "field_external_key": "SP:5.6", "field_code_raw": "5.6", "field_name_raw": "5.6", "field_code_unique_status": "unique", "source_fid": "77", "declared_area_ha": 26.55, "geometry_area_ha": 26.548446, "area_diff_ha": -0.001554, "area_diff_pct": -0.005853, "area_quality_status": "ok", "geometry_type": "Polygon", "polygon_count": 1, "inner_ring_count": 0, "geometry_valid": true, "geometry_validity_reason": "Valid Geometry", "centroid_lon": 38.752528265000002, "centroid_lat": 53.996488305, "representative_lon": 38.752456225000003, "representative_lat": 53.996909742, "centroid_within_geometry": true, "weather_point_lon_candidate": 38.752528265000002, "weather_point_lat_candidate": 53.996488305, "active_2026_candidate": false, "active_reason": "sp_no_irrigation_2026_flag_not_active", "season_year_candidate": null, "crop_raw": "", "crop_code_candidate": "", "crop_parameter_set_candidate_key": "", "regional_crop_parameter_set_candidate_key": "", "crop_parameter_candidate_status": "no_crop_in_kml", "crop_parameter_candidate_comment_ru": "В СП(2).kml культура не задана для этого поля.", "sowing_date_raw": "", "calculation_ready": false, "calculation_blockers_json": [ ], "geometry_hash_sha256": "d00d54bfd42d858677964c44701d6c347003b2c081ebd24be55867f36c67ca23", "source_attributes_json": { "area_": "26.55", "fid": "77", "kml_name": "5.6" }, "rectangle_area_ha": 35.04205919476788, "rectangle_angle_deg": 65.560270307355211, "rectangle_width_m": 430.71239904966205, "rectangle_height_m": 813.58371089585125, "rectangle_crs": "EPSG:32637" }, "geometry": { "type": "Polygon", "coordinates": [ [ [ 38.745688050702149, 53.996501254051573 ], [ 38.748427614421544, 53.992982669740933 ], [ 38.759707802546785, 53.996031171873675 ], [ 38.756968988284221, 53.999550012269786 ], [ 38.745688050702149, 53.996501254051573 ] ] ] } },
{ "type": "Feature", "properties": { "dataset_code": "SP", "source_file": "СП(2).kml", "placemark_index": 40, "organization_code": "SP", "organization_name_raw": "СП / Спасское", "farm_name_raw": "", "region_name_raw": "", "district_name_raw": "", "field_external_key": "SP:5.5", "field_code_raw": "5.5", "field_name_raw": "5.5", "field_code_unique_status": "unique", "source_fid": "79", "declared_area_ha": 41.33, "geometry_area_ha": 41.332412, "area_diff_ha": 0.002412, "area_diff_pct": 0.005836, "area_quality_status": "ok", "geometry_type": "Polygon", "polygon_count": 1, "inner_ring_count": 0, "geometry_valid": true, "geometry_validity_reason": "Valid Geometry", "centroid_lon": 38.764648314, "centroid_lat": 53.996527905000001, "representative_lon": 38.764495580999998, "representative_lat": 53.996556918000003, "centroid_within_geometry": true, "weather_point_lon_candidate": 38.764648314, "weather_point_lat_candidate": 53.996527905000001, "active_2026_candidate": false, "active_reason": "sp_no_irrigation_2026_flag_not_active", "season_year_candidate": null, "crop_raw": "", "crop_code_candidate": "", "crop_parameter_set_candidate_key": "", "regional_crop_parameter_set_candidate_key": "", "crop_parameter_candidate_status": "no_crop_in_kml", "crop_parameter_candidate_comment_ru": "В СП(2).kml культура не задана для этого поля.", "sowing_date_raw": "", "calculation_ready": false, "calculation_blockers_json": [ ], "geometry_hash_sha256": "ca52b671b1898090db0be79a6c69a5fa5616da3246b74643c3c672947cdd2405", "source_attributes_json": { "area_": "41.33", "fid": "79", "kml_name": "5.5" }, "rectangle_area_ha": 54.429045243876722, "rectangle_angle_deg": 97.218783042811594, "rectangle_width_m": 526.75180514995009, "rectangle_height_m": 1033.2958465777338, "rectangle_crs": "EPSG:32637" }, "geometry": { "type": "Polygon", "coordinates": [ [ [ 38.772063468991902, 53.993978847232285 ], [ 38.77304755585714, 53.9986775982834 ], [ 38.757402766997217, 53.999814058333271 ], [ 38.756420415662106, 53.995115182011183 ], [ 38.772063468991902, 53.993978847232285 ] ] ] } },
{ "type": "Feature", "properties": { "dataset_code": "SP", "source_file": "СП(2).kml", "placemark_index": 41, "organization_code": "SP", "organization_name_raw": "СП / Спасское", "farm_name_raw": "", "region_name_raw": "", "district_name_raw": "", "field_external_key": "SP:5.11", "field_code_raw": "5.11", "field_name_raw": "5.11", "field_code_unique_status": "unique", "source_fid": "82", "declared_area_ha": 37.54, "geometry_area_ha": 37.539567, "area_diff_ha": -0.000433, "area_diff_pct": -0.001153, "area_quality_status": "ok", "geometry_type": "Polygon", "polygon_count": 1, "inner_ring_count": 0, "geometry_valid": true, "geometry_validity_reason": "Valid Geometry", "centroid_lon": 38.766729130999998, "centroid_lat": 53.990383492, "representative_lon": 38.766791552000001, "representative_lat": 53.99031278, "centroid_within_geometry": true, "weather_point_lon_candidate": 38.766729130999998, "weather_point_lat_candidate": 53.990383492, "active_2026_candidate": false, "active_reason": "sp_no_irrigation_2026_flag_not_active", "season_year_candidate": null, "crop_raw": "", "crop_code_candidate": "", "crop_parameter_set_candidate_key": "", "regional_crop_parameter_set_candidate_key": "", "crop_parameter_candidate_status": "no_crop_in_kml", "crop_parameter_candidate_comment_ru": "В СП(2).kml культура не задана для этого поля.", "sowing_date_raw": "", "calculation_ready": false, "calculation_blockers_json": [ ], "geometry_hash_sha256": "61f35bdd2185fc89e7f0d63fff771690df434c87bb500cdd8d43e6e11cb5d8b7", "source_attributes_json": { "area_": "37.54", "fid": "82", "kml_name": "5.11" }, "rectangle_area_ha": 48.956554194127335, "rectangle_angle_deg": 21.344847851234135, "rectangle_width_m": 686.54072654643096, "rectangle_height_m": 713.09031352587044, "rectangle_crs": "EPSG:32637" }, "geometry": { "type": "Polygon", "coordinates": [ [ [ 38.77344421687539, 53.992266302847064 ], [ 38.763678194215657, 53.994493473822509 ], [ 38.759753501053645, 53.98851610068116 ], [ 38.769518332815338, 53.986289245172777 ], [ 38.77344421687539, 53.992266302847064 ] ] ] } },
{ "type": "Feature", "properties": { "dataset_code": "SP", "source_file": "СП(2).kml", "placemark_index": 42, "organization_code": "SP", "organization_name_raw": "СП / Спасское", "farm_name_raw": "", "region_name_raw": "", "district_name_raw": "", "field_external_key": "SP:5.12", "field_code_raw": "5.12", "field_name_raw": "5.12", "field_code_unique_status": "unique", "source_fid": "84", "declared_area_ha": 73.74, "geometry_area_ha": 73.741671, "area_diff_ha": 0.001671, "area_diff_pct": 0.002266, "area_quality_status": "ok", "geometry_type": "Polygon", "polygon_count": 1, "inner_ring_count": 0, "geometry_valid": true, "geometry_validity_reason": "Valid Geometry", "centroid_lon": 38.754561255, "centroid_lat": 53.989833362, "representative_lon": 38.754263256000002, "representative_lat": 53.989841847999998, "centroid_within_geometry": true, "weather_point_lon_candidate": 38.754561255, "weather_point_lat_candidate": 53.989833362, "active_2026_candidate": false, "active_reason": "sp_no_irrigation_2026_flag_not_active", "season_year_candidate": null, "crop_raw": "", "crop_code_candidate": "", "crop_parameter_set_candidate_key": "", "regional_crop_parameter_set_candidate_key": "", "crop_parameter_candidate_status": "no_crop_in_kml", "crop_parameter_candidate_comment_ru": "В СП(2).kml культура не задана для этого поля.", "sowing_date_raw": "", "calculation_ready": false, "calculation_blockers_json": [ ], "geometry_hash_sha256": "d8b2d62c7cfa4a88fd8c610397a21ab71919d746e80aa742716e93f989b14960", "source_attributes_json": { "area_": "73.74", "fid": "84", "kml_name": "5.12" }, "rectangle_area_ha": 93.966102562725425, "rectangle_angle_deg": 158.56294634290884, "rectangle_width_m": 966.46159676555544, "rectangle_height_m": 972.26938842888921, "rectangle_crs": "EPSG:32637" }, "geometry": { "type": "Polygon", "coordinates": [ [ [ 38.745135084333334, 53.992192536061097 ], [ 38.750603618043812, 53.984069835064368 ], [ 38.764304331683853, 53.987272223560112 ], [ 38.75883804107896, 53.995395545905559 ], [ 38.745135084333334, 53.992192536061097 ] ] ] } },
{ "type": "Feature", "properties": { "dataset_code": "SP", "source_file": "СП(2).kml", "placemark_index": 43, "organization_code": "SP", "organization_name_raw": "СП / Спасское", "farm_name_raw": "", "region_name_raw": "", "district_name_raw": "", "field_external_key": "SP:5.7", "field_code_raw": "5.7", "field_name_raw": "5.7", "field_code_unique_status": "unique", "source_fid": "87", "declared_area_ha": 55.46, "geometry_area_ha": 55.459167, "area_diff_ha": -0.000833, "area_diff_pct": -0.001501, "area_quality_status": "ok", "geometry_type": "Polygon", "polygon_count": 1, "inner_ring_count": 0, "geometry_valid": true, "geometry_validity_reason": "Valid Geometry", "centroid_lon": 38.739775267, "centroid_lat": 53.991798692000003, "representative_lon": 38.740405736, "representative_lat": 53.992298452, "centroid_within_geometry": true, "weather_point_lon_candidate": 38.739775267, "weather_point_lat_candidate": 53.991798692000003, "active_2026_candidate": false, "active_reason": "sp_no_irrigation_2026_flag_not_active", "season_year_candidate": null, "crop_raw": "", "crop_code_candidate": "", "crop_parameter_set_candidate_key": "", "regional_crop_parameter_set_candidate_key": "", "crop_parameter_candidate_status": "no_crop_in_kml", "crop_parameter_candidate_comment_ru": "В СП(2).kml культура не задана для этого поля.", "sowing_date_raw": "", "calculation_ready": false, "calculation_blockers_json": [ ], "geometry_hash_sha256": "a708a4b7617b57f6fbec5855045e6cb5b945242bca90207c13fd48752695aaaa", "source_attributes_json": { "area_": "55.46", "fid": "87", "kml_name": "5.7" }, "rectangle_area_ha": 76.569704906636645, "rectangle_angle_deg": 61.776278605037817, "rectangle_width_m": 624.61717065353878, "rectangle_height_m": 1225.8661545682698, "rectangle_crs": "EPSG:32637" }, "geometry": { "type": "Polygon", "coordinates": [ [ [ 38.729088021377592, 53.99130170850993 ], [ 38.733624982037838, 53.986365277738926 ], [ 38.750066162502932, 53.99161119290104 ], [ 38.745530572305405, 53.996548241442717 ], [ 38.729088021377592, 53.99130170850993 ] ] ] } },
{ "type": "Feature", "properties": { "dataset_code": "SP", "source_file": "СП(2).kml", "placemark_index": 44, "organization_code": "SP", "organization_name_raw": "СП / Спасское", "farm_name_raw": "", "region_name_raw": "", "district_name_raw": "", "field_external_key": "SP:5.10", "field_code_raw": "5.10", "field_name_raw": "5.10", "field_code_unique_status": "unique", "source_fid": "88", "declared_area_ha": 77.95, "geometry_area_ha": 77.950365, "area_diff_ha": 0.000365, "area_diff_pct": 0.000469, "area_quality_status": "ok", "geometry_type": "Polygon", "polygon_count": 1, "inner_ring_count": 0, "geometry_valid": true, "geometry_validity_reason": "Valid Geometry", "centroid_lon": 38.712065252000002, "centroid_lat": 53.994902183999997, "representative_lon": 38.711941144999997, "representative_lat": 53.994780286000001, "centroid_within_geometry": true, "weather_point_lon_candidate": 38.712065252000002, "weather_point_lat_candidate": 53.994902183999997, "active_2026_candidate": false, "active_reason": "sp_no_irrigation_2026_flag_not_active", "season_year_candidate": null, "crop_raw": "", "crop_code_candidate": "", "crop_parameter_set_candidate_key": "", "regional_crop_parameter_set_candidate_key": "", "crop_parameter_candidate_status": "no_crop_in_kml", "crop_parameter_candidate_comment_ru": "В СП(2).kml культура не задана для этого поля.", "sowing_date_raw": "", "calculation_ready": false, "calculation_blockers_json": [ ], "geometry_hash_sha256": "71e067d3bb0d1b64d528a18224dd0b84b271fcbb8e49260fc4f63d82d0339aac", "source_attributes_json": { "area_": "77.95", "fid": "88", "kml_name": "5.10" }, "rectangle_area_ha": 99.604332325735129, "rectangle_angle_deg": 165.04084180419454, "rectangle_width_m": 988.2932410875801, "rectangle_height_m": 1007.8418852295727, "rectangle_crs": "EPSG:32637" }, "geometry": { "type": "Polygon", "coordinates": [ [ [ 38.717213022787845, 54.000365423741783 ], [ 38.702663345083067, 53.998037410867084 ], [ 38.706693441683697, 53.989295856477817 ], [ 38.721240300194921, 53.991623381569894 ], [ 38.717213022787845, 54.000365423741783 ] ] ] } },
{ "type": "Feature", "properties": { "dataset_code": "SP", "source_file": "СП(2).kml", "placemark_index": 45, "organization_code": "SP", "organization_name_raw": "СП / Спасское", "farm_name_raw": "", "region_name_raw": "", "district_name_raw": "", "field_external_key": "SP:5.9", "field_code_raw": "5.9", "field_name_raw": "5.9", "field_code_unique_status": "unique", "source_fid": "89", "declared_area_ha": 34.14, "geometry_area_ha": 34.140509, "area_diff_ha": 0.000509, "area_diff_pct": 0.001492, "area_quality_status": "ok", "geometry_type": "Polygon", "polygon_count": 1, "inner_ring_count": 0, "geometry_valid": true, "geometry_validity_reason": "Valid Geometry", "centroid_lon": 38.716980884000002, "centroid_lat": 53.989608149, "representative_lon": 38.715953208000002, "representative_lat": 53.990196789000002, "centroid_within_geometry": true, "weather_point_lon_candidate": 38.716980884000002, "weather_point_lat_candidate": 53.989608149, "active_2026_candidate": false, "active_reason": "sp_no_irrigation_2026_flag_not_active", "season_year_candidate": null, "crop_raw": "", "crop_code_candidate": "", "crop_parameter_set_candidate_key": "", "regional_crop_parameter_set_candidate_key": "", "crop_parameter_candidate_status": "no_crop_in_kml", "crop_parameter_candidate_comment_ru": "В СП(2).kml культура не задана для этого поля.", "sowing_date_raw": "", "calculation_ready": false, "calculation_blockers_json": [ ], "geometry_hash_sha256": "c70b4adf61e4a24934a88b2f2337102473e0e6ec68c34a41770b33dfecc6694c", "source_attributes_json": { "area_": "34.14", "fid": "89", "kml_name": "5.9" }, "rectangle_area_ha": 48.807417995238552, "rectangle_angle_deg": 62.414764524813108, "rectangle_width_m": 584.59199007973075, "rectangle_height_m": 834.89713891874999, "rectangle_crs": "EPSG:32637" }, "geometry": { "type": "Polygon", "coordinates": [ [ [ 38.709163487582181, 53.990202425714443 ], [ 38.713324236833174, 53.985555419058819 ], [ 38.724586268523161, 53.989056627054204 ], [ 38.720426421403666, 53.993704021949483 ], [ 38.709163487582181, 53.990202425714443 ] ] ] } },
{ "type": "Feature", "properties": { "dataset_code": "SP", "source_file": "СП(2).kml", "placemark_index": 46, "organization_code": "SP", "organization_name_raw": "СП / Спасское", "farm_name_raw": "", "region_name_raw": "", "district_name_raw": "", "field_external_key": "SP:5.15", "field_code_raw": "5.15", "field_name_raw": "5.15", "field_code_unique_status": "unique", "source_fid": "97", "declared_area_ha": 43.24, "geometry_area_ha": 43.240703, "area_diff_ha": 0.000703, "area_diff_pct": 0.001625, "area_quality_status": "ok", "geometry_type": "Polygon", "polygon_count": 1, "inner_ring_count": 0, "geometry_valid": true, "geometry_validity_reason": "Valid Geometry", "centroid_lon": 38.737833385000002, "centroid_lat": 53.976732395, "representative_lon": 38.737974244, "representative_lat": 53.976454691999997, "centroid_within_geometry": true, "weather_point_lon_candidate": 38.737833385000002, "weather_point_lat_candidate": 53.976732395, "active_2026_candidate": false, "active_reason": "sp_no_irrigation_2026_flag_not_active", "season_year_candidate": null, "crop_raw": "", "crop_code_candidate": "", "crop_parameter_set_candidate_key": "", "regional_crop_parameter_set_candidate_key": "", "crop_parameter_candidate_status": "no_crop_in_kml", "crop_parameter_candidate_comment_ru": "В СП(2).kml культура не задана для этого поля.", "sowing_date_raw": "", "calculation_ready": false, "calculation_blockers_json": [ ], "geometry_hash_sha256": "4d7ab40d641b09647eec3c7f7b6f82d2441f1aa959530272bfb142531fc674e9", "source_attributes_json": { "area_": "43.24", "fid": "97", "kml_name": "5.15" }, "rectangle_area_ha": 56.285120125761928, "rectangle_angle_deg": 93.229926466744416, "rectangle_width_m": 534.33092773146927, "rectangle_height_m": 1053.3756742235273, "rectangle_crs": "EPSG:32637" }, "geometry": { "type": "Polygon", "coordinates": [ [ [ 38.729960515304924, 53.979007485952316 ], [ 38.729532524527976, 53.974211595064808 ], [ 38.745570092730404, 53.973713180108973 ], [ 38.745999920650796, 53.978509016278807 ], [ 38.729960515304924, 53.979007485952316 ] ] ] } },
{ "type": "Feature", "properties": { "dataset_code": "SP", "source_file": "СП(2).kml", "placemark_index": 47, "organization_code": "SP", "organization_name_raw": "СП / Спасское", "farm_name_raw": "", "region_name_raw": "", "district_name_raw": "", "field_external_key": "SP:5.16", "field_code_raw": "5.16", "field_name_raw": "5.16", "field_code_unique_status": "unique", "source_fid": "98", "declared_area_ha": 50.02, "geometry_area_ha": 50.02058, "area_diff_ha": 0.00058, "area_diff_pct": 0.00116, "area_quality_status": "ok", "geometry_type": "Polygon", "polygon_count": 1, "inner_ring_count": 0, "geometry_valid": true, "geometry_validity_reason": "Valid Geometry", "centroid_lon": 38.752117307, "centroid_lat": 53.975012315000001, "representative_lon": 38.752093557000002, "representative_lat": 53.97495371, "centroid_within_geometry": true, "weather_point_lon_candidate": 38.752117307, "weather_point_lat_candidate": 53.975012315000001, "active_2026_candidate": false, "active_reason": "sp_no_irrigation_2026_flag_not_active", "season_year_candidate": null, "crop_raw": "", "crop_code_candidate": "", "crop_parameter_set_candidate_key": "", "regional_crop_parameter_set_candidate_key": "", "crop_parameter_candidate_status": "no_crop_in_kml", "crop_parameter_candidate_comment_ru": "В СП(2).kml культура не задана для этого поля.", "sowing_date_raw": "", "calculation_ready": false, "calculation_blockers_json": [ ], "geometry_hash_sha256": "593997f8824e64a35867dacb00a282930fafbda9b4dea1ee9102d9b4ffa84138", "source_attributes_json": { "area_": "50.02", "fid": "98", "kml_name": "5.16" }, "rectangle_area_ha": 62.230995929565161, "rectangle_angle_deg": 93.025941074288426, "rectangle_width_m": 775.43251834437251, "rectangle_height_m": 802.53270861576311, "rectangle_crs": "EPSG:32637" }, "geometry": { "type": "Polygon", "coordinates": [ [ [ 38.758343385401652, 53.978291212934259 ], [ 38.746121468301304, 53.978646783542906 ], [ 38.745539735199038, 53.971685697195994 ], [ 38.757759619902757, 53.971330183211911 ], [ 38.758343385401652, 53.978291212934259 ] ] ] } },
{ "type": "Feature", "properties": { "dataset_code": "SP", "source_file": "СП(2).kml", "placemark_index": 48, "organization_code": "SP", "organization_name_raw": "СП / Спасское", "farm_name_raw": "", "region_name_raw": "", "district_name_raw": "", "field_external_key": "SP:5.3", "field_code_raw": "5.3", "field_name_raw": "5.3", "field_code_unique_status": "unique", "source_fid": "99", "declared_area_ha": 110.34, "geometry_area_ha": 110.344142, "area_diff_ha": 0.004142, "area_diff_pct": 0.003754, "area_quality_status": "ok", "geometry_type": "Polygon", "polygon_count": 1, "inner_ring_count": 0, "geometry_valid": true, "geometry_validity_reason": "Valid Geometry", "centroid_lon": 38.765576666999998, "centroid_lat": 54.018054794000001, "representative_lon": 38.765545103000001, "representative_lat": 54.018011407000003, "centroid_within_geometry": true, "weather_point_lon_candidate": 38.765576666999998, "weather_point_lat_candidate": 54.018054794000001, "active_2026_candidate": false, "active_reason": "sp_no_irrigation_2026_flag_not_active", "season_year_candidate": null, "crop_raw": "", "crop_code_candidate": "", "crop_parameter_set_candidate_key": "", "regional_crop_parameter_set_candidate_key": "", "crop_parameter_candidate_status": "no_crop_in_kml", "crop_parameter_candidate_comment_ru": "В СП(2).kml культура не задана для этого поля.", "sowing_date_raw": "", "calculation_ready": false, "calculation_blockers_json": [ ], "geometry_hash_sha256": "f08da61b5c013b2bf4890f538de93067858ca9410699e4de266fb934c15e8615", "source_attributes_json": { "area_": "110.34", "fid": "99", "kml_name": "5.3" }, "rectangle_area_ha": 139.12703331135469, "rectangle_angle_deg": 120.0880649245708, "rectangle_width_m": 1166.2105926908553, "rectangle_height_m": 1192.9837902633008, "rectangle_crs": "EPSG:32637" }, "geometry": { "type": "Polygon", "coordinates": [ [ [ 38.753321481284168, 54.016269995920574 ], [ 38.769104677749979, 54.010925855192653 ], [ 38.777977978497894, 54.020012009652859 ], [ 38.762192472553785, 54.025357304633566 ], [ 38.753321481284168, 54.016269995920574 ] ] ] } },
{ "type": "Feature", "properties": { "dataset_code": "SP", "source_file": "СП(2).kml", "placemark_index": 49, "organization_code": "SP", "organization_name_raw": "СП / Спасское", "farm_name_raw": "", "region_name_raw": "", "district_name_raw": "", "field_external_key": "SP:5.14", "field_code_raw": "5.14", "field_name_raw": "5.14", "field_code_unique_status": "unique", "source_fid": "100", "declared_area_ha": 27.63, "geometry_area_ha": 27.630602, "area_diff_ha": 0.000602, "area_diff_pct": 0.002178, "area_quality_status": "ok", "geometry_type": "Polygon", "polygon_count": 1, "inner_ring_count": 0, "geometry_valid": true, "geometry_validity_reason": "Valid Geometry", "centroid_lon": 38.735259204999998, "centroid_lat": 53.980856058999997, "representative_lon": 38.735110933000001, "representative_lat": 53.981051981999997, "centroid_within_geometry": true, "weather_point_lon_candidate": 38.735259204999998, "weather_point_lat_candidate": 53.980856058999997, "active_2026_candidate": false, "active_reason": "sp_no_irrigation_2026_flag_not_active", "season_year_candidate": null, "crop_raw": "", "crop_code_candidate": "", "crop_parameter_set_candidate_key": "", "regional_crop_parameter_set_candidate_key": "", "crop_parameter_candidate_status": "no_crop_in_kml", "crop_parameter_candidate_comment_ru": "В СП(2).kml культура не задана для этого поля.", "sowing_date_raw": "", "calculation_ready": false, "calculation_blockers_json": [ ], "geometry_hash_sha256": "0cc3b854563fc84a48432a8f30c38b39c34b6cea5b97d1c704532a83b60b5125", "source_attributes_json": { "area_": "27.63", "fid": "100", "kml_name": "5.14" }, "rectangle_area_ha": 36.364634513168205, "rectangle_angle_deg": 91.550250267036574, "rectangle_width_m": 426.13779103104025, "rectangle_height_m": 853.3538981648162, "rectangle_crs": "EPSG:32637" }, "geometry": { "type": "Polygon", "coordinates": [ [ [ 38.741617046442002, 53.979170879999003 ], [ 38.741769155065974, 53.982999920354651 ], [ 38.728759558136858, 53.983178763108754 ], [ 38.72860864198195, 53.979349707859271 ], [ 38.741617046442002, 53.979170879999003 ] ] ] } },
{ "type": "Feature", "properties": { "dataset_code": "SP", "source_file": "СП(2).kml", "placemark_index": 50, "organization_code": "SP", "organization_name_raw": "СП / Спасское", "farm_name_raw": "", "region_name_raw": "", "district_name_raw": "", "field_external_key": "SP:5.8", "field_code_raw": "5.8", "field_name_raw": "5.8", "field_code_unique_status": "unique", "source_fid": "101", "declared_area_ha": 35.78, "geometry_area_ha": 35.778677, "area_diff_ha": -0.001323, "area_diff_pct": -0.003696, "area_quality_status": "ok", "geometry_type": "Polygon", "polygon_count": 1, "inner_ring_count": 0, "geometry_valid": true, "geometry_validity_reason": "Valid Geometry", "centroid_lon": 38.725027771000001, "centroid_lat": 53.984682200999998, "representative_lon": 38.725721229000001, "representative_lat": 53.985214895, "centroid_within_geometry": true, "weather_point_lon_candidate": 38.725027771000001, "weather_point_lat_candidate": 53.984682200999998, "active_2026_candidate": false, "active_reason": "sp_no_irrigation_2026_flag_not_active", "season_year_candidate": null, "crop_raw": "", "crop_code_candidate": "", "crop_parameter_set_candidate_key": "", "regional_crop_parameter_set_candidate_key": "", "crop_parameter_candidate_status": "no_crop_in_kml", "crop_parameter_candidate_comment_ru": "В СП(2).kml культура не задана для этого поля.", "sowing_date_raw": "", "calculation_ready": false, "calculation_blockers_json": [ ], "geometry_hash_sha256": "73e8243a866938a107bd058a2ab7e14919ba2bee73eaf36bd0e411f9e717c270", "source_attributes_json": { "area_": "35.78", "fid": "101", "kml_name": "5.8" }, "rectangle_area_ha": 48.109202777702073, "rectangle_angle_deg": 55.599064460452723, "rectangle_width_m": 520.91568579897285, "rectangle_height_m": 923.55066451709718, "rectangle_crs": "EPSG:32637" }, "geometry": { "type": "Polygon", "coordinates": [ [ [ 38.717192429600267, 53.984082583522977 ], [ 38.72170625797299, 53.980230000064019 ], [ 38.73329585449283, 53.98494609594902 ], [ 38.728782582778031, 53.98879911229902 ], [ 38.717192429600267, 53.984082583522977 ] ] ] } },
{ "type": "Feature", "properties": { "dataset_code": "SP", "source_file": "СП(2).kml", "placemark_index": 51, "organization_code": "SP", "organization_name_raw": "СП / Спасское", "farm_name_raw": "", "region_name_raw": "", "district_name_raw": "", "field_external_key": "SP:5.13", "field_code_raw": "5.13", "field_name_raw": "5.13", "field_code_unique_status": "unique", "source_fid": "102", "declared_area_ha": 82.12, "geometry_area_ha": 82.124679, "area_diff_ha": 0.004679, "area_diff_pct": 0.005698, "area_quality_status": "ok", "geometry_type": "Polygon", "polygon_count": 1, "inner_ring_count": 0, "geometry_valid": true, "geometry_validity_reason": "Valid Geometry", "centroid_lon": 38.75394009, "centroid_lat": 53.982177121, "representative_lon": 38.753535653, "representative_lat": 53.981954926999997, "centroid_within_geometry": true, "weather_point_lon_candidate": 38.75394009, "weather_point_lat_candidate": 53.982177121, "active_2026_candidate": false, "active_reason": "sp_no_irrigation_2026_flag_not_active", "season_year_candidate": null, "crop_raw": "", "crop_code_candidate": "", "crop_parameter_set_candidate_key": "", "regional_crop_parameter_set_candidate_key": "", "crop_parameter_candidate_status": "no_crop_in_kml", "crop_parameter_candidate_comment_ru": "В СП(2).kml культура не задана для этого поля.", "sowing_date_raw": "", "calculation_ready": false, "calculation_blockers_json": [ ], "geometry_hash_sha256": "131c484874ab03e805d262758517eeee6475c347871ceb86bd22e07987c8f5c1", "source_attributes_json": { "area_": "82.12", "fid": "102", "kml_name": "5.13" }, "rectangle_area_ha": 105.62039688847459, "rectangle_angle_deg": 85.359426493902333, "rectangle_width_m": 728.79952700715512, "rectangle_height_m": 1449.2379999505356, "rectangle_crs": "EPSG:32637" }, "geometry": { "type": "Polygon", "coordinates": [ [ [ 38.742517036008003, 53.984385000850203 ], [ 38.743456332126222, 53.977858052111202 ], [ 38.765475107718743, 53.978956880698377 ], [ 38.764539228231804, 53.985484003733184 ], [ 38.742517036008003, 53.984385000850203 ] ] ] } },
{ "type": "Feature", "properties": { "dataset_code": "SP", "source_file": "СП(2).kml", "placemark_index": 52, "organization_code": "SP", "organization_name_raw": "СП / Спасское", "farm_name_raw": "", "region_name_raw": "", "district_name_raw": "", "field_external_key": "SP:6.17", "field_code_raw": "6.17", "field_name_raw": "6.17", "field_code_unique_status": "unique", "source_fid": "103", "declared_area_ha": 76.41, "geometry_area_ha": 76.406172, "area_diff_ha": -0.003828, "area_diff_pct": -0.00501, "area_quality_status": "ok", "geometry_type": "Polygon", "polygon_count": 1, "inner_ring_count": 0, "geometry_valid": true, "geometry_validity_reason": "Valid Geometry", "centroid_lon": 38.750330378000001, "centroid_lat": 54.009609286, "representative_lon": 38.75059732, "representative_lat": 54.009608358999998, "centroid_within_geometry": true, "weather_point_lon_candidate": 38.750330378000001, "weather_point_lat_candidate": 54.009609286, "active_2026_candidate": false, "active_reason": "sp_no_irrigation_2026_flag_not_active", "season_year_candidate": null, "crop_raw": "", "crop_code_candidate": "", "crop_parameter_set_candidate_key": "", "regional_crop_parameter_set_candidate_key": "", "crop_parameter_candidate_status": "no_crop_in_kml", "crop_parameter_candidate_comment_ru": "В СП(2).kml культура не задана для этого поля.", "sowing_date_raw": "", "calculation_ready": false, "calculation_blockers_json": [ ], "geometry_hash_sha256": "f19a7d6b60b812891a04a4263237121a324b6db63e1e10314c0cc812c52a4cf2", "source_attributes_json": { "area_": "76.41", "fid": "103", "kml_name": "6.17" }, "rectangle_area_ha": 96.844130644682807, "rectangle_angle_deg": 17.452484530688139, "rectangle_width_m": 975.25472521199845, "rectangle_height_m": 993.01370340585709, "rectangle_crs": "EPSG:32637" }, "geometry": { "type": "Polygon", "coordinates": [ [ [ 38.759608341041968, 54.012601181413878 ], [ 38.745394909682858, 54.015200828882868 ], [ 38.740902771439053, 54.006676955014306 ], [ 38.755113575142666, 54.004077832157002 ], [ 38.759608341041968, 54.012601181413878 ] ] ] } },
{ "type": "Feature", "properties": { "dataset_code": "SP", "source_file": "СП(2).kml", "placemark_index": 53, "organization_code": "SP", "organization_name_raw": "СП / Спасское", "farm_name_raw": "", "region_name_raw": "", "district_name_raw": "", "field_external_key": "SP:6.16", "field_code_raw": "6.16", "field_name_raw": "6.16", "field_code_unique_status": "unique", "source_fid": "105", "declared_area_ha": 31.17, "geometry_area_ha": 31.172846, "area_diff_ha": 0.002846, "area_diff_pct": 0.009131, "area_quality_status": "ok", "geometry_type": "Polygon", "polygon_count": 1, "inner_ring_count": 0, "geometry_valid": true, "geometry_validity_reason": "Valid Geometry", "centroid_lon": 38.761179313, "centroid_lat": 54.008124543000001, "representative_lon": 38.760471895000002, "representative_lat": 54.007515444, "centroid_within_geometry": true, "weather_point_lon_candidate": 38.761179313, "weather_point_lat_candidate": 54.008124543000001, "active_2026_candidate": false, "active_reason": "sp_no_irrigation_2026_flag_not_active", "season_year_candidate": null, "crop_raw": "", "crop_code_candidate": "", "crop_parameter_set_candidate_key": "", "regional_crop_parameter_set_candidate_key": "", "crop_parameter_candidate_status": "no_crop_in_kml", "crop_parameter_candidate_comment_ru": "В СП(2).kml культура не задана для этого поля.", "sowing_date_raw": "", "calculation_ready": false, "calculation_blockers_json": [ ], "geometry_hash_sha256": "920c559da37bbd4287611ae4a02132c9d14c3369e2b518325ca66b69a7bff441", "source_attributes_json": { "area_": "31.17", "fid": "105", "kml_name": "6.16" }, "rectangle_area_ha": 40.59697176748314, "rectangle_angle_deg": 29.897564087980072, "rectangle_width_m": 449.30869863182306, "rectangle_height_m": 903.54297370836139, "rectangle_crs": "EPSG:32637" }, "geometry": { "type": "Polygon", "coordinates": [ [ [ 38.767060278217748, 54.010803435575284 ], [ 38.761104980271597, 54.012804669565035 ], [ 38.754273704126206, 54.005750678154406 ], [ 38.76022832072173, 54.003749779486434 ], [ 38.767060278217748, 54.010803435575284 ] ] ] } },
{ "type": "Feature", "properties": { "dataset_code": "SP", "source_file": "СП(2).kml", "placemark_index": 54, "organization_code": "SP", "organization_name_raw": "СП / Спасское", "farm_name_raw": "", "region_name_raw": "", "district_name_raw": "", "field_external_key": "SP:6.1", "field_code_raw": "6.1", "field_name_raw": "6.1", "field_code_unique_status": "unique", "source_fid": "108", "declared_area_ha": 86.36, "geometry_area_ha": 86.358092, "area_diff_ha": -0.001908, "area_diff_pct": -0.00221, "area_quality_status": "ok", "geometry_type": "Polygon", "polygon_count": 1, "inner_ring_count": 0, "geometry_valid": true, "geometry_validity_reason": "Valid Geometry", "centroid_lon": 38.813082014000003, "centroid_lat": 54.002435999, "representative_lon": 38.812810559, "representative_lat": 54.002508313, "centroid_within_geometry": true, "weather_point_lon_candidate": 38.813082014000003, "weather_point_lat_candidate": 54.002435999, "active_2026_candidate": true, "active_reason": "sp_irrigation_2026_flag_1", "season_year_candidate": null, "crop_raw": "картофель среднеспелый", "crop_code_candidate": "potato", "crop_parameter_set_candidate_key": "aquacrop_v7_3_reference_potato", "regional_crop_parameter_set_candidate_key": "aquacrop_v7_3_regional_potato_tula_oblast", "crop_parameter_candidate_status": "reference_selected_region_needs_confirmation", "crop_parameter_candidate_comment_ru": "В СП(2).kml регион не указан. Для безопасной первичной загрузки выбран reference potato; региональный набор potato_tula_oblast указан как кандидат и требует подтверждения, что СП относится к Тульской области/соответствующему региональному сценарию.", "sowing_date_raw": "", "calculation_ready": false, "calculation_blockers_json": [ "missing_sowing_date", "missing_soil_profile" ], "geometry_hash_sha256": "856bcbe4703f51ea84f05839706808396a708a17a6bb72f9ed246e668a39812a", "source_attributes_json": { "area_": "86.36", "crop": "картофель среднеспелый", "fid": "108", "kml_name": "6.1", "полив в 2026 году": "1" }, "rectangle_area_ha": 120.35083556074989, "rectangle_angle_deg": 91.169930978898435, "rectangle_width_m": 876.33380381762981, "rectangle_height_m": 1373.3446665694937, "rectangle_crs": "EPSG:32637" }, "geometry": { "type": "Polygon", "coordinates": [ [ [ 38.823452930874033, 53.998495398866012 ], [ 38.823692610432076, 54.006370532724837 ], [ 38.802741460140119, 54.006590007230386 ], [ 38.802505733871882, 53.998714835487775 ], [ 38.823452930874033, 53.998495398866012 ] ] ] } },
{ "type": "Feature", "properties": { "dataset_code": "SP", "source_file": "СП(2).kml", "placemark_index": 55, "organization_code": "SP", "organization_name_raw": "СП / Спасское", "farm_name_raw": "", "region_name_raw": "", "district_name_raw": "", "field_external_key": "SP:6.2", "field_code_raw": "6.2", "field_name_raw": "6.2", "field_code_unique_status": "unique", "source_fid": "111", "declared_area_ha": 77.11, "geometry_area_ha": 77.112898, "area_diff_ha": 0.002898, "area_diff_pct": 0.003759, "area_quality_status": "ok", "geometry_type": "Polygon", "polygon_count": 1, "inner_ring_count": 0, "geometry_valid": true, "geometry_validity_reason": "Valid Geometry", "centroid_lon": 38.815226251, "centroid_lat": 53.996130622000003, "representative_lon": 38.815976626000001, "representative_lat": 53.99536451, "centroid_within_geometry": true, "weather_point_lon_candidate": 38.815226251, "weather_point_lat_candidate": 53.996130622000003, "active_2026_candidate": true, "active_reason": "sp_irrigation_2026_flag_1", "season_year_candidate": null, "crop_raw": "картофель среднеспелый", "crop_code_candidate": "potato", "crop_parameter_set_candidate_key": "aquacrop_v7_3_reference_potato", "regional_crop_parameter_set_candidate_key": "aquacrop_v7_3_regional_potato_tula_oblast", "crop_parameter_candidate_status": "reference_selected_region_needs_confirmation", "crop_parameter_candidate_comment_ru": "В СП(2).kml регион не указан. Для безопасной первичной загрузки выбран reference potato; региональный набор potato_tula_oblast указан как кандидат и требует подтверждения, что СП относится к Тульской области/соответствующему региональному сценарию.", "sowing_date_raw": "", "calculation_ready": false, "calculation_blockers_json": [ "missing_sowing_date", "missing_soil_profile" ], "geometry_hash_sha256": "30e724ec4c878555ea5df6e56eab779db0e035d988c3aa8dbba6dbcd539edde0", "source_attributes_json": { "area_": "77.11", "crop": "картофель среднеспелый", "fid": "111", "kml_name": "6.2", "полив в 2026 году": "1" }, "rectangle_area_ha": 100.79786326706439, "rectangle_angle_deg": 122.42420776140779, "rectangle_width_m": 713.17818564176559, "rectangle_height_m": 1413.3615595148876, "rectangle_crs": "EPSG:32637" }, "geometry": { "type": "Polygon", "coordinates": [ [ [ 38.821869876032494, 53.990479293594994 ], [ 38.827679849280543, 53.99589845628924 ], [ 38.80945034530346, 54.002682186508956 ], [ 38.803641799300387, 53.997262150151677 ], [ 38.821869876032494, 53.990479293594994 ] ] ] } },
{ "type": "Feature", "properties": { "dataset_code": "SP", "source_file": "СП(2).kml", "placemark_index": 56, "organization_code": "SP", "organization_name_raw": "СП / Спасское", "farm_name_raw": "", "region_name_raw": "", "district_name_raw": "", "field_external_key": "SP:6.3", "field_code_raw": "6.3", "field_name_raw": "6.3", "field_code_unique_status": "unique", "source_fid": "117", "declared_area_ha": 129.97, "geometry_area_ha": 129.971256, "area_diff_ha": 0.001256, "area_diff_pct": 0.000966, "area_quality_status": "ok", "geometry_type": "Polygon", "polygon_count": 1, "inner_ring_count": 0, "geometry_valid": true, "geometry_validity_reason": "Valid Geometry", "centroid_lon": 38.798680949000001, "centroid_lat": 53.99206837, "representative_lon": 38.798694198, "representative_lat": 53.992086417000003, "centroid_within_geometry": true, "weather_point_lon_candidate": 38.798680949000001, "weather_point_lat_candidate": 53.99206837, "active_2026_candidate": true, "active_reason": "sp_irrigation_2026_flag_1", "season_year_candidate": null, "crop_raw": "картофель среднеспелый", "crop_code_candidate": "potato", "crop_parameter_set_candidate_key": "aquacrop_v7_3_reference_potato", "regional_crop_parameter_set_candidate_key": "aquacrop_v7_3_regional_potato_tula_oblast", "crop_parameter_candidate_status": "reference_selected_region_needs_confirmation", "crop_parameter_candidate_comment_ru": "В СП(2).kml регион не указан. Для безопасной первичной загрузки выбран reference potato; региональный набор potato_tula_oblast указан как кандидат и требует подтверждения, что СП относится к Тульской области/соответствующему региональному сценарию.", "sowing_date_raw": "", "calculation_ready": false, "calculation_blockers_json": [ "missing_sowing_date", "missing_soil_profile" ], "geometry_hash_sha256": "415fca5be49447dd82635d74c459dc5b51e1482c9f934e1aff7a15e5d40a7b55", "source_attributes_json": { "area_": "129.97", "crop": "картофель среднеспелый", "fid": "117", "kml_name": "6.3", "полив в 2026 году": "1" }, "rectangle_area_ha": 163.70588287682392, "rectangle_angle_deg": 82.149292501842069, "rectangle_width_m": 1266.0482214465737, "rectangle_height_m": 1293.0461897397181, "rectangle_crs": "EPSG:32637" }, "geometry": { "type": "Polygon", "coordinates": [ [ [ 38.807083143197062, 53.998584192748496 ], [ 38.787550663373587, 53.996963806718902 ], [ 38.790245306372697, 53.985696015486077 ], [ 38.809772620273847, 53.987315962576787 ], [ 38.807083143197062, 53.998584192748496 ] ] ] } },
{ "type": "Feature", "properties": { "dataset_code": "SP", "source_file": "СП(2).kml", "placemark_index": 57, "organization_code": "SP", "organization_name_raw": "СП / Спасское", "farm_name_raw": "", "region_name_raw": "", "district_name_raw": "", "field_external_key": "SP:6.4", "field_code_raw": "6.4", "field_name_raw": "6.4", "field_code_unique_status": "unique", "source_fid": "118", "declared_area_ha": 43.58, "geometry_area_ha": 43.58141, "area_diff_ha": 0.00141, "area_diff_pct": 0.003236, "area_quality_status": "ok", "geometry_type": "Polygon", "polygon_count": 1, "inner_ring_count": 0, "geometry_valid": true, "geometry_validity_reason": "Valid Geometry", "centroid_lon": 38.83872748, "centroid_lat": 53.988656643, "representative_lon": 38.838795792, "representative_lat": 53.988307630999998, "centroid_within_geometry": true, "weather_point_lon_candidate": 38.83872748, "weather_point_lat_candidate": 53.988656643, "active_2026_candidate": true, "active_reason": "sp_irrigation_2026_flag_1", "season_year_candidate": null, "crop_raw": "картофель среднеспелый", "crop_code_candidate": "potato", "crop_parameter_set_candidate_key": "aquacrop_v7_3_reference_potato", "regional_crop_parameter_set_candidate_key": "aquacrop_v7_3_regional_potato_tula_oblast", "crop_parameter_candidate_status": "reference_selected_region_needs_confirmation", "crop_parameter_candidate_comment_ru": "В СП(2).kml регион не указан. Для безопасной первичной загрузки выбран reference potato; региональный набор potato_tula_oblast указан как кандидат и требует подтверждения, что СП относится к Тульской области/соответствующему региональному сценарию.", "sowing_date_raw": "", "calculation_ready": false, "calculation_blockers_json": [ "missing_sowing_date", "missing_soil_profile" ], "geometry_hash_sha256": "b147e0995ca3aeb6fe2aa420cc4664846509470f007805965c138a9302692426", "source_attributes_json": { "area_": "43.58", "crop": "картофель среднеспелый", "fid": "118", "kml_name": "6.4", "полив в 2026 году": "1" }, "rectangle_area_ha": 58.286601571716275, "rectangle_angle_deg": 124.7814527698747, "rectangle_width_m": 546.64624413952697, "rectangle_height_m": 1066.258155005984, "rectangle_crs": "EPSG:32637" }, "geometry": { "type": "Polygon", "coordinates": [ [ [ 38.843466336702178, 53.984111114674178 ], [ 38.848207049218388, 53.98815259630269 ], [ 38.83482907869552, 53.993601823435363 ], [ 38.830089044845103, 53.989559818363404 ], [ 38.843466336702178, 53.984111114674178 ] ] ] } },
{ "type": "Feature", "properties": { "dataset_code": "SP", "source_file": "СП(2).kml", "placemark_index": 58, "organization_code": "SP", "organization_name_raw": "СП / Спасское", "farm_name_raw": "", "region_name_raw": "", "district_name_raw": "", "field_external_key": "SP:6.5", "field_code_raw": "6.5", "field_name_raw": "6.5", "field_code_unique_status": "unique", "source_fid": "119", "declared_area_ha": 24.55, "geometry_area_ha": 24.554955, "area_diff_ha": 0.004955, "area_diff_pct": 0.020184, "area_quality_status": "ok", "geometry_type": "Polygon", "polygon_count": 1, "inner_ring_count": 0, "geometry_valid": true, "geometry_validity_reason": "Valid Geometry", "centroid_lon": 38.850526917000003, "centroid_lat": 53.984555137999997, "representative_lon": 38.850244329, "representative_lat": 53.984385904, "centroid_within_geometry": true, "weather_point_lon_candidate": 38.850526917000003, "weather_point_lat_candidate": 53.984555137999997, "active_2026_candidate": true, "active_reason": "sp_irrigation_2026_flag_1", "season_year_candidate": null, "crop_raw": "картофель среднеспелый", "crop_code_candidate": "potato", "crop_parameter_set_candidate_key": "aquacrop_v7_3_reference_potato", "regional_crop_parameter_set_candidate_key": "aquacrop_v7_3_regional_potato_tula_oblast", "crop_parameter_candidate_status": "reference_selected_region_needs_confirmation", "crop_parameter_candidate_comment_ru": "В СП(2).kml регион не указан. Для безопасной первичной загрузки выбран reference potato; региональный набор potato_tula_oblast указан как кандидат и требует подтверждения, что СП относится к Тульской области/соответствующему региональному сценарию.", "sowing_date_raw": "", "calculation_ready": false, "calculation_blockers_json": [ "missing_sowing_date", "missing_soil_profile" ], "geometry_hash_sha256": "e6d222b9f72cc21e3dfe6254c2f9f74fb3add84355993184f95d6c5f9bf4a641", "source_attributes_json": { "area_": "24.55", "crop": "картофель среднеспелый", "fid": "119", "kml_name": "6.5", "полив в 2026 году": "1" }, "rectangle_area_ha": 30.337275442496779, "rectangle_angle_deg": 114.01996208991477, "rectangle_width_m": 394.35676324274391, "rectangle_height_m": 769.28502995707095, "rectangle_crs": "EPSG:32637" }, "geometry": { "type": "Polygon", "coordinates": [ [ [ 38.854783603163199, 53.981733460742277 ], [ 38.857220361428823, 53.984973902502226 ], [ 38.84649426434494, 53.987775178705022 ], [ 38.84405817597694, 53.984534521473925 ], [ 38.854783603163199, 53.981733460742277 ] ] ] } },
{ "type": "Feature", "properties": { "dataset_code": "SP", "source_file": "СП(2).kml", "placemark_index": 59, "organization_code": "SP", "organization_name_raw": "СП / Спасское", "farm_name_raw": "", "region_name_raw": "", "district_name_raw": "", "field_external_key": "SP:6.9", "field_code_raw": "6.9", "field_name_raw": "6.9", "field_code_unique_status": "unique", "source_fid": "123", "declared_area_ha": 109.76, "geometry_area_ha": 109.764184, "area_diff_ha": 0.004184, "area_diff_pct": 0.003812, "area_quality_status": "ok", "geometry_type": "Polygon", "polygon_count": 1, "inner_ring_count": 0, "geometry_valid": true, "geometry_validity_reason": "Valid Geometry", "centroid_lon": 38.828045437, "centroid_lat": 53.982400393, "representative_lon": 38.827685013, "representative_lat": 53.982514144, "centroid_within_geometry": true, "weather_point_lon_candidate": 38.828045437, "weather_point_lat_candidate": 53.982400393, "active_2026_candidate": false, "active_reason": "sp_no_irrigation_2026_flag_not_active", "season_year_candidate": null, "crop_raw": "", "crop_code_candidate": "", "crop_parameter_set_candidate_key": "", "regional_crop_parameter_set_candidate_key": "", "crop_parameter_candidate_status": "no_crop_in_kml", "crop_parameter_candidate_comment_ru": "В СП(2).kml культура не задана для этого поля.", "sowing_date_raw": "", "calculation_ready": false, "calculation_blockers_json": [ ], "geometry_hash_sha256": "be958cf385d2cad12f793f9f3799bb048497fcb59005ae1df6731ba6a7f3deef", "source_attributes_json": { "area_": "109.76", "fid": "123", "kml_name": "6.9" }, "rectangle_area_ha": 148.91773790037499, "rectangle_angle_deg": 4.965242279678364, "rectangle_width_m": 1207.4462403906509, "rectangle_height_m": 1233.3281012345105, "rectangle_crs": "EPSG:32637" }, "geometry": { "type": "Polygon", "coordinates": [ [ [ 38.837659452673357, 53.987717984718067 ], [ 38.819309638357247, 53.988631095231973 ], [ 38.817729826440399, 53.977585208385804 ], [ 38.836074820287116, 53.976672334066023 ], [ 38.837659452673357, 53.987717984718067 ] ] ] } },
{ "type": "Feature", "properties": { "dataset_code": "SP", "source_file": "СП(2).kml", "placemark_index": 60, "organization_code": "SP", "organization_name_raw": "СП / Спасское", "farm_name_raw": "", "region_name_raw": "", "district_name_raw": "", "field_external_key": "SP:6.6", "field_code_raw": "6.6", "field_name_raw": "6.6", "field_code_unique_status": "unique", "source_fid": "124", "declared_area_ha": 46.88, "geometry_area_ha": 46.881445, "area_diff_ha": 0.001445, "area_diff_pct": 0.003082, "area_quality_status": "ok", "geometry_type": "Polygon", "polygon_count": 1, "inner_ring_count": 0, "geometry_valid": true, "geometry_validity_reason": "Valid Geometry", "centroid_lon": 38.794481288999997, "centroid_lat": 53.975095752999998, "representative_lon": 38.795280241, "representative_lat": 53.974538713000001, "centroid_within_geometry": true, "weather_point_lon_candidate": 38.794481288999997, "weather_point_lat_candidate": 53.975095752999998, "active_2026_candidate": true, "active_reason": "sp_irrigation_2026_flag_1", "season_year_candidate": null, "crop_raw": "картофель среднеспелый", "crop_code_candidate": "potato", "crop_parameter_set_candidate_key": "aquacrop_v7_3_reference_potato", "regional_crop_parameter_set_candidate_key": "aquacrop_v7_3_regional_potato_tula_oblast", "crop_parameter_candidate_status": "reference_selected_region_needs_confirmation", "crop_parameter_candidate_comment_ru": "В СП(2).kml регион не указан. Для безопасной первичной загрузки выбран reference potato; региональный набор potato_tula_oblast указан как кандидат и требует подтверждения, что СП относится к Тульской области/соответствующему региональному сценарию.", "sowing_date_raw": "", "calculation_ready": false, "calculation_blockers_json": [ "missing_sowing_date", "missing_soil_profile" ], "geometry_hash_sha256": "c40c4eadda5f1d89f9ed3697fbb5130a99ca473619d506b5118369636f1d0641", "source_attributes_json": { "area_": "46.88", "crop": "картофель среднеспелый", "fid": "124", "kml_name": "6.6", "полив в 2026 году": "1" }, "rectangle_area_ha": 66.022695978434683, "rectangle_angle_deg": 73.19231677783182, "rectangle_width_m": 651.32710394822061, "rectangle_height_m": 1013.6641877517104, "rectangle_crs": "EPSG:32637" }, "geometry": { "type": "Polygon", "coordinates": [ [ [ 38.803314307539807, 53.973742513230675 ], [ 38.800416136781799, 53.979341759680246 ], [ 38.785633609458827, 53.976681825481812 ], [ 38.788533575477715, 53.971082934759458 ], [ 38.803314307539807, 53.973742513230675 ] ] ] } },
{ "type": "Feature", "properties": { "dataset_code": "SP", "source_file": "СП(2).kml", "placemark_index": 61, "organization_code": "SP", "organization_name_raw": "СП / Спасское", "farm_name_raw": "", "region_name_raw": "", "district_name_raw": "", "field_external_key": "SP:6.7", "field_code_raw": "6.7", "field_name_raw": "6.7", "field_code_unique_status": "unique", "source_fid": "125", "declared_area_ha": 81.55, "geometry_area_ha": 81.551455, "area_diff_ha": 0.001455, "area_diff_pct": 0.001784, "area_quality_status": "ok", "geometry_type": "Polygon", "polygon_count": 1, "inner_ring_count": 0, "geometry_valid": true, "geometry_validity_reason": "Valid Geometry", "centroid_lon": 38.799823404999998, "centroid_lat": 53.980775522999998, "representative_lon": 38.799268517000002, "representative_lat": 53.981091721, "centroid_within_geometry": true, "weather_point_lon_candidate": 38.799823404999998, "weather_point_lat_candidate": 53.980775522999998, "active_2026_candidate": true, "active_reason": "sp_irrigation_2026_flag_1", "season_year_candidate": null, "crop_raw": "картофель среднеспелый", "crop_code_candidate": "potato", "crop_parameter_set_candidate_key": "aquacrop_v7_3_reference_potato", "regional_crop_parameter_set_candidate_key": "aquacrop_v7_3_regional_potato_tula_oblast", "crop_parameter_candidate_status": "reference_selected_region_needs_confirmation", "crop_parameter_candidate_comment_ru": "В СП(2).kml регион не указан. Для безопасной первичной загрузки выбран reference potato; региональный набор potato_tula_oblast указан как кандидат и требует подтверждения, что СП относится к Тульской области/соответствующему региональному сценарию.", "sowing_date_raw": "", "calculation_ready": false, "calculation_blockers_json": [ "missing_sowing_date", "missing_soil_profile" ], "geometry_hash_sha256": "692ce36401d846c7711a28b0feabf6ab2c5ded90d0c81842d8f53389485a656f", "source_attributes_json": { "area_": "81.55", "crop": "картофель среднеспелый", "fid": "125", "kml_name": "6.7", "полив в 2026 году": "1" }, "rectangle_area_ha": 105.54264092665068, "rectangle_angle_deg": 94.517915663635108, "rectangle_width_m": 726.27576653065626, "rectangle_height_m": 1453.20339450147, "rectangle_crs": "EPSG:32637" }, "geometry": { "type": "Polygon", "coordinates": [ [ [ 38.789296052119035, 53.984988988815005 ], [ 38.788456579998467, 53.978480057328689 ], [ 38.810550387289119, 53.977488064299024 ], [ 38.811393284636097, 53.983996845234763 ], [ 38.789296052119035, 53.984988988815005 ] ] ] } },
{ "type": "Feature", "properties": { "dataset_code": "SP", "source_file": "СП(2).kml", "placemark_index": 62, "organization_code": "SP", "organization_name_raw": "СП / Спасское", "farm_name_raw": "", "region_name_raw": "", "district_name_raw": "", "field_external_key": "SP:6.8", "field_code_raw": "6.8", "field_name_raw": "6.8", "field_code_unique_status": "unique", "source_fid": "127", "declared_area_ha": 67.19, "geometry_area_ha": 67.193199, "area_diff_ha": 0.003199, "area_diff_pct": 0.004761, "area_quality_status": "ok", "geometry_type": "Polygon", "polygon_count": 1, "inner_ring_count": 0, "geometry_valid": true, "geometry_validity_reason": "Valid Geometry", "centroid_lon": 38.814062405000001, "centroid_lat": 53.983588331999997, "representative_lon": 38.813237807999997, "representative_lat": 53.98334235, "centroid_within_geometry": true, "weather_point_lon_candidate": 38.814062405000001, "weather_point_lat_candidate": 53.983588331999997, "active_2026_candidate": false, "active_reason": "sp_no_irrigation_2026_flag_not_active", "season_year_candidate": null, "crop_raw": "", "crop_code_candidate": "", "crop_parameter_set_candidate_key": "", "regional_crop_parameter_set_candidate_key": "", "crop_parameter_candidate_status": "no_crop_in_kml", "crop_parameter_candidate_comment_ru": "В СП(2).kml культура не задана для этого поля.", "sowing_date_raw": "", "calculation_ready": false, "calculation_blockers_json": [ ], "geometry_hash_sha256": "6bf47222fd6281999fe96f66e2fb5bebfa5f66a9c55de25d19954bd37b5c9c0e", "source_attributes_json": { "area_": "67.19", "fid": "127", "kml_name": "6.8" }, "rectangle_area_ha": 86.260104962991335, "rectangle_angle_deg": 9.3651544198353349, "rectangle_width_m": 656.73555872682482, "rectangle_height_m": 1313.4678611010313, "rectangle_crs": "EPSG:32637" }, "geometry": { "type": "Polygon", "coordinates": [ [ [ 38.819824254077488, 53.988988874982518 ], [ 38.809937161985765, 53.989934170272178 ], [ 38.80673122857764, 53.978281015851429 ], [ 38.816615632756708, 53.977335980318308 ], [ 38.819824254077488, 53.988988874982518 ] ] ] } },
{ "type": "Feature", "properties": { "dataset_code": "SP", "source_file": "СП(2).kml", "placemark_index": 63, "organization_code": "SP", "organization_name_raw": "СП / Спасское", "farm_name_raw": "", "region_name_raw": "", "district_name_raw": "", "field_external_key": "SP:6.10", "field_code_raw": "6.10", "field_name_raw": "6.10", "field_code_unique_status": "unique", "source_fid": "130", "declared_area_ha": 67.47, "geometry_area_ha": 67.468121, "area_diff_ha": -0.001879, "area_diff_pct": -0.002785, "area_quality_status": "ok", "geometry_type": "Polygon", "polygon_count": 1, "inner_ring_count": 0, "geometry_valid": true, "geometry_validity_reason": "Valid Geometry", "centroid_lon": 38.843637921000003, "centroid_lat": 53.978956834000002, "representative_lon": 38.843506165999997, "representative_lat": 53.978887700999998, "centroid_within_geometry": true, "weather_point_lon_candidate": 38.843637921000003, "weather_point_lat_candidate": 53.978956834000002, "active_2026_candidate": false, "active_reason": "sp_no_irrigation_2026_flag_not_active", "season_year_candidate": null, "crop_raw": "", "crop_code_candidate": "", "crop_parameter_set_candidate_key": "", "regional_crop_parameter_set_candidate_key": "", "crop_parameter_candidate_status": "no_crop_in_kml", "crop_parameter_candidate_comment_ru": "В СП(2).kml культура не задана для этого поля.", "sowing_date_raw": "", "calculation_ready": false, "calculation_blockers_json": [ ], "geometry_hash_sha256": "9cd77c339f171f05f20dbe156baab2d53ba249a135314859f60e04d91e7f31bc", "source_attributes_json": { "area_": "67.47", "fid": "130", "kml_name": "6.10" }, "rectangle_area_ha": 85.012410975015285, "rectangle_angle_deg": 17.725174247450127, "rectangle_width_m": 910.71705927955918, "rectangle_height_m": 933.46676784846932, "rectangle_crs": "EPSG:32637" }, "geometry": { "type": "Polygon", "coordinates": [ [ [ 38.852315797575905, 53.981748242769591 ], [ 38.839078018899137, 53.984223330226051 ], [ 38.834775718615795, 53.976225821968761 ], [ 38.848011215390287, 53.973751203609453 ], [ 38.852315797575905, 53.981748242769591 ] ] ] } },
{ "type": "Feature", "properties": { "dataset_code": "SP", "source_file": "СП(2).kml", "placemark_index": 64, "organization_code": "SP", "organization_name_raw": "СП / Спасское", "farm_name_raw": "", "region_name_raw": "", "district_name_raw": "", "field_external_key": "SP:6.11", "field_code_raw": "6.11", "field_name_raw": "6.11", "field_code_unique_status": "unique", "source_fid": "131", "declared_area_ha": 44.5, "geometry_area_ha": 44.495401, "area_diff_ha": -0.004599, "area_diff_pct": -0.010335, "area_quality_status": "ok", "geometry_type": "Polygon", "polygon_count": 1, "inner_ring_count": 0, "geometry_valid": true, "geometry_validity_reason": "Valid Geometry", "centroid_lon": 38.814208064, "centroid_lat": 53.973722055000003, "representative_lon": 38.813971492999997, "representative_lat": 53.973700303999998, "centroid_within_geometry": true, "weather_point_lon_candidate": 38.814208064, "weather_point_lat_candidate": 53.973722055000003, "active_2026_candidate": false, "active_reason": "sp_no_irrigation_2026_flag_not_active", "season_year_candidate": null, "crop_raw": "", "crop_code_candidate": "", "crop_parameter_set_candidate_key": "", "regional_crop_parameter_set_candidate_key": "", "crop_parameter_candidate_status": "no_crop_in_kml", "crop_parameter_candidate_comment_ru": "В СП(2).kml культура не задана для этого поля.", "sowing_date_raw": "", "calculation_ready": false, "calculation_blockers_json": [ ], "geometry_hash_sha256": "63d82e8dd45e62e75dcbb870b828e51048830289df06edecceaeee61d523b54f", "source_attributes_json": { "area_": "44.5", "fid": "131", "kml_name": "6.11" }, "rectangle_area_ha": 57.690581713915719, "rectangle_angle_deg": 113.89474979745324, "rectangle_width_m": 750.25948542449623, "rectangle_height_m": 768.94171729497612, "rectangle_crs": "EPSG:32637" }, "geometry": { "type": "Polygon", "coordinates": [ [ [ 38.817342923365004, 53.969348844304832 ], [ 38.821949382174289, 53.975521107357352 ], [ 38.81121780207625, 53.97830417307501 ], [ 38.806612624249418, 53.972131502663188 ], [ 38.817342923365004, 53.969348844304832 ] ] ] } },
{ "type": "Feature", "properties": { "dataset_code": "SP", "source_file": "СП(2).kml", "placemark_index": 65, "organization_code": "SP", "organization_name_raw": "СП / Спасское", "farm_name_raw": "", "region_name_raw": "", "district_name_raw": "", "field_external_key": "SP:6.12", "field_code_raw": "6.12", "field_name_raw": "6.12", "field_code_unique_status": "unique", "source_fid": "132", "declared_area_ha": 28.63, "geometry_area_ha": 28.631767, "area_diff_ha": 0.001767, "area_diff_pct": 0.006173, "area_quality_status": "ok", "geometry_type": "Polygon", "polygon_count": 1, "inner_ring_count": 0, "geometry_valid": true, "geometry_validity_reason": "Valid Geometry", "centroid_lon": 38.825433558, "centroid_lat": 53.973700608000001, "representative_lon": 38.825378444999998, "representative_lat": 53.973645302999998, "centroid_within_geometry": true, "weather_point_lon_candidate": 38.825433558, "weather_point_lat_candidate": 53.973700608000001, "active_2026_candidate": false, "active_reason": "sp_no_irrigation_2026_flag_not_active", "season_year_candidate": null, "crop_raw": "", "crop_code_candidate": "", "crop_parameter_set_candidate_key": "", "regional_crop_parameter_set_candidate_key": "", "crop_parameter_candidate_status": "no_crop_in_kml", "crop_parameter_candidate_comment_ru": "В СП(2).kml культура не задана для этого поля.", "sowing_date_raw": "", "calculation_ready": false, "calculation_blockers_json": [ ], "geometry_hash_sha256": "30bc38a210f73593d46d7c4ba5a4fc665f6fd71189ddb4524d9a11daf85cbe93", "source_attributes_json": { "area_": "28.63", "fid": "132", "kml_name": "6.12" }, "rectangle_area_ha": 36.721069362590072, "rectangle_angle_deg": 64.061787721833184, "rectangle_width_m": 579.61118035484105, "rectangle_height_m": 633.54660170822171, "rectangle_crs": "EPSG:32637" }, "geometry": { "type": "Polygon", "coordinates": [ [ [ 38.827772409714846, 53.977318504725126 ], [ 38.819096414070216, 53.974815063493843 ], [ 38.822981571701654, 53.970136095545975 ], [ 38.831656829468145, 53.97263925771307 ], [ 38.827772409714846, 53.977318504725126 ] ] ] } },
{ "type": "Feature", "properties": { "dataset_code": "SP", "source_file": "СП(2).kml", "placemark_index": 66, "organization_code": "SP", "organization_name_raw": "СП / Спасское", "farm_name_raw": "", "region_name_raw": "", "district_name_raw": "", "field_external_key": "SP:6.13", "field_code_raw": "6.13", "field_name_raw": "6.13", "field_code_unique_status": "unique", "source_fid": "133", "declared_area_ha": 85.05, "geometry_area_ha": 85.051118, "area_diff_ha": 0.001118, "area_diff_pct": 0.001314, "area_quality_status": "ok", "geometry_type": "Polygon", "polygon_count": 1, "inner_ring_count": 0, "geometry_valid": true, "geometry_validity_reason": "Valid Geometry", "centroid_lon": 38.802844023, "centroid_lat": 53.966209976999998, "representative_lon": 38.802712889, "representative_lat": 53.966247330999998, "centroid_within_geometry": true, "weather_point_lon_candidate": 38.802844023, "weather_point_lat_candidate": 53.966209976999998, "active_2026_candidate": false, "active_reason": "sp_no_irrigation_2026_flag_not_active", "season_year_candidate": null, "crop_raw": "", "crop_code_candidate": "", "crop_parameter_set_candidate_key": "", "regional_crop_parameter_set_candidate_key": "", "crop_parameter_candidate_status": "no_crop_in_kml", "crop_parameter_candidate_comment_ru": "В СП(2).kml культура не задана для этого поля.", "sowing_date_raw": "", "calculation_ready": false, "calculation_blockers_json": [ ], "geometry_hash_sha256": "0d6190123790f7c9883e838f758c1e01be5414169be5004053928fdb4bccd2af", "source_attributes_json": { "area_": "85.05", "fid": "133", "kml_name": "6.13" }, "rectangle_area_ha": 108.089063748105, "rectangle_angle_deg": 74.916322848717982, "rectangle_width_m": 1026.4802090358571, "rectangle_height_m": 1053.0067973705009, "rectangle_crs": "EPSG:32637" }, "geometry": { "type": "Polygon", "coordinates": [ [ [ 38.793168320487936, 53.969321980338755 ], [ 38.79728362067101, 53.960420866844466 ], [ 38.812768626872121, 53.962908913645848 ], [ 38.808656378736522, 53.971810556275649 ], [ 38.793168320487936, 53.969321980338755 ] ] ] } },
{ "type": "Feature", "properties": { "dataset_code": "SP", "source_file": "СП(2).kml", "placemark_index": 67, "organization_code": "SP", "organization_name_raw": "СП / Спасское", "farm_name_raw": "", "region_name_raw": "", "district_name_raw": "", "field_external_key": "SP:6.14", "field_code_raw": "6.14", "field_name_raw": "6.14", "field_code_unique_status": "unique", "source_fid": "135", "declared_area_ha": 67.18, "geometry_area_ha": 67.184614, "area_diff_ha": 0.004614, "area_diff_pct": 0.006868, "area_quality_status": "ok", "geometry_type": "Polygon", "polygon_count": 1, "inner_ring_count": 0, "geometry_valid": true, "geometry_validity_reason": "Valid Geometry", "centroid_lon": 38.813664099, "centroid_lat": 53.963733804, "representative_lon": 38.815178688000003, "representative_lat": 53.964140194000002, "centroid_within_geometry": true, "weather_point_lon_candidate": 38.813664099, "weather_point_lat_candidate": 53.963733804, "active_2026_candidate": false, "active_reason": "sp_no_irrigation_2026_flag_not_active", "season_year_candidate": null, "crop_raw": "", "crop_code_candidate": "", "crop_parameter_set_candidate_key": "", "regional_crop_parameter_set_candidate_key": "", "crop_parameter_candidate_status": "no_crop_in_kml", "crop_parameter_candidate_comment_ru": "В СП(2).kml культура не задана для этого поля.", "sowing_date_raw": "", "calculation_ready": false, "calculation_blockers_json": [ ], "geometry_hash_sha256": "f565b207e3456e44e048b61c021ad7d839593df2cb23798a68a1cb6c0b4508f7", "source_attributes_json": { "area_": "67.18", "fid": "135", "kml_name": "6.14" }, "rectangle_area_ha": 93.39952530279065, "rectangle_angle_deg": 16.456746686322504, "rectangle_width_m": 769.6905043432489, "rectangle_height_m": 1213.4685925804079, "rectangle_crs": "EPSG:32637" }, "geometry": { "type": "Polygon", "coordinates": [ [ [ 38.805607311453144, 53.959455713817889 ], [ 38.816866001806318, 53.957513598876211 ], [ 38.822060460697024, 53.967981240716895 ], [ 38.81079918833332, 53.969923836783316 ], [ 38.805607311453144, 53.959455713817889 ] ] ] } },
{ "type": "Feature", "properties": { "dataset_code": "SP", "source_file": "СП(2).kml", "placemark_index": 68, "organization_code": "SP", "organization_name_raw": "СП / Спасское", "farm_name_raw": "", "region_name_raw": "", "district_name_raw": "", "field_external_key": "SP:6.15", "field_code_raw": "6.15", "field_name_raw": "6.15", "field_code_unique_status": "unique", "source_fid": "138", "declared_area_ha": 108.33, "geometry_area_ha": 108.327888, "area_diff_ha": -0.002112, "area_diff_pct": -0.001949, "area_quality_status": "ok", "geometry_type": "Polygon", "polygon_count": 1, "inner_ring_count": 0, "geometry_valid": true, "geometry_validity_reason": "Valid Geometry", "centroid_lon": 38.830642101000002, "centroid_lat": 53.965728157000001, "representative_lon": 38.830494783, "representative_lat": 53.965700345999998, "centroid_within_geometry": true, "weather_point_lon_candidate": 38.830642101000002, "weather_point_lat_candidate": 53.965728157000001, "active_2026_candidate": false, "active_reason": "sp_no_irrigation_2026_flag_not_active", "season_year_candidate": null, "crop_raw": "", "crop_code_candidate": "", "crop_parameter_set_candidate_key": "", "regional_crop_parameter_set_candidate_key": "", "crop_parameter_candidate_status": "no_crop_in_kml", "crop_parameter_candidate_comment_ru": "В СП(2).kml культура не задана для этого поля.", "sowing_date_raw": "", "calculation_ready": false, "calculation_blockers_json": [ ], "geometry_hash_sha256": "299e1dc5b44e19e4120a401cade9343b28461c12ceaa3aa82dbad98867b30e53", "source_attributes_json": { "area_": "108.33", "fid": "138", "kml_name": "6.15" }, "rectangle_area_ha": 142.06788188610042, "rectangle_angle_deg": 42.004854354813347, "rectangle_width_m": 1190.5522933729808, "rectangle_height_m": 1193.2939248187467, "rectangle_crs": "EPSG:32637" }, "geometry": { "type": "Polygon", "coordinates": [ [ [ 38.817684156178196, 53.965373948830681 ], [ 38.831198275967047, 53.958232875058847 ], [ 38.84333847691385, 53.966219166136341 ], [ 38.829823842874475, 53.973361595340116 ], [ 38.817684156178196, 53.965373948830681 ] ] ] } },
{ "type": "Feature", "properties": { "dataset_code": "SP", "source_file": "СП(2).kml", "placemark_index": 69, "organization_code": "SP", "organization_name_raw": "СП / Спасское", "farm_name_raw": "", "region_name_raw": "", "district_name_raw": "", "field_external_key": "SP:4.8", "field_code_raw": "4.8", "field_name_raw": "4.8", "field_code_unique_status": "unique", "source_fid": "140", "declared_area_ha": 76.64, "geometry_area_ha": 76.636992, "area_diff_ha": -0.003008, "area_diff_pct": -0.003924, "area_quality_status": "ok", "geometry_type": "Polygon", "polygon_count": 1, "inner_ring_count": 0, "geometry_valid": true, "geometry_validity_reason": "Valid Geometry", "centroid_lon": 38.45206309, "centroid_lat": 54.096770132000003, "representative_lon": 38.452101460999998, "representative_lat": 54.096810849000001, "centroid_within_geometry": true, "weather_point_lon_candidate": 38.45206309, "weather_point_lat_candidate": 54.096770132000003, "active_2026_candidate": true, "active_reason": "sp_irrigation_2026_flag_1", "season_year_candidate": null, "crop_raw": "картофель среднеспелый", "crop_code_candidate": "potato", "crop_parameter_set_candidate_key": "aquacrop_v7_3_reference_potato", "regional_crop_parameter_set_candidate_key": "aquacrop_v7_3_regional_potato_tula_oblast", "crop_parameter_candidate_status": "reference_selected_region_needs_confirmation", "crop_parameter_candidate_comment_ru": "В СП(2).kml регион не указан. Для безопасной первичной загрузки выбран reference potato; региональный набор potato_tula_oblast указан как кандидат и требует подтверждения, что СП относится к Тульской области/соответствующему региональному сценарию.", "sowing_date_raw": "", "calculation_ready": false, "calculation_blockers_json": [ "missing_sowing_date", "missing_soil_profile" ], "geometry_hash_sha256": "01057efc97cef3cd641b9de8a559db8b7f349f4a6c38c64177754368fa90837c", "source_attributes_json": { "area_": "76.64", "crop": "картофель среднеспелый", "fid": "140", "kml_name": "4.8", "полив в 2026 году": "1" }, "rectangle_area_ha": 95.60257074781488, "rectangle_angle_deg": 140.40612589665301, "rectangle_width_m": 956.59531152644195, "rectangle_height_m": 999.40455065853894, "rectangle_crs": "EPSG:32637" }, "geometry": { "type": "Polygon", "coordinates": [ [ [ 38.451375679471013, 54.090536310008709 ], [ 38.462574288012213, 54.09606657165164 ], [ 38.452743920992944, 54.102944049019221 ], [ 38.441544780453683, 54.097412877556167 ], [ 38.451375679471013, 54.090536310008709 ] ] ] } },
{ "type": "Feature", "properties": { "dataset_code": "SP", "source_file": "СП(2).kml", "placemark_index": 70, "organization_code": "SP", "organization_name_raw": "СП / Спасское", "farm_name_raw": "", "region_name_raw": "", "district_name_raw": "", "field_external_key": "SP:4.7:fid:141", "field_code_raw": "4.7", "field_name_raw": "4.7", "field_code_unique_status": "duplicate_code_disambiguated_by_fid", "source_fid": "141", "declared_area_ha": 75.58, "geometry_area_ha": 75.576569, "area_diff_ha": -0.003431, "area_diff_pct": -0.004539, "area_quality_status": "ok", "geometry_type": "Polygon", "polygon_count": 1, "inner_ring_count": 0, "geometry_valid": true, "geometry_validity_reason": "Valid Geometry", "centroid_lon": 38.46496523, "centroid_lat": 54.101373109000001, "representative_lon": 38.464979700999997, "representative_lat": 54.101283003, "centroid_within_geometry": true, "weather_point_lon_candidate": 38.46496523, "weather_point_lat_candidate": 54.101373109000001, "active_2026_candidate": false, "active_reason": "sp_no_irrigation_2026_flag_not_active", "season_year_candidate": null, "crop_raw": "", "crop_code_candidate": "", "crop_parameter_set_candidate_key": "", "regional_crop_parameter_set_candidate_key": "", "crop_parameter_candidate_status": "no_crop_in_kml", "crop_parameter_candidate_comment_ru": "В СП(2).kml культура не задана для этого поля.", "sowing_date_raw": "", "calculation_ready": false, "calculation_blockers_json": [ ], "geometry_hash_sha256": "785fcdfeb5652817d1e5eedcc082895fdc85ab785abef12c76b47fb747afe0bd", "source_attributes_json": { "area_": "75.58", "fid": "141", "kml_name": "4.7" }, "rectangle_area_ha": 95.648394777512834, "rectangle_angle_deg": 142.43355397407254, "rectangle_width_m": 974.47949185234029, "rectangle_height_m": 981.53317311685532, "rectangle_crs": "EPSG:32637" }, "geometry": { "type": "Polygon", "coordinates": [ [ [ 38.463796492054087, 54.095317807243354 ], [ 38.475539363190556, 54.100709457367643 ], [ 38.466298566996969, 54.107661485985552 ], [ 38.454554942917326, 54.102268938569978 ], [ 38.463796492054087, 54.095317807243354 ] ] ] } },
{ "type": "Feature", "properties": { "dataset_code": "SP", "source_file": "СП(2).kml", "placemark_index": 71, "organization_code": "SP", "organization_name_raw": "СП / Спасское", "farm_name_raw": "", "region_name_raw": "", "district_name_raw": "", "field_external_key": "SP:4.10", "field_code_raw": "4.10", "field_name_raw": "4.10", "field_code_unique_status": "unique", "source_fid": "143", "declared_area_ha": 97.88, "geometry_area_ha": 97.881432, "area_diff_ha": 0.001432, "area_diff_pct": 0.001463, "area_quality_status": "ok", "geometry_type": "Polygon", "polygon_count": 1, "inner_ring_count": 0, "geometry_valid": true, "geometry_validity_reason": "Valid Geometry", "centroid_lon": 38.481144496, "centroid_lat": 54.105680751000001, "representative_lon": 38.480997592000001, "representative_lat": 54.10576387, "centroid_within_geometry": true, "weather_point_lon_candidate": 38.481144496, "weather_point_lat_candidate": 54.105680751000001, "active_2026_candidate": false, "active_reason": "sp_irrigation_2026_flag_0_not_active", "season_year_candidate": null, "crop_raw": "", "crop_code_candidate": "", "crop_parameter_set_candidate_key": "", "regional_crop_parameter_set_candidate_key": "", "crop_parameter_candidate_status": "no_crop_in_kml", "crop_parameter_candidate_comment_ru": "В СП(2).kml культура не задана для этого поля.", "sowing_date_raw": "", "calculation_ready": false, "calculation_blockers_json": [ ], "geometry_hash_sha256": "3dcd602778e1c9b9cadc349043bb9f99b508c67268dac3c414627b3959f0e61f", "source_attributes_json": { "area_": "97.88", "fid": "143", "kml_name": "4.10", "полив в 2026 году": "0" }, "rectangle_area_ha": 123.46838355461436, "rectangle_angle_deg": 177.96052256453061, "rectangle_width_m": 1103.1081349279848, "rectangle_height_m": 1119.2772462209687, "rectangle_crs": "EPSG:32637" }, "geometry": { "type": "Polygon", "coordinates": [ [ [ 38.489130487298404, 54.110916433134221 ], [ 38.472272861453149, 54.110490858435213 ], [ 38.473009611152833, 54.100440532635695 ], [ 38.489863169853891, 54.100865995939039 ], [ 38.489130487298404, 54.110916433134221 ] ] ] } },
{ "type": "Feature", "properties": { "dataset_code": "SP", "source_file": "СП(2).kml", "placemark_index": 72, "organization_code": "SP", "organization_name_raw": "СП / Спасское", "farm_name_raw": "", "region_name_raw": "", "district_name_raw": "", "field_external_key": "SP:4.11", "field_code_raw": "4.11", "field_name_raw": "4.11", "field_code_unique_status": "unique", "source_fid": "144", "declared_area_ha": 96.77, "geometry_area_ha": 96.774246, "area_diff_ha": 0.004246, "area_diff_pct": 0.004388, "area_quality_status": "ok", "geometry_type": "Polygon", "polygon_count": 1, "inner_ring_count": 0, "geometry_valid": true, "geometry_validity_reason": "Valid Geometry", "centroid_lon": 38.497743024000002, "centroid_lat": 54.106116467, "representative_lon": 38.497786455000004, "representative_lat": 54.106046693000003, "centroid_within_geometry": true, "weather_point_lon_candidate": 38.497743024000002, "weather_point_lat_candidate": 54.106116467, "active_2026_candidate": true, "active_reason": "sp_irrigation_2026_flag_1", "season_year_candidate": null, "crop_raw": "картофель среднеспелый", "crop_code_candidate": "potato", "crop_parameter_set_candidate_key": "aquacrop_v7_3_reference_potato", "regional_crop_parameter_set_candidate_key": "aquacrop_v7_3_regional_potato_tula_oblast", "crop_parameter_candidate_status": "reference_selected_region_needs_confirmation", "crop_parameter_candidate_comment_ru": "В СП(2).kml регион не указан. Для безопасной первичной загрузки выбран reference potato; региональный набор potato_tula_oblast указан как кандидат и требует подтверждения, что СП относится к Тульской области/соответствующему региональному сценарию.", "sowing_date_raw": "", "calculation_ready": false, "calculation_blockers_json": [ "missing_sowing_date", "missing_soil_profile" ], "geometry_hash_sha256": "22e6ad813dfdcdddf90ad616bb73b30735292420083b9bde0fe773371228bf63", "source_attributes_json": { "area_": "96.77", "crop": "картофель среднеспелый", "fid": "144", "kml_name": "4.11", "полив в 2026 году": "1" }, "rectangle_area_ha": 122.79570277190842, "rectangle_angle_deg": 12.094541948398046, "rectangle_width_m": 1097.3510159004945, "rectangle_height_m": 1119.0193565469235, "rectangle_crs": "EPSG:32637" }, "geometry": { "type": "Polygon", "coordinates": [ [ [ 38.507573412774086, 54.11006446827836 ], [ 38.491136227716339, 54.112062611084191 ], [ 38.487671091755971, 54.102213559247183 ], [ 38.504104542733522, 54.100215878447187 ], [ 38.507573412774086, 54.11006446827836 ] ] ] } },
{ "type": "Feature", "properties": { "dataset_code": "SP", "source_file": "СП(2).kml", "placemark_index": 73, "organization_code": "SP", "organization_name_raw": "СП / Спасское", "farm_name_raw": "", "region_name_raw": "", "district_name_raw": "", "field_external_key": "SP:4.12", "field_code_raw": "4.12", "field_name_raw": "4.12", "field_code_unique_status": "unique", "source_fid": "147", "declared_area_ha": 65.82, "geometry_area_ha": 65.823741, "area_diff_ha": 0.003741, "area_diff_pct": 0.005683, "area_quality_status": "ok", "geometry_type": "Polygon", "polygon_count": 1, "inner_ring_count": 0, "geometry_valid": true, "geometry_validity_reason": "Valid Geometry", "centroid_lon": 38.515135027, "centroid_lat": 54.108615401000002, "representative_lon": 38.51501464, "representative_lat": 54.108690001, "centroid_within_geometry": true, "weather_point_lon_candidate": 38.515135027, "weather_point_lat_candidate": 54.108615401000002, "active_2026_candidate": false, "active_reason": "sp_no_irrigation_2026_flag_not_active", "season_year_candidate": null, "crop_raw": "", "crop_code_candidate": "", "crop_parameter_set_candidate_key": "", "regional_crop_parameter_set_candidate_key": "", "crop_parameter_candidate_status": "no_crop_in_kml", "crop_parameter_candidate_comment_ru": "В СП(2).kml культура не задана для этого поля.", "sowing_date_raw": "", "calculation_ready": false, "calculation_blockers_json": [ ], "geometry_hash_sha256": "11192e01cc739471be7375d69a0be72e8a39b1cf1a847c3b760c0f365e3d17a4", "source_attributes_json": { "area_": "65.82", "fid": "147", "kml_name": "4.12" }, "rectangle_area_ha": 82.749412606269686, "rectangle_angle_deg": 72.435790406616036, "rectangle_width_m": 890.45241569634527, "rectangle_height_m": 929.29628970188787, "rectangle_crs": "EPSG:32637" }, "geometry": { "type": "Polygon", "coordinates": [ [ [ 38.510546920221174, 54.103520092226567 ], [ 38.524067292396836, 54.106094854215208 ], [ 38.519869402283994, 54.113708316933433 ], [ 38.506346818943918, 54.111133081786861 ], [ 38.510546920221174, 54.103520092226567 ] ] ] } },
{ "type": "Feature", "properties": { "dataset_code": "SP", "source_file": "СП(2).kml", "placemark_index": 74, "organization_code": "SP", "organization_name_raw": "СП / Спасское", "farm_name_raw": "", "region_name_raw": "", "district_name_raw": "", "field_external_key": "SP:4.13", "field_code_raw": "4.13", "field_name_raw": "4.13", "field_code_unique_status": "unique", "source_fid": "148", "declared_area_ha": 53.44, "geometry_area_ha": 53.435834, "area_diff_ha": -0.004166, "area_diff_pct": -0.007795, "area_quality_status": "ok", "geometry_type": "Polygon", "polygon_count": 1, "inner_ring_count": 0, "geometry_valid": true, "geometry_validity_reason": "Valid Geometry", "centroid_lon": 38.532300936, "centroid_lat": 54.111670322999998, "representative_lon": 38.532480075000002, "representative_lat": 54.111568656000003, "centroid_within_geometry": true, "weather_point_lon_candidate": 38.532300936, "weather_point_lat_candidate": 54.111670322999998, "active_2026_candidate": false, "active_reason": "sp_no_irrigation_2026_flag_not_active", "season_year_candidate": null, "crop_raw": "", "crop_code_candidate": "", "crop_parameter_set_candidate_key": "", "regional_crop_parameter_set_candidate_key": "", "crop_parameter_candidate_status": "no_crop_in_kml", "crop_parameter_candidate_comment_ru": "В СП(2).kml культура не задана для этого поля.", "sowing_date_raw": "", "calculation_ready": false, "calculation_blockers_json": [ ], "geometry_hash_sha256": "254fe7193b0ff5409fb23b999aefc3a0834a3f6fd18f2612b915795d9424778a", "source_attributes_json": { "area_": "53.44", "fid": "148", "kml_name": "4.13" }, "rectangle_area_ha": 68.00007698188395, "rectangle_angle_deg": 71.035311674962486, "rectangle_width_m": 819.13026311248541, "rectangle_height_m": 830.14973373711109, "rectangle_crs": "EPSG:32637" }, "geometry": { "type": "Polygon", "coordinates": [ [ [ 38.540236296835047, 54.109483145061049 ], [ 38.536086878740292, 54.116429806246821 ], [ 38.524104500830987, 54.113958229854155 ], [ 38.528255670188472, 54.107011982536186 ], [ 38.540236296835047, 54.109483145061049 ] ] ] } },
{ "type": "Feature", "properties": { "dataset_code": "SP", "source_file": "СП(2).kml", "placemark_index": 75, "organization_code": "SP", "organization_name_raw": "СП / Спасское", "farm_name_raw": "", "region_name_raw": "", "district_name_raw": "", "field_external_key": "SP:4.14", "field_code_raw": "4.14", "field_name_raw": "4.14", "field_code_unique_status": "unique", "source_fid": "149", "declared_area_ha": 158.87, "geometry_area_ha": 158.874352, "area_diff_ha": 0.004352, "area_diff_pct": 0.002739, "area_quality_status": "ok", "geometry_type": "Polygon", "polygon_count": 1, "inner_ring_count": 0, "geometry_valid": true, "geometry_validity_reason": "Valid Geometry", "centroid_lon": 38.491297371999998, "centroid_lat": 54.093662356000003, "representative_lon": 38.491161945000002, "representative_lat": 54.093579093000002, "centroid_within_geometry": true, "weather_point_lon_candidate": 38.491297371999998, "weather_point_lat_candidate": 54.093662356000003, "active_2026_candidate": false, "active_reason": "sp_no_irrigation_2026_flag_not_active", "season_year_candidate": null, "crop_raw": "", "crop_code_candidate": "", "crop_parameter_set_candidate_key": "", "regional_crop_parameter_set_candidate_key": "", "crop_parameter_candidate_status": "no_crop_in_kml", "crop_parameter_candidate_comment_ru": "В СП(2).kml культура не задана для этого поля.", "sowing_date_raw": "", "calculation_ready": false, "calculation_blockers_json": [ ], "geometry_hash_sha256": "d6c7cfbc6739fbede8a057c6d407993b5a18f7c608cde1fefb80c6e306e2f1d5", "source_attributes_json": { "area_": "158.87", "fid": "149", "kml_name": "4.14" }, "rectangle_area_ha": 200.86148225688527, "rectangle_angle_deg": 6.5974409690765015, "rectangle_width_m": 1409.0336142678279, "rectangle_height_m": 1425.5265468684956, "rectangle_crs": "EPSG:32637" }, "geometry": { "type": "Polygon", "coordinates": [ [ [ 38.503080576892046, 54.099367750065461 ], [ 38.481658934401381, 54.100732417895316 ], [ 38.479313779809196, 54.087994662572044 ], [ 38.500728932690528, 54.086630395431861 ], [ 38.503080576892046, 54.099367750065461 ] ] ] } },
{ "type": "Feature", "properties": { "dataset_code": "SP", "source_file": "СП(2).kml", "placemark_index": 76, "organization_code": "SP", "organization_name_raw": "СП / Спасское", "farm_name_raw": "", "region_name_raw": "", "district_name_raw": "", "field_external_key": "SP:4.15", "field_code_raw": "4.15", "field_name_raw": "4.15", "field_code_unique_status": "unique", "source_fid": "150", "declared_area_ha": 118.25, "geometry_area_ha": 118.250907, "area_diff_ha": 0.000907, "area_diff_pct": 0.000767, "area_quality_status": "ok", "geometry_type": "Polygon", "polygon_count": 1, "inner_ring_count": 0, "geometry_valid": true, "geometry_validity_reason": "Valid Geometry", "centroid_lon": 38.512141448000001, "centroid_lat": 54.095841139000001, "representative_lon": 38.512164771999998, "representative_lat": 54.095815195, "centroid_within_geometry": true, "weather_point_lon_candidate": 38.512141448000001, "weather_point_lat_candidate": 54.095841139000001, "active_2026_candidate": true, "active_reason": "sp_irrigation_2026_flag_1", "season_year_candidate": null, "crop_raw": "картофель среднеспелый", "crop_code_candidate": "potato", "crop_parameter_set_candidate_key": "aquacrop_v7_3_reference_potato", "regional_crop_parameter_set_candidate_key": "aquacrop_v7_3_regional_potato_tula_oblast", "crop_parameter_candidate_status": "reference_selected_region_needs_confirmation", "crop_parameter_candidate_comment_ru": "В СП(2).kml регион не указан. Для безопасной первичной загрузки выбран reference potato; региональный набор potato_tula_oblast указан как кандидат и требует подтверждения, что СП относится к Тульской области/соответствующему региональному сценарию.", "sowing_date_raw": "", "calculation_ready": false, "calculation_blockers_json": [ "missing_sowing_date", "missing_soil_profile" ], "geometry_hash_sha256": "9e66f08ddd440aa9ca3a4ae06eb863c97a450a8f49ad00406ee4648baae09345", "source_attributes_json": { "area_": "118.25", "crop": "картофель среднеспелый", "fid": "150", "kml_name": "4.15", "полив в 2026 году": "1" }, "rectangle_area_ha": 150.6895047825563, "rectangle_angle_deg": 73.377358870474609, "rectangle_width_m": 1215.8784427272622, "rectangle_height_m": 1239.346792303957, "rectangle_crs": "EPSG:32637" }, "geometry": { "type": "Polygon", "coordinates": [ [ [ 38.52389290563886, 54.09231532218196 ], [ 38.518453794146339, 54.102765143907725 ], [ 38.500331126953938, 54.099504739162185 ], [ 38.505774355946976, 54.089055739883541 ], [ 38.52389290563886, 54.09231532218196 ] ] ] } },
{ "type": "Feature", "properties": { "dataset_code": "SP", "source_file": "СП(2).kml", "placemark_index": 77, "organization_code": "SP", "organization_name_raw": "СП / Спасское", "farm_name_raw": "", "region_name_raw": "", "district_name_raw": "", "field_external_key": "SP:4.16", "field_code_raw": "4.16", "field_name_raw": "4.16", "field_code_unique_status": "unique", "source_fid": "151", "declared_area_ha": 167.81, "geometry_area_ha": 167.813479, "area_diff_ha": 0.003479, "area_diff_pct": 0.002073, "area_quality_status": "ok", "geometry_type": "Polygon", "polygon_count": 1, "inner_ring_count": 0, "geometry_valid": true, "geometry_validity_reason": "Valid Geometry", "centroid_lon": 38.533227816, "centroid_lat": 54.100955663000001, "representative_lon": 38.533227638, "representative_lat": 54.101020835, "centroid_within_geometry": true, "weather_point_lon_candidate": 38.533227816, "weather_point_lat_candidate": 54.100955663000001, "active_2026_candidate": true, "active_reason": "sp_irrigation_2026_flag_1", "season_year_candidate": null, "crop_raw": "картофель среднеспелый", "crop_code_candidate": "potato", "crop_parameter_set_candidate_key": "aquacrop_v7_3_reference_potato", "regional_crop_parameter_set_candidate_key": "aquacrop_v7_3_regional_potato_tula_oblast", "crop_parameter_candidate_status": "reference_selected_region_needs_confirmation", "crop_parameter_candidate_comment_ru": "В СП(2).kml регион не указан. Для безопасной первичной загрузки выбран reference potato; региональный набор potato_tula_oblast указан как кандидат и требует подтверждения, что СП относится к Тульской области/соответствующему региональному сценарию.", "sowing_date_raw": "", "calculation_ready": false, "calculation_blockers_json": [ "missing_sowing_date", "missing_soil_profile" ], "geometry_hash_sha256": "340cba1402b0b0ddc1144b1bbb6da37b4959933973b2d29f2d1e4c996fb6d522", "source_attributes_json": { "area_": "167.81", "crop": "картофель среднеспелый", "fid": "151", "kml_name": "4.16", "полив в 2026 году": "1" }, "rectangle_area_ha": 209.67458666223666, "rectangle_angle_deg": 70.967733020586365, "rectangle_width_m": 1427.4232609507162, "rectangle_height_m": 1468.9026891896501, "rectangle_crs": "EPSG:32637" }, "geometry": { "type": "Polygon", "coordinates": [ [ [ 38.547450217971061, 54.097099079402987 ], [ 38.54019848653877, 54.1091997378605 ], [ 38.519009368598077, 54.104811651129189 ], [ 38.526266486306049, 54.0927122719376 ], [ 38.547450217971061, 54.097099079402987 ] ] ] } },
{ "type": "Feature", "properties": { "dataset_code": "SP", "source_file": "СП(2).kml", "placemark_index": 78, "organization_code": "SP", "organization_name_raw": "СП / Спасское", "farm_name_raw": "", "region_name_raw": "", "district_name_raw": "", "field_external_key": "SP:1.7", "field_code_raw": "1.7", "field_name_raw": "1.7", "field_code_unique_status": "unique", "source_fid": "152", "declared_area_ha": 101.57, "geometry_area_ha": 101.571915, "area_diff_ha": 0.001915, "area_diff_pct": 0.001886, "area_quality_status": "ok", "geometry_type": "Polygon", "polygon_count": 1, "inner_ring_count": 0, "geometry_valid": true, "geometry_validity_reason": "Valid Geometry", "centroid_lon": 38.38097275, "centroid_lat": 54.162814642000001, "representative_lon": 38.38098427, "representative_lat": 54.162822962, "centroid_within_geometry": true, "weather_point_lon_candidate": 38.38097275, "weather_point_lat_candidate": 54.162814642000001, "active_2026_candidate": false, "active_reason": "sp_no_irrigation_2026_flag_not_active", "season_year_candidate": null, "crop_raw": "", "crop_code_candidate": "", "crop_parameter_set_candidate_key": "", "regional_crop_parameter_set_candidate_key": "", "crop_parameter_candidate_status": "no_crop_in_kml", "crop_parameter_candidate_comment_ru": "В СП(2).kml культура не задана для этого поля.", "sowing_date_raw": "", "calculation_ready": false, "calculation_blockers_json": [ ], "geometry_hash_sha256": "8cc3e36e5ff7d81300950a217512c0fa2443b56f3c507aa6fbe398aa05fe2699", "source_attributes_json": { "area_": "101.57", "fid": "152", "kml_name": "1.7" }, "rectangle_area_ha": 128.63436427015213, "rectangle_angle_deg": 128.6733621002416, "rectangle_width_m": 1130.203222968732, "rectangle_height_m": 1138.1525167860091, "rectangle_crs": "EPSG:32637" }, "geometry": { "type": "Polygon", "coordinates": [ [ [ 38.379441972161935, 54.16994790461721 ], [ 38.368745081822695, 54.161961684832768 ], [ 38.382448179037958, 54.155640503358406 ], [ 38.393146096367083, 54.163625516995786 ], [ 38.379441972161935, 54.16994790461721 ] ] ] } },
{ "type": "Feature", "properties": { "dataset_code": "SP", "source_file": "СП(2).kml", "placemark_index": 79, "organization_code": "SP", "organization_name_raw": "СП / Спасское", "farm_name_raw": "", "region_name_raw": "", "district_name_raw": "", "field_external_key": "SP:1.9", "field_code_raw": "1.9", "field_name_raw": "1.9", "field_code_unique_status": "unique", "source_fid": "154", "declared_area_ha": 67.35, "geometry_area_ha": 67.347435, "area_diff_ha": -0.002565, "area_diff_pct": -0.003809, "area_quality_status": "ok", "geometry_type": "Polygon", "polygon_count": 1, "inner_ring_count": 0, "geometry_valid": true, "geometry_validity_reason": "Valid Geometry", "centroid_lon": 38.375516367000003, "centroid_lat": 54.171646488999997, "representative_lon": 38.378373224000001, "representative_lat": 54.171712902000003, "centroid_within_geometry": true, "weather_point_lon_candidate": 38.375516367000003, "weather_point_lat_candidate": 54.171646488999997, "active_2026_candidate": false, "active_reason": "sp_no_irrigation_2026_flag_not_active", "season_year_candidate": null, "crop_raw": "", "crop_code_candidate": "", "crop_parameter_set_candidate_key": "", "regional_crop_parameter_set_candidate_key": "", "crop_parameter_candidate_status": "no_crop_in_kml", "crop_parameter_candidate_comment_ru": "В СП(2).kml культура не задана для этого поля.", "sowing_date_raw": "", "calculation_ready": false, "calculation_blockers_json": [ ], "geometry_hash_sha256": "dab19085bd39467c475b20e1de0ef8bda00dfdc1219c7ff6e49676937b27fb9d", "source_attributes_json": { "area_": "67.35", "fid": "154", "kml_name": "1.9" }, "rectangle_area_ha": 97.038752407579025, "rectangle_angle_deg": 4.8125676076670061, "rectangle_width_m": 953.06915032910183, "rectangle_height_m": 1018.1711618099362, "rectangle_crs": "EPSG:32637" }, "geometry": { "type": "Polygon", "coordinates": [ [ [ 38.367186938037094, 54.167471015822954 ], [ 38.381743663996993, 54.166827962854754 ], [ 38.382916278176687, 54.175952856679153 ], [ 38.368356363990863, 54.176596041581831 ], [ 38.367186938037094, 54.167471015822954 ] ] ] } },
{ "type": "Feature", "properties": { "dataset_code": "SP", "source_file": "СП(2).kml", "placemark_index": 80, "organization_code": "SP", "organization_name_raw": "СП / Спасское", "farm_name_raw": "", "region_name_raw": "", "district_name_raw": "", "field_external_key": "SP:1.8", "field_code_raw": "1.8", "field_name_raw": "1.8", "field_code_unique_status": "unique", "source_fid": "156", "declared_area_ha": 71.45, "geometry_area_ha": 71.451331, "area_diff_ha": 0.001331, "area_diff_pct": 0.001862, "area_quality_status": "ok", "geometry_type": "Polygon", "polygon_count": 1, "inner_ring_count": 0, "geometry_valid": true, "geometry_validity_reason": "Valid Geometry", "centroid_lon": 38.390735722000002, "centroid_lat": 54.170105368999998, "representative_lon": 38.390721974000002, "representative_lat": 54.170094823, "centroid_within_geometry": true, "weather_point_lon_candidate": 38.390735722000002, "weather_point_lat_candidate": 54.170105368999998, "active_2026_candidate": false, "active_reason": "sp_no_irrigation_2026_flag_not_active", "season_year_candidate": null, "crop_raw": "", "crop_code_candidate": "", "crop_parameter_set_candidate_key": "", "regional_crop_parameter_set_candidate_key": "", "crop_parameter_candidate_status": "no_crop_in_kml", "crop_parameter_candidate_comment_ru": "В СП(2).kml культура не задана для этого поля.", "sowing_date_raw": "", "calculation_ready": false, "calculation_blockers_json": [ ], "geometry_hash_sha256": "dfa86353a07be3fb1b5d18f47b57de3de5d659d97f6904e7d6a57cb1c3d9bc48", "source_attributes_json": { "area_": "71.45", "fid": "156", "kml_name": "1.8" }, "rectangle_area_ha": 90.310709827015643, "rectangle_angle_deg": 128.67336210109897, "rectangle_width_m": 945.63793587987311, "rectangle_height_m": 955.02418420836329, "rectangle_crs": "EPSG:32637" }, "geometry": { "type": "Polygon", "coordinates": [ [ [ 38.392040240503484, 54.164135832721975 ], [ 38.40099425160421, 54.170816222966081 ], [ 38.389494394869786, 54.176122187475301 ], [ 38.380541104090703, 54.169440950109745 ], [ 38.392040240503484, 54.164135832721975 ] ] ] } },
{ "type": "Feature", "properties": { "dataset_code": "SP", "source_file": "СП(2).kml", "placemark_index": 81, "organization_code": "SP", "organization_name_raw": "СП / Спасское", "farm_name_raw": "", "region_name_raw": "", "district_name_raw": "", "field_external_key": "SP:2.1", "field_code_raw": "2.1", "field_name_raw": "2.1", "field_code_unique_status": "unique", "source_fid": "157", "declared_area_ha": 94.53, "geometry_area_ha": 94.533421, "area_diff_ha": 0.003421, "area_diff_pct": 0.003619, "area_quality_status": "ok", "geometry_type": "Polygon", "polygon_count": 1, "inner_ring_count": 0, "geometry_valid": true, "geometry_validity_reason": "Valid Geometry", "centroid_lon": 38.349291307999998, "centroid_lat": 54.128327306000003, "representative_lon": 38.349291307999998, "representative_lat": 54.128326942000001, "centroid_within_geometry": true, "weather_point_lon_candidate": 38.349291307999998, "weather_point_lat_candidate": 54.128327306000003, "active_2026_candidate": true, "active_reason": "sp_irrigation_2026_flag_1", "season_year_candidate": null, "crop_raw": "картофель среднеспелый", "crop_code_candidate": "potato", "crop_parameter_set_candidate_key": "aquacrop_v7_3_reference_potato", "regional_crop_parameter_set_candidate_key": "aquacrop_v7_3_regional_potato_tula_oblast", "crop_parameter_candidate_status": "reference_selected_region_needs_confirmation", "crop_parameter_candidate_comment_ru": "В СП(2).kml регион не указан. Для безопасной первичной загрузки выбран reference potato; региональный набор potato_tula_oblast указан как кандидат и требует подтверждения, что СП относится к Тульской области/соответствующему региональному сценарию.", "sowing_date_raw": "", "calculation_ready": false, "calculation_blockers_json": [ "missing_sowing_date", "missing_soil_profile" ], "geometry_hash_sha256": "2a4195026a4f7f8916e07fea8cd4aa26cd3a608322b0bb1d441525dce302742b", "source_attributes_json": { "area_": "94.53", "crop": "картофель среднеспелый", "fid": "157", "kml_name": "2.1", "полив в 2026 году": "1" }, "rectangle_area_ha": 120.29718584487269, "rectangle_angle_deg": 179.27452838420237, "rectangle_width_m": 1096.466617995, "rectangle_height_m": 1097.1349594285712, "rectangle_crs": "EPSG:32637" }, "geometry": { "type": "Polygon", "coordinates": [ [ [ 38.341088549138114, 54.1232901448303 ], [ 38.357861119927506, 54.123505565206429 ], [ 38.357496052754975, 54.133363766904196 ], [ 38.34071950247985, 54.133148284458244 ], [ 38.341088549138114, 54.1232901448303 ] ] ] } },
{ "type": "Feature", "properties": { "dataset_code": "SP", "source_file": "СП(2).kml", "placemark_index": 82, "organization_code": "SP", "organization_name_raw": "СП / Спасское", "farm_name_raw": "", "region_name_raw": "", "district_name_raw": "", "field_external_key": "SP:2.3", "field_code_raw": "2.3", "field_name_raw": "2.3", "field_code_unique_status": "unique", "source_fid": "158", "declared_area_ha": 51.05, "geometry_area_ha": 51.054859, "area_diff_ha": 0.004859, "area_diff_pct": 0.009518, "area_quality_status": "ok", "geometry_type": "Polygon", "polygon_count": 1, "inner_ring_count": 0, "geometry_valid": true, "geometry_validity_reason": "Valid Geometry", "centroid_lon": 38.326221336000003, "centroid_lat": 54.13672256, "representative_lon": 38.326221336000003, "representative_lat": 54.136722362999997, "centroid_within_geometry": true, "weather_point_lon_candidate": 38.326221336000003, "weather_point_lat_candidate": 54.13672256, "active_2026_candidate": false, "active_reason": "sp_no_irrigation_2026_flag_not_active", "season_year_candidate": null, "crop_raw": "", "crop_code_candidate": "", "crop_parameter_set_candidate_key": "", "regional_crop_parameter_set_candidate_key": "", "crop_parameter_candidate_status": "no_crop_in_kml", "crop_parameter_candidate_comment_ru": "В СП(2).kml культура не задана для этого поля.", "sowing_date_raw": "", "calculation_ready": false, "calculation_blockers_json": [ ], "geometry_hash_sha256": "9397bcc8d078ebc381c5c2c519a9aeedab21f20e146869ea54f64ccf478036fe", "source_attributes_json": { "area_": "51.05", "fid": "158", "kml_name": "2.3" }, "rectangle_area_ha": 64.969354732003623, "rectangle_angle_deg": 179.27466615656863, "rectangle_width_m": 805.79015471745515, "rectangle_height_m": 806.28131718467921, "rectangle_crs": "EPSG:32637" }, "geometry": { "type": "Polygon", "coordinates": [ [ [ 38.332249947311993, 54.140425047956768 ], [ 38.319918911222395, 54.140264344385749 ], [ 38.320193797956328, 54.133019693797166 ], [ 38.332522683817395, 54.13318036321543 ], [ 38.332249947311993, 54.140425047956768 ] ] ] } },
{ "type": "Feature", "properties": { "dataset_code": "SP", "source_file": "СП(2).kml", "placemark_index": 83, "organization_code": "SP", "organization_name_raw": "СП / Спасское", "farm_name_raw": "", "region_name_raw": "", "district_name_raw": "", "field_external_key": "SP:2.2", "field_code_raw": "2.2", "field_name_raw": "2.2", "field_code_unique_status": "unique", "source_fid": "159", "declared_area_ha": 81.99, "geometry_area_ha": 81.985384, "area_diff_ha": -0.004616, "area_diff_pct": -0.00563, "area_quality_status": "ok", "geometry_type": "Polygon", "polygon_count": 1, "inner_ring_count": 0, "geometry_valid": true, "geometry_validity_reason": "Valid Geometry", "centroid_lon": 38.331309302999998, "centroid_lat": 54.127969553, "representative_lon": 38.331309302999998, "representative_lat": 54.127969237000002, "centroid_within_geometry": true, "weather_point_lon_candidate": 38.331309302999998, "weather_point_lat_candidate": 54.127969553, "active_2026_candidate": false, "active_reason": "sp_no_irrigation_2026_flag_not_active", "season_year_candidate": null, "crop_raw": "", "crop_code_candidate": "", "crop_parameter_set_candidate_key": "", "regional_crop_parameter_set_candidate_key": "", "crop_parameter_candidate_status": "no_crop_in_kml", "crop_parameter_candidate_comment_ru": "В СП(2).kml культура не задана для этого поля.", "sowing_date_raw": "", "calculation_ready": false, "calculation_blockers_json": [ ], "geometry_hash_sha256": "eb42d3d579ae9c0fcb967c931fb301c5363376442af66a083993e4c9b7b25f85", "source_attributes_json": { "area_": "81.99", "fid": "159", "kml_name": "2.2" }, "rectangle_area_ha": 104.32961615766746, "rectangle_angle_deg": 179.27452218248357, "rectangle_width_m": 1021.1075442978763, "rectangle_height_m": 1021.7299513677135, "rectangle_crs": "EPSG:32637" }, "geometry": { "type": "Polygon", "coordinates": [ [ [ 38.323672355091063, 54.123277477443224 ], [ 38.339292049567817, 54.123480427627726 ], [ 38.338947972569507, 54.132661020981217 ], [ 38.323324827002644, 54.132458016183925 ], [ 38.323672355091063, 54.123277477443224 ] ] ] } },
{ "type": "Feature", "properties": { "dataset_code": "SP", "source_file": "СП(2).kml", "placemark_index": 84, "organization_code": "SP", "organization_name_raw": "СП / Спасское", "farm_name_raw": "", "region_name_raw": "", "district_name_raw": "", "field_external_key": "SP:3.4", "field_code_raw": "3.4", "field_name_raw": "3.4", "field_code_unique_status": "unique", "source_fid": "160", "declared_area_ha": 71.67, "geometry_area_ha": 71.673089, "area_diff_ha": 0.003089, "area_diff_pct": 0.00431, "area_quality_status": "ok", "geometry_type": "Polygon", "polygon_count": 1, "inner_ring_count": 0, "geometry_valid": true, "geometry_validity_reason": "Valid Geometry", "centroid_lon": 38.377455212999998, "centroid_lat": 54.125727359000003, "representative_lon": 38.377455212999998, "representative_lat": 54.125727083000001, "centroid_within_geometry": true, "weather_point_lon_candidate": 38.377455212999998, "weather_point_lat_candidate": 54.125727359000003, "active_2026_candidate": true, "active_reason": "sp_irrigation_2026_flag_1", "season_year_candidate": null, "crop_raw": "картофель среднеспелый", "crop_code_candidate": "potato", "crop_parameter_set_candidate_key": "aquacrop_v7_3_reference_potato", "regional_crop_parameter_set_candidate_key": "aquacrop_v7_3_regional_potato_tula_oblast", "crop_parameter_candidate_status": "reference_selected_region_needs_confirmation", "crop_parameter_candidate_comment_ru": "В СП(2).kml регион не указан. Для безопасной первичной загрузки выбран reference potato; региональный набор potato_tula_oblast указан как кандидат и требует подтверждения, что СП относится к Тульской области/соответствующему региональному сценарию.", "sowing_date_raw": "", "calculation_ready": false, "calculation_blockers_json": [ "missing_sowing_date", "missing_soil_profile" ], "geometry_hash_sha256": "ce8e4e1907cdb005fcdc6f91545d7ebf95d7c46f1791d31dfe48bbc2c607ed8e", "source_attributes_json": { "area_": "71.67", "crop": "картофель среднеспелый", "fid": "160", "kml_name": "3.4", "полив в 2026 году": "1" }, "rectangle_area_ha": 91.206246604773625, "rectangle_angle_deg": 179.27449153036116, "rectangle_width_m": 954.72868661320535, "rectangle_height_m": 955.31063310056925, "rectangle_crs": "EPSG:32637" }, "geometry": { "type": "Polygon", "coordinates": [ [ [ 38.384601773092172, 54.130111146322214 ], [ 38.369994877321169, 54.129926936597315 ], [ 38.370310158341404, 54.121343040000824 ], [ 38.384914037302316, 54.121527203739404 ], [ 38.384601773092172, 54.130111146322214 ] ] ] } },
{ "type": "Feature", "properties": { "dataset_code": "SP", "source_file": "СП(2).kml", "placemark_index": 85, "organization_code": "SP", "organization_name_raw": "СП / Спасское", "farm_name_raw": "", "region_name_raw": "", "district_name_raw": "", "field_external_key": "SP:1.5", "field_code_raw": "1.5", "field_name_raw": "1.5", "field_code_unique_status": "unique", "source_fid": "161", "declared_area_ha": 27.88, "geometry_area_ha": 27.883752, "area_diff_ha": 0.003752, "area_diff_pct": 0.013458, "area_quality_status": "ok", "geometry_type": "Polygon", "polygon_count": 1, "inner_ring_count": 0, "geometry_valid": true, "geometry_validity_reason": "Valid Geometry", "centroid_lon": 38.354907597, "centroid_lat": 54.160673997000004, "representative_lon": 38.354909231000001, "representative_lat": 54.160672968, "centroid_within_geometry": true, "weather_point_lon_candidate": 38.354907597, "weather_point_lat_candidate": 54.160673997000004, "active_2026_candidate": true, "active_reason": "sp_irrigation_2026_flag_1", "season_year_candidate": null, "crop_raw": "картофель среднеспелый", "crop_code_candidate": "potato", "crop_parameter_set_candidate_key": "aquacrop_v7_3_reference_potato", "regional_crop_parameter_set_candidate_key": "aquacrop_v7_3_regional_potato_tula_oblast", "crop_parameter_candidate_status": "reference_selected_region_needs_confirmation", "crop_parameter_candidate_comment_ru": "В СП(2).kml регион не указан. Для безопасной первичной загрузки выбран reference potato; региональный набор potato_tula_oblast указан как кандидат и требует подтверждения, что СП относится к Тульской области/соответствующему региональному сценарию.", "sowing_date_raw": "", "calculation_ready": false, "calculation_blockers_json": [ "missing_sowing_date", "missing_soil_profile" ], "geometry_hash_sha256": "c85d9296fae00a6342bd00122a151077b7fc7e10073d0043d45ed43a27223aa9", "source_attributes_json": { "area_": "27.88", "crop": "картофель среднеспелый", "fid": "161", "kml_name": "1.5", "полив в 2026 году": "1" }, "rectangle_area_ha": 35.390315015580796, "rectangle_angle_deg": 44.423398546285512, "rectangle_width_m": 593.90969837462762, "rectangle_height_m": 595.88713759742677, "rectangle_crs": "EPSG:32637" }, "geometry": { "type": "Polygon", "coordinates": [ [ [ 38.361338724223877, 54.160758044008283 ], [ 38.354785092808932, 54.16445945054577 ], [ 38.348457348537373, 54.16060037899004 ], [ 38.355010929287026, 54.156899314310081 ], [ 38.361338724223877, 54.160758044008283 ] ] ] } },
{ "type": "Feature", "properties": { "dataset_code": "SP", "source_file": "СП(2).kml", "placemark_index": 86, "organization_code": "SP", "organization_name_raw": "СП / Спасское", "farm_name_raw": "", "region_name_raw": "", "district_name_raw": "", "field_external_key": "SP:1.6", "field_code_raw": "1.6", "field_name_raw": "1.6", "field_code_unique_status": "unique", "source_fid": "163", "declared_area_ha": 92.59, "geometry_area_ha": 92.59374, "area_diff_ha": 0.00374, "area_diff_pct": 0.004039, "area_quality_status": "ok", "geometry_type": "Polygon", "polygon_count": 1, "inner_ring_count": 0, "geometry_valid": true, "geometry_validity_reason": "Valid Geometry", "centroid_lon": 38.364186484999998, "centroid_lat": 54.155427123000003, "representative_lon": 38.364205601999998, "representative_lat": 54.155511439000001, "centroid_within_geometry": true, "weather_point_lon_candidate": 38.364186484999998, "weather_point_lat_candidate": 54.155427123000003, "active_2026_candidate": true, "active_reason": "sp_irrigation_2026_flag_1", "season_year_candidate": null, "crop_raw": "картофель среднеспелый", "crop_code_candidate": "potato", "crop_parameter_set_candidate_key": "aquacrop_v7_3_reference_potato", "regional_crop_parameter_set_candidate_key": "aquacrop_v7_3_regional_potato_tula_oblast", "crop_parameter_candidate_status": "reference_selected_region_needs_confirmation", "crop_parameter_candidate_comment_ru": "В СП(2).kml регион не указан. Для безопасной первичной загрузки выбран reference potato; региональный набор potato_tula_oblast указан как кандидат и требует подтверждения, что СП относится к Тульской области/соответствующему региональному сценарию.", "sowing_date_raw": "", "calculation_ready": false, "calculation_blockers_json": [ "missing_sowing_date", "missing_soil_profile" ], "geometry_hash_sha256": "934a91ade87d7e99ec9ce4d17881cc03df8288ab3f2c412622388feb2176f55b", "source_attributes_json": { "area_": "92.59", "crop": "картофель среднеспелый", "fid": "163", "kml_name": "1.6", "полив в 2026 году": "1" }, "rectangle_area_ha": 117.18005692750376, "rectangle_angle_deg": 75.243674397044401, "rectangle_width_m": 1069.2503256748896, "rectangle_height_m": 1095.9085455834866, "rectangle_crs": "EPSG:32637" }, "geometry": { "type": "Polygon", "coordinates": [ [ [ 38.374404941851409, 54.15219779908 ], [ 38.370094045233792, 54.161468621557013 ], [ 38.353903913233708, 54.158874002911915 ], [ 38.358218148488497, 54.14960376543862 ], [ 38.374404941851409, 54.15219779908 ] ] ] } },
{ "type": "Feature", "properties": { "dataset_code": "SP", "source_file": "СП(2).kml", "placemark_index": 87, "organization_code": "SP", "organization_name_raw": "СП / Спасское", "farm_name_raw": "", "region_name_raw": "", "district_name_raw": "", "field_external_key": "SP:1.4", "field_code_raw": "1.4", "field_name_raw": "1.4", "field_code_unique_status": "unique", "source_fid": "164", "declared_area_ha": 56.27, "geometry_area_ha": 56.266699, "area_diff_ha": -0.003301, "area_diff_pct": -0.005866, "area_quality_status": "ok", "geometry_type": "Polygon", "polygon_count": 1, "inner_ring_count": 0, "geometry_valid": true, "geometry_validity_reason": "Valid Geometry", "centroid_lon": 38.341334058000001, "centroid_lat": 54.163172859, "representative_lon": 38.341338993999997, "representative_lat": 54.163176409000002, "centroid_within_geometry": true, "weather_point_lon_candidate": 38.341334058000001, "weather_point_lat_candidate": 54.163172859, "active_2026_candidate": false, "active_reason": "sp_no_irrigation_2026_flag_not_active", "season_year_candidate": null, "crop_raw": "", "crop_code_candidate": "", "crop_parameter_set_candidate_key": "", "regional_crop_parameter_set_candidate_key": "", "crop_parameter_candidate_status": "no_crop_in_kml", "crop_parameter_candidate_comment_ru": "В СП(2).kml культура не задана для этого поля.", "sowing_date_raw": "", "calculation_ready": false, "calculation_blockers_json": [ ], "geometry_hash_sha256": "810fac443551e4c577a8e00f0e726aafc0818b1078bb86205a15ca54adb40b17", "source_attributes_json": { "area_": "56.27", "fid": "164", "kml_name": "1.4" }, "rectangle_area_ha": 70.864044300064222, "rectangle_angle_deg": 83.050310290915832, "rectangle_width_m": 829.85574218118563, "rectangle_height_m": 853.93208359088749, "rectangle_crs": "EPSG:32637" }, "geometry": { "type": "Polygon", "coordinates": [ [ [ 38.348634972265849, 54.160023825018307 ], [ 38.346980779107952, 54.167418688751859 ], [ 38.334012849113847, 54.16641901691272 ], [ 38.335669311456897, 54.159024336677746 ], [ 38.348634972265849, 54.160023825018307 ] ] ] } },
{ "type": "Feature", "properties": { "dataset_code": "SP", "source_file": "СП(2).kml", "placemark_index": 88, "organization_code": "SP", "organization_name_raw": "СП / Спасское", "farm_name_raw": "", "region_name_raw": "", "district_name_raw": "", "field_external_key": "SP:1.3", "field_code_raw": "1.3", "field_name_raw": "1.3", "field_code_unique_status": "unique", "source_fid": "165", "declared_area_ha": 141.64, "geometry_area_ha": 141.63521, "area_diff_ha": -0.00479, "area_diff_pct": -0.003382, "area_quality_status": "ok", "geometry_type": "Polygon", "polygon_count": 1, "inner_ring_count": 0, "geometry_valid": true, "geometry_validity_reason": "Valid Geometry", "centroid_lon": 38.345872286000002, "centroid_lat": 54.153641606000001, "representative_lon": 38.345830450999998, "representative_lat": 54.153669864000001, "centroid_within_geometry": true, "weather_point_lon_candidate": 38.345872286000002, "weather_point_lat_candidate": 54.153641606000001, "active_2026_candidate": true, "active_reason": "sp_irrigation_2026_flag_1", "season_year_candidate": null, "crop_raw": "картофель среднеспелый", "crop_code_candidate": "potato", "crop_parameter_set_candidate_key": "aquacrop_v7_3_reference_potato", "regional_crop_parameter_set_candidate_key": "aquacrop_v7_3_regional_potato_tula_oblast", "crop_parameter_candidate_status": "reference_selected_region_needs_confirmation", "crop_parameter_candidate_comment_ru": "В СП(2).kml регион не указан. Для безопасной первичной загрузки выбран reference potato; региональный набор potato_tula_oblast указан как кандидат и требует подтверждения, что СП относится к Тульской области/соответствующему региональному сценарию.", "sowing_date_raw": "", "calculation_ready": false, "calculation_blockers_json": [ "missing_sowing_date", "missing_soil_profile" ], "geometry_hash_sha256": "2a4264c54d0c776eede3eae272c3f260fe6d0812efc409e506282ce972c45b79", "source_attributes_json": { "area_": "141.64", "crop": "картофель среднеспелый", "fid": "165", "kml_name": "1.3", "полив в 2026 году": "1" }, "rectangle_area_ha": 180.13406252614868, "rectangle_angle_deg": 75.026401161635249, "rectangle_width_m": 1328.2968367368449, "rectangle_height_m": 1356.128069751896, "rectangle_crs": "EPSG:32637" }, "geometry": { "type": "Polygon", "coordinates": [ [ [ 38.358500916273222, 54.149636801715602 ], [ 38.353066881406512, 54.161140905691276 ], [ 38.333055181770163, 54.15788249827385 ], [ 38.338494322982804, 54.146379306000881 ], [ 38.358500916273222, 54.149636801715602 ] ] ] } },
{ "type": "Feature", "properties": { "dataset_code": "SP", "source_file": "СП(2).kml", "placemark_index": 89, "organization_code": "SP", "organization_name_raw": "СП / Спасское", "farm_name_raw": "", "region_name_raw": "", "district_name_raw": "", "field_external_key": "SP:1.10", "field_code_raw": "1.10", "field_name_raw": "1.10", "field_code_unique_status": "unique", "source_fid": "167", "declared_area_ha": 37.84, "geometry_area_ha": 37.843623, "area_diff_ha": 0.003623, "area_diff_pct": 0.009575, "area_quality_status": "ok", "geometry_type": "Polygon", "polygon_count": 1, "inner_ring_count": 0, "geometry_valid": true, "geometry_validity_reason": "Valid Geometry", "centroid_lon": 38.365581655, "centroid_lat": 54.163071158999998, "representative_lon": 38.365603522999997, "representative_lat": 54.163141451000001, "centroid_within_geometry": true, "weather_point_lon_candidate": 38.365581655, "weather_point_lat_candidate": 54.163071158999998, "active_2026_candidate": false, "active_reason": "sp_no_irrigation_2026_flag_not_active", "season_year_candidate": null, "crop_raw": "", "crop_code_candidate": "", "crop_parameter_set_candidate_key": "", "regional_crop_parameter_set_candidate_key": "", "crop_parameter_candidate_status": "no_crop_in_kml", "crop_parameter_candidate_comment_ru": "В СП(2).kml культура не задана для этого поля.", "sowing_date_raw": "", "calculation_ready": false, "calculation_blockers_json": [ ], "geometry_hash_sha256": "afba853440c9e2c2acbb03059e65636b01f64414e746aad8081cb9b663184a31", "source_attributes_json": { "area_": "37.84", "fid": "167", "kml_name": "1.10" }, "rectangle_area_ha": 47.332336884674767, "rectangle_angle_deg": 65.096559724089502, "rectangle_width_m": 682.61801405827282, "rectangle_height_m": 693.39419572707266, "rectangle_crs": "EPSG:32637" }, "geometry": { "type": "Polygon", "coordinates": [ [ [ 38.358547117961002, 54.164407025805851 ], [ 38.363034810032715, 54.158866042387146 ], [ 38.372625846020767, 54.161540675504575 ], [ 38.368139140340425, 54.167082016570767 ], [ 38.358547117961002, 54.164407025805851 ] ] ] } },
{ "type": "Feature", "properties": { "dataset_code": "SP", "source_file": "СП(2).kml", "placemark_index": 90, "organization_code": "SP", "organization_name_raw": "СП / Спасское", "farm_name_raw": "", "region_name_raw": "", "district_name_raw": "", "field_external_key": "SP:1.11", "field_code_raw": "1.11", "field_name_raw": "1.11", "field_code_unique_status": "unique", "source_fid": "169", "declared_area_ha": 56.5, "geometry_area_ha": 56.502824, "area_diff_ha": 0.002824, "area_diff_pct": 0.004998, "area_quality_status": "ok", "geometry_type": "Polygon", "polygon_count": 1, "inner_ring_count": 0, "geometry_valid": true, "geometry_validity_reason": "Valid Geometry", "centroid_lon": 38.360682764000003, "centroid_lat": 54.169088441, "representative_lon": 38.360762459, "representative_lat": 54.169104308000001, "centroid_within_geometry": true, "weather_point_lon_candidate": 38.360682764000003, "weather_point_lat_candidate": 54.169088441, "active_2026_candidate": true, "active_reason": "sp_irrigation_2026_flag_1", "season_year_candidate": null, "crop_raw": "картофель среднеспелый", "crop_code_candidate": "potato", "crop_parameter_set_candidate_key": "aquacrop_v7_3_reference_potato", "regional_crop_parameter_set_candidate_key": "aquacrop_v7_3_regional_potato_tula_oblast", "crop_parameter_candidate_status": "reference_selected_region_needs_confirmation", "crop_parameter_candidate_comment_ru": "В СП(2).kml регион не указан. Для безопасной первичной загрузки выбран reference potato; региональный набор potato_tula_oblast указан как кандидат и требует подтверждения, что СП относится к Тульской области/соответствующему региональному сценарию.", "sowing_date_raw": "", "calculation_ready": false, "calculation_blockers_json": [ "missing_sowing_date", "missing_soil_profile" ], "geometry_hash_sha256": "3f430624e101c8b77e9c245591766110cedde88afabd68573b4e7928cd0e8ba6", "source_attributes_json": { "area_": "56.5", "crop": "картофель среднеспелый", "fid": "169", "kml_name": "1.11", "полив в 2026 году": "1" }, "rectangle_area_ha": 71.945473360715667, "rectangle_angle_deg": 163.41847533056932, "rectangle_width_m": 841.66154958773404, "rectangle_height_m": 854.80290023889393, "rectangle_crs": "EPSG:32637" }, "geometry": { "type": "Polygon", "coordinates": [ [ [ 38.364895218443323, 54.173841651738066 ], [ 38.352572046276514, 54.171617227749053 ], [ 38.356422989175279, 54.164274525897284 ], [ 38.368744192053605, 54.166498553226972 ], [ 38.364895218443323, 54.173841651738066 ] ] ] } },
{ "type": "Feature", "properties": { "dataset_code": "SP", "source_file": "СП(2).kml", "placemark_index": 91, "organization_code": "SP", "organization_name_raw": "СП / Спасское", "farm_name_raw": "", "region_name_raw": "", "district_name_raw": "", "field_external_key": "SP:2.4", "field_code_raw": "2.4", "field_name_raw": "2.4", "field_code_unique_status": "unique", "source_fid": "171", "declared_area_ha": 50.25, "geometry_area_ha": 50.246488, "area_diff_ha": -0.003512, "area_diff_pct": -0.006988, "area_quality_status": "ok", "geometry_type": "Polygon", "polygon_count": 1, "inner_ring_count": 0, "geometry_valid": true, "geometry_validity_reason": "Valid Geometry", "centroid_lon": 38.357427639000001, "centroid_lat": 54.137251892000002, "representative_lon": 38.35766464, "representative_lat": 54.136840302000003, "centroid_within_geometry": true, "weather_point_lon_candidate": 38.357427639000001, "weather_point_lat_candidate": 54.137251892000002, "active_2026_candidate": false, "active_reason": "sp_no_irrigation_2026_flag_not_active", "season_year_candidate": null, "crop_raw": "", "crop_code_candidate": "", "crop_parameter_set_candidate_key": "", "regional_crop_parameter_set_candidate_key": "", "crop_parameter_candidate_status": "no_crop_in_kml", "crop_parameter_candidate_comment_ru": "В СП(2).kml культура не задана для этого поля.", "sowing_date_raw": "", "calculation_ready": false, "calculation_blockers_json": [ ], "geometry_hash_sha256": "d83ed29172bafd90026bbe96362e0f23eaa22a80c8750137b4fab1bb22c8ff73", "source_attributes_json": { "area_": "50.25", "fid": "171", "kml_name": "2.4" }, "rectangle_area_ha": 71.409440412307191, "rectangle_angle_deg": 73.434872804650126, "rectangle_width_m": 818.86452168645337, "rectangle_height_m": 872.05439387261868, "rectangle_crs": "EPSG:32637" }, "geometry": { "type": "Polygon", "coordinates": [ [ [ 38.365764616093429, 54.134661665059916 ], [ 38.36208328846147, 54.141696612684314 ], [ 38.349324055712408, 54.13939370215688 ], [ 38.353007334772144, 54.132359147530281 ], [ 38.365764616093429, 54.134661665059916 ] ] ] } },
{ "type": "Feature", "properties": { "dataset_code": "SP", "source_file": "СП(2).kml", "placemark_index": 92, "organization_code": "SP", "organization_name_raw": "СП / Спасское", "farm_name_raw": "", "region_name_raw": "", "district_name_raw": "", "field_external_key": "SP:2.6", "field_code_raw": "2.6", "field_name_raw": "2.6", "field_code_unique_status": "unique", "source_fid": "172", "declared_area_ha": 64.61, "geometry_area_ha": 64.608599, "area_diff_ha": -0.001401, "area_diff_pct": -0.002169, "area_quality_status": "ok", "geometry_type": "Polygon", "polygon_count": 1, "inner_ring_count": 0, "geometry_valid": true, "geometry_validity_reason": "Valid Geometry", "centroid_lon": 38.362586426999997, "centroid_lat": 54.145541076000001, "representative_lon": 38.362419328999998, "representative_lat": 54.145525231000001, "centroid_within_geometry": true, "weather_point_lon_candidate": 38.362586426999997, "weather_point_lat_candidate": 54.145541076000001, "active_2026_candidate": true, "active_reason": "sp_irrigation_2026_flag_1", "season_year_candidate": null, "crop_raw": "картофель среднеспелый", "crop_code_candidate": "potato", "crop_parameter_set_candidate_key": "aquacrop_v7_3_reference_potato", "regional_crop_parameter_set_candidate_key": "aquacrop_v7_3_regional_potato_tula_oblast", "crop_parameter_candidate_status": "reference_selected_region_needs_confirmation", "crop_parameter_candidate_comment_ru": "В СП(2).kml регион не указан. Для безопасной первичной загрузки выбран reference potato; региональный набор potato_tula_oblast указан как кандидат и требует подтверждения, что СП относится к Тульской области/соответствующему региональному сценарию.", "sowing_date_raw": "", "calculation_ready": false, "calculation_blockers_json": [ "missing_sowing_date", "missing_soil_profile" ], "geometry_hash_sha256": "92d479fe4b2aeed85efa2c4cc48807c3616e5f65dfa7069be6f394e71dd28b61", "source_attributes_json": { "area_": "64.61", "crop": "картофель среднеспелый", "fid": "172", "kml_name": "2.6", "полив в 2026 году": "1" }, "rectangle_area_ha": 82.962249041406082, "rectangle_angle_deg": 6.8788239793534558, "rectangle_width_m": 897.5409760910552, "rectangle_height_m": 924.32826189976186, "rectangle_crs": "EPSG:32637" }, "geometry": { "type": "Polygon", "coordinates": [ [ [ 38.354809771159552, 54.141868687454362 ], [ 38.36846405208432, 54.140974899829345 ], [ 38.370033402877183, 54.149231061053356 ], [ 38.356376436126332, 54.150125017849525 ], [ 38.354809771159552, 54.141868687454362 ] ] ] } },
{ "type": "Feature", "properties": { "dataset_code": "SP", "source_file": "СП(2).kml", "placemark_index": 93, "organization_code": "SP", "organization_name_raw": "СП / Спасское", "farm_name_raw": "", "region_name_raw": "", "district_name_raw": "", "field_external_key": "SP:2.8", "field_code_raw": "2.8", "field_name_raw": "2.8", "field_code_unique_status": "unique", "source_fid": "173", "declared_area_ha": 28.8, "geometry_area_ha": 28.798123, "area_diff_ha": -0.001877, "area_diff_pct": -0.006517, "area_quality_status": "ok", "geometry_type": "Polygon", "polygon_count": 1, "inner_ring_count": 0, "geometry_valid": true, "geometry_validity_reason": "Valid Geometry", "centroid_lon": 38.385545968000002, "centroid_lat": 54.150629363, "representative_lon": 38.38552508, "representative_lat": 54.150581201000001, "centroid_within_geometry": true, "weather_point_lon_candidate": 38.385545968000002, "weather_point_lat_candidate": 54.150629363, "active_2026_candidate": false, "active_reason": "sp_no_irrigation_2026_flag_not_active", "season_year_candidate": null, "crop_raw": "", "crop_code_candidate": "", "crop_parameter_set_candidate_key": "", "regional_crop_parameter_set_candidate_key": "", "crop_parameter_candidate_status": "no_crop_in_kml", "crop_parameter_candidate_comment_ru": "В СП(2).kml культура не задана для этого поля.", "sowing_date_raw": "", "calculation_ready": false, "calculation_blockers_json": [ ], "geometry_hash_sha256": "2f54228a94e635db50d9647e1ad595b982098b9cf4f4d82ed6c7d3f176c6c213", "source_attributes_json": { "area_": "28.8", "fid": "173", "kml_name": "2.8" }, "rectangle_area_ha": 36.982564762652828, "rectangle_angle_deg": 75.274783038629039, "rectangle_width_m": 596.81931026093662, "rectangle_height_m": 619.66099499166012, "rectangle_crs": "EPSG:32637" }, "geometry": { "type": "Polygon", "coordinates": [ [ [ 38.379791871189632, 54.152376434593421 ], [ 38.382191776579646, 54.147200825124095 ], [ 38.391345730930396, 54.148663101391861 ], [ 38.388946880067898, 54.153838894840305 ], [ 38.379791871189632, 54.152376434593421 ] ] ] } },
{ "type": "Feature", "properties": { "dataset_code": "SP", "source_file": "СП(2).kml", "placemark_index": 94, "organization_code": "SP", "organization_name_raw": "СП / Спасское", "farm_name_raw": "", "region_name_raw": "", "district_name_raw": "", "field_external_key": "SP:2.7", "field_code_raw": "2.7", "field_name_raw": "2.7", "field_code_unique_status": "unique", "source_fid": "174", "declared_area_ha": 29.61, "geometry_area_ha": 29.611339, "area_diff_ha": 0.001339, "area_diff_pct": 0.004523, "area_quality_status": "ok", "geometry_type": "Polygon", "polygon_count": 1, "inner_ring_count": 0, "geometry_valid": true, "geometry_validity_reason": "Valid Geometry", "centroid_lon": 38.38082414, "centroid_lat": 54.146054923999998, "representative_lon": 38.380827238000002, "representative_lat": 54.146017628000003, "centroid_within_geometry": true, "weather_point_lon_candidate": 38.38082414, "weather_point_lat_candidate": 54.146054923999998, "active_2026_candidate": true, "active_reason": "sp_irrigation_2026_flag_1", "season_year_candidate": null, "crop_raw": "картофель среднеспелый", "crop_code_candidate": "potato", "crop_parameter_set_candidate_key": "aquacrop_v7_3_reference_potato", "regional_crop_parameter_set_candidate_key": "aquacrop_v7_3_regional_potato_tula_oblast", "crop_parameter_candidate_status": "reference_selected_region_needs_confirmation", "crop_parameter_candidate_comment_ru": "В СП(2).kml регион не указан. Для безопасной первичной загрузки выбран reference potato; региональный набор potato_tula_oblast указан как кандидат и требует подтверждения, что СП относится к Тульской области/соответствующему региональному сценарию.", "sowing_date_raw": "", "calculation_ready": false, "calculation_blockers_json": [ "missing_sowing_date", "missing_soil_profile" ], "geometry_hash_sha256": "504953682f8467f433a17ef84e99c9399144630c5338696e04a2aab456ff34cc", "source_attributes_json": { "area_": "29.61", "crop": "картофель среднеспелый", "fid": "174", "kml_name": "2.7", "полив в 2026 году": "1" }, "rectangle_area_ha": 36.950741841881225, "rectangle_angle_deg": 88.413543393248801, "rectangle_width_m": 596.164093822008, "rectangle_height_m": 619.80824113357812, "rectangle_crs": "EPSG:32637" }, "geometry": { "type": "Polygon", "coordinates": [ [ [ 38.385727896147976, 54.143534273267448 ], [ 38.385395931703663, 54.14888876435473 ], [ 38.375912985477235, 54.148685759736175 ], [ 38.376246171357977, 54.143331297947817 ], [ 38.385727896147976, 54.143534273267448 ] ] ] } },
{ "type": "Feature", "properties": { "dataset_code": "SP", "source_file": "СП(2).kml", "placemark_index": 95, "organization_code": "SP", "organization_name_raw": "СП / Спасское", "farm_name_raw": "", "region_name_raw": "", "district_name_raw": "", "field_external_key": "SP:3.2", "field_code_raw": "3.2", "field_name_raw": "3.2", "field_code_unique_status": "unique", "source_fid": "175", "declared_area_ha": 84.09, "geometry_area_ha": 84.087241, "area_diff_ha": -0.002759, "area_diff_pct": -0.00328, "area_quality_status": "ok", "geometry_type": "Polygon", "polygon_count": 1, "inner_ring_count": 0, "geometry_valid": true, "geometry_validity_reason": "Valid Geometry", "centroid_lon": 38.395765955999998, "centroid_lat": 54.127574537999998, "representative_lon": 38.395777588000001, "representative_lat": 54.127511122000001, "centroid_within_geometry": true, "weather_point_lon_candidate": 38.395765955999998, "weather_point_lat_candidate": 54.127574537999998, "active_2026_candidate": false, "active_reason": "sp_no_irrigation_2026_flag_not_active", "season_year_candidate": null, "crop_raw": "", "crop_code_candidate": "", "crop_parameter_set_candidate_key": "", "regional_crop_parameter_set_candidate_key": "", "crop_parameter_candidate_status": "no_crop_in_kml", "crop_parameter_candidate_comment_ru": "В СП(2).kml культура не задана для этого поля.", "sowing_date_raw": "", "calculation_ready": false, "calculation_blockers_json": [ ], "geometry_hash_sha256": "472fad08d9f40f9d16aa2805a20fcc4255ffa31d416863b109cd52be6900842c", "source_attributes_json": { "area_": "84.09", "fid": "175", "kml_name": "3.2" }, "rectangle_area_ha": 106.36776953564531, "rectangle_angle_deg": 89.963297629304293, "rectangle_width_m": 1017.9130020041484, "rectangle_height_m": 1044.9593366645277, "rectangle_crs": "EPSG:32637" }, "geometry": { "type": "Polygon", "coordinates": [ [ [ 38.387711225729376, 54.132003440325633 ], [ 38.387856069035784, 54.122855292798334 ], [ 38.403843739416821, 54.122941549688512 ], [ 38.403702417847889, 54.132089725354192 ], [ 38.387711225729376, 54.132003440325633 ] ] ] } },
{ "type": "Feature", "properties": { "dataset_code": "SP", "source_file": "СП(2).kml", "placemark_index": 96, "organization_code": "SP", "organization_name_raw": "СП / Спасское", "farm_name_raw": "", "region_name_raw": "", "district_name_raw": "", "field_external_key": "SP:3.1", "field_code_raw": "3.1", "field_name_raw": "3.1", "field_code_unique_status": "unique", "source_fid": "176", "declared_area_ha": 30.96, "geometry_area_ha": 30.956006, "area_diff_ha": -0.003994, "area_diff_pct": -0.0129, "area_quality_status": "ok", "geometry_type": "Polygon", "polygon_count": 1, "inner_ring_count": 0, "geometry_valid": true, "geometry_validity_reason": "Valid Geometry", "centroid_lon": 38.38878287, "centroid_lat": 54.121525196999997, "representative_lon": 38.388831107999998, "representative_lat": 54.121511907, "centroid_within_geometry": true, "weather_point_lon_candidate": 38.38878287, "weather_point_lat_candidate": 54.121525196999997, "active_2026_candidate": true, "active_reason": "sp_irrigation_2026_flag_1", "season_year_candidate": null, "crop_raw": "картофель среднеспелый", "crop_code_candidate": "potato", "crop_parameter_set_candidate_key": "aquacrop_v7_3_reference_potato", "regional_crop_parameter_set_candidate_key": "aquacrop_v7_3_regional_potato_tula_oblast", "crop_parameter_candidate_status": "reference_selected_region_needs_confirmation", "crop_parameter_candidate_comment_ru": "В СП(2).kml регион не указан. Для безопасной первичной загрузки выбран reference potato; региональный набор potato_tula_oblast указан как кандидат и требует подтверждения, что СП относится к Тульской области/соответствующему региональному сценарию.", "sowing_date_raw": "", "calculation_ready": false, "calculation_blockers_json": [ "missing_sowing_date", "missing_soil_profile" ], "geometry_hash_sha256": "83e420ca6255f03d4a478d7faf2cbe95479a9c3c9e157263734f30826b26ab37", "source_attributes_json": { "area_": "30.96", "crop": "картофель среднеспелый", "fid": "176", "kml_name": "3.1", "полив в 2026 году": "1" }, "rectangle_area_ha": 38.931862614552571, "rectangle_angle_deg": 124.63185043235904, "rectangle_width_m": 614.44602806121111, "rectangle_height_m": 633.60915095172822, "rectangle_crs": "EPSG:32637" }, "geometry": { "type": "Polygon", "coordinates": [ [ [ 38.387375638235881, 54.125379898776906 ], [ 38.382100357355043, 54.120808846679338 ], [ 38.390124004294066, 54.117613397016449 ], [ 38.395399767712149, 54.122184101152882 ], [ 38.387375638235881, 54.125379898776906 ] ] ] } },
{ "type": "Feature", "properties": { "dataset_code": "SP", "source_file": "СП(2).kml", "placemark_index": 97, "organization_code": "SP", "organization_name_raw": "СП / Спасское", "farm_name_raw": "", "region_name_raw": "", "district_name_raw": "", "field_external_key": "SP:1.1", "field_code_raw": "1.1", "field_name_raw": "1.1", "field_code_unique_status": "unique", "source_fid": "178", "declared_area_ha": 80.36, "geometry_area_ha": 80.359352, "area_diff_ha": -0.000648, "area_diff_pct": -0.000806, "area_quality_status": "ok", "geometry_type": "Polygon", "polygon_count": 1, "inner_ring_count": 0, "geometry_valid": true, "geometry_validity_reason": "Valid Geometry", "centroid_lon": 38.324258559, "centroid_lat": 54.148610206000001, "representative_lon": 38.324290949000002, "representative_lat": 54.148768910999998, "centroid_within_geometry": true, "weather_point_lon_candidate": 38.324258559, "weather_point_lat_candidate": 54.148610206000001, "active_2026_candidate": true, "active_reason": "sp_irrigation_2026_flag_1", "season_year_candidate": null, "crop_raw": "картофель среднеспелый", "crop_code_candidate": "potato", "crop_parameter_set_candidate_key": "aquacrop_v7_3_reference_potato", "regional_crop_parameter_set_candidate_key": "aquacrop_v7_3_regional_potato_tula_oblast", "crop_parameter_candidate_status": "reference_selected_region_needs_confirmation", "crop_parameter_candidate_comment_ru": "В СП(2).kml регион не указан. Для безопасной первичной загрузки выбран reference potato; региональный набор potato_tula_oblast указан как кандидат и требует подтверждения, что СП относится к Тульской области/соответствующему региональному сценарию.", "sowing_date_raw": "", "calculation_ready": false, "calculation_blockers_json": [ "missing_sowing_date", "missing_soil_profile" ], "geometry_hash_sha256": "92b81db47292c15aff8e37fa1d29d10b191a5a49c81967903ebcf104781a8922", "source_attributes_json": { "area_": "80.36", "crop": "картофель среднеспелый", "fid": "178", "kml_name": "1.1", "полив в 2026 году": "1" }, "rectangle_area_ha": 102.82796495291545, "rectangle_angle_deg": 126.06859876964307, "rectangle_width_m": 999.82762279966846, "rectangle_height_m": 1028.4569320557639, "rectangle_crs": "EPSG:32637" }, "geometry": { "type": "Polygon", "coordinates": [ [ [ 38.32220240208401, 54.154879051950438 ], [ 38.313309512726768, 54.14756489344073 ], [ 38.326124283345365, 54.142195056568539 ], [ 38.335018296603693, 54.149508278309483 ], [ 38.32220240208401, 54.154879051950438 ] ] ] } },
{ "type": "Feature", "properties": { "dataset_code": "SP", "source_file": "СП(2).kml", "placemark_index": 98, "organization_code": "SP", "organization_name_raw": "СП / Спасское", "farm_name_raw": "", "region_name_raw": "", "district_name_raw": "", "field_external_key": "SP:2.5", "field_code_raw": "2.5", "field_name_raw": "2.5", "field_code_unique_status": "unique", "source_fid": "179", "declared_area_ha": 26.93, "geometry_area_ha": 26.931099, "area_diff_ha": 0.001099, "area_diff_pct": 0.00408, "area_quality_status": "ok", "geometry_type": "Polygon", "polygon_count": 1, "inner_ring_count": 0, "geometry_valid": true, "geometry_validity_reason": "Valid Geometry", "centroid_lon": 38.342493322000003, "centroid_lat": 54.143725263999997, "representative_lon": 38.342517936, "representative_lat": 54.143739124, "centroid_within_geometry": true, "weather_point_lon_candidate": 38.342493322000003, "weather_point_lat_candidate": 54.143725263999997, "active_2026_candidate": true, "active_reason": "sp_irrigation_2026_flag_1", "season_year_candidate": null, "crop_raw": "картофель среднеспелый", "crop_code_candidate": "potato", "crop_parameter_set_candidate_key": "aquacrop_v7_3_reference_potato", "regional_crop_parameter_set_candidate_key": "aquacrop_v7_3_regional_potato_tula_oblast", "crop_parameter_candidate_status": "reference_selected_region_needs_confirmation", "crop_parameter_candidate_comment_ru": "В СП(2).kml регион не указан. Для безопасной первичной загрузки выбран reference potato; региональный набор potato_tula_oblast указан как кандидат и требует подтверждения, что СП относится к Тульской области/соответствующему региональному сценарию.", "sowing_date_raw": "", "calculation_ready": false, "calculation_blockers_json": [ "missing_sowing_date", "missing_soil_profile" ], "geometry_hash_sha256": "3beff5ae48656a435d6a1c984f7f2b77d93103015472e66ea50e6c618196b11e", "source_attributes_json": { "area_": "26.93", "crop": "картофель среднеспелый", "fid": "179", "kml_name": "2.5", "полив в 2026 году": "1" }, "rectangle_area_ha": 34.172735113226224, "rectangle_angle_deg": 74.062439986299182, "rectangle_width_m": 573.37684614164755, "rectangle_height_m": 595.99084516894072, "rectangle_crs": "EPSG:32637" }, "geometry": { "type": "Polygon", "coordinates": [ [ [ 38.336948016568591, 54.145356286119736 ], [ 38.339437024742352, 54.140414609996022 ], [ 38.348185633643283, 54.141933184885147 ], [ 38.345697573174093, 54.14687504330945 ], [ 38.336948016568591, 54.145356286119736 ] ] ] } },
{ "type": "Feature", "properties": { "dataset_code": "SP", "source_file": "СП(2).kml", "placemark_index": 99, "organization_code": "SP", "organization_name_raw": "СП / Спасское", "farm_name_raw": "", "region_name_raw": "", "district_name_raw": "", "field_external_key": "SP:1.2", "field_code_raw": "1.2", "field_name_raw": "1.2", "field_code_unique_status": "unique", "source_fid": "180", "declared_area_ha": 72.85, "geometry_area_ha": 72.84541, "area_diff_ha": -0.00459, "area_diff_pct": -0.0063, "area_quality_status": "ok", "geometry_type": "Polygon", "polygon_count": 1, "inner_ring_count": 0, "geometry_valid": true, "geometry_validity_reason": "Valid Geometry", "centroid_lon": 38.32987934, "centroid_lat": 54.157317577000001, "representative_lon": 38.32988126, "representative_lat": 54.157277784000001, "centroid_within_geometry": true, "weather_point_lon_candidate": 38.32987934, "weather_point_lat_candidate": 54.157317577000001, "active_2026_candidate": false, "active_reason": "sp_no_irrigation_2026_flag_not_active", "season_year_candidate": null, "crop_raw": "", "crop_code_candidate": "", "crop_parameter_set_candidate_key": "", "regional_crop_parameter_set_candidate_key": "", "crop_parameter_candidate_status": "no_crop_in_kml", "crop_parameter_candidate_comment_ru": "В СП(2).kml культура не задана для этого поля.", "sowing_date_raw": "", "calculation_ready": false, "calculation_blockers_json": [ ], "geometry_hash_sha256": "620058c81168cc655a19072f622925887bf4b044651cd1c8f661023ea6fbdc2f", "source_attributes_json": { "area_": "72.85", "fid": "180", "kml_name": "1.2" }, "rectangle_area_ha": 92.126116681605708, "rectangle_angle_deg": 127.81111226512888, "rectangle_width_m": 947.85225506080315, "rectangle_height_m": 971.94595665857196, "rectangle_crs": "EPSG:32637" }, "geometry": { "type": "Polygon", "coordinates": [ [ [ 38.331518092806135, 54.151319427165284 ], [ 38.340307697108365, 54.158098357538798 ], [ 38.328462820218455, 54.163388412390375 ], [ 38.319674045491908, 54.156608625852996 ], [ 38.331518092806135, 54.151319427165284 ] ] ] } },
{ "type": "Feature", "properties": { "dataset_code": "SP", "source_file": "СП(2).kml", "placemark_index": 100, "organization_code": "SP", "organization_name_raw": "СП / Спасское", "farm_name_raw": "", "region_name_raw": "", "district_name_raw": "", "field_external_key": "SP:3.5", "field_code_raw": "3.5", "field_name_raw": "3.5", "field_code_unique_status": "unique", "source_fid": "181", "declared_area_ha": 23.31, "geometry_area_ha": 23.310768, "area_diff_ha": 0.000768, "area_diff_pct": 0.003297, "area_quality_status": "ok", "geometry_type": "Polygon", "polygon_count": 1, "inner_ring_count": 0, "geometry_valid": true, "geometry_validity_reason": "Valid Geometry", "centroid_lon": 38.374676182000002, "centroid_lat": 54.132124226999998, "representative_lon": 38.37469394, "representative_lat": 54.132099677, "centroid_within_geometry": true, "weather_point_lon_candidate": 38.374676182000002, "weather_point_lat_candidate": 54.132124226999998, "active_2026_candidate": true, "active_reason": "sp_irrigation_2026_flag_1", "season_year_candidate": null, "crop_raw": "картофель среднеспелый", "crop_code_candidate": "potato", "crop_parameter_set_candidate_key": "aquacrop_v7_3_reference_potato", "regional_crop_parameter_set_candidate_key": "aquacrop_v7_3_regional_potato_tula_oblast", "crop_parameter_candidate_status": "reference_selected_region_needs_confirmation", "crop_parameter_candidate_comment_ru": "В СП(2).kml регион не указан. Для безопасной первичной загрузки выбран reference potato; региональный набор potato_tula_oblast указан как кандидат и требует подтверждения, что СП относится к Тульской области/соответствующему региональному сценарию.", "sowing_date_raw": "", "calculation_ready": false, "calculation_blockers_json": [ "missing_sowing_date", "missing_soil_profile" ], "geometry_hash_sha256": "7d1038f6f336cb9bdbc2bee3fc452f010b9e155f8d77a30cd46972489b023981", "source_attributes_json": { "area_": "23.31", "crop": "картофель среднеспелый", "fid": "181", "kml_name": "3.5", "полив в 2026 году": "1" }, "rectangle_area_ha": 29.417121329359837, "rectangle_angle_deg": 76.191495826265168, "rectangle_width_m": 535.09775392361917, "rectangle_height_m": 549.75228570215404, "rectangle_crs": "EPSG:32637" }, "geometry": { "type": "Polygon", "coordinates": [ [ [ 38.379755049089539, 54.130426351202537 ], [ 38.377730675444475, 54.135086303477216 ], [ 38.369578165846832, 54.133864557106108 ], [ 38.371603392669293, 54.129204743323392 ], [ 38.379755049089539, 54.130426351202537 ] ] ] } },
{ "type": "Feature", "properties": { "dataset_code": "SP", "source_file": "СП(2).kml", "placemark_index": 101, "organization_code": "SP", "organization_name_raw": "СП / Спасское", "farm_name_raw": "", "region_name_raw": "", "district_name_raw": "", "field_external_key": "SP:3.3", "field_code_raw": "3.3", "field_name_raw": "3.3", "field_code_unique_status": "unique", "source_fid": "182", "declared_area_ha": 23.63, "geometry_area_ha": 23.625913, "area_diff_ha": -0.004087, "area_diff_pct": -0.017297, "area_quality_status": "ok", "geometry_type": "Polygon", "polygon_count": 1, "inner_ring_count": 0, "geometry_valid": true, "geometry_validity_reason": "Valid Geometry", "centroid_lon": 38.407583345, "centroid_lat": 54.128773246999998, "representative_lon": 38.407714134000003, "representative_lat": 54.128787928999998, "centroid_within_geometry": true, "weather_point_lon_candidate": 38.407583345, "weather_point_lat_candidate": 54.128773246999998, "active_2026_candidate": false, "active_reason": "sp_no_irrigation_2026_flag_not_active", "season_year_candidate": null, "crop_raw": "", "crop_code_candidate": "", "crop_parameter_set_candidate_key": "", "regional_crop_parameter_set_candidate_key": "", "crop_parameter_candidate_status": "no_crop_in_kml", "crop_parameter_candidate_comment_ru": "В СП(2).kml культура не задана для этого поля.", "sowing_date_raw": "", "calculation_ready": false, "calculation_blockers_json": [ ], "geometry_hash_sha256": "12f3eff6e1676b1d8d4b14c3d345a44a84f6a443e3cd7d3d974e2f6a02701337", "source_attributes_json": { "area_": "23.63", "fid": "182", "kml_name": "3.3" }, "rectangle_area_ha": 29.863907378869278, "rectangle_angle_deg": 170.75892056876381, "rectangle_width_m": 539.29945803945884, "rectangle_height_m": 553.75370647385716, "rectangle_crs": "EPSG:32637" }, "geometry": { "type": "Polygon", "coordinates": [ [ [ 38.404262800479351, 54.125914400794727 ], [ 38.41239653361847, 54.126732777945001 ], [ 38.410966161311244, 54.131638259178033 ], [ 38.402831496925415, 54.130819783609489 ], [ 38.404262800479351, 54.125914400794727 ] ] ] } }
]
}
