SKIP kaa/KAA_КУР-ГОР-0031-2/2026-04-12: /Users/korneev/Desktop/water-regime-gis/outputs/imagery/kaa/KAA_КУР-ГОР-0031-2/2026-04-12/sentinel_analysis.tif
SKIP kaa/KAA_КУР-ГОР-0031-2/2026-04-25: /Users/korneev/Desktop/water-regime-gis/outputs/imagery/kaa/KAA_КУР-ГОР-0031-2/2026-04-25/sentinel_analysis.tif
OK kaa/KAA_КУР-ГОР-0031-2/2026-05-05: /Users/korneev/Desktop/water-regime-gis/outputs/imagery/kaa/KAA_КУР-ГОР-0031-2/2026-05-05/sentinel_analysis.tif (AOI clouds 0.0%)
OK kaa/KAA_КУР-ГОР-0031-2/2026-05-07: /Users/korneev/Desktop/water-regime-gis/outputs/imagery/kaa/KAA_КУР-ГОР-0031-2/2026-05-07/sentinel_analysis.tif (AOI clouds 0.0%)
OK kaa/KAA_КУР-ГОР-0031-2/2026-05-09: /Users/korneev/Desktop/water-regime-gis/outputs/imagery/kaa/KAA_КУР-ГОР-0031-2/2026-05-09/sentinel_analysis.tif (AOI clouds 100.0%)
OK kaa/KAA_КУР-ГОР-0031-2/2026-05-20: /Users/korneev/Desktop/water-regime-gis/outputs/imagery/kaa/KAA_КУР-ГОР-0031-2/2026-05-20/sentinel_analysis.tif (AOI clouds 0.0%)
OK kaa/KAA_КУР-ГОР-0031-2/2026-05-22: /Users/korneev/Desktop/water-regime-gis/outputs/imagery/kaa/KAA_КУР-ГОР-0031-2/2026-05-22/sentinel_analysis.tif (AOI clouds 0.0%)
OK kaa/KAA_КУР-ГОР-0031-2/2026-06-06: /Users/korneev/Desktop/water-regime-gis/outputs/imagery/kaa/KAA_КУР-ГОР-0031-2/2026-06-06/sentinel_analysis.tif (AOI clouds 21.9%)
OK kaa/KAA_КУР-ГОР-0031-2/2026-06-08: /Users/korneev/Desktop/water-regime-gis/outputs/imagery/kaa/KAA_КУР-ГОР-0031-2/2026-06-08/sentinel_analysis.tif (AOI clouds 0.0%)
OK kaa/KAA_КУР-ГОР-0031-2/2026-06-09: /Users/korneev/Desktop/water-regime-gis/outputs/imagery/kaa/KAA_КУР-ГОР-0031-2/2026-06-09/sentinel_analysis.tif (AOI clouds 0.0%)
OK kaa/KAA_КУР-ГОР-0031-2/2026-06-11: /Users/korneev/Desktop/water-regime-gis/outputs/imagery/kaa/KAA_КУР-ГОР-0031-2/2026-06-11/sentinel_analysis.tif (AOI clouds 29.9%)
OK kaa/KAA_КУР-ГОР-0031-2/2026-06-24: /Users/korneev/Desktop/water-regime-gis/outputs/imagery/kaa/KAA_КУР-ГОР-0031-2/2026-06-24/sentinel_analysis.tif (AOI clouds 58.2%)
OK kaa/KAA_КУР-ГОР-0031-2/2026-07-08: /Users/korneev/Desktop/water-regime-gis/outputs/imagery/kaa/KAA_КУР-ГОР-0031-2/2026-07-08/sentinel_analysis.tif (AOI clouds 0.0%)
OK kaa/KAA_КУР-ГОР-0031-2/2026-07-18: /Users/korneev/Desktop/water-regime-gis/outputs/imagery/kaa/KAA_КУР-ГОР-0031-2/2026-07-18/sentinel_analysis.tif (AOI clouds 0.0%)
OK kaa/KAA_КУР-ГОР-0031-2/2026-07-19: /Users/korneev/Desktop/water-regime-gis/outputs/imagery/kaa/KAA_КУР-ГОР-0031-2/2026-07-19/sentinel_analysis.tif (AOI clouds 16.5%)
OK kaa/KAA_КУР-ГОР-0031-2/2026-07-31: /Users/korneev/Desktop/water-regime-gis/outputs/imagery/kaa/KAA_КУР-ГОР-0031-2/2026-07-31/sentinel_analysis.tif (AOI clouds 94.7%)
OK kaa/KAA_КУР-ГОР-0031-2/2026-08-03: /Users/korneev/Desktop/water-regime-gis/outputs/imagery/kaa/KAA_КУР-ГОР-0031-2/2026-08-03/sentinel_analysis.tif (AOI clouds 0.0%)
OK kaa/KAA_КУР-ГОР-0031-2/2026-08-05: /Users/korneev/Desktop/water-regime-gis/outputs/imagery/kaa/KAA_КУР-ГОР-0031-2/2026-08-05/sentinel_analysis.tif (AOI clouds 0.0%)
OK kaa/KAA_КУР-ГОР-0031-2/2026-08-07: /Users/korneev/Desktop/water-regime-gis/outputs/imagery/kaa/KAA_КУР-ГОР-0031-2/2026-08-07/sentinel_analysis.tif (AOI clouds 0.0%)
OK kaa/KAA_КУР-ГОР-0031-2/2026-08-08: /Users/korneev/Desktop/water-regime-gis/outputs/imagery/kaa/KAA_КУР-ГОР-0031-2/2026-08-08/sentinel_analysis.tif (AOI clouds 0.0%)
OK kaa/KAA_КУР-ГОР-0031-2/2026-08-10: /Users/korneev/Desktop/water-regime-gis/outputs/imagery/kaa/KAA_КУР-ГОР-0031-2/2026-08-10/sentinel_analysis.tif (AOI clouds 0.0%)
OK kaa/KAA_КУР-ГОР-0056-02/2026-04-25: /Users/korneev/Desktop/water-regime-gis/outputs/imagery/kaa/KAA_КУР-ГОР-0056-02/2026-04-25/sentinel_analysis.tif (AOI clouds 0.0%)
OK kaa/KAA_КУР-ГОР-0056-02/2026-05-05: /Users/korneev/Desktop/water-regime-gis/outputs/imagery/kaa/KAA_КУР-ГОР-0056-02/2026-05-05/sentinel_analysis.tif (AOI clouds 0.0%)
OK kaa/KAA_КУР-ГОР-0056-02/2026-05-07: /Users/korneev/Desktop/water-regime-gis/outputs/imagery/kaa/KAA_КУР-ГОР-0056-02/2026-05-07/sentinel_analysis.tif (AOI clouds 0.0%)
OK kaa/KAA_КУР-ГОР-0056-02/2026-05-20: /Users/korneev/Desktop/water-regime-gis/outputs/imagery/kaa/KAA_КУР-ГОР-0056-02/2026-05-20/sentinel_analysis.tif (AOI clouds 5.0%)
OK kaa/KAA_КУР-ГОР-0056-02/2026-05-22: /Users/korneev/Desktop/water-regime-gis/outputs/imagery/kaa/KAA_КУР-ГОР-0056-02/2026-05-22/sentinel_analysis.tif (AOI clouds 0.0%)
OK kaa/KAA_КУР-ГОР-0056-02/2026-06-08: /Users/korneev/Desktop/water-regime-gis/outputs/imagery/kaa/KAA_КУР-ГОР-0056-02/2026-06-08/sentinel_analysis.tif (AOI clouds 0.0%)
OK kaa/KAA_КУР-ГОР-0056-02/2026-06-09: /Users/korneev/Desktop/water-regime-gis/outputs/imagery/kaa/KAA_КУР-ГОР-0056-02/2026-06-09/sentinel_analysis.tif (AOI clouds 0.0%)
OK kaa/KAA_КУР-ГОР-0056-02/2026-06-11: /Users/korneev/Desktop/water-regime-gis/outputs/imagery/kaa/KAA_КУР-ГОР-0056-02/2026-06-11/sentinel_analysis.tif (AOI clouds 100.0%)
OK kaa/KAA_КУР-ГОР-0056-02/2026-06-18: /Users/korneev/Desktop/water-regime-gis/outputs/imagery/kaa/KAA_КУР-ГОР-0056-02/2026-06-18/sentinel_analysis.tif (AOI clouds 0.0%)
OK kaa/KAA_КУР-ГОР-0056-02/2026-07-01: /Users/korneev/Desktop/water-regime-gis/outputs/imagery/kaa/KAA_КУР-ГОР-0056-02/2026-07-01/sentinel_analysis.tif (AOI clouds 60.2%)
OK kaa/KAA_КУР-ГОР-0056-02/2026-07-18: /Users/korneev/Desktop/water-regime-gis/outputs/imagery/kaa/KAA_КУР-ГОР-0056-02/2026-07-18/sentinel_analysis.tif (AOI clouds 0.0%)
OK kaa/KAA_КУР-ГОР-0056-02/2026-07-19: /Users/korneev/Desktop/water-regime-gis/outputs/imagery/kaa/KAA_КУР-ГОР-0056-02/2026-07-19/sentinel_analysis.tif (AOI clouds 75.2%)
OK kaa/KAA_КУР-ГОР-0056-02/2026-07-31: /Users/korneev/Desktop/water-regime-gis/outputs/imagery/kaa/KAA_КУР-ГОР-0056-02/2026-07-31/sentinel_analysis.tif (AOI clouds 13.2%)
OK kaa/KAA_КУР-ГОР-0056-02/2026-08-03: /Users/korneev/Desktop/water-regime-gis/outputs/imagery/kaa/KAA_КУР-ГОР-0056-02/2026-08-03/sentinel_analysis.tif (AOI clouds 0.0%)
OK kaa/KAA_КУР-ГОР-0056-02/2026-08-07: /Users/korneev/Desktop/water-regime-gis/outputs/imagery/kaa/KAA_КУР-ГОР-0056-02/2026-08-07/sentinel_analysis.tif (AOI clouds 0.0%)
OK kaa/KAA_КУР-ГОР-0056-02/2026-08-08: /Users/korneev/Desktop/water-regime-gis/outputs/imagery/kaa/KAA_КУР-ГОР-0056-02/2026-08-08/sentinel_analysis.tif (AOI clouds 0.0%)
OK kaa/KAA_КУР-ГОР-0056-02/2026-08-10: /Users/korneev/Desktop/water-regime-gis/outputs/imagery/kaa/KAA_КУР-ГОР-0056-02/2026-08-10/sentinel_analysis.tif (AOI clouds 0.6%)
OK kaa/KAA_КУР-ГОР-0057-02/2026-04-25: /Users/korneev/Desktop/water-regime-gis/outputs/imagery/kaa/KAA_КУР-ГОР-0057-02/2026-04-25/sentinel_analysis.tif (AOI clouds 2.6%)
OK kaa/KAA_КУР-ГОР-0057-02/2026-05-05: /Users/korneev/Desktop/water-regime-gis/outputs/imagery/kaa/KAA_КУР-ГОР-0057-02/2026-05-05/sentinel_analysis.tif (AOI clouds 0.0%)
OK kaa/KAA_КУР-ГОР-0057-02/2026-05-07: /Users/korneev/Desktop/water-regime-gis/outputs/imagery/kaa/KAA_КУР-ГОР-0057-02/2026-05-07/sentinel_analysis.tif (AOI clouds 0.0%)
OK kaa/KAA_КУР-ГОР-0057-02/2026-05-20: /Users/korneev/Desktop/water-regime-gis/outputs/imagery/kaa/KAA_КУР-ГОР-0057-02/2026-05-20/sentinel_analysis.tif (AOI clouds 0.0%)
OK kaa/KAA_КУР-ГОР-0057-02/2026-05-22: /Users/korneev/Desktop/water-regime-gis/outputs/imagery/kaa/KAA_КУР-ГОР-0057-02/2026-05-22/sentinel_analysis.tif (AOI clouds 0.0%)
OK kaa/KAA_КУР-ГОР-0057-02/2026-06-08: /Users/korneev/Desktop/water-regime-gis/outputs/imagery/kaa/KAA_КУР-ГОР-0057-02/2026-06-08/sentinel_analysis.tif (AOI clouds 0.0%)
OK kaa/KAA_КУР-ГОР-0057-02/2026-06-09: /Users/korneev/Desktop/water-regime-gis/outputs/imagery/kaa/KAA_КУР-ГОР-0057-02/2026-06-09/sentinel_analysis.tif (AOI clouds 0.0%)
OK kaa/KAA_КУР-ГОР-0057-02/2026-06-11: /Users/korneev/Desktop/water-regime-gis/outputs/imagery/kaa/KAA_КУР-ГОР-0057-02/2026-06-11/sentinel_analysis.tif (AOI clouds 100.0%)
OK kaa/KAA_КУР-ГОР-0057-02/2026-06-18: /Users/korneev/Desktop/water-regime-gis/outputs/imagery/kaa/KAA_КУР-ГОР-0057-02/2026-06-18/sentinel_analysis.tif (AOI clouds 0.0%)
OK kaa/KAA_КУР-ГОР-0057-02/2026-07-01: /Users/korneev/Desktop/water-regime-gis/outputs/imagery/kaa/KAA_КУР-ГОР-0057-02/2026-07-01/sentinel_analysis.tif (AOI clouds 100.0%)
OK kaa/KAA_КУР-ГОР-0057-02/2026-07-18: /Users/korneev/Desktop/water-regime-gis/outputs/imagery/kaa/KAA_КУР-ГОР-0057-02/2026-07-18/sentinel_analysis.tif (AOI clouds 0.0%)
OK kaa/KAA_КУР-ГОР-0057-02/2026-07-19: /Users/korneev/Desktop/water-regime-gis/outputs/imagery/kaa/KAA_КУР-ГОР-0057-02/2026-07-19/sentinel_analysis.tif (AOI clouds 76.7%)
OK kaa/KAA_КУР-ГОР-0057-02/2026-07-31: /Users/korneev/Desktop/water-regime-gis/outputs/imagery/kaa/KAA_КУР-ГОР-0057-02/2026-07-31/sentinel_analysis.tif (AOI clouds 93.3%)
OK kaa/KAA_КУР-ГОР-0057-02/2026-08-03: /Users/korneev/Desktop/water-regime-gis/outputs/imagery/kaa/KAA_КУР-ГОР-0057-02/2026-08-03/sentinel_analysis.tif (AOI clouds 0.0%)
OK kaa/KAA_КУР-ГОР-0057-02/2026-08-07: /Users/korneev/Desktop/water-regime-gis/outputs/imagery/kaa/KAA_КУР-ГОР-0057-02/2026-08-07/sentinel_analysis.tif (AOI clouds 0.0%)
OK kaa/KAA_КУР-ГОР-0057-02/2026-08-08: /Users/korneev/Desktop/water-regime-gis/outputs/imagery/kaa/KAA_КУР-ГОР-0057-02/2026-08-08/sentinel_analysis.tif (AOI clouds 75.4%)
OK kaa/KAA_КУР-ГОР-0057-02/2026-08-10: /Users/korneev/Desktop/water-regime-gis/outputs/imagery/kaa/KAA_КУР-ГОР-0057-02/2026-08-10/sentinel_analysis.tif (AOI clouds 0.0%)
OK kaa/KAA_КУР-ГОР-0057-03/2026-04-25: /Users/korneev/Desktop/water-regime-gis/outputs/imagery/kaa/KAA_КУР-ГОР-0057-03/2026-04-25/sentinel_analysis.tif (AOI clouds 31.3%)
OK kaa/KAA_КУР-ГОР-0057-03/2026-05-05: /Users/korneev/Desktop/water-regime-gis/outputs/imagery/kaa/KAA_КУР-ГОР-0057-03/2026-05-05/sentinel_analysis.tif (AOI clouds 0.0%)
OK kaa/KAA_КУР-ГОР-0057-03/2026-05-07: /Users/korneev/Desktop/water-regime-gis/outputs/imagery/kaa/KAA_КУР-ГОР-0057-03/2026-05-07/sentinel_analysis.tif (AOI clouds 0.0%)
OK kaa/KAA_КУР-ГОР-0057-03/2026-05-20: /Users/korneev/Desktop/water-regime-gis/outputs/imagery/kaa/KAA_КУР-ГОР-0057-03/2026-05-20/sentinel_analysis.tif (AOI clouds 35.4%)
OK kaa/KAA_КУР-ГОР-0057-03/2026-05-22: /Users/korneev/Desktop/water-regime-gis/outputs/imagery/kaa/KAA_КУР-ГОР-0057-03/2026-05-22/sentinel_analysis.tif (AOI clouds 0.0%)
OK kaa/KAA_КУР-ГОР-0057-03/2026-06-08: /Users/korneev/Desktop/water-regime-gis/outputs/imagery/kaa/KAA_КУР-ГОР-0057-03/2026-06-08/sentinel_analysis.tif (AOI clouds 0.0%)
OK kaa/KAA_КУР-ГОР-0057-03/2026-06-09: /Users/korneev/Desktop/water-regime-gis/outputs/imagery/kaa/KAA_КУР-ГОР-0057-03/2026-06-09/sentinel_analysis.tif (AOI clouds 0.0%)
OK kaa/KAA_КУР-ГОР-0057-03/2026-06-11: /Users/korneev/Desktop/water-regime-gis/outputs/imagery/kaa/KAA_КУР-ГОР-0057-03/2026-06-11/sentinel_analysis.tif (AOI clouds 100.0%)
OK kaa/KAA_КУР-ГОР-0057-03/2026-06-18: /Users/korneev/Desktop/water-regime-gis/outputs/imagery/kaa/KAA_КУР-ГОР-0057-03/2026-06-18/sentinel_analysis.tif (AOI clouds 8.7%)
OK kaa/KAA_КУР-ГОР-0057-03/2026-07-01: /Users/korneev/Desktop/water-regime-gis/outputs/imagery/kaa/KAA_КУР-ГОР-0057-03/2026-07-01/sentinel_analysis.tif (AOI clouds 93.8%)
OK kaa/KAA_КУР-ГОР-0057-03/2026-07-18: /Users/korneev/Desktop/water-regime-gis/outputs/imagery/kaa/KAA_КУР-ГОР-0057-03/2026-07-18/sentinel_analysis.tif (AOI clouds 0.0%)
OK kaa/KAA_КУР-ГОР-0057-03/2026-07-19: /Users/korneev/Desktop/water-regime-gis/outputs/imagery/kaa/KAA_КУР-ГОР-0057-03/2026-07-19/sentinel_analysis.tif (AOI clouds 84.7%)
OK kaa/KAA_КУР-ГОР-0057-03/2026-07-31: /Users/korneev/Desktop/water-regime-gis/outputs/imagery/kaa/KAA_КУР-ГОР-0057-03/2026-07-31/sentinel_analysis.tif (AOI clouds 97.3%)
OK kaa/KAA_КУР-ГОР-0057-03/2026-08-03: /Users/korneev/Desktop/water-regime-gis/outputs/imagery/kaa/KAA_КУР-ГОР-0057-03/2026-08-03/sentinel_analysis.tif (AOI clouds 0.0%)
OK kaa/KAA_КУР-ГОР-0057-03/2026-08-07: /Users/korneev/Desktop/water-regime-gis/outputs/imagery/kaa/KAA_КУР-ГОР-0057-03/2026-08-07/sentinel_analysis.tif (AOI clouds 0.0%)
OK kaa/KAA_КУР-ГОР-0057-03/2026-08-08: /Users/korneev/Desktop/water-regime-gis/outputs/imagery/kaa/KAA_КУР-ГОР-0057-03/2026-08-08/sentinel_analysis.tif (AOI clouds 99.1%)
OK kaa/KAA_КУР-ГОР-0057-03/2026-08-10: /Users/korneev/Desktop/water-regime-gis/outputs/imagery/kaa/KAA_КУР-ГОР-0057-03/2026-08-10/sentinel_analysis.tif (AOI clouds 0.0%)
OK kaa/KAA_КУР-ГОР-0058-02/2026-04-25: /Users/korneev/Desktop/water-regime-gis/outputs/imagery/kaa/KAA_КУР-ГОР-0058-02/2026-04-25/sentinel_analysis.tif (AOI clouds 86.5%)
OK kaa/KAA_КУР-ГОР-0058-02/2026-05-05: /Users/korneev/Desktop/water-regime-gis/outputs/imagery/kaa/KAA_КУР-ГОР-0058-02/2026-05-05/sentinel_analysis.tif (AOI clouds 0.0%)
OK kaa/KAA_КУР-ГОР-0058-02/2026-05-07: /Users/korneev/Desktop/water-regime-gis/outputs/imagery/kaa/KAA_КУР-ГОР-0058-02/2026-05-07/sentinel_analysis.tif (AOI clouds 0.0%)
OK kaa/KAA_КУР-ГОР-0058-02/2026-05-20: /Users/korneev/Desktop/water-regime-gis/outputs/imagery/kaa/KAA_КУР-ГОР-0058-02/2026-05-20/sentinel_analysis.tif (AOI clouds 100.0%)
OK kaa/KAA_КУР-ГОР-0058-02/2026-05-22: /Users/korneev/Desktop/water-regime-gis/outputs/imagery/kaa/KAA_КУР-ГОР-0058-02/2026-05-22/sentinel_analysis.tif (AOI clouds 0.0%)
OK kaa/KAA_КУР-ГОР-0058-02/2026-06-08: /Users/korneev/Desktop/water-regime-gis/outputs/imagery/kaa/KAA_КУР-ГОР-0058-02/2026-06-08/sentinel_analysis.tif (AOI clouds 0.0%)
OK kaa/KAA_КУР-ГОР-0058-02/2026-06-09: /Users/korneev/Desktop/water-regime-gis/outputs/imagery/kaa/KAA_КУР-ГОР-0058-02/2026-06-09/sentinel_analysis.tif (AOI clouds 0.0%)
OK kaa/KAA_КУР-ГОР-0058-02/2026-06-11: /Users/korneev/Desktop/water-regime-gis/outputs/imagery/kaa/KAA_КУР-ГОР-0058-02/2026-06-11/sentinel_analysis.tif (AOI clouds 100.0%)
OK kaa/KAA_КУР-ГОР-0058-02/2026-06-18: /Users/korneev/Desktop/water-regime-gis/outputs/imagery/kaa/KAA_КУР-ГОР-0058-02/2026-06-18/sentinel_analysis.tif (AOI clouds 0.4%)
OK kaa/KAA_КУР-ГОР-0058-02/2026-07-01: /Users/korneev/Desktop/water-regime-gis/outputs/imagery/kaa/KAA_КУР-ГОР-0058-02/2026-07-01/sentinel_analysis.tif (AOI clouds 0.7%)
OK kaa/KAA_КУР-ГОР-0058-02/2026-07-18: /Users/korneev/Desktop/water-regime-gis/outputs/imagery/kaa/KAA_КУР-ГОР-0058-02/2026-07-18/sentinel_analysis.tif (AOI clouds 0.0%)
OK kaa/KAA_КУР-ГОР-0058-02/2026-07-19: /Users/korneev/Desktop/water-regime-gis/outputs/imagery/kaa/KAA_КУР-ГОР-0058-02/2026-07-19/sentinel_analysis.tif (AOI clouds 72.2%)
OK kaa/KAA_КУР-ГОР-0058-02/2026-07-31: /Users/korneev/Desktop/water-regime-gis/outputs/imagery/kaa/KAA_КУР-ГОР-0058-02/2026-07-31/sentinel_analysis.tif (AOI clouds 78.9%)
OK kaa/KAA_КУР-ГОР-0058-02/2026-08-03: /Users/korneev/Desktop/water-regime-gis/outputs/imagery/kaa/KAA_КУР-ГОР-0058-02/2026-08-03/sentinel_analysis.tif (AOI clouds 0.0%)
OK kaa/KAA_КУР-ГОР-0058-02/2026-08-07: /Users/korneev/Desktop/water-regime-gis/outputs/imagery/kaa/KAA_КУР-ГОР-0058-02/2026-08-07/sentinel_analysis.tif (AOI clouds 0.0%)
OK kaa/KAA_КУР-ГОР-0058-02/2026-08-08: /Users/korneev/Desktop/water-regime-gis/outputs/imagery/kaa/KAA_КУР-ГОР-0058-02/2026-08-08/sentinel_analysis.tif (AOI clouds 38.0%)
OK kaa/KAA_КУР-ГОР-0058-02/2026-08-10: /Users/korneev/Desktop/water-regime-gis/outputs/imagery/kaa/KAA_КУР-ГОР-0058-02/2026-08-10/sentinel_analysis.tif (AOI clouds 0.0%)
OK kaa/KAA_КУР-ГОР-0058-03/2026-04-25: /Users/korneev/Desktop/water-regime-gis/outputs/imagery/kaa/KAA_КУР-ГОР-0058-03/2026-04-25/sentinel_analysis.tif (AOI clouds 81.4%)
OK kaa/KAA_КУР-ГОР-0058-03/2026-05-05: /Users/korneev/Desktop/water-regime-gis/outputs/imagery/kaa/KAA_КУР-ГОР-0058-03/2026-05-05/sentinel_analysis.tif (AOI clouds 0.0%)
OK kaa/KAA_КУР-ГОР-0058-03/2026-05-07: /Users/korneev/Desktop/water-regime-gis/outputs/imagery/kaa/KAA_КУР-ГОР-0058-03/2026-05-07/sentinel_analysis.tif (AOI clouds 0.0%)
OK kaa/KAA_КУР-ГОР-0058-03/2026-05-20: /Users/korneev/Desktop/water-regime-gis/outputs/imagery/kaa/KAA_КУР-ГОР-0058-03/2026-05-20/sentinel_analysis.tif (AOI clouds 100.0%)
OK kaa/KAA_КУР-ГОР-0058-03/2026-05-22: /Users/korneev/Desktop/water-regime-gis/outputs/imagery/kaa/KAA_КУР-ГОР-0058-03/2026-05-22/sentinel_analysis.tif (AOI clouds 0.0%)
OK kaa/KAA_КУР-ГОР-0058-03/2026-06-08: /Users/korneev/Desktop/water-regime-gis/outputs/imagery/kaa/KAA_КУР-ГОР-0058-03/2026-06-08/sentinel_analysis.tif (AOI clouds 0.0%)
OK kaa/KAA_КУР-ГОР-0058-03/2026-06-09: /Users/korneev/Desktop/water-regime-gis/outputs/imagery/kaa/KAA_КУР-ГОР-0058-03/2026-06-09/sentinel_analysis.tif (AOI clouds 0.0%)
OK kaa/KAA_КУР-ГОР-0058-03/2026-06-11: /Users/korneev/Desktop/water-regime-gis/outputs/imagery/kaa/KAA_КУР-ГОР-0058-03/2026-06-11/sentinel_analysis.tif (AOI clouds 100.0%)
OK kaa/KAA_КУР-ГОР-0058-03/2026-06-18: /Users/korneev/Desktop/water-regime-gis/outputs/imagery/kaa/KAA_КУР-ГОР-0058-03/2026-06-18/sentinel_analysis.tif (AOI clouds 30.7%)
OK kaa/KAA_КУР-ГОР-0058-03/2026-07-01: /Users/korneev/Desktop/water-regime-gis/outputs/imagery/kaa/KAA_КУР-ГОР-0058-03/2026-07-01/sentinel_analysis.tif (AOI clouds 17.6%)
OK kaa/KAA_КУР-ГОР-0058-03/2026-07-18: /Users/korneev/Desktop/water-regime-gis/outputs/imagery/kaa/KAA_КУР-ГОР-0058-03/2026-07-18/sentinel_analysis.tif (AOI clouds 0.0%)
OK kaa/KAA_КУР-ГОР-0058-03/2026-07-19: /Users/korneev/Desktop/water-regime-gis/outputs/imagery/kaa/KAA_КУР-ГОР-0058-03/2026-07-19/sentinel_analysis.tif (AOI clouds 59.5%)
OK kaa/KAA_КУР-ГОР-0058-03/2026-07-31: /Users/korneev/Desktop/water-regime-gis/outputs/imagery/kaa/KAA_КУР-ГОР-0058-03/2026-07-31/sentinel_analysis.tif (AOI clouds 62.7%)
OK kaa/KAA_КУР-ГОР-0058-03/2026-08-03: /Users/korneev/Desktop/water-regime-gis/outputs/imagery/kaa/KAA_КУР-ГОР-0058-03/2026-08-03/sentinel_analysis.tif (AOI clouds 0.0%)
OK kaa/KAA_КУР-ГОР-0058-03/2026-08-07: /Users/korneev/Desktop/water-regime-gis/outputs/imagery/kaa/KAA_КУР-ГОР-0058-03/2026-08-07/sentinel_analysis.tif (AOI clouds 0.0%)
OK kaa/KAA_КУР-ГОР-0058-03/2026-08-08: /Users/korneev/Desktop/water-regime-gis/outputs/imagery/kaa/KAA_КУР-ГОР-0058-03/2026-08-08/sentinel_analysis.tif (AOI clouds 29.4%)
OK kaa/KAA_КУР-ГОР-0058-03/2026-08-10: /Users/korneev/Desktop/water-regime-gis/outputs/imagery/kaa/KAA_КУР-ГОР-0058-03/2026-08-10/sentinel_analysis.tif (AOI clouds 0.0%)
OK kaa/KAA_КУР-ГОР-0058-04/2026-04-25: /Users/korneev/Desktop/water-regime-gis/outputs/imagery/kaa/KAA_КУР-ГОР-0058-04/2026-04-25/sentinel_analysis.tif (AOI clouds 89.9%)
OK kaa/KAA_КУР-ГОР-0058-04/2026-05-05: /Users/korneev/Desktop/water-regime-gis/outputs/imagery/kaa/KAA_КУР-ГОР-0058-04/2026-05-05/sentinel_analysis.tif (AOI clouds 0.0%)
OK kaa/KAA_КУР-ГОР-0058-04/2026-05-07: /Users/korneev/Desktop/water-regime-gis/outputs/imagery/kaa/KAA_КУР-ГОР-0058-04/2026-05-07/sentinel_analysis.tif (AOI clouds 0.0%)
OK kaa/KAA_КУР-ГОР-0058-04/2026-05-20: /Users/korneev/Desktop/water-regime-gis/outputs/imagery/kaa/KAA_КУР-ГОР-0058-04/2026-05-20/sentinel_analysis.tif (AOI clouds 100.0%)
OK kaa/KAA_КУР-ГОР-0058-04/2026-05-22: /Users/korneev/Desktop/water-regime-gis/outputs/imagery/kaa/KAA_КУР-ГОР-0058-04/2026-05-22/sentinel_analysis.tif (AOI clouds 0.0%)
OK kaa/KAA_КУР-ГОР-0058-04/2026-06-08: /Users/korneev/Desktop/water-regime-gis/outputs/imagery/kaa/KAA_КУР-ГОР-0058-04/2026-06-08/sentinel_analysis.tif (AOI clouds 0.0%)
OK kaa/KAA_КУР-ГОР-0058-04/2026-06-09: /Users/korneev/Desktop/water-regime-gis/outputs/imagery/kaa/KAA_КУР-ГОР-0058-04/2026-06-09/sentinel_analysis.tif (AOI clouds 0.0%)
OK kaa/KAA_КУР-ГОР-0058-04/2026-06-11: /Users/korneev/Desktop/water-regime-gis/outputs/imagery/kaa/KAA_КУР-ГОР-0058-04/2026-06-11/sentinel_analysis.tif (AOI clouds 96.9%)
OK kaa/KAA_КУР-ГОР-0058-04/2026-06-18: /Users/korneev/Desktop/water-regime-gis/outputs/imagery/kaa/KAA_КУР-ГОР-0058-04/2026-06-18/sentinel_analysis.tif (AOI clouds 81.8%)
OK kaa/KAA_КУР-ГОР-0058-04/2026-07-01: /Users/korneev/Desktop/water-regime-gis/outputs/imagery/kaa/KAA_КУР-ГОР-0058-04/2026-07-01/sentinel_analysis.tif (AOI clouds 100.0%)
OK kaa/KAA_КУР-ГОР-0058-04/2026-07-18: /Users/korneev/Desktop/water-regime-gis/outputs/imagery/kaa/KAA_КУР-ГОР-0058-04/2026-07-18/sentinel_analysis.tif (AOI clouds 0.0%)
OK kaa/KAA_КУР-ГОР-0058-04/2026-07-19: /Users/korneev/Desktop/water-regime-gis/outputs/imagery/kaa/KAA_КУР-ГОР-0058-04/2026-07-19/sentinel_analysis.tif (AOI clouds 0.0%)
OK kaa/KAA_КУР-ГОР-0058-04/2026-07-31: /Users/korneev/Desktop/water-regime-gis/outputs/imagery/kaa/KAA_КУР-ГОР-0058-04/2026-07-31/sentinel_analysis.tif (AOI clouds 29.8%)
OK kaa/KAA_КУР-ГОР-0058-04/2026-08-03: /Users/korneev/Desktop/water-regime-gis/outputs/imagery/kaa/KAA_КУР-ГОР-0058-04/2026-08-03/sentinel_analysis.tif (AOI clouds 0.0%)
OK kaa/KAA_КУР-ГОР-0058-04/2026-08-07: /Users/korneev/Desktop/water-regime-gis/outputs/imagery/kaa/KAA_КУР-ГОР-0058-04/2026-08-07/sentinel_analysis.tif (AOI clouds 0.0%)
OK kaa/KAA_КУР-ГОР-0058-04/2026-08-08: /Users/korneev/Desktop/water-regime-gis/outputs/imagery/kaa/KAA_КУР-ГОР-0058-04/2026-08-08/sentinel_analysis.tif (AOI clouds 99.7%)
OK kaa/KAA_КУР-ГОР-0058-04/2026-08-10: /Users/korneev/Desktop/water-regime-gis/outputs/imagery/kaa/KAA_КУР-ГОР-0058-04/2026-08-10/sentinel_analysis.tif (AOI clouds 0.0%)
OK kaa/KAA_КУР-ГОР-0059-02-3/2026-04-25: /Users/korneev/Desktop/water-regime-gis/outputs/imagery/kaa/KAA_КУР-ГОР-0059-02-3/2026-04-25/sentinel_analysis.tif (AOI clouds 0.0%)
OK kaa/KAA_КУР-ГОР-0059-02-3/2026-05-05: /Users/korneev/Desktop/water-regime-gis/outputs/imagery/kaa/KAA_КУР-ГОР-0059-02-3/2026-05-05/sentinel_analysis.tif (AOI clouds 0.0%)
OK kaa/KAA_КУР-ГОР-0059-02-3/2026-05-07: /Users/korneev/Desktop/water-regime-gis/outputs/imagery/kaa/KAA_КУР-ГОР-0059-02-3/2026-05-07/sentinel_analysis.tif (AOI clouds 0.0%)
OK kaa/KAA_КУР-ГОР-0059-02-3/2026-05-20: /Users/korneev/Desktop/water-regime-gis/outputs/imagery/kaa/KAA_КУР-ГОР-0059-02-3/2026-05-20/sentinel_analysis.tif (AOI clouds 100.0%)
OK kaa/KAA_КУР-ГОР-0059-02-3/2026-05-22: /Users/korneev/Desktop/water-regime-gis/outputs/imagery/kaa/KAA_КУР-ГОР-0059-02-3/2026-05-22/sentinel_analysis.tif (AOI clouds 0.0%)
OK kaa/KAA_КУР-ГОР-0059-02-3/2026-06-08: /Users/korneev/Desktop/water-regime-gis/outputs/imagery/kaa/KAA_КУР-ГОР-0059-02-3/2026-06-08/sentinel_analysis.tif (AOI clouds 0.0%)
OK kaa/KAA_КУР-ГОР-0059-02-3/2026-06-09: /Users/korneev/Desktop/water-regime-gis/outputs/imagery/kaa/KAA_КУР-ГОР-0059-02-3/2026-06-09/sentinel_analysis.tif (AOI clouds 0.0%)
OK kaa/KAA_КУР-ГОР-0059-02-3/2026-06-11: /Users/korneev/Desktop/water-regime-gis/outputs/imagery/kaa/KAA_КУР-ГОР-0059-02-3/2026-06-11/sentinel_analysis.tif (AOI clouds 99.9%)
OK kaa/KAA_КУР-ГОР-0059-02-3/2026-06-18: /Users/korneev/Desktop/water-regime-gis/outputs/imagery/kaa/KAA_КУР-ГОР-0059-02-3/2026-06-18/sentinel_analysis.tif (AOI clouds 15.7%)
OK kaa/KAA_КУР-ГОР-0059-02-3/2026-07-01: /Users/korneev/Desktop/water-regime-gis/outputs/imagery/kaa/KAA_КУР-ГОР-0059-02-3/2026-07-01/sentinel_analysis.tif (AOI clouds 96.2%)
OK kaa/KAA_КУР-ГОР-0059-02-3/2026-07-18: /Users/korneev/Desktop/water-regime-gis/outputs/imagery/kaa/KAA_КУР-ГОР-0059-02-3/2026-07-18/sentinel_analysis.tif (AOI clouds 0.0%)
OK kaa/KAA_КУР-ГОР-0059-02-3/2026-07-19: /Users/korneev/Desktop/water-regime-gis/outputs/imagery/kaa/KAA_КУР-ГОР-0059-02-3/2026-07-19/sentinel_analysis.tif (AOI clouds 92.0%)
OK kaa/KAA_КУР-ГОР-0059-02-3/2026-07-31: /Users/korneev/Desktop/water-regime-gis/outputs/imagery/kaa/KAA_КУР-ГОР-0059-02-3/2026-07-31/sentinel_analysis.tif (AOI clouds 0.0%)
OK kaa/KAA_КУР-ГОР-0059-02-3/2026-08-03: /Users/korneev/Desktop/water-regime-gis/outputs/imagery/kaa/KAA_КУР-ГОР-0059-02-3/2026-08-03/sentinel_analysis.tif (AOI clouds 0.0%)
OK kaa/KAA_КУР-ГОР-0059-02-3/2026-08-07: /Users/korneev/Desktop/water-regime-gis/outputs/imagery/kaa/KAA_КУР-ГОР-0059-02-3/2026-08-07/sentinel_analysis.tif (AOI clouds 0.0%)
OK kaa/KAA_КУР-ГОР-0059-02-3/2026-08-08: /Users/korneev/Desktop/water-regime-gis/outputs/imagery/kaa/KAA_КУР-ГОР-0059-02-3/2026-08-08/sentinel_analysis.tif (AOI clouds 100.0%)
OK kaa/KAA_КУР-ГОР-0059-02-3/2026-08-10: /Users/korneev/Desktop/water-regime-gis/outputs/imagery/kaa/KAA_КУР-ГОР-0059-02-3/2026-08-10/sentinel_analysis.tif (AOI clouds 0.0%)
OK kaa/KAA_КУР-ГОР-0059-03/2026-04-25: /Users/korneev/Desktop/water-regime-gis/outputs/imagery/kaa/KAA_КУР-ГОР-0059-03/2026-04-25/sentinel_analysis.tif (AOI clouds 0.0%)
OK kaa/KAA_КУР-ГОР-0059-03/2026-05-05: /Users/korneev/Desktop/water-regime-gis/outputs/imagery/kaa/KAA_КУР-ГОР-0059-03/2026-05-05/sentinel_analysis.tif (AOI clouds 0.0%)
OK kaa/KAA_КУР-ГОР-0059-03/2026-05-07: /Users/korneev/Desktop/water-regime-gis/outputs/imagery/kaa/KAA_КУР-ГОР-0059-03/2026-05-07/sentinel_analysis.tif (AOI clouds 0.0%)
OK kaa/KAA_КУР-ГОР-0059-03/2026-05-20: /Users/korneev/Desktop/water-regime-gis/outputs/imagery/kaa/KAA_КУР-ГОР-0059-03/2026-05-20/sentinel_analysis.tif (AOI clouds 100.0%)
OK kaa/KAA_КУР-ГОР-0059-03/2026-05-22: /Users/korneev/Desktop/water-regime-gis/outputs/imagery/kaa/KAA_КУР-ГОР-0059-03/2026-05-22/sentinel_analysis.tif (AOI clouds 0.0%)
OK kaa/KAA_КУР-ГОР-0059-03/2026-06-08: /Users/korneev/Desktop/water-regime-gis/outputs/imagery/kaa/KAA_КУР-ГОР-0059-03/2026-06-08/sentinel_analysis.tif (AOI clouds 0.0%)
OK kaa/KAA_КУР-ГОР-0059-03/2026-06-09: /Users/korneev/Desktop/water-regime-gis/outputs/imagery/kaa/KAA_КУР-ГОР-0059-03/2026-06-09/sentinel_analysis.tif (AOI clouds 0.0%)
OK kaa/KAA_КУР-ГОР-0059-03/2026-06-11: /Users/korneev/Desktop/water-regime-gis/outputs/imagery/kaa/KAA_КУР-ГОР-0059-03/2026-06-11/sentinel_analysis.tif (AOI clouds 100.0%)
OK kaa/KAA_КУР-ГОР-0059-03/2026-06-18: /Users/korneev/Desktop/water-regime-gis/outputs/imagery/kaa/KAA_КУР-ГОР-0059-03/2026-06-18/sentinel_analysis.tif (AOI clouds 29.2%)
OK kaa/KAA_КУР-ГОР-0059-03/2026-07-01: /Users/korneev/Desktop/water-regime-gis/outputs/imagery/kaa/KAA_КУР-ГОР-0059-03/2026-07-01/sentinel_analysis.tif (AOI clouds 100.0%)
OK kaa/KAA_КУР-ГОР-0059-03/2026-07-18: /Users/korneev/Desktop/water-regime-gis/outputs/imagery/kaa/KAA_КУР-ГОР-0059-03/2026-07-18/sentinel_analysis.tif (AOI clouds 0.0%)
Warning 1: Value 0 in the source dataset has been changed to 1 in the destination dataset to avoid being treated as NoData. To avoid this, select a different NoData value for the destination dataset.
Warning 1: Value 0 in the source dataset has been changed to 1 in the destination dataset to avoid being treated as NoData. To avoid this, select a different NoData value for the destination dataset.
OK kaa/KAA_КУР-ГОР-0059-03/2026-07-19: /Users/korneev/Desktop/water-regime-gis/outputs/imagery/kaa/KAA_КУР-ГОР-0059-03/2026-07-19/sentinel_analysis.tif (AOI clouds 50.8%)
OK kaa/KAA_КУР-ГОР-0059-03/2026-07-31: /Users/korneev/Desktop/water-regime-gis/outputs/imagery/kaa/KAA_КУР-ГОР-0059-03/2026-07-31/sentinel_analysis.tif (AOI clouds 0.0%)
OK kaa/KAA_КУР-ГОР-0059-03/2026-08-03: /Users/korneev/Desktop/water-regime-gis/outputs/imagery/kaa/KAA_КУР-ГОР-0059-03/2026-08-03/sentinel_analysis.tif (AOI clouds 0.0%)
OK kaa/KAA_КУР-ГОР-0059-03/2026-08-07: /Users/korneev/Desktop/water-regime-gis/outputs/imagery/kaa/KAA_КУР-ГОР-0059-03/2026-08-07/sentinel_analysis.tif (AOI clouds 0.0%)
OK kaa/KAA_КУР-ГОР-0059-03/2026-08-08: /Users/korneev/Desktop/water-regime-gis/outputs/imagery/kaa/KAA_КУР-ГОР-0059-03/2026-08-08/sentinel_analysis.tif (AOI clouds 91.9%)
OK kaa/KAA_КУР-ГОР-0059-03/2026-08-10: /Users/korneev/Desktop/water-regime-gis/outputs/imagery/kaa/KAA_КУР-ГОР-0059-03/2026-08-10/sentinel_analysis.tif (AOI clouds 0.0%)
OK kaa/KAA_КУР-ГОР-0060-02/2026-04-25: /Users/korneev/Desktop/water-regime-gis/outputs/imagery/kaa/KAA_КУР-ГОР-0060-02/2026-04-25/sentinel_analysis.tif (AOI clouds 0.0%)
OK kaa/KAA_КУР-ГОР-0060-02/2026-05-05: /Users/korneev/Desktop/water-regime-gis/outputs/imagery/kaa/KAA_КУР-ГОР-0060-02/2026-05-05/sentinel_analysis.tif (AOI clouds 0.0%)
OK kaa/KAA_КУР-ГОР-0060-02/2026-05-07: /Users/korneev/Desktop/water-regime-gis/outputs/imagery/kaa/KAA_КУР-ГОР-0060-02/2026-05-07/sentinel_analysis.tif (AOI clouds 0.0%)
OK kaa/KAA_КУР-ГОР-0060-02/2026-05-20: /Users/korneev/Desktop/water-regime-gis/outputs/imagery/kaa/KAA_КУР-ГОР-0060-02/2026-05-20/sentinel_analysis.tif (AOI clouds 35.4%)
OK kaa/KAA_КУР-ГОР-0060-02/2026-05-22: /Users/korneev/Desktop/water-regime-gis/outputs/imagery/kaa/KAA_КУР-ГОР-0060-02/2026-05-22/sentinel_analysis.tif (AOI clouds 0.0%)
OK kaa/KAA_КУР-ГОР-0060-02/2026-06-08: /Users/korneev/Desktop/water-regime-gis/outputs/imagery/kaa/KAA_КУР-ГОР-0060-02/2026-06-08/sentinel_analysis.tif (AOI clouds 0.0%)
OK kaa/KAA_КУР-ГОР-0060-02/2026-06-09: /Users/korneev/Desktop/water-regime-gis/outputs/imagery/kaa/KAA_КУР-ГОР-0060-02/2026-06-09/sentinel_analysis.tif (AOI clouds 0.0%)
OK kaa/KAA_КУР-ГОР-0060-02/2026-06-11: /Users/korneev/Desktop/water-regime-gis/outputs/imagery/kaa/KAA_КУР-ГОР-0060-02/2026-06-11/sentinel_analysis.tif (AOI clouds 100.0%)
OK kaa/KAA_КУР-ГОР-0060-02/2026-06-18: /Users/korneev/Desktop/water-regime-gis/outputs/imagery/kaa/KAA_КУР-ГОР-0060-02/2026-06-18/sentinel_analysis.tif (AOI clouds 0.0%)
OK kaa/KAA_КУР-ГОР-0060-02/2026-07-01: /Users/korneev/Desktop/water-regime-gis/outputs/imagery/kaa/KAA_КУР-ГОР-0060-02/2026-07-01/sentinel_analysis.tif (AOI clouds 84.5%)
OK kaa/KAA_КУР-ГОР-0060-02/2026-07-18: /Users/korneev/Desktop/water-regime-gis/outputs/imagery/kaa/KAA_КУР-ГОР-0060-02/2026-07-18/sentinel_analysis.tif (AOI clouds 0.0%)
OK kaa/KAA_КУР-ГОР-0060-02/2026-07-19: /Users/korneev/Desktop/water-regime-gis/outputs/imagery/kaa/KAA_КУР-ГОР-0060-02/2026-07-19/sentinel_analysis.tif (AOI clouds 18.2%)
OK kaa/KAA_КУР-ГОР-0060-02/2026-07-31: /Users/korneev/Desktop/water-regime-gis/outputs/imagery/kaa/KAA_КУР-ГОР-0060-02/2026-07-31/sentinel_analysis.tif (AOI clouds 0.0%)
OK kaa/KAA_КУР-ГОР-0060-02/2026-08-03: /Users/korneev/Desktop/water-regime-gis/outputs/imagery/kaa/KAA_КУР-ГОР-0060-02/2026-08-03/sentinel_analysis.tif (AOI clouds 0.0%)
OK kaa/KAA_КУР-ГОР-0060-02/2026-08-07: /Users/korneev/Desktop/water-regime-gis/outputs/imagery/kaa/KAA_КУР-ГОР-0060-02/2026-08-07/sentinel_analysis.tif (AOI clouds 0.0%)
OK kaa/KAA_КУР-ГОР-0060-02/2026-08-08: /Users/korneev/Desktop/water-regime-gis/outputs/imagery/kaa/KAA_КУР-ГОР-0060-02/2026-08-08/sentinel_analysis.tif (AOI clouds 0.0%)
OK kaa/KAA_КУР-ГОР-0060-02/2026-08-10: /Users/korneev/Desktop/water-regime-gis/outputs/imagery/kaa/KAA_КУР-ГОР-0060-02/2026-08-10/sentinel_analysis.tif (AOI clouds 0.0%)
OK kaa/KAA_КУР-ГОР-0060-03/2026-04-25: /Users/korneev/Desktop/water-regime-gis/outputs/imagery/kaa/KAA_КУР-ГОР-0060-03/2026-04-25/sentinel_analysis.tif (AOI clouds 0.0%)
OK kaa/KAA_КУР-ГОР-0060-03/2026-05-05: /Users/korneev/Desktop/water-regime-gis/outputs/imagery/kaa/KAA_КУР-ГОР-0060-03/2026-05-05/sentinel_analysis.tif (AOI clouds 0.0%)
OK kaa/KAA_КУР-ГОР-0060-03/2026-05-07: /Users/korneev/Desktop/water-regime-gis/outputs/imagery/kaa/KAA_КУР-ГОР-0060-03/2026-05-07/sentinel_analysis.tif (AOI clouds 0.0%)
OK kaa/KAA_КУР-ГОР-0060-03/2026-05-20: /Users/korneev/Desktop/water-regime-gis/outputs/imagery/kaa/KAA_КУР-ГОР-0060-03/2026-05-20/sentinel_analysis.tif (AOI clouds 72.7%)
OK kaa/KAA_КУР-ГОР-0060-03/2026-05-22: /Users/korneev/Desktop/water-regime-gis/outputs/imagery/kaa/KAA_КУР-ГОР-0060-03/2026-05-22/sentinel_analysis.tif (AOI clouds 0.0%)
OK kaa/KAA_КУР-ГОР-0060-03/2026-06-08: /Users/korneev/Desktop/water-regime-gis/outputs/imagery/kaa/KAA_КУР-ГОР-0060-03/2026-06-08/sentinel_analysis.tif (AOI clouds 0.0%)
OK kaa/KAA_КУР-ГОР-0060-03/2026-06-09: /Users/korneev/Desktop/water-regime-gis/outputs/imagery/kaa/KAA_КУР-ГОР-0060-03/2026-06-09/sentinel_analysis.tif (AOI clouds 0.0%)
OK kaa/KAA_КУР-ГОР-0060-03/2026-06-11: /Users/korneev/Desktop/water-regime-gis/outputs/imagery/kaa/KAA_КУР-ГОР-0060-03/2026-06-11/sentinel_analysis.tif (AOI clouds 100.0%)
OK kaa/KAA_КУР-ГОР-0060-03/2026-06-18: /Users/korneev/Desktop/water-regime-gis/outputs/imagery/kaa/KAA_КУР-ГОР-0060-03/2026-06-18/sentinel_analysis.tif (AOI clouds 0.0%)
OK kaa/KAA_КУР-ГОР-0060-03/2026-07-01: /Users/korneev/Desktop/water-regime-gis/outputs/imagery/kaa/KAA_КУР-ГОР-0060-03/2026-07-01/sentinel_analysis.tif (AOI clouds 58.9%)
OK kaa/KAA_КУР-ГОР-0060-03/2026-07-18: /Users/korneev/Desktop/water-regime-gis/outputs/imagery/kaa/KAA_КУР-ГОР-0060-03/2026-07-18/sentinel_analysis.tif (AOI clouds 0.0%)
OK kaa/KAA_КУР-ГОР-0060-03/2026-07-19: /Users/korneev/Desktop/water-regime-gis/outputs/imagery/kaa/KAA_КУР-ГОР-0060-03/2026-07-19/sentinel_analysis.tif (AOI clouds 76.3%)
OK kaa/KAA_КУР-ГОР-0060-03/2026-07-31: /Users/korneev/Desktop/water-regime-gis/outputs/imagery/kaa/KAA_КУР-ГОР-0060-03/2026-07-31/sentinel_analysis.tif (AOI clouds 0.0%)
OK kaa/KAA_КУР-ГОР-0060-03/2026-08-03: /Users/korneev/Desktop/water-regime-gis/outputs/imagery/kaa/KAA_КУР-ГОР-0060-03/2026-08-03/sentinel_analysis.tif (AOI clouds 0.0%)
OK kaa/KAA_КУР-ГОР-0060-03/2026-08-07: /Users/korneev/Desktop/water-regime-gis/outputs/imagery/kaa/KAA_КУР-ГОР-0060-03/2026-08-07/sentinel_analysis.tif (AOI clouds 0.0%)
OK kaa/KAA_КУР-ГОР-0060-03/2026-08-08: /Users/korneev/Desktop/water-regime-gis/outputs/imagery/kaa/KAA_КУР-ГОР-0060-03/2026-08-08/sentinel_analysis.tif (AOI clouds 0.9%)
OK kaa/KAA_КУР-ГОР-0060-03/2026-08-10: /Users/korneev/Desktop/water-regime-gis/outputs/imagery/kaa/KAA_КУР-ГОР-0060-03/2026-08-10/sentinel_analysis.tif (AOI clouds 0.0%)
OK kaa/KAA_КУР-ГОР-0060-04/2026-04-25: /Users/korneev/Desktop/water-regime-gis/outputs/imagery/kaa/KAA_КУР-ГОР-0060-04/2026-04-25/sentinel_analysis.tif (AOI clouds 0.0%)
OK kaa/KAA_КУР-ГОР-0060-04/2026-05-05: /Users/korneev/Desktop/water-regime-gis/outputs/imagery/kaa/KAA_КУР-ГОР-0060-04/2026-05-05/sentinel_analysis.tif (AOI clouds 0.0%)
OK kaa/KAA_КУР-ГОР-0060-04/2026-05-07: /Users/korneev/Desktop/water-regime-gis/outputs/imagery/kaa/KAA_КУР-ГОР-0060-04/2026-05-07/sentinel_analysis.tif (AOI clouds 0.0%)
OK kaa/KAA_КУР-ГОР-0060-04/2026-05-20: /Users/korneev/Desktop/water-regime-gis/outputs/imagery/kaa/KAA_КУР-ГОР-0060-04/2026-05-20/sentinel_analysis.tif (AOI clouds 100.0%)
OK kaa/KAA_КУР-ГОР-0060-04/2026-05-22: /Users/korneev/Desktop/water-regime-gis/outputs/imagery/kaa/KAA_КУР-ГОР-0060-04/2026-05-22/sentinel_analysis.tif (AOI clouds 0.0%)
OK kaa/KAA_КУР-ГОР-0060-04/2026-06-08: /Users/korneev/Desktop/water-regime-gis/outputs/imagery/kaa/KAA_КУР-ГОР-0060-04/2026-06-08/sentinel_analysis.tif (AOI clouds 0.0%)
OK kaa/KAA_КУР-ГОР-0060-04/2026-06-09: /Users/korneev/Desktop/water-regime-gis/outputs/imagery/kaa/KAA_КУР-ГОР-0060-04/2026-06-09/sentinel_analysis.tif (AOI clouds 0.0%)
OK kaa/KAA_КУР-ГОР-0060-04/2026-06-11: /Users/korneev/Desktop/water-regime-gis/outputs/imagery/kaa/KAA_КУР-ГОР-0060-04/2026-06-11/sentinel_analysis.tif (AOI clouds 100.0%)
OK kaa/KAA_КУР-ГОР-0060-04/2026-06-18: /Users/korneev/Desktop/water-regime-gis/outputs/imagery/kaa/KAA_КУР-ГОР-0060-04/2026-06-18/sentinel_analysis.tif (AOI clouds 0.0%)
OK kaa/KAA_КУР-ГОР-0060-04/2026-07-01: /Users/korneev/Desktop/water-regime-gis/outputs/imagery/kaa/KAA_КУР-ГОР-0060-04/2026-07-01/sentinel_analysis.tif (AOI clouds 100.0%)
OK kaa/KAA_КУР-ГОР-0060-04/2026-07-18: /Users/korneev/Desktop/water-regime-gis/outputs/imagery/kaa/KAA_КУР-ГОР-0060-04/2026-07-18/sentinel_analysis.tif (AOI clouds 0.0%)
OK kaa/KAA_КУР-ГОР-0060-04/2026-07-19: /Users/korneev/Desktop/water-regime-gis/outputs/imagery/kaa/KAA_КУР-ГОР-0060-04/2026-07-19/sentinel_analysis.tif (AOI clouds 92.7%)
OK kaa/KAA_КУР-ГОР-0060-04/2026-07-31: /Users/korneev/Desktop/water-regime-gis/outputs/imagery/kaa/KAA_КУР-ГОР-0060-04/2026-07-31/sentinel_analysis.tif (AOI clouds 0.0%)
OK kaa/KAA_КУР-ГОР-0060-04/2026-08-03: /Users/korneev/Desktop/water-regime-gis/outputs/imagery/kaa/KAA_КУР-ГОР-0060-04/2026-08-03/sentinel_analysis.tif (AOI clouds 0.0%)
OK kaa/KAA_КУР-ГОР-0060-04/2026-08-07: /Users/korneev/Desktop/water-regime-gis/outputs/imagery/kaa/KAA_КУР-ГОР-0060-04/2026-08-07/sentinel_analysis.tif (AOI clouds 0.0%)
OK kaa/KAA_КУР-ГОР-0060-04/2026-08-08: /Users/korneev/Desktop/water-regime-gis/outputs/imagery/kaa/KAA_КУР-ГОР-0060-04/2026-08-08/sentinel_analysis.tif (AOI clouds 86.5%)
OK kaa/KAA_КУР-ГОР-0060-04/2026-08-10: /Users/korneev/Desktop/water-regime-gis/outputs/imagery/kaa/KAA_КУР-ГОР-0060-04/2026-08-10/sentinel_analysis.tif (AOI clouds 0.0%)
OK kaa/KAA_КУР-ГОР-0061-02/2026-04-25: /Users/korneev/Desktop/water-regime-gis/outputs/imagery/kaa/KAA_КУР-ГОР-0061-02/2026-04-25/sentinel_analysis.tif (AOI clouds 0.0%)
OK kaa/KAA_КУР-ГОР-0061-02/2026-05-05: /Users/korneev/Desktop/water-regime-gis/outputs/imagery/kaa/KAA_КУР-ГОР-0061-02/2026-05-05/sentinel_analysis.tif (AOI clouds 0.0%)
OK kaa/KAA_КУР-ГОР-0061-02/2026-05-07: /Users/korneev/Desktop/water-regime-gis/outputs/imagery/kaa/KAA_КУР-ГОР-0061-02/2026-05-07/sentinel_analysis.tif (AOI clouds 0.0%)
OK kaa/KAA_КУР-ГОР-0061-02/2026-05-20: /Users/korneev/Desktop/water-regime-gis/outputs/imagery/kaa/KAA_КУР-ГОР-0061-02/2026-05-20/sentinel_analysis.tif (AOI clouds 0.0%)
OK kaa/KAA_КУР-ГОР-0061-02/2026-05-22: /Users/korneev/Desktop/water-regime-gis/outputs/imagery/kaa/KAA_КУР-ГОР-0061-02/2026-05-22/sentinel_analysis.tif (AOI clouds 0.0%)
OK kaa/KAA_КУР-ГОР-0061-02/2026-06-08: /Users/korneev/Desktop/water-regime-gis/outputs/imagery/kaa/KAA_КУР-ГОР-0061-02/2026-06-08/sentinel_analysis.tif (AOI clouds 0.0%)
OK kaa/KAA_КУР-ГОР-0061-02/2026-06-09: /Users/korneev/Desktop/water-regime-gis/outputs/imagery/kaa/KAA_КУР-ГОР-0061-02/2026-06-09/sentinel_analysis.tif (AOI clouds 0.0%)
OK kaa/KAA_КУР-ГОР-0061-02/2026-06-11: /Users/korneev/Desktop/water-regime-gis/outputs/imagery/kaa/KAA_КУР-ГОР-0061-02/2026-06-11/sentinel_analysis.tif (AOI clouds 100.0%)
OK kaa/KAA_КУР-ГОР-0061-02/2026-06-18: /Users/korneev/Desktop/water-regime-gis/outputs/imagery/kaa/KAA_КУР-ГОР-0061-02/2026-06-18/sentinel_analysis.tif (AOI clouds 0.0%)
OK kaa/KAA_КУР-ГОР-0061-02/2026-07-01: /Users/korneev/Desktop/water-regime-gis/outputs/imagery/kaa/KAA_КУР-ГОР-0061-02/2026-07-01/sentinel_analysis.tif (AOI clouds 99.9%)
OK kaa/KAA_КУР-ГОР-0061-02/2026-07-18: /Users/korneev/Desktop/water-regime-gis/outputs/imagery/kaa/KAA_КУР-ГОР-0061-02/2026-07-18/sentinel_analysis.tif (AOI clouds 0.0%)
OK kaa/KAA_КУР-ГОР-0061-02/2026-07-19: /Users/korneev/Desktop/water-regime-gis/outputs/imagery/kaa/KAA_КУР-ГОР-0061-02/2026-07-19/sentinel_analysis.tif (AOI clouds 3.9%)
OK kaa/KAA_КУР-ГОР-0061-02/2026-07-31: /Users/korneev/Desktop/water-regime-gis/outputs/imagery/kaa/KAA_КУР-ГОР-0061-02/2026-07-31/sentinel_analysis.tif (AOI clouds 0.0%)
OK kaa/KAA_КУР-ГОР-0061-02/2026-08-03: /Users/korneev/Desktop/water-regime-gis/outputs/imagery/kaa/KAA_КУР-ГОР-0061-02/2026-08-03/sentinel_analysis.tif (AOI clouds 0.0%)
OK kaa/KAA_КУР-ГОР-0061-02/2026-08-07: /Users/korneev/Desktop/water-regime-gis/outputs/imagery/kaa/KAA_КУР-ГОР-0061-02/2026-08-07/sentinel_analysis.tif (AOI clouds 0.0%)
OK kaa/KAA_КУР-ГОР-0061-02/2026-08-08: /Users/korneev/Desktop/water-regime-gis/outputs/imagery/kaa/KAA_КУР-ГОР-0061-02/2026-08-08/sentinel_analysis.tif (AOI clouds 0.0%)
OK kaa/KAA_КУР-ГОР-0061-02/2026-08-10: /Users/korneev/Desktop/water-regime-gis/outputs/imagery/kaa/KAA_КУР-ГОР-0061-02/2026-08-10/sentinel_analysis.tif (AOI clouds 0.0%)
OK kaa/KAA_КУР-ГОР-0061-03/2026-04-25: /Users/korneev/Desktop/water-regime-gis/outputs/imagery/kaa/KAA_КУР-ГОР-0061-03/2026-04-25/sentinel_analysis.tif (AOI clouds 0.0%)
OK kaa/KAA_КУР-ГОР-0061-03/2026-05-05: /Users/korneev/Desktop/water-regime-gis/outputs/imagery/kaa/KAA_КУР-ГОР-0061-03/2026-05-05/sentinel_analysis.tif (AOI clouds 0.0%)
OK kaa/KAA_КУР-ГОР-0061-03/2026-05-07: /Users/korneev/Desktop/water-regime-gis/outputs/imagery/kaa/KAA_КУР-ГОР-0061-03/2026-05-07/sentinel_analysis.tif (AOI clouds 0.0%)
OK kaa/KAA_КУР-ГОР-0061-03/2026-05-22: /Users/korneev/Desktop/water-regime-gis/outputs/imagery/kaa/KAA_КУР-ГОР-0061-03/2026-05-22/sentinel_analysis.tif (AOI clouds 0.0%)
OK kaa/KAA_КУР-ГОР-0061-03/2026-06-08: /Users/korneev/Desktop/water-regime-gis/outputs/imagery/kaa/KAA_КУР-ГОР-0061-03/2026-06-08/sentinel_analysis.tif (AOI clouds 0.0%)
OK kaa/KAA_КУР-ГОР-0061-03/2026-06-11: /Users/korneev/Desktop/water-regime-gis/outputs/imagery/kaa/KAA_КУР-ГОР-0061-03/2026-06-11/sentinel_analysis.tif (AOI clouds 100.0%)
OK kaa/KAA_КУР-ГОР-0061-03/2026-07-18: /Users/korneev/Desktop/water-regime-gis/outputs/imagery/kaa/KAA_КУР-ГОР-0061-03/2026-07-18/sentinel_analysis.tif (AOI clouds 0.0%)
OK kaa/KAA_КУР-ГОР-0061-03/2026-07-19: /Users/korneev/Desktop/water-regime-gis/outputs/imagery/kaa/KAA_КУР-ГОР-0061-03/2026-07-19/sentinel_analysis.tif (AOI clouds 47.5%)
OK kaa/KAA_КУР-ГОР-0061-03/2026-08-03: /Users/korneev/Desktop/water-regime-gis/outputs/imagery/kaa/KAA_КУР-ГОР-0061-03/2026-08-03/sentinel_analysis.tif (AOI clouds 0.0%)
OK kaa/KAA_КУР-ГОР-0061-03/2026-08-07: /Users/korneev/Desktop/water-regime-gis/outputs/imagery/kaa/KAA_КУР-ГОР-0061-03/2026-08-07/sentinel_analysis.tif (AOI clouds 0.0%)
OK kaa/KAA_КУР-ГОР-0061-03/2026-08-08: /Users/korneev/Desktop/water-regime-gis/outputs/imagery/kaa/KAA_КУР-ГОР-0061-03/2026-08-08/sentinel_analysis.tif (AOI clouds 0.0%)
OK kaa/KAA_КУР-ГОР-0061-03/2026-08-10: /Users/korneev/Desktop/water-regime-gis/outputs/imagery/kaa/KAA_КУР-ГОР-0061-03/2026-08-10/sentinel_analysis.tif (AOI clouds 0.0%)
OK kaa/KAA_КУР-ГОР-0062-02/2026-04-12: /Users/korneev/Desktop/water-regime-gis/outputs/imagery/kaa/KAA_КУР-ГОР-0062-02/2026-04-12/sentinel_analysis.tif (AOI clouds 100.0%)
OK kaa/KAA_КУР-ГОР-0062-02/2026-04-25: /Users/korneev/Desktop/water-regime-gis/outputs/imagery/kaa/KAA_КУР-ГОР-0062-02/2026-04-25/sentinel_analysis.tif (AOI clouds 9.4%)
OK kaa/KAA_КУР-ГОР-0062-02/2026-05-05: /Users/korneev/Desktop/water-regime-gis/outputs/imagery/kaa/KAA_КУР-ГОР-0062-02/2026-05-05/sentinel_analysis.tif (AOI clouds 0.0%)
OK kaa/KAA_КУР-ГОР-0062-02/2026-05-07: /Users/korneev/Desktop/water-regime-gis/outputs/imagery/kaa/KAA_КУР-ГОР-0062-02/2026-05-07/sentinel_analysis.tif (AOI clouds 0.0%)
OK kaa/KAA_КУР-ГОР-0062-02/2026-05-09: /Users/korneev/Desktop/water-regime-gis/outputs/imagery/kaa/KAA_КУР-ГОР-0062-02/2026-05-09/sentinel_analysis.tif (AOI clouds 100.0%)
OK kaa/KAA_КУР-ГОР-0062-02/2026-05-20: /Users/korneev/Desktop/water-regime-gis/outputs/imagery/kaa/KAA_КУР-ГОР-0062-02/2026-05-20/sentinel_analysis.tif (AOI clouds 0.0%)
OK kaa/KAA_КУР-ГОР-0062-02/2026-05-22: /Users/korneev/Desktop/water-regime-gis/outputs/imagery/kaa/KAA_КУР-ГОР-0062-02/2026-05-22/sentinel_analysis.tif (AOI clouds 0.0%)
OK kaa/KAA_КУР-ГОР-0062-02/2026-06-06: /Users/korneev/Desktop/water-regime-gis/outputs/imagery/kaa/KAA_КУР-ГОР-0062-02/2026-06-06/sentinel_analysis.tif (AOI clouds 9.4%)
OK kaa/KAA_КУР-ГОР-0062-02/2026-06-08: /Users/korneev/Desktop/water-regime-gis/outputs/imagery/kaa/KAA_КУР-ГОР-0062-02/2026-06-08/sentinel_analysis.tif (AOI clouds 0.0%)
OK kaa/KAA_КУР-ГОР-0062-02/2026-06-09: /Users/korneev/Desktop/water-regime-gis/outputs/imagery/kaa/KAA_КУР-ГОР-0062-02/2026-06-09/sentinel_analysis.tif (AOI clouds 0.0%)
OK kaa/KAA_КУР-ГОР-0062-02/2026-06-11: /Users/korneev/Desktop/water-regime-gis/outputs/imagery/kaa/KAA_КУР-ГОР-0062-02/2026-06-11/sentinel_analysis.tif (AOI clouds 1.1%)
OK kaa/KAA_КУР-ГОР-0062-02/2026-06-24: /Users/korneev/Desktop/water-regime-gis/outputs/imagery/kaa/KAA_КУР-ГОР-0062-02/2026-06-24/sentinel_analysis.tif (AOI clouds 32.6%)
OK kaa/KAA_КУР-ГОР-0062-02/2026-07-08: /Users/korneev/Desktop/water-regime-gis/outputs/imagery/kaa/KAA_КУР-ГОР-0062-02/2026-07-08/sentinel_analysis.tif (AOI clouds 0.0%)
OK kaa/KAA_КУР-ГОР-0062-02/2026-07-18: /Users/korneev/Desktop/water-regime-gis/outputs/imagery/kaa/KAA_КУР-ГОР-0062-02/2026-07-18/sentinel_analysis.tif (AOI clouds 0.0%)
OK kaa/KAA_КУР-ГОР-0062-02/2026-07-19: /Users/korneev/Desktop/water-regime-gis/outputs/imagery/kaa/KAA_КУР-ГОР-0062-02/2026-07-19/sentinel_analysis.tif (AOI clouds 75.1%)
OK kaa/KAA_КУР-ГОР-0062-02/2026-07-31: /Users/korneev/Desktop/water-regime-gis/outputs/imagery/kaa/KAA_КУР-ГОР-0062-02/2026-07-31/sentinel_analysis.tif (AOI clouds 0.0%)
OK kaa/KAA_КУР-ГОР-0062-02/2026-08-03: /Users/korneev/Desktop/water-regime-gis/outputs/imagery/kaa/KAA_КУР-ГОР-0062-02/2026-08-03/sentinel_analysis.tif (AOI clouds 0.0%)
OK kaa/KAA_КУР-ГОР-0062-02/2026-08-05: /Users/korneev/Desktop/water-regime-gis/outputs/imagery/kaa/KAA_КУР-ГОР-0062-02/2026-08-05/sentinel_analysis.tif (AOI clouds 0.0%)
OK kaa/KAA_КУР-ГОР-0062-02/2026-08-07: /Users/korneev/Desktop/water-regime-gis/outputs/imagery/kaa/KAA_КУР-ГОР-0062-02/2026-08-07/sentinel_analysis.tif (AOI clouds 0.0%)
OK kaa/KAA_КУР-ГОР-0062-02/2026-08-08: /Users/korneev/Desktop/water-regime-gis/outputs/imagery/kaa/KAA_КУР-ГОР-0062-02/2026-08-08/sentinel_analysis.tif (AOI clouds 0.0%)
OK kaa/KAA_КУР-ГОР-0062-02/2026-08-10: /Users/korneev/Desktop/water-regime-gis/outputs/imagery/kaa/KAA_КУР-ГОР-0062-02/2026-08-10/sentinel_analysis.tif (AOI clouds 0.0%)
OK kaa/KAA_КУР-ГОР-0062-03/2026-04-12: /Users/korneev/Desktop/water-regime-gis/outputs/imagery/kaa/KAA_КУР-ГОР-0062-03/2026-04-12/sentinel_analysis.tif (AOI clouds 100.0%)
OK kaa/KAA_КУР-ГОР-0062-03/2026-04-25: /Users/korneev/Desktop/water-regime-gis/outputs/imagery/kaa/KAA_КУР-ГОР-0062-03/2026-04-25/sentinel_analysis.tif (AOI clouds 0.0%)
OK kaa/KAA_КУР-ГОР-0062-03/2026-05-05: /Users/korneev/Desktop/water-regime-gis/outputs/imagery/kaa/KAA_КУР-ГОР-0062-03/2026-05-05/sentinel_analysis.tif (AOI clouds 0.0%)
OK kaa/KAA_КУР-ГОР-0062-03/2026-05-07: /Users/korneev/Desktop/water-regime-gis/outputs/imagery/kaa/KAA_КУР-ГОР-0062-03/2026-05-07/sentinel_analysis.tif (AOI clouds 0.0%)
OK kaa/KAA_КУР-ГОР-0062-03/2026-05-09: /Users/korneev/Desktop/water-regime-gis/outputs/imagery/kaa/KAA_КУР-ГОР-0062-03/2026-05-09/sentinel_analysis.tif (AOI clouds 53.0%)
OK kaa/KAA_КУР-ГОР-0062-03/2026-05-20: /Users/korneev/Desktop/water-regime-gis/outputs/imagery/kaa/KAA_КУР-ГОР-0062-03/2026-05-20/sentinel_analysis.tif (AOI clouds 0.0%)
OK kaa/KAA_КУР-ГОР-0062-03/2026-05-22: /Users/korneev/Desktop/water-regime-gis/outputs/imagery/kaa/KAA_КУР-ГОР-0062-03/2026-05-22/sentinel_analysis.tif (AOI clouds 0.0%)
OK kaa/KAA_КУР-ГОР-0062-03/2026-06-06: /Users/korneev/Desktop/water-regime-gis/outputs/imagery/kaa/KAA_КУР-ГОР-0062-03/2026-06-06/sentinel_analysis.tif (AOI clouds 43.9%)
OK kaa/KAA_КУР-ГОР-0062-03/2026-06-08: /Users/korneev/Desktop/water-regime-gis/outputs/imagery/kaa/KAA_КУР-ГОР-0062-03/2026-06-08/sentinel_analysis.tif (AOI clouds 0.0%)
OK kaa/KAA_КУР-ГОР-0062-03/2026-06-09: /Users/korneev/Desktop/water-regime-gis/outputs/imagery/kaa/KAA_КУР-ГОР-0062-03/2026-06-09/sentinel_analysis.tif (AOI clouds 0.0%)
OK kaa/KAA_КУР-ГОР-0062-03/2026-06-11: /Users/korneev/Desktop/water-regime-gis/outputs/imagery/kaa/KAA_КУР-ГОР-0062-03/2026-06-11/sentinel_analysis.tif (AOI clouds 77.9%)
OK kaa/KAA_КУР-ГОР-0062-03/2026-06-24: /Users/korneev/Desktop/water-regime-gis/outputs/imagery/kaa/KAA_КУР-ГОР-0062-03/2026-06-24/sentinel_analysis.tif (AOI clouds 42.0%)
OK kaa/KAA_КУР-ГОР-0062-03/2026-07-08: /Users/korneev/Desktop/water-regime-gis/outputs/imagery/kaa/KAA_КУР-ГОР-0062-03/2026-07-08/sentinel_analysis.tif (AOI clouds 19.5%)
OK kaa/KAA_КУР-ГОР-0062-03/2026-07-18: /Users/korneev/Desktop/water-regime-gis/outputs/imagery/kaa/KAA_КУР-ГОР-0062-03/2026-07-18/sentinel_analysis.tif (AOI clouds 0.0%)
OK kaa/KAA_КУР-ГОР-0062-03/2026-07-19: /Users/korneev/Desktop/water-regime-gis/outputs/imagery/kaa/KAA_КУР-ГОР-0062-03/2026-07-19/sentinel_analysis.tif (AOI clouds 100.0%)
OK kaa/KAA_КУР-ГОР-0062-03/2026-07-31: /Users/korneev/Desktop/water-regime-gis/outputs/imagery/kaa/KAA_КУР-ГОР-0062-03/2026-07-31/sentinel_analysis.tif (AOI clouds 18.2%)
OK kaa/KAA_КУР-ГОР-0062-03/2026-08-03: /Users/korneev/Desktop/water-regime-gis/outputs/imagery/kaa/KAA_КУР-ГОР-0062-03/2026-08-03/sentinel_analysis.tif (AOI clouds 0.0%)
OK kaa/KAA_КУР-ГОР-0062-03/2026-08-05: /Users/korneev/Desktop/water-regime-gis/outputs/imagery/kaa/KAA_КУР-ГОР-0062-03/2026-08-05/sentinel_analysis.tif (AOI clouds 0.0%)
OK kaa/KAA_КУР-ГОР-0062-03/2026-08-07: /Users/korneev/Desktop/water-regime-gis/outputs/imagery/kaa/KAA_КУР-ГОР-0062-03/2026-08-07/sentinel_analysis.tif (AOI clouds 0.0%)
OK kaa/KAA_КУР-ГОР-0062-03/2026-08-08: /Users/korneev/Desktop/water-regime-gis/outputs/imagery/kaa/KAA_КУР-ГОР-0062-03/2026-08-08/sentinel_analysis.tif (AOI clouds 0.0%)
OK kaa/KAA_КУР-ГОР-0062-03/2026-08-10: /Users/korneev/Desktop/water-regime-gis/outputs/imagery/kaa/KAA_КУР-ГОР-0062-03/2026-08-10/sentinel_analysis.tif (AOI clouds 0.0%)
OK kaa/KAA_КУР-ГОР-0062-04/2026-04-12: /Users/korneev/Desktop/water-regime-gis/outputs/imagery/kaa/KAA_КУР-ГОР-0062-04/2026-04-12/sentinel_analysis.tif (AOI clouds 100.0%)
OK kaa/KAA_КУР-ГОР-0062-04/2026-04-25: /Users/korneev/Desktop/water-regime-gis/outputs/imagery/kaa/KAA_КУР-ГОР-0062-04/2026-04-25/sentinel_analysis.tif (AOI clouds 91.9%)
ERROR kaa/KAA_КУР-ГОР-0062-04/2026-05-05: `/vsicurl/https://sentinel2l2a01.blob.core.windows.net/sentinel2-l2/37/U/DS/2026/05/05/S2B_MSIL2A_20260505T083559_N0512_R064_T37UDS_20260505T123805.SAFE/GRANULE/L2A_T37UDS_A047852_20260505T084519/IMG_DATA/R10m/T37UDS_20260505T083559_B02_10m.tif?st=2026-08-14T10%3A56%3A24Z&se=2026-08-15T11%3A41%3A24Z&sp=rl&sv=2025-07-05&sr=c&skoid=9c8ff44a-6a2c-4dfb-b298-1c9212f64d9a&sktid=72f988bf-86f1-41af-91ab-2d7cd011db47&skt=2026-08-15T10%3A49%3A14Z&ske=2026-08-22T10%3A49%3A14Z&sks=b&skv=2025-07-05&sig=qaLaKB5Qh2MjO7rwbL4GkU1OAD%2BISNEY5Rk7%2BSu/neY%3D' not recognized as being in a supported file format.
ERROR kaa/KAA_КУР-ГОР-0062-04/2026-05-07: `/vsicurl/https://sentinel2l2a01.blob.core.windows.net/sentinel2-l2/37/U/DT/2026/05/07/S2C_MSIL2A_20260507T082651_N0512_R021_T37UDT_20260508T133027.SAFE/GRANULE/L2A_T37UDT_A008714_20260507T083309/IMG_DATA/R10m/T37UDT_20260507T082651_B02_10m.tif?st=2026-08-14T10%3A56%3A38Z&se=2026-08-15T11%3A41%3A38Z&sp=rl&sv=2025-07-05&sr=c&skoid=9c8ff44a-6a2c-4dfb-b298-1c9212f64d9a&sktid=72f988bf-86f1-41af-91ab-2d7cd011db47&skt=2026-08-15T10%3A53%3A31Z&ske=2026-08-22T10%3A53%3A31Z&sks=b&skv=2025-07-05&sig=u0wb3LYLa4jq/E2Uv81/sKfQNzTG4nvjJafMML2DHNY%3D' not recognized as being in a supported file format.
ERROR kaa/KAA_КУР-ГОР-0062-04/2026-05-09: `/vsicurl/https://sentinel2l2a01.blob.core.windows.net/sentinel2-l2/37/U/DS/2026/05/09/S2A_MSIL2A_20260509T083521_N0512_R021_T37UDS_20260509T133204.SAFE/GRANULE/L2A_T37UDS_A056818_20260509T083524/IMG_DATA/R10m/T37UDS_20260509T083521_B02_10m.tif?st=2026-08-14T10%3A56%3A53Z&se=2026-08-15T11%3A41%3A53Z&sp=rl&sv=2025-07-05&sr=c&skoid=9c8ff44a-6a2c-4dfb-b298-1c9212f64d9a&sktid=72f988bf-86f1-41af-91ab-2d7cd011db47&skt=2026-08-15T10%3A54%3A56Z&ske=2026-08-22T10%3A54%3A56Z&sks=b&skv=2025-07-05&sig=yR2F0U34ca2JBXNGCywbwotcL7dBTlo7lXolNdsvOa0%3D' not recognized as being in a supported file format.
ERROR kaa/KAA_КУР-ГОР-0062-04/2026-05-20: `/vsicurl/https://sentinel2l2a01.blob.core.windows.net/sentinel2-l2/37/U/DS/2026/05/20/S2C_MSIL2A_20260520T083601_N0512_R064_T37UDS_20260520T135803.SAFE/GRANULE/L2A_T37UDS_A008900_20260520T084434/IMG_DATA/R10m/T37UDS_20260520T083601_B02_10m.tif?st=2026-08-14T10%3A57%3A08Z&se=2026-08-15T11%3A42%3A08Z&sp=rl&sv=2025-07-05&sr=c&skoid=9c8ff44a-6a2c-4dfb-b298-1c9212f64d9a&sktid=72f988bf-86f1-41af-91ab-2d7cd011db47&skt=2026-08-15T10%3A42%3A00Z&ske=2026-08-22T10%3A42%3A00Z&sks=b&skv=2025-07-05&sig=iEr0PA%2Bp%2BAp3sgiCdOIYHlTgzSDDwH02thPtZcsHKPU%3D' not recognized as being in a supported file format.
ERROR kaa/KAA_КУР-ГОР-0062-04/2026-05-22: `/vsicurl/https://sentinel2l2a01.blob.core.windows.net/sentinel2-l2/37/U/DT/2026/05/22/S2B_MSIL2A_20260522T082559_N0512_R021_T37UDT_20260522T122936.SAFE/GRANULE/L2A_T37UDT_A048095_20260522T083320/IMG_DATA/R10m/T37UDT_20260522T082559_B02_10m.tif?st=2026-08-14T10%3A57%3A24Z&se=2026-08-15T11%3A42%3A24Z&sp=rl&sv=2025-07-05&sr=c&skoid=9c8ff44a-6a2c-4dfb-b298-1c9212f64d9a&sktid=72f988bf-86f1-41af-91ab-2d7cd011db47&skt=2026-08-15T10%3A57%3A17Z&ske=2026-08-22T10%3A57%3A17Z&sks=b&skv=2025-07-05&sig=0r6Vbn/ldXOTnwpKTT9Qbab5c5yCNRQJgFvQJquTbI8%3D' not recognized as being in a supported file format.
ERROR kaa/KAA_КУР-ГОР-0062-04/2026-06-06: `/vsicurl/https://sentinel2l2a01.blob.core.windows.net/sentinel2-l2/37/U/DS/2026/06/06/S2C_MSIL2A_20260606T082601_N0512_R021_T37UDS_20260606T135619.SAFE/GRANULE/L2A_T37UDS_A009143_20260606T083334/IMG_DATA/R10m/T37UDS_20260606T082601_B02_10m.tif?st=2026-08-14T10%3A57%3A39Z&se=2026-08-15T11%3A42%3A39Z&sp=rl&sv=2025-07-05&sr=c&skoid=9c8ff44a-6a2c-4dfb-b298-1c9212f64d9a&sktid=72f988bf-86f1-41af-91ab-2d7cd011db47&skt=2026-08-15T10%3A49%3A14Z&ske=2026-08-22T10%3A49%3A14Z&sks=b&skv=2025-07-05&sig=SAUGPa/kTM%2BlBYVYH4Zx34us7l2Fb%2BlJ2UYe0DG2%2BbE%3D' not recognized as being in a supported file format.
ERROR kaa/KAA_КУР-ГОР-0062-04/2026-06-08: `/vsicurl/https://sentinel2l2a01.blob.core.windows.net/sentinel2-l2/37/U/DS/2026/06/08/S2A_MSIL2A_20260608T082751_N0512_R021_T37UDS_20260608T120920.SAFE/GRANULE/L2A_T37UDS_A057247_20260608T082750/IMG_DATA/R10m/T37UDS_20260608T082751_B02_10m.tif?st=2026-08-14T10%3A57%3A53Z&se=2026-08-15T11%3A42%3A53Z&sp=rl&sv=2025-07-05&sr=c&skoid=9c8ff44a-6a2c-4dfb-b298-1c9212f64d9a&sktid=72f988bf-86f1-41af-91ab-2d7cd011db47&skt=2026-08-15T10%3A42%3A00Z&ske=2026-08-22T10%3A42%3A00Z&sks=b&skv=2025-07-05&sig=iZLf84hsEFM%2BjozTIggFI9kVhOUWmxdek5omUx7sqnI%3D' not recognized as being in a supported file format.
ERROR kaa/KAA_КУР-ГОР-0062-04/2026-06-09: `/vsicurl/https://sentinel2l2a01.blob.core.windows.net/sentinel2-l2/37/U/DS/2026/06/09/S2C_MSIL2A_20260609T083601_N0512_R064_T37UDS_20260609T140015.SAFE/GRANULE/L2A_T37UDS_A009186_20260609T084427/IMG_DATA/R10m/T37UDS_20260609T083601_B02_10m.tif?st=2026-08-14T10%3A58%3A07Z&se=2026-08-15T11%3A43%3A07Z&sp=rl&sv=2025-07-05&sr=c&skoid=9c8ff44a-6a2c-4dfb-b298-1c9212f64d9a&sktid=72f988bf-86f1-41af-91ab-2d7cd011db47&skt=2026-08-15T10%3A54%3A56Z&ske=2026-08-22T10%3A54%3A56Z&sks=b&skv=2025-07-05&sig=nJzuJKQkyJYjk8Izr%2BfQtpC9tFP1u8yHhf19xAsDzL0%3D' not recognized as being in a supported file format.
ERROR kaa/KAA_КУР-ГОР-0062-04/2026-06-11: `/vsicurl/https://sentinel2l2a01.blob.core.windows.net/sentinel2-l2/37/U/DS/2026/06/11/S2A_MSIL2A_20260611T084501_N0512_R064_T37UDS_20260611T134710.SAFE/GRANULE/L2A_T37UDS_A057290_20260611T084520/IMG_DATA/R10m/T37UDS_20260611T084501_B02_10m.tif?st=2026-08-14T10%3A58%3A25Z&se=2026-08-15T11%3A43%3A25Z&sp=rl&sv=2025-07-05&sr=c&skoid=9c8ff44a-6a2c-4dfb-b298-1c9212f64d9a&sktid=72f988bf-86f1-41af-91ab-2d7cd011db47&skt=2026-08-15T10%3A53%3A31Z&ske=2026-08-22T10%3A53%3A31Z&sks=b&skv=2025-07-05&sig=AnrWYfQLs6aBOU5FQhqyY0W0pbfXq%2Bc7F6fdnS6Qqes%3D' not recognized as being in a supported file format.
ERROR kaa/KAA_КУР-ГОР-0062-04/2026-06-24: `/vsicurl/https://sentinel2l2a01.blob.core.windows.net/sentinel2-l2/37/U/DS/2026/06/24/S2B_MSIL2A_20260624T083559_N0512_R064_T37UDS_20260624T123843.SAFE/GRANULE/L2A_T37UDS_A048567_20260624T084509/IMG_DATA/R10m/T37UDS_20260624T083559_B02_10m.tif?st=2026-08-14T10%3A58%3A42Z&se=2026-08-15T11%3A43%3A42Z&sp=rl&sv=2025-07-05&sr=c&skoid=9c8ff44a-6a2c-4dfb-b298-1c9212f64d9a&sktid=72f988bf-86f1-41af-91ab-2d7cd011db47&skt=2026-08-15T10%3A58%3A36Z&ske=2026-08-22T10%3A58%3A36Z&sks=b&skv=2025-07-05&sig=SMmmhGZMFKrD%2BuKylpuGJWSc1JnkevNM3UG28IbKgak%3D' not recognized as being in a supported file format.
OK kaa/KAA_КУР-ГОР-0062-04/2026-07-08: /Users/korneev/Desktop/water-regime-gis/outputs/imagery/kaa/KAA_КУР-ГОР-0062-04/2026-07-08/sentinel_analysis.tif (AOI clouds 0.0%)
OK kaa/KAA_КУР-ГОР-0062-04/2026-07-18: /Users/korneev/Desktop/water-regime-gis/outputs/imagery/kaa/KAA_КУР-ГОР-0062-04/2026-07-18/sentinel_analysis.tif (AOI clouds 0.0%)
OK kaa/KAA_КУР-ГОР-0062-04/2026-07-19: /Users/korneev/Desktop/water-regime-gis/outputs/imagery/kaa/KAA_КУР-ГОР-0062-04/2026-07-19/sentinel_analysis.tif (AOI clouds 86.7%)
OK kaa/KAA_КУР-ГОР-0062-04/2026-07-31: /Users/korneev/Desktop/water-regime-gis/outputs/imagery/kaa/KAA_КУР-ГОР-0062-04/2026-07-31/sentinel_analysis.tif (AOI clouds 0.0%)
OK kaa/KAA_КУР-ГОР-0062-04/2026-08-03: /Users/korneev/Desktop/water-regime-gis/outputs/imagery/kaa/KAA_КУР-ГОР-0062-04/2026-08-03/sentinel_analysis.tif (AOI clouds 0.0%)
OK kaa/KAA_КУР-ГОР-0062-04/2026-08-05: /Users/korneev/Desktop/water-regime-gis/outputs/imagery/kaa/KAA_КУР-ГОР-0062-04/2026-08-05/sentinel_analysis.tif (AOI clouds 0.0%)
OK kaa/KAA_КУР-ГОР-0062-04/2026-08-07: /Users/korneev/Desktop/water-regime-gis/outputs/imagery/kaa/KAA_КУР-ГОР-0062-04/2026-08-07/sentinel_analysis.tif (AOI clouds 0.0%)
OK kaa/KAA_КУР-ГОР-0062-04/2026-08-08: /Users/korneev/Desktop/water-regime-gis/outputs/imagery/kaa/KAA_КУР-ГОР-0062-04/2026-08-08/sentinel_analysis.tif (AOI clouds 0.0%)
OK kaa/KAA_КУР-ГОР-0062-04/2026-08-10: /Users/korneev/Desktop/water-regime-gis/outputs/imagery/kaa/KAA_КУР-ГОР-0062-04/2026-08-10/sentinel_analysis.tif (AOI clouds 0.0%)
OK kaa/KAA_КУР-ГОР-0062-05-3/2026-04-25: /Users/korneev/Desktop/water-regime-gis/outputs/imagery/kaa/KAA_КУР-ГОР-0062-05-3/2026-04-25/sentinel_analysis.tif (AOI clouds 0.0%)
OK kaa/KAA_КУР-ГОР-0062-05-3/2026-05-05: /Users/korneev/Desktop/water-regime-gis/outputs/imagery/kaa/KAA_КУР-ГОР-0062-05-3/2026-05-05/sentinel_analysis.tif (AOI clouds 0.0%)
ERROR kaa/KAA_КУР-ГОР-0062-05-3/2026-05-07: `/vsicurl/https://sentinel2l2a01.blob.core.windows.net/sentinel2-l2/37/U/DT/2026/05/07/S2C_MSIL2A_20260507T082651_N0512_R021_T37UDT_20260508T133027.SAFE/GRANULE/L2A_T37UDT_A008714_20260507T083309/IMG_DATA/R10m/T37UDT_20260507T082651_B02_10m.tif?st=2026-08-14T10%3A56%3A38Z&se=2026-08-15T11%3A41%3A38Z&sp=rl&sv=2025-07-05&sr=c&skoid=9c8ff44a-6a2c-4dfb-b298-1c9212f64d9a&sktid=72f988bf-86f1-41af-91ab-2d7cd011db47&skt=2026-08-15T10%3A53%3A31Z&ske=2026-08-22T10%3A53%3A31Z&sks=b&skv=2025-07-05&sig=u0wb3LYLa4jq/E2Uv81/sKfQNzTG4nvjJafMML2DHNY%3D' not recognized as being in a supported file format.
ERROR kaa/KAA_КУР-ГОР-0062-05-3/2026-05-22: `/vsicurl/https://sentinel2l2a01.blob.core.windows.net/sentinel2-l2/37/U/DT/2026/05/22/S2B_MSIL2A_20260522T082559_N0512_R021_T37UDT_20260522T122936.SAFE/GRANULE/L2A_T37UDT_A048095_20260522T083320/IMG_DATA/R10m/T37UDT_20260522T082559_B02_10m.tif?st=2026-08-14T10%3A57%3A24Z&se=2026-08-15T11%3A42%3A24Z&sp=rl&sv=2025-07-05&sr=c&skoid=9c8ff44a-6a2c-4dfb-b298-1c9212f64d9a&sktid=72f988bf-86f1-41af-91ab-2d7cd011db47&skt=2026-08-15T10%3A57%3A17Z&ske=2026-08-22T10%3A57%3A17Z&sks=b&skv=2025-07-05&sig=0r6Vbn/ldXOTnwpKTT9Qbab5c5yCNRQJgFvQJquTbI8%3D' not recognized as being in a supported file format.
OK kaa/KAA_КУР-ГОР-0062-05-3/2026-06-08: /Users/korneev/Desktop/water-regime-gis/outputs/imagery/kaa/KAA_КУР-ГОР-0062-05-3/2026-06-08/sentinel_analysis.tif (AOI clouds 0.0%)
OK kaa/KAA_КУР-ГОР-0062-05-3/2026-06-11: /Users/korneev/Desktop/water-regime-gis/outputs/imagery/kaa/KAA_КУР-ГОР-0062-05-3/2026-06-11/sentinel_analysis.tif (AOI clouds 100.0%)
ERROR kaa/KAA_КУР-ГОР-0062-05-3/2026-07-18: `/vsicurl/https://sentinel2l2a01.blob.core.windows.net/sentinel2-l2/37/U/DT/2026/07/18/S2A_MSIL2A_20260718T083531_N0512_R021_T37UDT_20260718T112507.SAFE/GRANULE/L2A_T37UDT_A057819_20260718T083528/IMG_DATA/R10m/T37UDT_20260718T083531_B02_10m.tif?st=2026-08-14T10%3A59%3A14Z&se=2026-08-15T11%3A44%3A14Z&sp=rl&sv=2025-07-05&sr=c&skoid=9c8ff44a-6a2c-4dfb-b298-1c9212f64d9a&sktid=72f988bf-86f1-41af-91ab-2d7cd011db47&skt=2026-08-15T10%3A45%3A18Z&ske=2026-08-22T10%3A45%3A18Z&sks=b&skv=2025-07-05&sig=u1UV3mrl%2BYucWjsrLdMB6q9aVg6qkJI3tSzmeheIhcw%3D' not recognized as being in a supported file format.
ERROR kaa/KAA_КУР-ГОР-0062-05-3/2026-07-19: `/vsicurl/https://sentinel2l2a01.blob.core.windows.net/sentinel2-l2/37/U/DT/2026/07/19/S2C_MSIL2A_20260719T083601_N0512_R064_T37UDT_20260719T135608.SAFE/GRANULE/L2A_T37UDT_A009758_20260719T084439/IMG_DATA/R10m/T37UDT_20260719T083601_B02_10m.tif?st=2026-08-14T10%3A59%3A31Z&se=2026-08-15T11%3A44%3A31Z&sp=rl&sv=2025-07-05&sr=c&skoid=9c8ff44a-6a2c-4dfb-b298-1c9212f64d9a&sktid=72f988bf-86f1-41af-91ab-2d7cd011db47&skt=2026-08-15T10%3A56%3A43Z&ske=2026-08-22T10%3A56%3A43Z&sks=b&skv=2025-07-05&sig=hRBgDqfpOQggIy3e/ieYZOpz5lwdh3UsyWyrqdUldKI%3D' not recognized as being in a supported file format.
ERROR kaa/KAA_КУР-ГОР-0062-05-3/2026-08-03: `/vsicurl/https://sentinel2l2a01.blob.core.windows.net/sentinel2-l2/37/U/DT/2026/08/03/S2B_MSIL2A_20260803T083559_N0512_R064_T37UDT_20260803T123557.SAFE/GRANULE/L2A_T37UDT_A049139_20260803T084247/IMG_DATA/R10m/T37UDT_20260803T083559_B02_10m.tif?st=2026-08-14T11%3A00%3A03Z&se=2026-08-15T11%3A45%3A03Z&sp=rl&sv=2025-07-05&sr=c&skoid=9c8ff44a-6a2c-4dfb-b298-1c9212f64d9a&sktid=72f988bf-86f1-41af-91ab-2d7cd011db47&skt=2026-08-15T10%3A58%3A50Z&ske=2026-08-22T10%3A58%3A50Z&sks=b&skv=2025-07-05&sig=sl/VcQ5vl2x%2BeWPnlTUKsuOyxirwK0ij2UmOoJh7aJM%3D' not recognized as being in a supported file format.
OK kaa/KAA_КУР-ГОР-0062-05-3/2026-08-07: /Users/korneev/Desktop/water-regime-gis/outputs/imagery/kaa/KAA_КУР-ГОР-0062-05-3/2026-08-07/sentinel_analysis.tif (AOI clouds 0.0%)
ERROR kaa/KAA_КУР-ГОР-0062-05-3/2026-08-08: `/vsicurl/https://sentinel2l2a01.blob.core.windows.net/sentinel2-l2/37/U/DT/2026/08/08/S2C_MSIL2A_20260808T083601_N0512_R064_T37UDT_20260808T140216.SAFE/GRANULE/L2A_T37UDT_A010044_20260808T084431/IMG_DATA/R10m/T37UDT_20260808T083601_B02_10m.tif?st=2026-08-14T11%3A00%3A49Z&se=2026-08-15T11%3A45%3A49Z&sp=rl&sv=2025-07-05&sr=c&skoid=9c8ff44a-6a2c-4dfb-b298-1c9212f64d9a&sktid=72f988bf-86f1-41af-91ab-2d7cd011db47&skt=2026-08-15T10%3A47%3A53Z&ske=2026-08-22T10%3A47%3A53Z&sks=b&skv=2025-07-05&sig=anyUxu/harBiZQK2IJQonMc6uv9DKhdQ7vfToYSrV08%3D' not recognized as being in a supported file format.
ERROR kaa/KAA_КУР-ГОР-0062-05-3/2026-08-10: `/vsicurl/https://sentinel2l2a01.blob.core.windows.net/sentinel2-l2/37/U/DT/2026/08/10/S2B_MSIL2A_20260810T082559_N0512_R021_T37UDT_20260810T105805.SAFE/GRANULE/L2A_T37UDT_A049239_20260810T082559/IMG_DATA/R10m/T37UDT_20260810T082559_B02_10m.tif?st=2026-08-14T11%3A01%3A04Z&se=2026-08-15T11%3A46%3A04Z&sp=rl&sv=2025-07-05&sr=c&skoid=9c8ff44a-6a2c-4dfb-b298-1c9212f64d9a&sktid=72f988bf-86f1-41af-91ab-2d7cd011db47&skt=2026-08-15T10%3A58%3A50Z&ske=2026-08-22T10%3A58%3A50Z&sks=b&skv=2025-07-05&sig=t9tKmHY1/aNy35h0aOJYmREHyEvqFsWKGMzh8eC1gdU%3D' not recognized as being in a supported file format.
OK kaa/KAA_КУР-ГОР-0063-02/2026-04-05: /Users/korneev/Desktop/water-regime-gis/outputs/imagery/kaa/KAA_КУР-ГОР-0063-02/2026-04-05/sentinel_analysis.tif (AOI clouds 6.8%)
OK kaa/KAA_КУР-ГОР-0063-02/2026-04-12: /Users/korneev/Desktop/water-regime-gis/outputs/imagery/kaa/KAA_КУР-ГОР-0063-02/2026-04-12/sentinel_analysis.tif (AOI clouds 100.0%)
OK kaa/KAA_КУР-ГОР-0063-02/2026-04-25: /Users/korneev/Desktop/water-regime-gis/outputs/imagery/kaa/KAA_КУР-ГОР-0063-02/2026-04-25/sentinel_analysis.tif (AOI clouds 0.0%)
ERROR kaa/KAA_КУР-ГОР-0063-02/2026-05-05: `/vsicurl/https://sentinel2l2a01.blob.core.windows.net/sentinel2-l2/37/U/CT/2026/05/05/S2B_MSIL2A_20260505T083559_N0512_R064_T37UCT_20260505T123805.SAFE/GRANULE/L2A_T37UCT_A047852_20260505T084519/IMG_DATA/R10m/T37UCT_20260505T083559_B02_10m.tif?st=2026-08-14T11%3A01%3A36Z&se=2026-08-15T11%3A46%3A36Z&sp=rl&sv=2025-07-05&sr=c&skoid=9c8ff44a-6a2c-4dfb-b298-1c9212f64d9a&sktid=72f988bf-86f1-41af-91ab-2d7cd011db47&skt=2026-08-15T10%3A45%3A18Z&ske=2026-08-22T10%3A45%3A18Z&sks=b&skv=2025-07-05&sig=Sgvo9iELgPqbUMwKb3s4ZIzZptYd0WFQQwXxAeamF1I%3D' not recognized as being in a supported file format.
OK kaa/KAA_КУР-ГОР-0063-02/2026-05-07: /Users/korneev/Desktop/water-regime-gis/outputs/imagery/kaa/KAA_КУР-ГОР-0063-02/2026-05-07/sentinel_analysis.tif (AOI clouds 0.0%)
ERROR kaa/KAA_КУР-ГОР-0063-02/2026-05-09: `/vsicurl/https://sentinel2l2a01.blob.core.windows.net/sentinel2-l2/37/U/DS/2026/05/09/S2A_MSIL2A_20260509T083521_N0512_R021_T37UDS_20260509T133204.SAFE/GRANULE/L2A_T37UDS_A056818_20260509T083524/IMG_DATA/R10m/T37UDS_20260509T083521_B02_10m.tif?st=2026-08-14T10%3A56%3A53Z&se=2026-08-15T11%3A41%3A53Z&sp=rl&sv=2025-07-05&sr=c&skoid=9c8ff44a-6a2c-4dfb-b298-1c9212f64d9a&sktid=72f988bf-86f1-41af-91ab-2d7cd011db47&skt=2026-08-15T10%3A54%3A56Z&ske=2026-08-22T10%3A54%3A56Z&sks=b&skv=2025-07-05&sig=yR2F0U34ca2JBXNGCywbwotcL7dBTlo7lXolNdsvOa0%3D' not recognized as being in a supported file format.
ERROR kaa/KAA_КУР-ГОР-0063-02/2026-05-20: `/vsicurl/https://sentinel2l2a01.blob.core.windows.net/sentinel2-l2/37/U/DS/2026/05/20/S2C_MSIL2A_20260520T083601_N0512_R064_T37UDS_20260520T135803.SAFE/GRANULE/L2A_T37UDS_A008900_20260520T084434/IMG_DATA/R10m/T37UDS_20260520T083601_B02_10m.tif?st=2026-08-14T10%3A57%3A08Z&se=2026-08-15T11%3A42%3A08Z&sp=rl&sv=2025-07-05&sr=c&skoid=9c8ff44a-6a2c-4dfb-b298-1c9212f64d9a&sktid=72f988bf-86f1-41af-91ab-2d7cd011db47&skt=2026-08-15T10%3A42%3A00Z&ske=2026-08-22T10%3A42%3A00Z&sks=b&skv=2025-07-05&sig=iEr0PA%2Bp%2BAp3sgiCdOIYHlTgzSDDwH02thPtZcsHKPU%3D' not recognized as being in a supported file format.
OK kaa/KAA_КУР-ГОР-0063-02/2026-05-22: /Users/korneev/Desktop/water-regime-gis/outputs/imagery/kaa/KAA_КУР-ГОР-0063-02/2026-05-22/sentinel_analysis.tif (AOI clouds 0.0%)
ERROR kaa/KAA_КУР-ГОР-0063-02/2026-06-06: `/vsicurl/https://sentinel2l2a01.blob.core.windows.net/sentinel2-l2/37/U/DS/2026/06/06/S2C_MSIL2A_20260606T082601_N0512_R021_T37UDS_20260606T135619.SAFE/GRANULE/L2A_T37UDS_A009143_20260606T083334/IMG_DATA/R10m/T37UDS_20260606T082601_B02_10m.tif?st=2026-08-14T10%3A57%3A39Z&se=2026-08-15T11%3A42%3A39Z&sp=rl&sv=2025-07-05&sr=c&skoid=9c8ff44a-6a2c-4dfb-b298-1c9212f64d9a&sktid=72f988bf-86f1-41af-91ab-2d7cd011db47&skt=2026-08-15T10%3A49%3A14Z&ske=2026-08-22T10%3A49%3A14Z&sks=b&skv=2025-07-05&sig=SAUGPa/kTM%2BlBYVYH4Zx34us7l2Fb%2BlJ2UYe0DG2%2BbE%3D' not recognized as being in a supported file format.
ERROR kaa/KAA_КУР-ГОР-0063-02/2026-06-08: `/vsicurl/https://sentinel2l2a01.blob.core.windows.net/sentinel2-l2/37/U/DS/2026/06/08/S2A_MSIL2A_20260608T082751_N0512_R021_T37UDS_20260608T120920.SAFE/GRANULE/L2A_T37UDS_A057247_20260608T082750/IMG_DATA/R10m/T37UDS_20260608T082751_B02_10m.tif?st=2026-08-14T10%3A57%3A53Z&se=2026-08-15T11%3A42%3A53Z&sp=rl&sv=2025-07-05&sr=c&skoid=9c8ff44a-6a2c-4dfb-b298-1c9212f64d9a&sktid=72f988bf-86f1-41af-91ab-2d7cd011db47&skt=2026-08-15T10%3A42%3A00Z&ske=2026-08-22T10%3A42%3A00Z&sks=b&skv=2025-07-05&sig=iZLf84hsEFM%2BjozTIggFI9kVhOUWmxdek5omUx7sqnI%3D' not recognized as being in a supported file format.
ERROR kaa/KAA_КУР-ГОР-0063-02/2026-06-09: `/vsicurl/https://sentinel2l2a01.blob.core.windows.net/sentinel2-l2/37/U/DS/2026/06/09/S2C_MSIL2A_20260609T083601_N0512_R064_T37UDS_20260609T140015.SAFE/GRANULE/L2A_T37UDS_A009186_20260609T084427/IMG_DATA/R10m/T37UDS_20260609T083601_B02_10m.tif?st=2026-08-14T10%3A58%3A07Z&se=2026-08-15T11%3A43%3A07Z&sp=rl&sv=2025-07-05&sr=c&skoid=9c8ff44a-6a2c-4dfb-b298-1c9212f64d9a&sktid=72f988bf-86f1-41af-91ab-2d7cd011db47&skt=2026-08-15T10%3A54%3A56Z&ske=2026-08-22T10%3A54%3A56Z&sks=b&skv=2025-07-05&sig=nJzuJKQkyJYjk8Izr%2BfQtpC9tFP1u8yHhf19xAsDzL0%3D' not recognized as being in a supported file format.
SKIP kaa/KAA_КУР-ГОР-0031-2/2026-04-12: /Users/korneev/Desktop/water-regime-gis/outputs/imagery/kaa/KAA_КУР-ГОР-0031-2/2026-04-12/sentinel_analysis.tif
SKIP kaa/KAA_КУР-ГОР-0031-2/2026-04-25: /Users/korneev/Desktop/water-regime-gis/outputs/imagery/kaa/KAA_КУР-ГОР-0031-2/2026-04-25/sentinel_analysis.tif
SKIP kaa/KAA_КУР-ГОР-0031-2/2026-05-05: /Users/korneev/Desktop/water-regime-gis/outputs/imagery/kaa/KAA_КУР-ГОР-0031-2/2026-05-05/sentinel_analysis.tif
SKIP kaa/KAA_КУР-ГОР-0031-2/2026-05-07: /Users/korneev/Desktop/water-regime-gis/outputs/imagery/kaa/KAA_КУР-ГОР-0031-2/2026-05-07/sentinel_analysis.tif
SKIP kaa/KAA_КУР-ГОР-0031-2/2026-05-09: /Users/korneev/Desktop/water-regime-gis/outputs/imagery/kaa/KAA_КУР-ГОР-0031-2/2026-05-09/sentinel_analysis.tif
SKIP kaa/KAA_КУР-ГОР-0031-2/2026-05-20: /Users/korneev/Desktop/water-regime-gis/outputs/imagery/kaa/KAA_КУР-ГОР-0031-2/2026-05-20/sentinel_analysis.tif
SKIP kaa/KAA_КУР-ГОР-0031-2/2026-05-22: /Users/korneev/Desktop/water-regime-gis/outputs/imagery/kaa/KAA_КУР-ГОР-0031-2/2026-05-22/sentinel_analysis.tif
SKIP kaa/KAA_КУР-ГОР-0031-2/2026-06-06: /Users/korneev/Desktop/water-regime-gis/outputs/imagery/kaa/KAA_КУР-ГОР-0031-2/2026-06-06/sentinel_analysis.tif
SKIP kaa/KAA_КУР-ГОР-0031-2/2026-06-08: /Users/korneev/Desktop/water-regime-gis/outputs/imagery/kaa/KAA_КУР-ГОР-0031-2/2026-06-08/sentinel_analysis.tif
SKIP kaa/KAA_КУР-ГОР-0031-2/2026-06-09: /Users/korneev/Desktop/water-regime-gis/outputs/imagery/kaa/KAA_КУР-ГОР-0031-2/2026-06-09/sentinel_analysis.tif
SKIP kaa/KAA_КУР-ГОР-0031-2/2026-06-11: /Users/korneev/Desktop/water-regime-gis/outputs/imagery/kaa/KAA_КУР-ГОР-0031-2/2026-06-11/sentinel_analysis.tif
SKIP kaa/KAA_КУР-ГОР-0031-2/2026-06-24: /Users/korneev/Desktop/water-regime-gis/outputs/imagery/kaa/KAA_КУР-ГОР-0031-2/2026-06-24/sentinel_analysis.tif
SKIP kaa/KAA_КУР-ГОР-0031-2/2026-07-08: /Users/korneev/Desktop/water-regime-gis/outputs/imagery/kaa/KAA_КУР-ГОР-0031-2/2026-07-08/sentinel_analysis.tif
SKIP kaa/KAA_КУР-ГОР-0031-2/2026-07-18: /Users/korneev/Desktop/water-regime-gis/outputs/imagery/kaa/KAA_КУР-ГОР-0031-2/2026-07-18/sentinel_analysis.tif
SKIP kaa/KAA_КУР-ГОР-0031-2/2026-07-19: /Users/korneev/Desktop/water-regime-gis/outputs/imagery/kaa/KAA_КУР-ГОР-0031-2/2026-07-19/sentinel_analysis.tif
SKIP kaa/KAA_КУР-ГОР-0031-2/2026-07-31: /Users/korneev/Desktop/water-regime-gis/outputs/imagery/kaa/KAA_КУР-ГОР-0031-2/2026-07-31/sentinel_analysis.tif
SKIP kaa/KAA_КУР-ГОР-0031-2/2026-08-03: /Users/korneev/Desktop/water-regime-gis/outputs/imagery/kaa/KAA_КУР-ГОР-0031-2/2026-08-03/sentinel_analysis.tif
SKIP kaa/KAA_КУР-ГОР-0031-2/2026-08-05: /Users/korneev/Desktop/water-regime-gis/outputs/imagery/kaa/KAA_КУР-ГОР-0031-2/2026-08-05/sentinel_analysis.tif
SKIP kaa/KAA_КУР-ГОР-0031-2/2026-08-07: /Users/korneev/Desktop/water-regime-gis/outputs/imagery/kaa/KAA_КУР-ГОР-0031-2/2026-08-07/sentinel_analysis.tif
SKIP kaa/KAA_КУР-ГОР-0031-2/2026-08-08: /Users/korneev/Desktop/water-regime-gis/outputs/imagery/kaa/KAA_КУР-ГОР-0031-2/2026-08-08/sentinel_analysis.tif
SKIP kaa/KAA_КУР-ГОР-0031-2/2026-08-10: /Users/korneev/Desktop/water-regime-gis/outputs/imagery/kaa/KAA_КУР-ГОР-0031-2/2026-08-10/sentinel_analysis.tif
SKIP kaa/KAA_КУР-ГОР-0056-02/2026-04-25: /Users/korneev/Desktop/water-regime-gis/outputs/imagery/kaa/KAA_КУР-ГОР-0056-02/2026-04-25/sentinel_analysis.tif
SKIP kaa/KAA_КУР-ГОР-0056-02/2026-05-05: /Users/korneev/Desktop/water-regime-gis/outputs/imagery/kaa/KAA_КУР-ГОР-0056-02/2026-05-05/sentinel_analysis.tif
SKIP kaa/KAA_КУР-ГОР-0056-02/2026-05-07: /Users/korneev/Desktop/water-regime-gis/outputs/imagery/kaa/KAA_КУР-ГОР-0056-02/2026-05-07/sentinel_analysis.tif
SKIP kaa/KAA_КУР-ГОР-0056-02/2026-05-20: /Users/korneev/Desktop/water-regime-gis/outputs/imagery/kaa/KAA_КУР-ГОР-0056-02/2026-05-20/sentinel_analysis.tif
SKIP kaa/KAA_КУР-ГОР-0056-02/2026-05-22: /Users/korneev/Desktop/water-regime-gis/outputs/imagery/kaa/KAA_КУР-ГОР-0056-02/2026-05-22/sentinel_analysis.tif
SKIP kaa/KAA_КУР-ГОР-0056-02/2026-06-08: /Users/korneev/Desktop/water-regime-gis/outputs/imagery/kaa/KAA_КУР-ГОР-0056-02/2026-06-08/sentinel_analysis.tif
SKIP kaa/KAA_КУР-ГОР-0056-02/2026-06-09: /Users/korneev/Desktop/water-regime-gis/outputs/imagery/kaa/KAA_КУР-ГОР-0056-02/2026-06-09/sentinel_analysis.tif
SKIP kaa/KAA_КУР-ГОР-0056-02/2026-06-11: /Users/korneev/Desktop/water-regime-gis/outputs/imagery/kaa/KAA_КУР-ГОР-0056-02/2026-06-11/sentinel_analysis.tif
SKIP kaa/KAA_КУР-ГОР-0056-02/2026-06-18: /Users/korneev/Desktop/water-regime-gis/outputs/imagery/kaa/KAA_КУР-ГОР-0056-02/2026-06-18/sentinel_analysis.tif
SKIP kaa/KAA_КУР-ГОР-0056-02/2026-07-01: /Users/korneev/Desktop/water-regime-gis/outputs/imagery/kaa/KAA_КУР-ГОР-0056-02/2026-07-01/sentinel_analysis.tif
SKIP kaa/KAA_КУР-ГОР-0056-02/2026-07-18: /Users/korneev/Desktop/water-regime-gis/outputs/imagery/kaa/KAA_КУР-ГОР-0056-02/2026-07-18/sentinel_analysis.tif
SKIP kaa/KAA_КУР-ГОР-0056-02/2026-07-19: /Users/korneev/Desktop/water-regime-gis/outputs/imagery/kaa/KAA_КУР-ГОР-0056-02/2026-07-19/sentinel_analysis.tif
SKIP kaa/KAA_КУР-ГОР-0056-02/2026-07-31: /Users/korneev/Desktop/water-regime-gis/outputs/imagery/kaa/KAA_КУР-ГОР-0056-02/2026-07-31/sentinel_analysis.tif
SKIP kaa/KAA_КУР-ГОР-0056-02/2026-08-03: /Users/korneev/Desktop/water-regime-gis/outputs/imagery/kaa/KAA_КУР-ГОР-0056-02/2026-08-03/sentinel_analysis.tif
SKIP kaa/KAA_КУР-ГОР-0056-02/2026-08-07: /Users/korneev/Desktop/water-regime-gis/outputs/imagery/kaa/KAA_КУР-ГОР-0056-02/2026-08-07/sentinel_analysis.tif
SKIP kaa/KAA_КУР-ГОР-0056-02/2026-08-08: /Users/korneev/Desktop/water-regime-gis/outputs/imagery/kaa/KAA_КУР-ГОР-0056-02/2026-08-08/sentinel_analysis.tif
SKIP kaa/KAA_КУР-ГОР-0056-02/2026-08-10: /Users/korneev/Desktop/water-regime-gis/outputs/imagery/kaa/KAA_КУР-ГОР-0056-02/2026-08-10/sentinel_analysis.tif
SKIP kaa/KAA_КУР-ГОР-0057-02/2026-04-25: /Users/korneev/Desktop/water-regime-gis/outputs/imagery/kaa/KAA_КУР-ГОР-0057-02/2026-04-25/sentinel_analysis.tif
SKIP kaa/KAA_КУР-ГОР-0057-02/2026-05-05: /Users/korneev/Desktop/water-regime-gis/outputs/imagery/kaa/KAA_КУР-ГОР-0057-02/2026-05-05/sentinel_analysis.tif
SKIP kaa/KAA_КУР-ГОР-0057-02/2026-05-07: /Users/korneev/Desktop/water-regime-gis/outputs/imagery/kaa/KAA_КУР-ГОР-0057-02/2026-05-07/sentinel_analysis.tif
SKIP kaa/KAA_КУР-ГОР-0057-02/2026-05-20: /Users/korneev/Desktop/water-regime-gis/outputs/imagery/kaa/KAA_КУР-ГОР-0057-02/2026-05-20/sentinel_analysis.tif
SKIP kaa/KAA_КУР-ГОР-0057-02/2026-05-22: /Users/korneev/Desktop/water-regime-gis/outputs/imagery/kaa/KAA_КУР-ГОР-0057-02/2026-05-22/sentinel_analysis.tif
SKIP kaa/KAA_КУР-ГОР-0057-02/2026-06-08: /Users/korneev/Desktop/water-regime-gis/outputs/imagery/kaa/KAA_КУР-ГОР-0057-02/2026-06-08/sentinel_analysis.tif
SKIP kaa/KAA_КУР-ГОР-0057-02/2026-06-09: /Users/korneev/Desktop/water-regime-gis/outputs/imagery/kaa/KAA_КУР-ГОР-0057-02/2026-06-09/sentinel_analysis.tif
SKIP kaa/KAA_КУР-ГОР-0057-02/2026-06-11: /Users/korneev/Desktop/water-regime-gis/outputs/imagery/kaa/KAA_КУР-ГОР-0057-02/2026-06-11/sentinel_analysis.tif
SKIP kaa/KAA_КУР-ГОР-0057-02/2026-06-18: /Users/korneev/Desktop/water-regime-gis/outputs/imagery/kaa/KAA_КУР-ГОР-0057-02/2026-06-18/sentinel_analysis.tif
SKIP kaa/KAA_КУР-ГОР-0057-02/2026-07-01: /Users/korneev/Desktop/water-regime-gis/outputs/imagery/kaa/KAA_КУР-ГОР-0057-02/2026-07-01/sentinel_analysis.tif
SKIP kaa/KAA_КУР-ГОР-0057-02/2026-07-18: /Users/korneev/Desktop/water-regime-gis/outputs/imagery/kaa/KAA_КУР-ГОР-0057-02/2026-07-18/sentinel_analysis.tif
SKIP kaa/KAA_КУР-ГОР-0057-02/2026-07-19: /Users/korneev/Desktop/water-regime-gis/outputs/imagery/kaa/KAA_КУР-ГОР-0057-02/2026-07-19/sentinel_analysis.tif
SKIP kaa/KAA_КУР-ГОР-0057-02/2026-07-31: /Users/korneev/Desktop/water-regime-gis/outputs/imagery/kaa/KAA_КУР-ГОР-0057-02/2026-07-31/sentinel_analysis.tif
SKIP kaa/KAA_КУР-ГОР-0057-02/2026-08-03: /Users/korneev/Desktop/water-regime-gis/outputs/imagery/kaa/KAA_КУР-ГОР-0057-02/2026-08-03/sentinel_analysis.tif
SKIP kaa/KAA_КУР-ГОР-0057-02/2026-08-07: /Users/korneev/Desktop/water-regime-gis/outputs/imagery/kaa/KAA_КУР-ГОР-0057-02/2026-08-07/sentinel_analysis.tif
SKIP kaa/KAA_КУР-ГОР-0057-02/2026-08-08: /Users/korneev/Desktop/water-regime-gis/outputs/imagery/kaa/KAA_КУР-ГОР-0057-02/2026-08-08/sentinel_analysis.tif
SKIP kaa/KAA_КУР-ГОР-0057-02/2026-08-10: /Users/korneev/Desktop/water-regime-gis/outputs/imagery/kaa/KAA_КУР-ГОР-0057-02/2026-08-10/sentinel_analysis.tif
SKIP kaa/KAA_КУР-ГОР-0057-03/2026-04-25: /Users/korneev/Desktop/water-regime-gis/outputs/imagery/kaa/KAA_КУР-ГОР-0057-03/2026-04-25/sentinel_analysis.tif
SKIP kaa/KAA_КУР-ГОР-0057-03/2026-05-05: /Users/korneev/Desktop/water-regime-gis/outputs/imagery/kaa/KAA_КУР-ГОР-0057-03/2026-05-05/sentinel_analysis.tif
SKIP kaa/KAA_КУР-ГОР-0057-03/2026-05-07: /Users/korneev/Desktop/water-regime-gis/outputs/imagery/kaa/KAA_КУР-ГОР-0057-03/2026-05-07/sentinel_analysis.tif
SKIP kaa/KAA_КУР-ГОР-0057-03/2026-05-20: /Users/korneev/Desktop/water-regime-gis/outputs/imagery/kaa/KAA_КУР-ГОР-0057-03/2026-05-20/sentinel_analysis.tif
SKIP kaa/KAA_КУР-ГОР-0057-03/2026-05-22: /Users/korneev/Desktop/water-regime-gis/outputs/imagery/kaa/KAA_КУР-ГОР-0057-03/2026-05-22/sentinel_analysis.tif
SKIP kaa/KAA_КУР-ГОР-0057-03/2026-06-08: /Users/korneev/Desktop/water-regime-gis/outputs/imagery/kaa/KAA_КУР-ГОР-0057-03/2026-06-08/sentinel_analysis.tif
SKIP kaa/KAA_КУР-ГОР-0057-03/2026-06-09: /Users/korneev/Desktop/water-regime-gis/outputs/imagery/kaa/KAA_КУР-ГОР-0057-03/2026-06-09/sentinel_analysis.tif
SKIP kaa/KAA_КУР-ГОР-0057-03/2026-06-11: /Users/korneev/Desktop/water-regime-gis/outputs/imagery/kaa/KAA_КУР-ГОР-0057-03/2026-06-11/sentinel_analysis.tif
SKIP kaa/KAA_КУР-ГОР-0057-03/2026-06-18: /Users/korneev/Desktop/water-regime-gis/outputs/imagery/kaa/KAA_КУР-ГОР-0057-03/2026-06-18/sentinel_analysis.tif
SKIP kaa/KAA_КУР-ГОР-0057-03/2026-07-01: /Users/korneev/Desktop/water-regime-gis/outputs/imagery/kaa/KAA_КУР-ГОР-0057-03/2026-07-01/sentinel_analysis.tif
SKIP kaa/KAA_КУР-ГОР-0057-03/2026-07-18: /Users/korneev/Desktop/water-regime-gis/outputs/imagery/kaa/KAA_КУР-ГОР-0057-03/2026-07-18/sentinel_analysis.tif
SKIP kaa/KAA_КУР-ГОР-0057-03/2026-07-19: /Users/korneev/Desktop/water-regime-gis/outputs/imagery/kaa/KAA_КУР-ГОР-0057-03/2026-07-19/sentinel_analysis.tif
SKIP kaa/KAA_КУР-ГОР-0057-03/2026-07-31: /Users/korneev/Desktop/water-regime-gis/outputs/imagery/kaa/KAA_КУР-ГОР-0057-03/2026-07-31/sentinel_analysis.tif
SKIP kaa/KAA_КУР-ГОР-0057-03/2026-08-03: /Users/korneev/Desktop/water-regime-gis/outputs/imagery/kaa/KAA_КУР-ГОР-0057-03/2026-08-03/sentinel_analysis.tif
SKIP kaa/KAA_КУР-ГОР-0057-03/2026-08-07: /Users/korneev/Desktop/water-regime-gis/outputs/imagery/kaa/KAA_КУР-ГОР-0057-03/2026-08-07/sentinel_analysis.tif
SKIP kaa/KAA_КУР-ГОР-0057-03/2026-08-08: /Users/korneev/Desktop/water-regime-gis/outputs/imagery/kaa/KAA_КУР-ГОР-0057-03/2026-08-08/sentinel_analysis.tif
SKIP kaa/KAA_КУР-ГОР-0057-03/2026-08-10: /Users/korneev/Desktop/water-regime-gis/outputs/imagery/kaa/KAA_КУР-ГОР-0057-03/2026-08-10/sentinel_analysis.tif
SKIP kaa/KAA_КУР-ГОР-0058-02/2026-04-25: /Users/korneev/Desktop/water-regime-gis/outputs/imagery/kaa/KAA_КУР-ГОР-0058-02/2026-04-25/sentinel_analysis.tif
SKIP kaa/KAA_КУР-ГОР-0058-02/2026-05-05: /Users/korneev/Desktop/water-regime-gis/outputs/imagery/kaa/KAA_КУР-ГОР-0058-02/2026-05-05/sentinel_analysis.tif
SKIP kaa/KAA_КУР-ГОР-0058-02/2026-05-07: /Users/korneev/Desktop/water-regime-gis/outputs/imagery/kaa/KAA_КУР-ГОР-0058-02/2026-05-07/sentinel_analysis.tif
SKIP kaa/KAA_КУР-ГОР-0058-02/2026-05-20: /Users/korneev/Desktop/water-regime-gis/outputs/imagery/kaa/KAA_КУР-ГОР-0058-02/2026-05-20/sentinel_analysis.tif
SKIP kaa/KAA_КУР-ГОР-0058-02/2026-05-22: /Users/korneev/Desktop/water-regime-gis/outputs/imagery/kaa/KAA_КУР-ГОР-0058-02/2026-05-22/sentinel_analysis.tif
SKIP kaa/KAA_КУР-ГОР-0058-02/2026-06-08: /Users/korneev/Desktop/water-regime-gis/outputs/imagery/kaa/KAA_КУР-ГОР-0058-02/2026-06-08/sentinel_analysis.tif
SKIP kaa/KAA_КУР-ГОР-0058-02/2026-06-09: /Users/korneev/Desktop/water-regime-gis/outputs/imagery/kaa/KAA_КУР-ГОР-0058-02/2026-06-09/sentinel_analysis.tif
SKIP kaa/KAA_КУР-ГОР-0058-02/2026-06-11: /Users/korneev/Desktop/water-regime-gis/outputs/imagery/kaa/KAA_КУР-ГОР-0058-02/2026-06-11/sentinel_analysis.tif
SKIP kaa/KAA_КУР-ГОР-0058-02/2026-06-18: /Users/korneev/Desktop/water-regime-gis/outputs/imagery/kaa/KAA_КУР-ГОР-0058-02/2026-06-18/sentinel_analysis.tif
SKIP kaa/KAA_КУР-ГОР-0058-02/2026-07-01: /Users/korneev/Desktop/water-regime-gis/outputs/imagery/kaa/KAA_КУР-ГОР-0058-02/2026-07-01/sentinel_analysis.tif
SKIP kaa/KAA_КУР-ГОР-0058-02/2026-07-18: /Users/korneev/Desktop/water-regime-gis/outputs/imagery/kaa/KAA_КУР-ГОР-0058-02/2026-07-18/sentinel_analysis.tif
SKIP kaa/KAA_КУР-ГОР-0058-02/2026-07-19: /Users/korneev/Desktop/water-regime-gis/outputs/imagery/kaa/KAA_КУР-ГОР-0058-02/2026-07-19/sentinel_analysis.tif
SKIP kaa/KAA_КУР-ГОР-0058-02/2026-07-31: /Users/korneev/Desktop/water-regime-gis/outputs/imagery/kaa/KAA_КУР-ГОР-0058-02/2026-07-31/sentinel_analysis.tif
SKIP kaa/KAA_КУР-ГОР-0058-02/2026-08-03: /Users/korneev/Desktop/water-regime-gis/outputs/imagery/kaa/KAA_КУР-ГОР-0058-02/2026-08-03/sentinel_analysis.tif
SKIP kaa/KAA_КУР-ГОР-0058-02/2026-08-07: /Users/korneev/Desktop/water-regime-gis/outputs/imagery/kaa/KAA_КУР-ГОР-0058-02/2026-08-07/sentinel_analysis.tif
SKIP kaa/KAA_КУР-ГОР-0058-02/2026-08-08: /Users/korneev/Desktop/water-regime-gis/outputs/imagery/kaa/KAA_КУР-ГОР-0058-02/2026-08-08/sentinel_analysis.tif
SKIP kaa/KAA_КУР-ГОР-0058-02/2026-08-10: /Users/korneev/Desktop/water-regime-gis/outputs/imagery/kaa/KAA_КУР-ГОР-0058-02/2026-08-10/sentinel_analysis.tif
SKIP kaa/KAA_КУР-ГОР-0058-03/2026-04-25: /Users/korneev/Desktop/water-regime-gis/outputs/imagery/kaa/KAA_КУР-ГОР-0058-03/2026-04-25/sentinel_analysis.tif
SKIP kaa/KAA_КУР-ГОР-0058-03/2026-05-05: /Users/korneev/Desktop/water-regime-gis/outputs/imagery/kaa/KAA_КУР-ГОР-0058-03/2026-05-05/sentinel_analysis.tif
SKIP kaa/KAA_КУР-ГОР-0058-03/2026-05-07: /Users/korneev/Desktop/water-regime-gis/outputs/imagery/kaa/KAA_КУР-ГОР-0058-03/2026-05-07/sentinel_analysis.tif
SKIP kaa/KAA_КУР-ГОР-0058-03/2026-05-20: /Users/korneev/Desktop/water-regime-gis/outputs/imagery/kaa/KAA_КУР-ГОР-0058-03/2026-05-20/sentinel_analysis.tif
SKIP kaa/KAA_КУР-ГОР-0058-03/2026-05-22: /Users/korneev/Desktop/water-regime-gis/outputs/imagery/kaa/KAA_КУР-ГОР-0058-03/2026-05-22/sentinel_analysis.tif
SKIP kaa/KAA_КУР-ГОР-0058-03/2026-06-08: /Users/korneev/Desktop/water-regime-gis/outputs/imagery/kaa/KAA_КУР-ГОР-0058-03/2026-06-08/sentinel_analysis.tif
SKIP kaa/KAA_КУР-ГОР-0058-03/2026-06-09: /Users/korneev/Desktop/water-regime-gis/outputs/imagery/kaa/KAA_КУР-ГОР-0058-03/2026-06-09/sentinel_analysis.tif
SKIP kaa/KAA_КУР-ГОР-0058-03/2026-06-11: /Users/korneev/Desktop/water-regime-gis/outputs/imagery/kaa/KAA_КУР-ГОР-0058-03/2026-06-11/sentinel_analysis.tif
SKIP kaa/KAA_КУР-ГОР-0058-03/2026-06-18: /Users/korneev/Desktop/water-regime-gis/outputs/imagery/kaa/KAA_КУР-ГОР-0058-03/2026-06-18/sentinel_analysis.tif
SKIP kaa/KAA_КУР-ГОР-0058-03/2026-07-01: /Users/korneev/Desktop/water-regime-gis/outputs/imagery/kaa/KAA_КУР-ГОР-0058-03/2026-07-01/sentinel_analysis.tif
SKIP kaa/KAA_КУР-ГОР-0058-03/2026-07-18: /Users/korneev/Desktop/water-regime-gis/outputs/imagery/kaa/KAA_КУР-ГОР-0058-03/2026-07-18/sentinel_analysis.tif
SKIP kaa/KAA_КУР-ГОР-0058-03/2026-07-19: /Users/korneev/Desktop/water-regime-gis/outputs/imagery/kaa/KAA_КУР-ГОР-0058-03/2026-07-19/sentinel_analysis.tif
SKIP kaa/KAA_КУР-ГОР-0058-03/2026-07-31: /Users/korneev/Desktop/water-regime-gis/outputs/imagery/kaa/KAA_КУР-ГОР-0058-03/2026-07-31/sentinel_analysis.tif
SKIP kaa/KAA_КУР-ГОР-0058-03/2026-08-03: /Users/korneev/Desktop/water-regime-gis/outputs/imagery/kaa/KAA_КУР-ГОР-0058-03/2026-08-03/sentinel_analysis.tif
SKIP kaa/KAA_КУР-ГОР-0058-03/2026-08-07: /Users/korneev/Desktop/water-regime-gis/outputs/imagery/kaa/KAA_КУР-ГОР-0058-03/2026-08-07/sentinel_analysis.tif
SKIP kaa/KAA_КУР-ГОР-0058-03/2026-08-08: /Users/korneev/Desktop/water-regime-gis/outputs/imagery/kaa/KAA_КУР-ГОР-0058-03/2026-08-08/sentinel_analysis.tif
SKIP kaa/KAA_КУР-ГОР-0058-03/2026-08-10: /Users/korneev/Desktop/water-regime-gis/outputs/imagery/kaa/KAA_КУР-ГОР-0058-03/2026-08-10/sentinel_analysis.tif
SKIP kaa/KAA_КУР-ГОР-0058-04/2026-04-25: /Users/korneev/Desktop/water-regime-gis/outputs/imagery/kaa/KAA_КУР-ГОР-0058-04/2026-04-25/sentinel_analysis.tif
SKIP kaa/KAA_КУР-ГОР-0058-04/2026-05-05: /Users/korneev/Desktop/water-regime-gis/outputs/imagery/kaa/KAA_КУР-ГОР-0058-04/2026-05-05/sentinel_analysis.tif
SKIP kaa/KAA_КУР-ГОР-0058-04/2026-05-07: /Users/korneev/Desktop/water-regime-gis/outputs/imagery/kaa/KAA_КУР-ГОР-0058-04/2026-05-07/sentinel_analysis.tif
SKIP kaa/KAA_КУР-ГОР-0058-04/2026-05-20: /Users/korneev/Desktop/water-regime-gis/outputs/imagery/kaa/KAA_КУР-ГОР-0058-04/2026-05-20/sentinel_analysis.tif
SKIP kaa/KAA_КУР-ГОР-0058-04/2026-05-22: /Users/korneev/Desktop/water-regime-gis/outputs/imagery/kaa/KAA_КУР-ГОР-0058-04/2026-05-22/sentinel_analysis.tif
SKIP kaa/KAA_КУР-ГОР-0058-04/2026-06-08: /Users/korneev/Desktop/water-regime-gis/outputs/imagery/kaa/KAA_КУР-ГОР-0058-04/2026-06-08/sentinel_analysis.tif
SKIP kaa/KAA_КУР-ГОР-0058-04/2026-06-09: /Users/korneev/Desktop/water-regime-gis/outputs/imagery/kaa/KAA_КУР-ГОР-0058-04/2026-06-09/sentinel_analysis.tif
SKIP kaa/KAA_КУР-ГОР-0058-04/2026-06-11: /Users/korneev/Desktop/water-regime-gis/outputs/imagery/kaa/KAA_КУР-ГОР-0058-04/2026-06-11/sentinel_analysis.tif
SKIP kaa/KAA_КУР-ГОР-0058-04/2026-06-18: /Users/korneev/Desktop/water-regime-gis/outputs/imagery/kaa/KAA_КУР-ГОР-0058-04/2026-06-18/sentinel_analysis.tif
SKIP kaa/KAA_КУР-ГОР-0058-04/2026-07-01: /Users/korneev/Desktop/water-regime-gis/outputs/imagery/kaa/KAA_КУР-ГОР-0058-04/2026-07-01/sentinel_analysis.tif
SKIP kaa/KAA_КУР-ГОР-0058-04/2026-07-18: /Users/korneev/Desktop/water-regime-gis/outputs/imagery/kaa/KAA_КУР-ГОР-0058-04/2026-07-18/sentinel_analysis.tif
SKIP kaa/KAA_КУР-ГОР-0058-04/2026-07-19: /Users/korneev/Desktop/water-regime-gis/outputs/imagery/kaa/KAA_КУР-ГОР-0058-04/2026-07-19/sentinel_analysis.tif
SKIP kaa/KAA_КУР-ГОР-0058-04/2026-07-31: /Users/korneev/Desktop/water-regime-gis/outputs/imagery/kaa/KAA_КУР-ГОР-0058-04/2026-07-31/sentinel_analysis.tif
SKIP kaa/KAA_КУР-ГОР-0058-04/2026-08-03: /Users/korneev/Desktop/water-regime-gis/outputs/imagery/kaa/KAA_КУР-ГОР-0058-04/2026-08-03/sentinel_analysis.tif
SKIP kaa/KAA_КУР-ГОР-0058-04/2026-08-07: /Users/korneev/Desktop/water-regime-gis/outputs/imagery/kaa/KAA_КУР-ГОР-0058-04/2026-08-07/sentinel_analysis.tif
SKIP kaa/KAA_КУР-ГОР-0058-04/2026-08-08: /Users/korneev/Desktop/water-regime-gis/outputs/imagery/kaa/KAA_КУР-ГОР-0058-04/2026-08-08/sentinel_analysis.tif
SKIP kaa/KAA_КУР-ГОР-0058-04/2026-08-10: /Users/korneev/Desktop/water-regime-gis/outputs/imagery/kaa/KAA_КУР-ГОР-0058-04/2026-08-10/sentinel_analysis.tif
SKIP kaa/KAA_КУР-ГОР-0059-02-3/2026-04-25: /Users/korneev/Desktop/water-regime-gis/outputs/imagery/kaa/KAA_КУР-ГОР-0059-02-3/2026-04-25/sentinel_analysis.tif
SKIP kaa/KAA_КУР-ГОР-0059-02-3/2026-05-05: /Users/korneev/Desktop/water-regime-gis/outputs/imagery/kaa/KAA_КУР-ГОР-0059-02-3/2026-05-05/sentinel_analysis.tif
SKIP kaa/KAA_КУР-ГОР-0059-02-3/2026-05-07: /Users/korneev/Desktop/water-regime-gis/outputs/imagery/kaa/KAA_КУР-ГОР-0059-02-3/2026-05-07/sentinel_analysis.tif
SKIP kaa/KAA_КУР-ГОР-0059-02-3/2026-05-20: /Users/korneev/Desktop/water-regime-gis/outputs/imagery/kaa/KAA_КУР-ГОР-0059-02-3/2026-05-20/sentinel_analysis.tif
SKIP kaa/KAA_КУР-ГОР-0059-02-3/2026-05-22: /Users/korneev/Desktop/water-regime-gis/outputs/imagery/kaa/KAA_КУР-ГОР-0059-02-3/2026-05-22/sentinel_analysis.tif
SKIP kaa/KAA_КУР-ГОР-0059-02-3/2026-06-08: /Users/korneev/Desktop/water-regime-gis/outputs/imagery/kaa/KAA_КУР-ГОР-0059-02-3/2026-06-08/sentinel_analysis.tif
SKIP kaa/KAA_КУР-ГОР-0059-02-3/2026-06-09: /Users/korneev/Desktop/water-regime-gis/outputs/imagery/kaa/KAA_КУР-ГОР-0059-02-3/2026-06-09/sentinel_analysis.tif
SKIP kaa/KAA_КУР-ГОР-0059-02-3/2026-06-11: /Users/korneev/Desktop/water-regime-gis/outputs/imagery/kaa/KAA_КУР-ГОР-0059-02-3/2026-06-11/sentinel_analysis.tif
SKIP kaa/KAA_КУР-ГОР-0059-02-3/2026-06-18: /Users/korneev/Desktop/water-regime-gis/outputs/imagery/kaa/KAA_КУР-ГОР-0059-02-3/2026-06-18/sentinel_analysis.tif
SKIP kaa/KAA_КУР-ГОР-0059-02-3/2026-07-01: /Users/korneev/Desktop/water-regime-gis/outputs/imagery/kaa/KAA_КУР-ГОР-0059-02-3/2026-07-01/sentinel_analysis.tif
SKIP kaa/KAA_КУР-ГОР-0059-02-3/2026-07-18: /Users/korneev/Desktop/water-regime-gis/outputs/imagery/kaa/KAA_КУР-ГОР-0059-02-3/2026-07-18/sentinel_analysis.tif
SKIP kaa/KAA_КУР-ГОР-0059-02-3/2026-07-19: /Users/korneev/Desktop/water-regime-gis/outputs/imagery/kaa/KAA_КУР-ГОР-0059-02-3/2026-07-19/sentinel_analysis.tif
SKIP kaa/KAA_КУР-ГОР-0059-02-3/2026-07-31: /Users/korneev/Desktop/water-regime-gis/outputs/imagery/kaa/KAA_КУР-ГОР-0059-02-3/2026-07-31/sentinel_analysis.tif
SKIP kaa/KAA_КУР-ГОР-0059-02-3/2026-08-03: /Users/korneev/Desktop/water-regime-gis/outputs/imagery/kaa/KAA_КУР-ГОР-0059-02-3/2026-08-03/sentinel_analysis.tif
SKIP kaa/KAA_КУР-ГОР-0059-02-3/2026-08-07: /Users/korneev/Desktop/water-regime-gis/outputs/imagery/kaa/KAA_КУР-ГОР-0059-02-3/2026-08-07/sentinel_analysis.tif
SKIP kaa/KAA_КУР-ГОР-0059-02-3/2026-08-08: /Users/korneev/Desktop/water-regime-gis/outputs/imagery/kaa/KAA_КУР-ГОР-0059-02-3/2026-08-08/sentinel_analysis.tif
SKIP kaa/KAA_КУР-ГОР-0059-02-3/2026-08-10: /Users/korneev/Desktop/water-regime-gis/outputs/imagery/kaa/KAA_КУР-ГОР-0059-02-3/2026-08-10/sentinel_analysis.tif
SKIP kaa/KAA_КУР-ГОР-0059-03/2026-04-25: /Users/korneev/Desktop/water-regime-gis/outputs/imagery/kaa/KAA_КУР-ГОР-0059-03/2026-04-25/sentinel_analysis.tif
SKIP kaa/KAA_КУР-ГОР-0059-03/2026-05-05: /Users/korneev/Desktop/water-regime-gis/outputs/imagery/kaa/KAA_КУР-ГОР-0059-03/2026-05-05/sentinel_analysis.tif
SKIP kaa/KAA_КУР-ГОР-0059-03/2026-05-07: /Users/korneev/Desktop/water-regime-gis/outputs/imagery/kaa/KAA_КУР-ГОР-0059-03/2026-05-07/sentinel_analysis.tif
SKIP kaa/KAA_КУР-ГОР-0059-03/2026-05-20: /Users/korneev/Desktop/water-regime-gis/outputs/imagery/kaa/KAA_КУР-ГОР-0059-03/2026-05-20/sentinel_analysis.tif
SKIP kaa/KAA_КУР-ГОР-0059-03/2026-05-22: /Users/korneev/Desktop/water-regime-gis/outputs/imagery/kaa/KAA_КУР-ГОР-0059-03/2026-05-22/sentinel_analysis.tif
SKIP kaa/KAA_КУР-ГОР-0059-03/2026-06-08: /Users/korneev/Desktop/water-regime-gis/outputs/imagery/kaa/KAA_КУР-ГОР-0059-03/2026-06-08/sentinel_analysis.tif
SKIP kaa/KAA_КУР-ГОР-0059-03/2026-06-09: /Users/korneev/Desktop/water-regime-gis/outputs/imagery/kaa/KAA_КУР-ГОР-0059-03/2026-06-09/sentinel_analysis.tif
SKIP kaa/KAA_КУР-ГОР-0059-03/2026-06-11: /Users/korneev/Desktop/water-regime-gis/outputs/imagery/kaa/KAA_КУР-ГОР-0059-03/2026-06-11/sentinel_analysis.tif
SKIP kaa/KAA_КУР-ГОР-0059-03/2026-06-18: /Users/korneev/Desktop/water-regime-gis/outputs/imagery/kaa/KAA_КУР-ГОР-0059-03/2026-06-18/sentinel_analysis.tif
SKIP kaa/KAA_КУР-ГОР-0059-03/2026-07-01: /Users/korneev/Desktop/water-regime-gis/outputs/imagery/kaa/KAA_КУР-ГОР-0059-03/2026-07-01/sentinel_analysis.tif
SKIP kaa/KAA_КУР-ГОР-0059-03/2026-07-18: /Users/korneev/Desktop/water-regime-gis/outputs/imagery/kaa/KAA_КУР-ГОР-0059-03/2026-07-18/sentinel_analysis.tif
SKIP kaa/KAA_КУР-ГОР-0059-03/2026-07-19: /Users/korneev/Desktop/water-regime-gis/outputs/imagery/kaa/KAA_КУР-ГОР-0059-03/2026-07-19/sentinel_analysis.tif
SKIP kaa/KAA_КУР-ГОР-0059-03/2026-07-31: /Users/korneev/Desktop/water-regime-gis/outputs/imagery/kaa/KAA_КУР-ГОР-0059-03/2026-07-31/sentinel_analysis.tif
SKIP kaa/KAA_КУР-ГОР-0059-03/2026-08-03: /Users/korneev/Desktop/water-regime-gis/outputs/imagery/kaa/KAA_КУР-ГОР-0059-03/2026-08-03/sentinel_analysis.tif
SKIP kaa/KAA_КУР-ГОР-0059-03/2026-08-07: /Users/korneev/Desktop/water-regime-gis/outputs/imagery/kaa/KAA_КУР-ГОР-0059-03/2026-08-07/sentinel_analysis.tif
SKIP kaa/KAA_КУР-ГОР-0059-03/2026-08-08: /Users/korneev/Desktop/water-regime-gis/outputs/imagery/kaa/KAA_КУР-ГОР-0059-03/2026-08-08/sentinel_analysis.tif
SKIP kaa/KAA_КУР-ГОР-0059-03/2026-08-10: /Users/korneev/Desktop/water-regime-gis/outputs/imagery/kaa/KAA_КУР-ГОР-0059-03/2026-08-10/sentinel_analysis.tif
SKIP kaa/KAA_КУР-ГОР-0060-02/2026-04-25: /Users/korneev/Desktop/water-regime-gis/outputs/imagery/kaa/KAA_КУР-ГОР-0060-02/2026-04-25/sentinel_analysis.tif
SKIP kaa/KAA_КУР-ГОР-0060-02/2026-05-05: /Users/korneev/Desktop/water-regime-gis/outputs/imagery/kaa/KAA_КУР-ГОР-0060-02/2026-05-05/sentinel_analysis.tif
SKIP kaa/KAA_КУР-ГОР-0060-02/2026-05-07: /Users/korneev/Desktop/water-regime-gis/outputs/imagery/kaa/KAA_КУР-ГОР-0060-02/2026-05-07/sentinel_analysis.tif
SKIP kaa/KAA_КУР-ГОР-0060-02/2026-05-20: /Users/korneev/Desktop/water-regime-gis/outputs/imagery/kaa/KAA_КУР-ГОР-0060-02/2026-05-20/sentinel_analysis.tif
SKIP kaa/KAA_КУР-ГОР-0060-02/2026-05-22: /Users/korneev/Desktop/water-regime-gis/outputs/imagery/kaa/KAA_КУР-ГОР-0060-02/2026-05-22/sentinel_analysis.tif
SKIP kaa/KAA_КУР-ГОР-0060-02/2026-06-08: /Users/korneev/Desktop/water-regime-gis/outputs/imagery/kaa/KAA_КУР-ГОР-0060-02/2026-06-08/sentinel_analysis.tif
SKIP kaa/KAA_КУР-ГОР-0060-02/2026-06-09: /Users/korneev/Desktop/water-regime-gis/outputs/imagery/kaa/KAA_КУР-ГОР-0060-02/2026-06-09/sentinel_analysis.tif
SKIP kaa/KAA_КУР-ГОР-0060-02/2026-06-11: /Users/korneev/Desktop/water-regime-gis/outputs/imagery/kaa/KAA_КУР-ГОР-0060-02/2026-06-11/sentinel_analysis.tif
SKIP kaa/KAA_КУР-ГОР-0060-02/2026-06-18: /Users/korneev/Desktop/water-regime-gis/outputs/imagery/kaa/KAA_КУР-ГОР-0060-02/2026-06-18/sentinel_analysis.tif
SKIP kaa/KAA_КУР-ГОР-0060-02/2026-07-01: /Users/korneev/Desktop/water-regime-gis/outputs/imagery/kaa/KAA_КУР-ГОР-0060-02/2026-07-01/sentinel_analysis.tif
SKIP kaa/KAA_КУР-ГОР-0060-02/2026-07-18: /Users/korneev/Desktop/water-regime-gis/outputs/imagery/kaa/KAA_КУР-ГОР-0060-02/2026-07-18/sentinel_analysis.tif
SKIP kaa/KAA_КУР-ГОР-0060-02/2026-07-19: /Users/korneev/Desktop/water-regime-gis/outputs/imagery/kaa/KAA_КУР-ГОР-0060-02/2026-07-19/sentinel_analysis.tif
SKIP kaa/KAA_КУР-ГОР-0060-02/2026-07-31: /Users/korneev/Desktop/water-regime-gis/outputs/imagery/kaa/KAA_КУР-ГОР-0060-02/2026-07-31/sentinel_analysis.tif
SKIP kaa/KAA_КУР-ГОР-0060-02/2026-08-03: /Users/korneev/Desktop/water-regime-gis/outputs/imagery/kaa/KAA_КУР-ГОР-0060-02/2026-08-03/sentinel_analysis.tif
SKIP kaa/KAA_КУР-ГОР-0060-02/2026-08-07: /Users/korneev/Desktop/water-regime-gis/outputs/imagery/kaa/KAA_КУР-ГОР-0060-02/2026-08-07/sentinel_analysis.tif
SKIP kaa/KAA_КУР-ГОР-0060-02/2026-08-08: /Users/korneev/Desktop/water-regime-gis/outputs/imagery/kaa/KAA_КУР-ГОР-0060-02/2026-08-08/sentinel_analysis.tif
SKIP kaa/KAA_КУР-ГОР-0060-02/2026-08-10: /Users/korneev/Desktop/water-regime-gis/outputs/imagery/kaa/KAA_КУР-ГОР-0060-02/2026-08-10/sentinel_analysis.tif
SKIP kaa/KAA_КУР-ГОР-0060-03/2026-04-25: /Users/korneev/Desktop/water-regime-gis/outputs/imagery/kaa/KAA_КУР-ГОР-0060-03/2026-04-25/sentinel_analysis.tif
SKIP kaa/KAA_КУР-ГОР-0060-03/2026-05-05: /Users/korneev/Desktop/water-regime-gis/outputs/imagery/kaa/KAA_КУР-ГОР-0060-03/2026-05-05/sentinel_analysis.tif
SKIP kaa/KAA_КУР-ГОР-0060-03/2026-05-07: /Users/korneev/Desktop/water-regime-gis/outputs/imagery/kaa/KAA_КУР-ГОР-0060-03/2026-05-07/sentinel_analysis.tif
SKIP kaa/KAA_КУР-ГОР-0060-03/2026-05-20: /Users/korneev/Desktop/water-regime-gis/outputs/imagery/kaa/KAA_КУР-ГОР-0060-03/2026-05-20/sentinel_analysis.tif
SKIP kaa/KAA_КУР-ГОР-0060-03/2026-05-22: /Users/korneev/Desktop/water-regime-gis/outputs/imagery/kaa/KAA_КУР-ГОР-0060-03/2026-05-22/sentinel_analysis.tif
SKIP kaa/KAA_КУР-ГОР-0060-03/2026-06-08: /Users/korneev/Desktop/water-regime-gis/outputs/imagery/kaa/KAA_КУР-ГОР-0060-03/2026-06-08/sentinel_analysis.tif
SKIP kaa/KAA_КУР-ГОР-0060-03/2026-06-09: /Users/korneev/Desktop/water-regime-gis/outputs/imagery/kaa/KAA_КУР-ГОР-0060-03/2026-06-09/sentinel_analysis.tif
SKIP kaa/KAA_КУР-ГОР-0060-03/2026-06-11: /Users/korneev/Desktop/water-regime-gis/outputs/imagery/kaa/KAA_КУР-ГОР-0060-03/2026-06-11/sentinel_analysis.tif
SKIP kaa/KAA_КУР-ГОР-0060-03/2026-06-18: /Users/korneev/Desktop/water-regime-gis/outputs/imagery/kaa/KAA_КУР-ГОР-0060-03/2026-06-18/sentinel_analysis.tif
SKIP kaa/KAA_КУР-ГОР-0060-03/2026-07-01: /Users/korneev/Desktop/water-regime-gis/outputs/imagery/kaa/KAA_КУР-ГОР-0060-03/2026-07-01/sentinel_analysis.tif
SKIP kaa/KAA_КУР-ГОР-0060-03/2026-07-18: /Users/korneev/Desktop/water-regime-gis/outputs/imagery/kaa/KAA_КУР-ГОР-0060-03/2026-07-18/sentinel_analysis.tif
SKIP kaa/KAA_КУР-ГОР-0060-03/2026-07-19: /Users/korneev/Desktop/water-regime-gis/outputs/imagery/kaa/KAA_КУР-ГОР-0060-03/2026-07-19/sentinel_analysis.tif
SKIP kaa/KAA_КУР-ГОР-0060-03/2026-07-31: /Users/korneev/Desktop/water-regime-gis/outputs/imagery/kaa/KAA_КУР-ГОР-0060-03/2026-07-31/sentinel_analysis.tif
SKIP kaa/KAA_КУР-ГОР-0060-03/2026-08-03: /Users/korneev/Desktop/water-regime-gis/outputs/imagery/kaa/KAA_КУР-ГОР-0060-03/2026-08-03/sentinel_analysis.tif
SKIP kaa/KAA_КУР-ГОР-0060-03/2026-08-07: /Users/korneev/Desktop/water-regime-gis/outputs/imagery/kaa/KAA_КУР-ГОР-0060-03/2026-08-07/sentinel_analysis.tif
SKIP kaa/KAA_КУР-ГОР-0060-03/2026-08-08: /Users/korneev/Desktop/water-regime-gis/outputs/imagery/kaa/KAA_КУР-ГОР-0060-03/2026-08-08/sentinel_analysis.tif
SKIP kaa/KAA_КУР-ГОР-0060-03/2026-08-10: /Users/korneev/Desktop/water-regime-gis/outputs/imagery/kaa/KAA_КУР-ГОР-0060-03/2026-08-10/sentinel_analysis.tif
SKIP kaa/KAA_КУР-ГОР-0060-04/2026-04-25: /Users/korneev/Desktop/water-regime-gis/outputs/imagery/kaa/KAA_КУР-ГОР-0060-04/2026-04-25/sentinel_analysis.tif
SKIP kaa/KAA_КУР-ГОР-0060-04/2026-05-05: /Users/korneev/Desktop/water-regime-gis/outputs/imagery/kaa/KAA_КУР-ГОР-0060-04/2026-05-05/sentinel_analysis.tif
SKIP kaa/KAA_КУР-ГОР-0060-04/2026-05-07: /Users/korneev/Desktop/water-regime-gis/outputs/imagery/kaa/KAA_КУР-ГОР-0060-04/2026-05-07/sentinel_analysis.tif
SKIP kaa/KAA_КУР-ГОР-0060-04/2026-05-20: /Users/korneev/Desktop/water-regime-gis/outputs/imagery/kaa/KAA_КУР-ГОР-0060-04/2026-05-20/sentinel_analysis.tif
SKIP kaa/KAA_КУР-ГОР-0060-04/2026-05-22: /Users/korneev/Desktop/water-regime-gis/outputs/imagery/kaa/KAA_КУР-ГОР-0060-04/2026-05-22/sentinel_analysis.tif
SKIP kaa/KAA_КУР-ГОР-0060-04/2026-06-08: /Users/korneev/Desktop/water-regime-gis/outputs/imagery/kaa/KAA_КУР-ГОР-0060-04/2026-06-08/sentinel_analysis.tif
SKIP kaa/KAA_КУР-ГОР-0060-04/2026-06-09: /Users/korneev/Desktop/water-regime-gis/outputs/imagery/kaa/KAA_КУР-ГОР-0060-04/2026-06-09/sentinel_analysis.tif
SKIP kaa/KAA_КУР-ГОР-0060-04/2026-06-11: /Users/korneev/Desktop/water-regime-gis/outputs/imagery/kaa/KAA_КУР-ГОР-0060-04/2026-06-11/sentinel_analysis.tif
SKIP kaa/KAA_КУР-ГОР-0060-04/2026-06-18: /Users/korneev/Desktop/water-regime-gis/outputs/imagery/kaa/KAA_КУР-ГОР-0060-04/2026-06-18/sentinel_analysis.tif
SKIP kaa/KAA_КУР-ГОР-0060-04/2026-07-01: /Users/korneev/Desktop/water-regime-gis/outputs/imagery/kaa/KAA_КУР-ГОР-0060-04/2026-07-01/sentinel_analysis.tif
SKIP kaa/KAA_КУР-ГОР-0060-04/2026-07-18: /Users/korneev/Desktop/water-regime-gis/outputs/imagery/kaa/KAA_КУР-ГОР-0060-04/2026-07-18/sentinel_analysis.tif
SKIP kaa/KAA_КУР-ГОР-0060-04/2026-07-19: /Users/korneev/Desktop/water-regime-gis/outputs/imagery/kaa/KAA_КУР-ГОР-0060-04/2026-07-19/sentinel_analysis.tif
SKIP kaa/KAA_КУР-ГОР-0060-04/2026-07-31: /Users/korneev/Desktop/water-regime-gis/outputs/imagery/kaa/KAA_КУР-ГОР-0060-04/2026-07-31/sentinel_analysis.tif
SKIP kaa/KAA_КУР-ГОР-0060-04/2026-08-03: /Users/korneev/Desktop/water-regime-gis/outputs/imagery/kaa/KAA_КУР-ГОР-0060-04/2026-08-03/sentinel_analysis.tif
SKIP kaa/KAA_КУР-ГОР-0060-04/2026-08-07: /Users/korneev/Desktop/water-regime-gis/outputs/imagery/kaa/KAA_КУР-ГОР-0060-04/2026-08-07/sentinel_analysis.tif
SKIP kaa/KAA_КУР-ГОР-0060-04/2026-08-08: /Users/korneev/Desktop/water-regime-gis/outputs/imagery/kaa/KAA_КУР-ГОР-0060-04/2026-08-08/sentinel_analysis.tif
SKIP kaa/KAA_КУР-ГОР-0060-04/2026-08-10: /Users/korneev/Desktop/water-regime-gis/outputs/imagery/kaa/KAA_КУР-ГОР-0060-04/2026-08-10/sentinel_analysis.tif
SKIP kaa/KAA_КУР-ГОР-0061-02/2026-04-25: /Users/korneev/Desktop/water-regime-gis/outputs/imagery/kaa/KAA_КУР-ГОР-0061-02/2026-04-25/sentinel_analysis.tif
SKIP kaa/KAA_КУР-ГОР-0061-02/2026-05-05: /Users/korneev/Desktop/water-regime-gis/outputs/imagery/kaa/KAA_КУР-ГОР-0061-02/2026-05-05/sentinel_analysis.tif
SKIP kaa/KAA_КУР-ГОР-0061-02/2026-05-07: /Users/korneev/Desktop/water-regime-gis/outputs/imagery/kaa/KAA_КУР-ГОР-0061-02/2026-05-07/sentinel_analysis.tif
SKIP kaa/KAA_КУР-ГОР-0061-02/2026-05-20: /Users/korneev/Desktop/water-regime-gis/outputs/imagery/kaa/KAA_КУР-ГОР-0061-02/2026-05-20/sentinel_analysis.tif
SKIP kaa/KAA_КУР-ГОР-0061-02/2026-05-22: /Users/korneev/Desktop/water-regime-gis/outputs/imagery/kaa/KAA_КУР-ГОР-0061-02/2026-05-22/sentinel_analysis.tif
SKIP kaa/KAA_КУР-ГОР-0061-02/2026-06-08: /Users/korneev/Desktop/water-regime-gis/outputs/imagery/kaa/KAA_КУР-ГОР-0061-02/2026-06-08/sentinel_analysis.tif
SKIP kaa/KAA_КУР-ГОР-0061-02/2026-06-09: /Users/korneev/Desktop/water-regime-gis/outputs/imagery/kaa/KAA_КУР-ГОР-0061-02/2026-06-09/sentinel_analysis.tif
SKIP kaa/KAA_КУР-ГОР-0061-02/2026-06-11: /Users/korneev/Desktop/water-regime-gis/outputs/imagery/kaa/KAA_КУР-ГОР-0061-02/2026-06-11/sentinel_analysis.tif
SKIP kaa/KAA_КУР-ГОР-0061-02/2026-06-18: /Users/korneev/Desktop/water-regime-gis/outputs/imagery/kaa/KAA_КУР-ГОР-0061-02/2026-06-18/sentinel_analysis.tif
SKIP kaa/KAA_КУР-ГОР-0061-02/2026-07-01: /Users/korneev/Desktop/water-regime-gis/outputs/imagery/kaa/KAA_КУР-ГОР-0061-02/2026-07-01/sentinel_analysis.tif
SKIP kaa/KAA_КУР-ГОР-0061-02/2026-07-18: /Users/korneev/Desktop/water-regime-gis/outputs/imagery/kaa/KAA_КУР-ГОР-0061-02/2026-07-18/sentinel_analysis.tif
SKIP kaa/KAA_КУР-ГОР-0061-02/2026-07-19: /Users/korneev/Desktop/water-regime-gis/outputs/imagery/kaa/KAA_КУР-ГОР-0061-02/2026-07-19/sentinel_analysis.tif
SKIP kaa/KAA_КУР-ГОР-0061-02/2026-07-31: /Users/korneev/Desktop/water-regime-gis/outputs/imagery/kaa/KAA_КУР-ГОР-0061-02/2026-07-31/sentinel_analysis.tif
SKIP kaa/KAA_КУР-ГОР-0061-02/2026-08-03: /Users/korneev/Desktop/water-regime-gis/outputs/imagery/kaa/KAA_КУР-ГОР-0061-02/2026-08-03/sentinel_analysis.tif
SKIP kaa/KAA_КУР-ГОР-0061-02/2026-08-07: /Users/korneev/Desktop/water-regime-gis/outputs/imagery/kaa/KAA_КУР-ГОР-0061-02/2026-08-07/sentinel_analysis.tif
SKIP kaa/KAA_КУР-ГОР-0061-02/2026-08-08: /Users/korneev/Desktop/water-regime-gis/outputs/imagery/kaa/KAA_КУР-ГОР-0061-02/2026-08-08/sentinel_analysis.tif
SKIP kaa/KAA_КУР-ГОР-0061-02/2026-08-10: /Users/korneev/Desktop/water-regime-gis/outputs/imagery/kaa/KAA_КУР-ГОР-0061-02/2026-08-10/sentinel_analysis.tif
SKIP kaa/KAA_КУР-ГОР-0061-03/2026-04-25: /Users/korneev/Desktop/water-regime-gis/outputs/imagery/kaa/KAA_КУР-ГОР-0061-03/2026-04-25/sentinel_analysis.tif
SKIP kaa/KAA_КУР-ГОР-0061-03/2026-05-05: /Users/korneev/Desktop/water-regime-gis/outputs/imagery/kaa/KAA_КУР-ГОР-0061-03/2026-05-05/sentinel_analysis.tif
SKIP kaa/KAA_КУР-ГОР-0061-03/2026-05-07: /Users/korneev/Desktop/water-regime-gis/outputs/imagery/kaa/KAA_КУР-ГОР-0061-03/2026-05-07/sentinel_analysis.tif
SKIP kaa/KAA_КУР-ГОР-0061-03/2026-05-22: /Users/korneev/Desktop/water-regime-gis/outputs/imagery/kaa/KAA_КУР-ГОР-0061-03/2026-05-22/sentinel_analysis.tif
SKIP kaa/KAA_КУР-ГОР-0061-03/2026-06-08: /Users/korneev/Desktop/water-regime-gis/outputs/imagery/kaa/KAA_КУР-ГОР-0061-03/2026-06-08/sentinel_analysis.tif
SKIP kaa/KAA_КУР-ГОР-0061-03/2026-06-11: /Users/korneev/Desktop/water-regime-gis/outputs/imagery/kaa/KAA_КУР-ГОР-0061-03/2026-06-11/sentinel_analysis.tif
SKIP kaa/KAA_КУР-ГОР-0061-03/2026-07-18: /Users/korneev/Desktop/water-regime-gis/outputs/imagery/kaa/KAA_КУР-ГОР-0061-03/2026-07-18/sentinel_analysis.tif
SKIP kaa/KAA_КУР-ГОР-0061-03/2026-07-19: /Users/korneev/Desktop/water-regime-gis/outputs/imagery/kaa/KAA_КУР-ГОР-0061-03/2026-07-19/sentinel_analysis.tif
SKIP kaa/KAA_КУР-ГОР-0061-03/2026-08-03: /Users/korneev/Desktop/water-regime-gis/outputs/imagery/kaa/KAA_КУР-ГОР-0061-03/2026-08-03/sentinel_analysis.tif
SKIP kaa/KAA_КУР-ГОР-0061-03/2026-08-07: /Users/korneev/Desktop/water-regime-gis/outputs/imagery/kaa/KAA_КУР-ГОР-0061-03/2026-08-07/sentinel_analysis.tif
SKIP kaa/KAA_КУР-ГОР-0061-03/2026-08-08: /Users/korneev/Desktop/water-regime-gis/outputs/imagery/kaa/KAA_КУР-ГОР-0061-03/2026-08-08/sentinel_analysis.tif
SKIP kaa/KAA_КУР-ГОР-0061-03/2026-08-10: /Users/korneev/Desktop/water-regime-gis/outputs/imagery/kaa/KAA_КУР-ГОР-0061-03/2026-08-10/sentinel_analysis.tif
SKIP kaa/KAA_КУР-ГОР-0062-02/2026-04-12: /Users/korneev/Desktop/water-regime-gis/outputs/imagery/kaa/KAA_КУР-ГОР-0062-02/2026-04-12/sentinel_analysis.tif
SKIP kaa/KAA_КУР-ГОР-0062-02/2026-04-25: /Users/korneev/Desktop/water-regime-gis/outputs/imagery/kaa/KAA_КУР-ГОР-0062-02/2026-04-25/sentinel_analysis.tif
SKIP kaa/KAA_КУР-ГОР-0062-02/2026-05-05: /Users/korneev/Desktop/water-regime-gis/outputs/imagery/kaa/KAA_КУР-ГОР-0062-02/2026-05-05/sentinel_analysis.tif
SKIP kaa/KAA_КУР-ГОР-0062-02/2026-05-07: /Users/korneev/Desktop/water-regime-gis/outputs/imagery/kaa/KAA_КУР-ГОР-0062-02/2026-05-07/sentinel_analysis.tif
SKIP kaa/KAA_КУР-ГОР-0062-02/2026-05-09: /Users/korneev/Desktop/water-regime-gis/outputs/imagery/kaa/KAA_КУР-ГОР-0062-02/2026-05-09/sentinel_analysis.tif
SKIP kaa/KAA_КУР-ГОР-0062-02/2026-05-20: /Users/korneev/Desktop/water-regime-gis/outputs/imagery/kaa/KAA_КУР-ГОР-0062-02/2026-05-20/sentinel_analysis.tif
SKIP kaa/KAA_КУР-ГОР-0062-02/2026-05-22: /Users/korneev/Desktop/water-regime-gis/outputs/imagery/kaa/KAA_КУР-ГОР-0062-02/2026-05-22/sentinel_analysis.tif
SKIP kaa/KAA_КУР-ГОР-0062-02/2026-06-06: /Users/korneev/Desktop/water-regime-gis/outputs/imagery/kaa/KAA_КУР-ГОР-0062-02/2026-06-06/sentinel_analysis.tif
SKIP kaa/KAA_КУР-ГОР-0062-02/2026-06-08: /Users/korneev/Desktop/water-regime-gis/outputs/imagery/kaa/KAA_КУР-ГОР-0062-02/2026-06-08/sentinel_analysis.tif
SKIP kaa/KAA_КУР-ГОР-0062-02/2026-06-09: /Users/korneev/Desktop/water-regime-gis/outputs/imagery/kaa/KAA_КУР-ГОР-0062-02/2026-06-09/sentinel_analysis.tif
SKIP kaa/KAA_КУР-ГОР-0062-02/2026-06-11: /Users/korneev/Desktop/water-regime-gis/outputs/imagery/kaa/KAA_КУР-ГОР-0062-02/2026-06-11/sentinel_analysis.tif
SKIP kaa/KAA_КУР-ГОР-0062-02/2026-06-24: /Users/korneev/Desktop/water-regime-gis/outputs/imagery/kaa/KAA_КУР-ГОР-0062-02/2026-06-24/sentinel_analysis.tif
SKIP kaa/KAA_КУР-ГОР-0062-02/2026-07-08: /Users/korneev/Desktop/water-regime-gis/outputs/imagery/kaa/KAA_КУР-ГОР-0062-02/2026-07-08/sentinel_analysis.tif
SKIP kaa/KAA_КУР-ГОР-0062-02/2026-07-18: /Users/korneev/Desktop/water-regime-gis/outputs/imagery/kaa/KAA_КУР-ГОР-0062-02/2026-07-18/sentinel_analysis.tif
SKIP kaa/KAA_КУР-ГОР-0062-02/2026-07-19: /Users/korneev/Desktop/water-regime-gis/outputs/imagery/kaa/KAA_КУР-ГОР-0062-02/2026-07-19/sentinel_analysis.tif
SKIP kaa/KAA_КУР-ГОР-0062-02/2026-07-31: /Users/korneev/Desktop/water-regime-gis/outputs/imagery/kaa/KAA_КУР-ГОР-0062-02/2026-07-31/sentinel_analysis.tif
SKIP kaa/KAA_КУР-ГОР-0062-02/2026-08-03: /Users/korneev/Desktop/water-regime-gis/outputs/imagery/kaa/KAA_КУР-ГОР-0062-02/2026-08-03/sentinel_analysis.tif
SKIP kaa/KAA_КУР-ГОР-0062-02/2026-08-05: /Users/korneev/Desktop/water-regime-gis/outputs/imagery/kaa/KAA_КУР-ГОР-0062-02/2026-08-05/sentinel_analysis.tif
SKIP kaa/KAA_КУР-ГОР-0062-02/2026-08-07: /Users/korneev/Desktop/water-regime-gis/outputs/imagery/kaa/KAA_КУР-ГОР-0062-02/2026-08-07/sentinel_analysis.tif
SKIP kaa/KAA_КУР-ГОР-0062-02/2026-08-08: /Users/korneev/Desktop/water-regime-gis/outputs/imagery/kaa/KAA_КУР-ГОР-0062-02/2026-08-08/sentinel_analysis.tif
SKIP kaa/KAA_КУР-ГОР-0062-02/2026-08-10: /Users/korneev/Desktop/water-regime-gis/outputs/imagery/kaa/KAA_КУР-ГОР-0062-02/2026-08-10/sentinel_analysis.tif
SKIP kaa/KAA_КУР-ГОР-0062-03/2026-04-12: /Users/korneev/Desktop/water-regime-gis/outputs/imagery/kaa/KAA_КУР-ГОР-0062-03/2026-04-12/sentinel_analysis.tif
SKIP kaa/KAA_КУР-ГОР-0062-03/2026-04-25: /Users/korneev/Desktop/water-regime-gis/outputs/imagery/kaa/KAA_КУР-ГОР-0062-03/2026-04-25/sentinel_analysis.tif
SKIP kaa/KAA_КУР-ГОР-0062-03/2026-05-05: /Users/korneev/Desktop/water-regime-gis/outputs/imagery/kaa/KAA_КУР-ГОР-0062-03/2026-05-05/sentinel_analysis.tif
SKIP kaa/KAA_КУР-ГОР-0062-03/2026-05-07: /Users/korneev/Desktop/water-regime-gis/outputs/imagery/kaa/KAA_КУР-ГОР-0062-03/2026-05-07/sentinel_analysis.tif
SKIP kaa/KAA_КУР-ГОР-0062-03/2026-05-09: /Users/korneev/Desktop/water-regime-gis/outputs/imagery/kaa/KAA_КУР-ГОР-0062-03/2026-05-09/sentinel_analysis.tif
SKIP kaa/KAA_КУР-ГОР-0062-03/2026-05-20: /Users/korneev/Desktop/water-regime-gis/outputs/imagery/kaa/KAA_КУР-ГОР-0062-03/2026-05-20/sentinel_analysis.tif
SKIP kaa/KAA_КУР-ГОР-0062-03/2026-05-22: /Users/korneev/Desktop/water-regime-gis/outputs/imagery/kaa/KAA_КУР-ГОР-0062-03/2026-05-22/sentinel_analysis.tif
SKIP kaa/KAA_КУР-ГОР-0062-03/2026-06-06: /Users/korneev/Desktop/water-regime-gis/outputs/imagery/kaa/KAA_КУР-ГОР-0062-03/2026-06-06/sentinel_analysis.tif
SKIP kaa/KAA_КУР-ГОР-0062-03/2026-06-08: /Users/korneev/Desktop/water-regime-gis/outputs/imagery/kaa/KAA_КУР-ГОР-0062-03/2026-06-08/sentinel_analysis.tif
SKIP kaa/KAA_КУР-ГОР-0062-03/2026-06-09: /Users/korneev/Desktop/water-regime-gis/outputs/imagery/kaa/KAA_КУР-ГОР-0062-03/2026-06-09/sentinel_analysis.tif
SKIP kaa/KAA_КУР-ГОР-0062-03/2026-06-11: /Users/korneev/Desktop/water-regime-gis/outputs/imagery/kaa/KAA_КУР-ГОР-0062-03/2026-06-11/sentinel_analysis.tif
SKIP kaa/KAA_КУР-ГОР-0062-03/2026-06-24: /Users/korneev/Desktop/water-regime-gis/outputs/imagery/kaa/KAA_КУР-ГОР-0062-03/2026-06-24/sentinel_analysis.tif
SKIP kaa/KAA_КУР-ГОР-0062-03/2026-07-08: /Users/korneev/Desktop/water-regime-gis/outputs/imagery/kaa/KAA_КУР-ГОР-0062-03/2026-07-08/sentinel_analysis.tif
SKIP kaa/KAA_КУР-ГОР-0062-03/2026-07-18: /Users/korneev/Desktop/water-regime-gis/outputs/imagery/kaa/KAA_КУР-ГОР-0062-03/2026-07-18/sentinel_analysis.tif
SKIP kaa/KAA_КУР-ГОР-0062-03/2026-07-19: /Users/korneev/Desktop/water-regime-gis/outputs/imagery/kaa/KAA_КУР-ГОР-0062-03/2026-07-19/sentinel_analysis.tif
SKIP kaa/KAA_КУР-ГОР-0062-03/2026-07-31: /Users/korneev/Desktop/water-regime-gis/outputs/imagery/kaa/KAA_КУР-ГОР-0062-03/2026-07-31/sentinel_analysis.tif
SKIP kaa/KAA_КУР-ГОР-0062-03/2026-08-03: /Users/korneev/Desktop/water-regime-gis/outputs/imagery/kaa/KAA_КУР-ГОР-0062-03/2026-08-03/sentinel_analysis.tif
SKIP kaa/KAA_КУР-ГОР-0062-03/2026-08-05: /Users/korneev/Desktop/water-regime-gis/outputs/imagery/kaa/KAA_КУР-ГОР-0062-03/2026-08-05/sentinel_analysis.tif
SKIP kaa/KAA_КУР-ГОР-0062-03/2026-08-07: /Users/korneev/Desktop/water-regime-gis/outputs/imagery/kaa/KAA_КУР-ГОР-0062-03/2026-08-07/sentinel_analysis.tif
SKIP kaa/KAA_КУР-ГОР-0062-03/2026-08-08: /Users/korneev/Desktop/water-regime-gis/outputs/imagery/kaa/KAA_КУР-ГОР-0062-03/2026-08-08/sentinel_analysis.tif
SKIP kaa/KAA_КУР-ГОР-0062-03/2026-08-10: /Users/korneev/Desktop/water-regime-gis/outputs/imagery/kaa/KAA_КУР-ГОР-0062-03/2026-08-10/sentinel_analysis.tif
SKIP kaa/KAA_КУР-ГОР-0062-04/2026-04-12: /Users/korneev/Desktop/water-regime-gis/outputs/imagery/kaa/KAA_КУР-ГОР-0062-04/2026-04-12/sentinel_analysis.tif
SKIP kaa/KAA_КУР-ГОР-0062-04/2026-04-25: /Users/korneev/Desktop/water-regime-gis/outputs/imagery/kaa/KAA_КУР-ГОР-0062-04/2026-04-25/sentinel_analysis.tif
OK kaa/KAA_КУР-ГОР-0062-04/2026-05-05: /Users/korneev/Desktop/water-regime-gis/outputs/imagery/kaa/KAA_КУР-ГОР-0062-04/2026-05-05/sentinel_analysis.tif (AOI clouds 0.0%)
OK kaa/KAA_КУР-ГОР-0062-04/2026-05-07: /Users/korneev/Desktop/water-regime-gis/outputs/imagery/kaa/KAA_КУР-ГОР-0062-04/2026-05-07/sentinel_analysis.tif (AOI clouds 0.0%)
OK kaa/KAA_КУР-ГОР-0062-04/2026-05-09: /Users/korneev/Desktop/water-regime-gis/outputs/imagery/kaa/KAA_КУР-ГОР-0062-04/2026-05-09/sentinel_analysis.tif (AOI clouds 100.0%)
OK kaa/KAA_КУР-ГОР-0062-04/2026-05-20: /Users/korneev/Desktop/water-regime-gis/outputs/imagery/kaa/KAA_КУР-ГОР-0062-04/2026-05-20/sentinel_analysis.tif (AOI clouds 2.1%)
OK kaa/KAA_КУР-ГОР-0062-04/2026-05-22: /Users/korneev/Desktop/water-regime-gis/outputs/imagery/kaa/KAA_КУР-ГОР-0062-04/2026-05-22/sentinel_analysis.tif (AOI clouds 0.0%)
OK kaa/KAA_КУР-ГОР-0062-04/2026-06-06: /Users/korneev/Desktop/water-regime-gis/outputs/imagery/kaa/KAA_КУР-ГОР-0062-04/2026-06-06/sentinel_analysis.tif (AOI clouds 6.4%)
OK kaa/KAA_КУР-ГОР-0062-04/2026-06-08: /Users/korneev/Desktop/water-regime-gis/outputs/imagery/kaa/KAA_КУР-ГОР-0062-04/2026-06-08/sentinel_analysis.tif (AOI clouds 0.0%)
OK kaa/KAA_КУР-ГОР-0062-04/2026-06-09: /Users/korneev/Desktop/water-regime-gis/outputs/imagery/kaa/KAA_КУР-ГОР-0062-04/2026-06-09/sentinel_analysis.tif (AOI clouds 0.0%)
OK kaa/KAA_КУР-ГОР-0062-04/2026-06-11: /Users/korneev/Desktop/water-regime-gis/outputs/imagery/kaa/KAA_КУР-ГОР-0062-04/2026-06-11/sentinel_analysis.tif (AOI clouds 98.1%)
OK kaa/KAA_КУР-ГОР-0062-04/2026-06-24: /Users/korneev/Desktop/water-regime-gis/outputs/imagery/kaa/KAA_КУР-ГОР-0062-04/2026-06-24/sentinel_analysis.tif (AOI clouds 0.0%)
SKIP kaa/KAA_КУР-ГОР-0062-04/2026-07-08: /Users/korneev/Desktop/water-regime-gis/outputs/imagery/kaa/KAA_КУР-ГОР-0062-04/2026-07-08/sentinel_analysis.tif
SKIP kaa/KAA_КУР-ГОР-0062-04/2026-07-18: /Users/korneev/Desktop/water-regime-gis/outputs/imagery/kaa/KAA_КУР-ГОР-0062-04/2026-07-18/sentinel_analysis.tif
SKIP kaa/KAA_КУР-ГОР-0062-04/2026-07-19: /Users/korneev/Desktop/water-regime-gis/outputs/imagery/kaa/KAA_КУР-ГОР-0062-04/2026-07-19/sentinel_analysis.tif
SKIP kaa/KAA_КУР-ГОР-0062-04/2026-07-31: /Users/korneev/Desktop/water-regime-gis/outputs/imagery/kaa/KAA_КУР-ГОР-0062-04/2026-07-31/sentinel_analysis.tif
SKIP kaa/KAA_КУР-ГОР-0062-04/2026-08-03: /Users/korneev/Desktop/water-regime-gis/outputs/imagery/kaa/KAA_КУР-ГОР-0062-04/2026-08-03/sentinel_analysis.tif
SKIP kaa/KAA_КУР-ГОР-0062-04/2026-08-05: /Users/korneev/Desktop/water-regime-gis/outputs/imagery/kaa/KAA_КУР-ГОР-0062-04/2026-08-05/sentinel_analysis.tif
SKIP kaa/KAA_КУР-ГОР-0062-04/2026-08-07: /Users/korneev/Desktop/water-regime-gis/outputs/imagery/kaa/KAA_КУР-ГОР-0062-04/2026-08-07/sentinel_analysis.tif
SKIP kaa/KAA_КУР-ГОР-0062-04/2026-08-08: /Users/korneev/Desktop/water-regime-gis/outputs/imagery/kaa/KAA_КУР-ГОР-0062-04/2026-08-08/sentinel_analysis.tif
SKIP kaa/KAA_КУР-ГОР-0062-04/2026-08-10: /Users/korneev/Desktop/water-regime-gis/outputs/imagery/kaa/KAA_КУР-ГОР-0062-04/2026-08-10/sentinel_analysis.tif
SKIP kaa/KAA_КУР-ГОР-0062-05-3/2026-04-25: /Users/korneev/Desktop/water-regime-gis/outputs/imagery/kaa/KAA_КУР-ГОР-0062-05-3/2026-04-25/sentinel_analysis.tif
SKIP kaa/KAA_КУР-ГОР-0062-05-3/2026-05-05: /Users/korneev/Desktop/water-regime-gis/outputs/imagery/kaa/KAA_КУР-ГОР-0062-05-3/2026-05-05/sentinel_analysis.tif
OK kaa/KAA_КУР-ГОР-0062-05-3/2026-05-07: /Users/korneev/Desktop/water-regime-gis/outputs/imagery/kaa/KAA_КУР-ГОР-0062-05-3/2026-05-07/sentinel_analysis.tif (AOI clouds 0.0%)
OK kaa/KAA_КУР-ГОР-0062-05-3/2026-05-22: /Users/korneev/Desktop/water-regime-gis/outputs/imagery/kaa/KAA_КУР-ГОР-0062-05-3/2026-05-22/sentinel_analysis.tif (AOI clouds 0.0%)
SKIP kaa/KAA_КУР-ГОР-0062-05-3/2026-06-08: /Users/korneev/Desktop/water-regime-gis/outputs/imagery/kaa/KAA_КУР-ГОР-0062-05-3/2026-06-08/sentinel_analysis.tif
SKIP kaa/KAA_КУР-ГОР-0062-05-3/2026-06-11: /Users/korneev/Desktop/water-regime-gis/outputs/imagery/kaa/KAA_КУР-ГОР-0062-05-3/2026-06-11/sentinel_analysis.tif
OK kaa/KAA_КУР-ГОР-0062-05-3/2026-07-18: /Users/korneev/Desktop/water-regime-gis/outputs/imagery/kaa/KAA_КУР-ГОР-0062-05-3/2026-07-18/sentinel_analysis.tif (AOI clouds 0.0%)
OK kaa/KAA_КУР-ГОР-0062-05-3/2026-07-19: /Users/korneev/Desktop/water-regime-gis/outputs/imagery/kaa/KAA_КУР-ГОР-0062-05-3/2026-07-19/sentinel_analysis.tif (AOI clouds 81.8%)
OK kaa/KAA_КУР-ГОР-0062-05-3/2026-08-03: /Users/korneev/Desktop/water-regime-gis/outputs/imagery/kaa/KAA_КУР-ГОР-0062-05-3/2026-08-03/sentinel_analysis.tif (AOI clouds 0.0%)
SKIP kaa/KAA_КУР-ГОР-0062-05-3/2026-08-07: /Users/korneev/Desktop/water-regime-gis/outputs/imagery/kaa/KAA_КУР-ГОР-0062-05-3/2026-08-07/sentinel_analysis.tif
OK kaa/KAA_КУР-ГОР-0062-05-3/2026-08-08: /Users/korneev/Desktop/water-regime-gis/outputs/imagery/kaa/KAA_КУР-ГОР-0062-05-3/2026-08-08/sentinel_analysis.tif (AOI clouds 0.0%)
OK kaa/KAA_КУР-ГОР-0062-05-3/2026-08-10: /Users/korneev/Desktop/water-regime-gis/outputs/imagery/kaa/KAA_КУР-ГОР-0062-05-3/2026-08-10/sentinel_analysis.tif (AOI clouds 0.0%)
SKIP kaa/KAA_КУР-ГОР-0063-02/2026-04-05: /Users/korneev/Desktop/water-regime-gis/outputs/imagery/kaa/KAA_КУР-ГОР-0063-02/2026-04-05/sentinel_analysis.tif
SKIP kaa/KAA_КУР-ГОР-0063-02/2026-04-12: /Users/korneev/Desktop/water-regime-gis/outputs/imagery/kaa/KAA_КУР-ГОР-0063-02/2026-04-12/sentinel_analysis.tif
SKIP kaa/KAA_КУР-ГОР-0063-02/2026-04-25: /Users/korneev/Desktop/water-regime-gis/outputs/imagery/kaa/KAA_КУР-ГОР-0063-02/2026-04-25/sentinel_analysis.tif
OK kaa/KAA_КУР-ГОР-0063-02/2026-05-05: /Users/korneev/Desktop/water-regime-gis/outputs/imagery/kaa/KAA_КУР-ГОР-0063-02/2026-05-05/sentinel_analysis.tif (AOI clouds 0.0%)
SKIP kaa/KAA_КУР-ГОР-0063-02/2026-05-07: /Users/korneev/Desktop/water-regime-gis/outputs/imagery/kaa/KAA_КУР-ГОР-0063-02/2026-05-07/sentinel_analysis.tif
OK kaa/KAA_КУР-ГОР-0063-02/2026-05-09: /Users/korneev/Desktop/water-regime-gis/outputs/imagery/kaa/KAA_КУР-ГОР-0063-02/2026-05-09/sentinel_analysis.tif (AOI clouds 0.0%)
OK kaa/KAA_КУР-ГОР-0063-02/2026-05-20: /Users/korneev/Desktop/water-regime-gis/outputs/imagery/kaa/KAA_КУР-ГОР-0063-02/2026-05-20/sentinel_analysis.tif (AOI clouds 0.0%)
SKIP kaa/KAA_КУР-ГОР-0063-02/2026-05-22: /Users/korneev/Desktop/water-regime-gis/outputs/imagery/kaa/KAA_КУР-ГОР-0063-02/2026-05-22/sentinel_analysis.tif
OK kaa/KAA_КУР-ГОР-0063-02/2026-06-06: /Users/korneev/Desktop/water-regime-gis/outputs/imagery/kaa/KAA_КУР-ГОР-0063-02/2026-06-06/sentinel_analysis.tif (AOI clouds 1.5%)
OK kaa/KAA_КУР-ГОР-0063-02/2026-06-08: /Users/korneev/Desktop/water-regime-gis/outputs/imagery/kaa/KAA_КУР-ГОР-0063-02/2026-06-08/sentinel_analysis.tif (AOI clouds 0.0%)
OK kaa/KAA_КУР-ГОР-0063-02/2026-06-09: /Users/korneev/Desktop/water-regime-gis/outputs/imagery/kaa/KAA_КУР-ГОР-0063-02/2026-06-09/sentinel_analysis.tif (AOI clouds 0.0%)
OK kaa/KAA_КУР-ГОР-0063-02/2026-06-11: /Users/korneev/Desktop/water-regime-gis/outputs/imagery/kaa/KAA_КУР-ГОР-0063-02/2026-06-11/sentinel_analysis.tif (AOI clouds 2.6%)
OK kaa/KAA_КУР-ГОР-0063-02/2026-06-18: /Users/korneev/Desktop/water-regime-gis/outputs/imagery/kaa/KAA_КУР-ГОР-0063-02/2026-06-18/sentinel_analysis.tif (AOI clouds 0.0%)
OK kaa/KAA_КУР-ГОР-0063-02/2026-06-24: /Users/korneev/Desktop/water-regime-gis/outputs/imagery/kaa/KAA_КУР-ГОР-0063-02/2026-06-24/sentinel_analysis.tif (AOI clouds 100.0%)
OK kaa/KAA_КУР-ГОР-0063-02/2026-07-01: /Users/korneev/Desktop/water-regime-gis/outputs/imagery/kaa/KAA_КУР-ГОР-0063-02/2026-07-01/sentinel_analysis.tif (AOI clouds 56.0%)
OK kaa/KAA_КУР-ГОР-0063-02/2026-07-08: /Users/korneev/Desktop/water-regime-gis/outputs/imagery/kaa/KAA_КУР-ГОР-0063-02/2026-07-08/sentinel_analysis.tif (AOI clouds 2.2%)
OK kaa/KAA_КУР-ГОР-0063-02/2026-07-18: /Users/korneev/Desktop/water-regime-gis/outputs/imagery/kaa/KAA_КУР-ГОР-0063-02/2026-07-18/sentinel_analysis.tif (AOI clouds 0.0%)
Warning 1: Value 0 in the source dataset has been changed to 1 in the destination dataset to avoid being treated as NoData. To avoid this, select a different NoData value for the destination dataset.
OK kaa/KAA_КУР-ГОР-0063-02/2026-07-19: /Users/korneev/Desktop/water-regime-gis/outputs/imagery/kaa/KAA_КУР-ГОР-0063-02/2026-07-19/sentinel_analysis.tif (AOI clouds 100.0%)
OK kaa/KAA_КУР-ГОР-0063-02/2026-07-28: /Users/korneev/Desktop/water-regime-gis/outputs/imagery/kaa/KAA_КУР-ГОР-0063-02/2026-07-28/sentinel_analysis.tif (AOI clouds 100.0%)
OK kaa/KAA_КУР-ГОР-0063-02/2026-07-31: /Users/korneev/Desktop/water-regime-gis/outputs/imagery/kaa/KAA_КУР-ГОР-0063-02/2026-07-31/sentinel_analysis.tif (AOI clouds 74.1%)
OK kaa/KAA_КУР-ГОР-0063-02/2026-08-03: /Users/korneev/Desktop/water-regime-gis/outputs/imagery/kaa/KAA_КУР-ГОР-0063-02/2026-08-03/sentinel_analysis.tif (AOI clouds 0.0%)
OK kaa/KAA_КУР-ГОР-0063-02/2026-08-05: /Users/korneev/Desktop/water-regime-gis/outputs/imagery/kaa/KAA_КУР-ГОР-0063-02/2026-08-05/sentinel_analysis.tif (AOI clouds 0.0%)
OK kaa/KAA_КУР-ГОР-0063-02/2026-08-07: /Users/korneev/Desktop/water-regime-gis/outputs/imagery/kaa/KAA_КУР-ГОР-0063-02/2026-08-07/sentinel_analysis.tif (AOI clouds 0.0%)
OK kaa/KAA_КУР-ГОР-0063-02/2026-08-08: /Users/korneev/Desktop/water-regime-gis/outputs/imagery/kaa/KAA_КУР-ГОР-0063-02/2026-08-08/sentinel_analysis.tif (AOI clouds 0.0%)
OK kaa/KAA_КУР-ГОР-0063-02/2026-08-10: /Users/korneev/Desktop/water-regime-gis/outputs/imagery/kaa/KAA_КУР-ГОР-0063-02/2026-08-10/sentinel_analysis.tif (AOI clouds 0.0%)
OK kaa/KAA_КУР-ГОР-0063-03/2026-04-25: /Users/korneev/Desktop/water-regime-gis/outputs/imagery/kaa/KAA_КУР-ГОР-0063-03/2026-04-25/sentinel_analysis.tif (AOI clouds 0.0%)
OK kaa/KAA_КУР-ГОР-0063-03/2026-05-05: /Users/korneev/Desktop/water-regime-gis/outputs/imagery/kaa/KAA_КУР-ГОР-0063-03/2026-05-05/sentinel_analysis.tif (AOI clouds 0.0%)
OK kaa/KAA_КУР-ГОР-0063-03/2026-05-07: /Users/korneev/Desktop/water-regime-gis/outputs/imagery/kaa/KAA_КУР-ГОР-0063-03/2026-05-07/sentinel_analysis.tif (AOI clouds 0.0%)
OK kaa/KAA_КУР-ГОР-0063-03/2026-05-20: /Users/korneev/Desktop/water-regime-gis/outputs/imagery/kaa/KAA_КУР-ГОР-0063-03/2026-05-20/sentinel_analysis.tif (AOI clouds 0.0%)
OK kaa/KAA_КУР-ГОР-0063-03/2026-05-22: /Users/korneev/Desktop/water-regime-gis/outputs/imagery/kaa/KAA_КУР-ГОР-0063-03/2026-05-22/sentinel_analysis.tif (AOI clouds 0.0%)
OK kaa/KAA_КУР-ГОР-0063-03/2026-06-08: /Users/korneev/Desktop/water-regime-gis/outputs/imagery/kaa/KAA_КУР-ГОР-0063-03/2026-06-08/sentinel_analysis.tif (AOI clouds 0.0%)
OK kaa/KAA_КУР-ГОР-0063-03/2026-06-09: /Users/korneev/Desktop/water-regime-gis/outputs/imagery/kaa/KAA_КУР-ГОР-0063-03/2026-06-09/sentinel_analysis.tif (AOI clouds 0.0%)
OK kaa/KAA_КУР-ГОР-0063-03/2026-06-11: /Users/korneev/Desktop/water-regime-gis/outputs/imagery/kaa/KAA_КУР-ГОР-0063-03/2026-06-11/sentinel_analysis.tif (AOI clouds 95.7%)
OK kaa/KAA_КУР-ГОР-0063-03/2026-06-18: /Users/korneev/Desktop/water-regime-gis/outputs/imagery/kaa/KAA_КУР-ГОР-0063-03/2026-06-18/sentinel_analysis.tif (AOI clouds 0.0%)
OK kaa/KAA_КУР-ГОР-0063-03/2026-07-01: /Users/korneev/Desktop/water-regime-gis/outputs/imagery/kaa/KAA_КУР-ГОР-0063-03/2026-07-01/sentinel_analysis.tif (AOI clouds 91.0%)
OK kaa/KAA_КУР-ГОР-0063-03/2026-07-18: /Users/korneev/Desktop/water-regime-gis/outputs/imagery/kaa/KAA_КУР-ГОР-0063-03/2026-07-18/sentinel_analysis.tif (AOI clouds 0.0%)
OK kaa/KAA_КУР-ГОР-0063-03/2026-07-19: /Users/korneev/Desktop/water-regime-gis/outputs/imagery/kaa/KAA_КУР-ГОР-0063-03/2026-07-19/sentinel_analysis.tif (AOI clouds 25.3%)
OK kaa/KAA_КУР-ГОР-0063-03/2026-07-31: /Users/korneev/Desktop/water-regime-gis/outputs/imagery/kaa/KAA_КУР-ГОР-0063-03/2026-07-31/sentinel_analysis.tif (AOI clouds 99.5%)
OK kaa/KAA_КУР-ГОР-0063-03/2026-08-03: /Users/korneev/Desktop/water-regime-gis/outputs/imagery/kaa/KAA_КУР-ГОР-0063-03/2026-08-03/sentinel_analysis.tif (AOI clouds 0.0%)
OK kaa/KAA_КУР-ГОР-0063-03/2026-08-07: /Users/korneev/Desktop/water-regime-gis/outputs/imagery/kaa/KAA_КУР-ГОР-0063-03/2026-08-07/sentinel_analysis.tif (AOI clouds 0.0%)
OK kaa/KAA_КУР-ГОР-0063-03/2026-08-08: /Users/korneev/Desktop/water-regime-gis/outputs/imagery/kaa/KAA_КУР-ГОР-0063-03/2026-08-08/sentinel_analysis.tif (AOI clouds 0.0%)
OK kaa/KAA_КУР-ГОР-0063-03/2026-08-10: /Users/korneev/Desktop/water-regime-gis/outputs/imagery/kaa/KAA_КУР-ГОР-0063-03/2026-08-10/sentinel_analysis.tif (AOI clouds 0.0%)
OK kaa/KAA_КУР-ГОР-0064-02/2026-04-12: /Users/korneev/Desktop/water-regime-gis/outputs/imagery/kaa/KAA_КУР-ГОР-0064-02/2026-04-12/sentinel_analysis.tif (AOI clouds 100.0%)
OK kaa/KAA_КУР-ГОР-0064-02/2026-04-25: /Users/korneev/Desktop/water-regime-gis/outputs/imagery/kaa/KAA_КУР-ГОР-0064-02/2026-04-25/sentinel_analysis.tif (AOI clouds 0.0%)
OK kaa/KAA_КУР-ГОР-0064-02/2026-05-05: /Users/korneev/Desktop/water-regime-gis/outputs/imagery/kaa/KAA_КУР-ГОР-0064-02/2026-05-05/sentinel_analysis.tif (AOI clouds 0.0%)
OK kaa/KAA_КУР-ГОР-0064-02/2026-05-07: /Users/korneev/Desktop/water-regime-gis/outputs/imagery/kaa/KAA_КУР-ГОР-0064-02/2026-05-07/sentinel_analysis.tif (AOI clouds 0.0%)
OK kaa/KAA_КУР-ГОР-0064-02/2026-05-09: /Users/korneev/Desktop/water-regime-gis/outputs/imagery/kaa/KAA_КУР-ГОР-0064-02/2026-05-09/sentinel_analysis.tif (AOI clouds 0.0%)
OK kaa/KAA_КУР-ГОР-0064-02/2026-05-20: /Users/korneev/Desktop/water-regime-gis/outputs/imagery/kaa/KAA_КУР-ГОР-0064-02/2026-05-20/sentinel_analysis.tif (AOI clouds 0.0%)
OK kaa/KAA_КУР-ГОР-0064-02/2026-05-22: /Users/korneev/Desktop/water-regime-gis/outputs/imagery/kaa/KAA_КУР-ГОР-0064-02/2026-05-22/sentinel_analysis.tif (AOI clouds 0.0%)
OK kaa/KAA_КУР-ГОР-0064-02/2026-06-06: /Users/korneev/Desktop/water-regime-gis/outputs/imagery/kaa/KAA_КУР-ГОР-0064-02/2026-06-06/sentinel_analysis.tif (AOI clouds 0.0%)
OK kaa/KAA_КУР-ГОР-0064-02/2026-06-08: /Users/korneev/Desktop/water-regime-gis/outputs/imagery/kaa/KAA_КУР-ГОР-0064-02/2026-06-08/sentinel_analysis.tif (AOI clouds 0.0%)
OK kaa/KAA_КУР-ГОР-0064-02/2026-06-09: /Users/korneev/Desktop/water-regime-gis/outputs/imagery/kaa/KAA_КУР-ГОР-0064-02/2026-06-09/sentinel_analysis.tif (AOI clouds 0.0%)
OK kaa/KAA_КУР-ГОР-0064-02/2026-06-11: /Users/korneev/Desktop/water-regime-gis/outputs/imagery/kaa/KAA_КУР-ГОР-0064-02/2026-06-11/sentinel_analysis.tif (AOI clouds 2.4%)
OK kaa/KAA_КУР-ГОР-0064-02/2026-06-18: /Users/korneev/Desktop/water-regime-gis/outputs/imagery/kaa/KAA_КУР-ГОР-0064-02/2026-06-18/sentinel_analysis.tif (AOI clouds 33.1%)
OK kaa/KAA_КУР-ГОР-0064-02/2026-06-24: /Users/korneev/Desktop/water-regime-gis/outputs/imagery/kaa/KAA_КУР-ГОР-0064-02/2026-06-24/sentinel_analysis.tif (AOI clouds 100.0%)
OK kaa/KAA_КУР-ГОР-0064-02/2026-07-01: /Users/korneev/Desktop/water-regime-gis/outputs/imagery/kaa/KAA_КУР-ГОР-0064-02/2026-07-01/sentinel_analysis.tif (AOI clouds 48.5%)
OK kaa/KAA_КУР-ГОР-0064-02/2026-07-08: /Users/korneev/Desktop/water-regime-gis/outputs/imagery/kaa/KAA_КУР-ГОР-0064-02/2026-07-08/sentinel_analysis.tif (AOI clouds 8.2%)
OK kaa/KAA_КУР-ГОР-0064-02/2026-07-18: /Users/korneev/Desktop/water-regime-gis/outputs/imagery/kaa/KAA_КУР-ГОР-0064-02/2026-07-18/sentinel_analysis.tif (AOI clouds 0.0%)
Warning 1: Value 0 in the source dataset has been changed to 1 in the destination dataset to avoid being treated as NoData. To avoid this, select a different NoData value for the destination dataset.
OK kaa/KAA_КУР-ГОР-0064-02/2026-07-19: /Users/korneev/Desktop/water-regime-gis/outputs/imagery/kaa/KAA_КУР-ГОР-0064-02/2026-07-19/sentinel_analysis.tif (AOI clouds 94.0%)
OK kaa/KAA_КУР-ГОР-0064-02/2026-07-31: /Users/korneev/Desktop/water-regime-gis/outputs/imagery/kaa/KAA_КУР-ГОР-0064-02/2026-07-31/sentinel_analysis.tif (AOI clouds 100.0%)
OK kaa/KAA_КУР-ГОР-0064-02/2026-08-03: /Users/korneev/Desktop/water-regime-gis/outputs/imagery/kaa/KAA_КУР-ГОР-0064-02/2026-08-03/sentinel_analysis.tif (AOI clouds 0.0%)
OK kaa/KAA_КУР-ГОР-0064-02/2026-08-05: /Users/korneev/Desktop/water-regime-gis/outputs/imagery/kaa/KAA_КУР-ГОР-0064-02/2026-08-05/sentinel_analysis.tif (AOI clouds 0.0%)
OK kaa/KAA_КУР-ГОР-0064-02/2026-08-07: /Users/korneev/Desktop/water-regime-gis/outputs/imagery/kaa/KAA_КУР-ГОР-0064-02/2026-08-07/sentinel_analysis.tif (AOI clouds 0.0%)
OK kaa/KAA_КУР-ГОР-0064-02/2026-08-08: /Users/korneev/Desktop/water-regime-gis/outputs/imagery/kaa/KAA_КУР-ГОР-0064-02/2026-08-08/sentinel_analysis.tif (AOI clouds 0.3%)
OK kaa/KAA_КУР-ГОР-0064-02/2026-08-10: /Users/korneev/Desktop/water-regime-gis/outputs/imagery/kaa/KAA_КУР-ГОР-0064-02/2026-08-10/sentinel_analysis.tif (AOI clouds 0.0%)
OK kaa/KAA_КУР-ГОР-0064-03/2026-04-25: /Users/korneev/Desktop/water-regime-gis/outputs/imagery/kaa/KAA_КУР-ГОР-0064-03/2026-04-25/sentinel_analysis.tif (AOI clouds 0.0%)
OK kaa/KAA_КУР-ГОР-0064-03/2026-05-05: /Users/korneev/Desktop/water-regime-gis/outputs/imagery/kaa/KAA_КУР-ГОР-0064-03/2026-05-05/sentinel_analysis.tif (AOI clouds 0.0%)
OK kaa/KAA_КУР-ГОР-0064-03/2026-05-07: /Users/korneev/Desktop/water-regime-gis/outputs/imagery/kaa/KAA_КУР-ГОР-0064-03/2026-05-07/sentinel_analysis.tif (AOI clouds 0.0%)
OK kaa/KAA_КУР-ГОР-0064-03/2026-05-20: /Users/korneev/Desktop/water-regime-gis/outputs/imagery/kaa/KAA_КУР-ГОР-0064-03/2026-05-20/sentinel_analysis.tif (AOI clouds 0.0%)
OK kaa/KAA_КУР-ГОР-0064-03/2026-05-22: /Users/korneev/Desktop/water-regime-gis/outputs/imagery/kaa/KAA_КУР-ГОР-0064-03/2026-05-22/sentinel_analysis.tif (AOI clouds 0.0%)
OK kaa/KAA_КУР-ГОР-0064-03/2026-06-08: /Users/korneev/Desktop/water-regime-gis/outputs/imagery/kaa/KAA_КУР-ГОР-0064-03/2026-06-08/sentinel_analysis.tif (AOI clouds 0.0%)
OK kaa/KAA_КУР-ГОР-0064-03/2026-06-09: /Users/korneev/Desktop/water-regime-gis/outputs/imagery/kaa/KAA_КУР-ГОР-0064-03/2026-06-09/sentinel_analysis.tif (AOI clouds 0.0%)
OK kaa/KAA_КУР-ГОР-0064-03/2026-06-11: /Users/korneev/Desktop/water-regime-gis/outputs/imagery/kaa/KAA_КУР-ГОР-0064-03/2026-06-11/sentinel_analysis.tif (AOI clouds 85.5%)
OK kaa/KAA_КУР-ГОР-0064-03/2026-06-18: /Users/korneev/Desktop/water-regime-gis/outputs/imagery/kaa/KAA_КУР-ГОР-0064-03/2026-06-18/sentinel_analysis.tif (AOI clouds 0.0%)
OK kaa/KAA_КУР-ГОР-0064-03/2026-07-01: /Users/korneev/Desktop/water-regime-gis/outputs/imagery/kaa/KAA_КУР-ГОР-0064-03/2026-07-01/sentinel_analysis.tif (AOI clouds 99.8%)
OK kaa/KAA_КУР-ГОР-0064-03/2026-07-18: /Users/korneev/Desktop/water-regime-gis/outputs/imagery/kaa/KAA_КУР-ГОР-0064-03/2026-07-18/sentinel_analysis.tif (AOI clouds 0.0%)
OK kaa/KAA_КУР-ГОР-0064-03/2026-07-19: /Users/korneev/Desktop/water-regime-gis/outputs/imagery/kaa/KAA_КУР-ГОР-0064-03/2026-07-19/sentinel_analysis.tif (AOI clouds 28.6%)
OK kaa/KAA_КУР-ГОР-0064-03/2026-07-31: /Users/korneev/Desktop/water-regime-gis/outputs/imagery/kaa/KAA_КУР-ГОР-0064-03/2026-07-31/sentinel_analysis.tif (AOI clouds 70.6%)
OK kaa/KAA_КУР-ГОР-0064-03/2026-08-03: /Users/korneev/Desktop/water-regime-gis/outputs/imagery/kaa/KAA_КУР-ГОР-0064-03/2026-08-03/sentinel_analysis.tif (AOI clouds 0.0%)
OK kaa/KAA_КУР-ГОР-0064-03/2026-08-07: /Users/korneev/Desktop/water-regime-gis/outputs/imagery/kaa/KAA_КУР-ГОР-0064-03/2026-08-07/sentinel_analysis.tif (AOI clouds 0.0%)
OK kaa/KAA_КУР-ГОР-0064-03/2026-08-08: /Users/korneev/Desktop/water-regime-gis/outputs/imagery/kaa/KAA_КУР-ГОР-0064-03/2026-08-08/sentinel_analysis.tif (AOI clouds 0.0%)
OK kaa/KAA_КУР-ГОР-0064-03/2026-08-10: /Users/korneev/Desktop/water-regime-gis/outputs/imagery/kaa/KAA_КУР-ГОР-0064-03/2026-08-10/sentinel_analysis.tif (AOI clouds 0.0%)
OK kaa/KAA_КУР-СОЛ-0001-02/2026-05-05: /Users/korneev/Desktop/water-regime-gis/outputs/imagery/kaa/KAA_КУР-СОЛ-0001-02/2026-05-05/sentinel_analysis.tif (AOI clouds 0.0%)
OK kaa/KAA_КУР-СОЛ-0001-02/2026-05-20: /Users/korneev/Desktop/water-regime-gis/outputs/imagery/kaa/KAA_КУР-СОЛ-0001-02/2026-05-20/sentinel_analysis.tif (AOI clouds 0.0%)
OK kaa/KAA_КУР-СОЛ-0001-02/2026-05-22: /Users/korneev/Desktop/water-regime-gis/outputs/imagery/kaa/KAA_КУР-СОЛ-0001-02/2026-05-22/sentinel_analysis.tif (AOI clouds 0.0%)
OK kaa/KAA_КУР-СОЛ-0001-02/2026-06-09: /Users/korneev/Desktop/water-regime-gis/outputs/imagery/kaa/KAA_КУР-СОЛ-0001-02/2026-06-09/sentinel_analysis.tif (AOI clouds 0.0%)
OK kaa/KAA_КУР-СОЛ-0001-02/2026-06-11: /Users/korneev/Desktop/water-regime-gis/outputs/imagery/kaa/KAA_КУР-СОЛ-0001-02/2026-06-11/sentinel_analysis.tif (AOI clouds 18.2%)
OK kaa/KAA_КУР-СОЛ-0001-02/2026-07-01: /Users/korneev/Desktop/water-regime-gis/outputs/imagery/kaa/KAA_КУР-СОЛ-0001-02/2026-07-01/sentinel_analysis.tif (AOI clouds 100.0%)
OK kaa/KAA_КУР-СОЛ-0001-02/2026-07-19: /Users/korneev/Desktop/water-regime-gis/outputs/imagery/kaa/KAA_КУР-СОЛ-0001-02/2026-07-19/sentinel_analysis.tif (AOI clouds 0.0%)
OK kaa/KAA_КУР-СОЛ-0001-02/2026-07-31: /Users/korneev/Desktop/water-regime-gis/outputs/imagery/kaa/KAA_КУР-СОЛ-0001-02/2026-07-31/sentinel_analysis.tif (AOI clouds 12.6%)
OK kaa/KAA_КУР-СОЛ-0001-02/2026-08-03: /Users/korneev/Desktop/water-regime-gis/outputs/imagery/kaa/KAA_КУР-СОЛ-0001-02/2026-08-03/sentinel_analysis.tif (AOI clouds 0.0%)
OK kaa/KAA_КУР-СОЛ-0001-02/2026-08-10: /Users/korneev/Desktop/water-regime-gis/outputs/imagery/kaa/KAA_КУР-СОЛ-0001-02/2026-08-10/sentinel_analysis.tif (AOI clouds 0.0%)
OK kaa/KAA_КУР-СОЛ-0002-02/2026-05-05: /Users/korneev/Desktop/water-regime-gis/outputs/imagery/kaa/KAA_КУР-СОЛ-0002-02/2026-05-05/sentinel_analysis.tif (AOI clouds 0.0%)
OK kaa/KAA_КУР-СОЛ-0002-02/2026-05-20: /Users/korneev/Desktop/water-regime-gis/outputs/imagery/kaa/KAA_КУР-СОЛ-0002-02/2026-05-20/sentinel_analysis.tif (AOI clouds 0.0%)
OK kaa/KAA_КУР-СОЛ-0002-02/2026-05-22: /Users/korneev/Desktop/water-regime-gis/outputs/imagery/kaa/KAA_КУР-СОЛ-0002-02/2026-05-22/sentinel_analysis.tif (AOI clouds 0.0%)
OK kaa/KAA_КУР-СОЛ-0002-02/2026-06-09: /Users/korneev/Desktop/water-regime-gis/outputs/imagery/kaa/KAA_КУР-СОЛ-0002-02/2026-06-09/sentinel_analysis.tif (AOI clouds 0.0%)
OK kaa/KAA_КУР-СОЛ-0002-02/2026-06-11: /Users/korneev/Desktop/water-regime-gis/outputs/imagery/kaa/KAA_КУР-СОЛ-0002-02/2026-06-11/sentinel_analysis.tif (AOI clouds 3.1%)
OK kaa/KAA_КУР-СОЛ-0002-02/2026-07-01: /Users/korneev/Desktop/water-regime-gis/outputs/imagery/kaa/KAA_КУР-СОЛ-0002-02/2026-07-01/sentinel_analysis.tif (AOI clouds 20.4%)
OK kaa/KAA_КУР-СОЛ-0002-02/2026-07-19: /Users/korneev/Desktop/water-regime-gis/outputs/imagery/kaa/KAA_КУР-СОЛ-0002-02/2026-07-19/sentinel_analysis.tif (AOI clouds 0.1%)
OK kaa/KAA_КУР-СОЛ-0002-02/2026-07-31: /Users/korneev/Desktop/water-regime-gis/outputs/imagery/kaa/KAA_КУР-СОЛ-0002-02/2026-07-31/sentinel_analysis.tif (AOI clouds 80.1%)
OK kaa/KAA_КУР-СОЛ-0002-02/2026-08-03: /Users/korneev/Desktop/water-regime-gis/outputs/imagery/kaa/KAA_КУР-СОЛ-0002-02/2026-08-03/sentinel_analysis.tif (AOI clouds 0.0%)
OK kaa/KAA_КУР-СОЛ-0002-02/2026-08-10: /Users/korneev/Desktop/water-regime-gis/outputs/imagery/kaa/KAA_КУР-СОЛ-0002-02/2026-08-10/sentinel_analysis.tif (AOI clouds 1.6%)
OK kaa/KAA_КУР-СОЛ-0005-02/2026-05-05: /Users/korneev/Desktop/water-regime-gis/outputs/imagery/kaa/KAA_КУР-СОЛ-0005-02/2026-05-05/sentinel_analysis.tif (AOI clouds 0.0%)
OK kaa/KAA_КУР-СОЛ-0005-02/2026-05-20: /Users/korneev/Desktop/water-regime-gis/outputs/imagery/kaa/KAA_КУР-СОЛ-0005-02/2026-05-20/sentinel_analysis.tif (AOI clouds 0.0%)
OK kaa/KAA_КУР-СОЛ-0005-02/2026-05-22: /Users/korneev/Desktop/water-regime-gis/outputs/imagery/kaa/KAA_КУР-СОЛ-0005-02/2026-05-22/sentinel_analysis.tif (AOI clouds 0.0%)
OK kaa/KAA_КУР-СОЛ-0005-02/2026-06-09: /Users/korneev/Desktop/water-regime-gis/outputs/imagery/kaa/KAA_КУР-СОЛ-0005-02/2026-06-09/sentinel_analysis.tif (AOI clouds 0.0%)
OK kaa/KAA_КУР-СОЛ-0005-02/2026-06-11: /Users/korneev/Desktop/water-regime-gis/outputs/imagery/kaa/KAA_КУР-СОЛ-0005-02/2026-06-11/sentinel_analysis.tif (AOI clouds 4.8%)
OK kaa/KAA_КУР-СОЛ-0005-02/2026-07-01: /Users/korneev/Desktop/water-regime-gis/outputs/imagery/kaa/KAA_КУР-СОЛ-0005-02/2026-07-01/sentinel_analysis.tif (AOI clouds 4.2%)
OK kaa/KAA_КУР-СОЛ-0005-02/2026-07-19: /Users/korneev/Desktop/water-regime-gis/outputs/imagery/kaa/KAA_КУР-СОЛ-0005-02/2026-07-19/sentinel_analysis.tif (AOI clouds 0.0%)
Warning 1: Value 0 in the source dataset has been changed to 1 in the destination dataset to avoid being treated as NoData. To avoid this, select a different NoData value for the destination dataset.
OK kaa/KAA_КУР-СОЛ-0005-02/2026-07-31: /Users/korneev/Desktop/water-regime-gis/outputs/imagery/kaa/KAA_КУР-СОЛ-0005-02/2026-07-31/sentinel_analysis.tif (AOI clouds 48.4%)
OK kaa/KAA_КУР-СОЛ-0005-02/2026-08-03: /Users/korneev/Desktop/water-regime-gis/outputs/imagery/kaa/KAA_КУР-СОЛ-0005-02/2026-08-03/sentinel_analysis.tif (AOI clouds 0.0%)
OK kaa/KAA_КУР-СОЛ-0005-02/2026-08-10: /Users/korneev/Desktop/water-regime-gis/outputs/imagery/kaa/KAA_КУР-СОЛ-0005-02/2026-08-10/sentinel_analysis.tif (AOI clouds 55.6%)
OK kaa/KAA_КУР-СОЛ-0007-02/2026-05-05: /Users/korneev/Desktop/water-regime-gis/outputs/imagery/kaa/KAA_КУР-СОЛ-0007-02/2026-05-05/sentinel_analysis.tif (AOI clouds 0.0%)
OK kaa/KAA_КУР-СОЛ-0007-02/2026-05-20: /Users/korneev/Desktop/water-regime-gis/outputs/imagery/kaa/KAA_КУР-СОЛ-0007-02/2026-05-20/sentinel_analysis.tif (AOI clouds 56.9%)
OK kaa/KAA_КУР-СОЛ-0007-02/2026-05-22: /Users/korneev/Desktop/water-regime-gis/outputs/imagery/kaa/KAA_КУР-СОЛ-0007-02/2026-05-22/sentinel_analysis.tif (AOI clouds 17.1%)
OK kaa/KAA_КУР-СОЛ-0007-02/2026-06-09: /Users/korneev/Desktop/water-regime-gis/outputs/imagery/kaa/KAA_КУР-СОЛ-0007-02/2026-06-09/sentinel_analysis.tif (AOI clouds 0.0%)
OK kaa/KAA_КУР-СОЛ-0007-02/2026-06-11: /Users/korneev/Desktop/water-regime-gis/outputs/imagery/kaa/KAA_КУР-СОЛ-0007-02/2026-06-11/sentinel_analysis.tif (AOI clouds 29.7%)
OK kaa/KAA_КУР-СОЛ-0007-02/2026-07-01: /Users/korneev/Desktop/water-regime-gis/outputs/imagery/kaa/KAA_КУР-СОЛ-0007-02/2026-07-01/sentinel_analysis.tif (AOI clouds 24.6%)
OK kaa/KAA_КУР-СОЛ-0007-02/2026-07-19: /Users/korneev/Desktop/water-regime-gis/outputs/imagery/kaa/KAA_КУР-СОЛ-0007-02/2026-07-19/sentinel_analysis.tif (AOI clouds 0.0%)
OK kaa/KAA_КУР-СОЛ-0007-02/2026-07-31: /Users/korneev/Desktop/water-regime-gis/outputs/imagery/kaa/KAA_КУР-СОЛ-0007-02/2026-07-31/sentinel_analysis.tif (AOI clouds 100.0%)
OK kaa/KAA_КУР-СОЛ-0007-02/2026-08-03: /Users/korneev/Desktop/water-regime-gis/outputs/imagery/kaa/KAA_КУР-СОЛ-0007-02/2026-08-03/sentinel_analysis.tif (AOI clouds 0.0%)
OK kaa/KAA_КУР-СОЛ-0007-02/2026-08-10: /Users/korneev/Desktop/water-regime-gis/outputs/imagery/kaa/KAA_КУР-СОЛ-0007-02/2026-08-10/sentinel_analysis.tif (AOI clouds 60.7%)
OK kaa/KAA_КУР-СОЛ-0008-02/2026-05-05: /Users/korneev/Desktop/water-regime-gis/outputs/imagery/kaa/KAA_КУР-СОЛ-0008-02/2026-05-05/sentinel_analysis.tif (AOI clouds 0.0%)
OK kaa/KAA_КУР-СОЛ-0008-02/2026-05-20: /Users/korneev/Desktop/water-regime-gis/outputs/imagery/kaa/KAA_КУР-СОЛ-0008-02/2026-05-20/sentinel_analysis.tif (AOI clouds 0.0%)
OK kaa/KAA_КУР-СОЛ-0008-02/2026-05-22: /Users/korneev/Desktop/water-regime-gis/outputs/imagery/kaa/KAA_КУР-СОЛ-0008-02/2026-05-22/sentinel_analysis.tif (AOI clouds 21.2%)
OK kaa/KAA_КУР-СОЛ-0008-02/2026-06-09: /Users/korneev/Desktop/water-regime-gis/outputs/imagery/kaa/KAA_КУР-СОЛ-0008-02/2026-06-09/sentinel_analysis.tif (AOI clouds 0.0%)
OK kaa/KAA_КУР-СОЛ-0008-02/2026-06-11: /Users/korneev/Desktop/water-regime-gis/outputs/imagery/kaa/KAA_КУР-СОЛ-0008-02/2026-06-11/sentinel_analysis.tif (AOI clouds 40.4%)
OK kaa/KAA_КУР-СОЛ-0008-02/2026-07-01: /Users/korneev/Desktop/water-regime-gis/outputs/imagery/kaa/KAA_КУР-СОЛ-0008-02/2026-07-01/sentinel_analysis.tif (AOI clouds 80.4%)
OK kaa/KAA_КУР-СОЛ-0008-02/2026-07-19: /Users/korneev/Desktop/water-regime-gis/outputs/imagery/kaa/KAA_КУР-СОЛ-0008-02/2026-07-19/sentinel_analysis.tif (AOI clouds 0.0%)
OK kaa/KAA_КУР-СОЛ-0008-02/2026-07-31: /Users/korneev/Desktop/water-regime-gis/outputs/imagery/kaa/KAA_КУР-СОЛ-0008-02/2026-07-31/sentinel_analysis.tif (AOI clouds 56.0%)
OK kaa/KAA_КУР-СОЛ-0008-02/2026-08-03: /Users/korneev/Desktop/water-regime-gis/outputs/imagery/kaa/KAA_КУР-СОЛ-0008-02/2026-08-03/sentinel_analysis.tif (AOI clouds 0.0%)
OK kaa/KAA_КУР-СОЛ-0008-02/2026-08-10: /Users/korneev/Desktop/water-regime-gis/outputs/imagery/kaa/KAA_КУР-СОЛ-0008-02/2026-08-10/sentinel_analysis.tif (AOI clouds 10.5%)
OK kaa/KAA_КУР-СОЛ-0010-02/2026-05-05: /Users/korneev/Desktop/water-regime-gis/outputs/imagery/kaa/KAA_КУР-СОЛ-0010-02/2026-05-05/sentinel_analysis.tif (AOI clouds 0.0%)
OK kaa/KAA_КУР-СОЛ-0010-02/2026-05-20: /Users/korneev/Desktop/water-regime-gis/outputs/imagery/kaa/KAA_КУР-СОЛ-0010-02/2026-05-20/sentinel_analysis.tif (AOI clouds 7.1%)
OK kaa/KAA_КУР-СОЛ-0010-02/2026-05-22: /Users/korneev/Desktop/water-regime-gis/outputs/imagery/kaa/KAA_КУР-СОЛ-0010-02/2026-05-22/sentinel_analysis.tif (AOI clouds 8.7%)
OK kaa/KAA_КУР-СОЛ-0010-02/2026-06-09: /Users/korneev/Desktop/water-regime-gis/outputs/imagery/kaa/KAA_КУР-СОЛ-0010-02/2026-06-09/sentinel_analysis.tif (AOI clouds 0.0%)
OK kaa/KAA_КУР-СОЛ-0010-02/2026-06-11: /Users/korneev/Desktop/water-regime-gis/outputs/imagery/kaa/KAA_КУР-СОЛ-0010-02/2026-06-11/sentinel_analysis.tif (AOI clouds 99.9%)
OK kaa/KAA_КУР-СОЛ-0010-02/2026-07-01: /Users/korneev/Desktop/water-regime-gis/outputs/imagery/kaa/KAA_КУР-СОЛ-0010-02/2026-07-01/sentinel_analysis.tif (AOI clouds 69.2%)
OK kaa/KAA_КУР-СОЛ-0010-02/2026-07-19: /Users/korneev/Desktop/water-regime-gis/outputs/imagery/kaa/KAA_КУР-СОЛ-0010-02/2026-07-19/sentinel_analysis.tif (AOI clouds 0.0%)
OK kaa/KAA_КУР-СОЛ-0010-02/2026-07-31: /Users/korneev/Desktop/water-regime-gis/outputs/imagery/kaa/KAA_КУР-СОЛ-0010-02/2026-07-31/sentinel_analysis.tif (AOI clouds 1.5%)
OK kaa/KAA_КУР-СОЛ-0010-02/2026-08-03: /Users/korneev/Desktop/water-regime-gis/outputs/imagery/kaa/KAA_КУР-СОЛ-0010-02/2026-08-03/sentinel_analysis.tif (AOI clouds 0.0%)
OK kaa/KAA_КУР-СОЛ-0010-02/2026-08-10: /Users/korneev/Desktop/water-regime-gis/outputs/imagery/kaa/KAA_КУР-СОЛ-0010-02/2026-08-10/sentinel_analysis.tif (AOI clouds 14.3%)
OK kaa/KAA_КУР-СОЛ-0011-03/2026-05-05: /Users/korneev/Desktop/water-regime-gis/outputs/imagery/kaa/KAA_КУР-СОЛ-0011-03/2026-05-05/sentinel_analysis.tif (AOI clouds 0.0%)
OK kaa/KAA_КУР-СОЛ-0011-03/2026-05-20: /Users/korneev/Desktop/water-regime-gis/outputs/imagery/kaa/KAA_КУР-СОЛ-0011-03/2026-05-20/sentinel_analysis.tif (AOI clouds 43.9%)
OK kaa/KAA_КУР-СОЛ-0011-03/2026-05-22: /Users/korneev/Desktop/water-regime-gis/outputs/imagery/kaa/KAA_КУР-СОЛ-0011-03/2026-05-22/sentinel_analysis.tif (AOI clouds 40.7%)
OK kaa/KAA_КУР-СОЛ-0011-03/2026-06-09: /Users/korneev/Desktop/water-regime-gis/outputs/imagery/kaa/KAA_КУР-СОЛ-0011-03/2026-06-09/sentinel_analysis.tif (AOI clouds 0.0%)
OK kaa/KAA_КУР-СОЛ-0011-03/2026-06-11: /Users/korneev/Desktop/water-regime-gis/outputs/imagery/kaa/KAA_КУР-СОЛ-0011-03/2026-06-11/sentinel_analysis.tif (AOI clouds 54.0%)
OK kaa/KAA_КУР-СОЛ-0011-03/2026-07-01: /Users/korneev/Desktop/water-regime-gis/outputs/imagery/kaa/KAA_КУР-СОЛ-0011-03/2026-07-01/sentinel_analysis.tif (AOI clouds 87.9%)
OK kaa/KAA_КУР-СОЛ-0011-03/2026-07-19: /Users/korneev/Desktop/water-regime-gis/outputs/imagery/kaa/KAA_КУР-СОЛ-0011-03/2026-07-19/sentinel_analysis.tif (AOI clouds 0.0%)
OK kaa/KAA_КУР-СОЛ-0011-03/2026-07-31: /Users/korneev/Desktop/water-regime-gis/outputs/imagery/kaa/KAA_КУР-СОЛ-0011-03/2026-07-31/sentinel_analysis.tif (AOI clouds 1.2%)
OK kaa/KAA_КУР-СОЛ-0011-03/2026-08-03: /Users/korneev/Desktop/water-regime-gis/outputs/imagery/kaa/KAA_КУР-СОЛ-0011-03/2026-08-03/sentinel_analysis.tif (AOI clouds 0.0%)
OK kaa/KAA_КУР-СОЛ-0011-03/2026-08-10: /Users/korneev/Desktop/water-regime-gis/outputs/imagery/kaa/KAA_КУР-СОЛ-0011-03/2026-08-10/sentinel_analysis.tif (AOI clouds 81.3%)
OK kaa/KAA_КУР-СОЛ-0011-04/2026-05-05: /Users/korneev/Desktop/water-regime-gis/outputs/imagery/kaa/KAA_КУР-СОЛ-0011-04/2026-05-05/sentinel_analysis.tif (AOI clouds 0.0%)
OK kaa/KAA_КУР-СОЛ-0011-04/2026-05-20: /Users/korneev/Desktop/water-regime-gis/outputs/imagery/kaa/KAA_КУР-СОЛ-0011-04/2026-05-20/sentinel_analysis.tif (AOI clouds 0.0%)
OK kaa/KAA_КУР-СОЛ-0011-04/2026-05-22: /Users/korneev/Desktop/water-regime-gis/outputs/imagery/kaa/KAA_КУР-СОЛ-0011-04/2026-05-22/sentinel_analysis.tif (AOI clouds 56.5%)
OK kaa/KAA_КУР-СОЛ-0011-04/2026-06-09: /Users/korneev/Desktop/water-regime-gis/outputs/imagery/kaa/KAA_КУР-СОЛ-0011-04/2026-06-09/sentinel_analysis.tif (AOI clouds 0.0%)
OK kaa/KAA_КУР-СОЛ-0011-04/2026-06-11: /Users/korneev/Desktop/water-regime-gis/outputs/imagery/kaa/KAA_КУР-СОЛ-0011-04/2026-06-11/sentinel_analysis.tif (AOI clouds 9.8%)
OK kaa/KAA_КУР-СОЛ-0011-04/2026-07-01: /Users/korneev/Desktop/water-regime-gis/outputs/imagery/kaa/KAA_КУР-СОЛ-0011-04/2026-07-01/sentinel_analysis.tif (AOI clouds 90.7%)
OK kaa/KAA_КУР-СОЛ-0011-04/2026-07-19: /Users/korneev/Desktop/water-regime-gis/outputs/imagery/kaa/KAA_КУР-СОЛ-0011-04/2026-07-19/sentinel_analysis.tif (AOI clouds 0.0%)
OK kaa/KAA_КУР-СОЛ-0011-04/2026-07-31: /Users/korneev/Desktop/water-regime-gis/outputs/imagery/kaa/KAA_КУР-СОЛ-0011-04/2026-07-31/sentinel_analysis.tif (AOI clouds 70.6%)
OK kaa/KAA_КУР-СОЛ-0011-04/2026-08-03: /Users/korneev/Desktop/water-regime-gis/outputs/imagery/kaa/KAA_КУР-СОЛ-0011-04/2026-08-03/sentinel_analysis.tif (AOI clouds 0.0%)
OK kaa/KAA_КУР-СОЛ-0011-04/2026-08-10: /Users/korneev/Desktop/water-regime-gis/outputs/imagery/kaa/KAA_КУР-СОЛ-0011-04/2026-08-10/sentinel_analysis.tif (AOI clouds 97.7%)
OK kaa/KAA_КУР-СОЛ-0012-02/2026-05-05: /Users/korneev/Desktop/water-regime-gis/outputs/imagery/kaa/KAA_КУР-СОЛ-0012-02/2026-05-05/sentinel_analysis.tif (AOI clouds 0.0%)
OK kaa/KAA_КУР-СОЛ-0012-02/2026-05-20: /Users/korneev/Desktop/water-regime-gis/outputs/imagery/kaa/KAA_КУР-СОЛ-0012-02/2026-05-20/sentinel_analysis.tif (AOI clouds 11.1%)
OK kaa/KAA_КУР-СОЛ-0012-02/2026-05-22: /Users/korneev/Desktop/water-regime-gis/outputs/imagery/kaa/KAA_КУР-СОЛ-0012-02/2026-05-22/sentinel_analysis.tif (AOI clouds 0.0%)
OK kaa/KAA_КУР-СОЛ-0012-02/2026-06-09: /Users/korneev/Desktop/water-regime-gis/outputs/imagery/kaa/KAA_КУР-СОЛ-0012-02/2026-06-09/sentinel_analysis.tif (AOI clouds 0.0%)
OK kaa/KAA_КУР-СОЛ-0012-02/2026-06-11: /Users/korneev/Desktop/water-regime-gis/outputs/imagery/kaa/KAA_КУР-СОЛ-0012-02/2026-06-11/sentinel_analysis.tif (AOI clouds 24.7%)
OK kaa/KAA_КУР-СОЛ-0012-02/2026-07-01: /Users/korneev/Desktop/water-regime-gis/outputs/imagery/kaa/KAA_КУР-СОЛ-0012-02/2026-07-01/sentinel_analysis.tif (AOI clouds 96.9%)
OK kaa/KAA_КУР-СОЛ-0012-02/2026-07-19: /Users/korneev/Desktop/water-regime-gis/outputs/imagery/kaa/KAA_КУР-СОЛ-0012-02/2026-07-19/sentinel_analysis.tif (AOI clouds 0.0%)
OK kaa/KAA_КУР-СОЛ-0012-02/2026-07-31: /Users/korneev/Desktop/water-regime-gis/outputs/imagery/kaa/KAA_КУР-СОЛ-0012-02/2026-07-31/sentinel_analysis.tif (AOI clouds 15.2%)
OK kaa/KAA_КУР-СОЛ-0012-02/2026-08-03: /Users/korneev/Desktop/water-regime-gis/outputs/imagery/kaa/KAA_КУР-СОЛ-0012-02/2026-08-03/sentinel_analysis.tif (AOI clouds 0.0%)
OK kaa/KAA_КУР-СОЛ-0012-02/2026-08-10: /Users/korneev/Desktop/water-regime-gis/outputs/imagery/kaa/KAA_КУР-СОЛ-0012-02/2026-08-10/sentinel_analysis.tif (AOI clouds 19.3%)
OK kaa/KAA_КУР-СОЛ-0013-02/2026-05-05: /Users/korneev/Desktop/water-regime-gis/outputs/imagery/kaa/KAA_КУР-СОЛ-0013-02/2026-05-05/sentinel_analysis.tif (AOI clouds 0.0%)
OK kaa/KAA_КУР-СОЛ-0013-02/2026-05-20: /Users/korneev/Desktop/water-regime-gis/outputs/imagery/kaa/KAA_КУР-СОЛ-0013-02/2026-05-20/sentinel_analysis.tif (AOI clouds 46.4%)
OK kaa/KAA_КУР-СОЛ-0013-02/2026-05-22: /Users/korneev/Desktop/water-regime-gis/outputs/imagery/kaa/KAA_КУР-СОЛ-0013-02/2026-05-22/sentinel_analysis.tif (AOI clouds 0.1%)
OK kaa/KAA_КУР-СОЛ-0013-02/2026-06-09: /Users/korneev/Desktop/water-regime-gis/outputs/imagery/kaa/KAA_КУР-СОЛ-0013-02/2026-06-09/sentinel_analysis.tif (AOI clouds 0.0%)
OK kaa/KAA_КУР-СОЛ-0013-02/2026-06-11: /Users/korneev/Desktop/water-regime-gis/outputs/imagery/kaa/KAA_КУР-СОЛ-0013-02/2026-06-11/sentinel_analysis.tif (AOI clouds 59.6%)
OK kaa/KAA_КУР-СОЛ-0013-02/2026-07-01: /Users/korneev/Desktop/water-regime-gis/outputs/imagery/kaa/KAA_КУР-СОЛ-0013-02/2026-07-01/sentinel_analysis.tif (AOI clouds 75.6%)
OK kaa/KAA_КУР-СОЛ-0013-02/2026-07-19: /Users/korneev/Desktop/water-regime-gis/outputs/imagery/kaa/KAA_КУР-СОЛ-0013-02/2026-07-19/sentinel_analysis.tif (AOI clouds 0.0%)
OK kaa/KAA_КУР-СОЛ-0013-02/2026-07-31: /Users/korneev/Desktop/water-regime-gis/outputs/imagery/kaa/KAA_КУР-СОЛ-0013-02/2026-07-31/sentinel_analysis.tif (AOI clouds 45.5%)
OK kaa/KAA_КУР-СОЛ-0013-02/2026-08-03: /Users/korneev/Desktop/water-regime-gis/outputs/imagery/kaa/KAA_КУР-СОЛ-0013-02/2026-08-03/sentinel_analysis.tif (AOI clouds 0.0%)
OK kaa/KAA_КУР-СОЛ-0013-02/2026-08-10: /Users/korneev/Desktop/water-regime-gis/outputs/imagery/kaa/KAA_КУР-СОЛ-0013-02/2026-08-10/sentinel_analysis.tif (AOI clouds 37.0%)
OK kaa/KAA_КУР-СОЛ-0013-03/2026-05-05: /Users/korneev/Desktop/water-regime-gis/outputs/imagery/kaa/KAA_КУР-СОЛ-0013-03/2026-05-05/sentinel_analysis.tif (AOI clouds 0.0%)
OK kaa/KAA_КУР-СОЛ-0013-03/2026-05-20: /Users/korneev/Desktop/water-regime-gis/outputs/imagery/kaa/KAA_КУР-СОЛ-0013-03/2026-05-20/sentinel_analysis.tif (AOI clouds 69.5%)
OK kaa/KAA_КУР-СОЛ-0013-03/2026-05-22: /Users/korneev/Desktop/water-regime-gis/outputs/imagery/kaa/KAA_КУР-СОЛ-0013-03/2026-05-22/sentinel_analysis.tif (AOI clouds 0.0%)
OK kaa/KAA_КУР-СОЛ-0013-03/2026-06-09: /Users/korneev/Desktop/water-regime-gis/outputs/imagery/kaa/KAA_КУР-СОЛ-0013-03/2026-06-09/sentinel_analysis.tif (AOI clouds 0.0%)
OK kaa/KAA_КУР-СОЛ-0013-03/2026-06-11: /Users/korneev/Desktop/water-regime-gis/outputs/imagery/kaa/KAA_КУР-СОЛ-0013-03/2026-06-11/sentinel_analysis.tif (AOI clouds 66.4%)
OK kaa/KAA_КУР-СОЛ-0013-03/2026-07-01: /Users/korneev/Desktop/water-regime-gis/outputs/imagery/kaa/KAA_КУР-СОЛ-0013-03/2026-07-01/sentinel_analysis.tif (AOI clouds 10.2%)
OK kaa/KAA_КУР-СОЛ-0013-03/2026-07-19: /Users/korneev/Desktop/water-regime-gis/outputs/imagery/kaa/KAA_КУР-СОЛ-0013-03/2026-07-19/sentinel_analysis.tif (AOI clouds 0.0%)
OK kaa/KAA_КУР-СОЛ-0013-03/2026-07-31: /Users/korneev/Desktop/water-regime-gis/outputs/imagery/kaa/KAA_КУР-СОЛ-0013-03/2026-07-31/sentinel_analysis.tif (AOI clouds 88.5%)
OK kaa/KAA_КУР-СОЛ-0013-03/2026-08-03: /Users/korneev/Desktop/water-regime-gis/outputs/imagery/kaa/KAA_КУР-СОЛ-0013-03/2026-08-03/sentinel_analysis.tif (AOI clouds 0.0%)
OK kaa/KAA_КУР-СОЛ-0013-03/2026-08-10: /Users/korneev/Desktop/water-regime-gis/outputs/imagery/kaa/KAA_КУР-СОЛ-0013-03/2026-08-10/sentinel_analysis.tif (AOI clouds 75.8%)
OK kaa/KAA_КУР-СОЛ-0014-02/2026-05-05: /Users/korneev/Desktop/water-regime-gis/outputs/imagery/kaa/KAA_КУР-СОЛ-0014-02/2026-05-05/sentinel_analysis.tif (AOI clouds 0.0%)
OK kaa/KAA_КУР-СОЛ-0014-02/2026-05-20: /Users/korneev/Desktop/water-regime-gis/outputs/imagery/kaa/KAA_КУР-СОЛ-0014-02/2026-05-20/sentinel_analysis.tif (AOI clouds 72.9%)
OK kaa/KAA_КУР-СОЛ-0014-02/2026-05-22: /Users/korneev/Desktop/water-regime-gis/outputs/imagery/kaa/KAA_КУР-СОЛ-0014-02/2026-05-22/sentinel_analysis.tif (AOI clouds 0.0%)
OK kaa/KAA_КУР-СОЛ-0014-02/2026-06-09: /Users/korneev/Desktop/water-regime-gis/outputs/imagery/kaa/KAA_КУР-СОЛ-0014-02/2026-06-09/sentinel_analysis.tif (AOI clouds 0.0%)
OK kaa/KAA_КУР-СОЛ-0014-02/2026-06-11: /Users/korneev/Desktop/water-regime-gis/outputs/imagery/kaa/KAA_КУР-СОЛ-0014-02/2026-06-11/sentinel_analysis.tif (AOI clouds 28.5%)
OK kaa/KAA_КУР-СОЛ-0014-02/2026-07-01: /Users/korneev/Desktop/water-regime-gis/outputs/imagery/kaa/KAA_КУР-СОЛ-0014-02/2026-07-01/sentinel_analysis.tif (AOI clouds 0.0%)
OK kaa/KAA_КУР-СОЛ-0014-02/2026-07-19: /Users/korneev/Desktop/water-regime-gis/outputs/imagery/kaa/KAA_КУР-СОЛ-0014-02/2026-07-19/sentinel_analysis.tif (AOI clouds 0.0%)
OK kaa/KAA_КУР-СОЛ-0014-02/2026-07-31: /Users/korneev/Desktop/water-regime-gis/outputs/imagery/kaa/KAA_КУР-СОЛ-0014-02/2026-07-31/sentinel_analysis.tif (AOI clouds 67.0%)
OK kaa/KAA_КУР-СОЛ-0014-02/2026-08-03: /Users/korneev/Desktop/water-regime-gis/outputs/imagery/kaa/KAA_КУР-СОЛ-0014-02/2026-08-03/sentinel_analysis.tif (AOI clouds 0.0%)
OK kaa/KAA_КУР-СОЛ-0014-02/2026-08-10: /Users/korneev/Desktop/water-regime-gis/outputs/imagery/kaa/KAA_КУР-СОЛ-0014-02/2026-08-10/sentinel_analysis.tif (AOI clouds 0.0%)
OK kaa/KAA_КУР-СОЛ-0014-03/2026-05-05: /Users/korneev/Desktop/water-regime-gis/outputs/imagery/kaa/KAA_КУР-СОЛ-0014-03/2026-05-05/sentinel_analysis.tif (AOI clouds 0.0%)
OK kaa/KAA_КУР-СОЛ-0014-03/2026-05-20: /Users/korneev/Desktop/water-regime-gis/outputs/imagery/kaa/KAA_КУР-СОЛ-0014-03/2026-05-20/sentinel_analysis.tif (AOI clouds 60.9%)
OK kaa/KAA_КУР-СОЛ-0014-03/2026-05-22: /Users/korneev/Desktop/water-regime-gis/outputs/imagery/kaa/KAA_КУР-СОЛ-0014-03/2026-05-22/sentinel_analysis.tif (AOI clouds 0.0%)
OK kaa/KAA_КУР-СОЛ-0014-03/2026-06-09: /Users/korneev/Desktop/water-regime-gis/outputs/imagery/kaa/KAA_КУР-СОЛ-0014-03/2026-06-09/sentinel_analysis.tif (AOI clouds 0.0%)
OK kaa/KAA_КУР-СОЛ-0014-03/2026-06-11: /Users/korneev/Desktop/water-regime-gis/outputs/imagery/kaa/KAA_КУР-СОЛ-0014-03/2026-06-11/sentinel_analysis.tif (AOI clouds 96.9%)
OK kaa/KAA_КУР-СОЛ-0014-03/2026-07-01: /Users/korneev/Desktop/water-regime-gis/outputs/imagery/kaa/KAA_КУР-СОЛ-0014-03/2026-07-01/sentinel_analysis.tif (AOI clouds 0.0%)
OK kaa/KAA_КУР-СОЛ-0014-03/2026-07-19: /Users/korneev/Desktop/water-regime-gis/outputs/imagery/kaa/KAA_КУР-СОЛ-0014-03/2026-07-19/sentinel_analysis.tif (AOI clouds 0.0%)
OK kaa/KAA_КУР-СОЛ-0014-03/2026-07-31: /Users/korneev/Desktop/water-regime-gis/outputs/imagery/kaa/KAA_КУР-СОЛ-0014-03/2026-07-31/sentinel_analysis.tif (AOI clouds 83.3%)
OK kaa/KAA_КУР-СОЛ-0014-03/2026-08-03: /Users/korneev/Desktop/water-regime-gis/outputs/imagery/kaa/KAA_КУР-СОЛ-0014-03/2026-08-03/sentinel_analysis.tif (AOI clouds 0.0%)
OK kaa/KAA_КУР-СОЛ-0014-03/2026-08-10: /Users/korneev/Desktop/water-regime-gis/outputs/imagery/kaa/KAA_КУР-СОЛ-0014-03/2026-08-10/sentinel_analysis.tif (AOI clouds 0.0%)
OK kaa/KAA_КУР-СОЛ-0015-02/2026-05-05: /Users/korneev/Desktop/water-regime-gis/outputs/imagery/kaa/KAA_КУР-СОЛ-0015-02/2026-05-05/sentinel_analysis.tif (AOI clouds 0.0%)
OK kaa/KAA_КУР-СОЛ-0015-02/2026-05-20: /Users/korneev/Desktop/water-regime-gis/outputs/imagery/kaa/KAA_КУР-СОЛ-0015-02/2026-05-20/sentinel_analysis.tif (AOI clouds 38.3%)
OK kaa/KAA_КУР-СОЛ-0015-02/2026-05-22: /Users/korneev/Desktop/water-regime-gis/outputs/imagery/kaa/KAA_КУР-СОЛ-0015-02/2026-05-22/sentinel_analysis.tif (AOI clouds 0.0%)
OK kaa/KAA_КУР-СОЛ-0015-02/2026-06-09: /Users/korneev/Desktop/water-regime-gis/outputs/imagery/kaa/KAA_КУР-СОЛ-0015-02/2026-06-09/sentinel_analysis.tif (AOI clouds 0.0%)
OK kaa/KAA_КУР-СОЛ-0015-02/2026-06-11: /Users/korneev/Desktop/water-regime-gis/outputs/imagery/kaa/KAA_КУР-СОЛ-0015-02/2026-06-11/sentinel_analysis.tif (AOI clouds 2.6%)
OK kaa/KAA_КУР-СОЛ-0015-02/2026-07-01: /Users/korneev/Desktop/water-regime-gis/outputs/imagery/kaa/KAA_КУР-СОЛ-0015-02/2026-07-01/sentinel_analysis.tif (AOI clouds 1.0%)
OK kaa/KAA_КУР-СОЛ-0015-02/2026-07-19: /Users/korneev/Desktop/water-regime-gis/outputs/imagery/kaa/KAA_КУР-СОЛ-0015-02/2026-07-19/sentinel_analysis.tif (AOI clouds 0.0%)
OK kaa/KAA_КУР-СОЛ-0015-02/2026-07-31: /Users/korneev/Desktop/water-regime-gis/outputs/imagery/kaa/KAA_КУР-СОЛ-0015-02/2026-07-31/sentinel_analysis.tif (AOI clouds 0.0%)
OK kaa/KAA_КУР-СОЛ-0015-02/2026-08-03: /Users/korneev/Desktop/water-regime-gis/outputs/imagery/kaa/KAA_КУР-СОЛ-0015-02/2026-08-03/sentinel_analysis.tif (AOI clouds 0.0%)
OK kaa/KAA_КУР-СОЛ-0015-02/2026-08-10: /Users/korneev/Desktop/water-regime-gis/outputs/imagery/kaa/KAA_КУР-СОЛ-0015-02/2026-08-10/sentinel_analysis.tif (AOI clouds 48.4%)
OK kaa/KAA_КУР-СОЛ-0016-02/2026-05-05: /Users/korneev/Desktop/water-regime-gis/outputs/imagery/kaa/KAA_КУР-СОЛ-0016-02/2026-05-05/sentinel_analysis.tif (AOI clouds 0.0%)
OK kaa/KAA_КУР-СОЛ-0016-02/2026-05-20: /Users/korneev/Desktop/water-regime-gis/outputs/imagery/kaa/KAA_КУР-СОЛ-0016-02/2026-05-20/sentinel_analysis.tif (AOI clouds 86.9%)
OK kaa/KAA_КУР-СОЛ-0016-02/2026-05-22: /Users/korneev/Desktop/water-regime-gis/outputs/imagery/kaa/KAA_КУР-СОЛ-0016-02/2026-05-22/sentinel_analysis.tif (AOI clouds 0.0%)
OK kaa/KAA_КУР-СОЛ-0016-02/2026-06-09: /Users/korneev/Desktop/water-regime-gis/outputs/imagery/kaa/KAA_КУР-СОЛ-0016-02/2026-06-09/sentinel_analysis.tif (AOI clouds 0.0%)
OK kaa/KAA_КУР-СОЛ-0016-02/2026-06-11: /Users/korneev/Desktop/water-regime-gis/outputs/imagery/kaa/KAA_КУР-СОЛ-0016-02/2026-06-11/sentinel_analysis.tif (AOI clouds 93.0%)
OK kaa/KAA_КУР-СОЛ-0016-02/2026-07-01: /Users/korneev/Desktop/water-regime-gis/outputs/imagery/kaa/KAA_КУР-СОЛ-0016-02/2026-07-01/sentinel_analysis.tif (AOI clouds 0.0%)
OK kaa/KAA_КУР-СОЛ-0016-02/2026-07-19: /Users/korneev/Desktop/water-regime-gis/outputs/imagery/kaa/KAA_КУР-СОЛ-0016-02/2026-07-19/sentinel_analysis.tif (AOI clouds 0.0%)
OK kaa/KAA_КУР-СОЛ-0016-02/2026-07-31: /Users/korneev/Desktop/water-regime-gis/outputs/imagery/kaa/KAA_КУР-СОЛ-0016-02/2026-07-31/sentinel_analysis.tif (AOI clouds 51.3%)
OK kaa/KAA_КУР-СОЛ-0016-02/2026-08-03: /Users/korneev/Desktop/water-regime-gis/outputs/imagery/kaa/KAA_КУР-СОЛ-0016-02/2026-08-03/sentinel_analysis.tif (AOI clouds 0.0%)
OK kaa/KAA_КУР-СОЛ-0016-02/2026-08-10: /Users/korneev/Desktop/water-regime-gis/outputs/imagery/kaa/KAA_КУР-СОЛ-0016-02/2026-08-10/sentinel_analysis.tif (AOI clouds 0.0%)
OK kaa/KAA_КУР-СОЛ-0016-03/2026-05-05: /Users/korneev/Desktop/water-regime-gis/outputs/imagery/kaa/KAA_КУР-СОЛ-0016-03/2026-05-05/sentinel_analysis.tif (AOI clouds 0.0%)
OK kaa/KAA_КУР-СОЛ-0016-03/2026-05-20: /Users/korneev/Desktop/water-regime-gis/outputs/imagery/kaa/KAA_КУР-СОЛ-0016-03/2026-05-20/sentinel_analysis.tif (AOI clouds 96.4%)
OK kaa/KAA_КУР-СОЛ-0016-03/2026-05-22: /Users/korneev/Desktop/water-regime-gis/outputs/imagery/kaa/KAA_КУР-СОЛ-0016-03/2026-05-22/sentinel_analysis.tif (AOI clouds 0.0%)
OK kaa/KAA_КУР-СОЛ-0016-03/2026-06-09: /Users/korneev/Desktop/water-regime-gis/outputs/imagery/kaa/KAA_КУР-СОЛ-0016-03/2026-06-09/sentinel_analysis.tif (AOI clouds 0.0%)
OK kaa/KAA_КУР-СОЛ-0016-03/2026-06-11: /Users/korneev/Desktop/water-regime-gis/outputs/imagery/kaa/KAA_КУР-СОЛ-0016-03/2026-06-11/sentinel_analysis.tif (AOI clouds 100.0%)
OK kaa/KAA_КУР-СОЛ-0016-03/2026-07-01: /Users/korneev/Desktop/water-regime-gis/outputs/imagery/kaa/KAA_КУР-СОЛ-0016-03/2026-07-01/sentinel_analysis.tif (AOI clouds 0.0%)
OK kaa/KAA_КУР-СОЛ-0016-03/2026-07-19: /Users/korneev/Desktop/water-regime-gis/outputs/imagery/kaa/KAA_КУР-СОЛ-0016-03/2026-07-19/sentinel_analysis.tif (AOI clouds 0.0%)
OK kaa/KAA_КУР-СОЛ-0016-03/2026-07-31: /Users/korneev/Desktop/water-regime-gis/outputs/imagery/kaa/KAA_КУР-СОЛ-0016-03/2026-07-31/sentinel_analysis.tif (AOI clouds 28.4%)
OK kaa/KAA_КУР-СОЛ-0016-03/2026-08-03: /Users/korneev/Desktop/water-regime-gis/outputs/imagery/kaa/KAA_КУР-СОЛ-0016-03/2026-08-03/sentinel_analysis.tif (AOI clouds 0.0%)
OK kaa/KAA_КУР-СОЛ-0016-03/2026-08-10: /Users/korneev/Desktop/water-regime-gis/outputs/imagery/kaa/KAA_КУР-СОЛ-0016-03/2026-08-10/sentinel_analysis.tif (AOI clouds 0.0%)
OK kaa/KAA_КУР-СОЛ-0017-02/2026-05-05: /Users/korneev/Desktop/water-regime-gis/outputs/imagery/kaa/KAA_КУР-СОЛ-0017-02/2026-05-05/sentinel_analysis.tif (AOI clouds 0.0%)
OK kaa/KAA_КУР-СОЛ-0017-02/2026-05-20: /Users/korneev/Desktop/water-regime-gis/outputs/imagery/kaa/KAA_КУР-СОЛ-0017-02/2026-05-20/sentinel_analysis.tif (AOI clouds 50.9%)
OK kaa/KAA_КУР-СОЛ-0017-02/2026-05-22: /Users/korneev/Desktop/water-regime-gis/outputs/imagery/kaa/KAA_КУР-СОЛ-0017-02/2026-05-22/sentinel_analysis.tif (AOI clouds 0.0%)
OK kaa/KAA_КУР-СОЛ-0017-02/2026-06-09: /Users/korneev/Desktop/water-regime-gis/outputs/imagery/kaa/KAA_КУР-СОЛ-0017-02/2026-06-09/sentinel_analysis.tif (AOI clouds 0.0%)
OK kaa/KAA_КУР-СОЛ-0017-02/2026-06-11: /Users/korneev/Desktop/water-regime-gis/outputs/imagery/kaa/KAA_КУР-СОЛ-0017-02/2026-06-11/sentinel_analysis.tif (AOI clouds 6.0%)
OK kaa/KAA_КУР-СОЛ-0017-02/2026-07-01: /Users/korneev/Desktop/water-regime-gis/outputs/imagery/kaa/KAA_КУР-СОЛ-0017-02/2026-07-01/sentinel_analysis.tif (AOI clouds 8.4%)
OK kaa/KAA_КУР-СОЛ-0017-02/2026-07-19: /Users/korneev/Desktop/water-regime-gis/outputs/imagery/kaa/KAA_КУР-СОЛ-0017-02/2026-07-19/sentinel_analysis.tif (AOI clouds 5.3%)
OK kaa/KAA_КУР-СОЛ-0017-02/2026-07-31: /Users/korneev/Desktop/water-regime-gis/outputs/imagery/kaa/KAA_КУР-СОЛ-0017-02/2026-07-31/sentinel_analysis.tif (AOI clouds 37.5%)
OK kaa/KAA_КУР-СОЛ-0017-02/2026-08-03: /Users/korneev/Desktop/water-regime-gis/outputs/imagery/kaa/KAA_КУР-СОЛ-0017-02/2026-08-03/sentinel_analysis.tif (AOI clouds 0.0%)
OK kaa/KAA_КУР-СОЛ-0017-02/2026-08-10: /Users/korneev/Desktop/water-regime-gis/outputs/imagery/kaa/KAA_КУР-СОЛ-0017-02/2026-08-10/sentinel_analysis.tif (AOI clouds 62.6%)
OK kaa/KAA_КУР-СОЛ-0017-03/2026-05-05: /Users/korneev/Desktop/water-regime-gis/outputs/imagery/kaa/KAA_КУР-СОЛ-0017-03/2026-05-05/sentinel_analysis.tif (AOI clouds 0.0%)
OK kaa/KAA_КУР-СОЛ-0017-03/2026-05-20: /Users/korneev/Desktop/water-regime-gis/outputs/imagery/kaa/KAA_КУР-СОЛ-0017-03/2026-05-20/sentinel_analysis.tif (AOI clouds 0.3%)
OK kaa/KAA_КУР-СОЛ-0017-03/2026-05-22: /Users/korneev/Desktop/water-regime-gis/outputs/imagery/kaa/KAA_КУР-СОЛ-0017-03/2026-05-22/sentinel_analysis.tif (AOI clouds 0.0%)
OK kaa/KAA_КУР-СОЛ-0017-03/2026-06-09: /Users/korneev/Desktop/water-regime-gis/outputs/imagery/kaa/KAA_КУР-СОЛ-0017-03/2026-06-09/sentinel_analysis.tif (AOI clouds 0.0%)
OK kaa/KAA_КУР-СОЛ-0017-03/2026-06-11: /Users/korneev/Desktop/water-regime-gis/outputs/imagery/kaa/KAA_КУР-СОЛ-0017-03/2026-06-11/sentinel_analysis.tif (AOI clouds 0.2%)
OK kaa/KAA_КУР-СОЛ-0017-03/2026-07-01: /Users/korneev/Desktop/water-regime-gis/outputs/imagery/kaa/KAA_КУР-СОЛ-0017-03/2026-07-01/sentinel_analysis.tif (AOI clouds 97.5%)
OK kaa/KAA_КУР-СОЛ-0017-03/2026-07-19: /Users/korneev/Desktop/water-regime-gis/outputs/imagery/kaa/KAA_КУР-СОЛ-0017-03/2026-07-19/sentinel_analysis.tif (AOI clouds 0.4%)
OK kaa/KAA_КУР-СОЛ-0017-03/2026-07-31: /Users/korneev/Desktop/water-regime-gis/outputs/imagery/kaa/KAA_КУР-СОЛ-0017-03/2026-07-31/sentinel_analysis.tif (AOI clouds 50.3%)
OK kaa/KAA_КУР-СОЛ-0017-03/2026-08-03: /Users/korneev/Desktop/water-regime-gis/outputs/imagery/kaa/KAA_КУР-СОЛ-0017-03/2026-08-03/sentinel_analysis.tif (AOI clouds 0.0%)
OK kaa/KAA_КУР-СОЛ-0017-03/2026-08-10: /Users/korneev/Desktop/water-regime-gis/outputs/imagery/kaa/KAA_КУР-СОЛ-0017-03/2026-08-10/sentinel_analysis.tif (AOI clouds 62.7%)
OK kaa/KAA_КУР-СОЛ-0019-02/2026-05-05: /Users/korneev/Desktop/water-regime-gis/outputs/imagery/kaa/KAA_КУР-СОЛ-0019-02/2026-05-05/sentinel_analysis.tif (AOI clouds 0.0%)
OK kaa/KAA_КУР-СОЛ-0019-02/2026-05-20: /Users/korneev/Desktop/water-regime-gis/outputs/imagery/kaa/KAA_КУР-СОЛ-0019-02/2026-05-20/sentinel_analysis.tif (AOI clouds 99.3%)
OK kaa/KAA_КУР-СОЛ-0019-02/2026-05-22: /Users/korneev/Desktop/water-regime-gis/outputs/imagery/kaa/KAA_КУР-СОЛ-0019-02/2026-05-22/sentinel_analysis.tif (AOI clouds 0.0%)
OK kaa/KAA_КУР-СОЛ-0019-02/2026-06-09: /Users/korneev/Desktop/water-regime-gis/outputs/imagery/kaa/KAA_КУР-СОЛ-0019-02/2026-06-09/sentinel_analysis.tif (AOI clouds 0.0%)
OK kaa/KAA_КУР-СОЛ-0019-02/2026-06-11: /Users/korneev/Desktop/water-regime-gis/outputs/imagery/kaa/KAA_КУР-СОЛ-0019-02/2026-06-11/sentinel_analysis.tif (AOI clouds 93.4%)
OK kaa/KAA_КУР-СОЛ-0019-02/2026-07-01: /Users/korneev/Desktop/water-regime-gis/outputs/imagery/kaa/KAA_КУР-СОЛ-0019-02/2026-07-01/sentinel_analysis.tif (AOI clouds 78.9%)
OK kaa/KAA_КУР-СОЛ-0019-02/2026-07-19: /Users/korneev/Desktop/water-regime-gis/outputs/imagery/kaa/KAA_КУР-СОЛ-0019-02/2026-07-19/sentinel_analysis.tif (AOI clouds 0.0%)
OK kaa/KAA_КУР-СОЛ-0019-02/2026-07-31: /Users/korneev/Desktop/water-regime-gis/outputs/imagery/kaa/KAA_КУР-СОЛ-0019-02/2026-07-31/sentinel_analysis.tif (AOI clouds 67.9%)
OK kaa/KAA_КУР-СОЛ-0019-02/2026-08-03: /Users/korneev/Desktop/water-regime-gis/outputs/imagery/kaa/KAA_КУР-СОЛ-0019-02/2026-08-03/sentinel_analysis.tif (AOI clouds 0.0%)
OK kaa/KAA_КУР-СОЛ-0019-02/2026-08-10: /Users/korneev/Desktop/water-regime-gis/outputs/imagery/kaa/KAA_КУР-СОЛ-0019-02/2026-08-10/sentinel_analysis.tif (AOI clouds 0.9%)
OK kaa/KAA_КУР-СОЛ-0020-02/2026-05-05: /Users/korneev/Desktop/water-regime-gis/outputs/imagery/kaa/KAA_КУР-СОЛ-0020-02/2026-05-05/sentinel_analysis.tif (AOI clouds 0.0%)
OK kaa/KAA_КУР-СОЛ-0020-02/2026-05-20: /Users/korneev/Desktop/water-regime-gis/outputs/imagery/kaa/KAA_КУР-СОЛ-0020-02/2026-05-20/sentinel_analysis.tif (AOI clouds 89.8%)
OK kaa/KAA_КУР-СОЛ-0020-02/2026-05-22: /Users/korneev/Desktop/water-regime-gis/outputs/imagery/kaa/KAA_КУР-СОЛ-0020-02/2026-05-22/sentinel_analysis.tif (AOI clouds 0.0%)
OK kaa/KAA_КУР-СОЛ-0020-02/2026-06-09: /Users/korneev/Desktop/water-regime-gis/outputs/imagery/kaa/KAA_КУР-СОЛ-0020-02/2026-06-09/sentinel_analysis.tif (AOI clouds 0.0%)
OK kaa/KAA_КУР-СОЛ-0020-02/2026-06-11: /Users/korneev/Desktop/water-regime-gis/outputs/imagery/kaa/KAA_КУР-СОЛ-0020-02/2026-06-11/sentinel_analysis.tif (AOI clouds 14.5%)
OK kaa/KAA_КУР-СОЛ-0020-02/2026-07-01: /Users/korneev/Desktop/water-regime-gis/outputs/imagery/kaa/KAA_КУР-СОЛ-0020-02/2026-07-01/sentinel_analysis.tif (AOI clouds 40.0%)
OK kaa/KAA_КУР-СОЛ-0020-02/2026-07-19: /Users/korneev/Desktop/water-regime-gis/outputs/imagery/kaa/KAA_КУР-СОЛ-0020-02/2026-07-19/sentinel_analysis.tif (AOI clouds 0.0%)
OK kaa/KAA_КУР-СОЛ-0020-02/2026-07-31: /Users/korneev/Desktop/water-regime-gis/outputs/imagery/kaa/KAA_КУР-СОЛ-0020-02/2026-07-31/sentinel_analysis.tif (AOI clouds 90.2%)
OK kaa/KAA_КУР-СОЛ-0020-02/2026-08-03: /Users/korneev/Desktop/water-regime-gis/outputs/imagery/kaa/KAA_КУР-СОЛ-0020-02/2026-08-03/sentinel_analysis.tif (AOI clouds 0.0%)
OK kaa/KAA_КУР-СОЛ-0020-02/2026-08-10: /Users/korneev/Desktop/water-regime-gis/outputs/imagery/kaa/KAA_КУР-СОЛ-0020-02/2026-08-10/sentinel_analysis.tif (AOI clouds 27.6%)
OK kaa/KAA_КУР-СОЛ-0021-02/2026-05-05: /Users/korneev/Desktop/water-regime-gis/outputs/imagery/kaa/KAA_КУР-СОЛ-0021-02/2026-05-05/sentinel_analysis.tif (AOI clouds 0.0%)
OK kaa/KAA_КУР-СОЛ-0021-02/2026-05-20: /Users/korneev/Desktop/water-regime-gis/outputs/imagery/kaa/KAA_КУР-СОЛ-0021-02/2026-05-20/sentinel_analysis.tif (AOI clouds 98.6%)
OK kaa/KAA_КУР-СОЛ-0021-02/2026-05-22: /Users/korneev/Desktop/water-regime-gis/outputs/imagery/kaa/KAA_КУР-СОЛ-0021-02/2026-05-22/sentinel_analysis.tif (AOI clouds 0.0%)
OK kaa/KAA_КУР-СОЛ-0021-02/2026-06-09: /Users/korneev/Desktop/water-regime-gis/outputs/imagery/kaa/KAA_КУР-СОЛ-0021-02/2026-06-09/sentinel_analysis.tif (AOI clouds 0.0%)
OK kaa/KAA_КУР-СОЛ-0021-02/2026-06-11: /Users/korneev/Desktop/water-regime-gis/outputs/imagery/kaa/KAA_КУР-СОЛ-0021-02/2026-06-11/sentinel_analysis.tif (AOI clouds 100.0%)
OK kaa/KAA_КУР-СОЛ-0021-02/2026-07-01: /Users/korneev/Desktop/water-regime-gis/outputs/imagery/kaa/KAA_КУР-СОЛ-0021-02/2026-07-01/sentinel_analysis.tif (AOI clouds 98.4%)
OK kaa/KAA_КУР-СОЛ-0021-02/2026-07-19: /Users/korneev/Desktop/water-regime-gis/outputs/imagery/kaa/KAA_КУР-СОЛ-0021-02/2026-07-19/sentinel_analysis.tif (AOI clouds 0.0%)
OK kaa/KAA_КУР-СОЛ-0021-02/2026-07-31: /Users/korneev/Desktop/water-regime-gis/outputs/imagery/kaa/KAA_КУР-СОЛ-0021-02/2026-07-31/sentinel_analysis.tif (AOI clouds 96.7%)
OK kaa/KAA_КУР-СОЛ-0021-02/2026-08-03: /Users/korneev/Desktop/water-regime-gis/outputs/imagery/kaa/KAA_КУР-СОЛ-0021-02/2026-08-03/sentinel_analysis.tif (AOI clouds 0.0%)
OK kaa/KAA_КУР-СОЛ-0021-02/2026-08-10: /Users/korneev/Desktop/water-regime-gis/outputs/imagery/kaa/KAA_КУР-СОЛ-0021-02/2026-08-10/sentinel_analysis.tif (AOI clouds 18.5%)
OK kaa/KAA_КУР-СОЛ-0021-03/2026-05-05: /Users/korneev/Desktop/water-regime-gis/outputs/imagery/kaa/KAA_КУР-СОЛ-0021-03/2026-05-05/sentinel_analysis.tif (AOI clouds 0.0%)
OK kaa/KAA_КУР-СОЛ-0021-03/2026-05-20: /Users/korneev/Desktop/water-regime-gis/outputs/imagery/kaa/KAA_КУР-СОЛ-0021-03/2026-05-20/sentinel_analysis.tif (AOI clouds 35.2%)
OK kaa/KAA_КУР-СОЛ-0021-03/2026-05-22: /Users/korneev/Desktop/water-regime-gis/outputs/imagery/kaa/KAA_КУР-СОЛ-0021-03/2026-05-22/sentinel_analysis.tif (AOI clouds 0.0%)
OK kaa/KAA_КУР-СОЛ-0021-03/2026-06-09: /Users/korneev/Desktop/water-regime-gis/outputs/imagery/kaa/KAA_КУР-СОЛ-0021-03/2026-06-09/sentinel_analysis.tif (AOI clouds 0.0%)
OK kaa/KAA_КУР-СОЛ-0021-03/2026-06-11: /Users/korneev/Desktop/water-regime-gis/outputs/imagery/kaa/KAA_КУР-СОЛ-0021-03/2026-06-11/sentinel_analysis.tif (AOI clouds 100.0%)
OK kaa/KAA_КУР-СОЛ-0021-03/2026-07-01: /Users/korneev/Desktop/water-regime-gis/outputs/imagery/kaa/KAA_КУР-СОЛ-0021-03/2026-07-01/sentinel_analysis.tif (AOI clouds 82.7%)
OK kaa/KAA_КУР-СОЛ-0021-03/2026-07-19: /Users/korneev/Desktop/water-regime-gis/outputs/imagery/kaa/KAA_КУР-СОЛ-0021-03/2026-07-19/sentinel_analysis.tif (AOI clouds 0.0%)
OK kaa/KAA_КУР-СОЛ-0021-03/2026-07-31: /Users/korneev/Desktop/water-regime-gis/outputs/imagery/kaa/KAA_КУР-СОЛ-0021-03/2026-07-31/sentinel_analysis.tif (AOI clouds 100.0%)
OK kaa/KAA_КУР-СОЛ-0021-03/2026-08-03: /Users/korneev/Desktop/water-regime-gis/outputs/imagery/kaa/KAA_КУР-СОЛ-0021-03/2026-08-03/sentinel_analysis.tif (AOI clouds 0.0%)
OK kaa/KAA_КУР-СОЛ-0021-03/2026-08-10: /Users/korneev/Desktop/water-regime-gis/outputs/imagery/kaa/KAA_КУР-СОЛ-0021-03/2026-08-10/sentinel_analysis.tif (AOI clouds 0.4%)
OK kaa/KAA_КУР-СОЛ-0027-02/2026-05-05: /Users/korneev/Desktop/water-regime-gis/outputs/imagery/kaa/KAA_КУР-СОЛ-0027-02/2026-05-05/sentinel_analysis.tif (AOI clouds 0.0%)
OK kaa/KAA_КУР-СОЛ-0027-02/2026-05-20: /Users/korneev/Desktop/water-regime-gis/outputs/imagery/kaa/KAA_КУР-СОЛ-0027-02/2026-05-20/sentinel_analysis.tif (AOI clouds 0.0%)
OK kaa/KAA_КУР-СОЛ-0027-02/2026-05-22: /Users/korneev/Desktop/water-regime-gis/outputs/imagery/kaa/KAA_КУР-СОЛ-0027-02/2026-05-22/sentinel_analysis.tif (AOI clouds 0.0%)
OK kaa/KAA_КУР-СОЛ-0027-02/2026-06-09: /Users/korneev/Desktop/water-regime-gis/outputs/imagery/kaa/KAA_КУР-СОЛ-0027-02/2026-06-09/sentinel_analysis.tif (AOI clouds 0.0%)
OK kaa/KAA_КУР-СОЛ-0027-02/2026-06-11: /Users/korneev/Desktop/water-regime-gis/outputs/imagery/kaa/KAA_КУР-СОЛ-0027-02/2026-06-11/sentinel_analysis.tif (AOI clouds 14.0%)
OK kaa/KAA_КУР-СОЛ-0027-02/2026-07-01: /Users/korneev/Desktop/water-regime-gis/outputs/imagery/kaa/KAA_КУР-СОЛ-0027-02/2026-07-01/sentinel_analysis.tif (AOI clouds 86.6%)
OK kaa/KAA_КУР-СОЛ-0027-02/2026-07-19: /Users/korneev/Desktop/water-regime-gis/outputs/imagery/kaa/KAA_КУР-СОЛ-0027-02/2026-07-19/sentinel_analysis.tif (AOI clouds 0.0%)
OK kaa/KAA_КУР-СОЛ-0027-02/2026-07-31: /Users/korneev/Desktop/water-regime-gis/outputs/imagery/kaa/KAA_КУР-СОЛ-0027-02/2026-07-31/sentinel_analysis.tif (AOI clouds 16.2%)
OK kaa/KAA_КУР-СОЛ-0027-02/2026-08-03: /Users/korneev/Desktop/water-regime-gis/outputs/imagery/kaa/KAA_КУР-СОЛ-0027-02/2026-08-03/sentinel_analysis.tif (AOI clouds 0.0%)
OK kaa/KAA_КУР-СОЛ-0027-02/2026-08-10: /Users/korneev/Desktop/water-regime-gis/outputs/imagery/kaa/KAA_КУР-СОЛ-0027-02/2026-08-10/sentinel_analysis.tif (AOI clouds 0.0%)
OK kaa/KAA_КУР-СОЛ-0027-03/2026-05-05: /Users/korneev/Desktop/water-regime-gis/outputs/imagery/kaa/KAA_КУР-СОЛ-0027-03/2026-05-05/sentinel_analysis.tif (AOI clouds 0.0%)
OK kaa/KAA_КУР-СОЛ-0027-03/2026-05-20: /Users/korneev/Desktop/water-regime-gis/outputs/imagery/kaa/KAA_КУР-СОЛ-0027-03/2026-05-20/sentinel_analysis.tif (AOI clouds 0.0%)
OK kaa/KAA_КУР-СОЛ-0027-03/2026-05-22: /Users/korneev/Desktop/water-regime-gis/outputs/imagery/kaa/KAA_КУР-СОЛ-0027-03/2026-05-22/sentinel_analysis.tif (AOI clouds 0.0%)
OK kaa/KAA_КУР-СОЛ-0027-03/2026-06-09: /Users/korneev/Desktop/water-regime-gis/outputs/imagery/kaa/KAA_КУР-СОЛ-0027-03/2026-06-09/sentinel_analysis.tif (AOI clouds 0.0%)
OK kaa/KAA_КУР-СОЛ-0027-03/2026-06-11: /Users/korneev/Desktop/water-regime-gis/outputs/imagery/kaa/KAA_КУР-СОЛ-0027-03/2026-06-11/sentinel_analysis.tif (AOI clouds 0.0%)
OK kaa/KAA_КУР-СОЛ-0027-03/2026-07-01: /Users/korneev/Desktop/water-regime-gis/outputs/imagery/kaa/KAA_КУР-СОЛ-0027-03/2026-07-01/sentinel_analysis.tif (AOI clouds 0.0%)
OK kaa/KAA_КУР-СОЛ-0027-03/2026-07-19: /Users/korneev/Desktop/water-regime-gis/outputs/imagery/kaa/KAA_КУР-СОЛ-0027-03/2026-07-19/sentinel_analysis.tif (AOI clouds 13.6%)
OK kaa/KAA_КУР-СОЛ-0027-03/2026-07-31: /Users/korneev/Desktop/water-regime-gis/outputs/imagery/kaa/KAA_КУР-СОЛ-0027-03/2026-07-31/sentinel_analysis.tif (AOI clouds 19.2%)
OK kaa/KAA_КУР-СОЛ-0027-03/2026-08-03: /Users/korneev/Desktop/water-regime-gis/outputs/imagery/kaa/KAA_КУР-СОЛ-0027-03/2026-08-03/sentinel_analysis.tif (AOI clouds 0.0%)
OK kaa/KAA_КУР-СОЛ-0027-03/2026-08-10: /Users/korneev/Desktop/water-regime-gis/outputs/imagery/kaa/KAA_КУР-СОЛ-0027-03/2026-08-10/sentinel_analysis.tif (AOI clouds 0.0%)
OK kaa/KAA_КУР-СОЛ-0028-02/2026-05-05: /Users/korneev/Desktop/water-regime-gis/outputs/imagery/kaa/KAA_КУР-СОЛ-0028-02/2026-05-05/sentinel_analysis.tif (AOI clouds 0.0%)
OK kaa/KAA_КУР-СОЛ-0028-02/2026-05-20: /Users/korneev/Desktop/water-regime-gis/outputs/imagery/kaa/KAA_КУР-СОЛ-0028-02/2026-05-20/sentinel_analysis.tif (AOI clouds 2.0%)
OK kaa/KAA_КУР-СОЛ-0028-02/2026-05-22: /Users/korneev/Desktop/water-regime-gis/outputs/imagery/kaa/KAA_КУР-СОЛ-0028-02/2026-05-22/sentinel_analysis.tif (AOI clouds 0.0%)
OK kaa/KAA_КУР-СОЛ-0028-02/2026-06-09: /Users/korneev/Desktop/water-regime-gis/outputs/imagery/kaa/KAA_КУР-СОЛ-0028-02/2026-06-09/sentinel_analysis.tif (AOI clouds 0.0%)
OK kaa/KAA_КУР-СОЛ-0028-02/2026-06-11: /Users/korneev/Desktop/water-regime-gis/outputs/imagery/kaa/KAA_КУР-СОЛ-0028-02/2026-06-11/sentinel_analysis.tif (AOI clouds 90.3%)
OK kaa/KAA_КУР-СОЛ-0028-02/2026-07-01: /Users/korneev/Desktop/water-regime-gis/outputs/imagery/kaa/KAA_КУР-СОЛ-0028-02/2026-07-01/sentinel_analysis.tif (AOI clouds 0.0%)
OK kaa/KAA_КУР-СОЛ-0028-02/2026-07-19: /Users/korneev/Desktop/water-regime-gis/outputs/imagery/kaa/KAA_КУР-СОЛ-0028-02/2026-07-19/sentinel_analysis.tif (AOI clouds 0.0%)
OK kaa/KAA_КУР-СОЛ-0028-02/2026-07-31: /Users/korneev/Desktop/water-regime-gis/outputs/imagery/kaa/KAA_КУР-СОЛ-0028-02/2026-07-31/sentinel_analysis.tif (AOI clouds 2.8%)
OK kaa/KAA_КУР-СОЛ-0028-02/2026-08-03: /Users/korneev/Desktop/water-regime-gis/outputs/imagery/kaa/KAA_КУР-СОЛ-0028-02/2026-08-03/sentinel_analysis.tif (AOI clouds 0.0%)
OK kaa/KAA_КУР-СОЛ-0028-02/2026-08-10: /Users/korneev/Desktop/water-regime-gis/outputs/imagery/kaa/KAA_КУР-СОЛ-0028-02/2026-08-10/sentinel_analysis.tif (AOI clouds 0.0%)
OK kaa/KAA_КУР-СОЛ-0029-1/2026-05-05: /Users/korneev/Desktop/water-regime-gis/outputs/imagery/kaa/KAA_КУР-СОЛ-0029-1/2026-05-05/sentinel_analysis.tif (AOI clouds 0.0%)
OK kaa/KAA_КУР-СОЛ-0029-1/2026-05-20: /Users/korneev/Desktop/water-regime-gis/outputs/imagery/kaa/KAA_КУР-СОЛ-0029-1/2026-05-20/sentinel_analysis.tif (AOI clouds 0.0%)
OK kaa/KAA_КУР-СОЛ-0029-1/2026-05-22: /Users/korneev/Desktop/water-regime-gis/outputs/imagery/kaa/KAA_КУР-СОЛ-0029-1/2026-05-22/sentinel_analysis.tif (AOI clouds 43.2%)
OK kaa/KAA_КУР-СОЛ-0029-1/2026-06-09: /Users/korneev/Desktop/water-regime-gis/outputs/imagery/kaa/KAA_КУР-СОЛ-0029-1/2026-06-09/sentinel_analysis.tif (AOI clouds 0.0%)
OK kaa/KAA_КУР-СОЛ-0029-1/2026-06-11: /Users/korneev/Desktop/water-regime-gis/outputs/imagery/kaa/KAA_КУР-СОЛ-0029-1/2026-06-11/sentinel_analysis.tif (AOI clouds 99.0%)
OK kaa/KAA_КУР-СОЛ-0029-1/2026-07-01: /Users/korneev/Desktop/water-regime-gis/outputs/imagery/kaa/KAA_КУР-СОЛ-0029-1/2026-07-01/sentinel_analysis.tif (AOI clouds 27.5%)
OK kaa/KAA_КУР-СОЛ-0029-1/2026-07-19: /Users/korneev/Desktop/water-regime-gis/outputs/imagery/kaa/KAA_КУР-СОЛ-0029-1/2026-07-19/sentinel_analysis.tif (AOI clouds 0.0%)
OK kaa/KAA_КУР-СОЛ-0029-1/2026-07-31: /Users/korneev/Desktop/water-regime-gis/outputs/imagery/kaa/KAA_КУР-СОЛ-0029-1/2026-07-31/sentinel_analysis.tif (AOI clouds 95.9%)
OK kaa/KAA_КУР-СОЛ-0029-1/2026-08-03: /Users/korneev/Desktop/water-regime-gis/outputs/imagery/kaa/KAA_КУР-СОЛ-0029-1/2026-08-03/sentinel_analysis.tif (AOI clouds 0.0%)
OK kaa/KAA_КУР-СОЛ-0029-1/2026-08-10: /Users/korneev/Desktop/water-regime-gis/outputs/imagery/kaa/KAA_КУР-СОЛ-0029-1/2026-08-10/sentinel_analysis.tif (AOI clouds 47.3%)
OK kaa/KAA_КУР-СОЛ-0029-12/2026-05-05: /Users/korneev/Desktop/water-regime-gis/outputs/imagery/kaa/KAA_КУР-СОЛ-0029-12/2026-05-05/sentinel_analysis.tif (AOI clouds 0.0%)
OK kaa/KAA_КУР-СОЛ-0029-12/2026-05-20: /Users/korneev/Desktop/water-regime-gis/outputs/imagery/kaa/KAA_КУР-СОЛ-0029-12/2026-05-20/sentinel_analysis.tif (AOI clouds 0.0%)
OK kaa/KAA_КУР-СОЛ-0029-12/2026-05-22: /Users/korneev/Desktop/water-regime-gis/outputs/imagery/kaa/KAA_КУР-СОЛ-0029-12/2026-05-22/sentinel_analysis.tif (AOI clouds 72.9%)
OK kaa/KAA_КУР-СОЛ-0029-12/2026-06-09: /Users/korneev/Desktop/water-regime-gis/outputs/imagery/kaa/KAA_КУР-СОЛ-0029-12/2026-06-09/sentinel_analysis.tif (AOI clouds 0.0%)
OK kaa/KAA_КУР-СОЛ-0029-12/2026-06-11: /Users/korneev/Desktop/water-regime-gis/outputs/imagery/kaa/KAA_КУР-СОЛ-0029-12/2026-06-11/sentinel_analysis.tif (AOI clouds 92.0%)
OK kaa/KAA_КУР-СОЛ-0029-12/2026-07-01: /Users/korneev/Desktop/water-regime-gis/outputs/imagery/kaa/KAA_КУР-СОЛ-0029-12/2026-07-01/sentinel_analysis.tif (AOI clouds 99.0%)
OK kaa/KAA_КУР-СОЛ-0029-12/2026-07-19: /Users/korneev/Desktop/water-regime-gis/outputs/imagery/kaa/KAA_КУР-СОЛ-0029-12/2026-07-19/sentinel_analysis.tif (AOI clouds 0.0%)
OK kaa/KAA_КУР-СОЛ-0029-12/2026-07-31: /Users/korneev/Desktop/water-regime-gis/outputs/imagery/kaa/KAA_КУР-СОЛ-0029-12/2026-07-31/sentinel_analysis.tif (AOI clouds 92.7%)
OK kaa/KAA_КУР-СОЛ-0029-12/2026-08-03: /Users/korneev/Desktop/water-regime-gis/outputs/imagery/kaa/KAA_КУР-СОЛ-0029-12/2026-08-03/sentinel_analysis.tif (AOI clouds 0.0%)
OK kaa/KAA_КУР-СОЛ-0029-12/2026-08-10: /Users/korneev/Desktop/water-regime-gis/outputs/imagery/kaa/KAA_КУР-СОЛ-0029-12/2026-08-10/sentinel_analysis.tif (AOI clouds 87.8%)
OK kaa/KAA_КУР-СОЛ-0030-02/2026-05-05: /Users/korneev/Desktop/water-regime-gis/outputs/imagery/kaa/KAA_КУР-СОЛ-0030-02/2026-05-05/sentinel_analysis.tif (AOI clouds 0.0%)
OK kaa/KAA_КУР-СОЛ-0030-02/2026-05-20: /Users/korneev/Desktop/water-regime-gis/outputs/imagery/kaa/KAA_КУР-СОЛ-0030-02/2026-05-20/sentinel_analysis.tif (AOI clouds 8.7%)
OK kaa/KAA_КУР-СОЛ-0030-02/2026-05-22: /Users/korneev/Desktop/water-regime-gis/outputs/imagery/kaa/KAA_КУР-СОЛ-0030-02/2026-05-22/sentinel_analysis.tif (AOI clouds 0.0%)
OK kaa/KAA_КУР-СОЛ-0030-02/2026-06-09: /Users/korneev/Desktop/water-regime-gis/outputs/imagery/kaa/KAA_КУР-СОЛ-0030-02/2026-06-09/sentinel_analysis.tif (AOI clouds 0.0%)
OK kaa/KAA_КУР-СОЛ-0030-02/2026-06-11: /Users/korneev/Desktop/water-regime-gis/outputs/imagery/kaa/KAA_КУР-СОЛ-0030-02/2026-06-11/sentinel_analysis.tif (AOI clouds 6.0%)
OK kaa/KAA_КУР-СОЛ-0030-02/2026-07-01: /Users/korneev/Desktop/water-regime-gis/outputs/imagery/kaa/KAA_КУР-СОЛ-0030-02/2026-07-01/sentinel_analysis.tif (AOI clouds 33.8%)
OK kaa/KAA_КУР-СОЛ-0030-02/2026-07-19: /Users/korneev/Desktop/water-regime-gis/outputs/imagery/kaa/KAA_КУР-СОЛ-0030-02/2026-07-19/sentinel_analysis.tif (AOI clouds 0.0%)
OK kaa/KAA_КУР-СОЛ-0030-02/2026-07-31: /Users/korneev/Desktop/water-regime-gis/outputs/imagery/kaa/KAA_КУР-СОЛ-0030-02/2026-07-31/sentinel_analysis.tif (AOI clouds 36.3%)
OK kaa/KAA_КУР-СОЛ-0030-02/2026-08-03: /Users/korneev/Desktop/water-regime-gis/outputs/imagery/kaa/KAA_КУР-СОЛ-0030-02/2026-08-03/sentinel_analysis.tif (AOI clouds 0.0%)
OK kaa/KAA_КУР-СОЛ-0030-02/2026-08-10: /Users/korneev/Desktop/water-regime-gis/outputs/imagery/kaa/KAA_КУР-СОЛ-0030-02/2026-08-10/sentinel_analysis.tif (AOI clouds 0.0%)
OK kaa/KAA_КУР-СОЛ-0031-2/2026-05-05: /Users/korneev/Desktop/water-regime-gis/outputs/imagery/kaa/KAA_КУР-СОЛ-0031-2/2026-05-05/sentinel_analysis.tif (AOI clouds 0.0%)
OK kaa/KAA_КУР-СОЛ-0031-2/2026-05-20: /Users/korneev/Desktop/water-regime-gis/outputs/imagery/kaa/KAA_КУР-СОЛ-0031-2/2026-05-20/sentinel_analysis.tif (AOI clouds 0.0%)
OK kaa/KAA_КУР-СОЛ-0031-2/2026-05-22: /Users/korneev/Desktop/water-regime-gis/outputs/imagery/kaa/KAA_КУР-СОЛ-0031-2/2026-05-22/sentinel_analysis.tif (AOI clouds 12.5%)
OK kaa/KAA_КУР-СОЛ-0031-2/2026-06-09: /Users/korneev/Desktop/water-regime-gis/outputs/imagery/kaa/KAA_КУР-СОЛ-0031-2/2026-06-09/sentinel_analysis.tif (AOI clouds 0.0%)
OK kaa/KAA_КУР-СОЛ-0031-2/2026-06-11: /Users/korneev/Desktop/water-regime-gis/outputs/imagery/kaa/KAA_КУР-СОЛ-0031-2/2026-06-11/sentinel_analysis.tif (AOI clouds 26.7%)
OK kaa/KAA_КУР-СОЛ-0031-2/2026-07-01: /Users/korneev/Desktop/water-regime-gis/outputs/imagery/kaa/KAA_КУР-СОЛ-0031-2/2026-07-01/sentinel_analysis.tif (AOI clouds 11.2%)
OK kaa/KAA_КУР-СОЛ-0031-2/2026-07-19: /Users/korneev/Desktop/water-regime-gis/outputs/imagery/kaa/KAA_КУР-СОЛ-0031-2/2026-07-19/sentinel_analysis.tif (AOI clouds 0.0%)
OK kaa/KAA_КУР-СОЛ-0031-2/2026-07-31: /Users/korneev/Desktop/water-regime-gis/outputs/imagery/kaa/KAA_КУР-СОЛ-0031-2/2026-07-31/sentinel_analysis.tif (AOI clouds 90.5%)
OK kaa/KAA_КУР-СОЛ-0031-2/2026-08-03: /Users/korneev/Desktop/water-regime-gis/outputs/imagery/kaa/KAA_КУР-СОЛ-0031-2/2026-08-03/sentinel_analysis.tif (AOI clouds 0.0%)
OK kaa/KAA_КУР-СОЛ-0031-2/2026-08-10: /Users/korneev/Desktop/water-regime-gis/outputs/imagery/kaa/KAA_КУР-СОЛ-0031-2/2026-08-10/sentinel_analysis.tif (AOI clouds 100.0%)
OK kaa/KAA_КУР-СОЛ-0031-3/2026-05-05: /Users/korneev/Desktop/water-regime-gis/outputs/imagery/kaa/KAA_КУР-СОЛ-0031-3/2026-05-05/sentinel_analysis.tif (AOI clouds 0.0%)
OK kaa/KAA_КУР-СОЛ-0031-3/2026-05-20: /Users/korneev/Desktop/water-regime-gis/outputs/imagery/kaa/KAA_КУР-СОЛ-0031-3/2026-05-20/sentinel_analysis.tif (AOI clouds 0.0%)
OK kaa/KAA_КУР-СОЛ-0031-3/2026-05-22: /Users/korneev/Desktop/water-regime-gis/outputs/imagery/kaa/KAA_КУР-СОЛ-0031-3/2026-05-22/sentinel_analysis.tif (AOI clouds 0.0%)
OK kaa/KAA_КУР-СОЛ-0031-3/2026-06-09: /Users/korneev/Desktop/water-regime-gis/outputs/imagery/kaa/KAA_КУР-СОЛ-0031-3/2026-06-09/sentinel_analysis.tif (AOI clouds 0.0%)
OK kaa/KAA_КУР-СОЛ-0031-3/2026-06-11: /Users/korneev/Desktop/water-regime-gis/outputs/imagery/kaa/KAA_КУР-СОЛ-0031-3/2026-06-11/sentinel_analysis.tif (AOI clouds 39.0%)
OK kaa/KAA_КУР-СОЛ-0031-3/2026-07-01: /Users/korneev/Desktop/water-regime-gis/outputs/imagery/kaa/KAA_КУР-СОЛ-0031-3/2026-07-01/sentinel_analysis.tif (AOI clouds 3.3%)
OK kaa/KAA_КУР-СОЛ-0031-3/2026-07-19: /Users/korneev/Desktop/water-regime-gis/outputs/imagery/kaa/KAA_КУР-СОЛ-0031-3/2026-07-19/sentinel_analysis.tif (AOI clouds 0.0%)
OK kaa/KAA_КУР-СОЛ-0031-3/2026-07-31: /Users/korneev/Desktop/water-regime-gis/outputs/imagery/kaa/KAA_КУР-СОЛ-0031-3/2026-07-31/sentinel_analysis.tif (AOI clouds 79.2%)
OK kaa/KAA_КУР-СОЛ-0031-3/2026-08-03: /Users/korneev/Desktop/water-regime-gis/outputs/imagery/kaa/KAA_КУР-СОЛ-0031-3/2026-08-03/sentinel_analysis.tif (AOI clouds 0.0%)
OK kaa/KAA_КУР-СОЛ-0031-3/2026-08-10: /Users/korneev/Desktop/water-regime-gis/outputs/imagery/kaa/KAA_КУР-СОЛ-0031-3/2026-08-10/sentinel_analysis.tif (AOI clouds 100.0%)
OK kaa/KAA_КУР-СОЛ-0032-02/2026-05-05: /Users/korneev/Desktop/water-regime-gis/outputs/imagery/kaa/KAA_КУР-СОЛ-0032-02/2026-05-05/sentinel_analysis.tif (AOI clouds 0.0%)
OK kaa/KAA_КУР-СОЛ-0032-02/2026-05-20: /Users/korneev/Desktop/water-regime-gis/outputs/imagery/kaa/KAA_КУР-СОЛ-0032-02/2026-05-20/sentinel_analysis.tif (AOI clouds 0.0%)
OK kaa/KAA_КУР-СОЛ-0032-02/2026-05-22: /Users/korneev/Desktop/water-regime-gis/outputs/imagery/kaa/KAA_КУР-СОЛ-0032-02/2026-05-22/sentinel_analysis.tif (AOI clouds 3.3%)
OK kaa/KAA_КУР-СОЛ-0032-02/2026-06-09: /Users/korneev/Desktop/water-regime-gis/outputs/imagery/kaa/KAA_КУР-СОЛ-0032-02/2026-06-09/sentinel_analysis.tif (AOI clouds 0.0%)
OK kaa/KAA_КУР-СОЛ-0032-02/2026-06-11: /Users/korneev/Desktop/water-regime-gis/outputs/imagery/kaa/KAA_КУР-СОЛ-0032-02/2026-06-11/sentinel_analysis.tif (AOI clouds 0.0%)
OK kaa/KAA_КУР-СОЛ-0032-02/2026-07-01: /Users/korneev/Desktop/water-regime-gis/outputs/imagery/kaa/KAA_КУР-СОЛ-0032-02/2026-07-01/sentinel_analysis.tif (AOI clouds 32.4%)
OK kaa/KAA_КУР-СОЛ-0032-02/2026-07-19: /Users/korneev/Desktop/water-regime-gis/outputs/imagery/kaa/KAA_КУР-СОЛ-0032-02/2026-07-19/sentinel_analysis.tif (AOI clouds 3.1%)
OK kaa/KAA_КУР-СОЛ-0032-02/2026-07-31: /Users/korneev/Desktop/water-regime-gis/outputs/imagery/kaa/KAA_КУР-СОЛ-0032-02/2026-07-31/sentinel_analysis.tif (AOI clouds 0.0%)
OK kaa/KAA_КУР-СОЛ-0032-02/2026-08-03: /Users/korneev/Desktop/water-regime-gis/outputs/imagery/kaa/KAA_КУР-СОЛ-0032-02/2026-08-03/sentinel_analysis.tif (AOI clouds 0.0%)
OK kaa/KAA_КУР-СОЛ-0032-02/2026-08-10: /Users/korneev/Desktop/water-regime-gis/outputs/imagery/kaa/KAA_КУР-СОЛ-0032-02/2026-08-10/sentinel_analysis.tif (AOI clouds 6.0%)
OK kaa/KAA_КУР-СОЛ-0036-02/2026-05-05: /Users/korneev/Desktop/water-regime-gis/outputs/imagery/kaa/KAA_КУР-СОЛ-0036-02/2026-05-05/sentinel_analysis.tif (AOI clouds 0.0%)
OK kaa/KAA_КУР-СОЛ-0036-02/2026-05-20: /Users/korneev/Desktop/water-regime-gis/outputs/imagery/kaa/KAA_КУР-СОЛ-0036-02/2026-05-20/sentinel_analysis.tif (AOI clouds 20.2%)
OK kaa/KAA_КУР-СОЛ-0036-02/2026-05-22: /Users/korneev/Desktop/water-regime-gis/outputs/imagery/kaa/KAA_КУР-СОЛ-0036-02/2026-05-22/sentinel_analysis.tif (AOI clouds 2.3%)
OK kaa/KAA_КУР-СОЛ-0036-02/2026-06-09: /Users/korneev/Desktop/water-regime-gis/outputs/imagery/kaa/KAA_КУР-СОЛ-0036-02/2026-06-09/sentinel_analysis.tif (AOI clouds 0.0%)
OK kaa/KAA_КУР-СОЛ-0036-02/2026-06-11: /Users/korneev/Desktop/water-regime-gis/outputs/imagery/kaa/KAA_КУР-СОЛ-0036-02/2026-06-11/sentinel_analysis.tif (AOI clouds 0.0%)
OK kaa/KAA_КУР-СОЛ-0036-02/2026-07-01: /Users/korneev/Desktop/water-regime-gis/outputs/imagery/kaa/KAA_КУР-СОЛ-0036-02/2026-07-01/sentinel_analysis.tif (AOI clouds 17.7%)
OK kaa/KAA_КУР-СОЛ-0036-02/2026-07-19: /Users/korneev/Desktop/water-regime-gis/outputs/imagery/kaa/KAA_КУР-СОЛ-0036-02/2026-07-19/sentinel_analysis.tif (AOI clouds 0.0%)
OK kaa/KAA_КУР-СОЛ-0036-02/2026-07-31: /Users/korneev/Desktop/water-regime-gis/outputs/imagery/kaa/KAA_КУР-СОЛ-0036-02/2026-07-31/sentinel_analysis.tif (AOI clouds 28.7%)
OK kaa/KAA_КУР-СОЛ-0036-02/2026-08-03: /Users/korneev/Desktop/water-regime-gis/outputs/imagery/kaa/KAA_КУР-СОЛ-0036-02/2026-08-03/sentinel_analysis.tif (AOI clouds 0.0%)
OK kaa/KAA_КУР-СОЛ-0036-02/2026-08-10: /Users/korneev/Desktop/water-regime-gis/outputs/imagery/kaa/KAA_КУР-СОЛ-0036-02/2026-08-10/sentinel_analysis.tif (AOI clouds 0.0%)
OK kaa/KAA_КУР-СОЛ-0036-03/2026-05-05: /Users/korneev/Desktop/water-regime-gis/outputs/imagery/kaa/KAA_КУР-СОЛ-0036-03/2026-05-05/sentinel_analysis.tif (AOI clouds 0.0%)
OK kaa/KAA_КУР-СОЛ-0036-03/2026-05-20: /Users/korneev/Desktop/water-regime-gis/outputs/imagery/kaa/KAA_КУР-СОЛ-0036-03/2026-05-20/sentinel_analysis.tif (AOI clouds 0.0%)
OK kaa/KAA_КУР-СОЛ-0036-03/2026-05-22: /Users/korneev/Desktop/water-regime-gis/outputs/imagery/kaa/KAA_КУР-СОЛ-0036-03/2026-05-22/sentinel_analysis.tif (AOI clouds 48.7%)
OK kaa/KAA_КУР-СОЛ-0036-03/2026-06-09: /Users/korneev/Desktop/water-regime-gis/outputs/imagery/kaa/KAA_КУР-СОЛ-0036-03/2026-06-09/sentinel_analysis.tif (AOI clouds 0.0%)
OK kaa/KAA_КУР-СОЛ-0036-03/2026-06-11: /Users/korneev/Desktop/water-regime-gis/outputs/imagery/kaa/KAA_КУР-СОЛ-0036-03/2026-06-11/sentinel_analysis.tif (AOI clouds 0.0%)
OK kaa/KAA_КУР-СОЛ-0036-03/2026-07-01: /Users/korneev/Desktop/water-regime-gis/outputs/imagery/kaa/KAA_КУР-СОЛ-0036-03/2026-07-01/sentinel_analysis.tif (AOI clouds 70.0%)
OK kaa/KAA_КУР-СОЛ-0036-03/2026-07-19: /Users/korneev/Desktop/water-regime-gis/outputs/imagery/kaa/KAA_КУР-СОЛ-0036-03/2026-07-19/sentinel_analysis.tif (AOI clouds 0.0%)
OK kaa/KAA_КУР-СОЛ-0036-03/2026-07-31: /Users/korneev/Desktop/water-regime-gis/outputs/imagery/kaa/KAA_КУР-СОЛ-0036-03/2026-07-31/sentinel_analysis.tif (AOI clouds 65.9%)
OK kaa/KAA_КУР-СОЛ-0036-03/2026-08-03: /Users/korneev/Desktop/water-regime-gis/outputs/imagery/kaa/KAA_КУР-СОЛ-0036-03/2026-08-03/sentinel_analysis.tif (AOI clouds 0.0%)
OK kaa/KAA_КУР-СОЛ-0036-03/2026-08-10: /Users/korneev/Desktop/water-regime-gis/outputs/imagery/kaa/KAA_КУР-СОЛ-0036-03/2026-08-10/sentinel_analysis.tif (AOI clouds 0.0%)
OK sp/SP_1_1/2026-04-22: /Users/korneev/Desktop/water-regime-gis/outputs/imagery/sp/SP_1_1/2026-04-22/sentinel_analysis.tif (AOI clouds 0.0%)
OK sp/SP_1_1/2026-05-05: /Users/korneev/Desktop/water-regime-gis/outputs/imagery/sp/SP_1_1/2026-05-05/sentinel_analysis.tif (AOI clouds 0.0%)
OK sp/SP_1_1/2026-05-20: /Users/korneev/Desktop/water-regime-gis/outputs/imagery/sp/SP_1_1/2026-05-20/sentinel_analysis.tif (AOI clouds 0.0%)
OK sp/SP_1_1/2026-05-22: /Users/korneev/Desktop/water-regime-gis/outputs/imagery/sp/SP_1_1/2026-05-22/sentinel_analysis.tif (AOI clouds 0.0%)
OK sp/SP_1_1/2026-06-11: /Users/korneev/Desktop/water-regime-gis/outputs/imagery/sp/SP_1_1/2026-06-11/sentinel_analysis.tif (AOI clouds 0.0%)
OK sp/SP_1_1/2026-07-19: /Users/korneev/Desktop/water-regime-gis/outputs/imagery/sp/SP_1_1/2026-07-19/sentinel_analysis.tif (AOI clouds 0.0%)
OK sp/SP_1_1/2026-08-10: /Users/korneev/Desktop/water-regime-gis/outputs/imagery/sp/SP_1_1/2026-08-10/sentinel_analysis.tif (AOI clouds 0.0%)
OK sp/SP_1_10/2026-04-22: /Users/korneev/Desktop/water-regime-gis/outputs/imagery/sp/SP_1_10/2026-04-22/sentinel_analysis.tif (AOI clouds 0.0%)
OK sp/SP_1_10/2026-05-05: /Users/korneev/Desktop/water-regime-gis/outputs/imagery/sp/SP_1_10/2026-05-05/sentinel_analysis.tif (AOI clouds 0.0%)
OK sp/SP_1_10/2026-05-07: /Users/korneev/Desktop/water-regime-gis/outputs/imagery/sp/SP_1_10/2026-05-07/sentinel_analysis.tif (AOI clouds 0.0%)
OK sp/SP_1_10/2026-05-17: /Users/korneev/Desktop/water-regime-gis/outputs/imagery/sp/SP_1_10/2026-05-17/sentinel_analysis.tif (AOI clouds 100.0%)
OK sp/SP_1_10/2026-05-20: /Users/korneev/Desktop/water-regime-gis/outputs/imagery/sp/SP_1_10/2026-05-20/sentinel_analysis.tif (AOI clouds 0.0%)
OK sp/SP_1_10/2026-05-22: /Users/korneev/Desktop/water-regime-gis/outputs/imagery/sp/SP_1_10/2026-05-22/sentinel_analysis.tif (AOI clouds 0.0%)
OK sp/SP_1_10/2026-06-11: /Users/korneev/Desktop/water-regime-gis/outputs/imagery/sp/SP_1_10/2026-06-11/sentinel_analysis.tif (AOI clouds 3.5%)
OK sp/SP_1_10/2026-07-19: /Users/korneev/Desktop/water-regime-gis/outputs/imagery/sp/SP_1_10/2026-07-19/sentinel_analysis.tif (AOI clouds 0.0%)
OK sp/SP_1_10/2026-08-10: /Users/korneev/Desktop/water-regime-gis/outputs/imagery/sp/SP_1_10/2026-08-10/sentinel_analysis.tif (AOI clouds 0.0%)
OK sp/SP_1_11/2026-04-22: /Users/korneev/Desktop/water-regime-gis/outputs/imagery/sp/SP_1_11/2026-04-22/sentinel_analysis.tif (AOI clouds 0.0%)
OK sp/SP_1_11/2026-05-05: /Users/korneev/Desktop/water-regime-gis/outputs/imagery/sp/SP_1_11/2026-05-05/sentinel_analysis.tif (AOI clouds 0.0%)
OK sp/SP_1_11/2026-05-07: /Users/korneev/Desktop/water-regime-gis/outputs/imagery/sp/SP_1_11/2026-05-07/sentinel_analysis.tif (AOI clouds 0.0%)
OK sp/SP_1_11/2026-05-20: /Users/korneev/Desktop/water-regime-gis/outputs/imagery/sp/SP_1_11/2026-05-20/sentinel_analysis.tif (AOI clouds 0.0%)
OK sp/SP_1_11/2026-05-22: /Users/korneev/Desktop/water-regime-gis/outputs/imagery/sp/SP_1_11/2026-05-22/sentinel_analysis.tif (AOI clouds 0.0%)
OK sp/SP_1_11/2026-06-11: /Users/korneev/Desktop/water-regime-gis/outputs/imagery/sp/SP_1_11/2026-06-11/sentinel_analysis.tif (AOI clouds 34.2%)
OK sp/SP_1_11/2026-07-19: /Users/korneev/Desktop/water-regime-gis/outputs/imagery/sp/SP_1_11/2026-07-19/sentinel_analysis.tif (AOI clouds 0.0%)
OK sp/SP_1_11/2026-08-10: /Users/korneev/Desktop/water-regime-gis/outputs/imagery/sp/SP_1_11/2026-08-10/sentinel_analysis.tif (AOI clouds 21.9%)
OK sp/SP_1_2/2026-04-22: /Users/korneev/Desktop/water-regime-gis/outputs/imagery/sp/SP_1_2/2026-04-22/sentinel_analysis.tif (AOI clouds 0.0%)
OK sp/SP_1_2/2026-05-05: /Users/korneev/Desktop/water-regime-gis/outputs/imagery/sp/SP_1_2/2026-05-05/sentinel_analysis.tif (AOI clouds 2.8%)
OK sp/SP_1_2/2026-05-20: /Users/korneev/Desktop/water-regime-gis/outputs/imagery/sp/SP_1_2/2026-05-20/sentinel_analysis.tif (AOI clouds 0.0%)
OK sp/SP_1_2/2026-05-22: /Users/korneev/Desktop/water-regime-gis/outputs/imagery/sp/SP_1_2/2026-05-22/sentinel_analysis.tif (AOI clouds 0.0%)
OK sp/SP_1_2/2026-06-11: /Users/korneev/Desktop/water-regime-gis/outputs/imagery/sp/SP_1_2/2026-06-11/sentinel_analysis.tif (AOI clouds 0.0%)
OK sp/SP_1_2/2026-07-19: /Users/korneev/Desktop/water-regime-gis/outputs/imagery/sp/SP_1_2/2026-07-19/sentinel_analysis.tif (AOI clouds 0.0%)
OK sp/SP_1_2/2026-08-10: /Users/korneev/Desktop/water-regime-gis/outputs/imagery/sp/SP_1_2/2026-08-10/sentinel_analysis.tif (AOI clouds 0.0%)
OK sp/SP_1_3/2026-04-22: /Users/korneev/Desktop/water-regime-gis/outputs/imagery/sp/SP_1_3/2026-04-22/sentinel_analysis.tif (AOI clouds 0.0%)
OK sp/SP_1_3/2026-05-05: /Users/korneev/Desktop/water-regime-gis/outputs/imagery/sp/SP_1_3/2026-05-05/sentinel_analysis.tif (AOI clouds 0.0%)
OK sp/SP_1_3/2026-05-07: /Users/korneev/Desktop/water-regime-gis/outputs/imagery/sp/SP_1_3/2026-05-07/sentinel_analysis.tif (AOI clouds 0.0%)
OK sp/SP_1_3/2026-05-20: /Users/korneev/Desktop/water-regime-gis/outputs/imagery/sp/SP_1_3/2026-05-20/sentinel_analysis.tif (AOI clouds 0.0%)
OK sp/SP_1_3/2026-05-22: /Users/korneev/Desktop/water-regime-gis/outputs/imagery/sp/SP_1_3/2026-05-22/sentinel_analysis.tif (AOI clouds 0.0%)
OK sp/SP_1_3/2026-06-11: /Users/korneev/Desktop/water-regime-gis/outputs/imagery/sp/SP_1_3/2026-06-11/sentinel_analysis.tif (AOI clouds 21.8%)
OK sp/SP_1_3/2026-07-19: /Users/korneev/Desktop/water-regime-gis/outputs/imagery/sp/SP_1_3/2026-07-19/sentinel_analysis.tif (AOI clouds 0.0%)
OK sp/SP_1_3/2026-08-10: /Users/korneev/Desktop/water-regime-gis/outputs/imagery/sp/SP_1_3/2026-08-10/sentinel_analysis.tif (AOI clouds 0.0%)
OK sp/SP_1_4/2026-04-22: /Users/korneev/Desktop/water-regime-gis/outputs/imagery/sp/SP_1_4/2026-04-22/sentinel_analysis.tif (AOI clouds 0.0%)
OK sp/SP_1_4/2026-05-05: /Users/korneev/Desktop/water-regime-gis/outputs/imagery/sp/SP_1_4/2026-05-05/sentinel_analysis.tif (AOI clouds 0.0%)
OK sp/SP_1_4/2026-05-20: /Users/korneev/Desktop/water-regime-gis/outputs/imagery/sp/SP_1_4/2026-05-20/sentinel_analysis.tif (AOI clouds 0.0%)
OK sp/SP_1_4/2026-05-22: /Users/korneev/Desktop/water-regime-gis/outputs/imagery/sp/SP_1_4/2026-05-22/sentinel_analysis.tif (AOI clouds 0.0%)
OK sp/SP_1_4/2026-06-11: /Users/korneev/Desktop/water-regime-gis/outputs/imagery/sp/SP_1_4/2026-06-11/sentinel_analysis.tif (AOI clouds 34.6%)
OK sp/SP_1_4/2026-07-19: /Users/korneev/Desktop/water-regime-gis/outputs/imagery/sp/SP_1_4/2026-07-19/sentinel_analysis.tif (AOI clouds 0.0%)
OK sp/SP_1_4/2026-08-10: /Users/korneev/Desktop/water-regime-gis/outputs/imagery/sp/SP_1_4/2026-08-10/sentinel_analysis.tif (AOI clouds 0.0%)
OK sp/SP_1_5/2026-04-22: /Users/korneev/Desktop/water-regime-gis/outputs/imagery/sp/SP_1_5/2026-04-22/sentinel_analysis.tif (AOI clouds 0.0%)
OK sp/SP_1_5/2026-05-05: /Users/korneev/Desktop/water-regime-gis/outputs/imagery/sp/SP_1_5/2026-05-05/sentinel_analysis.tif (AOI clouds 0.0%)
OK sp/SP_1_5/2026-05-07: /Users/korneev/Desktop/water-regime-gis/outputs/imagery/sp/SP_1_5/2026-05-07/sentinel_analysis.tif (AOI clouds 0.0%)
OK sp/SP_1_5/2026-05-20: /Users/korneev/Desktop/water-regime-gis/outputs/imagery/sp/SP_1_5/2026-05-20/sentinel_analysis.tif (AOI clouds 0.0%)
OK sp/SP_1_5/2026-05-22: /Users/korneev/Desktop/water-regime-gis/outputs/imagery/sp/SP_1_5/2026-05-22/sentinel_analysis.tif (AOI clouds 0.0%)
OK sp/SP_1_5/2026-06-11: /Users/korneev/Desktop/water-regime-gis/outputs/imagery/sp/SP_1_5/2026-06-11/sentinel_analysis.tif (AOI clouds 0.0%)
OK sp/SP_1_5/2026-07-19: /Users/korneev/Desktop/water-regime-gis/outputs/imagery/sp/SP_1_5/2026-07-19/sentinel_analysis.tif (AOI clouds 0.0%)
OK sp/SP_1_5/2026-08-10: /Users/korneev/Desktop/water-regime-gis/outputs/imagery/sp/SP_1_5/2026-08-10/sentinel_analysis.tif (AOI clouds 0.0%)
OK sp/SP_1_6/2026-04-22: /Users/korneev/Desktop/water-regime-gis/outputs/imagery/sp/SP_1_6/2026-04-22/sentinel_analysis.tif (AOI clouds 0.0%)
OK sp/SP_1_6/2026-05-05: /Users/korneev/Desktop/water-regime-gis/outputs/imagery/sp/SP_1_6/2026-05-05/sentinel_analysis.tif (AOI clouds 0.0%)
OK sp/SP_1_6/2026-05-07: /Users/korneev/Desktop/water-regime-gis/outputs/imagery/sp/SP_1_6/2026-05-07/sentinel_analysis.tif (AOI clouds 0.0%)
OK sp/SP_1_6/2026-05-17: /Users/korneev/Desktop/water-regime-gis/outputs/imagery/sp/SP_1_6/2026-05-17/sentinel_analysis.tif (AOI clouds 100.0%)
OK sp/SP_1_6/2026-05-20: /Users/korneev/Desktop/water-regime-gis/outputs/imagery/sp/SP_1_6/2026-05-20/sentinel_analysis.tif (AOI clouds 0.0%)
OK sp/SP_1_6/2026-05-22: /Users/korneev/Desktop/water-regime-gis/outputs/imagery/sp/SP_1_6/2026-05-22/sentinel_analysis.tif (AOI clouds 0.0%)
Warning 1: Value 0 in the source dataset has been changed to 1 in the destination dataset to avoid being treated as NoData. To avoid this, select a different NoData value for the destination dataset.
Warning 1: Value 0 in the source dataset has been changed to 1 in the destination dataset to avoid being treated as NoData. To avoid this, select a different NoData value for the destination dataset.
Warning 1: Value 0 in the source dataset has been changed to 1 in the destination dataset to avoid being treated as NoData. To avoid this, select a different NoData value for the destination dataset.
Warning 1: Value 0 in the source dataset has been changed to 1 in the destination dataset to avoid being treated as NoData. To avoid this, select a different NoData value for the destination dataset.
Warning 1: Value 0 in the source dataset has been changed to 1 in the destination dataset to avoid being treated as NoData. To avoid this, select a different NoData value for the destination dataset.
Warning 1: Value 0 in the source dataset has been changed to 1 in the destination dataset to avoid being treated as NoData. To avoid this, select a different NoData value for the destination dataset.
Warning 1: Value 0 in the source dataset has been changed to 1 in the destination dataset to avoid being treated as NoData. To avoid this, select a different NoData value for the destination dataset.
Warning 1: Value 0 in the source dataset has been changed to 1 in the destination dataset to avoid being treated as NoData. To avoid this, select a different NoData value for the destination dataset.
OK sp/SP_1_6/2026-06-06: /Users/korneev/Desktop/water-regime-gis/outputs/imagery/sp/SP_1_6/2026-06-06/sentinel_analysis.tif (AOI clouds 0.0%)
OK sp/SP_1_6/2026-06-11: /Users/korneev/Desktop/water-regime-gis/outputs/imagery/sp/SP_1_6/2026-06-11/sentinel_analysis.tif (AOI clouds 0.0%)
OK sp/SP_1_6/2026-07-19: /Users/korneev/Desktop/water-regime-gis/outputs/imagery/sp/SP_1_6/2026-07-19/sentinel_analysis.tif (AOI clouds 0.0%)
OK sp/SP_1_6/2026-08-10: /Users/korneev/Desktop/water-regime-gis/outputs/imagery/sp/SP_1_6/2026-08-10/sentinel_analysis.tif (AOI clouds 0.0%)
OK sp/SP_1_7/2026-04-22: /Users/korneev/Desktop/water-regime-gis/outputs/imagery/sp/SP_1_7/2026-04-22/sentinel_analysis.tif (AOI clouds 0.0%)
OK sp/SP_1_7/2026-05-05: /Users/korneev/Desktop/water-regime-gis/outputs/imagery/sp/SP_1_7/2026-05-05/sentinel_analysis.tif (AOI clouds 0.0%)
OK sp/SP_1_7/2026-05-07: /Users/korneev/Desktop/water-regime-gis/outputs/imagery/sp/SP_1_7/2026-05-07/sentinel_analysis.tif (AOI clouds 0.0%)
OK sp/SP_1_7/2026-05-17: /Users/korneev/Desktop/water-regime-gis/outputs/imagery/sp/SP_1_7/2026-05-17/sentinel_analysis.tif (AOI clouds 0.0%)
OK sp/SP_1_7/2026-05-20: /Users/korneev/Desktop/water-regime-gis/outputs/imagery/sp/SP_1_7/2026-05-20/sentinel_analysis.tif (AOI clouds 0.0%)
OK sp/SP_1_7/2026-05-22: /Users/korneev/Desktop/water-regime-gis/outputs/imagery/sp/SP_1_7/2026-05-22/sentinel_analysis.tif (AOI clouds 100.0%)
Warning 1: Value 0 in the source dataset has been changed to 1 in the destination dataset to avoid being treated as NoData. To avoid this, select a different NoData value for the destination dataset.
Warning 1: Value 0 in the source dataset has been changed to 1 in the destination dataset to avoid being treated as NoData. To avoid this, select a different NoData value for the destination dataset.
Warning 1: Value 0 in the source dataset has been changed to 1 in the destination dataset to avoid being treated as NoData. To avoid this, select a different NoData value for the destination dataset.
Warning 1: Value 0 in the source dataset has been changed to 1 in the destination dataset to avoid being treated as NoData. To avoid this, select a different NoData value for the destination dataset.
Warning 1: Value 0 in the source dataset has been changed to 1 in the destination dataset to avoid being treated as NoData. To avoid this, select a different NoData value for the destination dataset.
Warning 1: Value 0 in the source dataset has been changed to 1 in the destination dataset to avoid being treated as NoData. To avoid this, select a different NoData value for the destination dataset.
Warning 1: Value 0 in the source dataset has been changed to 1 in the destination dataset to avoid being treated as NoData. To avoid this, select a different NoData value for the destination dataset.
Warning 1: Value 0 in the source dataset has been changed to 1 in the destination dataset to avoid being treated as NoData. To avoid this, select a different NoData value for the destination dataset.
OK sp/SP_1_7/2026-06-06: /Users/korneev/Desktop/water-regime-gis/outputs/imagery/sp/SP_1_7/2026-06-06/sentinel_analysis.tif (AOI clouds 0.0%)
Warning 1: Value 0 in the source dataset has been changed to 1 in the destination dataset to avoid being treated as NoData. To avoid this, select a different NoData value for the destination dataset.
Warning 1: Value 0 in the source dataset has been changed to 1 in the destination dataset to avoid being treated as NoData. To avoid this, select a different NoData value for the destination dataset.
Warning 1: Value 0 in the source dataset has been changed to 1 in the destination dataset to avoid being treated as NoData. To avoid this, select a different NoData value for the destination dataset.
Warning 1: Value 0 in the source dataset has been changed to 1 in the destination dataset to avoid being treated as NoData. To avoid this, select a different NoData value for the destination dataset.
Warning 1: Value 0 in the source dataset has been changed to 1 in the destination dataset to avoid being treated as NoData. To avoid this, select a different NoData value for the destination dataset.
Warning 1: Value 0 in the source dataset has been changed to 1 in the destination dataset to avoid being treated as NoData. To avoid this, select a different NoData value for the destination dataset.
Warning 1: Value 0 in the source dataset has been changed to 1 in the destination dataset to avoid being treated as NoData. To avoid this, select a different NoData value for the destination dataset.
Warning 1: Value 0 in the source dataset has been changed to 1 in the destination dataset to avoid being treated as NoData. To avoid this, select a different NoData value for the destination dataset.
OK sp/SP_1_7/2026-06-08: /Users/korneev/Desktop/water-regime-gis/outputs/imagery/sp/SP_1_7/2026-06-08/sentinel_analysis.tif (AOI clouds 0.0%)
Warning 1: Value 0 in the source dataset has been changed to 1 in the destination dataset to avoid being treated as NoData. To avoid this, select a different NoData value for the destination dataset.
Warning 1: Value 0 in the source dataset has been changed to 1 in the destination dataset to avoid being treated as NoData. To avoid this, select a different NoData value for the destination dataset.
Warning 1: Value 0 in the source dataset has been changed to 1 in the destination dataset to avoid being treated as NoData. To avoid this, select a different NoData value for the destination dataset.
Warning 1: Value 0 in the source dataset has been changed to 1 in the destination dataset to avoid being treated as NoData. To avoid this, select a different NoData value for the destination dataset.
Warning 1: Value 0 in the source dataset has been changed to 1 in the destination dataset to avoid being treated as NoData. To avoid this, select a different NoData value for the destination dataset.
Warning 1: Value 0 in the source dataset has been changed to 1 in the destination dataset to avoid being treated as NoData. To avoid this, select a different NoData value for the destination dataset.
Warning 1: Value 0 in the source dataset has been changed to 1 in the destination dataset to avoid being treated as NoData. To avoid this, select a different NoData value for the destination dataset.
Warning 1: Value 0 in the source dataset has been changed to 1 in the destination dataset to avoid being treated as NoData. To avoid this, select a different NoData value for the destination dataset.
OK sp/SP_1_7/2026-06-11: /Users/korneev/Desktop/water-regime-gis/outputs/imagery/sp/SP_1_7/2026-06-11/sentinel_analysis.tif (AOI clouds 0.0%)
OK sp/SP_1_7/2026-07-19: /Users/korneev/Desktop/water-regime-gis/outputs/imagery/sp/SP_1_7/2026-07-19/sentinel_analysis.tif (AOI clouds 0.0%)
Warning 1: Value 0 in the source dataset has been changed to 1 in the destination dataset to avoid being treated as NoData. To avoid this, select a different NoData value for the destination dataset.
Warning 1: Value 0 in the source dataset has been changed to 1 in the destination dataset to avoid being treated as NoData. To avoid this, select a different NoData value for the destination dataset.
Warning 1: Value 0 in the source dataset has been changed to 1 in the destination dataset to avoid being treated as NoData. To avoid this, select a different NoData value for the destination dataset.
Warning 1: Value 0 in the source dataset has been changed to 1 in the destination dataset to avoid being treated as NoData. To avoid this, select a different NoData value for the destination dataset.
Warning 1: Value 0 in the source dataset has been changed to 1 in the destination dataset to avoid being treated as NoData. To avoid this, select a different NoData value for the destination dataset.
Warning 1: Value 0 in the source dataset has been changed to 1 in the destination dataset to avoid being treated as NoData. To avoid this, select a different NoData value for the destination dataset.
Warning 1: Value 0 in the source dataset has been changed to 1 in the destination dataset to avoid being treated as NoData. To avoid this, select a different NoData value for the destination dataset.
Warning 1: Value 0 in the source dataset has been changed to 1 in the destination dataset to avoid being treated as NoData. To avoid this, select a different NoData value for the destination dataset.
OK sp/SP_1_7/2026-07-28: /Users/korneev/Desktop/water-regime-gis/outputs/imagery/sp/SP_1_7/2026-07-28/sentinel_analysis.tif (AOI clouds 40.3%)
Warning 1: Value 0 in the source dataset has been changed to 1 in the destination dataset to avoid being treated as NoData. To avoid this, select a different NoData value for the destination dataset.
Warning 1: Value 0 in the source dataset has been changed to 1 in the destination dataset to avoid being treated as NoData. To avoid this, select a different NoData value for the destination dataset.
Warning 1: Value 0 in the source dataset has been changed to 1 in the destination dataset to avoid being treated as NoData. To avoid this, select a different NoData value for the destination dataset.
Warning 1: Value 0 in the source dataset has been changed to 1 in the destination dataset to avoid being treated as NoData. To avoid this, select a different NoData value for the destination dataset.
Warning 1: Value 0 in the source dataset has been changed to 1 in the destination dataset to avoid being treated as NoData. To avoid this, select a different NoData value for the destination dataset.
Warning 1: Value 0 in the source dataset has been changed to 1 in the destination dataset to avoid being treated as NoData. To avoid this, select a different NoData value for the destination dataset.
Warning 1: Value 0 in the source dataset has been changed to 1 in the destination dataset to avoid being treated as NoData. To avoid this, select a different NoData value for the destination dataset.
Warning 1: Value 0 in the source dataset has been changed to 1 in the destination dataset to avoid being treated as NoData. To avoid this, select a different NoData value for the destination dataset.
OK sp/SP_1_7/2026-08-10: /Users/korneev/Desktop/water-regime-gis/outputs/imagery/sp/SP_1_7/2026-08-10/sentinel_analysis.tif (AOI clouds 0.0%)
OK sp/SP_1_8/2026-04-22: /Users/korneev/Desktop/water-regime-gis/outputs/imagery/sp/SP_1_8/2026-04-22/sentinel_analysis.tif (AOI clouds 0.0%)
OK sp/SP_1_8/2026-05-05: /Users/korneev/Desktop/water-regime-gis/outputs/imagery/sp/SP_1_8/2026-05-05/sentinel_analysis.tif (AOI clouds 0.0%)
OK sp/SP_1_8/2026-05-07: /Users/korneev/Desktop/water-regime-gis/outputs/imagery/sp/SP_1_8/2026-05-07/sentinel_analysis.tif (AOI clouds 0.0%)
OK sp/SP_1_8/2026-05-17: /Users/korneev/Desktop/water-regime-gis/outputs/imagery/sp/SP_1_8/2026-05-17/sentinel_analysis.tif (AOI clouds 0.0%)
OK sp/SP_1_8/2026-05-20: /Users/korneev/Desktop/water-regime-gis/outputs/imagery/sp/SP_1_8/2026-05-20/sentinel_analysis.tif (AOI clouds 0.0%)
OK sp/SP_1_8/2026-05-22: /Users/korneev/Desktop/water-regime-gis/outputs/imagery/sp/SP_1_8/2026-05-22/sentinel_analysis.tif (AOI clouds 0.0%)
Warning 1: Value 0 in the source dataset has been changed to 1 in the destination dataset to avoid being treated as NoData. To avoid this, select a different NoData value for the destination dataset.
Warning 1: Value 0 in the source dataset has been changed to 1 in the destination dataset to avoid being treated as NoData. To avoid this, select a different NoData value for the destination dataset.
Warning 1: Value 0 in the source dataset has been changed to 1 in the destination dataset to avoid being treated as NoData. To avoid this, select a different NoData value for the destination dataset.
Warning 1: Value 0 in the source dataset has been changed to 1 in the destination dataset to avoid being treated as NoData. To avoid this, select a different NoData value for the destination dataset.
Warning 1: Value 0 in the source dataset has been changed to 1 in the destination dataset to avoid being treated as NoData. To avoid this, select a different NoData value for the destination dataset.
Warning 1: Value 0 in the source dataset has been changed to 1 in the destination dataset to avoid being treated as NoData. To avoid this, select a different NoData value for the destination dataset.
Warning 1: Value 0 in the source dataset has been changed to 1 in the destination dataset to avoid being treated as NoData. To avoid this, select a different NoData value for the destination dataset.
Warning 1: Value 0 in the source dataset has been changed to 1 in the destination dataset to avoid being treated as NoData. To avoid this, select a different NoData value for the destination dataset.
OK sp/SP_1_8/2026-06-06: /Users/korneev/Desktop/water-regime-gis/outputs/imagery/sp/SP_1_8/2026-06-06/sentinel_analysis.tif (AOI clouds 0.0%)
Warning 1: Value 0 in the source dataset has been changed to 1 in the destination dataset to avoid being treated as NoData. To avoid this, select a different NoData value for the destination dataset.
Warning 1: Value 0 in the source dataset has been changed to 1 in the destination dataset to avoid being treated as NoData. To avoid this, select a different NoData value for the destination dataset.
Warning 1: Value 0 in the source dataset has been changed to 1 in the destination dataset to avoid being treated as NoData. To avoid this, select a different NoData value for the destination dataset.
Warning 1: Value 0 in the source dataset has been changed to 1 in the destination dataset to avoid being treated as NoData. To avoid this, select a different NoData value for the destination dataset.
Warning 1: Value 0 in the source dataset has been changed to 1 in the destination dataset to avoid being treated as NoData. To avoid this, select a different NoData value for the destination dataset.
Warning 1: Value 0 in the source dataset has been changed to 1 in the destination dataset to avoid being treated as NoData. To avoid this, select a different NoData value for the destination dataset.
Warning 1: Value 0 in the source dataset has been changed to 1 in the destination dataset to avoid being treated as NoData. To avoid this, select a different NoData value for the destination dataset.
Warning 1: Value 0 in the source dataset has been changed to 1 in the destination dataset to avoid being treated as NoData. To avoid this, select a different NoData value for the destination dataset.
OK sp/SP_1_8/2026-06-08: /Users/korneev/Desktop/water-regime-gis/outputs/imagery/sp/SP_1_8/2026-06-08/sentinel_analysis.tif (AOI clouds 0.0%)
Warning 1: Value 0 in the source dataset has been changed to 1 in the destination dataset to avoid being treated as NoData. To avoid this, select a different NoData value for the destination dataset.
Warning 1: Value 0 in the source dataset has been changed to 1 in the destination dataset to avoid being treated as NoData. To avoid this, select a different NoData value for the destination dataset.
Warning 1: Value 0 in the source dataset has been changed to 1 in the destination dataset to avoid being treated as NoData. To avoid this, select a different NoData value for the destination dataset.
Warning 1: Value 0 in the source dataset has been changed to 1 in the destination dataset to avoid being treated as NoData. To avoid this, select a different NoData value for the destination dataset.
Warning 1: Value 0 in the source dataset has been changed to 1 in the destination dataset to avoid being treated as NoData. To avoid this, select a different NoData value for the destination dataset.
Warning 1: Value 0 in the source dataset has been changed to 1 in the destination dataset to avoid being treated as NoData. To avoid this, select a different NoData value for the destination dataset.
Warning 1: Value 0 in the source dataset has been changed to 1 in the destination dataset to avoid being treated as NoData. To avoid this, select a different NoData value for the destination dataset.
Warning 1: Value 0 in the source dataset has been changed to 1 in the destination dataset to avoid being treated as NoData. To avoid this, select a different NoData value for the destination dataset.
OK sp/SP_1_8/2026-06-11: /Users/korneev/Desktop/water-regime-gis/outputs/imagery/sp/SP_1_8/2026-06-11/sentinel_analysis.tif (AOI clouds 0.0%)
OK sp/SP_1_8/2026-07-19: /Users/korneev/Desktop/water-regime-gis/outputs/imagery/sp/SP_1_8/2026-07-19/sentinel_analysis.tif (AOI clouds 0.0%)
Warning 1: Value 0 in the source dataset has been changed to 1 in the destination dataset to avoid being treated as NoData. To avoid this, select a different NoData value for the destination dataset.
Warning 1: Value 0 in the source dataset has been changed to 1 in the destination dataset to avoid being treated as NoData. To avoid this, select a different NoData value for the destination dataset.
Warning 1: Value 0 in the source dataset has been changed to 1 in the destination dataset to avoid being treated as NoData. To avoid this, select a different NoData value for the destination dataset.
Warning 1: Value 0 in the source dataset has been changed to 1 in the destination dataset to avoid being treated as NoData. To avoid this, select a different NoData value for the destination dataset.
Warning 1: Value 0 in the source dataset has been changed to 1 in the destination dataset to avoid being treated as NoData. To avoid this, select a different NoData value for the destination dataset.
Warning 1: Value 0 in the source dataset has been changed to 1 in the destination dataset to avoid being treated as NoData. To avoid this, select a different NoData value for the destination dataset.
Warning 1: Value 0 in the source dataset has been changed to 1 in the destination dataset to avoid being treated as NoData. To avoid this, select a different NoData value for the destination dataset.
Warning 1: Value 0 in the source dataset has been changed to 1 in the destination dataset to avoid being treated as NoData. To avoid this, select a different NoData value for the destination dataset.
OK sp/SP_1_8/2026-07-28: /Users/korneev/Desktop/water-regime-gis/outputs/imagery/sp/SP_1_8/2026-07-28/sentinel_analysis.tif (AOI clouds 81.6%)
Warning 1: Value 0 in the source dataset has been changed to 1 in the destination dataset to avoid being treated as NoData. To avoid this, select a different NoData value for the destination dataset.
Warning 1: Value 0 in the source dataset has been changed to 1 in the destination dataset to avoid being treated as NoData. To avoid this, select a different NoData value for the destination dataset.
Warning 1: Value 0 in the source dataset has been changed to 1 in the destination dataset to avoid being treated as NoData. To avoid this, select a different NoData value for the destination dataset.
Warning 1: Value 0 in the source dataset has been changed to 1 in the destination dataset to avoid being treated as NoData. To avoid this, select a different NoData value for the destination dataset.
Warning 1: Value 0 in the source dataset has been changed to 1 in the destination dataset to avoid being treated as NoData. To avoid this, select a different NoData value for the destination dataset.
Warning 1: Value 0 in the source dataset has been changed to 1 in the destination dataset to avoid being treated as NoData. To avoid this, select a different NoData value for the destination dataset.
Warning 1: Value 0 in the source dataset has been changed to 1 in the destination dataset to avoid being treated as NoData. To avoid this, select a different NoData value for the destination dataset.
Warning 1: Value 0 in the source dataset has been changed to 1 in the destination dataset to avoid being treated as NoData. To avoid this, select a different NoData value for the destination dataset.
OK sp/SP_1_8/2026-08-10: /Users/korneev/Desktop/water-regime-gis/outputs/imagery/sp/SP_1_8/2026-08-10/sentinel_analysis.tif (AOI clouds 0.0%)
OK sp/SP_1_9/2026-04-22: /Users/korneev/Desktop/water-regime-gis/outputs/imagery/sp/SP_1_9/2026-04-22/sentinel_analysis.tif (AOI clouds 0.0%)
OK sp/SP_1_9/2026-05-05: /Users/korneev/Desktop/water-regime-gis/outputs/imagery/sp/SP_1_9/2026-05-05/sentinel_analysis.tif (AOI clouds 0.0%)
OK sp/SP_1_9/2026-05-07: /Users/korneev/Desktop/water-regime-gis/outputs/imagery/sp/SP_1_9/2026-05-07/sentinel_analysis.tif (AOI clouds 0.0%)
OK sp/SP_1_9/2026-05-17: /Users/korneev/Desktop/water-regime-gis/outputs/imagery/sp/SP_1_9/2026-05-17/sentinel_analysis.tif (AOI clouds 0.0%)
OK sp/SP_1_9/2026-05-20: /Users/korneev/Desktop/water-regime-gis/outputs/imagery/sp/SP_1_9/2026-05-20/sentinel_analysis.tif (AOI clouds 0.0%)
OK sp/SP_1_9/2026-05-22: /Users/korneev/Desktop/water-regime-gis/outputs/imagery/sp/SP_1_9/2026-05-22/sentinel_analysis.tif (AOI clouds 0.0%)
Warning 1: Value 0 in the source dataset has been changed to 1 in the destination dataset to avoid being treated as NoData. To avoid this, select a different NoData value for the destination dataset.
Warning 1: Value 0 in the source dataset has been changed to 1 in the destination dataset to avoid being treated as NoData. To avoid this, select a different NoData value for the destination dataset.
Warning 1: Value 0 in the source dataset has been changed to 1 in the destination dataset to avoid being treated as NoData. To avoid this, select a different NoData value for the destination dataset.
Warning 1: Value 0 in the source dataset has been changed to 1 in the destination dataset to avoid being treated as NoData. To avoid this, select a different NoData value for the destination dataset.
Warning 1: Value 0 in the source dataset has been changed to 1 in the destination dataset to avoid being treated as NoData. To avoid this, select a different NoData value for the destination dataset.
Warning 1: Value 0 in the source dataset has been changed to 1 in the destination dataset to avoid being treated as NoData. To avoid this, select a different NoData value for the destination dataset.
Warning 1: Value 0 in the source dataset has been changed to 1 in the destination dataset to avoid being treated as NoData. To avoid this, select a different NoData value for the destination dataset.
Warning 1: Value 0 in the source dataset has been changed to 1 in the destination dataset to avoid being treated as NoData. To avoid this, select a different NoData value for the destination dataset.
OK sp/SP_1_9/2026-06-06: /Users/korneev/Desktop/water-regime-gis/outputs/imagery/sp/SP_1_9/2026-06-06/sentinel_analysis.tif (AOI clouds 0.0%)
OK sp/SP_1_9/2026-06-11: /Users/korneev/Desktop/water-regime-gis/outputs/imagery/sp/SP_1_9/2026-06-11/sentinel_analysis.tif (AOI clouds 41.7%)
OK sp/SP_1_9/2026-07-19: /Users/korneev/Desktop/water-regime-gis/outputs/imagery/sp/SP_1_9/2026-07-19/sentinel_analysis.tif (AOI clouds 0.0%)
OK sp/SP_1_9/2026-08-10: /Users/korneev/Desktop/water-regime-gis/outputs/imagery/sp/SP_1_9/2026-08-10/sentinel_analysis.tif (AOI clouds 18.5%)
OK sp/SP_2_1/2026-04-22: /Users/korneev/Desktop/water-regime-gis/outputs/imagery/sp/SP_2_1/2026-04-22/sentinel_analysis.tif (AOI clouds 0.0%)
OK sp/SP_2_1/2026-05-05: /Users/korneev/Desktop/water-regime-gis/outputs/imagery/sp/SP_2_1/2026-05-05/sentinel_analysis.tif (AOI clouds 0.0%)
OK sp/SP_2_1/2026-05-07: /Users/korneev/Desktop/water-regime-gis/outputs/imagery/sp/SP_2_1/2026-05-07/sentinel_analysis.tif (AOI clouds 0.0%)
OK sp/SP_2_1/2026-05-17: /Users/korneev/Desktop/water-regime-gis/outputs/imagery/sp/SP_2_1/2026-05-17/sentinel_analysis.tif (AOI clouds 100.0%)
OK sp/SP_2_1/2026-05-20: /Users/korneev/Desktop/water-regime-gis/outputs/imagery/sp/SP_2_1/2026-05-20/sentinel_analysis.tif (AOI clouds 0.0%)
OK sp/SP_2_1/2026-05-22: /Users/korneev/Desktop/water-regime-gis/outputs/imagery/sp/SP_2_1/2026-05-22/sentinel_analysis.tif (AOI clouds 0.0%)
OK sp/SP_2_1/2026-06-09: /Users/korneev/Desktop/water-regime-gis/outputs/imagery/sp/SP_2_1/2026-06-09/sentinel_analysis.tif (AOI clouds 100.0%)
OK sp/SP_2_1/2026-06-11: /Users/korneev/Desktop/water-regime-gis/outputs/imagery/sp/SP_2_1/2026-06-11/sentinel_analysis.tif (AOI clouds 0.0%)
OK sp/SP_2_1/2026-07-14: /Users/korneev/Desktop/water-regime-gis/outputs/imagery/sp/SP_2_1/2026-07-14/sentinel_analysis.tif (AOI clouds 100.0%)
OK sp/SP_2_1/2026-07-19: /Users/korneev/Desktop/water-regime-gis/outputs/imagery/sp/SP_2_1/2026-07-19/sentinel_analysis.tif (AOI clouds 0.0%)
OK sp/SP_2_1/2026-07-31: /Users/korneev/Desktop/water-regime-gis/outputs/imagery/sp/SP_2_1/2026-07-31/sentinel_analysis.tif (AOI clouds 9.8%)
OK sp/SP_2_1/2026-08-10: /Users/korneev/Desktop/water-regime-gis/outputs/imagery/sp/SP_2_1/2026-08-10/sentinel_analysis.tif (AOI clouds 41.7%)
OK sp/SP_2_2/2026-04-22: /Users/korneev/Desktop/water-regime-gis/outputs/imagery/sp/SP_2_2/2026-04-22/sentinel_analysis.tif (AOI clouds 0.0%)
OK sp/SP_2_2/2026-05-05: /Users/korneev/Desktop/water-regime-gis/outputs/imagery/sp/SP_2_2/2026-05-05/sentinel_analysis.tif (AOI clouds 0.0%)
OK sp/SP_2_2/2026-05-07: /Users/korneev/Desktop/water-regime-gis/outputs/imagery/sp/SP_2_2/2026-05-07/sentinel_analysis.tif (AOI clouds 100.0%)
OK sp/SP_2_2/2026-05-20: /Users/korneev/Desktop/water-regime-gis/outputs/imagery/sp/SP_2_2/2026-05-20/sentinel_analysis.tif (AOI clouds 0.0%)
OK sp/SP_2_2/2026-05-22: /Users/korneev/Desktop/water-regime-gis/outputs/imagery/sp/SP_2_2/2026-05-22/sentinel_analysis.tif (AOI clouds 0.0%)
OK sp/SP_2_2/2026-06-09: /Users/korneev/Desktop/water-regime-gis/outputs/imagery/sp/SP_2_2/2026-06-09/sentinel_analysis.tif (AOI clouds 100.0%)
OK sp/SP_2_2/2026-06-11: /Users/korneev/Desktop/water-regime-gis/outputs/imagery/sp/SP_2_2/2026-06-11/sentinel_analysis.tif (AOI clouds 0.0%)
OK sp/SP_2_2/2026-07-14: /Users/korneev/Desktop/water-regime-gis/outputs/imagery/sp/SP_2_2/2026-07-14/sentinel_analysis.tif (AOI clouds 92.1%)
OK sp/SP_2_2/2026-07-19: /Users/korneev/Desktop/water-regime-gis/outputs/imagery/sp/SP_2_2/2026-07-19/sentinel_analysis.tif (AOI clouds 0.0%)
OK sp/SP_2_2/2026-07-31: /Users/korneev/Desktop/water-regime-gis/outputs/imagery/sp/SP_2_2/2026-07-31/sentinel_analysis.tif (AOI clouds 65.1%)
OK sp/SP_2_2/2026-08-10: /Users/korneev/Desktop/water-regime-gis/outputs/imagery/sp/SP_2_2/2026-08-10/sentinel_analysis.tif (AOI clouds 9.6%)
OK sp/SP_2_3/2026-04-22: /Users/korneev/Desktop/water-regime-gis/outputs/imagery/sp/SP_2_3/2026-04-22/sentinel_analysis.tif (AOI clouds 0.0%)
OK sp/SP_2_3/2026-05-05: /Users/korneev/Desktop/water-regime-gis/outputs/imagery/sp/SP_2_3/2026-05-05/sentinel_analysis.tif (AOI clouds 0.0%)
OK sp/SP_2_3/2026-05-20: /Users/korneev/Desktop/water-regime-gis/outputs/imagery/sp/SP_2_3/2026-05-20/sentinel_analysis.tif (AOI clouds 0.0%)
OK sp/SP_2_3/2026-05-22: /Users/korneev/Desktop/water-regime-gis/outputs/imagery/sp/SP_2_3/2026-05-22/sentinel_analysis.tif (AOI clouds 0.0%)
OK sp/SP_2_3/2026-06-09: /Users/korneev/Desktop/water-regime-gis/outputs/imagery/sp/SP_2_3/2026-06-09/sentinel_analysis.tif (AOI clouds 100.0%)
OK sp/SP_2_3/2026-06-11: /Users/korneev/Desktop/water-regime-gis/outputs/imagery/sp/SP_2_3/2026-06-11/sentinel_analysis.tif (AOI clouds 0.0%)
OK sp/SP_2_3/2026-07-14: /Users/korneev/Desktop/water-regime-gis/outputs/imagery/sp/SP_2_3/2026-07-14/sentinel_analysis.tif (AOI clouds 33.3%)
OK sp/SP_2_3/2026-07-19: /Users/korneev/Desktop/water-regime-gis/outputs/imagery/sp/SP_2_3/2026-07-19/sentinel_analysis.tif (AOI clouds 0.0%)
OK sp/SP_2_3/2026-07-31: /Users/korneev/Desktop/water-regime-gis/outputs/imagery/sp/SP_2_3/2026-07-31/sentinel_analysis.tif (AOI clouds 21.3%)
OK sp/SP_2_3/2026-08-10: /Users/korneev/Desktop/water-regime-gis/outputs/imagery/sp/SP_2_3/2026-08-10/sentinel_analysis.tif (AOI clouds 9.3%)
OK sp/SP_2_4/2026-04-22: /Users/korneev/Desktop/water-regime-gis/outputs/imagery/sp/SP_2_4/2026-04-22/sentinel_analysis.tif (AOI clouds 0.0%)
OK sp/SP_2_4/2026-05-05: /Users/korneev/Desktop/water-regime-gis/outputs/imagery/sp/SP_2_4/2026-05-05/sentinel_analysis.tif (AOI clouds 0.0%)
OK sp/SP_2_4/2026-05-07: /Users/korneev/Desktop/water-regime-gis/outputs/imagery/sp/SP_2_4/2026-05-07/sentinel_analysis.tif (AOI clouds 0.0%)
OK sp/SP_2_4/2026-05-17: /Users/korneev/Desktop/water-regime-gis/outputs/imagery/sp/SP_2_4/2026-05-17/sentinel_analysis.tif (AOI clouds 100.0%)
OK sp/SP_2_4/2026-05-20: /Users/korneev/Desktop/water-regime-gis/outputs/imagery/sp/SP_2_4/2026-05-20/sentinel_analysis.tif (AOI clouds 0.0%)
OK sp/SP_2_4/2026-05-22: /Users/korneev/Desktop/water-regime-gis/outputs/imagery/sp/SP_2_4/2026-05-22/sentinel_analysis.tif (AOI clouds 0.0%)
Warning 1: Value 0 in the source dataset has been changed to 1 in the destination dataset to avoid being treated as NoData. To avoid this, select a different NoData value for the destination dataset.
Warning 1: Value 0 in the source dataset has been changed to 1 in the destination dataset to avoid being treated as NoData. To avoid this, select a different NoData value for the destination dataset.
Warning 1: Value 0 in the source dataset has been changed to 1 in the destination dataset to avoid being treated as NoData. To avoid this, select a different NoData value for the destination dataset.
Warning 1: Value 0 in the source dataset has been changed to 1 in the destination dataset to avoid being treated as NoData. To avoid this, select a different NoData value for the destination dataset.
Warning 1: Value 0 in the source dataset has been changed to 1 in the destination dataset to avoid being treated as NoData. To avoid this, select a different NoData value for the destination dataset.
Warning 1: Value 0 in the source dataset has been changed to 1 in the destination dataset to avoid being treated as NoData. To avoid this, select a different NoData value for the destination dataset.
Warning 1: Value 0 in the source dataset has been changed to 1 in the destination dataset to avoid being treated as NoData. To avoid this, select a different NoData value for the destination dataset.
Warning 1: Value 0 in the source dataset has been changed to 1 in the destination dataset to avoid being treated as NoData. To avoid this, select a different NoData value for the destination dataset.
OK sp/SP_2_4/2026-06-06: /Users/korneev/Desktop/water-regime-gis/outputs/imagery/sp/SP_2_4/2026-06-06/sentinel_analysis.tif (AOI clouds 0.0%)
OK sp/SP_2_4/2026-06-09: /Users/korneev/Desktop/water-regime-gis/outputs/imagery/sp/SP_2_4/2026-06-09/sentinel_analysis.tif (AOI clouds 100.0%)
OK sp/SP_2_4/2026-06-11: /Users/korneev/Desktop/water-regime-gis/outputs/imagery/sp/SP_2_4/2026-06-11/sentinel_analysis.tif (AOI clouds 0.0%)
OK sp/SP_2_4/2026-07-14: /Users/korneev/Desktop/water-regime-gis/outputs/imagery/sp/SP_2_4/2026-07-14/sentinel_analysis.tif (AOI clouds 70.8%)
OK sp/SP_2_4/2026-07-19: /Users/korneev/Desktop/water-regime-gis/outputs/imagery/sp/SP_2_4/2026-07-19/sentinel_analysis.tif (AOI clouds 0.0%)
OK sp/SP_2_4/2026-07-31: /Users/korneev/Desktop/water-regime-gis/outputs/imagery/sp/SP_2_4/2026-07-31/sentinel_analysis.tif (AOI clouds 50.4%)
OK sp/SP_2_4/2026-08-10: /Users/korneev/Desktop/water-regime-gis/outputs/imagery/sp/SP_2_4/2026-08-10/sentinel_analysis.tif (AOI clouds 0.0%)
OK sp/SP_2_5/2026-04-22: /Users/korneev/Desktop/water-regime-gis/outputs/imagery/sp/SP_2_5/2026-04-22/sentinel_analysis.tif (AOI clouds 0.0%)
OK sp/SP_2_5/2026-05-05: /Users/korneev/Desktop/water-regime-gis/outputs/imagery/sp/SP_2_5/2026-05-05/sentinel_analysis.tif (AOI clouds 0.0%)
OK sp/SP_2_5/2026-05-07: /Users/korneev/Desktop/water-regime-gis/outputs/imagery/sp/SP_2_5/2026-05-07/sentinel_analysis.tif (AOI clouds 100.0%)
OK sp/SP_2_5/2026-05-20: /Users/korneev/Desktop/water-regime-gis/outputs/imagery/sp/SP_2_5/2026-05-20/sentinel_analysis.tif (AOI clouds 0.0%)
OK sp/SP_2_5/2026-05-22: /Users/korneev/Desktop/water-regime-gis/outputs/imagery/sp/SP_2_5/2026-05-22/sentinel_analysis.tif (AOI clouds 0.0%)
OK sp/SP_2_5/2026-06-09: /Users/korneev/Desktop/water-regime-gis/outputs/imagery/sp/SP_2_5/2026-06-09/sentinel_analysis.tif (AOI clouds 100.0%)
OK sp/SP_2_5/2026-06-11: /Users/korneev/Desktop/water-regime-gis/outputs/imagery/sp/SP_2_5/2026-06-11/sentinel_analysis.tif (AOI clouds 0.0%)
OK sp/SP_2_5/2026-07-14: /Users/korneev/Desktop/water-regime-gis/outputs/imagery/sp/SP_2_5/2026-07-14/sentinel_analysis.tif (AOI clouds 14.7%)
OK sp/SP_2_5/2026-07-19: /Users/korneev/Desktop/water-regime-gis/outputs/imagery/sp/SP_2_5/2026-07-19/sentinel_analysis.tif (AOI clouds 0.0%)
OK sp/SP_2_5/2026-07-31: /Users/korneev/Desktop/water-regime-gis/outputs/imagery/sp/SP_2_5/2026-07-31/sentinel_analysis.tif (AOI clouds 73.3%)
OK sp/SP_2_5/2026-08-10: /Users/korneev/Desktop/water-regime-gis/outputs/imagery/sp/SP_2_5/2026-08-10/sentinel_analysis.tif (AOI clouds 0.0%)
OK sp/SP_2_6/2026-04-22: /Users/korneev/Desktop/water-regime-gis/outputs/imagery/sp/SP_2_6/2026-04-22/sentinel_analysis.tif (AOI clouds 0.0%)
OK sp/SP_2_6/2026-05-05: /Users/korneev/Desktop/water-regime-gis/outputs/imagery/sp/SP_2_6/2026-05-05/sentinel_analysis.tif (AOI clouds 0.0%)
OK sp/SP_2_6/2026-05-07: /Users/korneev/Desktop/water-regime-gis/outputs/imagery/sp/SP_2_6/2026-05-07/sentinel_analysis.tif (AOI clouds 0.0%)
OK sp/SP_2_6/2026-05-17: /Users/korneev/Desktop/water-regime-gis/outputs/imagery/sp/SP_2_6/2026-05-17/sentinel_analysis.tif (AOI clouds 0.0%)
OK sp/SP_2_6/2026-05-20: /Users/korneev/Desktop/water-regime-gis/outputs/imagery/sp/SP_2_6/2026-05-20/sentinel_analysis.tif (AOI clouds 0.0%)
OK sp/SP_2_6/2026-05-22: /Users/korneev/Desktop/water-regime-gis/outputs/imagery/sp/SP_2_6/2026-05-22/sentinel_analysis.tif (AOI clouds 0.0%)
Warning 1: Value 0 in the source dataset has been changed to 1 in the destination dataset to avoid being treated as NoData. To avoid this, select a different NoData value for the destination dataset.
Warning 1: Value 0 in the source dataset has been changed to 1 in the destination dataset to avoid being treated as NoData. To avoid this, select a different NoData value for the destination dataset.
Warning 1: Value 0 in the source dataset has been changed to 1 in the destination dataset to avoid being treated as NoData. To avoid this, select a different NoData value for the destination dataset.
Warning 1: Value 0 in the source dataset has been changed to 1 in the destination dataset to avoid being treated as NoData. To avoid this, select a different NoData value for the destination dataset.
Warning 1: Value 0 in the source dataset has been changed to 1 in the destination dataset to avoid being treated as NoData. To avoid this, select a different NoData value for the destination dataset.
Warning 1: Value 0 in the source dataset has been changed to 1 in the destination dataset to avoid being treated as NoData. To avoid this, select a different NoData value for the destination dataset.
Warning 1: Value 0 in the source dataset has been changed to 1 in the destination dataset to avoid being treated as NoData. To avoid this, select a different NoData value for the destination dataset.
Warning 1: Value 0 in the source dataset has been changed to 1 in the destination dataset to avoid being treated as NoData. To avoid this, select a different NoData value for the destination dataset.
OK sp/SP_2_6/2026-06-06: /Users/korneev/Desktop/water-regime-gis/outputs/imagery/sp/SP_2_6/2026-06-06/sentinel_analysis.tif (AOI clouds 0.0%)
OK sp/SP_2_6/2026-06-09: /Users/korneev/Desktop/water-regime-gis/outputs/imagery/sp/SP_2_6/2026-06-09/sentinel_analysis.tif (AOI clouds 100.0%)
OK sp/SP_2_6/2026-06-11: /Users/korneev/Desktop/water-regime-gis/outputs/imagery/sp/SP_2_6/2026-06-11/sentinel_analysis.tif (AOI clouds 0.0%)
OK sp/SP_2_6/2026-07-14: /Users/korneev/Desktop/water-regime-gis/outputs/imagery/sp/SP_2_6/2026-07-14/sentinel_analysis.tif (AOI clouds 51.3%)
OK sp/SP_2_6/2026-07-19: /Users/korneev/Desktop/water-regime-gis/outputs/imagery/sp/SP_2_6/2026-07-19/sentinel_analysis.tif (AOI clouds 0.0%)
OK sp/SP_2_6/2026-07-31: /Users/korneev/Desktop/water-regime-gis/outputs/imagery/sp/SP_2_6/2026-07-31/sentinel_analysis.tif (AOI clouds 1.0%)
OK sp/SP_2_6/2026-08-10: /Users/korneev/Desktop/water-regime-gis/outputs/imagery/sp/SP_2_6/2026-08-10/sentinel_analysis.tif (AOI clouds 0.0%)
OK sp/SP_2_7/2026-04-22: /Users/korneev/Desktop/water-regime-gis/outputs/imagery/sp/SP_2_7/2026-04-22/sentinel_analysis.tif (AOI clouds 0.0%)
OK sp/SP_2_7/2026-05-05: /Users/korneev/Desktop/water-regime-gis/outputs/imagery/sp/SP_2_7/2026-05-05/sentinel_analysis.tif (AOI clouds 0.0%)
OK sp/SP_2_7/2026-05-07: /Users/korneev/Desktop/water-regime-gis/outputs/imagery/sp/SP_2_7/2026-05-07/sentinel_analysis.tif (AOI clouds 0.0%)
OK sp/SP_2_7/2026-05-17: /Users/korneev/Desktop/water-regime-gis/outputs/imagery/sp/SP_2_7/2026-05-17/sentinel_analysis.tif (AOI clouds 0.0%)
OK sp/SP_2_7/2026-05-20: /Users/korneev/Desktop/water-regime-gis/outputs/imagery/sp/SP_2_7/2026-05-20/sentinel_analysis.tif (AOI clouds 0.0%)
OK sp/SP_2_7/2026-05-22: /Users/korneev/Desktop/water-regime-gis/outputs/imagery/sp/SP_2_7/2026-05-22/sentinel_analysis.tif (AOI clouds 100.0%)
OK sp/SP_2_7/2026-06-06: /Users/korneev/Desktop/water-regime-gis/outputs/imagery/sp/SP_2_7/2026-06-06/sentinel_analysis.tif (AOI clouds 0.0%)
Warning 1: Value 0 in the source dataset has been changed to 1 in the destination dataset to avoid being treated as NoData. To avoid this, select a different NoData value for the destination dataset.
Warning 1: Value 0 in the source dataset has been changed to 1 in the destination dataset to avoid being treated as NoData. To avoid this, select a different NoData value for the destination dataset.
Warning 1: Value 0 in the source dataset has been changed to 1 in the destination dataset to avoid being treated as NoData. To avoid this, select a different NoData value for the destination dataset.
Warning 1: Value 0 in the source dataset has been changed to 1 in the destination dataset to avoid being treated as NoData. To avoid this, select a different NoData value for the destination dataset.
Warning 1: Value 0 in the source dataset has been changed to 1 in the destination dataset to avoid being treated as NoData. To avoid this, select a different NoData value for the destination dataset.
Warning 1: Value 0 in the source dataset has been changed to 1 in the destination dataset to avoid being treated as NoData. To avoid this, select a different NoData value for the destination dataset.
Warning 1: Value 0 in the source dataset has been changed to 1 in the destination dataset to avoid being treated as NoData. To avoid this, select a different NoData value for the destination dataset.
Warning 1: Value 0 in the source dataset has been changed to 1 in the destination dataset to avoid being treated as NoData. To avoid this, select a different NoData value for the destination dataset.
OK sp/SP_2_7/2026-06-08: /Users/korneev/Desktop/water-regime-gis/outputs/imagery/sp/SP_2_7/2026-06-08/sentinel_analysis.tif (AOI clouds 0.0%)
OK sp/SP_2_7/2026-06-09: /Users/korneev/Desktop/water-regime-gis/outputs/imagery/sp/SP_2_7/2026-06-09/sentinel_analysis.tif (AOI clouds 100.0%)
OK sp/SP_2_7/2026-06-11: /Users/korneev/Desktop/water-regime-gis/outputs/imagery/sp/SP_2_7/2026-06-11/sentinel_analysis.tif (AOI clouds 0.0%)
OK sp/SP_2_7/2026-07-14: /Users/korneev/Desktop/water-regime-gis/outputs/imagery/sp/SP_2_7/2026-07-14/sentinel_analysis.tif (AOI clouds 1.1%)
OK sp/SP_2_7/2026-07-19: /Users/korneev/Desktop/water-regime-gis/outputs/imagery/sp/SP_2_7/2026-07-19/sentinel_analysis.tif (AOI clouds 0.0%)
OK sp/SP_2_7/2026-07-28: /Users/korneev/Desktop/water-regime-gis/outputs/imagery/sp/SP_2_7/2026-07-28/sentinel_analysis.tif (AOI clouds 96.6%)
OK sp/SP_2_7/2026-07-31: /Users/korneev/Desktop/water-regime-gis/outputs/imagery/sp/SP_2_7/2026-07-31/sentinel_analysis.tif (AOI clouds 0.0%)
Warning 1: Value 0 in the source dataset has been changed to 1 in the destination dataset to avoid being treated as NoData. To avoid this, select a different NoData value for the destination dataset.
Warning 1: Value 0 in the source dataset has been changed to 1 in the destination dataset to avoid being treated as NoData. To avoid this, select a different NoData value for the destination dataset.
Warning 1: Value 0 in the source dataset has been changed to 1 in the destination dataset to avoid being treated as NoData. To avoid this, select a different NoData value for the destination dataset.
Warning 1: Value 0 in the source dataset has been changed to 1 in the destination dataset to avoid being treated as NoData. To avoid this, select a different NoData value for the destination dataset.
Warning 1: Value 0 in the source dataset has been changed to 1 in the destination dataset to avoid being treated as NoData. To avoid this, select a different NoData value for the destination dataset.
Warning 1: Value 0 in the source dataset has been changed to 1 in the destination dataset to avoid being treated as NoData. To avoid this, select a different NoData value for the destination dataset.
Warning 1: Value 0 in the source dataset has been changed to 1 in the destination dataset to avoid being treated as NoData. To avoid this, select a different NoData value for the destination dataset.
Warning 1: Value 0 in the source dataset has been changed to 1 in the destination dataset to avoid being treated as NoData. To avoid this, select a different NoData value for the destination dataset.
OK sp/SP_2_7/2026-08-10: /Users/korneev/Desktop/water-regime-gis/outputs/imagery/sp/SP_2_7/2026-08-10/sentinel_analysis.tif (AOI clouds 0.0%)
OK sp/SP_2_8/2026-04-22: /Users/korneev/Desktop/water-regime-gis/outputs/imagery/sp/SP_2_8/2026-04-22/sentinel_analysis.tif (AOI clouds 0.0%)
OK sp/SP_2_8/2026-05-05: /Users/korneev/Desktop/water-regime-gis/outputs/imagery/sp/SP_2_8/2026-05-05/sentinel_analysis.tif (AOI clouds 0.0%)
OK sp/SP_2_8/2026-05-07: /Users/korneev/Desktop/water-regime-gis/outputs/imagery/sp/SP_2_8/2026-05-07/sentinel_analysis.tif (AOI clouds 0.0%)
OK sp/SP_2_8/2026-05-17: /Users/korneev/Desktop/water-regime-gis/outputs/imagery/sp/SP_2_8/2026-05-17/sentinel_analysis.tif (AOI clouds 0.0%)
OK sp/SP_2_8/2026-05-20: /Users/korneev/Desktop/water-regime-gis/outputs/imagery/sp/SP_2_8/2026-05-20/sentinel_analysis.tif (AOI clouds 0.0%)
OK sp/SP_2_8/2026-05-22: /Users/korneev/Desktop/water-regime-gis/outputs/imagery/sp/SP_2_8/2026-05-22/sentinel_analysis.tif (AOI clouds 0.0%)
OK sp/SP_2_8/2026-06-06: /Users/korneev/Desktop/water-regime-gis/outputs/imagery/sp/SP_2_8/2026-06-06/sentinel_analysis.tif (AOI clouds 0.0%)
Warning 1: Value 0 in the source dataset has been changed to 1 in the destination dataset to avoid being treated as NoData. To avoid this, select a different NoData value for the destination dataset.
Warning 1: Value 0 in the source dataset has been changed to 1 in the destination dataset to avoid being treated as NoData. To avoid this, select a different NoData value for the destination dataset.
Warning 1: Value 0 in the source dataset has been changed to 1 in the destination dataset to avoid being treated as NoData. To avoid this, select a different NoData value for the destination dataset.
Warning 1: Value 0 in the source dataset has been changed to 1 in the destination dataset to avoid being treated as NoData. To avoid this, select a different NoData value for the destination dataset.
Warning 1: Value 0 in the source dataset has been changed to 1 in the destination dataset to avoid being treated as NoData. To avoid this, select a different NoData value for the destination dataset.
Warning 1: Value 0 in the source dataset has been changed to 1 in the destination dataset to avoid being treated as NoData. To avoid this, select a different NoData value for the destination dataset.
Warning 1: Value 0 in the source dataset has been changed to 1 in the destination dataset to avoid being treated as NoData. To avoid this, select a different NoData value for the destination dataset.
Warning 1: Value 0 in the source dataset has been changed to 1 in the destination dataset to avoid being treated as NoData. To avoid this, select a different NoData value for the destination dataset.
OK sp/SP_2_8/2026-06-08: /Users/korneev/Desktop/water-regime-gis/outputs/imagery/sp/SP_2_8/2026-06-08/sentinel_analysis.tif (AOI clouds 0.0%)
Warning 1: Value 0 in the source dataset has been changed to 1 in the destination dataset to avoid being treated as NoData. To avoid this, select a different NoData value for the destination dataset.
Warning 1: Value 0 in the source dataset has been changed to 1 in the destination dataset to avoid being treated as NoData. To avoid this, select a different NoData value for the destination dataset.
Warning 1: Value 0 in the source dataset has been changed to 1 in the destination dataset to avoid being treated as NoData. To avoid this, select a different NoData value for the destination dataset.
Warning 1: Value 0 in the source dataset has been changed to 1 in the destination dataset to avoid being treated as NoData. To avoid this, select a different NoData value for the destination dataset.
Warning 1: Value 0 in the source dataset has been changed to 1 in the destination dataset to avoid being treated as NoData. To avoid this, select a different NoData value for the destination dataset.
Warning 1: Value 0 in the source dataset has been changed to 1 in the destination dataset to avoid being treated as NoData. To avoid this, select a different NoData value for the destination dataset.
Warning 1: Value 0 in the source dataset has been changed to 1 in the destination dataset to avoid being treated as NoData. To avoid this, select a different NoData value for the destination dataset.
Warning 1: Value 0 in the source dataset has been changed to 1 in the destination dataset to avoid being treated as NoData. To avoid this, select a different NoData value for the destination dataset.
OK sp/SP_2_8/2026-06-11: /Users/korneev/Desktop/water-regime-gis/outputs/imagery/sp/SP_2_8/2026-06-11/sentinel_analysis.tif (AOI clouds 0.0%)
OK sp/SP_2_8/2026-07-19: /Users/korneev/Desktop/water-regime-gis/outputs/imagery/sp/SP_2_8/2026-07-19/sentinel_analysis.tif (AOI clouds 0.0%)
OK sp/SP_2_8/2026-07-28: /Users/korneev/Desktop/water-regime-gis/outputs/imagery/sp/SP_2_8/2026-07-28/sentinel_analysis.tif (AOI clouds 55.3%)
Warning 1: Value 0 in the source dataset has been changed to 1 in the destination dataset to avoid being treated as NoData. To avoid this, select a different NoData value for the destination dataset.
Warning 1: Value 0 in the source dataset has been changed to 1 in the destination dataset to avoid being treated as NoData. To avoid this, select a different NoData value for the destination dataset.
Warning 1: Value 0 in the source dataset has been changed to 1 in the destination dataset to avoid being treated as NoData. To avoid this, select a different NoData value for the destination dataset.
Warning 1: Value 0 in the source dataset has been changed to 1 in the destination dataset to avoid being treated as NoData. To avoid this, select a different NoData value for the destination dataset.
Warning 1: Value 0 in the source dataset has been changed to 1 in the destination dataset to avoid being treated as NoData. To avoid this, select a different NoData value for the destination dataset.
Warning 1: Value 0 in the source dataset has been changed to 1 in the destination dataset to avoid being treated as NoData. To avoid this, select a different NoData value for the destination dataset.
Warning 1: Value 0 in the source dataset has been changed to 1 in the destination dataset to avoid being treated as NoData. To avoid this, select a different NoData value for the destination dataset.
Warning 1: Value 0 in the source dataset has been changed to 1 in the destination dataset to avoid being treated as NoData. To avoid this, select a different NoData value for the destination dataset.
OK sp/SP_2_8/2026-08-10: /Users/korneev/Desktop/water-regime-gis/outputs/imagery/sp/SP_2_8/2026-08-10/sentinel_analysis.tif (AOI clouds 0.0%)
OK sp/SP_3_1/2026-04-22: /Users/korneev/Desktop/water-regime-gis/outputs/imagery/sp/SP_3_1/2026-04-22/sentinel_analysis.tif (AOI clouds 0.0%)
OK sp/SP_3_1/2026-05-05: /Users/korneev/Desktop/water-regime-gis/outputs/imagery/sp/SP_3_1/2026-05-05/sentinel_analysis.tif (AOI clouds 0.0%)
OK sp/SP_3_1/2026-05-07: /Users/korneev/Desktop/water-regime-gis/outputs/imagery/sp/SP_3_1/2026-05-07/sentinel_analysis.tif (AOI clouds 0.0%)
OK sp/SP_3_1/2026-05-17: /Users/korneev/Desktop/water-regime-gis/outputs/imagery/sp/SP_3_1/2026-05-17/sentinel_analysis.tif (AOI clouds 100.0%)
OK sp/SP_3_1/2026-05-20: /Users/korneev/Desktop/water-regime-gis/outputs/imagery/sp/SP_3_1/2026-05-20/sentinel_analysis.tif (AOI clouds 0.0%)
OK sp/SP_3_1/2026-05-22: /Users/korneev/Desktop/water-regime-gis/outputs/imagery/sp/SP_3_1/2026-05-22/sentinel_analysis.tif (AOI clouds 0.0%)
OK sp/SP_3_1/2026-06-06: /Users/korneev/Desktop/water-regime-gis/outputs/imagery/sp/SP_3_1/2026-06-06/sentinel_analysis.tif (AOI clouds 0.0%)
OK sp/SP_3_1/2026-06-08: /Users/korneev/Desktop/water-regime-gis/outputs/imagery/sp/SP_3_1/2026-06-08/sentinel_analysis.tif (AOI clouds 0.0%)
OK sp/SP_3_1/2026-06-09: /Users/korneev/Desktop/water-regime-gis/outputs/imagery/sp/SP_3_1/2026-06-09/sentinel_analysis.tif (AOI clouds 100.0%)
OK sp/SP_3_1/2026-06-11: /Users/korneev/Desktop/water-regime-gis/outputs/imagery/sp/SP_3_1/2026-06-11/sentinel_analysis.tif (AOI clouds 0.0%)
OK sp/SP_3_1/2026-07-14: /Users/korneev/Desktop/water-regime-gis/outputs/imagery/sp/SP_3_1/2026-07-14/sentinel_analysis.tif (AOI clouds 0.0%)
OK sp/SP_3_1/2026-07-19: /Users/korneev/Desktop/water-regime-gis/outputs/imagery/sp/SP_3_1/2026-07-19/sentinel_analysis.tif (AOI clouds 0.0%)
OK sp/SP_3_1/2026-07-28: /Users/korneev/Desktop/water-regime-gis/outputs/imagery/sp/SP_3_1/2026-07-28/sentinel_analysis.tif (AOI clouds 100.0%)
OK sp/SP_3_1/2026-07-31: /Users/korneev/Desktop/water-regime-gis/outputs/imagery/sp/SP_3_1/2026-07-31/sentinel_analysis.tif (AOI clouds 8.2%)
OK sp/SP_3_1/2026-08-10: /Users/korneev/Desktop/water-regime-gis/outputs/imagery/sp/SP_3_1/2026-08-10/sentinel_analysis.tif (AOI clouds 0.0%)
OK sp/SP_3_2/2026-04-22: /Users/korneev/Desktop/water-regime-gis/outputs/imagery/sp/SP_3_2/2026-04-22/sentinel_analysis.tif (AOI clouds 0.0%)
OK sp/SP_3_2/2026-05-05: /Users/korneev/Desktop/water-regime-gis/outputs/imagery/sp/SP_3_2/2026-05-05/sentinel_analysis.tif (AOI clouds 0.0%)
OK sp/SP_3_2/2026-05-07: /Users/korneev/Desktop/water-regime-gis/outputs/imagery/sp/SP_3_2/2026-05-07/sentinel_analysis.tif (AOI clouds 0.0%)
OK sp/SP_3_2/2026-05-17: /Users/korneev/Desktop/water-regime-gis/outputs/imagery/sp/SP_3_2/2026-05-17/sentinel_analysis.tif (AOI clouds 89.7%)
OK sp/SP_3_2/2026-05-20: /Users/korneev/Desktop/water-regime-gis/outputs/imagery/sp/SP_3_2/2026-05-20/sentinel_analysis.tif (AOI clouds 0.0%)
OK sp/SP_3_2/2026-05-22: /Users/korneev/Desktop/water-regime-gis/outputs/imagery/sp/SP_3_2/2026-05-22/sentinel_analysis.tif (AOI clouds 0.0%)
OK sp/SP_3_2/2026-06-06: /Users/korneev/Desktop/water-regime-gis/outputs/imagery/sp/SP_3_2/2026-06-06/sentinel_analysis.tif (AOI clouds 3.7%)
OK sp/SP_3_2/2026-06-08: /Users/korneev/Desktop/water-regime-gis/outputs/imagery/sp/SP_3_2/2026-06-08/sentinel_analysis.tif (AOI clouds 0.0%)
OK sp/SP_3_2/2026-06-09: /Users/korneev/Desktop/water-regime-gis/outputs/imagery/sp/SP_3_2/2026-06-09/sentinel_analysis.tif (AOI clouds 100.0%)
OK sp/SP_3_2/2026-06-11: /Users/korneev/Desktop/water-regime-gis/outputs/imagery/sp/SP_3_2/2026-06-11/sentinel_analysis.tif (AOI clouds 0.0%)
OK sp/SP_3_2/2026-07-14: /Users/korneev/Desktop/water-regime-gis/outputs/imagery/sp/SP_3_2/2026-07-14/sentinel_analysis.tif (AOI clouds 0.0%)
OK sp/SP_3_2/2026-07-19: /Users/korneev/Desktop/water-regime-gis/outputs/imagery/sp/SP_3_2/2026-07-19/sentinel_analysis.tif (AOI clouds 0.0%)
OK sp/SP_3_2/2026-07-28: /Users/korneev/Desktop/water-regime-gis/outputs/imagery/sp/SP_3_2/2026-07-28/sentinel_analysis.tif (AOI clouds 100.0%)
OK sp/SP_3_2/2026-07-31: /Users/korneev/Desktop/water-regime-gis/outputs/imagery/sp/SP_3_2/2026-07-31/sentinel_analysis.tif (AOI clouds 38.2%)
OK sp/SP_3_2/2026-08-10: /Users/korneev/Desktop/water-regime-gis/outputs/imagery/sp/SP_3_2/2026-08-10/sentinel_analysis.tif (AOI clouds 58.2%)
OK sp/SP_3_3/2026-04-22: /Users/korneev/Desktop/water-regime-gis/outputs/imagery/sp/SP_3_3/2026-04-22/sentinel_analysis.tif (AOI clouds 0.0%)
OK sp/SP_3_3/2026-05-05: /Users/korneev/Desktop/water-regime-gis/outputs/imagery/sp/SP_3_3/2026-05-05/sentinel_analysis.tif (AOI clouds 0.0%)
OK sp/SP_3_3/2026-05-07: /Users/korneev/Desktop/water-regime-gis/outputs/imagery/sp/SP_3_3/2026-05-07/sentinel_analysis.tif (AOI clouds 0.0%)
OK sp/SP_3_3/2026-05-17: /Users/korneev/Desktop/water-regime-gis/outputs/imagery/sp/SP_3_3/2026-05-17/sentinel_analysis.tif (AOI clouds 100.0%)
OK sp/SP_3_3/2026-05-20: /Users/korneev/Desktop/water-regime-gis/outputs/imagery/sp/SP_3_3/2026-05-20/sentinel_analysis.tif (AOI clouds 0.0%)
OK sp/SP_3_3/2026-05-22: /Users/korneev/Desktop/water-regime-gis/outputs/imagery/sp/SP_3_3/2026-05-22/sentinel_analysis.tif (AOI clouds 0.0%)
OK sp/SP_3_3/2026-06-06: /Users/korneev/Desktop/water-regime-gis/outputs/imagery/sp/SP_3_3/2026-06-06/sentinel_analysis.tif (AOI clouds 0.0%)
OK sp/SP_3_3/2026-06-08: /Users/korneev/Desktop/water-regime-gis/outputs/imagery/sp/SP_3_3/2026-06-08/sentinel_analysis.tif (AOI clouds 0.0%)
OK sp/SP_3_3/2026-06-09: /Users/korneev/Desktop/water-regime-gis/outputs/imagery/sp/SP_3_3/2026-06-09/sentinel_analysis.tif (AOI clouds 100.0%)
OK sp/SP_3_3/2026-06-11: /Users/korneev/Desktop/water-regime-gis/outputs/imagery/sp/SP_3_3/2026-06-11/sentinel_analysis.tif (AOI clouds 24.4%)
OK sp/SP_3_3/2026-07-14: /Users/korneev/Desktop/water-regime-gis/outputs/imagery/sp/SP_3_3/2026-07-14/sentinel_analysis.tif (AOI clouds 0.0%)
OK sp/SP_3_3/2026-07-19: /Users/korneev/Desktop/water-regime-gis/outputs/imagery/sp/SP_3_3/2026-07-19/sentinel_analysis.tif (AOI clouds 0.0%)
OK sp/SP_3_3/2026-07-28: /Users/korneev/Desktop/water-regime-gis/outputs/imagery/sp/SP_3_3/2026-07-28/sentinel_analysis.tif (AOI clouds 100.0%)
OK sp/SP_3_3/2026-07-31: /Users/korneev/Desktop/water-regime-gis/outputs/imagery/sp/SP_3_3/2026-07-31/sentinel_analysis.tif (AOI clouds 0.0%)
OK sp/SP_3_3/2026-08-10: /Users/korneev/Desktop/water-regime-gis/outputs/imagery/sp/SP_3_3/2026-08-10/sentinel_analysis.tif (AOI clouds 90.3%)
OK sp/SP_3_4/2026-04-22: /Users/korneev/Desktop/water-regime-gis/outputs/imagery/sp/SP_3_4/2026-04-22/sentinel_analysis.tif (AOI clouds 0.0%)
OK sp/SP_3_4/2026-05-05: /Users/korneev/Desktop/water-regime-gis/outputs/imagery/sp/SP_3_4/2026-05-05/sentinel_analysis.tif (AOI clouds 0.0%)
OK sp/SP_3_4/2026-05-07: /Users/korneev/Desktop/water-regime-gis/outputs/imagery/sp/SP_3_4/2026-05-07/sentinel_analysis.tif (AOI clouds 0.0%)
OK sp/SP_3_4/2026-05-17: /Users/korneev/Desktop/water-regime-gis/outputs/imagery/sp/SP_3_4/2026-05-17/sentinel_analysis.tif (AOI clouds 0.0%)
OK sp/SP_3_4/2026-05-20: /Users/korneev/Desktop/water-regime-gis/outputs/imagery/sp/SP_3_4/2026-05-20/sentinel_analysis.tif (AOI clouds 0.0%)
OK sp/SP_3_4/2026-05-22: /Users/korneev/Desktop/water-regime-gis/outputs/imagery/sp/SP_3_4/2026-05-22/sentinel_analysis.tif (AOI clouds 0.0%)
OK sp/SP_3_4/2026-06-06: /Users/korneev/Desktop/water-regime-gis/outputs/imagery/sp/SP_3_4/2026-06-06/sentinel_analysis.tif (AOI clouds 0.0%)
Warning 1: Value 0 in the source dataset has been changed to 1 in the destination dataset to avoid being treated as NoData. To avoid this, select a different NoData value for the destination dataset.
Warning 1: Value 0 in the source dataset has been changed to 1 in the destination dataset to avoid being treated as NoData. To avoid this, select a different NoData value for the destination dataset.
Warning 1: Value 0 in the source dataset has been changed to 1 in the destination dataset to avoid being treated as NoData. To avoid this, select a different NoData value for the destination dataset.
Warning 1: Value 0 in the source dataset has been changed to 1 in the destination dataset to avoid being treated as NoData. To avoid this, select a different NoData value for the destination dataset.
Warning 1: Value 0 in the source dataset has been changed to 1 in the destination dataset to avoid being treated as NoData. To avoid this, select a different NoData value for the destination dataset.
Warning 1: Value 0 in the source dataset has been changed to 1 in the destination dataset to avoid being treated as NoData. To avoid this, select a different NoData value for the destination dataset.
Warning 1: Value 0 in the source dataset has been changed to 1 in the destination dataset to avoid being treated as NoData. To avoid this, select a different NoData value for the destination dataset.
Warning 1: Value 0 in the source dataset has been changed to 1 in the destination dataset to avoid being treated as NoData. To avoid this, select a different NoData value for the destination dataset.
OK sp/SP_3_4/2026-06-08: /Users/korneev/Desktop/water-regime-gis/outputs/imagery/sp/SP_3_4/2026-06-08/sentinel_analysis.tif (AOI clouds 11.6%)
OK sp/SP_3_4/2026-06-09: /Users/korneev/Desktop/water-regime-gis/outputs/imagery/sp/SP_3_4/2026-06-09/sentinel_analysis.tif (AOI clouds 100.0%)
OK sp/SP_3_4/2026-06-11: /Users/korneev/Desktop/water-regime-gis/outputs/imagery/sp/SP_3_4/2026-06-11/sentinel_analysis.tif (AOI clouds 0.0%)
OK sp/SP_3_4/2026-07-14: /Users/korneev/Desktop/water-regime-gis/outputs/imagery/sp/SP_3_4/2026-07-14/sentinel_analysis.tif (AOI clouds 1.2%)
OK sp/SP_3_4/2026-07-19: /Users/korneev/Desktop/water-regime-gis/outputs/imagery/sp/SP_3_4/2026-07-19/sentinel_analysis.tif (AOI clouds 0.0%)
OK sp/SP_3_4/2026-07-28: /Users/korneev/Desktop/water-regime-gis/outputs/imagery/sp/SP_3_4/2026-07-28/sentinel_analysis.tif (AOI clouds 100.0%)
OK sp/SP_3_4/2026-07-31: /Users/korneev/Desktop/water-regime-gis/outputs/imagery/sp/SP_3_4/2026-07-31/sentinel_analysis.tif (AOI clouds 29.0%)
Warning 1: Value 0 in the source dataset has been changed to 1 in the destination dataset to avoid being treated as NoData. To avoid this, select a different NoData value for the destination dataset.
Warning 1: Value 0 in the source dataset has been changed to 1 in the destination dataset to avoid being treated as NoData. To avoid this, select a different NoData value for the destination dataset.
Warning 1: Value 0 in the source dataset has been changed to 1 in the destination dataset to avoid being treated as NoData. To avoid this, select a different NoData value for the destination dataset.
Warning 1: Value 0 in the source dataset has been changed to 1 in the destination dataset to avoid being treated as NoData. To avoid this, select a different NoData value for the destination dataset.
Warning 1: Value 0 in the source dataset has been changed to 1 in the destination dataset to avoid being treated as NoData. To avoid this, select a different NoData value for the destination dataset.
Warning 1: Value 0 in the source dataset has been changed to 1 in the destination dataset to avoid being treated as NoData. To avoid this, select a different NoData value for the destination dataset.
Warning 1: Value 0 in the source dataset has been changed to 1 in the destination dataset to avoid being treated as NoData. To avoid this, select a different NoData value for the destination dataset.
Warning 1: Value 0 in the source dataset has been changed to 1 in the destination dataset to avoid being treated as NoData. To avoid this, select a different NoData value for the destination dataset.
OK sp/SP_3_4/2026-08-10: /Users/korneev/Desktop/water-regime-gis/outputs/imagery/sp/SP_3_4/2026-08-10/sentinel_analysis.tif (AOI clouds 0.0%)
OK sp/SP_3_5/2026-04-22: /Users/korneev/Desktop/water-regime-gis/outputs/imagery/sp/SP_3_5/2026-04-22/sentinel_analysis.tif (AOI clouds 0.0%)
OK sp/SP_3_5/2026-05-05: /Users/korneev/Desktop/water-regime-gis/outputs/imagery/sp/SP_3_5/2026-05-05/sentinel_analysis.tif (AOI clouds 0.0%)
OK sp/SP_3_5/2026-05-07: /Users/korneev/Desktop/water-regime-gis/outputs/imagery/sp/SP_3_5/2026-05-07/sentinel_analysis.tif (AOI clouds 0.0%)
OK sp/SP_3_5/2026-05-17: /Users/korneev/Desktop/water-regime-gis/outputs/imagery/sp/SP_3_5/2026-05-17/sentinel_analysis.tif (AOI clouds 0.0%)
OK sp/SP_3_5/2026-05-20: /Users/korneev/Desktop/water-regime-gis/outputs/imagery/sp/SP_3_5/2026-05-20/sentinel_analysis.tif (AOI clouds 0.0%)
OK sp/SP_3_5/2026-05-22: /Users/korneev/Desktop/water-regime-gis/outputs/imagery/sp/SP_3_5/2026-05-22/sentinel_analysis.tif (AOI clouds 100.0%)
OK sp/SP_3_5/2026-06-06: /Users/korneev/Desktop/water-regime-gis/outputs/imagery/sp/SP_3_5/2026-06-06/sentinel_analysis.tif (AOI clouds 0.0%)
Warning 1: Value 0 in the source dataset has been changed to 1 in the destination dataset to avoid being treated as NoData. To avoid this, select a different NoData value for the destination dataset.
Warning 1: Value 0 in the source dataset has been changed to 1 in the destination dataset to avoid being treated as NoData. To avoid this, select a different NoData value for the destination dataset.
Warning 1: Value 0 in the source dataset has been changed to 1 in the destination dataset to avoid being treated as NoData. To avoid this, select a different NoData value for the destination dataset.
Warning 1: Value 0 in the source dataset has been changed to 1 in the destination dataset to avoid being treated as NoData. To avoid this, select a different NoData value for the destination dataset.
Warning 1: Value 0 in the source dataset has been changed to 1 in the destination dataset to avoid being treated as NoData. To avoid this, select a different NoData value for the destination dataset.
Warning 1: Value 0 in the source dataset has been changed to 1 in the destination dataset to avoid being treated as NoData. To avoid this, select a different NoData value for the destination dataset.
Warning 1: Value 0 in the source dataset has been changed to 1 in the destination dataset to avoid being treated as NoData. To avoid this, select a different NoData value for the destination dataset.
Warning 1: Value 0 in the source dataset has been changed to 1 in the destination dataset to avoid being treated as NoData. To avoid this, select a different NoData value for the destination dataset.
OK sp/SP_3_5/2026-06-08: /Users/korneev/Desktop/water-regime-gis/outputs/imagery/sp/SP_3_5/2026-06-08/sentinel_analysis.tif (AOI clouds 0.0%)
OK sp/SP_3_5/2026-06-09: /Users/korneev/Desktop/water-regime-gis/outputs/imagery/sp/SP_3_5/2026-06-09/sentinel_analysis.tif (AOI clouds 100.0%)
OK sp/SP_3_5/2026-06-11: /Users/korneev/Desktop/water-regime-gis/outputs/imagery/sp/SP_3_5/2026-06-11/sentinel_analysis.tif (AOI clouds 0.0%)
OK sp/SP_3_5/2026-07-14: /Users/korneev/Desktop/water-regime-gis/outputs/imagery/sp/SP_3_5/2026-07-14/sentinel_analysis.tif (AOI clouds 0.0%)
OK sp/SP_3_5/2026-07-19: /Users/korneev/Desktop/water-regime-gis/outputs/imagery/sp/SP_3_5/2026-07-19/sentinel_analysis.tif (AOI clouds 0.0%)
OK sp/SP_3_5/2026-07-28: /Users/korneev/Desktop/water-regime-gis/outputs/imagery/sp/SP_3_5/2026-07-28/sentinel_analysis.tif (AOI clouds 100.0%)
OK sp/SP_3_5/2026-07-31: /Users/korneev/Desktop/water-regime-gis/outputs/imagery/sp/SP_3_5/2026-07-31/sentinel_analysis.tif (AOI clouds 48.3%)
Warning 1: Value 0 in the source dataset has been changed to 1 in the destination dataset to avoid being treated as NoData. To avoid this, select a different NoData value for the destination dataset.
Warning 1: Value 0 in the source dataset has been changed to 1 in the destination dataset to avoid being treated as NoData. To avoid this, select a different NoData value for the destination dataset.
Warning 1: Value 0 in the source dataset has been changed to 1 in the destination dataset to avoid being treated as NoData. To avoid this, select a different NoData value for the destination dataset.
Warning 1: Value 0 in the source dataset has been changed to 1 in the destination dataset to avoid being treated as NoData. To avoid this, select a different NoData value for the destination dataset.
Warning 1: Value 0 in the source dataset has been changed to 1 in the destination dataset to avoid being treated as NoData. To avoid this, select a different NoData value for the destination dataset.
Warning 1: Value 0 in the source dataset has been changed to 1 in the destination dataset to avoid being treated as NoData. To avoid this, select a different NoData value for the destination dataset.
Warning 1: Value 0 in the source dataset has been changed to 1 in the destination dataset to avoid being treated as NoData. To avoid this, select a different NoData value for the destination dataset.
Warning 1: Value 0 in the source dataset has been changed to 1 in the destination dataset to avoid being treated as NoData. To avoid this, select a different NoData value for the destination dataset.
OK sp/SP_3_5/2026-08-10: /Users/korneev/Desktop/water-regime-gis/outputs/imagery/sp/SP_3_5/2026-08-10/sentinel_analysis.tif (AOI clouds 0.0%)
OK sp/SP_4_1/2026-04-22: /Users/korneev/Desktop/water-regime-gis/outputs/imagery/sp/SP_4_1/2026-04-22/sentinel_analysis.tif (AOI clouds 0.0%)
OK sp/SP_4_1/2026-05-05: /Users/korneev/Desktop/water-regime-gis/outputs/imagery/sp/SP_4_1/2026-05-05/sentinel_analysis.tif (AOI clouds 0.0%)
OK sp/SP_4_1/2026-05-07: /Users/korneev/Desktop/water-regime-gis/outputs/imagery/sp/SP_4_1/2026-05-07/sentinel_analysis.tif (AOI clouds 0.0%)
OK sp/SP_4_1/2026-05-17: /Users/korneev/Desktop/water-regime-gis/outputs/imagery/sp/SP_4_1/2026-05-17/sentinel_analysis.tif (AOI clouds 100.0%)
OK sp/SP_4_1/2026-05-20: /Users/korneev/Desktop/water-regime-gis/outputs/imagery/sp/SP_4_1/2026-05-20/sentinel_analysis.tif (AOI clouds 0.0%)
OK sp/SP_4_1/2026-05-22: /Users/korneev/Desktop/water-regime-gis/outputs/imagery/sp/SP_4_1/2026-05-22/sentinel_analysis.tif (AOI clouds 0.0%)
OK sp/SP_4_1/2026-06-06: /Users/korneev/Desktop/water-regime-gis/outputs/imagery/sp/SP_4_1/2026-06-06/sentinel_analysis.tif (AOI clouds 0.0%)
OK sp/SP_4_1/2026-06-08: /Users/korneev/Desktop/water-regime-gis/outputs/imagery/sp/SP_4_1/2026-06-08/sentinel_analysis.tif (AOI clouds 0.0%)
OK sp/SP_4_1/2026-06-09: /Users/korneev/Desktop/water-regime-gis/outputs/imagery/sp/SP_4_1/2026-06-09/sentinel_analysis.tif (AOI clouds 100.0%)
OK sp/SP_4_1/2026-06-11: /Users/korneev/Desktop/water-regime-gis/outputs/imagery/sp/SP_4_1/2026-06-11/sentinel_analysis.tif (AOI clouds 85.5%)
OK sp/SP_4_1/2026-07-14: /Users/korneev/Desktop/water-regime-gis/outputs/imagery/sp/SP_4_1/2026-07-14/sentinel_analysis.tif (AOI clouds 68.6%)
OK sp/SP_4_1/2026-07-19: /Users/korneev/Desktop/water-regime-gis/outputs/imagery/sp/SP_4_1/2026-07-19/sentinel_analysis.tif (AOI clouds 0.0%)
OK sp/SP_4_1/2026-07-28: /Users/korneev/Desktop/water-regime-gis/outputs/imagery/sp/SP_4_1/2026-07-28/sentinel_analysis.tif (AOI clouds 100.0%)
OK sp/SP_4_1/2026-07-31: /Users/korneev/Desktop/water-regime-gis/outputs/imagery/sp/SP_4_1/2026-07-31/sentinel_analysis.tif (AOI clouds 13.0%)
OK sp/SP_4_1/2026-08-10: /Users/korneev/Desktop/water-regime-gis/outputs/imagery/sp/SP_4_1/2026-08-10/sentinel_analysis.tif (AOI clouds 0.0%)
OK sp/SP_4_10/2026-04-22: /Users/korneev/Desktop/water-regime-gis/outputs/imagery/sp/SP_4_10/2026-04-22/sentinel_analysis.tif (AOI clouds 0.0%)
OK sp/SP_4_10/2026-05-05: /Users/korneev/Desktop/water-regime-gis/outputs/imagery/sp/SP_4_10/2026-05-05/sentinel_analysis.tif (AOI clouds 39.4%)
OK sp/SP_4_10/2026-05-07: /Users/korneev/Desktop/water-regime-gis/outputs/imagery/sp/SP_4_10/2026-05-07/sentinel_analysis.tif (AOI clouds 0.0%)
OK sp/SP_4_10/2026-05-17: /Users/korneev/Desktop/water-regime-gis/outputs/imagery/sp/SP_4_10/2026-05-17/sentinel_analysis.tif (AOI clouds 100.0%)
OK sp/SP_4_10/2026-05-20: /Users/korneev/Desktop/water-regime-gis/outputs/imagery/sp/SP_4_10/2026-05-20/sentinel_analysis.tif (AOI clouds 0.0%)
OK sp/SP_4_10/2026-05-22: /Users/korneev/Desktop/water-regime-gis/outputs/imagery/sp/SP_4_10/2026-05-22/sentinel_analysis.tif (AOI clouds 0.0%)
OK sp/SP_4_10/2026-06-06: /Users/korneev/Desktop/water-regime-gis/outputs/imagery/sp/SP_4_10/2026-06-06/sentinel_analysis.tif (AOI clouds 14.7%)
OK sp/SP_4_10/2026-06-08: /Users/korneev/Desktop/water-regime-gis/outputs/imagery/sp/SP_4_10/2026-06-08/sentinel_analysis.tif (AOI clouds 15.7%)
OK sp/SP_4_10/2026-06-09: /Users/korneev/Desktop/water-regime-gis/outputs/imagery/sp/SP_4_10/2026-06-09/sentinel_analysis.tif (AOI clouds 100.0%)
OK sp/SP_4_10/2026-06-11: /Users/korneev/Desktop/water-regime-gis/outputs/imagery/sp/SP_4_10/2026-06-11/sentinel_analysis.tif (AOI clouds 13.3%)
OK sp/SP_4_10/2026-07-14: /Users/korneev/Desktop/water-regime-gis/outputs/imagery/sp/SP_4_10/2026-07-14/sentinel_analysis.tif (AOI clouds 34.9%)
OK sp/SP_4_10/2026-07-19: /Users/korneev/Desktop/water-regime-gis/outputs/imagery/sp/SP_4_10/2026-07-19/sentinel_analysis.tif (AOI clouds 0.0%)
OK sp/SP_4_10/2026-07-28: /Users/korneev/Desktop/water-regime-gis/outputs/imagery/sp/SP_4_10/2026-07-28/sentinel_analysis.tif (AOI clouds 100.0%)
OK sp/SP_4_10/2026-07-31: /Users/korneev/Desktop/water-regime-gis/outputs/imagery/sp/SP_4_10/2026-07-31/sentinel_analysis.tif (AOI clouds 30.7%)
OK sp/SP_4_10/2026-08-10: /Users/korneev/Desktop/water-regime-gis/outputs/imagery/sp/SP_4_10/2026-08-10/sentinel_analysis.tif (AOI clouds 0.0%)
OK sp/SP_4_11/2026-04-22: /Users/korneev/Desktop/water-regime-gis/outputs/imagery/sp/SP_4_11/2026-04-22/sentinel_analysis.tif (AOI clouds 0.0%)
OK sp/SP_4_11/2026-05-05: /Users/korneev/Desktop/water-regime-gis/outputs/imagery/sp/SP_4_11/2026-05-05/sentinel_analysis.tif (AOI clouds 0.6%)
OK sp/SP_4_11/2026-05-07: /Users/korneev/Desktop/water-regime-gis/outputs/imagery/sp/SP_4_11/2026-05-07/sentinel_analysis.tif (AOI clouds 0.0%)
OK sp/SP_4_11/2026-05-17: /Users/korneev/Desktop/water-regime-gis/outputs/imagery/sp/SP_4_11/2026-05-17/sentinel_analysis.tif (AOI clouds 100.0%)
OK sp/SP_4_11/2026-05-20: /Users/korneev/Desktop/water-regime-gis/outputs/imagery/sp/SP_4_11/2026-05-20/sentinel_analysis.tif (AOI clouds 0.0%)
OK sp/SP_4_11/2026-05-22: /Users/korneev/Desktop/water-regime-gis/outputs/imagery/sp/SP_4_11/2026-05-22/sentinel_analysis.tif (AOI clouds 0.0%)
OK sp/SP_4_11/2026-06-06: /Users/korneev/Desktop/water-regime-gis/outputs/imagery/sp/SP_4_11/2026-06-06/sentinel_analysis.tif (AOI clouds 0.0%)
OK sp/SP_4_11/2026-06-08: /Users/korneev/Desktop/water-regime-gis/outputs/imagery/sp/SP_4_11/2026-06-08/sentinel_analysis.tif (AOI clouds 0.0%)
OK sp/SP_4_11/2026-06-09: /Users/korneev/Desktop/water-regime-gis/outputs/imagery/sp/SP_4_11/2026-06-09/sentinel_analysis.tif (AOI clouds 100.0%)
OK sp/SP_4_11/2026-06-11: /Users/korneev/Desktop/water-regime-gis/outputs/imagery/sp/SP_4_11/2026-06-11/sentinel_analysis.tif (AOI clouds 92.4%)
OK sp/SP_4_11/2026-07-14: /Users/korneev/Desktop/water-regime-gis/outputs/imagery/sp/SP_4_11/2026-07-14/sentinel_analysis.tif (AOI clouds 0.0%)
OK sp/SP_4_11/2026-07-19: /Users/korneev/Desktop/water-regime-gis/outputs/imagery/sp/SP_4_11/2026-07-19/sentinel_analysis.tif (AOI clouds 0.0%)
OK sp/SP_4_11/2026-07-28: /Users/korneev/Desktop/water-regime-gis/outputs/imagery/sp/SP_4_11/2026-07-28/sentinel_analysis.tif (AOI clouds 100.0%)
OK sp/SP_4_11/2026-07-31: /Users/korneev/Desktop/water-regime-gis/outputs/imagery/sp/SP_4_11/2026-07-31/sentinel_analysis.tif (AOI clouds 0.0%)
OK sp/SP_4_11/2026-08-10: /Users/korneev/Desktop/water-regime-gis/outputs/imagery/sp/SP_4_11/2026-08-10/sentinel_analysis.tif (AOI clouds 0.0%)
OK sp/SP_4_12/2026-04-22: /Users/korneev/Desktop/water-regime-gis/outputs/imagery/sp/SP_4_12/2026-04-22/sentinel_analysis.tif (AOI clouds 0.0%)
OK sp/SP_4_12/2026-05-05: /Users/korneev/Desktop/water-regime-gis/outputs/imagery/sp/SP_4_12/2026-05-05/sentinel_analysis.tif (AOI clouds 85.8%)
OK sp/SP_4_12/2026-05-07: /Users/korneev/Desktop/water-regime-gis/outputs/imagery/sp/SP_4_12/2026-05-07/sentinel_analysis.tif (AOI clouds 0.0%)
OK sp/SP_4_12/2026-05-17: /Users/korneev/Desktop/water-regime-gis/outputs/imagery/sp/SP_4_12/2026-05-17/sentinel_analysis.tif (AOI clouds 100.0%)
OK sp/SP_4_12/2026-05-20: /Users/korneev/Desktop/water-regime-gis/outputs/imagery/sp/SP_4_12/2026-05-20/sentinel_analysis.tif (AOI clouds 0.0%)
OK sp/SP_4_12/2026-05-22: /Users/korneev/Desktop/water-regime-gis/outputs/imagery/sp/SP_4_12/2026-05-22/sentinel_analysis.tif (AOI clouds 0.0%)
OK sp/SP_4_12/2026-06-06: /Users/korneev/Desktop/water-regime-gis/outputs/imagery/sp/SP_4_12/2026-06-06/sentinel_analysis.tif (AOI clouds 0.0%)
OK sp/SP_4_12/2026-06-08: /Users/korneev/Desktop/water-regime-gis/outputs/imagery/sp/SP_4_12/2026-06-08/sentinel_analysis.tif (AOI clouds 0.0%)
OK sp/SP_4_12/2026-06-09: /Users/korneev/Desktop/water-regime-gis/outputs/imagery/sp/SP_4_12/2026-06-09/sentinel_analysis.tif (AOI clouds 100.0%)
OK sp/SP_4_12/2026-06-11: /Users/korneev/Desktop/water-regime-gis/outputs/imagery/sp/SP_4_12/2026-06-11/sentinel_analysis.tif (AOI clouds 82.2%)
OK sp/SP_4_12/2026-07-14: /Users/korneev/Desktop/water-regime-gis/outputs/imagery/sp/SP_4_12/2026-07-14/sentinel_analysis.tif (AOI clouds 3.5%)
OK sp/SP_4_12/2026-07-19: /Users/korneev/Desktop/water-regime-gis/outputs/imagery/sp/SP_4_12/2026-07-19/sentinel_analysis.tif (AOI clouds 0.0%)
OK sp/SP_4_12/2026-07-28: /Users/korneev/Desktop/water-regime-gis/outputs/imagery/sp/SP_4_12/2026-07-28/sentinel_analysis.tif (AOI clouds 100.0%)
OK sp/SP_4_12/2026-07-31: /Users/korneev/Desktop/water-regime-gis/outputs/imagery/sp/SP_4_12/2026-07-31/sentinel_analysis.tif (AOI clouds 0.0%)
OK sp/SP_4_12/2026-08-10: /Users/korneev/Desktop/water-regime-gis/outputs/imagery/sp/SP_4_12/2026-08-10/sentinel_analysis.tif (AOI clouds 0.0%)
OK sp/SP_4_13/2026-04-22: /Users/korneev/Desktop/water-regime-gis/outputs/imagery/sp/SP_4_13/2026-04-22/sentinel_analysis.tif (AOI clouds 0.0%)
OK sp/SP_4_13/2026-05-05: /Users/korneev/Desktop/water-regime-gis/outputs/imagery/sp/SP_4_13/2026-05-05/sentinel_analysis.tif (AOI clouds 1.0%)
OK sp/SP_4_13/2026-05-07: /Users/korneev/Desktop/water-regime-gis/outputs/imagery/sp/SP_4_13/2026-05-07/sentinel_analysis.tif (AOI clouds 0.0%)
OK sp/SP_4_13/2026-05-17: /Users/korneev/Desktop/water-regime-gis/outputs/imagery/sp/SP_4_13/2026-05-17/sentinel_analysis.tif (AOI clouds 100.0%)
OK sp/SP_4_13/2026-05-20: /Users/korneev/Desktop/water-regime-gis/outputs/imagery/sp/SP_4_13/2026-05-20/sentinel_analysis.tif (AOI clouds 0.0%)
OK sp/SP_4_13/2026-05-22: /Users/korneev/Desktop/water-regime-gis/outputs/imagery/sp/SP_4_13/2026-05-22/sentinel_analysis.tif (AOI clouds 0.0%)
OK sp/SP_4_13/2026-06-06: /Users/korneev/Desktop/water-regime-gis/outputs/imagery/sp/SP_4_13/2026-06-06/sentinel_analysis.tif (AOI clouds 0.0%)
OK sp/SP_4_13/2026-06-08: /Users/korneev/Desktop/water-regime-gis/outputs/imagery/sp/SP_4_13/2026-06-08/sentinel_analysis.tif (AOI clouds 0.0%)
OK sp/SP_4_13/2026-06-09: /Users/korneev/Desktop/water-regime-gis/outputs/imagery/sp/SP_4_13/2026-06-09/sentinel_analysis.tif (AOI clouds 100.0%)
OK sp/SP_4_13/2026-06-11: /Users/korneev/Desktop/water-regime-gis/outputs/imagery/sp/SP_4_13/2026-06-11/sentinel_analysis.tif (AOI clouds 57.0%)
OK sp/SP_4_13/2026-07-14: /Users/korneev/Desktop/water-regime-gis/outputs/imagery/sp/SP_4_13/2026-07-14/sentinel_analysis.tif (AOI clouds 43.0%)
OK sp/SP_4_13/2026-07-19: /Users/korneev/Desktop/water-regime-gis/outputs/imagery/sp/SP_4_13/2026-07-19/sentinel_analysis.tif (AOI clouds 0.0%)
OK sp/SP_4_13/2026-07-28: /Users/korneev/Desktop/water-regime-gis/outputs/imagery/sp/SP_4_13/2026-07-28/sentinel_analysis.tif (AOI clouds 99.6%)
OK sp/SP_4_13/2026-07-31: /Users/korneev/Desktop/water-regime-gis/outputs/imagery/sp/SP_4_13/2026-07-31/sentinel_analysis.tif (AOI clouds 0.0%)
OK sp/SP_4_13/2026-08-10: /Users/korneev/Desktop/water-regime-gis/outputs/imagery/sp/SP_4_13/2026-08-10/sentinel_analysis.tif (AOI clouds 0.0%)
OK sp/SP_4_14/2026-04-22: /Users/korneev/Desktop/water-regime-gis/outputs/imagery/sp/SP_4_14/2026-04-22/sentinel_analysis.tif (AOI clouds 0.0%)
OK sp/SP_4_14/2026-05-05: /Users/korneev/Desktop/water-regime-gis/outputs/imagery/sp/SP_4_14/2026-05-05/sentinel_analysis.tif (AOI clouds 52.7%)
OK sp/SP_4_14/2026-05-07: /Users/korneev/Desktop/water-regime-gis/outputs/imagery/sp/SP_4_14/2026-05-07/sentinel_analysis.tif (AOI clouds 0.0%)
OK sp/SP_4_14/2026-05-17: /Users/korneev/Desktop/water-regime-gis/outputs/imagery/sp/SP_4_14/2026-05-17/sentinel_analysis.tif (AOI clouds 100.0%)
OK sp/SP_4_14/2026-05-20: /Users/korneev/Desktop/water-regime-gis/outputs/imagery/sp/SP_4_14/2026-05-20/sentinel_analysis.tif (AOI clouds 0.0%)
OK sp/SP_4_14/2026-05-22: /Users/korneev/Desktop/water-regime-gis/outputs/imagery/sp/SP_4_14/2026-05-22/sentinel_analysis.tif (AOI clouds 0.0%)
OK sp/SP_4_14/2026-06-06: /Users/korneev/Desktop/water-regime-gis/outputs/imagery/sp/SP_4_14/2026-06-06/sentinel_analysis.tif (AOI clouds 0.0%)
OK sp/SP_4_14/2026-06-08: /Users/korneev/Desktop/water-regime-gis/outputs/imagery/sp/SP_4_14/2026-06-08/sentinel_analysis.tif (AOI clouds 1.5%)
OK sp/SP_4_14/2026-06-09: /Users/korneev/Desktop/water-regime-gis/outputs/imagery/sp/SP_4_14/2026-06-09/sentinel_analysis.tif (AOI clouds 98.9%)
OK sp/SP_4_14/2026-06-11: /Users/korneev/Desktop/water-regime-gis/outputs/imagery/sp/SP_4_14/2026-06-11/sentinel_analysis.tif (AOI clouds 8.8%)
OK sp/SP_4_14/2026-07-14: /Users/korneev/Desktop/water-regime-gis/outputs/imagery/sp/SP_4_14/2026-07-14/sentinel_analysis.tif (AOI clouds 0.0%)
OK sp/SP_4_14/2026-07-19: /Users/korneev/Desktop/water-regime-gis/outputs/imagery/sp/SP_4_14/2026-07-19/sentinel_analysis.tif (AOI clouds 0.0%)
OK sp/SP_4_14/2026-07-28: /Users/korneev/Desktop/water-regime-gis/outputs/imagery/sp/SP_4_14/2026-07-28/sentinel_analysis.tif (AOI clouds 100.0%)
OK sp/SP_4_14/2026-07-31: /Users/korneev/Desktop/water-regime-gis/outputs/imagery/sp/SP_4_14/2026-07-31/sentinel_analysis.tif (AOI clouds 13.1%)
OK sp/SP_4_14/2026-08-10: /Users/korneev/Desktop/water-regime-gis/outputs/imagery/sp/SP_4_14/2026-08-10/sentinel_analysis.tif (AOI clouds 0.0%)
OK sp/SP_4_15/2026-04-22: /Users/korneev/Desktop/water-regime-gis/outputs/imagery/sp/SP_4_15/2026-04-22/sentinel_analysis.tif (AOI clouds 0.0%)
OK sp/SP_4_15/2026-05-05: /Users/korneev/Desktop/water-regime-gis/outputs/imagery/sp/SP_4_15/2026-05-05/sentinel_analysis.tif (AOI clouds 0.0%)
OK sp/SP_4_15/2026-05-07: /Users/korneev/Desktop/water-regime-gis/outputs/imagery/sp/SP_4_15/2026-05-07/sentinel_analysis.tif (AOI clouds 0.0%)
OK sp/SP_4_15/2026-05-17: /Users/korneev/Desktop/water-regime-gis/outputs/imagery/sp/SP_4_15/2026-05-17/sentinel_analysis.tif (AOI clouds 100.0%)
OK sp/SP_4_15/2026-05-20: /Users/korneev/Desktop/water-regime-gis/outputs/imagery/sp/SP_4_15/2026-05-20/sentinel_analysis.tif (AOI clouds 0.0%)
OK sp/SP_4_15/2026-05-22: /Users/korneev/Desktop/water-regime-gis/outputs/imagery/sp/SP_4_15/2026-05-22/sentinel_analysis.tif (AOI clouds 0.0%)
OK sp/SP_4_15/2026-06-06: /Users/korneev/Desktop/water-regime-gis/outputs/imagery/sp/SP_4_15/2026-06-06/sentinel_analysis.tif (AOI clouds 0.0%)
OK sp/SP_4_15/2026-06-08: /Users/korneev/Desktop/water-regime-gis/outputs/imagery/sp/SP_4_15/2026-06-08/sentinel_analysis.tif (AOI clouds 0.0%)
OK sp/SP_4_15/2026-06-09: /Users/korneev/Desktop/water-regime-gis/outputs/imagery/sp/SP_4_15/2026-06-09/sentinel_analysis.tif (AOI clouds 100.0%)
OK sp/SP_4_15/2026-06-11: /Users/korneev/Desktop/water-regime-gis/outputs/imagery/sp/SP_4_15/2026-06-11/sentinel_analysis.tif (AOI clouds 11.8%)
OK sp/SP_4_15/2026-07-14: /Users/korneev/Desktop/water-regime-gis/outputs/imagery/sp/SP_4_15/2026-07-14/sentinel_analysis.tif (AOI clouds 13.7%)
OK sp/SP_4_15/2026-07-19: /Users/korneev/Desktop/water-regime-gis/outputs/imagery/sp/SP_4_15/2026-07-19/sentinel_analysis.tif (AOI clouds 0.0%)
OK sp/SP_4_15/2026-07-28: /Users/korneev/Desktop/water-regime-gis/outputs/imagery/sp/SP_4_15/2026-07-28/sentinel_analysis.tif (AOI clouds 100.0%)
OK sp/SP_4_15/2026-07-31: /Users/korneev/Desktop/water-regime-gis/outputs/imagery/sp/SP_4_15/2026-07-31/sentinel_analysis.tif (AOI clouds 22.6%)
OK sp/SP_4_15/2026-08-10: /Users/korneev/Desktop/water-regime-gis/outputs/imagery/sp/SP_4_15/2026-08-10/sentinel_analysis.tif (AOI clouds 0.0%)
OK sp/SP_4_16/2026-04-22: /Users/korneev/Desktop/water-regime-gis/outputs/imagery/sp/SP_4_16/2026-04-22/sentinel_analysis.tif (AOI clouds 0.0%)
OK sp/SP_4_16/2026-05-05: /Users/korneev/Desktop/water-regime-gis/outputs/imagery/sp/SP_4_16/2026-05-05/sentinel_analysis.tif (AOI clouds 16.1%)
OK sp/SP_4_16/2026-05-07: /Users/korneev/Desktop/water-regime-gis/outputs/imagery/sp/SP_4_16/2026-05-07/sentinel_analysis.tif (AOI clouds 0.0%)
OK sp/SP_4_16/2026-05-17: /Users/korneev/Desktop/water-regime-gis/outputs/imagery/sp/SP_4_16/2026-05-17/sentinel_analysis.tif (AOI clouds 100.0%)
OK sp/SP_4_16/2026-05-20: /Users/korneev/Desktop/water-regime-gis/outputs/imagery/sp/SP_4_16/2026-05-20/sentinel_analysis.tif (AOI clouds 0.0%)
OK sp/SP_4_16/2026-05-22: /Users/korneev/Desktop/water-regime-gis/outputs/imagery/sp/SP_4_16/2026-05-22/sentinel_analysis.tif (AOI clouds 0.0%)
OK sp/SP_4_16/2026-06-06: /Users/korneev/Desktop/water-regime-gis/outputs/imagery/sp/SP_4_16/2026-06-06/sentinel_analysis.tif (AOI clouds 0.0%)
OK sp/SP_4_16/2026-06-08: /Users/korneev/Desktop/water-regime-gis/outputs/imagery/sp/SP_4_16/2026-06-08/sentinel_analysis.tif (AOI clouds 0.0%)
OK sp/SP_4_16/2026-06-09: /Users/korneev/Desktop/water-regime-gis/outputs/imagery/sp/SP_4_16/2026-06-09/sentinel_analysis.tif (AOI clouds 100.0%)
OK sp/SP_4_16/2026-06-11: /Users/korneev/Desktop/water-regime-gis/outputs/imagery/sp/SP_4_16/2026-06-11/sentinel_analysis.tif (AOI clouds 39.3%)
OK sp/SP_4_16/2026-07-14: /Users/korneev/Desktop/water-regime-gis/outputs/imagery/sp/SP_4_16/2026-07-14/sentinel_analysis.tif (AOI clouds 0.0%)
OK sp/SP_4_16/2026-07-19: /Users/korneev/Desktop/water-regime-gis/outputs/imagery/sp/SP_4_16/2026-07-19/sentinel_analysis.tif (AOI clouds 0.0%)
OK sp/SP_4_16/2026-07-28: /Users/korneev/Desktop/water-regime-gis/outputs/imagery/sp/SP_4_16/2026-07-28/sentinel_analysis.tif (AOI clouds 89.2%)
OK sp/SP_4_16/2026-07-31: /Users/korneev/Desktop/water-regime-gis/outputs/imagery/sp/SP_4_16/2026-07-31/sentinel_analysis.tif (AOI clouds 0.3%)
OK sp/SP_4_16/2026-08-10: /Users/korneev/Desktop/water-regime-gis/outputs/imagery/sp/SP_4_16/2026-08-10/sentinel_analysis.tif (AOI clouds 0.0%)
OK sp/SP_4_17/2026-04-22: /Users/korneev/Desktop/water-regime-gis/outputs/imagery/sp/SP_4_17/2026-04-22/sentinel_analysis.tif (AOI clouds 0.0%)
OK sp/SP_4_17/2026-05-05: /Users/korneev/Desktop/water-regime-gis/outputs/imagery/sp/SP_4_17/2026-05-05/sentinel_analysis.tif (AOI clouds 0.0%)
OK sp/SP_4_17/2026-05-07: /Users/korneev/Desktop/water-regime-gis/outputs/imagery/sp/SP_4_17/2026-05-07/sentinel_analysis.tif (AOI clouds 0.0%)
OK sp/SP_4_17/2026-05-17: /Users/korneev/Desktop/water-regime-gis/outputs/imagery/sp/SP_4_17/2026-05-17/sentinel_analysis.tif (AOI clouds 100.0%)
OK sp/SP_4_17/2026-05-20: /Users/korneev/Desktop/water-regime-gis/outputs/imagery/sp/SP_4_17/2026-05-20/sentinel_analysis.tif (AOI clouds 0.0%)
OK sp/SP_4_17/2026-05-22: /Users/korneev/Desktop/water-regime-gis/outputs/imagery/sp/SP_4_17/2026-05-22/sentinel_analysis.tif (AOI clouds 0.0%)
OK sp/SP_4_17/2026-06-06: /Users/korneev/Desktop/water-regime-gis/outputs/imagery/sp/SP_4_17/2026-06-06/sentinel_analysis.tif (AOI clouds 0.0%)
OK sp/SP_4_17/2026-06-08: /Users/korneev/Desktop/water-regime-gis/outputs/imagery/sp/SP_4_17/2026-06-08/sentinel_analysis.tif (AOI clouds 0.0%)
OK sp/SP_4_17/2026-06-09: /Users/korneev/Desktop/water-regime-gis/outputs/imagery/sp/SP_4_17/2026-06-09/sentinel_analysis.tif (AOI clouds 100.0%)
OK sp/SP_4_17/2026-06-11: /Users/korneev/Desktop/water-regime-gis/outputs/imagery/sp/SP_4_17/2026-06-11/sentinel_analysis.tif (AOI clouds 1.8%)
OK sp/SP_4_17/2026-07-14: /Users/korneev/Desktop/water-regime-gis/outputs/imagery/sp/SP_4_17/2026-07-14/sentinel_analysis.tif (AOI clouds 0.0%)
OK sp/SP_4_17/2026-07-19: /Users/korneev/Desktop/water-regime-gis/outputs/imagery/sp/SP_4_17/2026-07-19/sentinel_analysis.tif (AOI clouds 0.0%)
OK sp/SP_4_17/2026-07-28: /Users/korneev/Desktop/water-regime-gis/outputs/imagery/sp/SP_4_17/2026-07-28/sentinel_analysis.tif (AOI clouds 81.4%)
OK sp/SP_4_17/2026-07-31: /Users/korneev/Desktop/water-regime-gis/outputs/imagery/sp/SP_4_17/2026-07-31/sentinel_analysis.tif (AOI clouds 0.0%)
OK sp/SP_4_17/2026-08-10: /Users/korneev/Desktop/water-regime-gis/outputs/imagery/sp/SP_4_17/2026-08-10/sentinel_analysis.tif (AOI clouds 0.0%)
OK sp/SP_4_18/2026-04-22: /Users/korneev/Desktop/water-regime-gis/outputs/imagery/sp/SP_4_18/2026-04-22/sentinel_analysis.tif (AOI clouds 0.0%)
OK sp/SP_4_18/2026-05-05: /Users/korneev/Desktop/water-regime-gis/outputs/imagery/sp/SP_4_18/2026-05-05/sentinel_analysis.tif (AOI clouds 0.0%)
OK sp/SP_4_18/2026-05-07: /Users/korneev/Desktop/water-regime-gis/outputs/imagery/sp/SP_4_18/2026-05-07/sentinel_analysis.tif (AOI clouds 0.0%)
OK sp/SP_4_18/2026-05-17: /Users/korneev/Desktop/water-regime-gis/outputs/imagery/sp/SP_4_18/2026-05-17/sentinel_analysis.tif (AOI clouds 100.0%)
OK sp/SP_4_18/2026-05-20: /Users/korneev/Desktop/water-regime-gis/outputs/imagery/sp/SP_4_18/2026-05-20/sentinel_analysis.tif (AOI clouds 0.0%)
OK sp/SP_4_18/2026-05-22: /Users/korneev/Desktop/water-regime-gis/outputs/imagery/sp/SP_4_18/2026-05-22/sentinel_analysis.tif (AOI clouds 0.0%)
OK sp/SP_4_18/2026-06-06: /Users/korneev/Desktop/water-regime-gis/outputs/imagery/sp/SP_4_18/2026-06-06/sentinel_analysis.tif (AOI clouds 0.0%)
OK sp/SP_4_18/2026-06-08: /Users/korneev/Desktop/water-regime-gis/outputs/imagery/sp/SP_4_18/2026-06-08/sentinel_analysis.tif (AOI clouds 11.6%)
OK sp/SP_4_18/2026-06-09: /Users/korneev/Desktop/water-regime-gis/outputs/imagery/sp/SP_4_18/2026-06-09/sentinel_analysis.tif (AOI clouds 53.8%)
OK sp/SP_4_18/2026-06-11: /Users/korneev/Desktop/water-regime-gis/outputs/imagery/sp/SP_4_18/2026-06-11/sentinel_analysis.tif (AOI clouds 87.7%)
OK sp/SP_4_18/2026-07-14: /Users/korneev/Desktop/water-regime-gis/outputs/imagery/sp/SP_4_18/2026-07-14/sentinel_analysis.tif (AOI clouds 0.0%)
OK sp/SP_4_18/2026-07-19: /Users/korneev/Desktop/water-regime-gis/outputs/imagery/sp/SP_4_18/2026-07-19/sentinel_analysis.tif (AOI clouds 0.0%)
OK sp/SP_4_18/2026-07-28: /Users/korneev/Desktop/water-regime-gis/outputs/imagery/sp/SP_4_18/2026-07-28/sentinel_analysis.tif (AOI clouds 69.8%)
OK sp/SP_4_18/2026-07-31: /Users/korneev/Desktop/water-regime-gis/outputs/imagery/sp/SP_4_18/2026-07-31/sentinel_analysis.tif (AOI clouds 34.1%)
OK sp/SP_4_18/2026-08-10: /Users/korneev/Desktop/water-regime-gis/outputs/imagery/sp/SP_4_18/2026-08-10/sentinel_analysis.tif (AOI clouds 89.3%)
OK sp/SP_4_19/2026-04-22: /Users/korneev/Desktop/water-regime-gis/outputs/imagery/sp/SP_4_19/2026-04-22/sentinel_analysis.tif (AOI clouds 0.0%)
OK sp/SP_4_19/2026-05-05: /Users/korneev/Desktop/water-regime-gis/outputs/imagery/sp/SP_4_19/2026-05-05/sentinel_analysis.tif (AOI clouds 0.0%)
OK sp/SP_4_19/2026-05-07: /Users/korneev/Desktop/water-regime-gis/outputs/imagery/sp/SP_4_19/2026-05-07/sentinel_analysis.tif (AOI clouds 0.0%)
OK sp/SP_4_19/2026-05-17: /Users/korneev/Desktop/water-regime-gis/outputs/imagery/sp/SP_4_19/2026-05-17/sentinel_analysis.tif (AOI clouds 100.0%)
OK sp/SP_4_19/2026-05-20: /Users/korneev/Desktop/water-regime-gis/outputs/imagery/sp/SP_4_19/2026-05-20/sentinel_analysis.tif (AOI clouds 0.0%)
OK sp/SP_4_19/2026-05-22: /Users/korneev/Desktop/water-regime-gis/outputs/imagery/sp/SP_4_19/2026-05-22/sentinel_analysis.tif (AOI clouds 0.0%)
OK sp/SP_4_19/2026-06-06: /Users/korneev/Desktop/water-regime-gis/outputs/imagery/sp/SP_4_19/2026-06-06/sentinel_analysis.tif (AOI clouds 0.0%)
OK sp/SP_4_19/2026-06-08: /Users/korneev/Desktop/water-regime-gis/outputs/imagery/sp/SP_4_19/2026-06-08/sentinel_analysis.tif (AOI clouds 0.0%)
OK sp/SP_4_19/2026-06-09: /Users/korneev/Desktop/water-regime-gis/outputs/imagery/sp/SP_4_19/2026-06-09/sentinel_analysis.tif (AOI clouds 100.0%)
OK sp/SP_4_19/2026-06-11: /Users/korneev/Desktop/water-regime-gis/outputs/imagery/sp/SP_4_19/2026-06-11/sentinel_analysis.tif (AOI clouds 36.5%)
OK sp/SP_4_19/2026-07-14: /Users/korneev/Desktop/water-regime-gis/outputs/imagery/sp/SP_4_19/2026-07-14/sentinel_analysis.tif (AOI clouds 70.1%)
OK sp/SP_4_19/2026-07-19: /Users/korneev/Desktop/water-regime-gis/outputs/imagery/sp/SP_4_19/2026-07-19/sentinel_analysis.tif (AOI clouds 0.0%)
OK sp/SP_4_19/2026-07-28: /Users/korneev/Desktop/water-regime-gis/outputs/imagery/sp/SP_4_19/2026-07-28/sentinel_analysis.tif (AOI clouds 88.4%)
OK sp/SP_4_19/2026-07-31: /Users/korneev/Desktop/water-regime-gis/outputs/imagery/sp/SP_4_19/2026-07-31/sentinel_analysis.tif (AOI clouds 98.7%)
OK sp/SP_4_19/2026-08-10: /Users/korneev/Desktop/water-regime-gis/outputs/imagery/sp/SP_4_19/2026-08-10/sentinel_analysis.tif (AOI clouds 0.0%)
OK sp/SP_4_2/2026-04-22: /Users/korneev/Desktop/water-regime-gis/outputs/imagery/sp/SP_4_2/2026-04-22/sentinel_analysis.tif (AOI clouds 0.0%)
OK sp/SP_4_2/2026-05-05: /Users/korneev/Desktop/water-regime-gis/outputs/imagery/sp/SP_4_2/2026-05-05/sentinel_analysis.tif (AOI clouds 0.0%)
OK sp/SP_4_2/2026-05-07: /Users/korneev/Desktop/water-regime-gis/outputs/imagery/sp/SP_4_2/2026-05-07/sentinel_analysis.tif (AOI clouds 0.0%)
OK sp/SP_4_2/2026-05-17: /Users/korneev/Desktop/water-regime-gis/outputs/imagery/sp/SP_4_2/2026-05-17/sentinel_analysis.tif (AOI clouds 100.0%)
OK sp/SP_4_2/2026-05-20: /Users/korneev/Desktop/water-regime-gis/outputs/imagery/sp/SP_4_2/2026-05-20/sentinel_analysis.tif (AOI clouds 0.0%)
OK sp/SP_4_2/2026-05-22: /Users/korneev/Desktop/water-regime-gis/outputs/imagery/sp/SP_4_2/2026-05-22/sentinel_analysis.tif (AOI clouds 0.0%)
OK sp/SP_4_2/2026-06-06: /Users/korneev/Desktop/water-regime-gis/outputs/imagery/sp/SP_4_2/2026-06-06/sentinel_analysis.tif (AOI clouds 0.0%)
OK sp/SP_4_2/2026-06-08: /Users/korneev/Desktop/water-regime-gis/outputs/imagery/sp/SP_4_2/2026-06-08/sentinel_analysis.tif (AOI clouds 57.3%)
OK sp/SP_4_2/2026-06-09: /Users/korneev/Desktop/water-regime-gis/outputs/imagery/sp/SP_4_2/2026-06-09/sentinel_analysis.tif (AOI clouds 100.0%)
OK sp/SP_4_2/2026-06-11: /Users/korneev/Desktop/water-regime-gis/outputs/imagery/sp/SP_4_2/2026-06-11/sentinel_analysis.tif (AOI clouds 100.0%)
OK sp/SP_4_2/2026-07-14: /Users/korneev/Desktop/water-regime-gis/outputs/imagery/sp/SP_4_2/2026-07-14/sentinel_analysis.tif (AOI clouds 81.0%)
OK sp/SP_4_2/2026-07-19: /Users/korneev/Desktop/water-regime-gis/outputs/imagery/sp/SP_4_2/2026-07-19/sentinel_analysis.tif (AOI clouds 0.0%)
OK sp/SP_4_2/2026-07-28: /Users/korneev/Desktop/water-regime-gis/outputs/imagery/sp/SP_4_2/2026-07-28/sentinel_analysis.tif (AOI clouds 100.0%)
OK sp/SP_4_2/2026-07-31: /Users/korneev/Desktop/water-regime-gis/outputs/imagery/sp/SP_4_2/2026-07-31/sentinel_analysis.tif (AOI clouds 26.2%)
OK sp/SP_4_2/2026-08-10: /Users/korneev/Desktop/water-regime-gis/outputs/imagery/sp/SP_4_2/2026-08-10/sentinel_analysis.tif (AOI clouds 0.0%)
OK sp/SP_4_20/2026-04-22: /Users/korneev/Desktop/water-regime-gis/outputs/imagery/sp/SP_4_20/2026-04-22/sentinel_analysis.tif (AOI clouds 0.0%)
OK sp/SP_4_20/2026-05-05: /Users/korneev/Desktop/water-regime-gis/outputs/imagery/sp/SP_4_20/2026-05-05/sentinel_analysis.tif (AOI clouds 0.0%)
OK sp/SP_4_20/2026-05-07: /Users/korneev/Desktop/water-regime-gis/outputs/imagery/sp/SP_4_20/2026-05-07/sentinel_analysis.tif (AOI clouds 0.0%)
OK sp/SP_4_20/2026-05-17: /Users/korneev/Desktop/water-regime-gis/outputs/imagery/sp/SP_4_20/2026-05-17/sentinel_analysis.tif (AOI clouds 100.0%)
OK sp/SP_4_20/2026-05-20: /Users/korneev/Desktop/water-regime-gis/outputs/imagery/sp/SP_4_20/2026-05-20/sentinel_analysis.tif (AOI clouds 0.0%)
OK sp/SP_4_20/2026-05-22: /Users/korneev/Desktop/water-regime-gis/outputs/imagery/sp/SP_4_20/2026-05-22/sentinel_analysis.tif (AOI clouds 0.0%)
OK sp/SP_4_20/2026-06-06: /Users/korneev/Desktop/water-regime-gis/outputs/imagery/sp/SP_4_20/2026-06-06/sentinel_analysis.tif (AOI clouds 0.0%)
OK sp/SP_4_20/2026-06-08: /Users/korneev/Desktop/water-regime-gis/outputs/imagery/sp/SP_4_20/2026-06-08/sentinel_analysis.tif (AOI clouds 0.0%)
OK sp/SP_4_20/2026-06-09: /Users/korneev/Desktop/water-regime-gis/outputs/imagery/sp/SP_4_20/2026-06-09/sentinel_analysis.tif (AOI clouds 100.0%)
OK sp/SP_4_20/2026-06-11: /Users/korneev/Desktop/water-regime-gis/outputs/imagery/sp/SP_4_20/2026-06-11/sentinel_analysis.tif (AOI clouds 65.5%)
OK sp/SP_4_20/2026-07-14: /Users/korneev/Desktop/water-regime-gis/outputs/imagery/sp/SP_4_20/2026-07-14/sentinel_analysis.tif (AOI clouds 3.0%)
OK sp/SP_4_20/2026-07-19: /Users/korneev/Desktop/water-regime-gis/outputs/imagery/sp/SP_4_20/2026-07-19/sentinel_analysis.tif (AOI clouds 0.0%)
OK sp/SP_4_20/2026-07-28: /Users/korneev/Desktop/water-regime-gis/outputs/imagery/sp/SP_4_20/2026-07-28/sentinel_analysis.tif (AOI clouds 55.5%)
OK sp/SP_4_20/2026-07-31: /Users/korneev/Desktop/water-regime-gis/outputs/imagery/sp/SP_4_20/2026-07-31/sentinel_analysis.tif (AOI clouds 70.4%)
OK sp/SP_4_20/2026-08-10: /Users/korneev/Desktop/water-regime-gis/outputs/imagery/sp/SP_4_20/2026-08-10/sentinel_analysis.tif (AOI clouds 13.8%)
OK sp/SP_4_21/2026-04-22: /Users/korneev/Desktop/water-regime-gis/outputs/imagery/sp/SP_4_21/2026-04-22/sentinel_analysis.tif (AOI clouds 0.0%)
OK sp/SP_4_21/2026-05-05: /Users/korneev/Desktop/water-regime-gis/outputs/imagery/sp/SP_4_21/2026-05-05/sentinel_analysis.tif (AOI clouds 0.0%)
OK sp/SP_4_21/2026-05-07: /Users/korneev/Desktop/water-regime-gis/outputs/imagery/sp/SP_4_21/2026-05-07/sentinel_analysis.tif (AOI clouds 0.0%)
OK sp/SP_4_21/2026-05-17: /Users/korneev/Desktop/water-regime-gis/outputs/imagery/sp/SP_4_21/2026-05-17/sentinel_analysis.tif (AOI clouds 100.0%)
OK sp/SP_4_21/2026-05-20: /Users/korneev/Desktop/water-regime-gis/outputs/imagery/sp/SP_4_21/2026-05-20/sentinel_analysis.tif (AOI clouds 0.0%)
OK sp/SP_4_21/2026-05-22: /Users/korneev/Desktop/water-regime-gis/outputs/imagery/sp/SP_4_21/2026-05-22/sentinel_analysis.tif (AOI clouds 0.0%)
OK sp/SP_4_21/2026-06-06: /Users/korneev/Desktop/water-regime-gis/outputs/imagery/sp/SP_4_21/2026-06-06/sentinel_analysis.tif (AOI clouds 0.0%)
OK sp/SP_4_21/2026-06-08: /Users/korneev/Desktop/water-regime-gis/outputs/imagery/sp/SP_4_21/2026-06-08/sentinel_analysis.tif (AOI clouds 0.0%)
OK sp/SP_4_21/2026-06-09: /Users/korneev/Desktop/water-regime-gis/outputs/imagery/sp/SP_4_21/2026-06-09/sentinel_analysis.tif (AOI clouds 100.0%)
OK sp/SP_4_21/2026-06-11: /Users/korneev/Desktop/water-regime-gis/outputs/imagery/sp/SP_4_21/2026-06-11/sentinel_analysis.tif (AOI clouds 50.2%)
OK sp/SP_4_21/2026-07-14: /Users/korneev/Desktop/water-regime-gis/outputs/imagery/sp/SP_4_21/2026-07-14/sentinel_analysis.tif (AOI clouds 0.0%)
OK sp/SP_4_21/2026-07-19: /Users/korneev/Desktop/water-regime-gis/outputs/imagery/sp/SP_4_21/2026-07-19/sentinel_analysis.tif (AOI clouds 0.0%)
OK sp/SP_4_21/2026-07-28: /Users/korneev/Desktop/water-regime-gis/outputs/imagery/sp/SP_4_21/2026-07-28/sentinel_analysis.tif (AOI clouds 28.1%)
OK sp/SP_4_21/2026-07-31: /Users/korneev/Desktop/water-regime-gis/outputs/imagery/sp/SP_4_21/2026-07-31/sentinel_analysis.tif (AOI clouds 70.4%)
OK sp/SP_4_21/2026-08-10: /Users/korneev/Desktop/water-regime-gis/outputs/imagery/sp/SP_4_21/2026-08-10/sentinel_analysis.tif (AOI clouds 17.3%)
OK sp/SP_4_22/2026-04-22: /Users/korneev/Desktop/water-regime-gis/outputs/imagery/sp/SP_4_22/2026-04-22/sentinel_analysis.tif (AOI clouds 0.0%)
OK sp/SP_4_22/2026-05-05: /Users/korneev/Desktop/water-regime-gis/outputs/imagery/sp/SP_4_22/2026-05-05/sentinel_analysis.tif (AOI clouds 0.0%)
OK sp/SP_4_22/2026-05-07: /Users/korneev/Desktop/water-regime-gis/outputs/imagery/sp/SP_4_22/2026-05-07/sentinel_analysis.tif (AOI clouds 0.0%)
OK sp/SP_4_22/2026-05-17: /Users/korneev/Desktop/water-regime-gis/outputs/imagery/sp/SP_4_22/2026-05-17/sentinel_analysis.tif (AOI clouds 100.0%)
OK sp/SP_4_22/2026-05-20: /Users/korneev/Desktop/water-regime-gis/outputs/imagery/sp/SP_4_22/2026-05-20/sentinel_analysis.tif (AOI clouds 0.0%)
OK sp/SP_4_22/2026-05-22: /Users/korneev/Desktop/water-regime-gis/outputs/imagery/sp/SP_4_22/2026-05-22/sentinel_analysis.tif (AOI clouds 0.0%)
OK sp/SP_4_22/2026-06-06: /Users/korneev/Desktop/water-regime-gis/outputs/imagery/sp/SP_4_22/2026-06-06/sentinel_analysis.tif (AOI clouds 0.0%)
OK sp/SP_4_22/2026-06-08: /Users/korneev/Desktop/water-regime-gis/outputs/imagery/sp/SP_4_22/2026-06-08/sentinel_analysis.tif (AOI clouds 0.0%)
OK sp/SP_4_22/2026-06-09: /Users/korneev/Desktop/water-regime-gis/outputs/imagery/sp/SP_4_22/2026-06-09/sentinel_analysis.tif (AOI clouds 100.0%)
OK sp/SP_4_22/2026-06-11: /Users/korneev/Desktop/water-regime-gis/outputs/imagery/sp/SP_4_22/2026-06-11/sentinel_analysis.tif (AOI clouds 100.0%)
OK sp/SP_4_22/2026-07-14: /Users/korneev/Desktop/water-regime-gis/outputs/imagery/sp/SP_4_22/2026-07-14/sentinel_analysis.tif (AOI clouds 0.0%)
OK sp/SP_4_22/2026-07-19: /Users/korneev/Desktop/water-regime-gis/outputs/imagery/sp/SP_4_22/2026-07-19/sentinel_analysis.tif (AOI clouds 0.0%)
OK sp/SP_4_22/2026-07-28: /Users/korneev/Desktop/water-regime-gis/outputs/imagery/sp/SP_4_22/2026-07-28/sentinel_analysis.tif (AOI clouds 0.4%)
OK sp/SP_4_22/2026-07-31: /Users/korneev/Desktop/water-regime-gis/outputs/imagery/sp/SP_4_22/2026-07-31/sentinel_analysis.tif (AOI clouds 44.0%)
OK sp/SP_4_22/2026-08-10: /Users/korneev/Desktop/water-regime-gis/outputs/imagery/sp/SP_4_22/2026-08-10/sentinel_analysis.tif (AOI clouds 0.0%)
OK sp/SP_4_23/2026-04-22: /Users/korneev/Desktop/water-regime-gis/outputs/imagery/sp/SP_4_23/2026-04-22/sentinel_analysis.tif (AOI clouds 0.0%)
OK sp/SP_4_23/2026-05-05: /Users/korneev/Desktop/water-regime-gis/outputs/imagery/sp/SP_4_23/2026-05-05/sentinel_analysis.tif (AOI clouds 0.0%)
OK sp/SP_4_23/2026-05-07: /Users/korneev/Desktop/water-regime-gis/outputs/imagery/sp/SP_4_23/2026-05-07/sentinel_analysis.tif (AOI clouds 0.0%)
OK sp/SP_4_23/2026-05-17: /Users/korneev/Desktop/water-regime-gis/outputs/imagery/sp/SP_4_23/2026-05-17/sentinel_analysis.tif (AOI clouds 100.0%)
OK sp/SP_4_23/2026-05-20: /Users/korneev/Desktop/water-regime-gis/outputs/imagery/sp/SP_4_23/2026-05-20/sentinel_analysis.tif (AOI clouds 0.0%)
OK sp/SP_4_23/2026-05-22: /Users/korneev/Desktop/water-regime-gis/outputs/imagery/sp/SP_4_23/2026-05-22/sentinel_analysis.tif (AOI clouds 0.0%)
OK sp/SP_4_23/2026-06-06: /Users/korneev/Desktop/water-regime-gis/outputs/imagery/sp/SP_4_23/2026-06-06/sentinel_analysis.tif (AOI clouds 0.0%)
OK sp/SP_4_23/2026-06-08: /Users/korneev/Desktop/water-regime-gis/outputs/imagery/sp/SP_4_23/2026-06-08/sentinel_analysis.tif (AOI clouds 0.0%)
OK sp/SP_4_23/2026-06-09: /Users/korneev/Desktop/water-regime-gis/outputs/imagery/sp/SP_4_23/2026-06-09/sentinel_analysis.tif (AOI clouds 100.0%)
OK sp/SP_4_23/2026-06-11: /Users/korneev/Desktop/water-regime-gis/outputs/imagery/sp/SP_4_23/2026-06-11/sentinel_analysis.tif (AOI clouds 0.0%)
OK sp/SP_4_23/2026-07-14: /Users/korneev/Desktop/water-regime-gis/outputs/imagery/sp/SP_4_23/2026-07-14/sentinel_analysis.tif (AOI clouds 0.0%)
OK sp/SP_4_23/2026-07-19: /Users/korneev/Desktop/water-regime-gis/outputs/imagery/sp/SP_4_23/2026-07-19/sentinel_analysis.tif (AOI clouds 0.0%)
OK sp/SP_4_23/2026-07-28: /Users/korneev/Desktop/water-regime-gis/outputs/imagery/sp/SP_4_23/2026-07-28/sentinel_analysis.tif (AOI clouds 88.4%)
OK sp/SP_4_23/2026-07-31: /Users/korneev/Desktop/water-regime-gis/outputs/imagery/sp/SP_4_23/2026-07-31/sentinel_analysis.tif (AOI clouds 29.1%)
OK sp/SP_4_23/2026-08-10: /Users/korneev/Desktop/water-regime-gis/outputs/imagery/sp/SP_4_23/2026-08-10/sentinel_analysis.tif (AOI clouds 0.0%)
OK sp/SP_4_24/2026-04-22: /Users/korneev/Desktop/water-regime-gis/outputs/imagery/sp/SP_4_24/2026-04-22/sentinel_analysis.tif (AOI clouds 0.0%)
OK sp/SP_4_24/2026-05-05: /Users/korneev/Desktop/water-regime-gis/outputs/imagery/sp/SP_4_24/2026-05-05/sentinel_analysis.tif (AOI clouds 0.0%)
OK sp/SP_4_24/2026-05-07: /Users/korneev/Desktop/water-regime-gis/outputs/imagery/sp/SP_4_24/2026-05-07/sentinel_analysis.tif (AOI clouds 0.0%)
OK sp/SP_4_24/2026-05-17: /Users/korneev/Desktop/water-regime-gis/outputs/imagery/sp/SP_4_24/2026-05-17/sentinel_analysis.tif (AOI clouds 100.0%)
OK sp/SP_4_24/2026-05-20: /Users/korneev/Desktop/water-regime-gis/outputs/imagery/sp/SP_4_24/2026-05-20/sentinel_analysis.tif (AOI clouds 0.0%)
OK sp/SP_4_24/2026-05-22: /Users/korneev/Desktop/water-regime-gis/outputs/imagery/sp/SP_4_24/2026-05-22/sentinel_analysis.tif (AOI clouds 0.0%)
OK sp/SP_4_24/2026-06-06: /Users/korneev/Desktop/water-regime-gis/outputs/imagery/sp/SP_4_24/2026-06-06/sentinel_analysis.tif (AOI clouds 0.0%)
OK sp/SP_4_24/2026-06-08: /Users/korneev/Desktop/water-regime-gis/outputs/imagery/sp/SP_4_24/2026-06-08/sentinel_analysis.tif (AOI clouds 0.0%)
OK sp/SP_4_24/2026-06-09: /Users/korneev/Desktop/water-regime-gis/outputs/imagery/sp/SP_4_24/2026-06-09/sentinel_analysis.tif (AOI clouds 100.0%)
OK sp/SP_4_24/2026-06-11: /Users/korneev/Desktop/water-regime-gis/outputs/imagery/sp/SP_4_24/2026-06-11/sentinel_analysis.tif (AOI clouds 24.0%)
OK sp/SP_4_24/2026-07-14: /Users/korneev/Desktop/water-regime-gis/outputs/imagery/sp/SP_4_24/2026-07-14/sentinel_analysis.tif (AOI clouds 0.0%)
OK sp/SP_4_24/2026-07-19: /Users/korneev/Desktop/water-regime-gis/outputs/imagery/sp/SP_4_24/2026-07-19/sentinel_analysis.tif (AOI clouds 0.0%)
OK sp/SP_4_24/2026-07-28: /Users/korneev/Desktop/water-regime-gis/outputs/imagery/sp/SP_4_24/2026-07-28/sentinel_analysis.tif (AOI clouds 58.0%)
OK sp/SP_4_24/2026-07-31: /Users/korneev/Desktop/water-regime-gis/outputs/imagery/sp/SP_4_24/2026-07-31/sentinel_analysis.tif (AOI clouds 0.0%)
OK sp/SP_4_24/2026-08-10: /Users/korneev/Desktop/water-regime-gis/outputs/imagery/sp/SP_4_24/2026-08-10/sentinel_analysis.tif (AOI clouds 0.0%)
OK sp/SP_4_25/2026-04-22: /Users/korneev/Desktop/water-regime-gis/outputs/imagery/sp/SP_4_25/2026-04-22/sentinel_analysis.tif (AOI clouds 0.0%)
OK sp/SP_4_25/2026-05-05: /Users/korneev/Desktop/water-regime-gis/outputs/imagery/sp/SP_4_25/2026-05-05/sentinel_analysis.tif (AOI clouds 0.0%)
OK sp/SP_4_25/2026-05-07: /Users/korneev/Desktop/water-regime-gis/outputs/imagery/sp/SP_4_25/2026-05-07/sentinel_analysis.tif (AOI clouds 0.0%)
OK sp/SP_4_25/2026-05-17: /Users/korneev/Desktop/water-regime-gis/outputs/imagery/sp/SP_4_25/2026-05-17/sentinel_analysis.tif (AOI clouds 100.0%)
OK sp/SP_4_25/2026-05-20: /Users/korneev/Desktop/water-regime-gis/outputs/imagery/sp/SP_4_25/2026-05-20/sentinel_analysis.tif (AOI clouds 0.0%)
OK sp/SP_4_25/2026-05-22: /Users/korneev/Desktop/water-regime-gis/outputs/imagery/sp/SP_4_25/2026-05-22/sentinel_analysis.tif (AOI clouds 0.0%)
OK sp/SP_4_25/2026-06-06: /Users/korneev/Desktop/water-regime-gis/outputs/imagery/sp/SP_4_25/2026-06-06/sentinel_analysis.tif (AOI clouds 0.0%)
OK sp/SP_4_25/2026-06-08: /Users/korneev/Desktop/water-regime-gis/outputs/imagery/sp/SP_4_25/2026-06-08/sentinel_analysis.tif (AOI clouds 15.1%)
OK sp/SP_4_25/2026-06-09: /Users/korneev/Desktop/water-regime-gis/outputs/imagery/sp/SP_4_25/2026-06-09/sentinel_analysis.tif (AOI clouds 99.9%)
OK sp/SP_4_25/2026-06-11: /Users/korneev/Desktop/water-regime-gis/outputs/imagery/sp/SP_4_25/2026-06-11/sentinel_analysis.tif (AOI clouds 71.0%)
OK sp/SP_4_25/2026-07-14: /Users/korneev/Desktop/water-regime-gis/outputs/imagery/sp/SP_4_25/2026-07-14/sentinel_analysis.tif (AOI clouds 0.0%)
OK sp/SP_4_25/2026-07-19: /Users/korneev/Desktop/water-regime-gis/outputs/imagery/sp/SP_4_25/2026-07-19/sentinel_analysis.tif (AOI clouds 0.0%)
OK sp/SP_4_25/2026-07-28: /Users/korneev/Desktop/water-regime-gis/outputs/imagery/sp/SP_4_25/2026-07-28/sentinel_analysis.tif (AOI clouds 83.0%)
OK sp/SP_4_25/2026-07-31: /Users/korneev/Desktop/water-regime-gis/outputs/imagery/sp/SP_4_25/2026-07-31/sentinel_analysis.tif (AOI clouds 33.2%)
OK sp/SP_4_25/2026-08-10: /Users/korneev/Desktop/water-regime-gis/outputs/imagery/sp/SP_4_25/2026-08-10/sentinel_analysis.tif (AOI clouds 0.0%)
OK sp/SP_4_3/2026-04-22: /Users/korneev/Desktop/water-regime-gis/outputs/imagery/sp/SP_4_3/2026-04-22/sentinel_analysis.tif (AOI clouds 0.0%)
OK sp/SP_4_3/2026-05-05: /Users/korneev/Desktop/water-regime-gis/outputs/imagery/sp/SP_4_3/2026-05-05/sentinel_analysis.tif (AOI clouds 0.0%)
OK sp/SP_4_3/2026-05-07: /Users/korneev/Desktop/water-regime-gis/outputs/imagery/sp/SP_4_3/2026-05-07/sentinel_analysis.tif (AOI clouds 0.0%)
OK sp/SP_4_3/2026-05-17: /Users/korneev/Desktop/water-regime-gis/outputs/imagery/sp/SP_4_3/2026-05-17/sentinel_analysis.tif (AOI clouds 100.0%)
OK sp/SP_4_3/2026-05-20: /Users/korneev/Desktop/water-regime-gis/outputs/imagery/sp/SP_4_3/2026-05-20/sentinel_analysis.tif (AOI clouds 0.0%)
OK sp/SP_4_3/2026-05-22: /Users/korneev/Desktop/water-regime-gis/outputs/imagery/sp/SP_4_3/2026-05-22/sentinel_analysis.tif (AOI clouds 0.0%)
OK sp/SP_4_3/2026-06-06: /Users/korneev/Desktop/water-regime-gis/outputs/imagery/sp/SP_4_3/2026-06-06/sentinel_analysis.tif (AOI clouds 0.0%)
OK sp/SP_4_3/2026-06-08: /Users/korneev/Desktop/water-regime-gis/outputs/imagery/sp/SP_4_3/2026-06-08/sentinel_analysis.tif (AOI clouds 3.1%)
OK sp/SP_4_3/2026-06-09: /Users/korneev/Desktop/water-regime-gis/outputs/imagery/sp/SP_4_3/2026-06-09/sentinel_analysis.tif (AOI clouds 100.0%)
OK sp/SP_4_3/2026-06-11: /Users/korneev/Desktop/water-regime-gis/outputs/imagery/sp/SP_4_3/2026-06-11/sentinel_analysis.tif (AOI clouds 94.9%)
OK sp/SP_4_3/2026-07-14: /Users/korneev/Desktop/water-regime-gis/outputs/imagery/sp/SP_4_3/2026-07-14/sentinel_analysis.tif (AOI clouds 63.0%)
OK sp/SP_4_3/2026-07-19: /Users/korneev/Desktop/water-regime-gis/outputs/imagery/sp/SP_4_3/2026-07-19/sentinel_analysis.tif (AOI clouds 0.0%)
OK sp/SP_4_3/2026-07-28: /Users/korneev/Desktop/water-regime-gis/outputs/imagery/sp/SP_4_3/2026-07-28/sentinel_analysis.tif (AOI clouds 100.0%)
OK sp/SP_4_3/2026-07-31: /Users/korneev/Desktop/water-regime-gis/outputs/imagery/sp/SP_4_3/2026-07-31/sentinel_analysis.tif (AOI clouds 62.8%)
OK sp/SP_4_3/2026-08-10: /Users/korneev/Desktop/water-regime-gis/outputs/imagery/sp/SP_4_3/2026-08-10/sentinel_analysis.tif (AOI clouds 0.0%)
OK sp/SP_4_4/2026-04-22: /Users/korneev/Desktop/water-regime-gis/outputs/imagery/sp/SP_4_4/2026-04-22/sentinel_analysis.tif (AOI clouds 0.0%)
OK sp/SP_4_4/2026-05-05: /Users/korneev/Desktop/water-regime-gis/outputs/imagery/sp/SP_4_4/2026-05-05/sentinel_analysis.tif (AOI clouds 0.0%)
OK sp/SP_4_4/2026-05-07: /Users/korneev/Desktop/water-regime-gis/outputs/imagery/sp/SP_4_4/2026-05-07/sentinel_analysis.tif (AOI clouds 0.0%)
OK sp/SP_4_4/2026-05-17: /Users/korneev/Desktop/water-regime-gis/outputs/imagery/sp/SP_4_4/2026-05-17/sentinel_analysis.tif (AOI clouds 100.0%)
OK sp/SP_4_4/2026-05-20: /Users/korneev/Desktop/water-regime-gis/outputs/imagery/sp/SP_4_4/2026-05-20/sentinel_analysis.tif (AOI clouds 0.0%)
OK sp/SP_4_4/2026-05-22: /Users/korneev/Desktop/water-regime-gis/outputs/imagery/sp/SP_4_4/2026-05-22/sentinel_analysis.tif (AOI clouds 0.0%)
OK sp/SP_4_4/2026-06-06: /Users/korneev/Desktop/water-regime-gis/outputs/imagery/sp/SP_4_4/2026-06-06/sentinel_analysis.tif (AOI clouds 0.0%)
OK sp/SP_4_4/2026-06-08: /Users/korneev/Desktop/water-regime-gis/outputs/imagery/sp/SP_4_4/2026-06-08/sentinel_analysis.tif (AOI clouds 0.0%)
OK sp/SP_4_4/2026-06-09: /Users/korneev/Desktop/water-regime-gis/outputs/imagery/sp/SP_4_4/2026-06-09/sentinel_analysis.tif (AOI clouds 100.0%)
OK sp/SP_4_4/2026-06-11: /Users/korneev/Desktop/water-regime-gis/outputs/imagery/sp/SP_4_4/2026-06-11/sentinel_analysis.tif (AOI clouds 100.0%)
OK sp/SP_4_4/2026-07-14: /Users/korneev/Desktop/water-regime-gis/outputs/imagery/sp/SP_4_4/2026-07-14/sentinel_analysis.tif (AOI clouds 16.9%)
OK sp/SP_4_4/2026-07-19: /Users/korneev/Desktop/water-regime-gis/outputs/imagery/sp/SP_4_4/2026-07-19/sentinel_analysis.tif (AOI clouds 0.0%)
OK sp/SP_4_4/2026-07-28: /Users/korneev/Desktop/water-regime-gis/outputs/imagery/sp/SP_4_4/2026-07-28/sentinel_analysis.tif (AOI clouds 100.0%)
OK sp/SP_4_4/2026-07-31: /Users/korneev/Desktop/water-regime-gis/outputs/imagery/sp/SP_4_4/2026-07-31/sentinel_analysis.tif (AOI clouds 0.0%)
OK sp/SP_4_4/2026-08-10: /Users/korneev/Desktop/water-regime-gis/outputs/imagery/sp/SP_4_4/2026-08-10/sentinel_analysis.tif (AOI clouds 0.0%)
OK sp/SP_4_5/2026-04-22: /Users/korneev/Desktop/water-regime-gis/outputs/imagery/sp/SP_4_5/2026-04-22/sentinel_analysis.tif (AOI clouds 0.0%)
OK sp/SP_4_5/2026-05-05: /Users/korneev/Desktop/water-regime-gis/outputs/imagery/sp/SP_4_5/2026-05-05/sentinel_analysis.tif (AOI clouds 0.0%)
OK sp/SP_4_5/2026-05-07: /Users/korneev/Desktop/water-regime-gis/outputs/imagery/sp/SP_4_5/2026-05-07/sentinel_analysis.tif (AOI clouds 0.0%)
OK sp/SP_4_5/2026-05-17: /Users/korneev/Desktop/water-regime-gis/outputs/imagery/sp/SP_4_5/2026-05-17/sentinel_analysis.tif (AOI clouds 100.0%)
OK sp/SP_4_5/2026-05-20: /Users/korneev/Desktop/water-regime-gis/outputs/imagery/sp/SP_4_5/2026-05-20/sentinel_analysis.tif (AOI clouds 0.0%)
OK sp/SP_4_5/2026-05-22: /Users/korneev/Desktop/water-regime-gis/outputs/imagery/sp/SP_4_5/2026-05-22/sentinel_analysis.tif (AOI clouds 0.0%)
OK sp/SP_4_5/2026-06-06: /Users/korneev/Desktop/water-regime-gis/outputs/imagery/sp/SP_4_5/2026-06-06/sentinel_analysis.tif (AOI clouds 0.0%)
OK sp/SP_4_5/2026-06-08: /Users/korneev/Desktop/water-regime-gis/outputs/imagery/sp/SP_4_5/2026-06-08/sentinel_analysis.tif (AOI clouds 0.0%)
OK sp/SP_4_5/2026-06-09: /Users/korneev/Desktop/water-regime-gis/outputs/imagery/sp/SP_4_5/2026-06-09/sentinel_analysis.tif (AOI clouds 100.0%)
OK sp/SP_4_5/2026-06-11: /Users/korneev/Desktop/water-regime-gis/outputs/imagery/sp/SP_4_5/2026-06-11/sentinel_analysis.tif (AOI clouds 53.7%)
OK sp/SP_4_5/2026-07-14: /Users/korneev/Desktop/water-regime-gis/outputs/imagery/sp/SP_4_5/2026-07-14/sentinel_analysis.tif (AOI clouds 0.4%)
OK sp/SP_4_5/2026-07-19: /Users/korneev/Desktop/water-regime-gis/outputs/imagery/sp/SP_4_5/2026-07-19/sentinel_analysis.tif (AOI clouds 0.0%)
OK sp/SP_4_5/2026-07-28: /Users/korneev/Desktop/water-regime-gis/outputs/imagery/sp/SP_4_5/2026-07-28/sentinel_analysis.tif (AOI clouds 100.0%)
OK sp/SP_4_5/2026-07-31: /Users/korneev/Desktop/water-regime-gis/outputs/imagery/sp/SP_4_5/2026-07-31/sentinel_analysis.tif (AOI clouds 9.1%)
OK sp/SP_4_5/2026-08-10: /Users/korneev/Desktop/water-regime-gis/outputs/imagery/sp/SP_4_5/2026-08-10/sentinel_analysis.tif (AOI clouds 0.0%)
OK sp/SP_4_6/2026-04-22: /Users/korneev/Desktop/water-regime-gis/outputs/imagery/sp/SP_4_6/2026-04-22/sentinel_analysis.tif (AOI clouds 0.0%)
OK sp/SP_4_6/2026-05-05: /Users/korneev/Desktop/water-regime-gis/outputs/imagery/sp/SP_4_6/2026-05-05/sentinel_analysis.tif (AOI clouds 3.3%)
OK sp/SP_4_6/2026-05-07: /Users/korneev/Desktop/water-regime-gis/outputs/imagery/sp/SP_4_6/2026-05-07/sentinel_analysis.tif (AOI clouds 0.0%)
OK sp/SP_4_6/2026-05-17: /Users/korneev/Desktop/water-regime-gis/outputs/imagery/sp/SP_4_6/2026-05-17/sentinel_analysis.tif (AOI clouds 100.0%)
OK sp/SP_4_6/2026-05-20: /Users/korneev/Desktop/water-regime-gis/outputs/imagery/sp/SP_4_6/2026-05-20/sentinel_analysis.tif (AOI clouds 0.0%)
OK sp/SP_4_6/2026-05-22: /Users/korneev/Desktop/water-regime-gis/outputs/imagery/sp/SP_4_6/2026-05-22/sentinel_analysis.tif (AOI clouds 0.0%)
OK sp/SP_4_6/2026-06-06: /Users/korneev/Desktop/water-regime-gis/outputs/imagery/sp/SP_4_6/2026-06-06/sentinel_analysis.tif (AOI clouds 2.2%)
OK sp/SP_4_6/2026-06-08: /Users/korneev/Desktop/water-regime-gis/outputs/imagery/sp/SP_4_6/2026-06-08/sentinel_analysis.tif (AOI clouds 0.0%)
OK sp/SP_4_6/2026-06-09: /Users/korneev/Desktop/water-regime-gis/outputs/imagery/sp/SP_4_6/2026-06-09/sentinel_analysis.tif (AOI clouds 100.0%)
OK sp/SP_4_6/2026-06-11: /Users/korneev/Desktop/water-regime-gis/outputs/imagery/sp/SP_4_6/2026-06-11/sentinel_analysis.tif (AOI clouds 0.0%)
OK sp/SP_4_6/2026-07-14: /Users/korneev/Desktop/water-regime-gis/outputs/imagery/sp/SP_4_6/2026-07-14/sentinel_analysis.tif (AOI clouds 20.6%)
OK sp/SP_4_6/2026-07-19: /Users/korneev/Desktop/water-regime-gis/outputs/imagery/sp/SP_4_6/2026-07-19/sentinel_analysis.tif (AOI clouds 0.0%)
OK sp/SP_4_6/2026-07-28: /Users/korneev/Desktop/water-regime-gis/outputs/imagery/sp/SP_4_6/2026-07-28/sentinel_analysis.tif (AOI clouds 100.0%)
OK sp/SP_4_6/2026-07-31: /Users/korneev/Desktop/water-regime-gis/outputs/imagery/sp/SP_4_6/2026-07-31/sentinel_analysis.tif (AOI clouds 4.1%)
OK sp/SP_4_6/2026-08-10: /Users/korneev/Desktop/water-regime-gis/outputs/imagery/sp/SP_4_6/2026-08-10/sentinel_analysis.tif (AOI clouds 0.0%)
OK sp/SP_4_7_fid_141/2026-04-22: /Users/korneev/Desktop/water-regime-gis/outputs/imagery/sp/SP_4_7_fid_141/2026-04-22/sentinel_analysis.tif (AOI clouds 0.0%)
OK sp/SP_4_7_fid_141/2026-05-05: /Users/korneev/Desktop/water-regime-gis/outputs/imagery/sp/SP_4_7_fid_141/2026-05-05/sentinel_analysis.tif (AOI clouds 78.1%)
OK sp/SP_4_7_fid_141/2026-05-07: /Users/korneev/Desktop/water-regime-gis/outputs/imagery/sp/SP_4_7_fid_141/2026-05-07/sentinel_analysis.tif (AOI clouds 0.0%)
OK sp/SP_4_7_fid_141/2026-05-17: /Users/korneev/Desktop/water-regime-gis/outputs/imagery/sp/SP_4_7_fid_141/2026-05-17/sentinel_analysis.tif (AOI clouds 100.0%)
OK sp/SP_4_7_fid_141/2026-05-20: /Users/korneev/Desktop/water-regime-gis/outputs/imagery/sp/SP_4_7_fid_141/2026-05-20/sentinel_analysis.tif (AOI clouds 0.0%)
OK sp/SP_4_7_fid_141/2026-05-22: /Users/korneev/Desktop/water-regime-gis/outputs/imagery/sp/SP_4_7_fid_141/2026-05-22/sentinel_analysis.tif (AOI clouds 0.0%)
OK sp/SP_4_7_fid_141/2026-06-06: /Users/korneev/Desktop/water-regime-gis/outputs/imagery/sp/SP_4_7_fid_141/2026-06-06/sentinel_analysis.tif (AOI clouds 12.4%)
OK sp/SP_4_7_fid_141/2026-06-08: /Users/korneev/Desktop/water-regime-gis/outputs/imagery/sp/SP_4_7_fid_141/2026-06-08/sentinel_analysis.tif (AOI clouds 72.2%)
OK sp/SP_4_7_fid_141/2026-06-09: /Users/korneev/Desktop/water-regime-gis/outputs/imagery/sp/SP_4_7_fid_141/2026-06-09/sentinel_analysis.tif (AOI clouds 80.4%)
OK sp/SP_4_7_fid_141/2026-06-11: /Users/korneev/Desktop/water-regime-gis/outputs/imagery/sp/SP_4_7_fid_141/2026-06-11/sentinel_analysis.tif (AOI clouds 0.0%)
OK sp/SP_4_7_fid_141/2026-07-14: /Users/korneev/Desktop/water-regime-gis/outputs/imagery/sp/SP_4_7_fid_141/2026-07-14/sentinel_analysis.tif (AOI clouds 71.4%)
OK sp/SP_4_7_fid_141/2026-07-19: /Users/korneev/Desktop/water-regime-gis/outputs/imagery/sp/SP_4_7_fid_141/2026-07-19/sentinel_analysis.tif (AOI clouds 0.0%)
OK sp/SP_4_7_fid_141/2026-07-28: /Users/korneev/Desktop/water-regime-gis/outputs/imagery/sp/SP_4_7_fid_141/2026-07-28/sentinel_analysis.tif (AOI clouds 100.0%)
OK sp/SP_4_7_fid_141/2026-07-31: /Users/korneev/Desktop/water-regime-gis/outputs/imagery/sp/SP_4_7_fid_141/2026-07-31/sentinel_analysis.tif (AOI clouds 36.1%)
OK sp/SP_4_7_fid_141/2026-08-10: /Users/korneev/Desktop/water-regime-gis/outputs/imagery/sp/SP_4_7_fid_141/2026-08-10/sentinel_analysis.tif (AOI clouds 0.0%)
OK sp/SP_4_7_fid_20/2026-04-22: /Users/korneev/Desktop/water-regime-gis/outputs/imagery/sp/SP_4_7_fid_20/2026-04-22/sentinel_analysis.tif (AOI clouds 0.0%)
OK sp/SP_4_7_fid_20/2026-05-05: /Users/korneev/Desktop/water-regime-gis/outputs/imagery/sp/SP_4_7_fid_20/2026-05-05/sentinel_analysis.tif (AOI clouds 0.1%)
OK sp/SP_4_7_fid_20/2026-05-07: /Users/korneev/Desktop/water-regime-gis/outputs/imagery/sp/SP_4_7_fid_20/2026-05-07/sentinel_analysis.tif (AOI clouds 0.0%)
OK sp/SP_4_7_fid_20/2026-05-17: /Users/korneev/Desktop/water-regime-gis/outputs/imagery/sp/SP_4_7_fid_20/2026-05-17/sentinel_analysis.tif (AOI clouds 100.0%)
OK sp/SP_4_7_fid_20/2026-05-20: /Users/korneev/Desktop/water-regime-gis/outputs/imagery/sp/SP_4_7_fid_20/2026-05-20/sentinel_analysis.tif (AOI clouds 0.0%)
OK sp/SP_4_7_fid_20/2026-05-22: /Users/korneev/Desktop/water-regime-gis/outputs/imagery/sp/SP_4_7_fid_20/2026-05-22/sentinel_analysis.tif (AOI clouds 0.0%)
OK sp/SP_4_7_fid_20/2026-06-06: /Users/korneev/Desktop/water-regime-gis/outputs/imagery/sp/SP_4_7_fid_20/2026-06-06/sentinel_analysis.tif (AOI clouds 11.7%)
OK sp/SP_4_7_fid_20/2026-06-08: /Users/korneev/Desktop/water-regime-gis/outputs/imagery/sp/SP_4_7_fid_20/2026-06-08/sentinel_analysis.tif (AOI clouds 0.6%)
OK sp/SP_4_7_fid_20/2026-06-09: /Users/korneev/Desktop/water-regime-gis/outputs/imagery/sp/SP_4_7_fid_20/2026-06-09/sentinel_analysis.tif (AOI clouds 98.1%)
OK sp/SP_4_7_fid_20/2026-06-11: /Users/korneev/Desktop/water-regime-gis/outputs/imagery/sp/SP_4_7_fid_20/2026-06-11/sentinel_analysis.tif (AOI clouds 11.1%)
OK sp/SP_4_7_fid_20/2026-07-14: /Users/korneev/Desktop/water-regime-gis/outputs/imagery/sp/SP_4_7_fid_20/2026-07-14/sentinel_analysis.tif (AOI clouds 75.0%)
OK sp/SP_4_7_fid_20/2026-07-19: /Users/korneev/Desktop/water-regime-gis/outputs/imagery/sp/SP_4_7_fid_20/2026-07-19/sentinel_analysis.tif (AOI clouds 0.0%)
OK sp/SP_4_7_fid_20/2026-07-28: /Users/korneev/Desktop/water-regime-gis/outputs/imagery/sp/SP_4_7_fid_20/2026-07-28/sentinel_analysis.tif (AOI clouds 100.0%)
OK sp/SP_4_7_fid_20/2026-07-31: /Users/korneev/Desktop/water-regime-gis/outputs/imagery/sp/SP_4_7_fid_20/2026-07-31/sentinel_analysis.tif (AOI clouds 44.9%)
OK sp/SP_4_7_fid_20/2026-08-10: /Users/korneev/Desktop/water-regime-gis/outputs/imagery/sp/SP_4_7_fid_20/2026-08-10/sentinel_analysis.tif (AOI clouds 0.0%)
OK sp/SP_4_8/2026-04-22: /Users/korneev/Desktop/water-regime-gis/outputs/imagery/sp/SP_4_8/2026-04-22/sentinel_analysis.tif (AOI clouds 0.0%)
OK sp/SP_4_8/2026-05-05: /Users/korneev/Desktop/water-regime-gis/outputs/imagery/sp/SP_4_8/2026-05-05/sentinel_analysis.tif (AOI clouds 1.7%)
OK sp/SP_4_8/2026-05-07: /Users/korneev/Desktop/water-regime-gis/outputs/imagery/sp/SP_4_8/2026-05-07/sentinel_analysis.tif (AOI clouds 0.0%)
OK sp/SP_4_8/2026-05-17: /Users/korneev/Desktop/water-regime-gis/outputs/imagery/sp/SP_4_8/2026-05-17/sentinel_analysis.tif (AOI clouds 100.0%)
OK sp/SP_4_8/2026-05-20: /Users/korneev/Desktop/water-regime-gis/outputs/imagery/sp/SP_4_8/2026-05-20/sentinel_analysis.tif (AOI clouds 0.0%)
OK sp/SP_4_8/2026-05-22: /Users/korneev/Desktop/water-regime-gis/outputs/imagery/sp/SP_4_8/2026-05-22/sentinel_analysis.tif (AOI clouds 0.0%)
OK sp/SP_4_8/2026-06-06: /Users/korneev/Desktop/water-regime-gis/outputs/imagery/sp/SP_4_8/2026-06-06/sentinel_analysis.tif (AOI clouds 0.0%)
OK sp/SP_4_8/2026-06-08: /Users/korneev/Desktop/water-regime-gis/outputs/imagery/sp/SP_4_8/2026-06-08/sentinel_analysis.tif (AOI clouds 17.9%)
OK sp/SP_4_8/2026-06-09: /Users/korneev/Desktop/water-regime-gis/outputs/imagery/sp/SP_4_8/2026-06-09/sentinel_analysis.tif (AOI clouds 100.0%)
OK sp/SP_4_8/2026-06-11: /Users/korneev/Desktop/water-regime-gis/outputs/imagery/sp/SP_4_8/2026-06-11/sentinel_analysis.tif (AOI clouds 7.8%)
OK sp/SP_4_8/2026-07-14: /Users/korneev/Desktop/water-regime-gis/outputs/imagery/sp/SP_4_8/2026-07-14/sentinel_analysis.tif (AOI clouds 62.8%)
OK sp/SP_4_8/2026-07-19: /Users/korneev/Desktop/water-regime-gis/outputs/imagery/sp/SP_4_8/2026-07-19/sentinel_analysis.tif (AOI clouds 0.0%)
OK sp/SP_4_8/2026-07-28: /Users/korneev/Desktop/water-regime-gis/outputs/imagery/sp/SP_4_8/2026-07-28/sentinel_analysis.tif (AOI clouds 100.0%)
OK sp/SP_4_8/2026-07-31: /Users/korneev/Desktop/water-regime-gis/outputs/imagery/sp/SP_4_8/2026-07-31/sentinel_analysis.tif (AOI clouds 50.9%)
OK sp/SP_4_8/2026-08-10: /Users/korneev/Desktop/water-regime-gis/outputs/imagery/sp/SP_4_8/2026-08-10/sentinel_analysis.tif (AOI clouds 0.0%)
OK sp/SP_5_1/2026-04-22: /Users/korneev/Desktop/water-regime-gis/outputs/imagery/sp/SP_5_1/2026-04-22/sentinel_analysis.tif (AOI clouds 0.0%)
OK sp/SP_5_1/2026-05-05: /Users/korneev/Desktop/water-regime-gis/outputs/imagery/sp/SP_5_1/2026-05-05/sentinel_analysis.tif (AOI clouds 0.0%)
OK sp/SP_5_1/2026-05-07: /Users/korneev/Desktop/water-regime-gis/outputs/imagery/sp/SP_5_1/2026-05-07/sentinel_analysis.tif (AOI clouds 0.0%)
OK sp/SP_5_1/2026-05-20: /Users/korneev/Desktop/water-regime-gis/outputs/imagery/sp/SP_5_1/2026-05-20/sentinel_analysis.tif (AOI clouds 0.0%)
OK sp/SP_5_1/2026-05-22: /Users/korneev/Desktop/water-regime-gis/outputs/imagery/sp/SP_5_1/2026-05-22/sentinel_analysis.tif (AOI clouds 0.0%)
OK sp/SP_5_1/2026-06-06: /Users/korneev/Desktop/water-regime-gis/outputs/imagery/sp/SP_5_1/2026-06-06/sentinel_analysis.tif (AOI clouds 0.0%)
OK sp/SP_5_1/2026-06-08: /Users/korneev/Desktop/water-regime-gis/outputs/imagery/sp/SP_5_1/2026-06-08/sentinel_analysis.tif (AOI clouds 0.0%)
OK sp/SP_5_1/2026-06-09: /Users/korneev/Desktop/water-regime-gis/outputs/imagery/sp/SP_5_1/2026-06-09/sentinel_analysis.tif (AOI clouds 100.0%)
OK sp/SP_5_1/2026-06-11: /Users/korneev/Desktop/water-regime-gis/outputs/imagery/sp/SP_5_1/2026-06-11/sentinel_analysis.tif (AOI clouds 0.0%)
OK sp/SP_5_1/2026-07-14: /Users/korneev/Desktop/water-regime-gis/outputs/imagery/sp/SP_5_1/2026-07-14/sentinel_analysis.tif (AOI clouds 0.0%)
OK sp/SP_5_1/2026-07-19: /Users/korneev/Desktop/water-regime-gis/outputs/imagery/sp/SP_5_1/2026-07-19/sentinel_analysis.tif (AOI clouds 0.0%)
OK sp/SP_5_1/2026-07-31: /Users/korneev/Desktop/water-regime-gis/outputs/imagery/sp/SP_5_1/2026-07-31/sentinel_analysis.tif (AOI clouds 8.1%)
OK sp/SP_5_1/2026-08-10: /Users/korneev/Desktop/water-regime-gis/outputs/imagery/sp/SP_5_1/2026-08-10/sentinel_analysis.tif (AOI clouds 0.0%)
OK sp/SP_5_10/2026-04-22: /Users/korneev/Desktop/water-regime-gis/outputs/imagery/sp/SP_5_10/2026-04-22/sentinel_analysis.tif (AOI clouds 0.0%)
OK sp/SP_5_10/2026-05-05: /Users/korneev/Desktop/water-regime-gis/outputs/imagery/sp/SP_5_10/2026-05-05/sentinel_analysis.tif (AOI clouds 0.0%)
OK sp/SP_5_10/2026-05-07: /Users/korneev/Desktop/water-regime-gis/outputs/imagery/sp/SP_5_10/2026-05-07/sentinel_analysis.tif (AOI clouds 0.0%)
OK sp/SP_5_10/2026-05-20: /Users/korneev/Desktop/water-regime-gis/outputs/imagery/sp/SP_5_10/2026-05-20/sentinel_analysis.tif (AOI clouds 0.0%)
OK sp/SP_5_10/2026-05-22: /Users/korneev/Desktop/water-regime-gis/outputs/imagery/sp/SP_5_10/2026-05-22/sentinel_analysis.tif (AOI clouds 0.0%)
OK sp/SP_5_10/2026-06-06: /Users/korneev/Desktop/water-regime-gis/outputs/imagery/sp/SP_5_10/2026-06-06/sentinel_analysis.tif (AOI clouds 0.0%)
OK sp/SP_5_10/2026-06-08: /Users/korneev/Desktop/water-regime-gis/outputs/imagery/sp/SP_5_10/2026-06-08/sentinel_analysis.tif (AOI clouds 0.0%)
OK sp/SP_5_10/2026-06-09: /Users/korneev/Desktop/water-regime-gis/outputs/imagery/sp/SP_5_10/2026-06-09/sentinel_analysis.tif (AOI clouds 79.0%)
OK sp/SP_5_10/2026-06-11: /Users/korneev/Desktop/water-regime-gis/outputs/imagery/sp/SP_5_10/2026-06-11/sentinel_analysis.tif (AOI clouds 0.0%)
OK sp/SP_5_10/2026-07-14: /Users/korneev/Desktop/water-regime-gis/outputs/imagery/sp/SP_5_10/2026-07-14/sentinel_analysis.tif (AOI clouds 0.0%)
OK sp/SP_5_10/2026-07-19: /Users/korneev/Desktop/water-regime-gis/outputs/imagery/sp/SP_5_10/2026-07-19/sentinel_analysis.tif (AOI clouds 0.0%)
OK sp/SP_5_10/2026-07-31: /Users/korneev/Desktop/water-regime-gis/outputs/imagery/sp/SP_5_10/2026-07-31/sentinel_analysis.tif (AOI clouds 36.1%)
OK sp/SP_5_10/2026-08-10: /Users/korneev/Desktop/water-regime-gis/outputs/imagery/sp/SP_5_10/2026-08-10/sentinel_analysis.tif (AOI clouds 0.0%)
OK sp/SP_5_11/2026-04-22: /Users/korneev/Desktop/water-regime-gis/outputs/imagery/sp/SP_5_11/2026-04-22/sentinel_analysis.tif (AOI clouds 0.0%)
OK sp/SP_5_11/2026-05-05: /Users/korneev/Desktop/water-regime-gis/outputs/imagery/sp/SP_5_11/2026-05-05/sentinel_analysis.tif (AOI clouds 13.2%)
OK sp/SP_5_11/2026-05-07: /Users/korneev/Desktop/water-regime-gis/outputs/imagery/sp/SP_5_11/2026-05-07/sentinel_analysis.tif (AOI clouds 0.0%)
OK sp/SP_5_11/2026-05-20: /Users/korneev/Desktop/water-regime-gis/outputs/imagery/sp/SP_5_11/2026-05-20/sentinel_analysis.tif (AOI clouds 0.0%)
OK sp/SP_5_11/2026-05-22: /Users/korneev/Desktop/water-regime-gis/outputs/imagery/sp/SP_5_11/2026-05-22/sentinel_analysis.tif (AOI clouds 0.0%)
OK sp/SP_5_11/2026-06-06: /Users/korneev/Desktop/water-regime-gis/outputs/imagery/sp/SP_5_11/2026-06-06/sentinel_analysis.tif (AOI clouds 6.0%)
OK sp/SP_5_11/2026-06-08: /Users/korneev/Desktop/water-regime-gis/outputs/imagery/sp/SP_5_11/2026-06-08/sentinel_analysis.tif (AOI clouds 0.0%)
OK sp/SP_5_11/2026-06-09: /Users/korneev/Desktop/water-regime-gis/outputs/imagery/sp/SP_5_11/2026-06-09/sentinel_analysis.tif (AOI clouds 100.0%)
OK sp/SP_5_11/2026-06-11: /Users/korneev/Desktop/water-regime-gis/outputs/imagery/sp/SP_5_11/2026-06-11/sentinel_analysis.tif (AOI clouds 0.0%)
OK sp/SP_5_11/2026-07-14: /Users/korneev/Desktop/water-regime-gis/outputs/imagery/sp/SP_5_11/2026-07-14/sentinel_analysis.tif (AOI clouds 50.6%)
OK sp/SP_5_11/2026-07-19: /Users/korneev/Desktop/water-regime-gis/outputs/imagery/sp/SP_5_11/2026-07-19/sentinel_analysis.tif (AOI clouds 0.0%)
OK sp/SP_5_11/2026-07-31: /Users/korneev/Desktop/water-regime-gis/outputs/imagery/sp/SP_5_11/2026-07-31/sentinel_analysis.tif (AOI clouds 0.0%)
OK sp/SP_5_11/2026-08-10: /Users/korneev/Desktop/water-regime-gis/outputs/imagery/sp/SP_5_11/2026-08-10/sentinel_analysis.tif (AOI clouds 0.0%)
OK sp/SP_5_12/2026-04-22: /Users/korneev/Desktop/water-regime-gis/outputs/imagery/sp/SP_5_12/2026-04-22/sentinel_analysis.tif (AOI clouds 0.0%)
OK sp/SP_5_12/2026-05-05: /Users/korneev/Desktop/water-regime-gis/outputs/imagery/sp/SP_5_12/2026-05-05/sentinel_analysis.tif (AOI clouds 2.1%)
OK sp/SP_5_12/2026-05-07: /Users/korneev/Desktop/water-regime-gis/outputs/imagery/sp/SP_5_12/2026-05-07/sentinel_analysis.tif (AOI clouds 0.0%)
OK sp/SP_5_12/2026-05-20: /Users/korneev/Desktop/water-regime-gis/outputs/imagery/sp/SP_5_12/2026-05-20/sentinel_analysis.tif (AOI clouds 0.0%)
OK sp/SP_5_12/2026-05-22: /Users/korneev/Desktop/water-regime-gis/outputs/imagery/sp/SP_5_12/2026-05-22/sentinel_analysis.tif (AOI clouds 0.0%)
OK sp/SP_5_12/2026-06-06: /Users/korneev/Desktop/water-regime-gis/outputs/imagery/sp/SP_5_12/2026-06-06/sentinel_analysis.tif (AOI clouds 0.0%)
OK sp/SP_5_12/2026-06-08: /Users/korneev/Desktop/water-regime-gis/outputs/imagery/sp/SP_5_12/2026-06-08/sentinel_analysis.tif (AOI clouds 0.0%)
OK sp/SP_5_12/2026-06-09: /Users/korneev/Desktop/water-regime-gis/outputs/imagery/sp/SP_5_12/2026-06-09/sentinel_analysis.tif (AOI clouds 100.0%)
OK sp/SP_5_12/2026-06-11: /Users/korneev/Desktop/water-regime-gis/outputs/imagery/sp/SP_5_12/2026-06-11/sentinel_analysis.tif (AOI clouds 0.0%)
OK sp/SP_5_12/2026-07-14: /Users/korneev/Desktop/water-regime-gis/outputs/imagery/sp/SP_5_12/2026-07-14/sentinel_analysis.tif (AOI clouds 0.0%)
OK sp/SP_5_12/2026-07-19: /Users/korneev/Desktop/water-regime-gis/outputs/imagery/sp/SP_5_12/2026-07-19/sentinel_analysis.tif (AOI clouds 0.0%)
OK sp/SP_5_12/2026-07-31: /Users/korneev/Desktop/water-regime-gis/outputs/imagery/sp/SP_5_12/2026-07-31/sentinel_analysis.tif (AOI clouds 0.0%)
OK sp/SP_5_12/2026-08-10: /Users/korneev/Desktop/water-regime-gis/outputs/imagery/sp/SP_5_12/2026-08-10/sentinel_analysis.tif (AOI clouds 7.7%)
OK sp/SP_5_13/2026-04-22: /Users/korneev/Desktop/water-regime-gis/outputs/imagery/sp/SP_5_13/2026-04-22/sentinel_analysis.tif (AOI clouds 0.0%)
OK sp/SP_5_13/2026-05-05: /Users/korneev/Desktop/water-regime-gis/outputs/imagery/sp/SP_5_13/2026-05-05/sentinel_analysis.tif (AOI clouds 3.0%)
OK sp/SP_5_13/2026-05-07: /Users/korneev/Desktop/water-regime-gis/outputs/imagery/sp/SP_5_13/2026-05-07/sentinel_analysis.tif (AOI clouds 0.0%)
OK sp/SP_5_13/2026-05-20: /Users/korneev/Desktop/water-regime-gis/outputs/imagery/sp/SP_5_13/2026-05-20/sentinel_analysis.tif (AOI clouds 0.0%)
OK sp/SP_5_13/2026-05-22: /Users/korneev/Desktop/water-regime-gis/outputs/imagery/sp/SP_5_13/2026-05-22/sentinel_analysis.tif (AOI clouds 0.0%)
OK sp/SP_5_13/2026-06-06: /Users/korneev/Desktop/water-regime-gis/outputs/imagery/sp/SP_5_13/2026-06-06/sentinel_analysis.tif (AOI clouds 4.9%)
OK sp/SP_5_13/2026-06-08: /Users/korneev/Desktop/water-regime-gis/outputs/imagery/sp/SP_5_13/2026-06-08/sentinel_analysis.tif (AOI clouds 0.0%)
OK sp/SP_5_13/2026-06-09: /Users/korneev/Desktop/water-regime-gis/outputs/imagery/sp/SP_5_13/2026-06-09/sentinel_analysis.tif (AOI clouds 89.4%)
OK sp/SP_5_13/2026-06-11: /Users/korneev/Desktop/water-regime-gis/outputs/imagery/sp/SP_5_13/2026-06-11/sentinel_analysis.tif (AOI clouds 0.0%)
OK sp/SP_5_13/2026-07-14: /Users/korneev/Desktop/water-regime-gis/outputs/imagery/sp/SP_5_13/2026-07-14/sentinel_analysis.tif (AOI clouds 17.2%)
OK sp/SP_5_13/2026-07-19: /Users/korneev/Desktop/water-regime-gis/outputs/imagery/sp/SP_5_13/2026-07-19/sentinel_analysis.tif (AOI clouds 0.0%)
OK sp/SP_5_13/2026-07-31: /Users/korneev/Desktop/water-regime-gis/outputs/imagery/sp/SP_5_13/2026-07-31/sentinel_analysis.tif (AOI clouds 0.0%)
OK sp/SP_5_13/2026-08-10: /Users/korneev/Desktop/water-regime-gis/outputs/imagery/sp/SP_5_13/2026-08-10/sentinel_analysis.tif (AOI clouds 1.8%)
OK sp/SP_5_14/2026-04-22: /Users/korneev/Desktop/water-regime-gis/outputs/imagery/sp/SP_5_14/2026-04-22/sentinel_analysis.tif (AOI clouds 0.0%)
OK sp/SP_5_14/2026-05-05: /Users/korneev/Desktop/water-regime-gis/outputs/imagery/sp/SP_5_14/2026-05-05/sentinel_analysis.tif (AOI clouds 0.0%)
OK sp/SP_5_14/2026-05-07: /Users/korneev/Desktop/water-regime-gis/outputs/imagery/sp/SP_5_14/2026-05-07/sentinel_analysis.tif (AOI clouds 0.0%)
OK sp/SP_5_14/2026-05-20: /Users/korneev/Desktop/water-regime-gis/outputs/imagery/sp/SP_5_14/2026-05-20/sentinel_analysis.tif (AOI clouds 0.0%)
OK sp/SP_5_14/2026-05-22: /Users/korneev/Desktop/water-regime-gis/outputs/imagery/sp/SP_5_14/2026-05-22/sentinel_analysis.tif (AOI clouds 0.0%)
OK sp/SP_5_14/2026-06-06: /Users/korneev/Desktop/water-regime-gis/outputs/imagery/sp/SP_5_14/2026-06-06/sentinel_analysis.tif (AOI clouds 0.0%)
OK sp/SP_5_14/2026-06-08: /Users/korneev/Desktop/water-regime-gis/outputs/imagery/sp/SP_5_14/2026-06-08/sentinel_analysis.tif (AOI clouds 0.0%)
OK sp/SP_5_14/2026-06-09: /Users/korneev/Desktop/water-regime-gis/outputs/imagery/sp/SP_5_14/2026-06-09/sentinel_analysis.tif (AOI clouds 100.0%)
OK sp/SP_5_14/2026-06-11: /Users/korneev/Desktop/water-regime-gis/outputs/imagery/sp/SP_5_14/2026-06-11/sentinel_analysis.tif (AOI clouds 0.0%)
Warning 1: Value 0 in the source dataset has been changed to 1 in the destination dataset to avoid being treated as NoData. To avoid this, select a different NoData value for the destination dataset.
OK sp/SP_5_14/2026-07-14: /Users/korneev/Desktop/water-regime-gis/outputs/imagery/sp/SP_5_14/2026-07-14/sentinel_analysis.tif (AOI clouds 100.0%)
OK sp/SP_5_14/2026-07-19: /Users/korneev/Desktop/water-regime-gis/outputs/imagery/sp/SP_5_14/2026-07-19/sentinel_analysis.tif (AOI clouds 0.0%)
OK sp/SP_5_14/2026-07-31: /Users/korneev/Desktop/water-regime-gis/outputs/imagery/sp/SP_5_14/2026-07-31/sentinel_analysis.tif (AOI clouds 44.4%)
OK sp/SP_5_14/2026-08-10: /Users/korneev/Desktop/water-regime-gis/outputs/imagery/sp/SP_5_14/2026-08-10/sentinel_analysis.tif (AOI clouds 0.0%)
OK sp/SP_5_15/2026-04-22: /Users/korneev/Desktop/water-regime-gis/outputs/imagery/sp/SP_5_15/2026-04-22/sentinel_analysis.tif (AOI clouds 0.0%)
OK sp/SP_5_15/2026-05-05: /Users/korneev/Desktop/water-regime-gis/outputs/imagery/sp/SP_5_15/2026-05-05/sentinel_analysis.tif (AOI clouds 0.0%)
OK sp/SP_5_15/2026-05-07: /Users/korneev/Desktop/water-regime-gis/outputs/imagery/sp/SP_5_15/2026-05-07/sentinel_analysis.tif (AOI clouds 0.0%)
OK sp/SP_5_15/2026-05-20: /Users/korneev/Desktop/water-regime-gis/outputs/imagery/sp/SP_5_15/2026-05-20/sentinel_analysis.tif (AOI clouds 0.0%)
OK sp/SP_5_15/2026-05-22: /Users/korneev/Desktop/water-regime-gis/outputs/imagery/sp/SP_5_15/2026-05-22/sentinel_analysis.tif (AOI clouds 0.0%)
OK sp/SP_5_15/2026-06-06: /Users/korneev/Desktop/water-regime-gis/outputs/imagery/sp/SP_5_15/2026-06-06/sentinel_analysis.tif (AOI clouds 0.0%)
OK sp/SP_5_15/2026-06-08: /Users/korneev/Desktop/water-regime-gis/outputs/imagery/sp/SP_5_15/2026-06-08/sentinel_analysis.tif (AOI clouds 0.0%)
OK sp/SP_5_15/2026-06-09: /Users/korneev/Desktop/water-regime-gis/outputs/imagery/sp/SP_5_15/2026-06-09/sentinel_analysis.tif (AOI clouds 100.0%)
OK sp/SP_5_15/2026-06-11: /Users/korneev/Desktop/water-regime-gis/outputs/imagery/sp/SP_5_15/2026-06-11/sentinel_analysis.tif (AOI clouds 0.0%)
OK sp/SP_5_15/2026-07-14: /Users/korneev/Desktop/water-regime-gis/outputs/imagery/sp/SP_5_15/2026-07-14/sentinel_analysis.tif (AOI clouds 93.0%)
OK sp/SP_5_15/2026-07-19: /Users/korneev/Desktop/water-regime-gis/outputs/imagery/sp/SP_5_15/2026-07-19/sentinel_analysis.tif (AOI clouds 0.0%)
OK sp/SP_5_15/2026-07-31: /Users/korneev/Desktop/water-regime-gis/outputs/imagery/sp/SP_5_15/2026-07-31/sentinel_analysis.tif (AOI clouds 14.6%)
OK sp/SP_5_15/2026-08-10: /Users/korneev/Desktop/water-regime-gis/outputs/imagery/sp/SP_5_15/2026-08-10/sentinel_analysis.tif (AOI clouds 0.0%)
OK sp/SP_5_16/2026-04-22: /Users/korneev/Desktop/water-regime-gis/outputs/imagery/sp/SP_5_16/2026-04-22/sentinel_analysis.tif (AOI clouds 0.0%)
OK sp/SP_5_16/2026-05-05: /Users/korneev/Desktop/water-regime-gis/outputs/imagery/sp/SP_5_16/2026-05-05/sentinel_analysis.tif (AOI clouds 0.0%)
OK sp/SP_5_16/2026-05-07: /Users/korneev/Desktop/water-regime-gis/outputs/imagery/sp/SP_5_16/2026-05-07/sentinel_analysis.tif (AOI clouds 0.0%)
OK sp/SP_5_16/2026-05-20: /Users/korneev/Desktop/water-regime-gis/outputs/imagery/sp/SP_5_16/2026-05-20/sentinel_analysis.tif (AOI clouds 0.0%)
OK sp/SP_5_16/2026-05-22: /Users/korneev/Desktop/water-regime-gis/outputs/imagery/sp/SP_5_16/2026-05-22/sentinel_analysis.tif (AOI clouds 0.0%)
OK sp/SP_5_16/2026-06-06: /Users/korneev/Desktop/water-regime-gis/outputs/imagery/sp/SP_5_16/2026-06-06/sentinel_analysis.tif (AOI clouds 0.0%)
OK sp/SP_5_16/2026-06-08: /Users/korneev/Desktop/water-regime-gis/outputs/imagery/sp/SP_5_16/2026-06-08/sentinel_analysis.tif (AOI clouds 0.0%)
OK sp/SP_5_16/2026-06-09: /Users/korneev/Desktop/water-regime-gis/outputs/imagery/sp/SP_5_16/2026-06-09/sentinel_analysis.tif (AOI clouds 50.9%)
OK sp/SP_5_16/2026-06-11: /Users/korneev/Desktop/water-regime-gis/outputs/imagery/sp/SP_5_16/2026-06-11/sentinel_analysis.tif (AOI clouds 0.0%)
OK sp/SP_5_16/2026-07-14: /Users/korneev/Desktop/water-regime-gis/outputs/imagery/sp/SP_5_16/2026-07-14/sentinel_analysis.tif (AOI clouds 50.6%)
OK sp/SP_5_16/2026-07-19: /Users/korneev/Desktop/water-regime-gis/outputs/imagery/sp/SP_5_16/2026-07-19/sentinel_analysis.tif (AOI clouds 0.0%)
OK sp/SP_5_16/2026-07-31: /Users/korneev/Desktop/water-regime-gis/outputs/imagery/sp/SP_5_16/2026-07-31/sentinel_analysis.tif (AOI clouds 0.0%)
OK sp/SP_5_16/2026-08-10: /Users/korneev/Desktop/water-regime-gis/outputs/imagery/sp/SP_5_16/2026-08-10/sentinel_analysis.tif (AOI clouds 0.0%)
OK sp/SP_5_2/2026-04-22: /Users/korneev/Desktop/water-regime-gis/outputs/imagery/sp/SP_5_2/2026-04-22/sentinel_analysis.tif (AOI clouds 0.0%)
OK sp/SP_5_2/2026-05-05: /Users/korneev/Desktop/water-regime-gis/outputs/imagery/sp/SP_5_2/2026-05-05/sentinel_analysis.tif (AOI clouds 0.0%)
OK sp/SP_5_2/2026-05-07: /Users/korneev/Desktop/water-regime-gis/outputs/imagery/sp/SP_5_2/2026-05-07/sentinel_analysis.tif (AOI clouds 0.0%)
OK sp/SP_5_2/2026-05-20: /Users/korneev/Desktop/water-regime-gis/outputs/imagery/sp/SP_5_2/2026-05-20/sentinel_analysis.tif (AOI clouds 0.0%)
OK sp/SP_5_2/2026-05-22: /Users/korneev/Desktop/water-regime-gis/outputs/imagery/sp/SP_5_2/2026-05-22/sentinel_analysis.tif (AOI clouds 0.0%)
OK sp/SP_5_2/2026-06-06: /Users/korneev/Desktop/water-regime-gis/outputs/imagery/sp/SP_5_2/2026-06-06/sentinel_analysis.tif (AOI clouds 0.0%)
OK sp/SP_5_2/2026-06-08: /Users/korneev/Desktop/water-regime-gis/outputs/imagery/sp/SP_5_2/2026-06-08/sentinel_analysis.tif (AOI clouds 0.0%)
OK sp/SP_5_2/2026-06-09: /Users/korneev/Desktop/water-regime-gis/outputs/imagery/sp/SP_5_2/2026-06-09/sentinel_analysis.tif (AOI clouds 100.0%)
OK sp/SP_5_2/2026-06-11: /Users/korneev/Desktop/water-regime-gis/outputs/imagery/sp/SP_5_2/2026-06-11/sentinel_analysis.tif (AOI clouds 0.0%)
OK sp/SP_5_2/2026-07-14: /Users/korneev/Desktop/water-regime-gis/outputs/imagery/sp/SP_5_2/2026-07-14/sentinel_analysis.tif (AOI clouds 0.0%)
OK sp/SP_5_2/2026-07-19: /Users/korneev/Desktop/water-regime-gis/outputs/imagery/sp/SP_5_2/2026-07-19/sentinel_analysis.tif (AOI clouds 0.0%)
OK sp/SP_5_2/2026-07-31: /Users/korneev/Desktop/water-regime-gis/outputs/imagery/sp/SP_5_2/2026-07-31/sentinel_analysis.tif (AOI clouds 23.7%)
OK sp/SP_5_2/2026-08-10: /Users/korneev/Desktop/water-regime-gis/outputs/imagery/sp/SP_5_2/2026-08-10/sentinel_analysis.tif (AOI clouds 0.0%)
OK sp/SP_5_3/2026-04-22: /Users/korneev/Desktop/water-regime-gis/outputs/imagery/sp/SP_5_3/2026-04-22/sentinel_analysis.tif (AOI clouds 0.0%)
OK sp/SP_5_3/2026-05-05: /Users/korneev/Desktop/water-regime-gis/outputs/imagery/sp/SP_5_3/2026-05-05/sentinel_analysis.tif (AOI clouds 0.0%)
OK sp/SP_5_3/2026-05-07: /Users/korneev/Desktop/water-regime-gis/outputs/imagery/sp/SP_5_3/2026-05-07/sentinel_analysis.tif (AOI clouds 0.0%)
OK sp/SP_5_3/2026-05-20: /Users/korneev/Desktop/water-regime-gis/outputs/imagery/sp/SP_5_3/2026-05-20/sentinel_analysis.tif (AOI clouds 0.0%)
OK sp/SP_5_3/2026-05-22: /Users/korneev/Desktop/water-regime-gis/outputs/imagery/sp/SP_5_3/2026-05-22/sentinel_analysis.tif (AOI clouds 0.0%)
OK sp/SP_5_3/2026-06-06: /Users/korneev/Desktop/water-regime-gis/outputs/imagery/sp/SP_5_3/2026-06-06/sentinel_analysis.tif (AOI clouds 0.0%)
OK sp/SP_5_3/2026-06-08: /Users/korneev/Desktop/water-regime-gis/outputs/imagery/sp/SP_5_3/2026-06-08/sentinel_analysis.tif (AOI clouds 0.0%)
OK sp/SP_5_3/2026-06-09: /Users/korneev/Desktop/water-regime-gis/outputs/imagery/sp/SP_5_3/2026-06-09/sentinel_analysis.tif (AOI clouds 100.0%)
OK sp/SP_5_3/2026-06-11: /Users/korneev/Desktop/water-regime-gis/outputs/imagery/sp/SP_5_3/2026-06-11/sentinel_analysis.tif (AOI clouds 0.0%)
OK sp/SP_5_3/2026-07-14: /Users/korneev/Desktop/water-regime-gis/outputs/imagery/sp/SP_5_3/2026-07-14/sentinel_analysis.tif (AOI clouds 25.9%)
OK sp/SP_5_3/2026-07-19: /Users/korneev/Desktop/water-regime-gis/outputs/imagery/sp/SP_5_3/2026-07-19/sentinel_analysis.tif (AOI clouds 0.0%)
OK sp/SP_5_3/2026-07-31: /Users/korneev/Desktop/water-regime-gis/outputs/imagery/sp/SP_5_3/2026-07-31/sentinel_analysis.tif (AOI clouds 0.3%)
OK sp/SP_5_3/2026-08-10: /Users/korneev/Desktop/water-regime-gis/outputs/imagery/sp/SP_5_3/2026-08-10/sentinel_analysis.tif (AOI clouds 0.0%)
OK sp/SP_5_4/2026-04-22: /Users/korneev/Desktop/water-regime-gis/outputs/imagery/sp/SP_5_4/2026-04-22/sentinel_analysis.tif (AOI clouds 0.0%)
OK sp/SP_5_4/2026-05-05: /Users/korneev/Desktop/water-regime-gis/outputs/imagery/sp/SP_5_4/2026-05-05/sentinel_analysis.tif (AOI clouds 0.0%)
OK sp/SP_5_4/2026-05-07: /Users/korneev/Desktop/water-regime-gis/outputs/imagery/sp/SP_5_4/2026-05-07/sentinel_analysis.tif (AOI clouds 0.0%)
OK sp/SP_5_4/2026-05-20: /Users/korneev/Desktop/water-regime-gis/outputs/imagery/sp/SP_5_4/2026-05-20/sentinel_analysis.tif (AOI clouds 0.0%)
OK sp/SP_5_4/2026-05-22: /Users/korneev/Desktop/water-regime-gis/outputs/imagery/sp/SP_5_4/2026-05-22/sentinel_analysis.tif (AOI clouds 0.0%)
OK sp/SP_5_4/2026-06-06: /Users/korneev/Desktop/water-regime-gis/outputs/imagery/sp/SP_5_4/2026-06-06/sentinel_analysis.tif (AOI clouds 1.2%)
OK sp/SP_5_4/2026-06-08: /Users/korneev/Desktop/water-regime-gis/outputs/imagery/sp/SP_5_4/2026-06-08/sentinel_analysis.tif (AOI clouds 0.0%)
OK sp/SP_5_4/2026-06-09: /Users/korneev/Desktop/water-regime-gis/outputs/imagery/sp/SP_5_4/2026-06-09/sentinel_analysis.tif (AOI clouds 100.0%)
OK sp/SP_5_4/2026-06-11: /Users/korneev/Desktop/water-regime-gis/outputs/imagery/sp/SP_5_4/2026-06-11/sentinel_analysis.tif (AOI clouds 0.0%)
OK sp/SP_5_4/2026-07-14: /Users/korneev/Desktop/water-regime-gis/outputs/imagery/sp/SP_5_4/2026-07-14/sentinel_analysis.tif (AOI clouds 0.0%)
OK sp/SP_5_4/2026-07-19: /Users/korneev/Desktop/water-regime-gis/outputs/imagery/sp/SP_5_4/2026-07-19/sentinel_analysis.tif (AOI clouds 0.0%)
OK sp/SP_5_4/2026-07-31: /Users/korneev/Desktop/water-regime-gis/outputs/imagery/sp/SP_5_4/2026-07-31/sentinel_analysis.tif (AOI clouds 9.5%)
OK sp/SP_5_4/2026-08-10: /Users/korneev/Desktop/water-regime-gis/outputs/imagery/sp/SP_5_4/2026-08-10/sentinel_analysis.tif (AOI clouds 0.0%)
OK sp/SP_5_5/2026-04-22: /Users/korneev/Desktop/water-regime-gis/outputs/imagery/sp/SP_5_5/2026-04-22/sentinel_analysis.tif (AOI clouds 0.0%)
OK sp/SP_5_5/2026-05-05: /Users/korneev/Desktop/water-regime-gis/outputs/imagery/sp/SP_5_5/2026-05-05/sentinel_analysis.tif (AOI clouds 0.0%)
OK sp/SP_5_5/2026-05-07: /Users/korneev/Desktop/water-regime-gis/outputs/imagery/sp/SP_5_5/2026-05-07/sentinel_analysis.tif (AOI clouds 0.0%)
OK sp/SP_5_5/2026-05-20: /Users/korneev/Desktop/water-regime-gis/outputs/imagery/sp/SP_5_5/2026-05-20/sentinel_analysis.tif (AOI clouds 0.0%)
OK sp/SP_5_5/2026-05-22: /Users/korneev/Desktop/water-regime-gis/outputs/imagery/sp/SP_5_5/2026-05-22/sentinel_analysis.tif (AOI clouds 0.0%)
OK sp/SP_5_5/2026-06-06: /Users/korneev/Desktop/water-regime-gis/outputs/imagery/sp/SP_5_5/2026-06-06/sentinel_analysis.tif (AOI clouds 12.6%)
OK sp/SP_5_5/2026-06-08: /Users/korneev/Desktop/water-regime-gis/outputs/imagery/sp/SP_5_5/2026-06-08/sentinel_analysis.tif (AOI clouds 0.0%)
OK sp/SP_5_5/2026-06-09: /Users/korneev/Desktop/water-regime-gis/outputs/imagery/sp/SP_5_5/2026-06-09/sentinel_analysis.tif (AOI clouds 100.0%)
OK sp/SP_5_5/2026-06-11: /Users/korneev/Desktop/water-regime-gis/outputs/imagery/sp/SP_5_5/2026-06-11/sentinel_analysis.tif (AOI clouds 0.0%)
OK sp/SP_5_5/2026-07-14: /Users/korneev/Desktop/water-regime-gis/outputs/imagery/sp/SP_5_5/2026-07-14/sentinel_analysis.tif (AOI clouds 5.0%)
OK sp/SP_5_5/2026-07-19: /Users/korneev/Desktop/water-regime-gis/outputs/imagery/sp/SP_5_5/2026-07-19/sentinel_analysis.tif (AOI clouds 0.0%)
OK sp/SP_5_5/2026-07-31: /Users/korneev/Desktop/water-regime-gis/outputs/imagery/sp/SP_5_5/2026-07-31/sentinel_analysis.tif (AOI clouds 0.0%)
OK sp/SP_5_5/2026-08-10: /Users/korneev/Desktop/water-regime-gis/outputs/imagery/sp/SP_5_5/2026-08-10/sentinel_analysis.tif (AOI clouds 0.0%)
OK sp/SP_5_6/2026-04-22: /Users/korneev/Desktop/water-regime-gis/outputs/imagery/sp/SP_5_6/2026-04-22/sentinel_analysis.tif (AOI clouds 0.0%)
OK sp/SP_5_6/2026-05-05: /Users/korneev/Desktop/water-regime-gis/outputs/imagery/sp/SP_5_6/2026-05-05/sentinel_analysis.tif (AOI clouds 0.0%)
OK sp/SP_5_6/2026-05-07: /Users/korneev/Desktop/water-regime-gis/outputs/imagery/sp/SP_5_6/2026-05-07/sentinel_analysis.tif (AOI clouds 0.0%)
OK sp/SP_5_6/2026-05-20: /Users/korneev/Desktop/water-regime-gis/outputs/imagery/sp/SP_5_6/2026-05-20/sentinel_analysis.tif (AOI clouds 0.0%)
OK sp/SP_5_6/2026-05-22: /Users/korneev/Desktop/water-regime-gis/outputs/imagery/sp/SP_5_6/2026-05-22/sentinel_analysis.tif (AOI clouds 0.0%)
OK sp/SP_5_6/2026-06-06: /Users/korneev/Desktop/water-regime-gis/outputs/imagery/sp/SP_5_6/2026-06-06/sentinel_analysis.tif (AOI clouds 0.0%)
OK sp/SP_5_6/2026-06-08: /Users/korneev/Desktop/water-regime-gis/outputs/imagery/sp/SP_5_6/2026-06-08/sentinel_analysis.tif (AOI clouds 9.5%)
OK sp/SP_5_6/2026-06-09: /Users/korneev/Desktop/water-regime-gis/outputs/imagery/sp/SP_5_6/2026-06-09/sentinel_analysis.tif (AOI clouds 100.0%)
OK sp/SP_5_6/2026-06-11: /Users/korneev/Desktop/water-regime-gis/outputs/imagery/sp/SP_5_6/2026-06-11/sentinel_analysis.tif (AOI clouds 0.0%)
OK sp/SP_5_6/2026-07-14: /Users/korneev/Desktop/water-regime-gis/outputs/imagery/sp/SP_5_6/2026-07-14/sentinel_analysis.tif (AOI clouds 0.0%)
OK sp/SP_5_6/2026-07-19: /Users/korneev/Desktop/water-regime-gis/outputs/imagery/sp/SP_5_6/2026-07-19/sentinel_analysis.tif (AOI clouds 0.0%)
OK sp/SP_5_6/2026-07-31: /Users/korneev/Desktop/water-regime-gis/outputs/imagery/sp/SP_5_6/2026-07-31/sentinel_analysis.tif (AOI clouds 2.4%)
OK sp/SP_5_6/2026-08-10: /Users/korneev/Desktop/water-regime-gis/outputs/imagery/sp/SP_5_6/2026-08-10/sentinel_analysis.tif (AOI clouds 23.8%)
OK sp/SP_5_7/2026-04-22: /Users/korneev/Desktop/water-regime-gis/outputs/imagery/sp/SP_5_7/2026-04-22/sentinel_analysis.tif (AOI clouds 0.0%)
OK sp/SP_5_7/2026-05-05: /Users/korneev/Desktop/water-regime-gis/outputs/imagery/sp/SP_5_7/2026-05-05/sentinel_analysis.tif (AOI clouds 0.0%)
OK sp/SP_5_7/2026-05-07: /Users/korneev/Desktop/water-regime-gis/outputs/imagery/sp/SP_5_7/2026-05-07/sentinel_analysis.tif (AOI clouds 0.0%)
OK sp/SP_5_7/2026-05-20: /Users/korneev/Desktop/water-regime-gis/outputs/imagery/sp/SP_5_7/2026-05-20/sentinel_analysis.tif (AOI clouds 0.0%)
OK sp/SP_5_7/2026-05-22: /Users/korneev/Desktop/water-regime-gis/outputs/imagery/sp/SP_5_7/2026-05-22/sentinel_analysis.tif (AOI clouds 0.0%)
OK sp/SP_5_7/2026-06-06: /Users/korneev/Desktop/water-regime-gis/outputs/imagery/sp/SP_5_7/2026-06-06/sentinel_analysis.tif (AOI clouds 0.0%)
OK sp/SP_5_7/2026-06-08: /Users/korneev/Desktop/water-regime-gis/outputs/imagery/sp/SP_5_7/2026-06-08/sentinel_analysis.tif (AOI clouds 0.6%)
OK sp/SP_5_7/2026-06-09: /Users/korneev/Desktop/water-regime-gis/outputs/imagery/sp/SP_5_7/2026-06-09/sentinel_analysis.tif (AOI clouds 100.0%)
OK sp/SP_5_7/2026-06-11: /Users/korneev/Desktop/water-regime-gis/outputs/imagery/sp/SP_5_7/2026-06-11/sentinel_analysis.tif (AOI clouds 0.0%)
OK sp/SP_5_7/2026-07-14: /Users/korneev/Desktop/water-regime-gis/outputs/imagery/sp/SP_5_7/2026-07-14/sentinel_analysis.tif (AOI clouds 0.0%)
OK sp/SP_5_7/2026-07-19: /Users/korneev/Desktop/water-regime-gis/outputs/imagery/sp/SP_5_7/2026-07-19/sentinel_analysis.tif (AOI clouds 0.0%)
OK sp/SP_5_7/2026-07-31: /Users/korneev/Desktop/water-regime-gis/outputs/imagery/sp/SP_5_7/2026-07-31/sentinel_analysis.tif (AOI clouds 0.0%)
OK sp/SP_5_7/2026-08-10: /Users/korneev/Desktop/water-regime-gis/outputs/imagery/sp/SP_5_7/2026-08-10/sentinel_analysis.tif (AOI clouds 1.6%)
OK sp/SP_5_8/2026-04-22: /Users/korneev/Desktop/water-regime-gis/outputs/imagery/sp/SP_5_8/2026-04-22/sentinel_analysis.tif (AOI clouds 0.0%)
OK sp/SP_5_8/2026-05-05: /Users/korneev/Desktop/water-regime-gis/outputs/imagery/sp/SP_5_8/2026-05-05/sentinel_analysis.tif (AOI clouds 0.0%)
OK sp/SP_5_8/2026-05-07: /Users/korneev/Desktop/water-regime-gis/outputs/imagery/sp/SP_5_8/2026-05-07/sentinel_analysis.tif (AOI clouds 0.0%)
OK sp/SP_5_8/2026-05-20: /Users/korneev/Desktop/water-regime-gis/outputs/imagery/sp/SP_5_8/2026-05-20/sentinel_analysis.tif (AOI clouds 0.0%)
OK sp/SP_5_8/2026-05-22: /Users/korneev/Desktop/water-regime-gis/outputs/imagery/sp/SP_5_8/2026-05-22/sentinel_analysis.tif (AOI clouds 0.0%)
OK sp/SP_5_8/2026-06-06: /Users/korneev/Desktop/water-regime-gis/outputs/imagery/sp/SP_5_8/2026-06-06/sentinel_analysis.tif (AOI clouds 0.0%)
OK sp/SP_5_8/2026-06-08: /Users/korneev/Desktop/water-regime-gis/outputs/imagery/sp/SP_5_8/2026-06-08/sentinel_analysis.tif (AOI clouds 0.0%)
OK sp/SP_5_8/2026-06-09: /Users/korneev/Desktop/water-regime-gis/outputs/imagery/sp/SP_5_8/2026-06-09/sentinel_analysis.tif (AOI clouds 100.0%)
OK sp/SP_5_8/2026-06-11: /Users/korneev/Desktop/water-regime-gis/outputs/imagery/sp/SP_5_8/2026-06-11/sentinel_analysis.tif (AOI clouds 0.0%)
OK sp/SP_5_8/2026-07-14: /Users/korneev/Desktop/water-regime-gis/outputs/imagery/sp/SP_5_8/2026-07-14/sentinel_analysis.tif (AOI clouds 13.3%)
OK sp/SP_5_8/2026-07-19: /Users/korneev/Desktop/water-regime-gis/outputs/imagery/sp/SP_5_8/2026-07-19/sentinel_analysis.tif (AOI clouds 0.0%)
OK sp/SP_5_8/2026-07-31: /Users/korneev/Desktop/water-regime-gis/outputs/imagery/sp/SP_5_8/2026-07-31/sentinel_analysis.tif (AOI clouds 62.2%)
OK sp/SP_5_8/2026-08-10: /Users/korneev/Desktop/water-regime-gis/outputs/imagery/sp/SP_5_8/2026-08-10/sentinel_analysis.tif (AOI clouds 0.0%)
OK sp/SP_5_9/2026-04-22: /Users/korneev/Desktop/water-regime-gis/outputs/imagery/sp/SP_5_9/2026-04-22/sentinel_analysis.tif (AOI clouds 0.0%)
OK sp/SP_5_9/2026-05-05: /Users/korneev/Desktop/water-regime-gis/outputs/imagery/sp/SP_5_9/2026-05-05/sentinel_analysis.tif (AOI clouds 0.0%)
OK sp/SP_5_9/2026-05-07: /Users/korneev/Desktop/water-regime-gis/outputs/imagery/sp/SP_5_9/2026-05-07/sentinel_analysis.tif (AOI clouds 0.0%)
OK sp/SP_5_9/2026-05-20: /Users/korneev/Desktop/water-regime-gis/outputs/imagery/sp/SP_5_9/2026-05-20/sentinel_analysis.tif (AOI clouds 0.0%)
OK sp/SP_5_9/2026-05-22: /Users/korneev/Desktop/water-regime-gis/outputs/imagery/sp/SP_5_9/2026-05-22/sentinel_analysis.tif (AOI clouds 0.0%)
OK sp/SP_5_9/2026-06-06: /Users/korneev/Desktop/water-regime-gis/outputs/imagery/sp/SP_5_9/2026-06-06/sentinel_analysis.tif (AOI clouds 0.0%)
OK sp/SP_5_9/2026-06-08: /Users/korneev/Desktop/water-regime-gis/outputs/imagery/sp/SP_5_9/2026-06-08/sentinel_analysis.tif (AOI clouds 0.0%)
OK sp/SP_5_9/2026-06-09: /Users/korneev/Desktop/water-regime-gis/outputs/imagery/sp/SP_5_9/2026-06-09/sentinel_analysis.tif (AOI clouds 100.0%)
OK sp/SP_5_9/2026-06-11: /Users/korneev/Desktop/water-regime-gis/outputs/imagery/sp/SP_5_9/2026-06-11/sentinel_analysis.tif (AOI clouds 0.0%)
OK sp/SP_5_9/2026-07-14: /Users/korneev/Desktop/water-regime-gis/outputs/imagery/sp/SP_5_9/2026-07-14/sentinel_analysis.tif (AOI clouds 0.0%)
OK sp/SP_5_9/2026-07-19: /Users/korneev/Desktop/water-regime-gis/outputs/imagery/sp/SP_5_9/2026-07-19/sentinel_analysis.tif (AOI clouds 0.0%)
OK sp/SP_5_9/2026-07-31: /Users/korneev/Desktop/water-regime-gis/outputs/imagery/sp/SP_5_9/2026-07-31/sentinel_analysis.tif (AOI clouds 25.9%)
OK sp/SP_5_9/2026-08-10: /Users/korneev/Desktop/water-regime-gis/outputs/imagery/sp/SP_5_9/2026-08-10/sentinel_analysis.tif (AOI clouds 0.0%)
OK sp/SP_6_1/2026-04-22: /Users/korneev/Desktop/water-regime-gis/outputs/imagery/sp/SP_6_1/2026-04-22/sentinel_analysis.tif (AOI clouds 0.0%)
OK sp/SP_6_1/2026-05-05: /Users/korneev/Desktop/water-regime-gis/outputs/imagery/sp/SP_6_1/2026-05-05/sentinel_analysis.tif (AOI clouds 7.1%)
OK sp/SP_6_1/2026-05-07: /Users/korneev/Desktop/water-regime-gis/outputs/imagery/sp/SP_6_1/2026-05-07/sentinel_analysis.tif (AOI clouds 0.0%)
OK sp/SP_6_1/2026-05-20: /Users/korneev/Desktop/water-regime-gis/outputs/imagery/sp/SP_6_1/2026-05-20/sentinel_analysis.tif (AOI clouds 0.0%)
OK sp/SP_6_1/2026-05-22: /Users/korneev/Desktop/water-regime-gis/outputs/imagery/sp/SP_6_1/2026-05-22/sentinel_analysis.tif (AOI clouds 0.0%)
OK sp/SP_6_1/2026-06-06: /Users/korneev/Desktop/water-regime-gis/outputs/imagery/sp/SP_6_1/2026-06-06/sentinel_analysis.tif (AOI clouds 0.0%)
OK sp/SP_6_1/2026-06-08: /Users/korneev/Desktop/water-regime-gis/outputs/imagery/sp/SP_6_1/2026-06-08/sentinel_analysis.tif (AOI clouds 0.0%)
OK sp/SP_6_1/2026-06-09: /Users/korneev/Desktop/water-regime-gis/outputs/imagery/sp/SP_6_1/2026-06-09/sentinel_analysis.tif (AOI clouds 88.5%)
OK sp/SP_6_1/2026-06-11: /Users/korneev/Desktop/water-regime-gis/outputs/imagery/sp/SP_6_1/2026-06-11/sentinel_analysis.tif (AOI clouds 0.0%)
OK sp/SP_6_1/2026-07-14: /Users/korneev/Desktop/water-regime-gis/outputs/imagery/sp/SP_6_1/2026-07-14/sentinel_analysis.tif (AOI clouds 37.5%)
OK sp/SP_6_1/2026-07-19: /Users/korneev/Desktop/water-regime-gis/outputs/imagery/sp/SP_6_1/2026-07-19/sentinel_analysis.tif (AOI clouds 0.0%)
OK sp/SP_6_1/2026-07-31: /Users/korneev/Desktop/water-regime-gis/outputs/imagery/sp/SP_6_1/2026-07-31/sentinel_analysis.tif (AOI clouds 84.9%)
OK sp/SP_6_1/2026-08-10: /Users/korneev/Desktop/water-regime-gis/outputs/imagery/sp/SP_6_1/2026-08-10/sentinel_analysis.tif (AOI clouds 0.0%)
OK sp/SP_6_10/2026-04-22: /Users/korneev/Desktop/water-regime-gis/outputs/imagery/sp/SP_6_10/2026-04-22/sentinel_analysis.tif (AOI clouds 0.0%)
OK sp/SP_6_10/2026-05-05: /Users/korneev/Desktop/water-regime-gis/outputs/imagery/sp/SP_6_10/2026-05-05/sentinel_analysis.tif (AOI clouds 0.0%)
OK sp/SP_6_10/2026-05-07: /Users/korneev/Desktop/water-regime-gis/outputs/imagery/sp/SP_6_10/2026-05-07/sentinel_analysis.tif (AOI clouds 0.0%)
OK sp/SP_6_10/2026-05-20: /Users/korneev/Desktop/water-regime-gis/outputs/imagery/sp/SP_6_10/2026-05-20/sentinel_analysis.tif (AOI clouds 0.0%)
OK sp/SP_6_10/2026-05-22: /Users/korneev/Desktop/water-regime-gis/outputs/imagery/sp/SP_6_10/2026-05-22/sentinel_analysis.tif (AOI clouds 0.0%)
OK sp/SP_6_10/2026-06-06: /Users/korneev/Desktop/water-regime-gis/outputs/imagery/sp/SP_6_10/2026-06-06/sentinel_analysis.tif (AOI clouds 0.0%)
OK sp/SP_6_10/2026-06-08: /Users/korneev/Desktop/water-regime-gis/outputs/imagery/sp/SP_6_10/2026-06-08/sentinel_analysis.tif (AOI clouds 0.0%)
OK sp/SP_6_10/2026-06-09: /Users/korneev/Desktop/water-regime-gis/outputs/imagery/sp/SP_6_10/2026-06-09/sentinel_analysis.tif (AOI clouds 99.2%)
OK sp/SP_6_10/2026-06-11: /Users/korneev/Desktop/water-regime-gis/outputs/imagery/sp/SP_6_10/2026-06-11/sentinel_analysis.tif (AOI clouds 0.0%)
OK sp/SP_6_10/2026-07-14: /Users/korneev/Desktop/water-regime-gis/outputs/imagery/sp/SP_6_10/2026-07-14/sentinel_analysis.tif (AOI clouds 0.0%)
OK sp/SP_6_10/2026-07-19: /Users/korneev/Desktop/water-regime-gis/outputs/imagery/sp/SP_6_10/2026-07-19/sentinel_analysis.tif (AOI clouds 0.0%)
OK sp/SP_6_10/2026-07-31: /Users/korneev/Desktop/water-regime-gis/outputs/imagery/sp/SP_6_10/2026-07-31/sentinel_analysis.tif (AOI clouds 55.8%)
OK sp/SP_6_10/2026-08-10: /Users/korneev/Desktop/water-regime-gis/outputs/imagery/sp/SP_6_10/2026-08-10/sentinel_analysis.tif (AOI clouds 0.0%)
OK sp/SP_6_11/2026-04-22: /Users/korneev/Desktop/water-regime-gis/outputs/imagery/sp/SP_6_11/2026-04-22/sentinel_analysis.tif (AOI clouds 0.0%)
OK sp/SP_6_11/2026-05-05: /Users/korneev/Desktop/water-regime-gis/outputs/imagery/sp/SP_6_11/2026-05-05/sentinel_analysis.tif (AOI clouds 0.0%)
OK sp/SP_6_11/2026-05-07: /Users/korneev/Desktop/water-regime-gis/outputs/imagery/sp/SP_6_11/2026-05-07/sentinel_analysis.tif (AOI clouds 0.0%)
OK sp/SP_6_11/2026-05-20: /Users/korneev/Desktop/water-regime-gis/outputs/imagery/sp/SP_6_11/2026-05-20/sentinel_analysis.tif (AOI clouds 0.0%)
OK sp/SP_6_11/2026-05-22: /Users/korneev/Desktop/water-regime-gis/outputs/imagery/sp/SP_6_11/2026-05-22/sentinel_analysis.tif (AOI clouds 0.0%)
OK sp/SP_6_11/2026-06-06: /Users/korneev/Desktop/water-regime-gis/outputs/imagery/sp/SP_6_11/2026-06-06/sentinel_analysis.tif (AOI clouds 0.0%)
OK sp/SP_6_11/2026-06-08: /Users/korneev/Desktop/water-regime-gis/outputs/imagery/sp/SP_6_11/2026-06-08/sentinel_analysis.tif (AOI clouds 0.0%)
OK sp/SP_6_11/2026-06-09: /Users/korneev/Desktop/water-regime-gis/outputs/imagery/sp/SP_6_11/2026-06-09/sentinel_analysis.tif (AOI clouds 72.4%)
OK sp/SP_6_11/2026-06-11: /Users/korneev/Desktop/water-regime-gis/outputs/imagery/sp/SP_6_11/2026-06-11/sentinel_analysis.tif (AOI clouds 0.0%)
OK sp/SP_6_11/2026-07-14: /Users/korneev/Desktop/water-regime-gis/outputs/imagery/sp/SP_6_11/2026-07-14/sentinel_analysis.tif (AOI clouds 0.0%)
OK sp/SP_6_11/2026-07-19: /Users/korneev/Desktop/water-regime-gis/outputs/imagery/sp/SP_6_11/2026-07-19/sentinel_analysis.tif (AOI clouds 0.0%)
OK sp/SP_6_11/2026-07-31: /Users/korneev/Desktop/water-regime-gis/outputs/imagery/sp/SP_6_11/2026-07-31/sentinel_analysis.tif (AOI clouds 29.6%)
OK sp/SP_6_11/2026-08-10: /Users/korneev/Desktop/water-regime-gis/outputs/imagery/sp/SP_6_11/2026-08-10/sentinel_analysis.tif (AOI clouds 10.0%)
OK sp/SP_6_12/2026-04-22: /Users/korneev/Desktop/water-regime-gis/outputs/imagery/sp/SP_6_12/2026-04-22/sentinel_analysis.tif (AOI clouds 0.0%)
OK sp/SP_6_12/2026-05-05: /Users/korneev/Desktop/water-regime-gis/outputs/imagery/sp/SP_6_12/2026-05-05/sentinel_analysis.tif (AOI clouds 0.0%)
OK sp/SP_6_12/2026-05-07: /Users/korneev/Desktop/water-regime-gis/outputs/imagery/sp/SP_6_12/2026-05-07/sentinel_analysis.tif (AOI clouds 0.0%)
OK sp/SP_6_12/2026-05-20: /Users/korneev/Desktop/water-regime-gis/outputs/imagery/sp/SP_6_12/2026-05-20/sentinel_analysis.tif (AOI clouds 0.0%)
OK sp/SP_6_12/2026-05-22: /Users/korneev/Desktop/water-regime-gis/outputs/imagery/sp/SP_6_12/2026-05-22/sentinel_analysis.tif (AOI clouds 0.0%)
OK sp/SP_6_12/2026-06-06: /Users/korneev/Desktop/water-regime-gis/outputs/imagery/sp/SP_6_12/2026-06-06/sentinel_analysis.tif (AOI clouds 0.0%)
OK sp/SP_6_12/2026-06-08: /Users/korneev/Desktop/water-regime-gis/outputs/imagery/sp/SP_6_12/2026-06-08/sentinel_analysis.tif (AOI clouds 0.0%)
OK sp/SP_6_12/2026-06-09: /Users/korneev/Desktop/water-regime-gis/outputs/imagery/sp/SP_6_12/2026-06-09/sentinel_analysis.tif (AOI clouds 26.6%)
OK sp/SP_6_12/2026-06-11: /Users/korneev/Desktop/water-regime-gis/outputs/imagery/sp/SP_6_12/2026-06-11/sentinel_analysis.tif (AOI clouds 0.0%)
OK sp/SP_6_12/2026-07-14: /Users/korneev/Desktop/water-regime-gis/outputs/imagery/sp/SP_6_12/2026-07-14/sentinel_analysis.tif (AOI clouds 0.0%)
OK sp/SP_6_12/2026-07-19: /Users/korneev/Desktop/water-regime-gis/outputs/imagery/sp/SP_6_12/2026-07-19/sentinel_analysis.tif (AOI clouds 0.0%)
OK sp/SP_6_12/2026-07-31: /Users/korneev/Desktop/water-regime-gis/outputs/imagery/sp/SP_6_12/2026-07-31/sentinel_analysis.tif (AOI clouds 0.0%)
OK sp/SP_6_12/2026-08-10: /Users/korneev/Desktop/water-regime-gis/outputs/imagery/sp/SP_6_12/2026-08-10/sentinel_analysis.tif (AOI clouds 38.2%)
OK sp/SP_6_13/2026-04-22: /Users/korneev/Desktop/water-regime-gis/outputs/imagery/sp/SP_6_13/2026-04-22/sentinel_analysis.tif (AOI clouds 0.0%)
OK sp/SP_6_13/2026-05-05: /Users/korneev/Desktop/water-regime-gis/outputs/imagery/sp/SP_6_13/2026-05-05/sentinel_analysis.tif (AOI clouds 0.0%)
OK sp/SP_6_13/2026-05-07: /Users/korneev/Desktop/water-regime-gis/outputs/imagery/sp/SP_6_13/2026-05-07/sentinel_analysis.tif (AOI clouds 0.0%)
OK sp/SP_6_13/2026-05-20: /Users/korneev/Desktop/water-regime-gis/outputs/imagery/sp/SP_6_13/2026-05-20/sentinel_analysis.tif (AOI clouds 0.0%)
OK sp/SP_6_13/2026-05-22: /Users/korneev/Desktop/water-regime-gis/outputs/imagery/sp/SP_6_13/2026-05-22/sentinel_analysis.tif (AOI clouds 0.0%)
OK sp/SP_6_13/2026-06-06: /Users/korneev/Desktop/water-regime-gis/outputs/imagery/sp/SP_6_13/2026-06-06/sentinel_analysis.tif (AOI clouds 0.0%)
OK sp/SP_6_13/2026-06-08: /Users/korneev/Desktop/water-regime-gis/outputs/imagery/sp/SP_6_13/2026-06-08/sentinel_analysis.tif (AOI clouds 0.0%)
OK sp/SP_6_13/2026-06-09: /Users/korneev/Desktop/water-regime-gis/outputs/imagery/sp/SP_6_13/2026-06-09/sentinel_analysis.tif (AOI clouds 100.0%)
OK sp/SP_6_13/2026-06-11: /Users/korneev/Desktop/water-regime-gis/outputs/imagery/sp/SP_6_13/2026-06-11/sentinel_analysis.tif (AOI clouds 0.0%)
OK sp/SP_6_13/2026-07-14: /Users/korneev/Desktop/water-regime-gis/outputs/imagery/sp/SP_6_13/2026-07-14/sentinel_analysis.tif (AOI clouds 0.2%)
OK sp/SP_6_13/2026-07-19: /Users/korneev/Desktop/water-regime-gis/outputs/imagery/sp/SP_6_13/2026-07-19/sentinel_analysis.tif (AOI clouds 0.0%)
OK sp/SP_6_13/2026-07-31: /Users/korneev/Desktop/water-regime-gis/outputs/imagery/sp/SP_6_13/2026-07-31/sentinel_analysis.tif (AOI clouds 50.5%)
OK sp/SP_6_13/2026-08-10: /Users/korneev/Desktop/water-regime-gis/outputs/imagery/sp/SP_6_13/2026-08-10/sentinel_analysis.tif (AOI clouds 8.2%)
OK sp/SP_6_14/2026-04-22: /Users/korneev/Desktop/water-regime-gis/outputs/imagery/sp/SP_6_14/2026-04-22/sentinel_analysis.tif (AOI clouds 0.0%)
OK sp/SP_6_14/2026-05-05: /Users/korneev/Desktop/water-regime-gis/outputs/imagery/sp/SP_6_14/2026-05-05/sentinel_analysis.tif (AOI clouds 0.0%)
OK sp/SP_6_14/2026-05-07: /Users/korneev/Desktop/water-regime-gis/outputs/imagery/sp/SP_6_14/2026-05-07/sentinel_analysis.tif (AOI clouds 0.0%)
OK sp/SP_6_14/2026-05-20: /Users/korneev/Desktop/water-regime-gis/outputs/imagery/sp/SP_6_14/2026-05-20/sentinel_analysis.tif (AOI clouds 0.0%)
OK sp/SP_6_14/2026-05-22: /Users/korneev/Desktop/water-regime-gis/outputs/imagery/sp/SP_6_14/2026-05-22/sentinel_analysis.tif (AOI clouds 0.0%)
OK sp/SP_6_14/2026-06-06: /Users/korneev/Desktop/water-regime-gis/outputs/imagery/sp/SP_6_14/2026-06-06/sentinel_analysis.tif (AOI clouds 0.0%)
OK sp/SP_6_14/2026-06-08: /Users/korneev/Desktop/water-regime-gis/outputs/imagery/sp/SP_6_14/2026-06-08/sentinel_analysis.tif (AOI clouds 0.0%)
OK sp/SP_6_14/2026-06-09: /Users/korneev/Desktop/water-regime-gis/outputs/imagery/sp/SP_6_14/2026-06-09/sentinel_analysis.tif (AOI clouds 61.1%)
OK sp/SP_6_14/2026-06-11: /Users/korneev/Desktop/water-regime-gis/outputs/imagery/sp/SP_6_14/2026-06-11/sentinel_analysis.tif (AOI clouds 0.0%)
OK sp/SP_6_14/2026-07-14: /Users/korneev/Desktop/water-regime-gis/outputs/imagery/sp/SP_6_14/2026-07-14/sentinel_analysis.tif (AOI clouds 0.0%)
OK sp/SP_6_14/2026-07-19: /Users/korneev/Desktop/water-regime-gis/outputs/imagery/sp/SP_6_14/2026-07-19/sentinel_analysis.tif (AOI clouds 0.0%)
OK sp/SP_6_14/2026-07-31: /Users/korneev/Desktop/water-regime-gis/outputs/imagery/sp/SP_6_14/2026-07-31/sentinel_analysis.tif (AOI clouds 18.1%)
OK sp/SP_6_14/2026-08-10: /Users/korneev/Desktop/water-regime-gis/outputs/imagery/sp/SP_6_14/2026-08-10/sentinel_analysis.tif (AOI clouds 30.9%)
OK sp/SP_6_15/2026-04-22: /Users/korneev/Desktop/water-regime-gis/outputs/imagery/sp/SP_6_15/2026-04-22/sentinel_analysis.tif (AOI clouds 0.0%)
OK sp/SP_6_15/2026-05-05: /Users/korneev/Desktop/water-regime-gis/outputs/imagery/sp/SP_6_15/2026-05-05/sentinel_analysis.tif (AOI clouds 0.0%)
OK sp/SP_6_15/2026-05-07: /Users/korneev/Desktop/water-regime-gis/outputs/imagery/sp/SP_6_15/2026-05-07/sentinel_analysis.tif (AOI clouds 0.0%)
OK sp/SP_6_15/2026-05-20: /Users/korneev/Desktop/water-regime-gis/outputs/imagery/sp/SP_6_15/2026-05-20/sentinel_analysis.tif (AOI clouds 0.0%)
OK sp/SP_6_15/2026-05-22: /Users/korneev/Desktop/water-regime-gis/outputs/imagery/sp/SP_6_15/2026-05-22/sentinel_analysis.tif (AOI clouds 0.0%)
OK sp/SP_6_15/2026-06-06: /Users/korneev/Desktop/water-regime-gis/outputs/imagery/sp/SP_6_15/2026-06-06/sentinel_analysis.tif (AOI clouds 0.0%)
OK sp/SP_6_15/2026-06-08: /Users/korneev/Desktop/water-regime-gis/outputs/imagery/sp/SP_6_15/2026-06-08/sentinel_analysis.tif (AOI clouds 0.0%)
OK sp/SP_6_15/2026-06-09: /Users/korneev/Desktop/water-regime-gis/outputs/imagery/sp/SP_6_15/2026-06-09/sentinel_analysis.tif (AOI clouds 60.9%)
OK sp/SP_6_15/2026-06-11: /Users/korneev/Desktop/water-regime-gis/outputs/imagery/sp/SP_6_15/2026-06-11/sentinel_analysis.tif (AOI clouds 0.0%)
OK sp/SP_6_15/2026-07-14: /Users/korneev/Desktop/water-regime-gis/outputs/imagery/sp/SP_6_15/2026-07-14/sentinel_analysis.tif (AOI clouds 0.0%)
OK sp/SP_6_15/2026-07-19: /Users/korneev/Desktop/water-regime-gis/outputs/imagery/sp/SP_6_15/2026-07-19/sentinel_analysis.tif (AOI clouds 0.0%)
OK sp/SP_6_15/2026-07-31: /Users/korneev/Desktop/water-regime-gis/outputs/imagery/sp/SP_6_15/2026-07-31/sentinel_analysis.tif (AOI clouds 0.0%)
OK sp/SP_6_15/2026-08-10: /Users/korneev/Desktop/water-regime-gis/outputs/imagery/sp/SP_6_15/2026-08-10/sentinel_analysis.tif (AOI clouds 37.5%)
OK sp/SP_6_16/2026-04-22: /Users/korneev/Desktop/water-regime-gis/outputs/imagery/sp/SP_6_16/2026-04-22/sentinel_analysis.tif (AOI clouds 0.0%)
OK sp/SP_6_16/2026-05-05: /Users/korneev/Desktop/water-regime-gis/outputs/imagery/sp/SP_6_16/2026-05-05/sentinel_analysis.tif (AOI clouds 0.0%)
OK sp/SP_6_16/2026-05-07: /Users/korneev/Desktop/water-regime-gis/outputs/imagery/sp/SP_6_16/2026-05-07/sentinel_analysis.tif (AOI clouds 0.0%)
OK sp/SP_6_16/2026-05-20: /Users/korneev/Desktop/water-regime-gis/outputs/imagery/sp/SP_6_16/2026-05-20/sentinel_analysis.tif (AOI clouds 0.0%)
OK sp/SP_6_16/2026-05-22: /Users/korneev/Desktop/water-regime-gis/outputs/imagery/sp/SP_6_16/2026-05-22/sentinel_analysis.tif (AOI clouds 0.0%)
OK sp/SP_6_16/2026-06-06: /Users/korneev/Desktop/water-regime-gis/outputs/imagery/sp/SP_6_16/2026-06-06/sentinel_analysis.tif (AOI clouds 0.0%)
OK sp/SP_6_16/2026-06-08: /Users/korneev/Desktop/water-regime-gis/outputs/imagery/sp/SP_6_16/2026-06-08/sentinel_analysis.tif (AOI clouds 0.0%)
OK sp/SP_6_16/2026-06-09: /Users/korneev/Desktop/water-regime-gis/outputs/imagery/sp/SP_6_16/2026-06-09/sentinel_analysis.tif (AOI clouds 100.0%)
OK sp/SP_6_16/2026-06-11: /Users/korneev/Desktop/water-regime-gis/outputs/imagery/sp/SP_6_16/2026-06-11/sentinel_analysis.tif (AOI clouds 0.0%)
OK sp/SP_6_16/2026-07-14: /Users/korneev/Desktop/water-regime-gis/outputs/imagery/sp/SP_6_16/2026-07-14/sentinel_analysis.tif (AOI clouds 0.0%)
OK sp/SP_6_16/2026-07-19: /Users/korneev/Desktop/water-regime-gis/outputs/imagery/sp/SP_6_16/2026-07-19/sentinel_analysis.tif (AOI clouds 0.0%)
OK sp/SP_6_16/2026-07-31: /Users/korneev/Desktop/water-regime-gis/outputs/imagery/sp/SP_6_16/2026-07-31/sentinel_analysis.tif (AOI clouds 0.0%)
OK sp/SP_6_16/2026-08-10: /Users/korneev/Desktop/water-regime-gis/outputs/imagery/sp/SP_6_16/2026-08-10/sentinel_analysis.tif (AOI clouds 0.0%)
OK sp/SP_6_17/2026-04-22: /Users/korneev/Desktop/water-regime-gis/outputs/imagery/sp/SP_6_17/2026-04-22/sentinel_analysis.tif (AOI clouds 0.0%)
OK sp/SP_6_17/2026-05-05: /Users/korneev/Desktop/water-regime-gis/outputs/imagery/sp/SP_6_17/2026-05-05/sentinel_analysis.tif (AOI clouds 0.0%)
OK sp/SP_6_17/2026-05-07: /Users/korneev/Desktop/water-regime-gis/outputs/imagery/sp/SP_6_17/2026-05-07/sentinel_analysis.tif (AOI clouds 0.0%)
OK sp/SP_6_17/2026-05-20: /Users/korneev/Desktop/water-regime-gis/outputs/imagery/sp/SP_6_17/2026-05-20/sentinel_analysis.tif (AOI clouds 0.0%)
OK sp/SP_6_17/2026-05-22: /Users/korneev/Desktop/water-regime-gis/outputs/imagery/sp/SP_6_17/2026-05-22/sentinel_analysis.tif (AOI clouds 0.0%)
OK sp/SP_6_17/2026-06-06: /Users/korneev/Desktop/water-regime-gis/outputs/imagery/sp/SP_6_17/2026-06-06/sentinel_analysis.tif (AOI clouds 0.0%)
OK sp/SP_6_17/2026-06-08: /Users/korneev/Desktop/water-regime-gis/outputs/imagery/sp/SP_6_17/2026-06-08/sentinel_analysis.tif (AOI clouds 0.0%)
OK sp/SP_6_17/2026-06-09: /Users/korneev/Desktop/water-regime-gis/outputs/imagery/sp/SP_6_17/2026-06-09/sentinel_analysis.tif (AOI clouds 100.0%)
OK sp/SP_6_17/2026-06-11: /Users/korneev/Desktop/water-regime-gis/outputs/imagery/sp/SP_6_17/2026-06-11/sentinel_analysis.tif (AOI clouds 0.0%)
OK sp/SP_6_17/2026-07-14: /Users/korneev/Desktop/water-regime-gis/outputs/imagery/sp/SP_6_17/2026-07-14/sentinel_analysis.tif (AOI clouds 30.8%)
OK sp/SP_6_17/2026-07-19: /Users/korneev/Desktop/water-regime-gis/outputs/imagery/sp/SP_6_17/2026-07-19/sentinel_analysis.tif (AOI clouds 0.0%)
OK sp/SP_6_17/2026-07-31: /Users/korneev/Desktop/water-regime-gis/outputs/imagery/sp/SP_6_17/2026-07-31/sentinel_analysis.tif (AOI clouds 16.0%)
OK sp/SP_6_17/2026-08-10: /Users/korneev/Desktop/water-regime-gis/outputs/imagery/sp/SP_6_17/2026-08-10/sentinel_analysis.tif (AOI clouds 0.0%)
OK sp/SP_6_2/2026-04-22: /Users/korneev/Desktop/water-regime-gis/outputs/imagery/sp/SP_6_2/2026-04-22/sentinel_analysis.tif (AOI clouds 0.0%)
OK sp/SP_6_2/2026-05-05: /Users/korneev/Desktop/water-regime-gis/outputs/imagery/sp/SP_6_2/2026-05-05/sentinel_analysis.tif (AOI clouds 0.0%)
OK sp/SP_6_2/2026-05-07: /Users/korneev/Desktop/water-regime-gis/outputs/imagery/sp/SP_6_2/2026-05-07/sentinel_analysis.tif (AOI clouds 0.0%)
OK sp/SP_6_2/2026-05-20: /Users/korneev/Desktop/water-regime-gis/outputs/imagery/sp/SP_6_2/2026-05-20/sentinel_analysis.tif (AOI clouds 0.0%)
OK sp/SP_6_2/2026-05-22: /Users/korneev/Desktop/water-regime-gis/outputs/imagery/sp/SP_6_2/2026-05-22/sentinel_analysis.tif (AOI clouds 0.0%)
OK sp/SP_6_2/2026-06-06: /Users/korneev/Desktop/water-regime-gis/outputs/imagery/sp/SP_6_2/2026-06-06/sentinel_analysis.tif (AOI clouds 0.0%)
OK sp/SP_6_2/2026-06-08: /Users/korneev/Desktop/water-regime-gis/outputs/imagery/sp/SP_6_2/2026-06-08/sentinel_analysis.tif (AOI clouds 0.0%)
OK sp/SP_6_2/2026-06-09: /Users/korneev/Desktop/water-regime-gis/outputs/imagery/sp/SP_6_2/2026-06-09/sentinel_analysis.tif (AOI clouds 82.5%)
OK sp/SP_6_2/2026-06-11: /Users/korneev/Desktop/water-regime-gis/outputs/imagery/sp/SP_6_2/2026-06-11/sentinel_analysis.tif (AOI clouds 0.0%)
OK sp/SP_6_2/2026-07-14: /Users/korneev/Desktop/water-regime-gis/outputs/imagery/sp/SP_6_2/2026-07-14/sentinel_analysis.tif (AOI clouds 28.8%)
OK sp/SP_6_2/2026-07-19: /Users/korneev/Desktop/water-regime-gis/outputs/imagery/sp/SP_6_2/2026-07-19/sentinel_analysis.tif (AOI clouds 0.0%)
OK sp/SP_6_2/2026-07-31: /Users/korneev/Desktop/water-regime-gis/outputs/imagery/sp/SP_6_2/2026-07-31/sentinel_analysis.tif (AOI clouds 63.5%)
OK sp/SP_6_2/2026-08-10: /Users/korneev/Desktop/water-regime-gis/outputs/imagery/sp/SP_6_2/2026-08-10/sentinel_analysis.tif (AOI clouds 0.0%)
OK sp/SP_6_3/2026-04-22: /Users/korneev/Desktop/water-regime-gis/outputs/imagery/sp/SP_6_3/2026-04-22/sentinel_analysis.tif (AOI clouds 0.0%)
OK sp/SP_6_3/2026-05-05: /Users/korneev/Desktop/water-regime-gis/outputs/imagery/sp/SP_6_3/2026-05-05/sentinel_analysis.tif (AOI clouds 2.4%)
OK sp/SP_6_3/2026-05-07: /Users/korneev/Desktop/water-regime-gis/outputs/imagery/sp/SP_6_3/2026-05-07/sentinel_analysis.tif (AOI clouds 0.0%)
OK sp/SP_6_3/2026-05-20: /Users/korneev/Desktop/water-regime-gis/outputs/imagery/sp/SP_6_3/2026-05-20/sentinel_analysis.tif (AOI clouds 0.0%)
OK sp/SP_6_3/2026-05-22: /Users/korneev/Desktop/water-regime-gis/outputs/imagery/sp/SP_6_3/2026-05-22/sentinel_analysis.tif (AOI clouds 0.0%)
OK sp/SP_6_3/2026-06-06: /Users/korneev/Desktop/water-regime-gis/outputs/imagery/sp/SP_6_3/2026-06-06/sentinel_analysis.tif (AOI clouds 0.0%)
OK sp/SP_6_3/2026-06-08: /Users/korneev/Desktop/water-regime-gis/outputs/imagery/sp/SP_6_3/2026-06-08/sentinel_analysis.tif (AOI clouds 0.0%)
OK sp/SP_6_3/2026-06-09: /Users/korneev/Desktop/water-regime-gis/outputs/imagery/sp/SP_6_3/2026-06-09/sentinel_analysis.tif (AOI clouds 20.9%)
OK sp/SP_6_3/2026-06-11: /Users/korneev/Desktop/water-regime-gis/outputs/imagery/sp/SP_6_3/2026-06-11/sentinel_analysis.tif (AOI clouds 0.0%)
OK sp/SP_6_3/2026-07-14: /Users/korneev/Desktop/water-regime-gis/outputs/imagery/sp/SP_6_3/2026-07-14/sentinel_analysis.tif (AOI clouds 30.8%)
OK sp/SP_6_3/2026-07-19: /Users/korneev/Desktop/water-regime-gis/outputs/imagery/sp/SP_6_3/2026-07-19/sentinel_analysis.tif (AOI clouds 0.0%)
OK sp/SP_6_3/2026-07-31: /Users/korneev/Desktop/water-regime-gis/outputs/imagery/sp/SP_6_3/2026-07-31/sentinel_analysis.tif (AOI clouds 8.7%)
OK sp/SP_6_3/2026-08-10: /Users/korneev/Desktop/water-regime-gis/outputs/imagery/sp/SP_6_3/2026-08-10/sentinel_analysis.tif (AOI clouds 0.0%)
OK sp/SP_6_4/2026-04-22: /Users/korneev/Desktop/water-regime-gis/outputs/imagery/sp/SP_6_4/2026-04-22/sentinel_analysis.tif (AOI clouds 0.0%)
OK sp/SP_6_4/2026-05-05: /Users/korneev/Desktop/water-regime-gis/outputs/imagery/sp/SP_6_4/2026-05-05/sentinel_analysis.tif (AOI clouds 0.0%)
OK sp/SP_6_4/2026-05-07: /Users/korneev/Desktop/water-regime-gis/outputs/imagery/sp/SP_6_4/2026-05-07/sentinel_analysis.tif (AOI clouds 0.0%)
OK sp/SP_6_4/2026-05-20: /Users/korneev/Desktop/water-regime-gis/outputs/imagery/sp/SP_6_4/2026-05-20/sentinel_analysis.tif (AOI clouds 0.0%)
OK sp/SP_6_4/2026-05-22: /Users/korneev/Desktop/water-regime-gis/outputs/imagery/sp/SP_6_4/2026-05-22/sentinel_analysis.tif (AOI clouds 0.0%)
OK sp/SP_6_4/2026-06-06: /Users/korneev/Desktop/water-regime-gis/outputs/imagery/sp/SP_6_4/2026-06-06/sentinel_analysis.tif (AOI clouds 0.0%)
OK sp/SP_6_4/2026-06-08: /Users/korneev/Desktop/water-regime-gis/outputs/imagery/sp/SP_6_4/2026-06-08/sentinel_analysis.tif (AOI clouds 0.0%)
OK sp/SP_6_4/2026-06-09: /Users/korneev/Desktop/water-regime-gis/outputs/imagery/sp/SP_6_4/2026-06-09/sentinel_analysis.tif (AOI clouds 100.0%)
OK sp/SP_6_4/2026-06-11: /Users/korneev/Desktop/water-regime-gis/outputs/imagery/sp/SP_6_4/2026-06-11/sentinel_analysis.tif (AOI clouds 0.0%)
OK sp/SP_6_4/2026-07-14: /Users/korneev/Desktop/water-regime-gis/outputs/imagery/sp/SP_6_4/2026-07-14/sentinel_analysis.tif (AOI clouds 0.0%)
OK sp/SP_6_4/2026-07-19: /Users/korneev/Desktop/water-regime-gis/outputs/imagery/sp/SP_6_4/2026-07-19/sentinel_analysis.tif (AOI clouds 0.0%)
OK sp/SP_6_4/2026-07-31: /Users/korneev/Desktop/water-regime-gis/outputs/imagery/sp/SP_6_4/2026-07-31/sentinel_analysis.tif (AOI clouds 100.0%)
OK sp/SP_6_4/2026-08-10: /Users/korneev/Desktop/water-regime-gis/outputs/imagery/sp/SP_6_4/2026-08-10/sentinel_analysis.tif (AOI clouds 0.0%)
OK sp/SP_6_5/2026-04-22: /Users/korneev/Desktop/water-regime-gis/outputs/imagery/sp/SP_6_5/2026-04-22/sentinel_analysis.tif (AOI clouds 0.0%)
OK sp/SP_6_5/2026-05-05: /Users/korneev/Desktop/water-regime-gis/outputs/imagery/sp/SP_6_5/2026-05-05/sentinel_analysis.tif (AOI clouds 0.0%)
OK sp/SP_6_5/2026-05-07: /Users/korneev/Desktop/water-regime-gis/outputs/imagery/sp/SP_6_5/2026-05-07/sentinel_analysis.tif (AOI clouds 0.0%)
OK sp/SP_6_5/2026-05-20: /Users/korneev/Desktop/water-regime-gis/outputs/imagery/sp/SP_6_5/2026-05-20/sentinel_analysis.tif (AOI clouds 0.0%)
OK sp/SP_6_5/2026-05-22: /Users/korneev/Desktop/water-regime-gis/outputs/imagery/sp/SP_6_5/2026-05-22/sentinel_analysis.tif (AOI clouds 0.0%)
OK sp/SP_6_5/2026-06-06: /Users/korneev/Desktop/water-regime-gis/outputs/imagery/sp/SP_6_5/2026-06-06/sentinel_analysis.tif (AOI clouds 0.0%)
OK sp/SP_6_5/2026-06-08: /Users/korneev/Desktop/water-regime-gis/outputs/imagery/sp/SP_6_5/2026-06-08/sentinel_analysis.tif (AOI clouds 0.0%)
OK sp/SP_6_5/2026-06-09: /Users/korneev/Desktop/water-regime-gis/outputs/imagery/sp/SP_6_5/2026-06-09/sentinel_analysis.tif (AOI clouds 98.2%)
OK sp/SP_6_5/2026-06-11: /Users/korneev/Desktop/water-regime-gis/outputs/imagery/sp/SP_6_5/2026-06-11/sentinel_analysis.tif (AOI clouds 0.0%)
OK sp/SP_6_5/2026-07-14: /Users/korneev/Desktop/water-regime-gis/outputs/imagery/sp/SP_6_5/2026-07-14/sentinel_analysis.tif (AOI clouds 0.0%)
OK sp/SP_6_5/2026-07-19: /Users/korneev/Desktop/water-regime-gis/outputs/imagery/sp/SP_6_5/2026-07-19/sentinel_analysis.tif (AOI clouds 0.0%)
OK sp/SP_6_5/2026-07-31: /Users/korneev/Desktop/water-regime-gis/outputs/imagery/sp/SP_6_5/2026-07-31/sentinel_analysis.tif (AOI clouds 100.0%)
OK sp/SP_6_5/2026-08-10: /Users/korneev/Desktop/water-regime-gis/outputs/imagery/sp/SP_6_5/2026-08-10/sentinel_analysis.tif (AOI clouds 0.0%)
OK sp/SP_6_6/2026-04-22: /Users/korneev/Desktop/water-regime-gis/outputs/imagery/sp/SP_6_6/2026-04-22/sentinel_analysis.tif (AOI clouds 0.0%)
OK sp/SP_6_6/2026-05-05: /Users/korneev/Desktop/water-regime-gis/outputs/imagery/sp/SP_6_6/2026-05-05/sentinel_analysis.tif (AOI clouds 0.0%)
OK sp/SP_6_6/2026-05-07: /Users/korneev/Desktop/water-regime-gis/outputs/imagery/sp/SP_6_6/2026-05-07/sentinel_analysis.tif (AOI clouds 0.0%)
OK sp/SP_6_6/2026-05-20: /Users/korneev/Desktop/water-regime-gis/outputs/imagery/sp/SP_6_6/2026-05-20/sentinel_analysis.tif (AOI clouds 0.0%)
OK sp/SP_6_6/2026-05-22: /Users/korneev/Desktop/water-regime-gis/outputs/imagery/sp/SP_6_6/2026-05-22/sentinel_analysis.tif (AOI clouds 0.0%)
OK sp/SP_6_6/2026-06-06: /Users/korneev/Desktop/water-regime-gis/outputs/imagery/sp/SP_6_6/2026-06-06/sentinel_analysis.tif (AOI clouds 0.0%)
OK sp/SP_6_6/2026-06-08: /Users/korneev/Desktop/water-regime-gis/outputs/imagery/sp/SP_6_6/2026-06-08/sentinel_analysis.tif (AOI clouds 0.0%)
OK sp/SP_6_6/2026-06-09: /Users/korneev/Desktop/water-regime-gis/outputs/imagery/sp/SP_6_6/2026-06-09/sentinel_analysis.tif (AOI clouds 36.5%)
OK sp/SP_6_6/2026-06-11: /Users/korneev/Desktop/water-regime-gis/outputs/imagery/sp/SP_6_6/2026-06-11/sentinel_analysis.tif (AOI clouds 0.0%)
OK sp/SP_6_6/2026-07-14: /Users/korneev/Desktop/water-regime-gis/outputs/imagery/sp/SP_6_6/2026-07-14/sentinel_analysis.tif (AOI clouds 0.0%)
OK sp/SP_6_6/2026-07-19: /Users/korneev/Desktop/water-regime-gis/outputs/imagery/sp/SP_6_6/2026-07-19/sentinel_analysis.tif (AOI clouds 0.0%)
OK sp/SP_6_6/2026-07-31: /Users/korneev/Desktop/water-regime-gis/outputs/imagery/sp/SP_6_6/2026-07-31/sentinel_analysis.tif (AOI clouds 48.8%)
OK sp/SP_6_6/2026-08-10: /Users/korneev/Desktop/water-regime-gis/outputs/imagery/sp/SP_6_6/2026-08-10/sentinel_analysis.tif (AOI clouds 8.4%)
OK sp/SP_6_7/2026-04-22: /Users/korneev/Desktop/water-regime-gis/outputs/imagery/sp/SP_6_7/2026-04-22/sentinel_analysis.tif (AOI clouds 0.0%)
OK sp/SP_6_7/2026-05-05: /Users/korneev/Desktop/water-regime-gis/outputs/imagery/sp/SP_6_7/2026-05-05/sentinel_analysis.tif (AOI clouds 0.0%)
OK sp/SP_6_7/2026-05-07: /Users/korneev/Desktop/water-regime-gis/outputs/imagery/sp/SP_6_7/2026-05-07/sentinel_analysis.tif (AOI clouds 0.0%)
OK sp/SP_6_7/2026-05-20: /Users/korneev/Desktop/water-regime-gis/outputs/imagery/sp/SP_6_7/2026-05-20/sentinel_analysis.tif (AOI clouds 0.0%)
OK sp/SP_6_7/2026-05-22: /Users/korneev/Desktop/water-regime-gis/outputs/imagery/sp/SP_6_7/2026-05-22/sentinel_analysis.tif (AOI clouds 0.0%)
OK sp/SP_6_7/2026-06-06: /Users/korneev/Desktop/water-regime-gis/outputs/imagery/sp/SP_6_7/2026-06-06/sentinel_analysis.tif (AOI clouds 0.0%)
OK sp/SP_6_7/2026-06-08: /Users/korneev/Desktop/water-regime-gis/outputs/imagery/sp/SP_6_7/2026-06-08/sentinel_analysis.tif (AOI clouds 0.0%)
OK sp/SP_6_7/2026-06-09: /Users/korneev/Desktop/water-regime-gis/outputs/imagery/sp/SP_6_7/2026-06-09/sentinel_analysis.tif (AOI clouds 21.0%)
OK sp/SP_6_7/2026-06-11: /Users/korneev/Desktop/water-regime-gis/outputs/imagery/sp/SP_6_7/2026-06-11/sentinel_analysis.tif (AOI clouds 0.0%)
OK sp/SP_6_7/2026-07-14: /Users/korneev/Desktop/water-regime-gis/outputs/imagery/sp/SP_6_7/2026-07-14/sentinel_analysis.tif (AOI clouds 0.0%)
OK sp/SP_6_7/2026-07-19: /Users/korneev/Desktop/water-regime-gis/outputs/imagery/sp/SP_6_7/2026-07-19/sentinel_analysis.tif (AOI clouds 0.0%)
OK sp/SP_6_7/2026-07-31: /Users/korneev/Desktop/water-regime-gis/outputs/imagery/sp/SP_6_7/2026-07-31/sentinel_analysis.tif (AOI clouds 87.7%)
OK sp/SP_6_7/2026-08-10: /Users/korneev/Desktop/water-regime-gis/outputs/imagery/sp/SP_6_7/2026-08-10/sentinel_analysis.tif (AOI clouds 11.2%)
OK sp/SP_6_8/2026-04-22: /Users/korneev/Desktop/water-regime-gis/outputs/imagery/sp/SP_6_8/2026-04-22/sentinel_analysis.tif (AOI clouds 0.0%)
OK sp/SP_6_8/2026-05-05: /Users/korneev/Desktop/water-regime-gis/outputs/imagery/sp/SP_6_8/2026-05-05/sentinel_analysis.tif (AOI clouds 0.0%)
OK sp/SP_6_8/2026-05-07: /Users/korneev/Desktop/water-regime-gis/outputs/imagery/sp/SP_6_8/2026-05-07/sentinel_analysis.tif (AOI clouds 0.0%)
OK sp/SP_6_8/2026-05-20: /Users/korneev/Desktop/water-regime-gis/outputs/imagery/sp/SP_6_8/2026-05-20/sentinel_analysis.tif (AOI clouds 0.0%)
OK sp/SP_6_8/2026-05-22: /Users/korneev/Desktop/water-regime-gis/outputs/imagery/sp/SP_6_8/2026-05-22/sentinel_analysis.tif (AOI clouds 0.0%)
OK sp/SP_6_8/2026-06-06: /Users/korneev/Desktop/water-regime-gis/outputs/imagery/sp/SP_6_8/2026-06-06/sentinel_analysis.tif (AOI clouds 0.0%)
OK sp/SP_6_8/2026-06-08: /Users/korneev/Desktop/water-regime-gis/outputs/imagery/sp/SP_6_8/2026-06-08/sentinel_analysis.tif (AOI clouds 0.0%)
OK sp/SP_6_8/2026-06-09: /Users/korneev/Desktop/water-regime-gis/outputs/imagery/sp/SP_6_8/2026-06-09/sentinel_analysis.tif (AOI clouds 15.8%)
OK sp/SP_6_8/2026-06-11: /Users/korneev/Desktop/water-regime-gis/outputs/imagery/sp/SP_6_8/2026-06-11/sentinel_analysis.tif (AOI clouds 0.0%)
OK sp/SP_6_8/2026-07-14: /Users/korneev/Desktop/water-regime-gis/outputs/imagery/sp/SP_6_8/2026-07-14/sentinel_analysis.tif (AOI clouds 4.3%)
OK sp/SP_6_8/2026-07-19: /Users/korneev/Desktop/water-regime-gis/outputs/imagery/sp/SP_6_8/2026-07-19/sentinel_analysis.tif (AOI clouds 0.0%)
OK sp/SP_6_8/2026-07-31: /Users/korneev/Desktop/water-regime-gis/outputs/imagery/sp/SP_6_8/2026-07-31/sentinel_analysis.tif (AOI clouds 2.0%)
OK sp/SP_6_8/2026-08-10: /Users/korneev/Desktop/water-regime-gis/outputs/imagery/sp/SP_6_8/2026-08-10/sentinel_analysis.tif (AOI clouds 0.0%)
OK sp/SP_6_9/2026-04-22: /Users/korneev/Desktop/water-regime-gis/outputs/imagery/sp/SP_6_9/2026-04-22/sentinel_analysis.tif (AOI clouds 0.0%)
OK sp/SP_6_9/2026-05-05: /Users/korneev/Desktop/water-regime-gis/outputs/imagery/sp/SP_6_9/2026-05-05/sentinel_analysis.tif (AOI clouds 0.0%)
OK sp/SP_6_9/2026-05-07: /Users/korneev/Desktop/water-regime-gis/outputs/imagery/sp/SP_6_9/2026-05-07/sentinel_analysis.tif (AOI clouds 0.0%)
OK sp/SP_6_9/2026-05-20: /Users/korneev/Desktop/water-regime-gis/outputs/imagery/sp/SP_6_9/2026-05-20/sentinel_analysis.tif (AOI clouds 0.0%)
OK sp/SP_6_9/2026-05-22: /Users/korneev/Desktop/water-regime-gis/outputs/imagery/sp/SP_6_9/2026-05-22/sentinel_analysis.tif (AOI clouds 0.0%)
OK sp/SP_6_9/2026-06-06: /Users/korneev/Desktop/water-regime-gis/outputs/imagery/sp/SP_6_9/2026-06-06/sentinel_analysis.tif (AOI clouds 0.0%)
OK sp/SP_6_9/2026-06-08: /Users/korneev/Desktop/water-regime-gis/outputs/imagery/sp/SP_6_9/2026-06-08/sentinel_analysis.tif (AOI clouds 0.0%)
OK sp/SP_6_9/2026-06-09: /Users/korneev/Desktop/water-regime-gis/outputs/imagery/sp/SP_6_9/2026-06-09/sentinel_analysis.tif (AOI clouds 46.1%)
OK sp/SP_6_9/2026-06-11: /Users/korneev/Desktop/water-regime-gis/outputs/imagery/sp/SP_6_9/2026-06-11/sentinel_analysis.tif (AOI clouds 0.0%)
OK sp/SP_6_9/2026-07-14: /Users/korneev/Desktop/water-regime-gis/outputs/imagery/sp/SP_6_9/2026-07-14/sentinel_analysis.tif (AOI clouds 0.0%)
OK sp/SP_6_9/2026-07-19: /Users/korneev/Desktop/water-regime-gis/outputs/imagery/sp/SP_6_9/2026-07-19/sentinel_analysis.tif (AOI clouds 0.0%)
OK sp/SP_6_9/2026-07-31: /Users/korneev/Desktop/water-regime-gis/outputs/imagery/sp/SP_6_9/2026-07-31/sentinel_analysis.tif (AOI clouds 31.4%)
OK sp/SP_6_9/2026-08-10: /Users/korneev/Desktop/water-regime-gis/outputs/imagery/sp/SP_6_9/2026-08-10/sentinel_analysis.tif (AOI clouds 0.0%)
OK sp/SP_7_1/2026-04-22: /Users/korneev/Desktop/water-regime-gis/outputs/imagery/sp/SP_7_1/2026-04-22/sentinel_analysis.tif (AOI clouds 0.0%)
OK sp/SP_7_1/2026-05-05: /Users/korneev/Desktop/water-regime-gis/outputs/imagery/sp/SP_7_1/2026-05-05/sentinel_analysis.tif (AOI clouds 0.0%)
OK sp/SP_7_1/2026-05-07: /Users/korneev/Desktop/water-regime-gis/outputs/imagery/sp/SP_7_1/2026-05-07/sentinel_analysis.tif (AOI clouds 0.0%)
OK sp/SP_7_1/2026-05-17: /Users/korneev/Desktop/water-regime-gis/outputs/imagery/sp/SP_7_1/2026-05-17/sentinel_analysis.tif (AOI clouds 0.0%)
OK sp/SP_7_1/2026-05-20: /Users/korneev/Desktop/water-regime-gis/outputs/imagery/sp/SP_7_1/2026-05-20/sentinel_analysis.tif (AOI clouds 0.0%)
OK sp/SP_7_1/2026-05-22: /Users/korneev/Desktop/water-regime-gis/outputs/imagery/sp/SP_7_1/2026-05-22/sentinel_analysis.tif (AOI clouds 0.0%)
OK sp/SP_7_1/2026-06-06: /Users/korneev/Desktop/water-regime-gis/outputs/imagery/sp/SP_7_1/2026-06-06/sentinel_analysis.tif (AOI clouds 0.0%)
OK sp/SP_7_1/2026-06-08: /Users/korneev/Desktop/water-regime-gis/outputs/imagery/sp/SP_7_1/2026-06-08/sentinel_analysis.tif (AOI clouds 0.0%)
OK sp/SP_7_1/2026-06-09: /Users/korneev/Desktop/water-regime-gis/outputs/imagery/sp/SP_7_1/2026-06-09/sentinel_analysis.tif (AOI clouds 100.0%)
OK sp/SP_7_1/2026-06-11: /Users/korneev/Desktop/water-regime-gis/outputs/imagery/sp/SP_7_1/2026-06-11/sentinel_analysis.tif (AOI clouds 0.0%)
OK sp/SP_7_1/2026-07-14: /Users/korneev/Desktop/water-regime-gis/outputs/imagery/sp/SP_7_1/2026-07-14/sentinel_analysis.tif (AOI clouds 17.1%)
OK sp/SP_7_1/2026-07-19: /Users/korneev/Desktop/water-regime-gis/outputs/imagery/sp/SP_7_1/2026-07-19/sentinel_analysis.tif (AOI clouds 0.0%)
OK sp/SP_7_1/2026-07-28: /Users/korneev/Desktop/water-regime-gis/outputs/imagery/sp/SP_7_1/2026-07-28/sentinel_analysis.tif (AOI clouds 0.0%)
OK sp/SP_7_1/2026-07-31: /Users/korneev/Desktop/water-regime-gis/outputs/imagery/sp/SP_7_1/2026-07-31/sentinel_analysis.tif (AOI clouds 0.0%)
OK sp/SP_7_1/2026-08-10: /Users/korneev/Desktop/water-regime-gis/outputs/imagery/sp/SP_7_1/2026-08-10/sentinel_analysis.tif (AOI clouds 0.0%)
OK sp/SP_7_10/2026-04-22: /Users/korneev/Desktop/water-regime-gis/outputs/imagery/sp/SP_7_10/2026-04-22/sentinel_analysis.tif (AOI clouds 0.0%)
OK sp/SP_7_10/2026-05-05: /Users/korneev/Desktop/water-regime-gis/outputs/imagery/sp/SP_7_10/2026-05-05/sentinel_analysis.tif (AOI clouds 0.0%)
OK sp/SP_7_10/2026-05-07: /Users/korneev/Desktop/water-regime-gis/outputs/imagery/sp/SP_7_10/2026-05-07/sentinel_analysis.tif (AOI clouds 0.0%)
OK sp/SP_7_10/2026-05-17: /Users/korneev/Desktop/water-regime-gis/outputs/imagery/sp/SP_7_10/2026-05-17/sentinel_analysis.tif (AOI clouds 0.0%)
OK sp/SP_7_10/2026-05-20: /Users/korneev/Desktop/water-regime-gis/outputs/imagery/sp/SP_7_10/2026-05-20/sentinel_analysis.tif (AOI clouds 0.0%)
OK sp/SP_7_10/2026-05-22: /Users/korneev/Desktop/water-regime-gis/outputs/imagery/sp/SP_7_10/2026-05-22/sentinel_analysis.tif (AOI clouds 0.0%)
OK sp/SP_7_10/2026-06-06: /Users/korneev/Desktop/water-regime-gis/outputs/imagery/sp/SP_7_10/2026-06-06/sentinel_analysis.tif (AOI clouds 0.0%)
OK sp/SP_7_10/2026-06-08: /Users/korneev/Desktop/water-regime-gis/outputs/imagery/sp/SP_7_10/2026-06-08/sentinel_analysis.tif (AOI clouds 0.0%)
OK sp/SP_7_10/2026-06-09: /Users/korneev/Desktop/water-regime-gis/outputs/imagery/sp/SP_7_10/2026-06-09/sentinel_analysis.tif (AOI clouds 99.8%)
OK sp/SP_7_10/2026-06-11: /Users/korneev/Desktop/water-regime-gis/outputs/imagery/sp/SP_7_10/2026-06-11/sentinel_analysis.tif (AOI clouds 0.0%)
Warning 1: Value 0 in the source dataset has been changed to 1 in the destination dataset to avoid being treated as NoData. To avoid this, select a different NoData value for the destination dataset.
OK sp/SP_7_10/2026-07-14: /Users/korneev/Desktop/water-regime-gis/outputs/imagery/sp/SP_7_10/2026-07-14/sentinel_analysis.tif (AOI clouds 100.0%)
OK sp/SP_7_10/2026-07-19: /Users/korneev/Desktop/water-regime-gis/outputs/imagery/sp/SP_7_10/2026-07-19/sentinel_analysis.tif (AOI clouds 0.0%)
OK sp/SP_7_10/2026-07-28: /Users/korneev/Desktop/water-regime-gis/outputs/imagery/sp/SP_7_10/2026-07-28/sentinel_analysis.tif (AOI clouds 0.0%)
OK sp/SP_7_10/2026-07-31: /Users/korneev/Desktop/water-regime-gis/outputs/imagery/sp/SP_7_10/2026-07-31/sentinel_analysis.tif (AOI clouds 0.0%)
OK sp/SP_7_10/2026-08-10: /Users/korneev/Desktop/water-regime-gis/outputs/imagery/sp/SP_7_10/2026-08-10/sentinel_analysis.tif (AOI clouds 0.0%)
OK sp/SP_7_11/2026-04-22: /Users/korneev/Desktop/water-regime-gis/outputs/imagery/sp/SP_7_11/2026-04-22/sentinel_analysis.tif (AOI clouds 0.0%)
OK sp/SP_7_11/2026-05-05: /Users/korneev/Desktop/water-regime-gis/outputs/imagery/sp/SP_7_11/2026-05-05/sentinel_analysis.tif (AOI clouds 0.0%)
OK sp/SP_7_11/2026-05-07: /Users/korneev/Desktop/water-regime-gis/outputs/imagery/sp/SP_7_11/2026-05-07/sentinel_analysis.tif (AOI clouds 0.0%)
OK sp/SP_7_11/2026-05-17: /Users/korneev/Desktop/water-regime-gis/outputs/imagery/sp/SP_7_11/2026-05-17/sentinel_analysis.tif (AOI clouds 0.0%)
OK sp/SP_7_11/2026-05-20: /Users/korneev/Desktop/water-regime-gis/outputs/imagery/sp/SP_7_11/2026-05-20/sentinel_analysis.tif (AOI clouds 0.0%)
OK sp/SP_7_11/2026-05-22: /Users/korneev/Desktop/water-regime-gis/outputs/imagery/sp/SP_7_11/2026-05-22/sentinel_analysis.tif (AOI clouds 0.0%)
OK sp/SP_7_11/2026-06-06: /Users/korneev/Desktop/water-regime-gis/outputs/imagery/sp/SP_7_11/2026-06-06/sentinel_analysis.tif (AOI clouds 0.0%)
OK sp/SP_7_11/2026-06-08: /Users/korneev/Desktop/water-regime-gis/outputs/imagery/sp/SP_7_11/2026-06-08/sentinel_analysis.tif (AOI clouds 0.0%)
OK sp/SP_7_11/2026-06-09: /Users/korneev/Desktop/water-regime-gis/outputs/imagery/sp/SP_7_11/2026-06-09/sentinel_analysis.tif (AOI clouds 100.0%)
OK sp/SP_7_11/2026-06-11: /Users/korneev/Desktop/water-regime-gis/outputs/imagery/sp/SP_7_11/2026-06-11/sentinel_analysis.tif (AOI clouds 0.0%)
Warning 1: Value 0 in the source dataset has been changed to 1 in the destination dataset to avoid being treated as NoData. To avoid this, select a different NoData value for the destination dataset.
Warning 1: Value 0 in the source dataset has been changed to 1 in the destination dataset to avoid being treated as NoData. To avoid this, select a different NoData value for the destination dataset.
Warning 1: Value 0 in the source dataset has been changed to 1 in the destination dataset to avoid being treated as NoData. To avoid this, select a different NoData value for the destination dataset.
OK sp/SP_7_11/2026-07-14: /Users/korneev/Desktop/water-regime-gis/outputs/imagery/sp/SP_7_11/2026-07-14/sentinel_analysis.tif (AOI clouds 92.2%)
OK sp/SP_7_11/2026-07-19: /Users/korneev/Desktop/water-regime-gis/outputs/imagery/sp/SP_7_11/2026-07-19/sentinel_analysis.tif (AOI clouds 0.0%)
OK sp/SP_7_11/2026-07-28: /Users/korneev/Desktop/water-regime-gis/outputs/imagery/sp/SP_7_11/2026-07-28/sentinel_analysis.tif (AOI clouds 0.0%)
OK sp/SP_7_11/2026-07-31: /Users/korneev/Desktop/water-regime-gis/outputs/imagery/sp/SP_7_11/2026-07-31/sentinel_analysis.tif (AOI clouds 7.4%)
OK sp/SP_7_11/2026-08-10: /Users/korneev/Desktop/water-regime-gis/outputs/imagery/sp/SP_7_11/2026-08-10/sentinel_analysis.tif (AOI clouds 0.0%)
OK sp/SP_7_12/2026-04-22: /Users/korneev/Desktop/water-regime-gis/outputs/imagery/sp/SP_7_12/2026-04-22/sentinel_analysis.tif (AOI clouds 0.0%)
OK sp/SP_7_12/2026-05-05: /Users/korneev/Desktop/water-regime-gis/outputs/imagery/sp/SP_7_12/2026-05-05/sentinel_analysis.tif (AOI clouds 0.0%)
OK sp/SP_7_12/2026-05-07: /Users/korneev/Desktop/water-regime-gis/outputs/imagery/sp/SP_7_12/2026-05-07/sentinel_analysis.tif (AOI clouds 0.0%)
OK sp/SP_7_12/2026-05-17: /Users/korneev/Desktop/water-regime-gis/outputs/imagery/sp/SP_7_12/2026-05-17/sentinel_analysis.tif (AOI clouds 0.0%)
OK sp/SP_7_12/2026-05-20: /Users/korneev/Desktop/water-regime-gis/outputs/imagery/sp/SP_7_12/2026-05-20/sentinel_analysis.tif (AOI clouds 0.0%)
OK sp/SP_7_12/2026-05-22: /Users/korneev/Desktop/water-regime-gis/outputs/imagery/sp/SP_7_12/2026-05-22/sentinel_analysis.tif (AOI clouds 0.0%)
OK sp/SP_7_12/2026-06-06: /Users/korneev/Desktop/water-regime-gis/outputs/imagery/sp/SP_7_12/2026-06-06/sentinel_analysis.tif (AOI clouds 0.0%)
OK sp/SP_7_12/2026-06-08: /Users/korneev/Desktop/water-regime-gis/outputs/imagery/sp/SP_7_12/2026-06-08/sentinel_analysis.tif (AOI clouds 0.0%)
OK sp/SP_7_12/2026-06-09: /Users/korneev/Desktop/water-regime-gis/outputs/imagery/sp/SP_7_12/2026-06-09/sentinel_analysis.tif (AOI clouds 100.0%)
OK sp/SP_7_12/2026-06-11: /Users/korneev/Desktop/water-regime-gis/outputs/imagery/sp/SP_7_12/2026-06-11/sentinel_analysis.tif (AOI clouds 0.0%)
OK sp/SP_7_12/2026-07-14: /Users/korneev/Desktop/water-regime-gis/outputs/imagery/sp/SP_7_12/2026-07-14/sentinel_analysis.tif (AOI clouds 95.3%)
OK sp/SP_7_12/2026-07-19: /Users/korneev/Desktop/water-regime-gis/outputs/imagery/sp/SP_7_12/2026-07-19/sentinel_analysis.tif (AOI clouds 0.0%)
OK sp/SP_7_12/2026-07-28: /Users/korneev/Desktop/water-regime-gis/outputs/imagery/sp/SP_7_12/2026-07-28/sentinel_analysis.tif (AOI clouds 0.0%)
OK sp/SP_7_12/2026-07-31: /Users/korneev/Desktop/water-regime-gis/outputs/imagery/sp/SP_7_12/2026-07-31/sentinel_analysis.tif (AOI clouds 0.0%)
OK sp/SP_7_12/2026-08-10: /Users/korneev/Desktop/water-regime-gis/outputs/imagery/sp/SP_7_12/2026-08-10/sentinel_analysis.tif (AOI clouds 0.0%)
OK sp/SP_7_13/2026-04-22: /Users/korneev/Desktop/water-regime-gis/outputs/imagery/sp/SP_7_13/2026-04-22/sentinel_analysis.tif (AOI clouds 0.0%)
OK sp/SP_7_13/2026-05-05: /Users/korneev/Desktop/water-regime-gis/outputs/imagery/sp/SP_7_13/2026-05-05/sentinel_analysis.tif (AOI clouds 0.0%)
OK sp/SP_7_13/2026-05-07: /Users/korneev/Desktop/water-regime-gis/outputs/imagery/sp/SP_7_13/2026-05-07/sentinel_analysis.tif (AOI clouds 0.0%)
OK sp/SP_7_13/2026-05-17: /Users/korneev/Desktop/water-regime-gis/outputs/imagery/sp/SP_7_13/2026-05-17/sentinel_analysis.tif (AOI clouds 0.0%)
OK sp/SP_7_13/2026-05-20: /Users/korneev/Desktop/water-regime-gis/outputs/imagery/sp/SP_7_13/2026-05-20/sentinel_analysis.tif (AOI clouds 0.0%)
OK sp/SP_7_13/2026-05-22: /Users/korneev/Desktop/water-regime-gis/outputs/imagery/sp/SP_7_13/2026-05-22/sentinel_analysis.tif (AOI clouds 0.0%)
OK sp/SP_7_13/2026-06-06: /Users/korneev/Desktop/water-regime-gis/outputs/imagery/sp/SP_7_13/2026-06-06/sentinel_analysis.tif (AOI clouds 0.0%)
OK sp/SP_7_13/2026-06-08: /Users/korneev/Desktop/water-regime-gis/outputs/imagery/sp/SP_7_13/2026-06-08/sentinel_analysis.tif (AOI clouds 0.0%)
OK sp/SP_7_13/2026-06-09: /Users/korneev/Desktop/water-regime-gis/outputs/imagery/sp/SP_7_13/2026-06-09/sentinel_analysis.tif (AOI clouds 100.0%)
OK sp/SP_7_13/2026-06-11: /Users/korneev/Desktop/water-regime-gis/outputs/imagery/sp/SP_7_13/2026-06-11/sentinel_analysis.tif (AOI clouds 0.0%)
OK sp/SP_7_13/2026-07-14: /Users/korneev/Desktop/water-regime-gis/outputs/imagery/sp/SP_7_13/2026-07-14/sentinel_analysis.tif (AOI clouds 100.0%)
OK sp/SP_7_13/2026-07-19: /Users/korneev/Desktop/water-regime-gis/outputs/imagery/sp/SP_7_13/2026-07-19/sentinel_analysis.tif (AOI clouds 0.0%)
OK sp/SP_7_13/2026-07-28: /Users/korneev/Desktop/water-regime-gis/outputs/imagery/sp/SP_7_13/2026-07-28/sentinel_analysis.tif (AOI clouds 0.0%)
OK sp/SP_7_13/2026-07-31: /Users/korneev/Desktop/water-regime-gis/outputs/imagery/sp/SP_7_13/2026-07-31/sentinel_analysis.tif (AOI clouds 0.0%)
OK sp/SP_7_13/2026-08-10: /Users/korneev/Desktop/water-regime-gis/outputs/imagery/sp/SP_7_13/2026-08-10/sentinel_analysis.tif (AOI clouds 0.0%)
OK sp/SP_7_14/2026-04-22: /Users/korneev/Desktop/water-regime-gis/outputs/imagery/sp/SP_7_14/2026-04-22/sentinel_analysis.tif (AOI clouds 0.0%)
OK sp/SP_7_14/2026-05-05: /Users/korneev/Desktop/water-regime-gis/outputs/imagery/sp/SP_7_14/2026-05-05/sentinel_analysis.tif (AOI clouds 0.0%)
OK sp/SP_7_14/2026-05-07: /Users/korneev/Desktop/water-regime-gis/outputs/imagery/sp/SP_7_14/2026-05-07/sentinel_analysis.tif (AOI clouds 0.0%)
OK sp/SP_7_14/2026-05-17: /Users/korneev/Desktop/water-regime-gis/outputs/imagery/sp/SP_7_14/2026-05-17/sentinel_analysis.tif (AOI clouds 0.0%)
OK sp/SP_7_14/2026-05-20: /Users/korneev/Desktop/water-regime-gis/outputs/imagery/sp/SP_7_14/2026-05-20/sentinel_analysis.tif (AOI clouds 0.0%)
OK sp/SP_7_14/2026-05-22: /Users/korneev/Desktop/water-regime-gis/outputs/imagery/sp/SP_7_14/2026-05-22/sentinel_analysis.tif (AOI clouds 0.0%)
OK sp/SP_7_14/2026-06-06: /Users/korneev/Desktop/water-regime-gis/outputs/imagery/sp/SP_7_14/2026-06-06/sentinel_analysis.tif (AOI clouds 3.9%)
OK sp/SP_7_14/2026-06-08: /Users/korneev/Desktop/water-regime-gis/outputs/imagery/sp/SP_7_14/2026-06-08/sentinel_analysis.tif (AOI clouds 0.0%)
OK sp/SP_7_14/2026-06-09: /Users/korneev/Desktop/water-regime-gis/outputs/imagery/sp/SP_7_14/2026-06-09/sentinel_analysis.tif (AOI clouds 99.4%)
OK sp/SP_7_14/2026-06-11: /Users/korneev/Desktop/water-regime-gis/outputs/imagery/sp/SP_7_14/2026-06-11/sentinel_analysis.tif (AOI clouds 0.0%)
OK sp/SP_7_14/2026-07-14: /Users/korneev/Desktop/water-regime-gis/outputs/imagery/sp/SP_7_14/2026-07-14/sentinel_analysis.tif (AOI clouds 99.4%)
OK sp/SP_7_14/2026-07-19: /Users/korneev/Desktop/water-regime-gis/outputs/imagery/sp/SP_7_14/2026-07-19/sentinel_analysis.tif (AOI clouds 0.0%)
OK sp/SP_7_14/2026-07-28: /Users/korneev/Desktop/water-regime-gis/outputs/imagery/sp/SP_7_14/2026-07-28/sentinel_analysis.tif (AOI clouds 0.0%)
OK sp/SP_7_14/2026-07-31: /Users/korneev/Desktop/water-regime-gis/outputs/imagery/sp/SP_7_14/2026-07-31/sentinel_analysis.tif (AOI clouds 0.0%)
OK sp/SP_7_14/2026-08-10: /Users/korneev/Desktop/water-regime-gis/outputs/imagery/sp/SP_7_14/2026-08-10/sentinel_analysis.tif (AOI clouds 0.0%)
OK sp/SP_7_15/2026-04-22: /Users/korneev/Desktop/water-regime-gis/outputs/imagery/sp/SP_7_15/2026-04-22/sentinel_analysis.tif (AOI clouds 0.0%)
OK sp/SP_7_15/2026-05-05: /Users/korneev/Desktop/water-regime-gis/outputs/imagery/sp/SP_7_15/2026-05-05/sentinel_analysis.tif (AOI clouds 0.0%)
OK sp/SP_7_15/2026-05-07: /Users/korneev/Desktop/water-regime-gis/outputs/imagery/sp/SP_7_15/2026-05-07/sentinel_analysis.tif (AOI clouds 0.0%)
OK sp/SP_7_15/2026-05-17: /Users/korneev/Desktop/water-regime-gis/outputs/imagery/sp/SP_7_15/2026-05-17/sentinel_analysis.tif (AOI clouds 0.0%)
OK sp/SP_7_15/2026-05-20: /Users/korneev/Desktop/water-regime-gis/outputs/imagery/sp/SP_7_15/2026-05-20/sentinel_analysis.tif (AOI clouds 0.0%)
OK sp/SP_7_15/2026-05-22: /Users/korneev/Desktop/water-regime-gis/outputs/imagery/sp/SP_7_15/2026-05-22/sentinel_analysis.tif (AOI clouds 0.0%)
OK sp/SP_7_15/2026-06-06: /Users/korneev/Desktop/water-regime-gis/outputs/imagery/sp/SP_7_15/2026-06-06/sentinel_analysis.tif (AOI clouds 0.0%)
OK sp/SP_7_15/2026-06-08: /Users/korneev/Desktop/water-regime-gis/outputs/imagery/sp/SP_7_15/2026-06-08/sentinel_analysis.tif (AOI clouds 0.0%)
OK sp/SP_7_15/2026-06-09: /Users/korneev/Desktop/water-regime-gis/outputs/imagery/sp/SP_7_15/2026-06-09/sentinel_analysis.tif (AOI clouds 100.0%)
OK sp/SP_7_15/2026-06-11: /Users/korneev/Desktop/water-regime-gis/outputs/imagery/sp/SP_7_15/2026-06-11/sentinel_analysis.tif (AOI clouds 0.0%)
OK sp/SP_7_15/2026-07-14: /Users/korneev/Desktop/water-regime-gis/outputs/imagery/sp/SP_7_15/2026-07-14/sentinel_analysis.tif (AOI clouds 100.0%)
OK sp/SP_7_15/2026-07-19: /Users/korneev/Desktop/water-regime-gis/outputs/imagery/sp/SP_7_15/2026-07-19/sentinel_analysis.tif (AOI clouds 0.0%)
OK sp/SP_7_15/2026-07-28: /Users/korneev/Desktop/water-regime-gis/outputs/imagery/sp/SP_7_15/2026-07-28/sentinel_analysis.tif (AOI clouds 26.1%)
OK sp/SP_7_15/2026-07-31: /Users/korneev/Desktop/water-regime-gis/outputs/imagery/sp/SP_7_15/2026-07-31/sentinel_analysis.tif (AOI clouds 0.0%)
OK sp/SP_7_15/2026-08-10: /Users/korneev/Desktop/water-regime-gis/outputs/imagery/sp/SP_7_15/2026-08-10/sentinel_analysis.tif (AOI clouds 0.0%)
OK sp/SP_7_16/2026-04-22: /Users/korneev/Desktop/water-regime-gis/outputs/imagery/sp/SP_7_16/2026-04-22/sentinel_analysis.tif (AOI clouds 0.0%)
OK sp/SP_7_16/2026-05-05: /Users/korneev/Desktop/water-regime-gis/outputs/imagery/sp/SP_7_16/2026-05-05/sentinel_analysis.tif (AOI clouds 0.0%)
OK sp/SP_7_16/2026-05-07: /Users/korneev/Desktop/water-regime-gis/outputs/imagery/sp/SP_7_16/2026-05-07/sentinel_analysis.tif (AOI clouds 0.0%)
OK sp/SP_7_16/2026-05-17: /Users/korneev/Desktop/water-regime-gis/outputs/imagery/sp/SP_7_16/2026-05-17/sentinel_analysis.tif (AOI clouds 0.0%)
OK sp/SP_7_16/2026-05-20: /Users/korneev/Desktop/water-regime-gis/outputs/imagery/sp/SP_7_16/2026-05-20/sentinel_analysis.tif (AOI clouds 0.0%)
OK sp/SP_7_16/2026-05-22: /Users/korneev/Desktop/water-regime-gis/outputs/imagery/sp/SP_7_16/2026-05-22/sentinel_analysis.tif (AOI clouds 0.0%)
OK sp/SP_7_16/2026-06-06: /Users/korneev/Desktop/water-regime-gis/outputs/imagery/sp/SP_7_16/2026-06-06/sentinel_analysis.tif (AOI clouds 0.0%)
OK sp/SP_7_16/2026-06-08: /Users/korneev/Desktop/water-regime-gis/outputs/imagery/sp/SP_7_16/2026-06-08/sentinel_analysis.tif (AOI clouds 0.0%)
OK sp/SP_7_16/2026-06-09: /Users/korneev/Desktop/water-regime-gis/outputs/imagery/sp/SP_7_16/2026-06-09/sentinel_analysis.tif (AOI clouds 100.0%)
OK sp/SP_7_16/2026-06-11: /Users/korneev/Desktop/water-regime-gis/outputs/imagery/sp/SP_7_16/2026-06-11/sentinel_analysis.tif (AOI clouds 0.0%)
OK sp/SP_7_16/2026-07-14: /Users/korneev/Desktop/water-regime-gis/outputs/imagery/sp/SP_7_16/2026-07-14/sentinel_analysis.tif (AOI clouds 99.8%)
OK sp/SP_7_16/2026-07-19: /Users/korneev/Desktop/water-regime-gis/outputs/imagery/sp/SP_7_16/2026-07-19/sentinel_analysis.tif (AOI clouds 0.0%)
OK sp/SP_7_16/2026-07-28: /Users/korneev/Desktop/water-regime-gis/outputs/imagery/sp/SP_7_16/2026-07-28/sentinel_analysis.tif (AOI clouds 45.9%)
OK sp/SP_7_16/2026-07-31: /Users/korneev/Desktop/water-regime-gis/outputs/imagery/sp/SP_7_16/2026-07-31/sentinel_analysis.tif (AOI clouds 0.0%)
OK sp/SP_7_16/2026-08-10: /Users/korneev/Desktop/water-regime-gis/outputs/imagery/sp/SP_7_16/2026-08-10/sentinel_analysis.tif (AOI clouds 0.0%)
OK sp/SP_7_17/2026-04-22: /Users/korneev/Desktop/water-regime-gis/outputs/imagery/sp/SP_7_17/2026-04-22/sentinel_analysis.tif (AOI clouds 0.0%)
OK sp/SP_7_17/2026-05-05: /Users/korneev/Desktop/water-regime-gis/outputs/imagery/sp/SP_7_17/2026-05-05/sentinel_analysis.tif (AOI clouds 0.0%)
OK sp/SP_7_17/2026-05-07: /Users/korneev/Desktop/water-regime-gis/outputs/imagery/sp/SP_7_17/2026-05-07/sentinel_analysis.tif (AOI clouds 0.0%)
OK sp/SP_7_17/2026-05-17: /Users/korneev/Desktop/water-regime-gis/outputs/imagery/sp/SP_7_17/2026-05-17/sentinel_analysis.tif (AOI clouds 0.0%)
OK sp/SP_7_17/2026-05-20: /Users/korneev/Desktop/water-regime-gis/outputs/imagery/sp/SP_7_17/2026-05-20/sentinel_analysis.tif (AOI clouds 0.0%)
OK sp/SP_7_17/2026-05-22: /Users/korneev/Desktop/water-regime-gis/outputs/imagery/sp/SP_7_17/2026-05-22/sentinel_analysis.tif (AOI clouds 0.0%)
OK sp/SP_7_17/2026-06-06: /Users/korneev/Desktop/water-regime-gis/outputs/imagery/sp/SP_7_17/2026-06-06/sentinel_analysis.tif (AOI clouds 58.9%)
OK sp/SP_7_17/2026-06-08: /Users/korneev/Desktop/water-regime-gis/outputs/imagery/sp/SP_7_17/2026-06-08/sentinel_analysis.tif (AOI clouds 0.0%)
OK sp/SP_7_17/2026-06-09: /Users/korneev/Desktop/water-regime-gis/outputs/imagery/sp/SP_7_17/2026-06-09/sentinel_analysis.tif (AOI clouds 41.5%)
OK sp/SP_7_17/2026-06-11: /Users/korneev/Desktop/water-regime-gis/outputs/imagery/sp/SP_7_17/2026-06-11/sentinel_analysis.tif (AOI clouds 0.0%)
OK sp/SP_7_17/2026-07-14: /Users/korneev/Desktop/water-regime-gis/outputs/imagery/sp/SP_7_17/2026-07-14/sentinel_analysis.tif (AOI clouds 100.0%)
OK sp/SP_7_17/2026-07-19: /Users/korneev/Desktop/water-regime-gis/outputs/imagery/sp/SP_7_17/2026-07-19/sentinel_analysis.tif (AOI clouds 0.0%)
OK sp/SP_7_17/2026-07-28: /Users/korneev/Desktop/water-regime-gis/outputs/imagery/sp/SP_7_17/2026-07-28/sentinel_analysis.tif (AOI clouds 0.0%)
OK sp/SP_7_17/2026-07-31: /Users/korneev/Desktop/water-regime-gis/outputs/imagery/sp/SP_7_17/2026-07-31/sentinel_analysis.tif (AOI clouds 1.0%)
OK sp/SP_7_17/2026-08-10: /Users/korneev/Desktop/water-regime-gis/outputs/imagery/sp/SP_7_17/2026-08-10/sentinel_analysis.tif (AOI clouds 0.0%)
OK sp/SP_7_18/2026-04-22: /Users/korneev/Desktop/water-regime-gis/outputs/imagery/sp/SP_7_18/2026-04-22/sentinel_analysis.tif (AOI clouds 0.0%)
OK sp/SP_7_18/2026-05-05: /Users/korneev/Desktop/water-regime-gis/outputs/imagery/sp/SP_7_18/2026-05-05/sentinel_analysis.tif (AOI clouds 57.5%)
OK sp/SP_7_18/2026-05-07: /Users/korneev/Desktop/water-regime-gis/outputs/imagery/sp/SP_7_18/2026-05-07/sentinel_analysis.tif (AOI clouds 0.0%)
OK sp/SP_7_18/2026-05-17: /Users/korneev/Desktop/water-regime-gis/outputs/imagery/sp/SP_7_18/2026-05-17/sentinel_analysis.tif (AOI clouds 0.0%)
OK sp/SP_7_18/2026-05-20: /Users/korneev/Desktop/water-regime-gis/outputs/imagery/sp/SP_7_18/2026-05-20/sentinel_analysis.tif (AOI clouds 0.0%)
OK sp/SP_7_18/2026-05-22: /Users/korneev/Desktop/water-regime-gis/outputs/imagery/sp/SP_7_18/2026-05-22/sentinel_analysis.tif (AOI clouds 0.0%)
OK sp/SP_7_18/2026-06-06: /Users/korneev/Desktop/water-regime-gis/outputs/imagery/sp/SP_7_18/2026-06-06/sentinel_analysis.tif (AOI clouds 0.0%)
OK sp/SP_7_18/2026-06-08: /Users/korneev/Desktop/water-regime-gis/outputs/imagery/sp/SP_7_18/2026-06-08/sentinel_analysis.tif (AOI clouds 0.0%)
OK sp/SP_7_18/2026-06-09: /Users/korneev/Desktop/water-regime-gis/outputs/imagery/sp/SP_7_18/2026-06-09/sentinel_analysis.tif (AOI clouds 100.0%)
OK sp/SP_7_18/2026-06-11: /Users/korneev/Desktop/water-regime-gis/outputs/imagery/sp/SP_7_18/2026-06-11/sentinel_analysis.tif (AOI clouds 0.0%)
OK sp/SP_7_18/2026-07-14: /Users/korneev/Desktop/water-regime-gis/outputs/imagery/sp/SP_7_18/2026-07-14/sentinel_analysis.tif (AOI clouds 100.0%)
OK sp/SP_7_18/2026-07-19: /Users/korneev/Desktop/water-regime-gis/outputs/imagery/sp/SP_7_18/2026-07-19/sentinel_analysis.tif (AOI clouds 0.0%)
OK sp/SP_7_18/2026-07-28: /Users/korneev/Desktop/water-regime-gis/outputs/imagery/sp/SP_7_18/2026-07-28/sentinel_analysis.tif (AOI clouds 0.0%)
OK sp/SP_7_18/2026-07-31: /Users/korneev/Desktop/water-regime-gis/outputs/imagery/sp/SP_7_18/2026-07-31/sentinel_analysis.tif (AOI clouds 19.2%)
OK sp/SP_7_18/2026-08-10: /Users/korneev/Desktop/water-regime-gis/outputs/imagery/sp/SP_7_18/2026-08-10/sentinel_analysis.tif (AOI clouds 0.0%)
OK sp/SP_7_19/2026-04-22: /Users/korneev/Desktop/water-regime-gis/outputs/imagery/sp/SP_7_19/2026-04-22/sentinel_analysis.tif (AOI clouds 0.0%)
OK sp/SP_7_19/2026-05-05: /Users/korneev/Desktop/water-regime-gis/outputs/imagery/sp/SP_7_19/2026-05-05/sentinel_analysis.tif (AOI clouds 17.6%)
OK sp/SP_7_19/2026-05-07: /Users/korneev/Desktop/water-regime-gis/outputs/imagery/sp/SP_7_19/2026-05-07/sentinel_analysis.tif (AOI clouds 0.0%)
OK sp/SP_7_19/2026-05-17: /Users/korneev/Desktop/water-regime-gis/outputs/imagery/sp/SP_7_19/2026-05-17/sentinel_analysis.tif (AOI clouds 0.0%)
OK sp/SP_7_19/2026-05-20: /Users/korneev/Desktop/water-regime-gis/outputs/imagery/sp/SP_7_19/2026-05-20/sentinel_analysis.tif (AOI clouds 0.0%)
OK sp/SP_7_19/2026-05-22: /Users/korneev/Desktop/water-regime-gis/outputs/imagery/sp/SP_7_19/2026-05-22/sentinel_analysis.tif (AOI clouds 0.0%)
OK sp/SP_7_19/2026-06-06: /Users/korneev/Desktop/water-regime-gis/outputs/imagery/sp/SP_7_19/2026-06-06/sentinel_analysis.tif (AOI clouds 0.0%)
OK sp/SP_7_19/2026-06-08: /Users/korneev/Desktop/water-regime-gis/outputs/imagery/sp/SP_7_19/2026-06-08/sentinel_analysis.tif (AOI clouds 0.0%)
OK sp/SP_7_19/2026-06-09: /Users/korneev/Desktop/water-regime-gis/outputs/imagery/sp/SP_7_19/2026-06-09/sentinel_analysis.tif (AOI clouds 99.7%)
OK sp/SP_7_19/2026-06-11: /Users/korneev/Desktop/water-regime-gis/outputs/imagery/sp/SP_7_19/2026-06-11/sentinel_analysis.tif (AOI clouds 0.0%)
OK sp/SP_7_19/2026-07-14: /Users/korneev/Desktop/water-regime-gis/outputs/imagery/sp/SP_7_19/2026-07-14/sentinel_analysis.tif (AOI clouds 4.3%)
OK sp/SP_7_19/2026-07-19: /Users/korneev/Desktop/water-regime-gis/outputs/imagery/sp/SP_7_19/2026-07-19/sentinel_analysis.tif (AOI clouds 0.0%)
OK sp/SP_7_19/2026-07-28: /Users/korneev/Desktop/water-regime-gis/outputs/imagery/sp/SP_7_19/2026-07-28/sentinel_analysis.tif (AOI clouds 40.3%)
OK sp/SP_7_19/2026-07-31: /Users/korneev/Desktop/water-regime-gis/outputs/imagery/sp/SP_7_19/2026-07-31/sentinel_analysis.tif (AOI clouds 0.0%)
OK sp/SP_7_19/2026-08-10: /Users/korneev/Desktop/water-regime-gis/outputs/imagery/sp/SP_7_19/2026-08-10/sentinel_analysis.tif (AOI clouds 0.0%)
OK sp/SP_7_2/2026-04-22: /Users/korneev/Desktop/water-regime-gis/outputs/imagery/sp/SP_7_2/2026-04-22/sentinel_analysis.tif (AOI clouds 0.0%)
OK sp/SP_7_2/2026-05-05: /Users/korneev/Desktop/water-regime-gis/outputs/imagery/sp/SP_7_2/2026-05-05/sentinel_analysis.tif (AOI clouds 0.0%)
OK sp/SP_7_2/2026-05-07: /Users/korneev/Desktop/water-regime-gis/outputs/imagery/sp/SP_7_2/2026-05-07/sentinel_analysis.tif (AOI clouds 0.0%)
OK sp/SP_7_2/2026-05-17: /Users/korneev/Desktop/water-regime-gis/outputs/imagery/sp/SP_7_2/2026-05-17/sentinel_analysis.tif (AOI clouds 0.0%)
OK sp/SP_7_2/2026-05-20: /Users/korneev/Desktop/water-regime-gis/outputs/imagery/sp/SP_7_2/2026-05-20/sentinel_analysis.tif (AOI clouds 0.0%)
OK sp/SP_7_2/2026-05-22: /Users/korneev/Desktop/water-regime-gis/outputs/imagery/sp/SP_7_2/2026-05-22/sentinel_analysis.tif (AOI clouds 0.0%)
OK sp/SP_7_2/2026-06-06: /Users/korneev/Desktop/water-regime-gis/outputs/imagery/sp/SP_7_2/2026-06-06/sentinel_analysis.tif (AOI clouds 0.0%)
OK sp/SP_7_2/2026-06-08: /Users/korneev/Desktop/water-regime-gis/outputs/imagery/sp/SP_7_2/2026-06-08/sentinel_analysis.tif (AOI clouds 0.0%)
OK sp/SP_7_2/2026-06-09: /Users/korneev/Desktop/water-regime-gis/outputs/imagery/sp/SP_7_2/2026-06-09/sentinel_analysis.tif (AOI clouds 100.0%)
OK sp/SP_7_2/2026-06-11: /Users/korneev/Desktop/water-regime-gis/outputs/imagery/sp/SP_7_2/2026-06-11/sentinel_analysis.tif (AOI clouds 0.0%)
OK sp/SP_7_2/2026-07-14: /Users/korneev/Desktop/water-regime-gis/outputs/imagery/sp/SP_7_2/2026-07-14/sentinel_analysis.tif (AOI clouds 34.4%)
OK sp/SP_7_2/2026-07-19: /Users/korneev/Desktop/water-regime-gis/outputs/imagery/sp/SP_7_2/2026-07-19/sentinel_analysis.tif (AOI clouds 0.0%)
OK sp/SP_7_2/2026-07-28: /Users/korneev/Desktop/water-regime-gis/outputs/imagery/sp/SP_7_2/2026-07-28/sentinel_analysis.tif (AOI clouds 0.0%)
OK sp/SP_7_2/2026-07-31: /Users/korneev/Desktop/water-regime-gis/outputs/imagery/sp/SP_7_2/2026-07-31/sentinel_analysis.tif (AOI clouds 0.0%)
OK sp/SP_7_2/2026-08-10: /Users/korneev/Desktop/water-regime-gis/outputs/imagery/sp/SP_7_2/2026-08-10/sentinel_analysis.tif (AOI clouds 0.0%)
OK sp/SP_7_3/2026-04-22: /Users/korneev/Desktop/water-regime-gis/outputs/imagery/sp/SP_7_3/2026-04-22/sentinel_analysis.tif (AOI clouds 0.0%)
OK sp/SP_7_3/2026-05-05: /Users/korneev/Desktop/water-regime-gis/outputs/imagery/sp/SP_7_3/2026-05-05/sentinel_analysis.tif (AOI clouds 0.0%)
OK sp/SP_7_3/2026-05-07: /Users/korneev/Desktop/water-regime-gis/outputs/imagery/sp/SP_7_3/2026-05-07/sentinel_analysis.tif (AOI clouds 0.0%)
OK sp/SP_7_3/2026-05-17: /Users/korneev/Desktop/water-regime-gis/outputs/imagery/sp/SP_7_3/2026-05-17/sentinel_analysis.tif (AOI clouds 0.0%)
OK sp/SP_7_3/2026-05-20: /Users/korneev/Desktop/water-regime-gis/outputs/imagery/sp/SP_7_3/2026-05-20/sentinel_analysis.tif (AOI clouds 0.0%)
OK sp/SP_7_3/2026-05-22: /Users/korneev/Desktop/water-regime-gis/outputs/imagery/sp/SP_7_3/2026-05-22/sentinel_analysis.tif (AOI clouds 0.0%)
OK sp/SP_7_3/2026-06-06: /Users/korneev/Desktop/water-regime-gis/outputs/imagery/sp/SP_7_3/2026-06-06/sentinel_analysis.tif (AOI clouds 0.4%)
OK sp/SP_7_3/2026-06-08: /Users/korneev/Desktop/water-regime-gis/outputs/imagery/sp/SP_7_3/2026-06-08/sentinel_analysis.tif (AOI clouds 0.0%)
OK sp/SP_7_3/2026-06-09: /Users/korneev/Desktop/water-regime-gis/outputs/imagery/sp/SP_7_3/2026-06-09/sentinel_analysis.tif (AOI clouds 90.4%)
OK sp/SP_7_3/2026-06-11: /Users/korneev/Desktop/water-regime-gis/outputs/imagery/sp/SP_7_3/2026-06-11/sentinel_analysis.tif (AOI clouds 0.0%)
OK sp/SP_7_3/2026-07-14: /Users/korneev/Desktop/water-regime-gis/outputs/imagery/sp/SP_7_3/2026-07-14/sentinel_analysis.tif (AOI clouds 26.2%)
OK sp/SP_7_3/2026-07-19: /Users/korneev/Desktop/water-regime-gis/outputs/imagery/sp/SP_7_3/2026-07-19/sentinel_analysis.tif (AOI clouds 0.0%)
OK sp/SP_7_3/2026-07-28: /Users/korneev/Desktop/water-regime-gis/outputs/imagery/sp/SP_7_3/2026-07-28/sentinel_analysis.tif (AOI clouds 0.0%)
OK sp/SP_7_3/2026-07-31: /Users/korneev/Desktop/water-regime-gis/outputs/imagery/sp/SP_7_3/2026-07-31/sentinel_analysis.tif (AOI clouds 14.3%)
OK sp/SP_7_3/2026-08-10: /Users/korneev/Desktop/water-regime-gis/outputs/imagery/sp/SP_7_3/2026-08-10/sentinel_analysis.tif (AOI clouds 0.0%)
OK sp/SP_7_4/2026-04-22: /Users/korneev/Desktop/water-regime-gis/outputs/imagery/sp/SP_7_4/2026-04-22/sentinel_analysis.tif (AOI clouds 0.0%)
OK sp/SP_7_4/2026-05-05: /Users/korneev/Desktop/water-regime-gis/outputs/imagery/sp/SP_7_4/2026-05-05/sentinel_analysis.tif (AOI clouds 0.0%)
OK sp/SP_7_4/2026-05-07: /Users/korneev/Desktop/water-regime-gis/outputs/imagery/sp/SP_7_4/2026-05-07/sentinel_analysis.tif (AOI clouds 0.0%)
OK sp/SP_7_4/2026-05-17: /Users/korneev/Desktop/water-regime-gis/outputs/imagery/sp/SP_7_4/2026-05-17/sentinel_analysis.tif (AOI clouds 0.0%)
OK sp/SP_7_4/2026-05-20: /Users/korneev/Desktop/water-regime-gis/outputs/imagery/sp/SP_7_4/2026-05-20/sentinel_analysis.tif (AOI clouds 0.0%)
OK sp/SP_7_4/2026-05-22: /Users/korneev/Desktop/water-regime-gis/outputs/imagery/sp/SP_7_4/2026-05-22/sentinel_analysis.tif (AOI clouds 0.0%)
OK sp/SP_7_4/2026-06-06: /Users/korneev/Desktop/water-regime-gis/outputs/imagery/sp/SP_7_4/2026-06-06/sentinel_analysis.tif (AOI clouds 0.0%)
OK sp/SP_7_4/2026-06-08: /Users/korneev/Desktop/water-regime-gis/outputs/imagery/sp/SP_7_4/2026-06-08/sentinel_analysis.tif (AOI clouds 0.0%)
OK sp/SP_7_4/2026-06-09: /Users/korneev/Desktop/water-regime-gis/outputs/imagery/sp/SP_7_4/2026-06-09/sentinel_analysis.tif (AOI clouds 100.0%)
OK sp/SP_7_4/2026-06-11: /Users/korneev/Desktop/water-regime-gis/outputs/imagery/sp/SP_7_4/2026-06-11/sentinel_analysis.tif (AOI clouds 0.0%)
OK sp/SP_7_4/2026-07-14: /Users/korneev/Desktop/water-regime-gis/outputs/imagery/sp/SP_7_4/2026-07-14/sentinel_analysis.tif (AOI clouds 5.4%)
OK sp/SP_7_4/2026-07-19: /Users/korneev/Desktop/water-regime-gis/outputs/imagery/sp/SP_7_4/2026-07-19/sentinel_analysis.tif (AOI clouds 0.0%)
OK sp/SP_7_4/2026-07-28: /Users/korneev/Desktop/water-regime-gis/outputs/imagery/sp/SP_7_4/2026-07-28/sentinel_analysis.tif (AOI clouds 0.0%)
OK sp/SP_7_4/2026-07-31: /Users/korneev/Desktop/water-regime-gis/outputs/imagery/sp/SP_7_4/2026-07-31/sentinel_analysis.tif (AOI clouds 0.0%)
OK sp/SP_7_4/2026-08-10: /Users/korneev/Desktop/water-regime-gis/outputs/imagery/sp/SP_7_4/2026-08-10/sentinel_analysis.tif (AOI clouds 0.0%)
OK sp/SP_7_5/2026-04-22: /Users/korneev/Desktop/water-regime-gis/outputs/imagery/sp/SP_7_5/2026-04-22/sentinel_analysis.tif (AOI clouds 0.0%)
OK sp/SP_7_5/2026-05-05: /Users/korneev/Desktop/water-regime-gis/outputs/imagery/sp/SP_7_5/2026-05-05/sentinel_analysis.tif (AOI clouds 1.1%)
OK sp/SP_7_5/2026-05-07: /Users/korneev/Desktop/water-regime-gis/outputs/imagery/sp/SP_7_5/2026-05-07/sentinel_analysis.tif (AOI clouds 0.0%)
OK sp/SP_7_5/2026-05-17: /Users/korneev/Desktop/water-regime-gis/outputs/imagery/sp/SP_7_5/2026-05-17/sentinel_analysis.tif (AOI clouds 0.0%)
OK sp/SP_7_5/2026-05-20: /Users/korneev/Desktop/water-regime-gis/outputs/imagery/sp/SP_7_5/2026-05-20/sentinel_analysis.tif (AOI clouds 0.0%)
OK sp/SP_7_5/2026-05-22: /Users/korneev/Desktop/water-regime-gis/outputs/imagery/sp/SP_7_5/2026-05-22/sentinel_analysis.tif (AOI clouds 0.0%)
OK sp/SP_7_5/2026-06-06: /Users/korneev/Desktop/water-regime-gis/outputs/imagery/sp/SP_7_5/2026-06-06/sentinel_analysis.tif (AOI clouds 0.0%)
OK sp/SP_7_5/2026-06-08: /Users/korneev/Desktop/water-regime-gis/outputs/imagery/sp/SP_7_5/2026-06-08/sentinel_analysis.tif (AOI clouds 0.0%)
OK sp/SP_7_5/2026-06-09: /Users/korneev/Desktop/water-regime-gis/outputs/imagery/sp/SP_7_5/2026-06-09/sentinel_analysis.tif (AOI clouds 96.7%)
OK sp/SP_7_5/2026-06-11: /Users/korneev/Desktop/water-regime-gis/outputs/imagery/sp/SP_7_5/2026-06-11/sentinel_analysis.tif (AOI clouds 0.0%)
OK sp/SP_7_5/2026-07-14: /Users/korneev/Desktop/water-regime-gis/outputs/imagery/sp/SP_7_5/2026-07-14/sentinel_analysis.tif (AOI clouds 98.8%)
OK sp/SP_7_5/2026-07-19: /Users/korneev/Desktop/water-regime-gis/outputs/imagery/sp/SP_7_5/2026-07-19/sentinel_analysis.tif (AOI clouds 0.0%)
OK sp/SP_7_5/2026-07-28: /Users/korneev/Desktop/water-regime-gis/outputs/imagery/sp/SP_7_5/2026-07-28/sentinel_analysis.tif (AOI clouds 0.0%)
OK sp/SP_7_5/2026-07-31: /Users/korneev/Desktop/water-regime-gis/outputs/imagery/sp/SP_7_5/2026-07-31/sentinel_analysis.tif (AOI clouds 0.0%)
OK sp/SP_7_5/2026-08-10: /Users/korneev/Desktop/water-regime-gis/outputs/imagery/sp/SP_7_5/2026-08-10/sentinel_analysis.tif (AOI clouds 0.0%)
OK sp/SP_7_6/2026-04-22: /Users/korneev/Desktop/water-regime-gis/outputs/imagery/sp/SP_7_6/2026-04-22/sentinel_analysis.tif (AOI clouds 0.0%)
OK sp/SP_7_6/2026-05-05: /Users/korneev/Desktop/water-regime-gis/outputs/imagery/sp/SP_7_6/2026-05-05/sentinel_analysis.tif (AOI clouds 0.0%)
OK sp/SP_7_6/2026-05-07: /Users/korneev/Desktop/water-regime-gis/outputs/imagery/sp/SP_7_6/2026-05-07/sentinel_analysis.tif (AOI clouds 0.0%)
OK sp/SP_7_6/2026-05-17: /Users/korneev/Desktop/water-regime-gis/outputs/imagery/sp/SP_7_6/2026-05-17/sentinel_analysis.tif (AOI clouds 0.0%)
OK sp/SP_7_6/2026-05-20: /Users/korneev/Desktop/water-regime-gis/outputs/imagery/sp/SP_7_6/2026-05-20/sentinel_analysis.tif (AOI clouds 0.0%)
OK sp/SP_7_6/2026-05-22: /Users/korneev/Desktop/water-regime-gis/outputs/imagery/sp/SP_7_6/2026-05-22/sentinel_analysis.tif (AOI clouds 0.0%)
OK sp/SP_7_6/2026-06-06: /Users/korneev/Desktop/water-regime-gis/outputs/imagery/sp/SP_7_6/2026-06-06/sentinel_analysis.tif (AOI clouds 0.0%)
OK sp/SP_7_6/2026-06-08: /Users/korneev/Desktop/water-regime-gis/outputs/imagery/sp/SP_7_6/2026-06-08/sentinel_analysis.tif (AOI clouds 0.0%)
OK sp/SP_7_6/2026-06-09: /Users/korneev/Desktop/water-regime-gis/outputs/imagery/sp/SP_7_6/2026-06-09/sentinel_analysis.tif (AOI clouds 62.1%)
OK sp/SP_7_6/2026-06-11: /Users/korneev/Desktop/water-regime-gis/outputs/imagery/sp/SP_7_6/2026-06-11/sentinel_analysis.tif (AOI clouds 0.0%)
OK sp/SP_7_6/2026-07-14: /Users/korneev/Desktop/water-regime-gis/outputs/imagery/sp/SP_7_6/2026-07-14/sentinel_analysis.tif (AOI clouds 100.0%)
OK sp/SP_7_6/2026-07-19: /Users/korneev/Desktop/water-regime-gis/outputs/imagery/sp/SP_7_6/2026-07-19/sentinel_analysis.tif (AOI clouds 0.0%)
OK sp/SP_7_6/2026-07-28: /Users/korneev/Desktop/water-regime-gis/outputs/imagery/sp/SP_7_6/2026-07-28/sentinel_analysis.tif (AOI clouds 0.0%)
OK sp/SP_7_6/2026-07-31: /Users/korneev/Desktop/water-regime-gis/outputs/imagery/sp/SP_7_6/2026-07-31/sentinel_analysis.tif (AOI clouds 0.0%)
OK sp/SP_7_6/2026-08-10: /Users/korneev/Desktop/water-regime-gis/outputs/imagery/sp/SP_7_6/2026-08-10/sentinel_analysis.tif (AOI clouds 0.0%)
OK sp/SP_7_7/2026-04-22: /Users/korneev/Desktop/water-regime-gis/outputs/imagery/sp/SP_7_7/2026-04-22/sentinel_analysis.tif (AOI clouds 0.0%)
OK sp/SP_7_7/2026-05-05: /Users/korneev/Desktop/water-regime-gis/outputs/imagery/sp/SP_7_7/2026-05-05/sentinel_analysis.tif (AOI clouds 0.0%)
OK sp/SP_7_7/2026-05-07: /Users/korneev/Desktop/water-regime-gis/outputs/imagery/sp/SP_7_7/2026-05-07/sentinel_analysis.tif (AOI clouds 0.0%)
OK sp/SP_7_7/2026-05-17: /Users/korneev/Desktop/water-regime-gis/outputs/imagery/sp/SP_7_7/2026-05-17/sentinel_analysis.tif (AOI clouds 0.0%)
OK sp/SP_7_7/2026-05-20: /Users/korneev/Desktop/water-regime-gis/outputs/imagery/sp/SP_7_7/2026-05-20/sentinel_analysis.tif (AOI clouds 0.0%)
OK sp/SP_7_7/2026-05-22: /Users/korneev/Desktop/water-regime-gis/outputs/imagery/sp/SP_7_7/2026-05-22/sentinel_analysis.tif (AOI clouds 0.0%)
OK sp/SP_7_7/2026-06-06: /Users/korneev/Desktop/water-regime-gis/outputs/imagery/sp/SP_7_7/2026-06-06/sentinel_analysis.tif (AOI clouds 0.0%)
OK sp/SP_7_7/2026-06-08: /Users/korneev/Desktop/water-regime-gis/outputs/imagery/sp/SP_7_7/2026-06-08/sentinel_analysis.tif (AOI clouds 0.0%)
OK sp/SP_7_7/2026-06-09: /Users/korneev/Desktop/water-regime-gis/outputs/imagery/sp/SP_7_7/2026-06-09/sentinel_analysis.tif (AOI clouds 56.7%)
OK sp/SP_7_7/2026-06-11: /Users/korneev/Desktop/water-regime-gis/outputs/imagery/sp/SP_7_7/2026-06-11/sentinel_analysis.tif (AOI clouds 0.0%)
OK sp/SP_7_7/2026-07-14: /Users/korneev/Desktop/water-regime-gis/outputs/imagery/sp/SP_7_7/2026-07-14/sentinel_analysis.tif (AOI clouds 79.6%)
OK sp/SP_7_7/2026-07-19: /Users/korneev/Desktop/water-regime-gis/outputs/imagery/sp/SP_7_7/2026-07-19/sentinel_analysis.tif (AOI clouds 0.0%)
OK sp/SP_7_7/2026-07-28: /Users/korneev/Desktop/water-regime-gis/outputs/imagery/sp/SP_7_7/2026-07-28/sentinel_analysis.tif (AOI clouds 0.0%)
OK sp/SP_7_7/2026-07-31: /Users/korneev/Desktop/water-regime-gis/outputs/imagery/sp/SP_7_7/2026-07-31/sentinel_analysis.tif (AOI clouds 28.5%)
OK sp/SP_7_7/2026-08-10: /Users/korneev/Desktop/water-regime-gis/outputs/imagery/sp/SP_7_7/2026-08-10/sentinel_analysis.tif (AOI clouds 0.0%)
OK sp/SP_7_8/2026-04-22: /Users/korneev/Desktop/water-regime-gis/outputs/imagery/sp/SP_7_8/2026-04-22/sentinel_analysis.tif (AOI clouds 0.0%)
OK sp/SP_7_8/2026-05-05: /Users/korneev/Desktop/water-regime-gis/outputs/imagery/sp/SP_7_8/2026-05-05/sentinel_analysis.tif (AOI clouds 5.1%)
OK sp/SP_7_8/2026-05-07: /Users/korneev/Desktop/water-regime-gis/outputs/imagery/sp/SP_7_8/2026-05-07/sentinel_analysis.tif (AOI clouds 0.0%)
OK sp/SP_7_8/2026-05-17: /Users/korneev/Desktop/water-regime-gis/outputs/imagery/sp/SP_7_8/2026-05-17/sentinel_analysis.tif (AOI clouds 0.0%)
OK sp/SP_7_8/2026-05-20: /Users/korneev/Desktop/water-regime-gis/outputs/imagery/sp/SP_7_8/2026-05-20/sentinel_analysis.tif (AOI clouds 0.0%)
OK sp/SP_7_8/2026-05-22: /Users/korneev/Desktop/water-regime-gis/outputs/imagery/sp/SP_7_8/2026-05-22/sentinel_analysis.tif (AOI clouds 0.0%)
OK sp/SP_7_8/2026-06-06: /Users/korneev/Desktop/water-regime-gis/outputs/imagery/sp/SP_7_8/2026-06-06/sentinel_analysis.tif (AOI clouds 15.0%)
OK sp/SP_7_8/2026-06-08: /Users/korneev/Desktop/water-regime-gis/outputs/imagery/sp/SP_7_8/2026-06-08/sentinel_analysis.tif (AOI clouds 0.0%)
OK sp/SP_7_8/2026-06-09: /Users/korneev/Desktop/water-regime-gis/outputs/imagery/sp/SP_7_8/2026-06-09/sentinel_analysis.tif (AOI clouds 39.4%)
OK sp/SP_7_8/2026-06-11: /Users/korneev/Desktop/water-regime-gis/outputs/imagery/sp/SP_7_8/2026-06-11/sentinel_analysis.tif (AOI clouds 0.0%)
OK sp/SP_7_8/2026-07-14: /Users/korneev/Desktop/water-regime-gis/outputs/imagery/sp/SP_7_8/2026-07-14/sentinel_analysis.tif (AOI clouds 68.0%)
OK sp/SP_7_8/2026-07-19: /Users/korneev/Desktop/water-regime-gis/outputs/imagery/sp/SP_7_8/2026-07-19/sentinel_analysis.tif (AOI clouds 0.0%)
OK sp/SP_7_8/2026-07-28: /Users/korneev/Desktop/water-regime-gis/outputs/imagery/sp/SP_7_8/2026-07-28/sentinel_analysis.tif (AOI clouds 0.0%)
OK sp/SP_7_8/2026-07-31: /Users/korneev/Desktop/water-regime-gis/outputs/imagery/sp/SP_7_8/2026-07-31/sentinel_analysis.tif (AOI clouds 31.7%)
OK sp/SP_7_8/2026-08-10: /Users/korneev/Desktop/water-regime-gis/outputs/imagery/sp/SP_7_8/2026-08-10/sentinel_analysis.tif (AOI clouds 0.0%)
OK sp/SP_7_9/2026-04-22: /Users/korneev/Desktop/water-regime-gis/outputs/imagery/sp/SP_7_9/2026-04-22/sentinel_analysis.tif (AOI clouds 0.0%)
OK sp/SP_7_9/2026-05-05: /Users/korneev/Desktop/water-regime-gis/outputs/imagery/sp/SP_7_9/2026-05-05/sentinel_analysis.tif (AOI clouds 0.0%)
OK sp/SP_7_9/2026-05-07: /Users/korneev/Desktop/water-regime-gis/outputs/imagery/sp/SP_7_9/2026-05-07/sentinel_analysis.tif (AOI clouds 0.0%)
OK sp/SP_7_9/2026-05-17: /Users/korneev/Desktop/water-regime-gis/outputs/imagery/sp/SP_7_9/2026-05-17/sentinel_analysis.tif (AOI clouds 0.0%)
OK sp/SP_7_9/2026-05-20: /Users/korneev/Desktop/water-regime-gis/outputs/imagery/sp/SP_7_9/2026-05-20/sentinel_analysis.tif (AOI clouds 0.0%)
OK sp/SP_7_9/2026-05-22: /Users/korneev/Desktop/water-regime-gis/outputs/imagery/sp/SP_7_9/2026-05-22/sentinel_analysis.tif (AOI clouds 0.0%)
OK sp/SP_7_9/2026-06-06: /Users/korneev/Desktop/water-regime-gis/outputs/imagery/sp/SP_7_9/2026-06-06/sentinel_analysis.tif (AOI clouds 4.2%)
OK sp/SP_7_9/2026-06-08: /Users/korneev/Desktop/water-regime-gis/outputs/imagery/sp/SP_7_9/2026-06-08/sentinel_analysis.tif (AOI clouds 0.0%)
OK sp/SP_7_9/2026-06-09: /Users/korneev/Desktop/water-regime-gis/outputs/imagery/sp/SP_7_9/2026-06-09/sentinel_analysis.tif (AOI clouds 84.0%)
OK sp/SP_7_9/2026-06-11: /Users/korneev/Desktop/water-regime-gis/outputs/imagery/sp/SP_7_9/2026-06-11/sentinel_analysis.tif (AOI clouds 0.0%)
OK sp/SP_7_9/2026-07-14: /Users/korneev/Desktop/water-regime-gis/outputs/imagery/sp/SP_7_9/2026-07-14/sentinel_analysis.tif (AOI clouds 47.8%)
OK sp/SP_7_9/2026-07-19: /Users/korneev/Desktop/water-regime-gis/outputs/imagery/sp/SP_7_9/2026-07-19/sentinel_analysis.tif (AOI clouds 0.0%)
OK sp/SP_7_9/2026-07-28: /Users/korneev/Desktop/water-regime-gis/outputs/imagery/sp/SP_7_9/2026-07-28/sentinel_analysis.tif (AOI clouds 0.0%)
OK sp/SP_7_9/2026-07-31: /Users/korneev/Desktop/water-regime-gis/outputs/imagery/sp/SP_7_9/2026-07-31/sentinel_analysis.tif (AOI clouds 0.0%)
OK sp/SP_7_9/2026-08-10: /Users/korneev/Desktop/water-regime-gis/outputs/imagery/sp/SP_7_9/2026-08-10/sentinel_analysis.tif (AOI clouds 0.0%)
Finished: 2083 ready, 0 errors
Manifest: /Users/korneev/Desktop/water-regime-gis/outputs/imagery/analysis_manifest.json
