SKIP kaa/KAA_КУР-СОЛ-0005-02/2026-05-05: /Users/korneev/Desktop/water-regime-gis/outputs/imagery/kaa/KAA_КУР-СОЛ-0005-02/2026-05-05/sentinel_true_color.tif
SKIP kaa/KAA_КУР-СОЛ-0005-02/2026-05-20: /Users/korneev/Desktop/water-regime-gis/outputs/imagery/kaa/KAA_КУР-СОЛ-0005-02/2026-05-20/sentinel_true_color.tif
SKIP kaa/KAA_КУР-СОЛ-0005-02/2026-05-22: /Users/korneev/Desktop/water-regime-gis/outputs/imagery/kaa/KAA_КУР-СОЛ-0005-02/2026-05-22/sentinel_true_color.tif
SKIP kaa/KAA_КУР-СОЛ-0005-02/2026-06-09: /Users/korneev/Desktop/water-regime-gis/outputs/imagery/kaa/KAA_КУР-СОЛ-0005-02/2026-06-09/sentinel_true_color.tif
SKIP kaa/KAA_КУР-СОЛ-0005-02/2026-06-11: /Users/korneev/Desktop/water-regime-gis/outputs/imagery/kaa/KAA_КУР-СОЛ-0005-02/2026-06-11/sentinel_true_color.tif
SKIP kaa/KAA_КУР-СОЛ-0005-02/2026-07-01: /Users/korneev/Desktop/water-regime-gis/outputs/imagery/kaa/KAA_КУР-СОЛ-0005-02/2026-07-01/sentinel_true_color.tif
SKIP kaa/KAA_КУР-СОЛ-0005-02/2026-07-19: /Users/korneev/Desktop/water-regime-gis/outputs/imagery/kaa/KAA_КУР-СОЛ-0005-02/2026-07-19/sentinel_true_color.tif
SKIP kaa/KAA_КУР-СОЛ-0005-02/2026-07-31: /Users/korneev/Desktop/water-regime-gis/outputs/imagery/kaa/KAA_КУР-СОЛ-0005-02/2026-07-31/sentinel_true_color.tif
SKIP kaa/KAA_КУР-СОЛ-0005-02/2026-08-03: /Users/korneev/Desktop/water-regime-gis/outputs/imagery/kaa/KAA_КУР-СОЛ-0005-02/2026-08-03/sentinel_true_color.tif
SKIP kaa/KAA_КУР-СОЛ-0005-02/2026-08-10: /Users/korneev/Desktop/water-regime-gis/outputs/imagery/kaa/KAA_КУР-СОЛ-0005-02/2026-08-10/sentinel_true_color.tif
SKIP kaa/KAA_КУР-ГОР-0063-03/2026-04-25: /Users/korneev/Desktop/water-regime-gis/outputs/imagery/kaa/KAA_КУР-ГОР-0063-03/2026-04-25/sentinel_true_color.tif
SKIP kaa/KAA_КУР-ГОР-0063-03/2026-05-05: /Users/korneev/Desktop/water-regime-gis/outputs/imagery/kaa/KAA_КУР-ГОР-0063-03/2026-05-05/sentinel_true_color.tif
SKIP kaa/KAA_КУР-ГОР-0063-03/2026-05-07: /Users/korneev/Desktop/water-regime-gis/outputs/imagery/kaa/KAA_КУР-ГОР-0063-03/2026-05-07/sentinel_true_color.tif
SKIP kaa/KAA_КУР-ГОР-0063-03/2026-05-20: /Users/korneev/Desktop/water-regime-gis/outputs/imagery/kaa/KAA_КУР-ГОР-0063-03/2026-05-20/sentinel_true_color.tif
SKIP kaa/KAA_КУР-ГОР-0063-03/2026-05-22: /Users/korneev/Desktop/water-regime-gis/outputs/imagery/kaa/KAA_КУР-ГОР-0063-03/2026-05-22/sentinel_true_color.tif
SKIP kaa/KAA_КУР-ГОР-0063-03/2026-06-08: /Users/korneev/Desktop/water-regime-gis/outputs/imagery/kaa/KAA_КУР-ГОР-0063-03/2026-06-08/sentinel_true_color.tif
SKIP kaa/KAA_КУР-ГОР-0063-03/2026-06-09: /Users/korneev/Desktop/water-regime-gis/outputs/imagery/kaa/KAA_КУР-ГОР-0063-03/2026-06-09/sentinel_true_color.tif
SKIP kaa/KAA_КУР-ГОР-0063-03/2026-06-11: /Users/korneev/Desktop/water-regime-gis/outputs/imagery/kaa/KAA_КУР-ГОР-0063-03/2026-06-11/sentinel_true_color.tif
SKIP kaa/KAA_КУР-ГОР-0063-03/2026-06-18: /Users/korneev/Desktop/water-regime-gis/outputs/imagery/kaa/KAA_КУР-ГОР-0063-03/2026-06-18/sentinel_true_color.tif
SKIP kaa/KAA_КУР-ГОР-0063-03/2026-07-01: /Users/korneev/Desktop/water-regime-gis/outputs/imagery/kaa/KAA_КУР-ГОР-0063-03/2026-07-01/sentinel_true_color.tif
SKIP kaa/KAA_КУР-ГОР-0063-03/2026-07-18: /Users/korneev/Desktop/water-regime-gis/outputs/imagery/kaa/KAA_КУР-ГОР-0063-03/2026-07-18/sentinel_true_color.tif
SKIP kaa/KAA_КУР-ГОР-0063-03/2026-07-19: /Users/korneev/Desktop/water-regime-gis/outputs/imagery/kaa/KAA_КУР-ГОР-0063-03/2026-07-19/sentinel_true_color.tif
OK kaa/KAA_КУР-ГОР-0063-03/2026-07-31: /Users/korneev/Desktop/water-regime-gis/outputs/imagery/kaa/KAA_КУР-ГОР-0063-03/2026-07-31/sentinel_true_color.tif
OK kaa/KAA_КУР-ГОР-0063-03/2026-08-03: /Users/korneev/Desktop/water-regime-gis/outputs/imagery/kaa/KAA_КУР-ГОР-0063-03/2026-08-03/sentinel_true_color.tif
OK kaa/KAA_КУР-ГОР-0063-03/2026-08-07: /Users/korneev/Desktop/water-regime-gis/outputs/imagery/kaa/KAA_КУР-ГОР-0063-03/2026-08-07/sentinel_true_color.tif
OK kaa/KAA_КУР-ГОР-0063-03/2026-08-08: /Users/korneev/Desktop/water-regime-gis/outputs/imagery/kaa/KAA_КУР-ГОР-0063-03/2026-08-08/sentinel_true_color.tif
OK kaa/KAA_КУР-ГОР-0063-03/2026-08-10: /Users/korneev/Desktop/water-regime-gis/outputs/imagery/kaa/KAA_КУР-ГОР-0063-03/2026-08-10/sentinel_true_color.tif
OK kaa/KAA_КУР-ГОР-0057-03/2026-04-25: /Users/korneev/Desktop/water-regime-gis/outputs/imagery/kaa/KAA_КУР-ГОР-0057-03/2026-04-25/sentinel_true_color.tif
OK kaa/KAA_КУР-ГОР-0057-03/2026-05-05: /Users/korneev/Desktop/water-regime-gis/outputs/imagery/kaa/KAA_КУР-ГОР-0057-03/2026-05-05/sentinel_true_color.tif
OK kaa/KAA_КУР-ГОР-0057-03/2026-05-07: /Users/korneev/Desktop/water-regime-gis/outputs/imagery/kaa/KAA_КУР-ГОР-0057-03/2026-05-07/sentinel_true_color.tif
OK kaa/KAA_КУР-ГОР-0057-03/2026-05-20: /Users/korneev/Desktop/water-regime-gis/outputs/imagery/kaa/KAA_КУР-ГОР-0057-03/2026-05-20/sentinel_true_color.tif
OK kaa/KAA_КУР-ГОР-0057-03/2026-05-22: /Users/korneev/Desktop/water-regime-gis/outputs/imagery/kaa/KAA_КУР-ГОР-0057-03/2026-05-22/sentinel_true_color.tif
OK kaa/KAA_КУР-ГОР-0057-03/2026-06-08: /Users/korneev/Desktop/water-regime-gis/outputs/imagery/kaa/KAA_КУР-ГОР-0057-03/2026-06-08/sentinel_true_color.tif
OK kaa/KAA_КУР-ГОР-0057-03/2026-06-09: /Users/korneev/Desktop/water-regime-gis/outputs/imagery/kaa/KAA_КУР-ГОР-0057-03/2026-06-09/sentinel_true_color.tif
OK kaa/KAA_КУР-ГОР-0057-03/2026-06-11: /Users/korneev/Desktop/water-regime-gis/outputs/imagery/kaa/KAA_КУР-ГОР-0057-03/2026-06-11/sentinel_true_color.tif
OK kaa/KAA_КУР-ГОР-0057-03/2026-06-18: /Users/korneev/Desktop/water-regime-gis/outputs/imagery/kaa/KAA_КУР-ГОР-0057-03/2026-06-18/sentinel_true_color.tif
OK kaa/KAA_КУР-ГОР-0057-03/2026-07-01: /Users/korneev/Desktop/water-regime-gis/outputs/imagery/kaa/KAA_КУР-ГОР-0057-03/2026-07-01/sentinel_true_color.tif
OK kaa/KAA_КУР-ГОР-0057-03/2026-07-18: /Users/korneev/Desktop/water-regime-gis/outputs/imagery/kaa/KAA_КУР-ГОР-0057-03/2026-07-18/sentinel_true_color.tif
OK kaa/KAA_КУР-ГОР-0057-03/2026-07-19: /Users/korneev/Desktop/water-regime-gis/outputs/imagery/kaa/KAA_КУР-ГОР-0057-03/2026-07-19/sentinel_true_color.tif
OK kaa/KAA_КУР-ГОР-0057-03/2026-07-31: /Users/korneev/Desktop/water-regime-gis/outputs/imagery/kaa/KAA_КУР-ГОР-0057-03/2026-07-31/sentinel_true_color.tif
OK kaa/KAA_КУР-ГОР-0057-03/2026-08-03: /Users/korneev/Desktop/water-regime-gis/outputs/imagery/kaa/KAA_КУР-ГОР-0057-03/2026-08-03/sentinel_true_color.tif
OK kaa/KAA_КУР-ГОР-0057-03/2026-08-07: /Users/korneev/Desktop/water-regime-gis/outputs/imagery/kaa/KAA_КУР-ГОР-0057-03/2026-08-07/sentinel_true_color.tif
OK kaa/KAA_КУР-ГОР-0057-03/2026-08-08: /Users/korneev/Desktop/water-regime-gis/outputs/imagery/kaa/KAA_КУР-ГОР-0057-03/2026-08-08/sentinel_true_color.tif
OK kaa/KAA_КУР-ГОР-0057-03/2026-08-10: /Users/korneev/Desktop/water-regime-gis/outputs/imagery/kaa/KAA_КУР-ГОР-0057-03/2026-08-10/sentinel_true_color.tif
OK kaa/KAA_КУР-СОЛ-0002-02/2026-05-05: /Users/korneev/Desktop/water-regime-gis/outputs/imagery/kaa/KAA_КУР-СОЛ-0002-02/2026-05-05/sentinel_true_color.tif
OK kaa/KAA_КУР-СОЛ-0002-02/2026-05-20: /Users/korneev/Desktop/water-regime-gis/outputs/imagery/kaa/KAA_КУР-СОЛ-0002-02/2026-05-20/sentinel_true_color.tif
OK kaa/KAA_КУР-СОЛ-0002-02/2026-05-22: /Users/korneev/Desktop/water-regime-gis/outputs/imagery/kaa/KAA_КУР-СОЛ-0002-02/2026-05-22/sentinel_true_color.tif
OK kaa/KAA_КУР-СОЛ-0002-02/2026-06-09: /Users/korneev/Desktop/water-regime-gis/outputs/imagery/kaa/KAA_КУР-СОЛ-0002-02/2026-06-09/sentinel_true_color.tif
OK kaa/KAA_КУР-СОЛ-0002-02/2026-06-11: /Users/korneev/Desktop/water-regime-gis/outputs/imagery/kaa/KAA_КУР-СОЛ-0002-02/2026-06-11/sentinel_true_color.tif
OK kaa/KAA_КУР-СОЛ-0002-02/2026-07-01: /Users/korneev/Desktop/water-regime-gis/outputs/imagery/kaa/KAA_КУР-СОЛ-0002-02/2026-07-01/sentinel_true_color.tif
OK kaa/KAA_КУР-СОЛ-0002-02/2026-07-19: /Users/korneev/Desktop/water-regime-gis/outputs/imagery/kaa/KAA_КУР-СОЛ-0002-02/2026-07-19/sentinel_true_color.tif
OK kaa/KAA_КУР-СОЛ-0002-02/2026-07-31: /Users/korneev/Desktop/water-regime-gis/outputs/imagery/kaa/KAA_КУР-СОЛ-0002-02/2026-07-31/sentinel_true_color.tif
OK kaa/KAA_КУР-СОЛ-0002-02/2026-08-03: /Users/korneev/Desktop/water-regime-gis/outputs/imagery/kaa/KAA_КУР-СОЛ-0002-02/2026-08-03/sentinel_true_color.tif
OK kaa/KAA_КУР-СОЛ-0002-02/2026-08-10: /Users/korneev/Desktop/water-regime-gis/outputs/imagery/kaa/KAA_КУР-СОЛ-0002-02/2026-08-10/sentinel_true_color.tif
OK kaa/KAA_КУР-СОЛ-0014-02/2026-05-05: /Users/korneev/Desktop/water-regime-gis/outputs/imagery/kaa/KAA_КУР-СОЛ-0014-02/2026-05-05/sentinel_true_color.tif
OK kaa/KAA_КУР-СОЛ-0014-02/2026-05-20: /Users/korneev/Desktop/water-regime-gis/outputs/imagery/kaa/KAA_КУР-СОЛ-0014-02/2026-05-20/sentinel_true_color.tif
OK kaa/KAA_КУР-СОЛ-0014-02/2026-05-22: /Users/korneev/Desktop/water-regime-gis/outputs/imagery/kaa/KAA_КУР-СОЛ-0014-02/2026-05-22/sentinel_true_color.tif
OK kaa/KAA_КУР-СОЛ-0014-02/2026-06-09: /Users/korneev/Desktop/water-regime-gis/outputs/imagery/kaa/KAA_КУР-СОЛ-0014-02/2026-06-09/sentinel_true_color.tif
OK kaa/KAA_КУР-СОЛ-0014-02/2026-06-11: /Users/korneev/Desktop/water-regime-gis/outputs/imagery/kaa/KAA_КУР-СОЛ-0014-02/2026-06-11/sentinel_true_color.tif
OK kaa/KAA_КУР-СОЛ-0014-02/2026-07-01: /Users/korneev/Desktop/water-regime-gis/outputs/imagery/kaa/KAA_КУР-СОЛ-0014-02/2026-07-01/sentinel_true_color.tif
OK kaa/KAA_КУР-СОЛ-0014-02/2026-07-19: /Users/korneev/Desktop/water-regime-gis/outputs/imagery/kaa/KAA_КУР-СОЛ-0014-02/2026-07-19/sentinel_true_color.tif
OK kaa/KAA_КУР-СОЛ-0014-02/2026-07-31: /Users/korneev/Desktop/water-regime-gis/outputs/imagery/kaa/KAA_КУР-СОЛ-0014-02/2026-07-31/sentinel_true_color.tif
OK kaa/KAA_КУР-СОЛ-0014-02/2026-08-03: /Users/korneev/Desktop/water-regime-gis/outputs/imagery/kaa/KAA_КУР-СОЛ-0014-02/2026-08-03/sentinel_true_color.tif
OK kaa/KAA_КУР-СОЛ-0014-02/2026-08-10: /Users/korneev/Desktop/water-regime-gis/outputs/imagery/kaa/KAA_КУР-СОЛ-0014-02/2026-08-10/sentinel_true_color.tif
OK kaa/KAA_КУР-ГОР-0061-02/2026-04-25: /Users/korneev/Desktop/water-regime-gis/outputs/imagery/kaa/KAA_КУР-ГОР-0061-02/2026-04-25/sentinel_true_color.tif
OK kaa/KAA_КУР-ГОР-0061-02/2026-05-05: /Users/korneev/Desktop/water-regime-gis/outputs/imagery/kaa/KAA_КУР-ГОР-0061-02/2026-05-05/sentinel_true_color.tif
OK kaa/KAA_КУР-ГОР-0061-02/2026-05-07: /Users/korneev/Desktop/water-regime-gis/outputs/imagery/kaa/KAA_КУР-ГОР-0061-02/2026-05-07/sentinel_true_color.tif
OK kaa/KAA_КУР-ГОР-0061-02/2026-05-20: /Users/korneev/Desktop/water-regime-gis/outputs/imagery/kaa/KAA_КУР-ГОР-0061-02/2026-05-20/sentinel_true_color.tif
OK kaa/KAA_КУР-ГОР-0061-02/2026-05-22: /Users/korneev/Desktop/water-regime-gis/outputs/imagery/kaa/KAA_КУР-ГОР-0061-02/2026-05-22/sentinel_true_color.tif
OK kaa/KAA_КУР-ГОР-0061-02/2026-06-08: /Users/korneev/Desktop/water-regime-gis/outputs/imagery/kaa/KAA_КУР-ГОР-0061-02/2026-06-08/sentinel_true_color.tif
OK kaa/KAA_КУР-ГОР-0061-02/2026-06-09: /Users/korneev/Desktop/water-regime-gis/outputs/imagery/kaa/KAA_КУР-ГОР-0061-02/2026-06-09/sentinel_true_color.tif
OK kaa/KAA_КУР-ГОР-0061-02/2026-06-11: /Users/korneev/Desktop/water-regime-gis/outputs/imagery/kaa/KAA_КУР-ГОР-0061-02/2026-06-11/sentinel_true_color.tif
OK kaa/KAA_КУР-ГОР-0061-02/2026-06-18: /Users/korneev/Desktop/water-regime-gis/outputs/imagery/kaa/KAA_КУР-ГОР-0061-02/2026-06-18/sentinel_true_color.tif
OK kaa/KAA_КУР-ГОР-0061-02/2026-07-01: /Users/korneev/Desktop/water-regime-gis/outputs/imagery/kaa/KAA_КУР-ГОР-0061-02/2026-07-01/sentinel_true_color.tif
OK kaa/KAA_КУР-ГОР-0061-02/2026-07-18: /Users/korneev/Desktop/water-regime-gis/outputs/imagery/kaa/KAA_КУР-ГОР-0061-02/2026-07-18/sentinel_true_color.tif
OK kaa/KAA_КУР-ГОР-0061-02/2026-07-19: /Users/korneev/Desktop/water-regime-gis/outputs/imagery/kaa/KAA_КУР-ГОР-0061-02/2026-07-19/sentinel_true_color.tif
OK kaa/KAA_КУР-ГОР-0061-02/2026-07-31: /Users/korneev/Desktop/water-regime-gis/outputs/imagery/kaa/KAA_КУР-ГОР-0061-02/2026-07-31/sentinel_true_color.tif
OK kaa/KAA_КУР-ГОР-0061-02/2026-08-03: /Users/korneev/Desktop/water-regime-gis/outputs/imagery/kaa/KAA_КУР-ГОР-0061-02/2026-08-03/sentinel_true_color.tif
OK kaa/KAA_КУР-ГОР-0061-02/2026-08-07: /Users/korneev/Desktop/water-regime-gis/outputs/imagery/kaa/KAA_КУР-ГОР-0061-02/2026-08-07/sentinel_true_color.tif
OK kaa/KAA_КУР-ГОР-0061-02/2026-08-08: /Users/korneev/Desktop/water-regime-gis/outputs/imagery/kaa/KAA_КУР-ГОР-0061-02/2026-08-08/sentinel_true_color.tif
OK kaa/KAA_КУР-ГОР-0061-02/2026-08-10: /Users/korneev/Desktop/water-regime-gis/outputs/imagery/kaa/KAA_КУР-ГОР-0061-02/2026-08-10/sentinel_true_color.tif
OK kaa/KAA_КУР-ГОР-0062-04/2026-04-12: /Users/korneev/Desktop/water-regime-gis/outputs/imagery/kaa/KAA_КУР-ГОР-0062-04/2026-04-12/sentinel_true_color.tif
OK kaa/KAA_КУР-ГОР-0062-04/2026-04-25: /Users/korneev/Desktop/water-regime-gis/outputs/imagery/kaa/KAA_КУР-ГОР-0062-04/2026-04-25/sentinel_true_color.tif
OK kaa/KAA_КУР-ГОР-0062-04/2026-05-05: /Users/korneev/Desktop/water-regime-gis/outputs/imagery/kaa/KAA_КУР-ГОР-0062-04/2026-05-05/sentinel_true_color.tif
OK kaa/KAA_КУР-ГОР-0062-04/2026-05-07: /Users/korneev/Desktop/water-regime-gis/outputs/imagery/kaa/KAA_КУР-ГОР-0062-04/2026-05-07/sentinel_true_color.tif
OK kaa/KAA_КУР-ГОР-0062-04/2026-05-09: /Users/korneev/Desktop/water-regime-gis/outputs/imagery/kaa/KAA_КУР-ГОР-0062-04/2026-05-09/sentinel_true_color.tif
OK kaa/KAA_КУР-ГОР-0062-04/2026-05-20: /Users/korneev/Desktop/water-regime-gis/outputs/imagery/kaa/KAA_КУР-ГОР-0062-04/2026-05-20/sentinel_true_color.tif
OK kaa/KAA_КУР-ГОР-0062-04/2026-05-22: /Users/korneev/Desktop/water-regime-gis/outputs/imagery/kaa/KAA_КУР-ГОР-0062-04/2026-05-22/sentinel_true_color.tif
OK kaa/KAA_КУР-ГОР-0062-04/2026-06-06: /Users/korneev/Desktop/water-regime-gis/outputs/imagery/kaa/KAA_КУР-ГОР-0062-04/2026-06-06/sentinel_true_color.tif
OK kaa/KAA_КУР-ГОР-0062-04/2026-06-08: /Users/korneev/Desktop/water-regime-gis/outputs/imagery/kaa/KAA_КУР-ГОР-0062-04/2026-06-08/sentinel_true_color.tif
OK kaa/KAA_КУР-ГОР-0062-04/2026-06-09: /Users/korneev/Desktop/water-regime-gis/outputs/imagery/kaa/KAA_КУР-ГОР-0062-04/2026-06-09/sentinel_true_color.tif
OK kaa/KAA_КУР-ГОР-0062-04/2026-06-11: /Users/korneev/Desktop/water-regime-gis/outputs/imagery/kaa/KAA_КУР-ГОР-0062-04/2026-06-11/sentinel_true_color.tif
OK kaa/KAA_КУР-ГОР-0062-04/2026-06-24: /Users/korneev/Desktop/water-regime-gis/outputs/imagery/kaa/KAA_КУР-ГОР-0062-04/2026-06-24/sentinel_true_color.tif
OK kaa/KAA_КУР-ГОР-0062-04/2026-07-08: /Users/korneev/Desktop/water-regime-gis/outputs/imagery/kaa/KAA_КУР-ГОР-0062-04/2026-07-08/sentinel_true_color.tif
OK kaa/KAA_КУР-ГОР-0062-04/2026-07-18: /Users/korneev/Desktop/water-regime-gis/outputs/imagery/kaa/KAA_КУР-ГОР-0062-04/2026-07-18/sentinel_true_color.tif
ERROR kaa/KAA_КУР-ГОР-0062-04/2026-07-19: HTTP Error 429: Too Many Requests
OK kaa/KAA_КУР-ГОР-0062-04/2026-07-31: /Users/korneev/Desktop/water-regime-gis/outputs/imagery/kaa/KAA_КУР-ГОР-0062-04/2026-07-31/sentinel_true_color.tif
OK kaa/KAA_КУР-ГОР-0062-04/2026-08-03: /Users/korneev/Desktop/water-regime-gis/outputs/imagery/kaa/KAA_КУР-ГОР-0062-04/2026-08-03/sentinel_true_color.tif
ERROR kaa/KAA_КУР-ГОР-0062-04/2026-08-05: HTTP Error 429: Too Many Requests
OK kaa/KAA_КУР-ГОР-0062-04/2026-08-07: /Users/korneev/Desktop/water-regime-gis/outputs/imagery/kaa/KAA_КУР-ГОР-0062-04/2026-08-07/sentinel_true_color.tif
OK kaa/KAA_КУР-ГОР-0062-04/2026-08-08: /Users/korneev/Desktop/water-regime-gis/outputs/imagery/kaa/KAA_КУР-ГОР-0062-04/2026-08-08/sentinel_true_color.tif
OK kaa/KAA_КУР-ГОР-0062-04/2026-08-10: /Users/korneev/Desktop/water-regime-gis/outputs/imagery/kaa/KAA_КУР-ГОР-0062-04/2026-08-10/sentinel_true_color.tif
OK kaa/KAA_КУР-ГОР-0062-03/2026-04-12: /Users/korneev/Desktop/water-regime-gis/outputs/imagery/kaa/KAA_КУР-ГОР-0062-03/2026-04-12/sentinel_true_color.tif
OK kaa/KAA_КУР-ГОР-0062-03/2026-04-25: /Users/korneev/Desktop/water-regime-gis/outputs/imagery/kaa/KAA_КУР-ГОР-0062-03/2026-04-25/sentinel_true_color.tif
OK kaa/KAA_КУР-ГОР-0062-03/2026-05-05: /Users/korneev/Desktop/water-regime-gis/outputs/imagery/kaa/KAA_КУР-ГОР-0062-03/2026-05-05/sentinel_true_color.tif
OK kaa/KAA_КУР-ГОР-0062-03/2026-05-07: /Users/korneev/Desktop/water-regime-gis/outputs/imagery/kaa/KAA_КУР-ГОР-0062-03/2026-05-07/sentinel_true_color.tif
OK kaa/KAA_КУР-ГОР-0062-03/2026-05-09: /Users/korneev/Desktop/water-regime-gis/outputs/imagery/kaa/KAA_КУР-ГОР-0062-03/2026-05-09/sentinel_true_color.tif
OK kaa/KAA_КУР-ГОР-0062-03/2026-05-20: /Users/korneev/Desktop/water-regime-gis/outputs/imagery/kaa/KAA_КУР-ГОР-0062-03/2026-05-20/sentinel_true_color.tif
OK kaa/KAA_КУР-ГОР-0062-03/2026-05-22: /Users/korneev/Desktop/water-regime-gis/outputs/imagery/kaa/KAA_КУР-ГОР-0062-03/2026-05-22/sentinel_true_color.tif
OK kaa/KAA_КУР-ГОР-0062-03/2026-06-06: /Users/korneev/Desktop/water-regime-gis/outputs/imagery/kaa/KAA_КУР-ГОР-0062-03/2026-06-06/sentinel_true_color.tif
OK kaa/KAA_КУР-ГОР-0062-03/2026-06-08: /Users/korneev/Desktop/water-regime-gis/outputs/imagery/kaa/KAA_КУР-ГОР-0062-03/2026-06-08/sentinel_true_color.tif
OK kaa/KAA_КУР-ГОР-0062-03/2026-06-09: /Users/korneev/Desktop/water-regime-gis/outputs/imagery/kaa/KAA_КУР-ГОР-0062-03/2026-06-09/sentinel_true_color.tif
OK kaa/KAA_КУР-ГОР-0062-03/2026-06-11: /Users/korneev/Desktop/water-regime-gis/outputs/imagery/kaa/KAA_КУР-ГОР-0062-03/2026-06-11/sentinel_true_color.tif
OK kaa/KAA_КУР-ГОР-0062-03/2026-06-24: /Users/korneev/Desktop/water-regime-gis/outputs/imagery/kaa/KAA_КУР-ГОР-0062-03/2026-06-24/sentinel_true_color.tif
OK kaa/KAA_КУР-ГОР-0062-03/2026-07-08: /Users/korneev/Desktop/water-regime-gis/outputs/imagery/kaa/KAA_КУР-ГОР-0062-03/2026-07-08/sentinel_true_color.tif
OK kaa/KAA_КУР-ГОР-0062-03/2026-07-18: /Users/korneev/Desktop/water-regime-gis/outputs/imagery/kaa/KAA_КУР-ГОР-0062-03/2026-07-18/sentinel_true_color.tif
OK kaa/KAA_КУР-ГОР-0062-03/2026-07-19: /Users/korneev/Desktop/water-regime-gis/outputs/imagery/kaa/KAA_КУР-ГОР-0062-03/2026-07-19/sentinel_true_color.tif
OK kaa/KAA_КУР-ГОР-0062-03/2026-07-31: /Users/korneev/Desktop/water-regime-gis/outputs/imagery/kaa/KAA_КУР-ГОР-0062-03/2026-07-31/sentinel_true_color.tif
OK kaa/KAA_КУР-ГОР-0062-03/2026-08-03: /Users/korneev/Desktop/water-regime-gis/outputs/imagery/kaa/KAA_КУР-ГОР-0062-03/2026-08-03/sentinel_true_color.tif
OK kaa/KAA_КУР-ГОР-0062-03/2026-08-05: /Users/korneev/Desktop/water-regime-gis/outputs/imagery/kaa/KAA_КУР-ГОР-0062-03/2026-08-05/sentinel_true_color.tif
OK kaa/KAA_КУР-ГОР-0062-03/2026-08-07: /Users/korneev/Desktop/water-regime-gis/outputs/imagery/kaa/KAA_КУР-ГОР-0062-03/2026-08-07/sentinel_true_color.tif
OK kaa/KAA_КУР-ГОР-0062-03/2026-08-08: /Users/korneev/Desktop/water-regime-gis/outputs/imagery/kaa/KAA_КУР-ГОР-0062-03/2026-08-08/sentinel_true_color.tif
OK kaa/KAA_КУР-ГОР-0062-03/2026-08-10: /Users/korneev/Desktop/water-regime-gis/outputs/imagery/kaa/KAA_КУР-ГОР-0062-03/2026-08-10/sentinel_true_color.tif
OK kaa/KAA_КУР-ГОР-0062-05-3/2026-04-25: /Users/korneev/Desktop/water-regime-gis/outputs/imagery/kaa/KAA_КУР-ГОР-0062-05-3/2026-04-25/sentinel_true_color.tif
OK kaa/KAA_КУР-ГОР-0062-05-3/2026-05-05: /Users/korneev/Desktop/water-regime-gis/outputs/imagery/kaa/KAA_КУР-ГОР-0062-05-3/2026-05-05/sentinel_true_color.tif
OK kaa/KAA_КУР-ГОР-0062-05-3/2026-05-07: /Users/korneev/Desktop/water-regime-gis/outputs/imagery/kaa/KAA_КУР-ГОР-0062-05-3/2026-05-07/sentinel_true_color.tif
OK kaa/KAA_КУР-ГОР-0062-05-3/2026-05-22: /Users/korneev/Desktop/water-regime-gis/outputs/imagery/kaa/KAA_КУР-ГОР-0062-05-3/2026-05-22/sentinel_true_color.tif
OK kaa/KAA_КУР-ГОР-0062-05-3/2026-06-08: /Users/korneev/Desktop/water-regime-gis/outputs/imagery/kaa/KAA_КУР-ГОР-0062-05-3/2026-06-08/sentinel_true_color.tif
OK kaa/KAA_КУР-ГОР-0062-05-3/2026-06-11: /Users/korneev/Desktop/water-regime-gis/outputs/imagery/kaa/KAA_КУР-ГОР-0062-05-3/2026-06-11/sentinel_true_color.tif
OK kaa/KAA_КУР-ГОР-0062-05-3/2026-07-18: /Users/korneev/Desktop/water-regime-gis/outputs/imagery/kaa/KAA_КУР-ГОР-0062-05-3/2026-07-18/sentinel_true_color.tif
OK kaa/KAA_КУР-ГОР-0062-05-3/2026-07-19: /Users/korneev/Desktop/water-regime-gis/outputs/imagery/kaa/KAA_КУР-ГОР-0062-05-3/2026-07-19/sentinel_true_color.tif
OK kaa/KAA_КУР-ГОР-0062-05-3/2026-08-03: /Users/korneev/Desktop/water-regime-gis/outputs/imagery/kaa/KAA_КУР-ГОР-0062-05-3/2026-08-03/sentinel_true_color.tif
OK kaa/KAA_КУР-ГОР-0062-05-3/2026-08-07: /Users/korneev/Desktop/water-regime-gis/outputs/imagery/kaa/KAA_КУР-ГОР-0062-05-3/2026-08-07/sentinel_true_color.tif
OK kaa/KAA_КУР-ГОР-0062-05-3/2026-08-08: /Users/korneev/Desktop/water-regime-gis/outputs/imagery/kaa/KAA_КУР-ГОР-0062-05-3/2026-08-08/sentinel_true_color.tif
OK kaa/KAA_КУР-ГОР-0062-05-3/2026-08-10: /Users/korneev/Desktop/water-regime-gis/outputs/imagery/kaa/KAA_КУР-ГОР-0062-05-3/2026-08-10/sentinel_true_color.tif
OK kaa/KAA_КУР-СОЛ-0021-02/2026-05-05: /Users/korneev/Desktop/water-regime-gis/outputs/imagery/kaa/KAA_КУР-СОЛ-0021-02/2026-05-05/sentinel_true_color.tif
OK kaa/KAA_КУР-СОЛ-0021-02/2026-05-20: /Users/korneev/Desktop/water-regime-gis/outputs/imagery/kaa/KAA_КУР-СОЛ-0021-02/2026-05-20/sentinel_true_color.tif
OK kaa/KAA_КУР-СОЛ-0021-02/2026-05-22: /Users/korneev/Desktop/water-regime-gis/outputs/imagery/kaa/KAA_КУР-СОЛ-0021-02/2026-05-22/sentinel_true_color.tif
OK kaa/KAA_КУР-СОЛ-0021-02/2026-06-09: /Users/korneev/Desktop/water-regime-gis/outputs/imagery/kaa/KAA_КУР-СОЛ-0021-02/2026-06-09/sentinel_true_color.tif
OK kaa/KAA_КУР-СОЛ-0021-02/2026-06-11: /Users/korneev/Desktop/water-regime-gis/outputs/imagery/kaa/KAA_КУР-СОЛ-0021-02/2026-06-11/sentinel_true_color.tif
OK kaa/KAA_КУР-СОЛ-0021-02/2026-07-01: /Users/korneev/Desktop/water-regime-gis/outputs/imagery/kaa/KAA_КУР-СОЛ-0021-02/2026-07-01/sentinel_true_color.tif
OK kaa/KAA_КУР-СОЛ-0021-02/2026-07-19: /Users/korneev/Desktop/water-regime-gis/outputs/imagery/kaa/KAA_КУР-СОЛ-0021-02/2026-07-19/sentinel_true_color.tif
OK kaa/KAA_КУР-СОЛ-0021-02/2026-07-31: /Users/korneev/Desktop/water-regime-gis/outputs/imagery/kaa/KAA_КУР-СОЛ-0021-02/2026-07-31/sentinel_true_color.tif
OK kaa/KAA_КУР-СОЛ-0021-02/2026-08-03: /Users/korneev/Desktop/water-regime-gis/outputs/imagery/kaa/KAA_КУР-СОЛ-0021-02/2026-08-03/sentinel_true_color.tif
OK kaa/KAA_КУР-СОЛ-0021-02/2026-08-10: /Users/korneev/Desktop/water-regime-gis/outputs/imagery/kaa/KAA_КУР-СОЛ-0021-02/2026-08-10/sentinel_true_color.tif
OK kaa/KAA_КУР-СОЛ-0036-02/2026-05-05: /Users/korneev/Desktop/water-regime-gis/outputs/imagery/kaa/KAA_КУР-СОЛ-0036-02/2026-05-05/sentinel_true_color.tif
OK kaa/KAA_КУР-СОЛ-0036-02/2026-05-20: /Users/korneev/Desktop/water-regime-gis/outputs/imagery/kaa/KAA_КУР-СОЛ-0036-02/2026-05-20/sentinel_true_color.tif
OK kaa/KAA_КУР-СОЛ-0036-02/2026-05-22: /Users/korneev/Desktop/water-regime-gis/outputs/imagery/kaa/KAA_КУР-СОЛ-0036-02/2026-05-22/sentinel_true_color.tif
OK kaa/KAA_КУР-СОЛ-0036-02/2026-06-09: /Users/korneev/Desktop/water-regime-gis/outputs/imagery/kaa/KAA_КУР-СОЛ-0036-02/2026-06-09/sentinel_true_color.tif
OK kaa/KAA_КУР-СОЛ-0036-02/2026-06-11: /Users/korneev/Desktop/water-regime-gis/outputs/imagery/kaa/KAA_КУР-СОЛ-0036-02/2026-06-11/sentinel_true_color.tif
OK kaa/KAA_КУР-СОЛ-0036-02/2026-07-01: /Users/korneev/Desktop/water-regime-gis/outputs/imagery/kaa/KAA_КУР-СОЛ-0036-02/2026-07-01/sentinel_true_color.tif
OK kaa/KAA_КУР-СОЛ-0036-02/2026-07-19: /Users/korneev/Desktop/water-regime-gis/outputs/imagery/kaa/KAA_КУР-СОЛ-0036-02/2026-07-19/sentinel_true_color.tif
OK kaa/KAA_КУР-СОЛ-0036-02/2026-07-31: /Users/korneev/Desktop/water-regime-gis/outputs/imagery/kaa/KAA_КУР-СОЛ-0036-02/2026-07-31/sentinel_true_color.tif
OK kaa/KAA_КУР-СОЛ-0036-02/2026-08-03: /Users/korneev/Desktop/water-regime-gis/outputs/imagery/kaa/KAA_КУР-СОЛ-0036-02/2026-08-03/sentinel_true_color.tif
OK kaa/KAA_КУР-СОЛ-0036-02/2026-08-10: /Users/korneev/Desktop/water-regime-gis/outputs/imagery/kaa/KAA_КУР-СОЛ-0036-02/2026-08-10/sentinel_true_color.tif
OK kaa/KAA_КУР-ГОР-0059-03/2026-04-25: /Users/korneev/Desktop/water-regime-gis/outputs/imagery/kaa/KAA_КУР-ГОР-0059-03/2026-04-25/sentinel_true_color.tif
OK kaa/KAA_КУР-ГОР-0059-03/2026-05-05: /Users/korneev/Desktop/water-regime-gis/outputs/imagery/kaa/KAA_КУР-ГОР-0059-03/2026-05-05/sentinel_true_color.tif
OK kaa/KAA_КУР-ГОР-0059-03/2026-05-07: /Users/korneev/Desktop/water-regime-gis/outputs/imagery/kaa/KAA_КУР-ГОР-0059-03/2026-05-07/sentinel_true_color.tif
OK kaa/KAA_КУР-ГОР-0059-03/2026-05-20: /Users/korneev/Desktop/water-regime-gis/outputs/imagery/kaa/KAA_КУР-ГОР-0059-03/2026-05-20/sentinel_true_color.tif
OK kaa/KAA_КУР-ГОР-0059-03/2026-05-22: /Users/korneev/Desktop/water-regime-gis/outputs/imagery/kaa/KAA_КУР-ГОР-0059-03/2026-05-22/sentinel_true_color.tif
OK kaa/KAA_КУР-ГОР-0059-03/2026-06-08: /Users/korneev/Desktop/water-regime-gis/outputs/imagery/kaa/KAA_КУР-ГОР-0059-03/2026-06-08/sentinel_true_color.tif
OK kaa/KAA_КУР-ГОР-0059-03/2026-06-09: /Users/korneev/Desktop/water-regime-gis/outputs/imagery/kaa/KAA_КУР-ГОР-0059-03/2026-06-09/sentinel_true_color.tif
OK kaa/KAA_КУР-ГОР-0059-03/2026-06-11: /Users/korneev/Desktop/water-regime-gis/outputs/imagery/kaa/KAA_КУР-ГОР-0059-03/2026-06-11/sentinel_true_color.tif
OK kaa/KAA_КУР-ГОР-0059-03/2026-06-18: /Users/korneev/Desktop/water-regime-gis/outputs/imagery/kaa/KAA_КУР-ГОР-0059-03/2026-06-18/sentinel_true_color.tif
OK kaa/KAA_КУР-ГОР-0059-03/2026-07-01: /Users/korneev/Desktop/water-regime-gis/outputs/imagery/kaa/KAA_КУР-ГОР-0059-03/2026-07-01/sentinel_true_color.tif
OK kaa/KAA_КУР-ГОР-0059-03/2026-07-18: /Users/korneev/Desktop/water-regime-gis/outputs/imagery/kaa/KAA_КУР-ГОР-0059-03/2026-07-18/sentinel_true_color.tif
OK kaa/KAA_КУР-ГОР-0059-03/2026-07-19: /Users/korneev/Desktop/water-regime-gis/outputs/imagery/kaa/KAA_КУР-ГОР-0059-03/2026-07-19/sentinel_true_color.tif
OK kaa/KAA_КУР-ГОР-0059-03/2026-07-31: /Users/korneev/Desktop/water-regime-gis/outputs/imagery/kaa/KAA_КУР-ГОР-0059-03/2026-07-31/sentinel_true_color.tif
OK kaa/KAA_КУР-ГОР-0059-03/2026-08-03: /Users/korneev/Desktop/water-regime-gis/outputs/imagery/kaa/KAA_КУР-ГОР-0059-03/2026-08-03/sentinel_true_color.tif
OK kaa/KAA_КУР-ГОР-0059-03/2026-08-07: /Users/korneev/Desktop/water-regime-gis/outputs/imagery/kaa/KAA_КУР-ГОР-0059-03/2026-08-07/sentinel_true_color.tif
OK kaa/KAA_КУР-ГОР-0059-03/2026-08-08: /Users/korneev/Desktop/water-regime-gis/outputs/imagery/kaa/KAA_КУР-ГОР-0059-03/2026-08-08/sentinel_true_color.tif
OK kaa/KAA_КУР-ГОР-0059-03/2026-08-10: /Users/korneev/Desktop/water-regime-gis/outputs/imagery/kaa/KAA_КУР-ГОР-0059-03/2026-08-10/sentinel_true_color.tif
OK kaa/KAA_КУР-СОЛ-0036-03/2026-05-05: /Users/korneev/Desktop/water-regime-gis/outputs/imagery/kaa/KAA_КУР-СОЛ-0036-03/2026-05-05/sentinel_true_color.tif
OK kaa/KAA_КУР-СОЛ-0036-03/2026-05-20: /Users/korneev/Desktop/water-regime-gis/outputs/imagery/kaa/KAA_КУР-СОЛ-0036-03/2026-05-20/sentinel_true_color.tif
OK kaa/KAA_КУР-СОЛ-0036-03/2026-05-22: /Users/korneev/Desktop/water-regime-gis/outputs/imagery/kaa/KAA_КУР-СОЛ-0036-03/2026-05-22/sentinel_true_color.tif
OK kaa/KAA_КУР-СОЛ-0036-03/2026-06-09: /Users/korneev/Desktop/water-regime-gis/outputs/imagery/kaa/KAA_КУР-СОЛ-0036-03/2026-06-09/sentinel_true_color.tif
OK kaa/KAA_КУР-СОЛ-0036-03/2026-06-11: /Users/korneev/Desktop/water-regime-gis/outputs/imagery/kaa/KAA_КУР-СОЛ-0036-03/2026-06-11/sentinel_true_color.tif
OK kaa/KAA_КУР-СОЛ-0036-03/2026-07-01: /Users/korneev/Desktop/water-regime-gis/outputs/imagery/kaa/KAA_КУР-СОЛ-0036-03/2026-07-01/sentinel_true_color.tif
OK kaa/KAA_КУР-СОЛ-0036-03/2026-07-19: /Users/korneev/Desktop/water-regime-gis/outputs/imagery/kaa/KAA_КУР-СОЛ-0036-03/2026-07-19/sentinel_true_color.tif
OK kaa/KAA_КУР-СОЛ-0036-03/2026-07-31: /Users/korneev/Desktop/water-regime-gis/outputs/imagery/kaa/KAA_КУР-СОЛ-0036-03/2026-07-31/sentinel_true_color.tif
OK kaa/KAA_КУР-СОЛ-0036-03/2026-08-03: /Users/korneev/Desktop/water-regime-gis/outputs/imagery/kaa/KAA_КУР-СОЛ-0036-03/2026-08-03/sentinel_true_color.tif
OK kaa/KAA_КУР-СОЛ-0036-03/2026-08-10: /Users/korneev/Desktop/water-regime-gis/outputs/imagery/kaa/KAA_КУР-СОЛ-0036-03/2026-08-10/sentinel_true_color.tif
OK kaa/KAA_КУР-ГОР-0061-03/2026-04-25: /Users/korneev/Desktop/water-regime-gis/outputs/imagery/kaa/KAA_КУР-ГОР-0061-03/2026-04-25/sentinel_true_color.tif
OK kaa/KAA_КУР-ГОР-0061-03/2026-05-05: /Users/korneev/Desktop/water-regime-gis/outputs/imagery/kaa/KAA_КУР-ГОР-0061-03/2026-05-05/sentinel_true_color.tif
OK kaa/KAA_КУР-ГОР-0061-03/2026-05-07: /Users/korneev/Desktop/water-regime-gis/outputs/imagery/kaa/KAA_КУР-ГОР-0061-03/2026-05-07/sentinel_true_color.tif
OK kaa/KAA_КУР-ГОР-0061-03/2026-05-22: /Users/korneev/Desktop/water-regime-gis/outputs/imagery/kaa/KAA_КУР-ГОР-0061-03/2026-05-22/sentinel_true_color.tif
OK kaa/KAA_КУР-ГОР-0061-03/2026-06-08: /Users/korneev/Desktop/water-regime-gis/outputs/imagery/kaa/KAA_КУР-ГОР-0061-03/2026-06-08/sentinel_true_color.tif
OK kaa/KAA_КУР-ГОР-0061-03/2026-06-11: /Users/korneev/Desktop/water-regime-gis/outputs/imagery/kaa/KAA_КУР-ГОР-0061-03/2026-06-11/sentinel_true_color.tif
OK kaa/KAA_КУР-ГОР-0061-03/2026-07-18: /Users/korneev/Desktop/water-regime-gis/outputs/imagery/kaa/KAA_КУР-ГОР-0061-03/2026-07-18/sentinel_true_color.tif
OK kaa/KAA_КУР-ГОР-0061-03/2026-07-19: /Users/korneev/Desktop/water-regime-gis/outputs/imagery/kaa/KAA_КУР-ГОР-0061-03/2026-07-19/sentinel_true_color.tif
OK kaa/KAA_КУР-ГОР-0061-03/2026-08-03: /Users/korneev/Desktop/water-regime-gis/outputs/imagery/kaa/KAA_КУР-ГОР-0061-03/2026-08-03/sentinel_true_color.tif
OK kaa/KAA_КУР-ГОР-0061-03/2026-08-07: /Users/korneev/Desktop/water-regime-gis/outputs/imagery/kaa/KAA_КУР-ГОР-0061-03/2026-08-07/sentinel_true_color.tif
OK kaa/KAA_КУР-ГОР-0061-03/2026-08-08: /Users/korneev/Desktop/water-regime-gis/outputs/imagery/kaa/KAA_КУР-ГОР-0061-03/2026-08-08/sentinel_true_color.tif
OK kaa/KAA_КУР-ГОР-0061-03/2026-08-10: /Users/korneev/Desktop/water-regime-gis/outputs/imagery/kaa/KAA_КУР-ГОР-0061-03/2026-08-10/sentinel_true_color.tif
OK kaa/KAA_КУР-СОЛ-0013-02/2026-05-05: /Users/korneev/Desktop/water-regime-gis/outputs/imagery/kaa/KAA_КУР-СОЛ-0013-02/2026-05-05/sentinel_true_color.tif
OK kaa/KAA_КУР-СОЛ-0013-02/2026-05-20: /Users/korneev/Desktop/water-regime-gis/outputs/imagery/kaa/KAA_КУР-СОЛ-0013-02/2026-05-20/sentinel_true_color.tif
OK kaa/KAA_КУР-СОЛ-0013-02/2026-05-22: /Users/korneev/Desktop/water-regime-gis/outputs/imagery/kaa/KAA_КУР-СОЛ-0013-02/2026-05-22/sentinel_true_color.tif
OK kaa/KAA_КУР-СОЛ-0013-02/2026-06-09: /Users/korneev/Desktop/water-regime-gis/outputs/imagery/kaa/KAA_КУР-СОЛ-0013-02/2026-06-09/sentinel_true_color.tif
OK kaa/KAA_КУР-СОЛ-0013-02/2026-06-11: /Users/korneev/Desktop/water-regime-gis/outputs/imagery/kaa/KAA_КУР-СОЛ-0013-02/2026-06-11/sentinel_true_color.tif
OK kaa/KAA_КУР-СОЛ-0013-02/2026-07-01: /Users/korneev/Desktop/water-regime-gis/outputs/imagery/kaa/KAA_КУР-СОЛ-0013-02/2026-07-01/sentinel_true_color.tif
OK kaa/KAA_КУР-СОЛ-0013-02/2026-07-19: /Users/korneev/Desktop/water-regime-gis/outputs/imagery/kaa/KAA_КУР-СОЛ-0013-02/2026-07-19/sentinel_true_color.tif
OK kaa/KAA_КУР-СОЛ-0013-02/2026-07-31: /Users/korneev/Desktop/water-regime-gis/outputs/imagery/kaa/KAA_КУР-СОЛ-0013-02/2026-07-31/sentinel_true_color.tif
OK kaa/KAA_КУР-СОЛ-0013-02/2026-08-03: /Users/korneev/Desktop/water-regime-gis/outputs/imagery/kaa/KAA_КУР-СОЛ-0013-02/2026-08-03/sentinel_true_color.tif
OK kaa/KAA_КУР-СОЛ-0013-02/2026-08-10: /Users/korneev/Desktop/water-regime-gis/outputs/imagery/kaa/KAA_КУР-СОЛ-0013-02/2026-08-10/sentinel_true_color.tif
OK kaa/KAA_КУР-СОЛ-0031-2/2026-05-05: /Users/korneev/Desktop/water-regime-gis/outputs/imagery/kaa/KAA_КУР-СОЛ-0031-2/2026-05-05/sentinel_true_color.tif
OK kaa/KAA_КУР-СОЛ-0031-2/2026-05-20: /Users/korneev/Desktop/water-regime-gis/outputs/imagery/kaa/KAA_КУР-СОЛ-0031-2/2026-05-20/sentinel_true_color.tif
OK kaa/KAA_КУР-СОЛ-0031-2/2026-05-22: /Users/korneev/Desktop/water-regime-gis/outputs/imagery/kaa/KAA_КУР-СОЛ-0031-2/2026-05-22/sentinel_true_color.tif
OK kaa/KAA_КУР-СОЛ-0031-2/2026-06-09: /Users/korneev/Desktop/water-regime-gis/outputs/imagery/kaa/KAA_КУР-СОЛ-0031-2/2026-06-09/sentinel_true_color.tif
OK kaa/KAA_КУР-СОЛ-0031-2/2026-06-11: /Users/korneev/Desktop/water-regime-gis/outputs/imagery/kaa/KAA_КУР-СОЛ-0031-2/2026-06-11/sentinel_true_color.tif
OK kaa/KAA_КУР-СОЛ-0031-2/2026-07-01: /Users/korneev/Desktop/water-regime-gis/outputs/imagery/kaa/KAA_КУР-СОЛ-0031-2/2026-07-01/sentinel_true_color.tif
OK kaa/KAA_КУР-СОЛ-0031-2/2026-07-19: /Users/korneev/Desktop/water-regime-gis/outputs/imagery/kaa/KAA_КУР-СОЛ-0031-2/2026-07-19/sentinel_true_color.tif
OK kaa/KAA_КУР-СОЛ-0031-2/2026-07-31: /Users/korneev/Desktop/water-regime-gis/outputs/imagery/kaa/KAA_КУР-СОЛ-0031-2/2026-07-31/sentinel_true_color.tif
OK kaa/KAA_КУР-СОЛ-0031-2/2026-08-03: /Users/korneev/Desktop/water-regime-gis/outputs/imagery/kaa/KAA_КУР-СОЛ-0031-2/2026-08-03/sentinel_true_color.tif
OK kaa/KAA_КУР-СОЛ-0031-2/2026-08-10: /Users/korneev/Desktop/water-regime-gis/outputs/imagery/kaa/KAA_КУР-СОЛ-0031-2/2026-08-10/sentinel_true_color.tif
OK kaa/KAA_КУР-ГОР-0031-2/2026-04-12: /Users/korneev/Desktop/water-regime-gis/outputs/imagery/kaa/KAA_КУР-ГОР-0031-2/2026-04-12/sentinel_true_color.tif
OK kaa/KAA_КУР-ГОР-0031-2/2026-04-25: /Users/korneev/Desktop/water-regime-gis/outputs/imagery/kaa/KAA_КУР-ГОР-0031-2/2026-04-25/sentinel_true_color.tif
OK kaa/KAA_КУР-ГОР-0031-2/2026-05-05: /Users/korneev/Desktop/water-regime-gis/outputs/imagery/kaa/KAA_КУР-ГОР-0031-2/2026-05-05/sentinel_true_color.tif
OK kaa/KAA_КУР-ГОР-0031-2/2026-05-07: /Users/korneev/Desktop/water-regime-gis/outputs/imagery/kaa/KAA_КУР-ГОР-0031-2/2026-05-07/sentinel_true_color.tif
OK kaa/KAA_КУР-ГОР-0031-2/2026-05-09: /Users/korneev/Desktop/water-regime-gis/outputs/imagery/kaa/KAA_КУР-ГОР-0031-2/2026-05-09/sentinel_true_color.tif
OK kaa/KAA_КУР-ГОР-0031-2/2026-05-20: /Users/korneev/Desktop/water-regime-gis/outputs/imagery/kaa/KAA_КУР-ГОР-0031-2/2026-05-20/sentinel_true_color.tif
OK kaa/KAA_КУР-ГОР-0031-2/2026-05-22: /Users/korneev/Desktop/water-regime-gis/outputs/imagery/kaa/KAA_КУР-ГОР-0031-2/2026-05-22/sentinel_true_color.tif
OK kaa/KAA_КУР-ГОР-0031-2/2026-06-06: /Users/korneev/Desktop/water-regime-gis/outputs/imagery/kaa/KAA_КУР-ГОР-0031-2/2026-06-06/sentinel_true_color.tif
OK kaa/KAA_КУР-ГОР-0031-2/2026-06-08: /Users/korneev/Desktop/water-regime-gis/outputs/imagery/kaa/KAA_КУР-ГОР-0031-2/2026-06-08/sentinel_true_color.tif
OK kaa/KAA_КУР-ГОР-0031-2/2026-06-09: /Users/korneev/Desktop/water-regime-gis/outputs/imagery/kaa/KAA_КУР-ГОР-0031-2/2026-06-09/sentinel_true_color.tif
OK kaa/KAA_КУР-ГОР-0031-2/2026-06-11: /Users/korneev/Desktop/water-regime-gis/outputs/imagery/kaa/KAA_КУР-ГОР-0031-2/2026-06-11/sentinel_true_color.tif
OK kaa/KAA_КУР-ГОР-0031-2/2026-06-24: /Users/korneev/Desktop/water-regime-gis/outputs/imagery/kaa/KAA_КУР-ГОР-0031-2/2026-06-24/sentinel_true_color.tif
OK kaa/KAA_КУР-ГОР-0031-2/2026-07-08: /Users/korneev/Desktop/water-regime-gis/outputs/imagery/kaa/KAA_КУР-ГОР-0031-2/2026-07-08/sentinel_true_color.tif
OK kaa/KAA_КУР-ГОР-0031-2/2026-07-18: /Users/korneev/Desktop/water-regime-gis/outputs/imagery/kaa/KAA_КУР-ГОР-0031-2/2026-07-18/sentinel_true_color.tif
OK kaa/KAA_КУР-ГОР-0031-2/2026-07-19: /Users/korneev/Desktop/water-regime-gis/outputs/imagery/kaa/KAA_КУР-ГОР-0031-2/2026-07-19/sentinel_true_color.tif
OK kaa/KAA_КУР-ГОР-0031-2/2026-07-31: /Users/korneev/Desktop/water-regime-gis/outputs/imagery/kaa/KAA_КУР-ГОР-0031-2/2026-07-31/sentinel_true_color.tif
OK kaa/KAA_КУР-ГОР-0031-2/2026-08-03: /Users/korneev/Desktop/water-regime-gis/outputs/imagery/kaa/KAA_КУР-ГОР-0031-2/2026-08-03/sentinel_true_color.tif
OK kaa/KAA_КУР-ГОР-0031-2/2026-08-05: /Users/korneev/Desktop/water-regime-gis/outputs/imagery/kaa/KAA_КУР-ГОР-0031-2/2026-08-05/sentinel_true_color.tif
OK kaa/KAA_КУР-ГОР-0031-2/2026-08-07: /Users/korneev/Desktop/water-regime-gis/outputs/imagery/kaa/KAA_КУР-ГОР-0031-2/2026-08-07/sentinel_true_color.tif
OK kaa/KAA_КУР-ГОР-0031-2/2026-08-08: /Users/korneev/Desktop/water-regime-gis/outputs/imagery/kaa/KAA_КУР-ГОР-0031-2/2026-08-08/sentinel_true_color.tif
OK kaa/KAA_КУР-ГОР-0031-2/2026-08-10: /Users/korneev/Desktop/water-regime-gis/outputs/imagery/kaa/KAA_КУР-ГОР-0031-2/2026-08-10/sentinel_true_color.tif
OK kaa/KAA_КУР-ГОР-0059-02-3/2026-04-25: /Users/korneev/Desktop/water-regime-gis/outputs/imagery/kaa/KAA_КУР-ГОР-0059-02-3/2026-04-25/sentinel_true_color.tif
OK kaa/KAA_КУР-ГОР-0059-02-3/2026-05-05: /Users/korneev/Desktop/water-regime-gis/outputs/imagery/kaa/KAA_КУР-ГОР-0059-02-3/2026-05-05/sentinel_true_color.tif
OK kaa/KAA_КУР-ГОР-0059-02-3/2026-05-07: /Users/korneev/Desktop/water-regime-gis/outputs/imagery/kaa/KAA_КУР-ГОР-0059-02-3/2026-05-07/sentinel_true_color.tif
OK kaa/KAA_КУР-ГОР-0059-02-3/2026-05-20: /Users/korneev/Desktop/water-regime-gis/outputs/imagery/kaa/KAA_КУР-ГОР-0059-02-3/2026-05-20/sentinel_true_color.tif
OK kaa/KAA_КУР-ГОР-0059-02-3/2026-05-22: /Users/korneev/Desktop/water-regime-gis/outputs/imagery/kaa/KAA_КУР-ГОР-0059-02-3/2026-05-22/sentinel_true_color.tif
OK kaa/KAA_КУР-ГОР-0059-02-3/2026-06-08: /Users/korneev/Desktop/water-regime-gis/outputs/imagery/kaa/KAA_КУР-ГОР-0059-02-3/2026-06-08/sentinel_true_color.tif
OK kaa/KAA_КУР-ГОР-0059-02-3/2026-06-09: /Users/korneev/Desktop/water-regime-gis/outputs/imagery/kaa/KAA_КУР-ГОР-0059-02-3/2026-06-09/sentinel_true_color.tif
OK kaa/KAA_КУР-ГОР-0059-02-3/2026-06-11: /Users/korneev/Desktop/water-regime-gis/outputs/imagery/kaa/KAA_КУР-ГОР-0059-02-3/2026-06-11/sentinel_true_color.tif
OK kaa/KAA_КУР-ГОР-0059-02-3/2026-06-18: /Users/korneev/Desktop/water-regime-gis/outputs/imagery/kaa/KAA_КУР-ГОР-0059-02-3/2026-06-18/sentinel_true_color.tif
OK kaa/KAA_КУР-ГОР-0059-02-3/2026-07-01: /Users/korneev/Desktop/water-regime-gis/outputs/imagery/kaa/KAA_КУР-ГОР-0059-02-3/2026-07-01/sentinel_true_color.tif
OK kaa/KAA_КУР-ГОР-0059-02-3/2026-07-18: /Users/korneev/Desktop/water-regime-gis/outputs/imagery/kaa/KAA_КУР-ГОР-0059-02-3/2026-07-18/sentinel_true_color.tif
OK kaa/KAA_КУР-ГОР-0059-02-3/2026-07-19: /Users/korneev/Desktop/water-regime-gis/outputs/imagery/kaa/KAA_КУР-ГОР-0059-02-3/2026-07-19/sentinel_true_color.tif
OK kaa/KAA_КУР-ГОР-0059-02-3/2026-07-31: /Users/korneev/Desktop/water-regime-gis/outputs/imagery/kaa/KAA_КУР-ГОР-0059-02-3/2026-07-31/sentinel_true_color.tif
OK kaa/KAA_КУР-ГОР-0059-02-3/2026-08-03: /Users/korneev/Desktop/water-regime-gis/outputs/imagery/kaa/KAA_КУР-ГОР-0059-02-3/2026-08-03/sentinel_true_color.tif
OK kaa/KAA_КУР-ГОР-0059-02-3/2026-08-07: /Users/korneev/Desktop/water-regime-gis/outputs/imagery/kaa/KAA_КУР-ГОР-0059-02-3/2026-08-07/sentinel_true_color.tif
OK kaa/KAA_КУР-ГОР-0059-02-3/2026-08-08: /Users/korneev/Desktop/water-regime-gis/outputs/imagery/kaa/KAA_КУР-ГОР-0059-02-3/2026-08-08/sentinel_true_color.tif
OK kaa/KAA_КУР-ГОР-0059-02-3/2026-08-10: /Users/korneev/Desktop/water-regime-gis/outputs/imagery/kaa/KAA_КУР-ГОР-0059-02-3/2026-08-10/sentinel_true_color.tif
OK kaa/KAA_КУР-СОЛ-0015-02/2026-05-05: /Users/korneev/Desktop/water-regime-gis/outputs/imagery/kaa/KAA_КУР-СОЛ-0015-02/2026-05-05/sentinel_true_color.tif
OK kaa/KAA_КУР-СОЛ-0015-02/2026-05-20: /Users/korneev/Desktop/water-regime-gis/outputs/imagery/kaa/KAA_КУР-СОЛ-0015-02/2026-05-20/sentinel_true_color.tif
OK kaa/KAA_КУР-СОЛ-0015-02/2026-05-22: /Users/korneev/Desktop/water-regime-gis/outputs/imagery/kaa/KAA_КУР-СОЛ-0015-02/2026-05-22/sentinel_true_color.tif
OK kaa/KAA_КУР-СОЛ-0015-02/2026-06-09: /Users/korneev/Desktop/water-regime-gis/outputs/imagery/kaa/KAA_КУР-СОЛ-0015-02/2026-06-09/sentinel_true_color.tif
OK kaa/KAA_КУР-СОЛ-0015-02/2026-06-11: /Users/korneev/Desktop/water-regime-gis/outputs/imagery/kaa/KAA_КУР-СОЛ-0015-02/2026-06-11/sentinel_true_color.tif
OK kaa/KAA_КУР-СОЛ-0015-02/2026-07-01: /Users/korneev/Desktop/water-regime-gis/outputs/imagery/kaa/KAA_КУР-СОЛ-0015-02/2026-07-01/sentinel_true_color.tif
OK kaa/KAA_КУР-СОЛ-0015-02/2026-07-19: /Users/korneev/Desktop/water-regime-gis/outputs/imagery/kaa/KAA_КУР-СОЛ-0015-02/2026-07-19/sentinel_true_color.tif
OK kaa/KAA_КУР-СОЛ-0015-02/2026-07-31: /Users/korneev/Desktop/water-regime-gis/outputs/imagery/kaa/KAA_КУР-СОЛ-0015-02/2026-07-31/sentinel_true_color.tif
OK kaa/KAA_КУР-СОЛ-0015-02/2026-08-03: /Users/korneev/Desktop/water-regime-gis/outputs/imagery/kaa/KAA_КУР-СОЛ-0015-02/2026-08-03/sentinel_true_color.tif
OK kaa/KAA_КУР-СОЛ-0015-02/2026-08-10: /Users/korneev/Desktop/water-regime-gis/outputs/imagery/kaa/KAA_КУР-СОЛ-0015-02/2026-08-10/sentinel_true_color.tif
OK kaa/KAA_КУР-ГОР-0064-02/2026-04-12: /Users/korneev/Desktop/water-regime-gis/outputs/imagery/kaa/KAA_КУР-ГОР-0064-02/2026-04-12/sentinel_true_color.tif
OK kaa/KAA_КУР-ГОР-0064-02/2026-04-25: /Users/korneev/Desktop/water-regime-gis/outputs/imagery/kaa/KAA_КУР-ГОР-0064-02/2026-04-25/sentinel_true_color.tif
OK kaa/KAA_КУР-ГОР-0064-02/2026-05-05: /Users/korneev/Desktop/water-regime-gis/outputs/imagery/kaa/KAA_КУР-ГОР-0064-02/2026-05-05/sentinel_true_color.tif
OK kaa/KAA_КУР-ГОР-0064-02/2026-05-07: /Users/korneev/Desktop/water-regime-gis/outputs/imagery/kaa/KAA_КУР-ГОР-0064-02/2026-05-07/sentinel_true_color.tif
OK kaa/KAA_КУР-ГОР-0064-02/2026-05-09: /Users/korneev/Desktop/water-regime-gis/outputs/imagery/kaa/KAA_КУР-ГОР-0064-02/2026-05-09/sentinel_true_color.tif
OK kaa/KAA_КУР-ГОР-0064-02/2026-05-20: /Users/korneev/Desktop/water-regime-gis/outputs/imagery/kaa/KAA_КУР-ГОР-0064-02/2026-05-20/sentinel_true_color.tif
OK kaa/KAA_КУР-ГОР-0064-02/2026-05-22: /Users/korneev/Desktop/water-regime-gis/outputs/imagery/kaa/KAA_КУР-ГОР-0064-02/2026-05-22/sentinel_true_color.tif
OK kaa/KAA_КУР-ГОР-0064-02/2026-06-06: /Users/korneev/Desktop/water-regime-gis/outputs/imagery/kaa/KAA_КУР-ГОР-0064-02/2026-06-06/sentinel_true_color.tif
OK kaa/KAA_КУР-ГОР-0064-02/2026-06-08: /Users/korneev/Desktop/water-regime-gis/outputs/imagery/kaa/KAA_КУР-ГОР-0064-02/2026-06-08/sentinel_true_color.tif
OK kaa/KAA_КУР-ГОР-0064-02/2026-06-09: /Users/korneev/Desktop/water-regime-gis/outputs/imagery/kaa/KAA_КУР-ГОР-0064-02/2026-06-09/sentinel_true_color.tif
OK kaa/KAA_КУР-ГОР-0064-02/2026-06-11: /Users/korneev/Desktop/water-regime-gis/outputs/imagery/kaa/KAA_КУР-ГОР-0064-02/2026-06-11/sentinel_true_color.tif
OK kaa/KAA_КУР-ГОР-0064-02/2026-06-18: /Users/korneev/Desktop/water-regime-gis/outputs/imagery/kaa/KAA_КУР-ГОР-0064-02/2026-06-18/sentinel_true_color.tif
OK kaa/KAA_КУР-ГОР-0064-02/2026-06-24: /Users/korneev/Desktop/water-regime-gis/outputs/imagery/kaa/KAA_КУР-ГОР-0064-02/2026-06-24/sentinel_true_color.tif
OK kaa/KAA_КУР-ГОР-0064-02/2026-07-01: /Users/korneev/Desktop/water-regime-gis/outputs/imagery/kaa/KAA_КУР-ГОР-0064-02/2026-07-01/sentinel_true_color.tif
OK kaa/KAA_КУР-ГОР-0064-02/2026-07-08: /Users/korneev/Desktop/water-regime-gis/outputs/imagery/kaa/KAA_КУР-ГОР-0064-02/2026-07-08/sentinel_true_color.tif
OK kaa/KAA_КУР-ГОР-0064-02/2026-07-18: /Users/korneev/Desktop/water-regime-gis/outputs/imagery/kaa/KAA_КУР-ГОР-0064-02/2026-07-18/sentinel_true_color.tif
OK kaa/KAA_КУР-ГОР-0064-02/2026-07-19: /Users/korneev/Desktop/water-regime-gis/outputs/imagery/kaa/KAA_КУР-ГОР-0064-02/2026-07-19/sentinel_true_color.tif
OK kaa/KAA_КУР-ГОР-0064-02/2026-07-31: /Users/korneev/Desktop/water-regime-gis/outputs/imagery/kaa/KAA_КУР-ГОР-0064-02/2026-07-31/sentinel_true_color.tif
OK kaa/KAA_КУР-ГОР-0064-02/2026-08-03: /Users/korneev/Desktop/water-regime-gis/outputs/imagery/kaa/KAA_КУР-ГОР-0064-02/2026-08-03/sentinel_true_color.tif
OK kaa/KAA_КУР-ГОР-0064-02/2026-08-05: /Users/korneev/Desktop/water-regime-gis/outputs/imagery/kaa/KAA_КУР-ГОР-0064-02/2026-08-05/sentinel_true_color.tif
OK kaa/KAA_КУР-ГОР-0064-02/2026-08-07: /Users/korneev/Desktop/water-regime-gis/outputs/imagery/kaa/KAA_КУР-ГОР-0064-02/2026-08-07/sentinel_true_color.tif
OK kaa/KAA_КУР-ГОР-0064-02/2026-08-08: /Users/korneev/Desktop/water-regime-gis/outputs/imagery/kaa/KAA_КУР-ГОР-0064-02/2026-08-08/sentinel_true_color.tif
OK kaa/KAA_КУР-ГОР-0064-02/2026-08-10: /Users/korneev/Desktop/water-regime-gis/outputs/imagery/kaa/KAA_КУР-ГОР-0064-02/2026-08-10/sentinel_true_color.tif
OK kaa/KAA_КУР-СОЛ-0019-02/2026-05-05: /Users/korneev/Desktop/water-regime-gis/outputs/imagery/kaa/KAA_КУР-СОЛ-0019-02/2026-05-05/sentinel_true_color.tif
OK kaa/KAA_КУР-СОЛ-0019-02/2026-05-20: /Users/korneev/Desktop/water-regime-gis/outputs/imagery/kaa/KAA_КУР-СОЛ-0019-02/2026-05-20/sentinel_true_color.tif
OK kaa/KAA_КУР-СОЛ-0019-02/2026-05-22: /Users/korneev/Desktop/water-regime-gis/outputs/imagery/kaa/KAA_КУР-СОЛ-0019-02/2026-05-22/sentinel_true_color.tif
OK kaa/KAA_КУР-СОЛ-0019-02/2026-06-09: /Users/korneev/Desktop/water-regime-gis/outputs/imagery/kaa/KAA_КУР-СОЛ-0019-02/2026-06-09/sentinel_true_color.tif
OK kaa/KAA_КУР-СОЛ-0019-02/2026-06-11: /Users/korneev/Desktop/water-regime-gis/outputs/imagery/kaa/KAA_КУР-СОЛ-0019-02/2026-06-11/sentinel_true_color.tif
OK kaa/KAA_КУР-СОЛ-0019-02/2026-07-01: /Users/korneev/Desktop/water-regime-gis/outputs/imagery/kaa/KAA_КУР-СОЛ-0019-02/2026-07-01/sentinel_true_color.tif
OK kaa/KAA_КУР-СОЛ-0019-02/2026-07-19: /Users/korneev/Desktop/water-regime-gis/outputs/imagery/kaa/KAA_КУР-СОЛ-0019-02/2026-07-19/sentinel_true_color.tif
OK kaa/KAA_КУР-СОЛ-0019-02/2026-07-31: /Users/korneev/Desktop/water-regime-gis/outputs/imagery/kaa/KAA_КУР-СОЛ-0019-02/2026-07-31/sentinel_true_color.tif
OK kaa/KAA_КУР-СОЛ-0019-02/2026-08-03: /Users/korneev/Desktop/water-regime-gis/outputs/imagery/kaa/KAA_КУР-СОЛ-0019-02/2026-08-03/sentinel_true_color.tif
OK kaa/KAA_КУР-СОЛ-0019-02/2026-08-10: /Users/korneev/Desktop/water-regime-gis/outputs/imagery/kaa/KAA_КУР-СОЛ-0019-02/2026-08-10/sentinel_true_color.tif
OK kaa/KAA_КУР-СОЛ-0027-03/2026-05-05: /Users/korneev/Desktop/water-regime-gis/outputs/imagery/kaa/KAA_КУР-СОЛ-0027-03/2026-05-05/sentinel_true_color.tif
OK kaa/KAA_КУР-СОЛ-0027-03/2026-05-20: /Users/korneev/Desktop/water-regime-gis/outputs/imagery/kaa/KAA_КУР-СОЛ-0027-03/2026-05-20/sentinel_true_color.tif
OK kaa/KAA_КУР-СОЛ-0027-03/2026-05-22: /Users/korneev/Desktop/water-regime-gis/outputs/imagery/kaa/KAA_КУР-СОЛ-0027-03/2026-05-22/sentinel_true_color.tif
OK kaa/KAA_КУР-СОЛ-0027-03/2026-06-09: /Users/korneev/Desktop/water-regime-gis/outputs/imagery/kaa/KAA_КУР-СОЛ-0027-03/2026-06-09/sentinel_true_color.tif
OK kaa/KAA_КУР-СОЛ-0027-03/2026-06-11: /Users/korneev/Desktop/water-regime-gis/outputs/imagery/kaa/KAA_КУР-СОЛ-0027-03/2026-06-11/sentinel_true_color.tif
OK kaa/KAA_КУР-СОЛ-0027-03/2026-07-01: /Users/korneev/Desktop/water-regime-gis/outputs/imagery/kaa/KAA_КУР-СОЛ-0027-03/2026-07-01/sentinel_true_color.tif
OK kaa/KAA_КУР-СОЛ-0027-03/2026-07-19: /Users/korneev/Desktop/water-regime-gis/outputs/imagery/kaa/KAA_КУР-СОЛ-0027-03/2026-07-19/sentinel_true_color.tif
OK kaa/KAA_КУР-СОЛ-0027-03/2026-07-31: /Users/korneev/Desktop/water-regime-gis/outputs/imagery/kaa/KAA_КУР-СОЛ-0027-03/2026-07-31/sentinel_true_color.tif
OK kaa/KAA_КУР-СОЛ-0027-03/2026-08-03: /Users/korneev/Desktop/water-regime-gis/outputs/imagery/kaa/KAA_КУР-СОЛ-0027-03/2026-08-03/sentinel_true_color.tif
OK kaa/KAA_КУР-СОЛ-0027-03/2026-08-10: /Users/korneev/Desktop/water-regime-gis/outputs/imagery/kaa/KAA_КУР-СОЛ-0027-03/2026-08-10/sentinel_true_color.tif
OK kaa/KAA_КУР-СОЛ-0021-03/2026-05-05: /Users/korneev/Desktop/water-regime-gis/outputs/imagery/kaa/KAA_КУР-СОЛ-0021-03/2026-05-05/sentinel_true_color.tif
ERROR kaa/KAA_КУР-СОЛ-0021-03/2026-05-20: HTTP Error 429: Too Many Requests
OK kaa/KAA_КУР-СОЛ-0021-03/2026-05-22: /Users/korneev/Desktop/water-regime-gis/outputs/imagery/kaa/KAA_КУР-СОЛ-0021-03/2026-05-22/sentinel_true_color.tif
OK kaa/KAA_КУР-СОЛ-0021-03/2026-06-09: /Users/korneev/Desktop/water-regime-gis/outputs/imagery/kaa/KAA_КУР-СОЛ-0021-03/2026-06-09/sentinel_true_color.tif
OK kaa/KAA_КУР-СОЛ-0021-03/2026-06-11: /Users/korneev/Desktop/water-regime-gis/outputs/imagery/kaa/KAA_КУР-СОЛ-0021-03/2026-06-11/sentinel_true_color.tif
OK kaa/KAA_КУР-СОЛ-0021-03/2026-07-01: /Users/korneev/Desktop/water-regime-gis/outputs/imagery/kaa/KAA_КУР-СОЛ-0021-03/2026-07-01/sentinel_true_color.tif
OK kaa/KAA_КУР-СОЛ-0021-03/2026-07-19: /Users/korneev/Desktop/water-regime-gis/outputs/imagery/kaa/KAA_КУР-СОЛ-0021-03/2026-07-19/sentinel_true_color.tif
OK kaa/KAA_КУР-СОЛ-0021-03/2026-07-31: /Users/korneev/Desktop/water-regime-gis/outputs/imagery/kaa/KAA_КУР-СОЛ-0021-03/2026-07-31/sentinel_true_color.tif
OK kaa/KAA_КУР-СОЛ-0021-03/2026-08-03: /Users/korneev/Desktop/water-regime-gis/outputs/imagery/kaa/KAA_КУР-СОЛ-0021-03/2026-08-03/sentinel_true_color.tif
OK kaa/KAA_КУР-СОЛ-0021-03/2026-08-10: /Users/korneev/Desktop/water-regime-gis/outputs/imagery/kaa/KAA_КУР-СОЛ-0021-03/2026-08-10/sentinel_true_color.tif
OK kaa/KAA_КУР-ГОР-0060-02/2026-04-25: /Users/korneev/Desktop/water-regime-gis/outputs/imagery/kaa/KAA_КУР-ГОР-0060-02/2026-04-25/sentinel_true_color.tif
OK kaa/KAA_КУР-ГОР-0060-02/2026-05-05: /Users/korneev/Desktop/water-regime-gis/outputs/imagery/kaa/KAA_КУР-ГОР-0060-02/2026-05-05/sentinel_true_color.tif
OK kaa/KAA_КУР-ГОР-0060-02/2026-05-07: /Users/korneev/Desktop/water-regime-gis/outputs/imagery/kaa/KAA_КУР-ГОР-0060-02/2026-05-07/sentinel_true_color.tif
OK kaa/KAA_КУР-ГОР-0060-02/2026-05-20: /Users/korneev/Desktop/water-regime-gis/outputs/imagery/kaa/KAA_КУР-ГОР-0060-02/2026-05-20/sentinel_true_color.tif
OK kaa/KAA_КУР-ГОР-0060-02/2026-05-22: /Users/korneev/Desktop/water-regime-gis/outputs/imagery/kaa/KAA_КУР-ГОР-0060-02/2026-05-22/sentinel_true_color.tif
OK kaa/KAA_КУР-ГОР-0060-02/2026-06-08: /Users/korneev/Desktop/water-regime-gis/outputs/imagery/kaa/KAA_КУР-ГОР-0060-02/2026-06-08/sentinel_true_color.tif
OK kaa/KAA_КУР-ГОР-0060-02/2026-06-09: /Users/korneev/Desktop/water-regime-gis/outputs/imagery/kaa/KAA_КУР-ГОР-0060-02/2026-06-09/sentinel_true_color.tif
OK kaa/KAA_КУР-ГОР-0060-02/2026-06-11: /Users/korneev/Desktop/water-regime-gis/outputs/imagery/kaa/KAA_КУР-ГОР-0060-02/2026-06-11/sentinel_true_color.tif
OK kaa/KAA_КУР-ГОР-0060-02/2026-06-18: /Users/korneev/Desktop/water-regime-gis/outputs/imagery/kaa/KAA_КУР-ГОР-0060-02/2026-06-18/sentinel_true_color.tif
OK kaa/KAA_КУР-ГОР-0060-02/2026-07-01: /Users/korneev/Desktop/water-regime-gis/outputs/imagery/kaa/KAA_КУР-ГОР-0060-02/2026-07-01/sentinel_true_color.tif
OK kaa/KAA_КУР-ГОР-0060-02/2026-07-18: /Users/korneev/Desktop/water-regime-gis/outputs/imagery/kaa/KAA_КУР-ГОР-0060-02/2026-07-18/sentinel_true_color.tif
OK kaa/KAA_КУР-ГОР-0060-02/2026-07-19: /Users/korneev/Desktop/water-regime-gis/outputs/imagery/kaa/KAA_КУР-ГОР-0060-02/2026-07-19/sentinel_true_color.tif
OK kaa/KAA_КУР-ГОР-0060-02/2026-07-31: /Users/korneev/Desktop/water-regime-gis/outputs/imagery/kaa/KAA_КУР-ГОР-0060-02/2026-07-31/sentinel_true_color.tif
OK kaa/KAA_КУР-ГОР-0060-02/2026-08-03: /Users/korneev/Desktop/water-regime-gis/outputs/imagery/kaa/KAA_КУР-ГОР-0060-02/2026-08-03/sentinel_true_color.tif
OK kaa/KAA_КУР-ГОР-0060-02/2026-08-07: /Users/korneev/Desktop/water-regime-gis/outputs/imagery/kaa/KAA_КУР-ГОР-0060-02/2026-08-07/sentinel_true_color.tif
OK kaa/KAA_КУР-ГОР-0060-02/2026-08-08: /Users/korneev/Desktop/water-regime-gis/outputs/imagery/kaa/KAA_КУР-ГОР-0060-02/2026-08-08/sentinel_true_color.tif
OK kaa/KAA_КУР-ГОР-0060-02/2026-08-10: /Users/korneev/Desktop/water-regime-gis/outputs/imagery/kaa/KAA_КУР-ГОР-0060-02/2026-08-10/sentinel_true_color.tif
OK kaa/KAA_КУР-ГОР-0058-03/2026-04-25: /Users/korneev/Desktop/water-regime-gis/outputs/imagery/kaa/KAA_КУР-ГОР-0058-03/2026-04-25/sentinel_true_color.tif
OK kaa/KAA_КУР-ГОР-0058-03/2026-05-05: /Users/korneev/Desktop/water-regime-gis/outputs/imagery/kaa/KAA_КУР-ГОР-0058-03/2026-05-05/sentinel_true_color.tif
OK kaa/KAA_КУР-ГОР-0058-03/2026-05-07: /Users/korneev/Desktop/water-regime-gis/outputs/imagery/kaa/KAA_КУР-ГОР-0058-03/2026-05-07/sentinel_true_color.tif
OK kaa/KAA_КУР-ГОР-0058-03/2026-05-20: /Users/korneev/Desktop/water-regime-gis/outputs/imagery/kaa/KAA_КУР-ГОР-0058-03/2026-05-20/sentinel_true_color.tif
OK kaa/KAA_КУР-ГОР-0058-03/2026-05-22: /Users/korneev/Desktop/water-regime-gis/outputs/imagery/kaa/KAA_КУР-ГОР-0058-03/2026-05-22/sentinel_true_color.tif
OK kaa/KAA_КУР-ГОР-0058-03/2026-06-08: /Users/korneev/Desktop/water-regime-gis/outputs/imagery/kaa/KAA_КУР-ГОР-0058-03/2026-06-08/sentinel_true_color.tif
OK kaa/KAA_КУР-ГОР-0058-03/2026-06-09: /Users/korneev/Desktop/water-regime-gis/outputs/imagery/kaa/KAA_КУР-ГОР-0058-03/2026-06-09/sentinel_true_color.tif
OK kaa/KAA_КУР-ГОР-0058-03/2026-06-11: /Users/korneev/Desktop/water-regime-gis/outputs/imagery/kaa/KAA_КУР-ГОР-0058-03/2026-06-11/sentinel_true_color.tif
OK kaa/KAA_КУР-ГОР-0058-03/2026-06-18: /Users/korneev/Desktop/water-regime-gis/outputs/imagery/kaa/KAA_КУР-ГОР-0058-03/2026-06-18/sentinel_true_color.tif
OK kaa/KAA_КУР-ГОР-0058-03/2026-07-01: /Users/korneev/Desktop/water-regime-gis/outputs/imagery/kaa/KAA_КУР-ГОР-0058-03/2026-07-01/sentinel_true_color.tif
OK kaa/KAA_КУР-ГОР-0058-03/2026-07-18: /Users/korneev/Desktop/water-regime-gis/outputs/imagery/kaa/KAA_КУР-ГОР-0058-03/2026-07-18/sentinel_true_color.tif
OK kaa/KAA_КУР-ГОР-0058-03/2026-07-19: /Users/korneev/Desktop/water-regime-gis/outputs/imagery/kaa/KAA_КУР-ГОР-0058-03/2026-07-19/sentinel_true_color.tif
OK kaa/KAA_КУР-ГОР-0058-03/2026-07-31: /Users/korneev/Desktop/water-regime-gis/outputs/imagery/kaa/KAA_КУР-ГОР-0058-03/2026-07-31/sentinel_true_color.tif
OK kaa/KAA_КУР-ГОР-0058-03/2026-08-03: /Users/korneev/Desktop/water-regime-gis/outputs/imagery/kaa/KAA_КУР-ГОР-0058-03/2026-08-03/sentinel_true_color.tif
OK kaa/KAA_КУР-ГОР-0058-03/2026-08-07: /Users/korneev/Desktop/water-regime-gis/outputs/imagery/kaa/KAA_КУР-ГОР-0058-03/2026-08-07/sentinel_true_color.tif
OK kaa/KAA_КУР-ГОР-0058-03/2026-08-08: /Users/korneev/Desktop/water-regime-gis/outputs/imagery/kaa/KAA_КУР-ГОР-0058-03/2026-08-08/sentinel_true_color.tif
OK kaa/KAA_КУР-ГОР-0058-03/2026-08-10: /Users/korneev/Desktop/water-regime-gis/outputs/imagery/kaa/KAA_КУР-ГОР-0058-03/2026-08-10/sentinel_true_color.tif
OK kaa/KAA_КУР-СОЛ-0007-02/2026-05-05: /Users/korneev/Desktop/water-regime-gis/outputs/imagery/kaa/KAA_КУР-СОЛ-0007-02/2026-05-05/sentinel_true_color.tif
OK kaa/KAA_КУР-СОЛ-0007-02/2026-05-20: /Users/korneev/Desktop/water-regime-gis/outputs/imagery/kaa/KAA_КУР-СОЛ-0007-02/2026-05-20/sentinel_true_color.tif
OK kaa/KAA_КУР-СОЛ-0007-02/2026-05-22: /Users/korneev/Desktop/water-regime-gis/outputs/imagery/kaa/KAA_КУР-СОЛ-0007-02/2026-05-22/sentinel_true_color.tif
OK kaa/KAA_КУР-СОЛ-0007-02/2026-06-09: /Users/korneev/Desktop/water-regime-gis/outputs/imagery/kaa/KAA_КУР-СОЛ-0007-02/2026-06-09/sentinel_true_color.tif
OK kaa/KAA_КУР-СОЛ-0007-02/2026-06-11: /Users/korneev/Desktop/water-regime-gis/outputs/imagery/kaa/KAA_КУР-СОЛ-0007-02/2026-06-11/sentinel_true_color.tif
OK kaa/KAA_КУР-СОЛ-0007-02/2026-07-01: /Users/korneev/Desktop/water-regime-gis/outputs/imagery/kaa/KAA_КУР-СОЛ-0007-02/2026-07-01/sentinel_true_color.tif
OK kaa/KAA_КУР-СОЛ-0007-02/2026-07-19: /Users/korneev/Desktop/water-regime-gis/outputs/imagery/kaa/KAA_КУР-СОЛ-0007-02/2026-07-19/sentinel_true_color.tif
OK kaa/KAA_КУР-СОЛ-0007-02/2026-07-31: /Users/korneev/Desktop/water-regime-gis/outputs/imagery/kaa/KAA_КУР-СОЛ-0007-02/2026-07-31/sentinel_true_color.tif
OK kaa/KAA_КУР-СОЛ-0007-02/2026-08-03: /Users/korneev/Desktop/water-regime-gis/outputs/imagery/kaa/KAA_КУР-СОЛ-0007-02/2026-08-03/sentinel_true_color.tif
OK kaa/KAA_КУР-СОЛ-0007-02/2026-08-10: /Users/korneev/Desktop/water-regime-gis/outputs/imagery/kaa/KAA_КУР-СОЛ-0007-02/2026-08-10/sentinel_true_color.tif
OK kaa/KAA_КУР-СОЛ-0029-12/2026-05-05: /Users/korneev/Desktop/water-regime-gis/outputs/imagery/kaa/KAA_КУР-СОЛ-0029-12/2026-05-05/sentinel_true_color.tif
OK kaa/KAA_КУР-СОЛ-0029-12/2026-05-20: /Users/korneev/Desktop/water-regime-gis/outputs/imagery/kaa/KAA_КУР-СОЛ-0029-12/2026-05-20/sentinel_true_color.tif
OK kaa/KAA_КУР-СОЛ-0029-12/2026-05-22: /Users/korneev/Desktop/water-regime-gis/outputs/imagery/kaa/KAA_КУР-СОЛ-0029-12/2026-05-22/sentinel_true_color.tif
OK kaa/KAA_КУР-СОЛ-0029-12/2026-06-09: /Users/korneev/Desktop/water-regime-gis/outputs/imagery/kaa/KAA_КУР-СОЛ-0029-12/2026-06-09/sentinel_true_color.tif
OK kaa/KAA_КУР-СОЛ-0029-12/2026-06-11: /Users/korneev/Desktop/water-regime-gis/outputs/imagery/kaa/KAA_КУР-СОЛ-0029-12/2026-06-11/sentinel_true_color.tif
OK kaa/KAA_КУР-СОЛ-0029-12/2026-07-01: /Users/korneev/Desktop/water-regime-gis/outputs/imagery/kaa/KAA_КУР-СОЛ-0029-12/2026-07-01/sentinel_true_color.tif
OK kaa/KAA_КУР-СОЛ-0029-12/2026-07-19: /Users/korneev/Desktop/water-regime-gis/outputs/imagery/kaa/KAA_КУР-СОЛ-0029-12/2026-07-19/sentinel_true_color.tif
OK kaa/KAA_КУР-СОЛ-0029-12/2026-07-31: /Users/korneev/Desktop/water-regime-gis/outputs/imagery/kaa/KAA_КУР-СОЛ-0029-12/2026-07-31/sentinel_true_color.tif
OK kaa/KAA_КУР-СОЛ-0029-12/2026-08-03: /Users/korneev/Desktop/water-regime-gis/outputs/imagery/kaa/KAA_КУР-СОЛ-0029-12/2026-08-03/sentinel_true_color.tif
OK kaa/KAA_КУР-СОЛ-0029-12/2026-08-10: /Users/korneev/Desktop/water-regime-gis/outputs/imagery/kaa/KAA_КУР-СОЛ-0029-12/2026-08-10/sentinel_true_color.tif
OK kaa/KAA_КУР-СОЛ-0017-03/2026-05-05: /Users/korneev/Desktop/water-regime-gis/outputs/imagery/kaa/KAA_КУР-СОЛ-0017-03/2026-05-05/sentinel_true_color.tif
OK kaa/KAA_КУР-СОЛ-0017-03/2026-05-20: /Users/korneev/Desktop/water-regime-gis/outputs/imagery/kaa/KAA_КУР-СОЛ-0017-03/2026-05-20/sentinel_true_color.tif
OK kaa/KAA_КУР-СОЛ-0017-03/2026-05-22: /Users/korneev/Desktop/water-regime-gis/outputs/imagery/kaa/KAA_КУР-СОЛ-0017-03/2026-05-22/sentinel_true_color.tif
OK kaa/KAA_КУР-СОЛ-0017-03/2026-06-09: /Users/korneev/Desktop/water-regime-gis/outputs/imagery/kaa/KAA_КУР-СОЛ-0017-03/2026-06-09/sentinel_true_color.tif
OK kaa/KAA_КУР-СОЛ-0017-03/2026-06-11: /Users/korneev/Desktop/water-regime-gis/outputs/imagery/kaa/KAA_КУР-СОЛ-0017-03/2026-06-11/sentinel_true_color.tif
OK kaa/KAA_КУР-СОЛ-0017-03/2026-07-01: /Users/korneev/Desktop/water-regime-gis/outputs/imagery/kaa/KAA_КУР-СОЛ-0017-03/2026-07-01/sentinel_true_color.tif
OK kaa/KAA_КУР-СОЛ-0017-03/2026-07-19: /Users/korneev/Desktop/water-regime-gis/outputs/imagery/kaa/KAA_КУР-СОЛ-0017-03/2026-07-19/sentinel_true_color.tif
OK kaa/KAA_КУР-СОЛ-0017-03/2026-07-31: /Users/korneev/Desktop/water-regime-gis/outputs/imagery/kaa/KAA_КУР-СОЛ-0017-03/2026-07-31/sentinel_true_color.tif
OK kaa/KAA_КУР-СОЛ-0017-03/2026-08-03: /Users/korneev/Desktop/water-regime-gis/outputs/imagery/kaa/KAA_КУР-СОЛ-0017-03/2026-08-03/sentinel_true_color.tif
OK kaa/KAA_КУР-СОЛ-0017-03/2026-08-10: /Users/korneev/Desktop/water-regime-gis/outputs/imagery/kaa/KAA_КУР-СОЛ-0017-03/2026-08-10/sentinel_true_color.tif
OK kaa/KAA_КУР-СОЛ-0032-02/2026-05-05: /Users/korneev/Desktop/water-regime-gis/outputs/imagery/kaa/KAA_КУР-СОЛ-0032-02/2026-05-05/sentinel_true_color.tif
OK kaa/KAA_КУР-СОЛ-0032-02/2026-05-20: /Users/korneev/Desktop/water-regime-gis/outputs/imagery/kaa/KAA_КУР-СОЛ-0032-02/2026-05-20/sentinel_true_color.tif
OK kaa/KAA_КУР-СОЛ-0032-02/2026-05-22: /Users/korneev/Desktop/water-regime-gis/outputs/imagery/kaa/KAA_КУР-СОЛ-0032-02/2026-05-22/sentinel_true_color.tif
OK kaa/KAA_КУР-СОЛ-0032-02/2026-06-09: /Users/korneev/Desktop/water-regime-gis/outputs/imagery/kaa/KAA_КУР-СОЛ-0032-02/2026-06-09/sentinel_true_color.tif
OK kaa/KAA_КУР-СОЛ-0032-02/2026-06-11: /Users/korneev/Desktop/water-regime-gis/outputs/imagery/kaa/KAA_КУР-СОЛ-0032-02/2026-06-11/sentinel_true_color.tif
OK kaa/KAA_КУР-СОЛ-0032-02/2026-07-01: /Users/korneev/Desktop/water-regime-gis/outputs/imagery/kaa/KAA_КУР-СОЛ-0032-02/2026-07-01/sentinel_true_color.tif
OK kaa/KAA_КУР-СОЛ-0032-02/2026-07-19: /Users/korneev/Desktop/water-regime-gis/outputs/imagery/kaa/KAA_КУР-СОЛ-0032-02/2026-07-19/sentinel_true_color.tif
OK kaa/KAA_КУР-СОЛ-0032-02/2026-07-31: /Users/korneev/Desktop/water-regime-gis/outputs/imagery/kaa/KAA_КУР-СОЛ-0032-02/2026-07-31/sentinel_true_color.tif
OK kaa/KAA_КУР-СОЛ-0032-02/2026-08-03: /Users/korneev/Desktop/water-regime-gis/outputs/imagery/kaa/KAA_КУР-СОЛ-0032-02/2026-08-03/sentinel_true_color.tif
OK kaa/KAA_КУР-СОЛ-0032-02/2026-08-10: /Users/korneev/Desktop/water-regime-gis/outputs/imagery/kaa/KAA_КУР-СОЛ-0032-02/2026-08-10/sentinel_true_color.tif
OK kaa/KAA_КУР-СОЛ-0013-03/2026-05-05: /Users/korneev/Desktop/water-regime-gis/outputs/imagery/kaa/KAA_КУР-СОЛ-0013-03/2026-05-05/sentinel_true_color.tif
OK kaa/KAA_КУР-СОЛ-0013-03/2026-05-20: /Users/korneev/Desktop/water-regime-gis/outputs/imagery/kaa/KAA_КУР-СОЛ-0013-03/2026-05-20/sentinel_true_color.tif
OK kaa/KAA_КУР-СОЛ-0013-03/2026-05-22: /Users/korneev/Desktop/water-regime-gis/outputs/imagery/kaa/KAA_КУР-СОЛ-0013-03/2026-05-22/sentinel_true_color.tif
OK kaa/KAA_КУР-СОЛ-0013-03/2026-06-09: /Users/korneev/Desktop/water-regime-gis/outputs/imagery/kaa/KAA_КУР-СОЛ-0013-03/2026-06-09/sentinel_true_color.tif
OK kaa/KAA_КУР-СОЛ-0013-03/2026-06-11: /Users/korneev/Desktop/water-regime-gis/outputs/imagery/kaa/KAA_КУР-СОЛ-0013-03/2026-06-11/sentinel_true_color.tif
OK kaa/KAA_КУР-СОЛ-0013-03/2026-07-01: /Users/korneev/Desktop/water-regime-gis/outputs/imagery/kaa/KAA_КУР-СОЛ-0013-03/2026-07-01/sentinel_true_color.tif
OK kaa/KAA_КУР-СОЛ-0013-03/2026-07-19: /Users/korneev/Desktop/water-regime-gis/outputs/imagery/kaa/KAA_КУР-СОЛ-0013-03/2026-07-19/sentinel_true_color.tif
OK kaa/KAA_КУР-СОЛ-0013-03/2026-07-31: /Users/korneev/Desktop/water-regime-gis/outputs/imagery/kaa/KAA_КУР-СОЛ-0013-03/2026-07-31/sentinel_true_color.tif
OK kaa/KAA_КУР-СОЛ-0013-03/2026-08-03: /Users/korneev/Desktop/water-regime-gis/outputs/imagery/kaa/KAA_КУР-СОЛ-0013-03/2026-08-03/sentinel_true_color.tif
OK kaa/KAA_КУР-СОЛ-0013-03/2026-08-10: /Users/korneev/Desktop/water-regime-gis/outputs/imagery/kaa/KAA_КУР-СОЛ-0013-03/2026-08-10/sentinel_true_color.tif
OK kaa/KAA_КУР-СОЛ-0016-02/2026-05-05: /Users/korneev/Desktop/water-regime-gis/outputs/imagery/kaa/KAA_КУР-СОЛ-0016-02/2026-05-05/sentinel_true_color.tif
OK kaa/KAA_КУР-СОЛ-0016-02/2026-05-20: /Users/korneev/Desktop/water-regime-gis/outputs/imagery/kaa/KAA_КУР-СОЛ-0016-02/2026-05-20/sentinel_true_color.tif
OK kaa/KAA_КУР-СОЛ-0016-02/2026-05-22: /Users/korneev/Desktop/water-regime-gis/outputs/imagery/kaa/KAA_КУР-СОЛ-0016-02/2026-05-22/sentinel_true_color.tif
OK kaa/KAA_КУР-СОЛ-0016-02/2026-06-09: /Users/korneev/Desktop/water-regime-gis/outputs/imagery/kaa/KAA_КУР-СОЛ-0016-02/2026-06-09/sentinel_true_color.tif
OK kaa/KAA_КУР-СОЛ-0016-02/2026-06-11: /Users/korneev/Desktop/water-regime-gis/outputs/imagery/kaa/KAA_КУР-СОЛ-0016-02/2026-06-11/sentinel_true_color.tif
OK kaa/KAA_КУР-СОЛ-0016-02/2026-07-01: /Users/korneev/Desktop/water-regime-gis/outputs/imagery/kaa/KAA_КУР-СОЛ-0016-02/2026-07-01/sentinel_true_color.tif
OK kaa/KAA_КУР-СОЛ-0016-02/2026-07-19: /Users/korneev/Desktop/water-regime-gis/outputs/imagery/kaa/KAA_КУР-СОЛ-0016-02/2026-07-19/sentinel_true_color.tif
OK kaa/KAA_КУР-СОЛ-0016-02/2026-07-31: /Users/korneev/Desktop/water-regime-gis/outputs/imagery/kaa/KAA_КУР-СОЛ-0016-02/2026-07-31/sentinel_true_color.tif
OK kaa/KAA_КУР-СОЛ-0016-02/2026-08-03: /Users/korneev/Desktop/water-regime-gis/outputs/imagery/kaa/KAA_КУР-СОЛ-0016-02/2026-08-03/sentinel_true_color.tif
OK kaa/KAA_КУР-СОЛ-0016-02/2026-08-10: /Users/korneev/Desktop/water-regime-gis/outputs/imagery/kaa/KAA_КУР-СОЛ-0016-02/2026-08-10/sentinel_true_color.tif
OK kaa/KAA_КУР-СОЛ-0029-1/2026-05-05: /Users/korneev/Desktop/water-regime-gis/outputs/imagery/kaa/KAA_КУР-СОЛ-0029-1/2026-05-05/sentinel_true_color.tif
OK kaa/KAA_КУР-СОЛ-0029-1/2026-05-20: /Users/korneev/Desktop/water-regime-gis/outputs/imagery/kaa/KAA_КУР-СОЛ-0029-1/2026-05-20/sentinel_true_color.tif
OK kaa/KAA_КУР-СОЛ-0029-1/2026-05-22: /Users/korneev/Desktop/water-regime-gis/outputs/imagery/kaa/KAA_КУР-СОЛ-0029-1/2026-05-22/sentinel_true_color.tif
OK kaa/KAA_КУР-СОЛ-0029-1/2026-06-09: /Users/korneev/Desktop/water-regime-gis/outputs/imagery/kaa/KAA_КУР-СОЛ-0029-1/2026-06-09/sentinel_true_color.tif
OK kaa/KAA_КУР-СОЛ-0029-1/2026-06-11: /Users/korneev/Desktop/water-regime-gis/outputs/imagery/kaa/KAA_КУР-СОЛ-0029-1/2026-06-11/sentinel_true_color.tif
OK kaa/KAA_КУР-СОЛ-0029-1/2026-07-01: /Users/korneev/Desktop/water-regime-gis/outputs/imagery/kaa/KAA_КУР-СОЛ-0029-1/2026-07-01/sentinel_true_color.tif
OK kaa/KAA_КУР-СОЛ-0029-1/2026-07-19: /Users/korneev/Desktop/water-regime-gis/outputs/imagery/kaa/KAA_КУР-СОЛ-0029-1/2026-07-19/sentinel_true_color.tif
OK kaa/KAA_КУР-СОЛ-0029-1/2026-07-31: /Users/korneev/Desktop/water-regime-gis/outputs/imagery/kaa/KAA_КУР-СОЛ-0029-1/2026-07-31/sentinel_true_color.tif
OK kaa/KAA_КУР-СОЛ-0029-1/2026-08-03: /Users/korneev/Desktop/water-regime-gis/outputs/imagery/kaa/KAA_КУР-СОЛ-0029-1/2026-08-03/sentinel_true_color.tif
OK kaa/KAA_КУР-СОЛ-0029-1/2026-08-10: /Users/korneev/Desktop/water-regime-gis/outputs/imagery/kaa/KAA_КУР-СОЛ-0029-1/2026-08-10/sentinel_true_color.tif
OK kaa/KAA_КУР-ГОР-0063-02/2026-04-05: /Users/korneev/Desktop/water-regime-gis/outputs/imagery/kaa/KAA_КУР-ГОР-0063-02/2026-04-05/sentinel_true_color.tif
OK kaa/KAA_КУР-ГОР-0063-02/2026-04-12: /Users/korneev/Desktop/water-regime-gis/outputs/imagery/kaa/KAA_КУР-ГОР-0063-02/2026-04-12/sentinel_true_color.tif
OK kaa/KAA_КУР-ГОР-0063-02/2026-04-25: /Users/korneev/Desktop/water-regime-gis/outputs/imagery/kaa/KAA_КУР-ГОР-0063-02/2026-04-25/sentinel_true_color.tif
OK kaa/KAA_КУР-ГОР-0063-02/2026-05-05: /Users/korneev/Desktop/water-regime-gis/outputs/imagery/kaa/KAA_КУР-ГОР-0063-02/2026-05-05/sentinel_true_color.tif
OK kaa/KAA_КУР-ГОР-0063-02/2026-05-07: /Users/korneev/Desktop/water-regime-gis/outputs/imagery/kaa/KAA_КУР-ГОР-0063-02/2026-05-07/sentinel_true_color.tif
OK kaa/KAA_КУР-ГОР-0063-02/2026-05-09: /Users/korneev/Desktop/water-regime-gis/outputs/imagery/kaa/KAA_КУР-ГОР-0063-02/2026-05-09/sentinel_true_color.tif
OK kaa/KAA_КУР-ГОР-0063-02/2026-05-20: /Users/korneev/Desktop/water-regime-gis/outputs/imagery/kaa/KAA_КУР-ГОР-0063-02/2026-05-20/sentinel_true_color.tif
OK kaa/KAA_КУР-ГОР-0063-02/2026-05-22: /Users/korneev/Desktop/water-regime-gis/outputs/imagery/kaa/KAA_КУР-ГОР-0063-02/2026-05-22/sentinel_true_color.tif
OK kaa/KAA_КУР-ГОР-0063-02/2026-06-06: /Users/korneev/Desktop/water-regime-gis/outputs/imagery/kaa/KAA_КУР-ГОР-0063-02/2026-06-06/sentinel_true_color.tif
OK kaa/KAA_КУР-ГОР-0063-02/2026-06-08: /Users/korneev/Desktop/water-regime-gis/outputs/imagery/kaa/KAA_КУР-ГОР-0063-02/2026-06-08/sentinel_true_color.tif
OK kaa/KAA_КУР-ГОР-0063-02/2026-06-09: /Users/korneev/Desktop/water-regime-gis/outputs/imagery/kaa/KAA_КУР-ГОР-0063-02/2026-06-09/sentinel_true_color.tif
OK kaa/KAA_КУР-ГОР-0063-02/2026-06-11: /Users/korneev/Desktop/water-regime-gis/outputs/imagery/kaa/KAA_КУР-ГОР-0063-02/2026-06-11/sentinel_true_color.tif
OK kaa/KAA_КУР-ГОР-0063-02/2026-06-18: /Users/korneev/Desktop/water-regime-gis/outputs/imagery/kaa/KAA_КУР-ГОР-0063-02/2026-06-18/sentinel_true_color.tif
OK kaa/KAA_КУР-ГОР-0063-02/2026-06-24: /Users/korneev/Desktop/water-regime-gis/outputs/imagery/kaa/KAA_КУР-ГОР-0063-02/2026-06-24/sentinel_true_color.tif
OK kaa/KAA_КУР-ГОР-0063-02/2026-07-01: /Users/korneev/Desktop/water-regime-gis/outputs/imagery/kaa/KAA_КУР-ГОР-0063-02/2026-07-01/sentinel_true_color.tif
OK kaa/KAA_КУР-ГОР-0063-02/2026-07-08: /Users/korneev/Desktop/water-regime-gis/outputs/imagery/kaa/KAA_КУР-ГОР-0063-02/2026-07-08/sentinel_true_color.tif
OK kaa/KAA_КУР-ГОР-0063-02/2026-07-18: /Users/korneev/Desktop/water-regime-gis/outputs/imagery/kaa/KAA_КУР-ГОР-0063-02/2026-07-18/sentinel_true_color.tif
OK kaa/KAA_КУР-ГОР-0063-02/2026-07-19: /Users/korneev/Desktop/water-regime-gis/outputs/imagery/kaa/KAA_КУР-ГОР-0063-02/2026-07-19/sentinel_true_color.tif
OK kaa/KAA_КУР-ГОР-0063-02/2026-07-28: /Users/korneev/Desktop/water-regime-gis/outputs/imagery/kaa/KAA_КУР-ГОР-0063-02/2026-07-28/sentinel_true_color.tif
OK kaa/KAA_КУР-ГОР-0063-02/2026-07-31: /Users/korneev/Desktop/water-regime-gis/outputs/imagery/kaa/KAA_КУР-ГОР-0063-02/2026-07-31/sentinel_true_color.tif
OK kaa/KAA_КУР-ГОР-0063-02/2026-08-03: /Users/korneev/Desktop/water-regime-gis/outputs/imagery/kaa/KAA_КУР-ГОР-0063-02/2026-08-03/sentinel_true_color.tif
OK kaa/KAA_КУР-ГОР-0063-02/2026-08-05: /Users/korneev/Desktop/water-regime-gis/outputs/imagery/kaa/KAA_КУР-ГОР-0063-02/2026-08-05/sentinel_true_color.tif
OK kaa/KAA_КУР-ГОР-0063-02/2026-08-07: /Users/korneev/Desktop/water-regime-gis/outputs/imagery/kaa/KAA_КУР-ГОР-0063-02/2026-08-07/sentinel_true_color.tif
OK kaa/KAA_КУР-ГОР-0063-02/2026-08-08: /Users/korneev/Desktop/water-regime-gis/outputs/imagery/kaa/KAA_КУР-ГОР-0063-02/2026-08-08/sentinel_true_color.tif
OK kaa/KAA_КУР-ГОР-0063-02/2026-08-10: /Users/korneev/Desktop/water-regime-gis/outputs/imagery/kaa/KAA_КУР-ГОР-0063-02/2026-08-10/sentinel_true_color.tif
OK kaa/KAA_КУР-СОЛ-0016-03/2026-05-05: /Users/korneev/Desktop/water-regime-gis/outputs/imagery/kaa/KAA_КУР-СОЛ-0016-03/2026-05-05/sentinel_true_color.tif
OK kaa/KAA_КУР-СОЛ-0016-03/2026-05-20: /Users/korneev/Desktop/water-regime-gis/outputs/imagery/kaa/KAA_КУР-СОЛ-0016-03/2026-05-20/sentinel_true_color.tif
OK kaa/KAA_КУР-СОЛ-0016-03/2026-05-22: /Users/korneev/Desktop/water-regime-gis/outputs/imagery/kaa/KAA_КУР-СОЛ-0016-03/2026-05-22/sentinel_true_color.tif
OK kaa/KAA_КУР-СОЛ-0016-03/2026-06-09: /Users/korneev/Desktop/water-regime-gis/outputs/imagery/kaa/KAA_КУР-СОЛ-0016-03/2026-06-09/sentinel_true_color.tif
OK kaa/KAA_КУР-СОЛ-0016-03/2026-06-11: /Users/korneev/Desktop/water-regime-gis/outputs/imagery/kaa/KAA_КУР-СОЛ-0016-03/2026-06-11/sentinel_true_color.tif
OK kaa/KAA_КУР-СОЛ-0016-03/2026-07-01: /Users/korneev/Desktop/water-regime-gis/outputs/imagery/kaa/KAA_КУР-СОЛ-0016-03/2026-07-01/sentinel_true_color.tif
OK kaa/KAA_КУР-СОЛ-0016-03/2026-07-19: /Users/korneev/Desktop/water-regime-gis/outputs/imagery/kaa/KAA_КУР-СОЛ-0016-03/2026-07-19/sentinel_true_color.tif
OK kaa/KAA_КУР-СОЛ-0016-03/2026-07-31: /Users/korneev/Desktop/water-regime-gis/outputs/imagery/kaa/KAA_КУР-СОЛ-0016-03/2026-07-31/sentinel_true_color.tif
OK kaa/KAA_КУР-СОЛ-0016-03/2026-08-03: /Users/korneev/Desktop/water-regime-gis/outputs/imagery/kaa/KAA_КУР-СОЛ-0016-03/2026-08-03/sentinel_true_color.tif
OK kaa/KAA_КУР-СОЛ-0016-03/2026-08-10: /Users/korneev/Desktop/water-regime-gis/outputs/imagery/kaa/KAA_КУР-СОЛ-0016-03/2026-08-10/sentinel_true_color.tif
OK kaa/KAA_КУР-СОЛ-0001-02/2026-05-05: /Users/korneev/Desktop/water-regime-gis/outputs/imagery/kaa/KAA_КУР-СОЛ-0001-02/2026-05-05/sentinel_true_color.tif
OK kaa/KAA_КУР-СОЛ-0001-02/2026-05-20: /Users/korneev/Desktop/water-regime-gis/outputs/imagery/kaa/KAA_КУР-СОЛ-0001-02/2026-05-20/sentinel_true_color.tif
OK kaa/KAA_КУР-СОЛ-0001-02/2026-05-22: /Users/korneev/Desktop/water-regime-gis/outputs/imagery/kaa/KAA_КУР-СОЛ-0001-02/2026-05-22/sentinel_true_color.tif
OK kaa/KAA_КУР-СОЛ-0001-02/2026-06-09: /Users/korneev/Desktop/water-regime-gis/outputs/imagery/kaa/KAA_КУР-СОЛ-0001-02/2026-06-09/sentinel_true_color.tif
OK kaa/KAA_КУР-СОЛ-0001-02/2026-06-11: /Users/korneev/Desktop/water-regime-gis/outputs/imagery/kaa/KAA_КУР-СОЛ-0001-02/2026-06-11/sentinel_true_color.tif
OK kaa/KAA_КУР-СОЛ-0001-02/2026-07-01: /Users/korneev/Desktop/water-regime-gis/outputs/imagery/kaa/KAA_КУР-СОЛ-0001-02/2026-07-01/sentinel_true_color.tif
OK kaa/KAA_КУР-СОЛ-0001-02/2026-07-19: /Users/korneev/Desktop/water-regime-gis/outputs/imagery/kaa/KAA_КУР-СОЛ-0001-02/2026-07-19/sentinel_true_color.tif
OK kaa/KAA_КУР-СОЛ-0001-02/2026-07-31: /Users/korneev/Desktop/water-regime-gis/outputs/imagery/kaa/KAA_КУР-СОЛ-0001-02/2026-07-31/sentinel_true_color.tif
OK kaa/KAA_КУР-СОЛ-0001-02/2026-08-03: /Users/korneev/Desktop/water-regime-gis/outputs/imagery/kaa/KAA_КУР-СОЛ-0001-02/2026-08-03/sentinel_true_color.tif
OK kaa/KAA_КУР-СОЛ-0001-02/2026-08-10: /Users/korneev/Desktop/water-regime-gis/outputs/imagery/kaa/KAA_КУР-СОЛ-0001-02/2026-08-10/sentinel_true_color.tif
OK kaa/KAA_КУР-ГОР-0060-03/2026-04-25: /Users/korneev/Desktop/water-regime-gis/outputs/imagery/kaa/KAA_КУР-ГОР-0060-03/2026-04-25/sentinel_true_color.tif
OK kaa/KAA_КУР-ГОР-0060-03/2026-05-05: /Users/korneev/Desktop/water-regime-gis/outputs/imagery/kaa/KAA_КУР-ГОР-0060-03/2026-05-05/sentinel_true_color.tif
OK kaa/KAA_КУР-ГОР-0060-03/2026-05-07: /Users/korneev/Desktop/water-regime-gis/outputs/imagery/kaa/KAA_КУР-ГОР-0060-03/2026-05-07/sentinel_true_color.tif
OK kaa/KAA_КУР-ГОР-0060-03/2026-05-20: /Users/korneev/Desktop/water-regime-gis/outputs/imagery/kaa/KAA_КУР-ГОР-0060-03/2026-05-20/sentinel_true_color.tif
OK kaa/KAA_КУР-ГОР-0060-03/2026-05-22: /Users/korneev/Desktop/water-regime-gis/outputs/imagery/kaa/KAA_КУР-ГОР-0060-03/2026-05-22/sentinel_true_color.tif
OK kaa/KAA_КУР-ГОР-0060-03/2026-06-08: /Users/korneev/Desktop/water-regime-gis/outputs/imagery/kaa/KAA_КУР-ГОР-0060-03/2026-06-08/sentinel_true_color.tif
OK kaa/KAA_КУР-ГОР-0060-03/2026-06-09: /Users/korneev/Desktop/water-regime-gis/outputs/imagery/kaa/KAA_КУР-ГОР-0060-03/2026-06-09/sentinel_true_color.tif
OK kaa/KAA_КУР-ГОР-0060-03/2026-06-11: /Users/korneev/Desktop/water-regime-gis/outputs/imagery/kaa/KAA_КУР-ГОР-0060-03/2026-06-11/sentinel_true_color.tif
OK kaa/KAA_КУР-ГОР-0060-03/2026-06-18: /Users/korneev/Desktop/water-regime-gis/outputs/imagery/kaa/KAA_КУР-ГОР-0060-03/2026-06-18/sentinel_true_color.tif
OK kaa/KAA_КУР-ГОР-0060-03/2026-07-01: /Users/korneev/Desktop/water-regime-gis/outputs/imagery/kaa/KAA_КУР-ГОР-0060-03/2026-07-01/sentinel_true_color.tif
OK kaa/KAA_КУР-ГОР-0060-03/2026-07-18: /Users/korneev/Desktop/water-regime-gis/outputs/imagery/kaa/KAA_КУР-ГОР-0060-03/2026-07-18/sentinel_true_color.tif
OK kaa/KAA_КУР-ГОР-0060-03/2026-07-19: /Users/korneev/Desktop/water-regime-gis/outputs/imagery/kaa/KAA_КУР-ГОР-0060-03/2026-07-19/sentinel_true_color.tif
OK kaa/KAA_КУР-ГОР-0060-03/2026-07-31: /Users/korneev/Desktop/water-regime-gis/outputs/imagery/kaa/KAA_КУР-ГОР-0060-03/2026-07-31/sentinel_true_color.tif
OK kaa/KAA_КУР-ГОР-0060-03/2026-08-03: /Users/korneev/Desktop/water-regime-gis/outputs/imagery/kaa/KAA_КУР-ГОР-0060-03/2026-08-03/sentinel_true_color.tif
OK kaa/KAA_КУР-ГОР-0060-03/2026-08-07: /Users/korneev/Desktop/water-regime-gis/outputs/imagery/kaa/KAA_КУР-ГОР-0060-03/2026-08-07/sentinel_true_color.tif
OK kaa/KAA_КУР-ГОР-0060-03/2026-08-08: /Users/korneev/Desktop/water-regime-gis/outputs/imagery/kaa/KAA_КУР-ГОР-0060-03/2026-08-08/sentinel_true_color.tif
OK kaa/KAA_КУР-ГОР-0060-03/2026-08-10: /Users/korneev/Desktop/water-regime-gis/outputs/imagery/kaa/KAA_КУР-ГОР-0060-03/2026-08-10/sentinel_true_color.tif
OK kaa/KAA_КУР-ГОР-0058-02/2026-04-25: /Users/korneev/Desktop/water-regime-gis/outputs/imagery/kaa/KAA_КУР-ГОР-0058-02/2026-04-25/sentinel_true_color.tif
OK kaa/KAA_КУР-ГОР-0058-02/2026-05-05: /Users/korneev/Desktop/water-regime-gis/outputs/imagery/kaa/KAA_КУР-ГОР-0058-02/2026-05-05/sentinel_true_color.tif
OK kaa/KAA_КУР-ГОР-0058-02/2026-05-07: /Users/korneev/Desktop/water-regime-gis/outputs/imagery/kaa/KAA_КУР-ГОР-0058-02/2026-05-07/sentinel_true_color.tif
OK kaa/KAA_КУР-ГОР-0058-02/2026-05-20: /Users/korneev/Desktop/water-regime-gis/outputs/imagery/kaa/KAA_КУР-ГОР-0058-02/2026-05-20/sentinel_true_color.tif
OK kaa/KAA_КУР-ГОР-0058-02/2026-05-22: /Users/korneev/Desktop/water-regime-gis/outputs/imagery/kaa/KAA_КУР-ГОР-0058-02/2026-05-22/sentinel_true_color.tif
OK kaa/KAA_КУР-ГОР-0058-02/2026-06-08: /Users/korneev/Desktop/water-regime-gis/outputs/imagery/kaa/KAA_КУР-ГОР-0058-02/2026-06-08/sentinel_true_color.tif
OK kaa/KAA_КУР-ГОР-0058-02/2026-06-09: /Users/korneev/Desktop/water-regime-gis/outputs/imagery/kaa/KAA_КУР-ГОР-0058-02/2026-06-09/sentinel_true_color.tif
OK kaa/KAA_КУР-ГОР-0058-02/2026-06-11: /Users/korneev/Desktop/water-regime-gis/outputs/imagery/kaa/KAA_КУР-ГОР-0058-02/2026-06-11/sentinel_true_color.tif
OK kaa/KAA_КУР-ГОР-0058-02/2026-06-18: /Users/korneev/Desktop/water-regime-gis/outputs/imagery/kaa/KAA_КУР-ГОР-0058-02/2026-06-18/sentinel_true_color.tif
OK kaa/KAA_КУР-ГОР-0058-02/2026-07-01: /Users/korneev/Desktop/water-regime-gis/outputs/imagery/kaa/KAA_КУР-ГОР-0058-02/2026-07-01/sentinel_true_color.tif
OK kaa/KAA_КУР-ГОР-0058-02/2026-07-18: /Users/korneev/Desktop/water-regime-gis/outputs/imagery/kaa/KAA_КУР-ГОР-0058-02/2026-07-18/sentinel_true_color.tif
OK kaa/KAA_КУР-ГОР-0058-02/2026-07-19: /Users/korneev/Desktop/water-regime-gis/outputs/imagery/kaa/KAA_КУР-ГОР-0058-02/2026-07-19/sentinel_true_color.tif
OK kaa/KAA_КУР-ГОР-0058-02/2026-07-31: /Users/korneev/Desktop/water-regime-gis/outputs/imagery/kaa/KAA_КУР-ГОР-0058-02/2026-07-31/sentinel_true_color.tif
OK kaa/KAA_КУР-ГОР-0058-02/2026-08-03: /Users/korneev/Desktop/water-regime-gis/outputs/imagery/kaa/KAA_КУР-ГОР-0058-02/2026-08-03/sentinel_true_color.tif
OK kaa/KAA_КУР-ГОР-0058-02/2026-08-07: /Users/korneev/Desktop/water-regime-gis/outputs/imagery/kaa/KAA_КУР-ГОР-0058-02/2026-08-07/sentinel_true_color.tif
OK kaa/KAA_КУР-ГОР-0058-02/2026-08-08: /Users/korneev/Desktop/water-regime-gis/outputs/imagery/kaa/KAA_КУР-ГОР-0058-02/2026-08-08/sentinel_true_color.tif
OK kaa/KAA_КУР-ГОР-0058-02/2026-08-10: /Users/korneev/Desktop/water-regime-gis/outputs/imagery/kaa/KAA_КУР-ГОР-0058-02/2026-08-10/sentinel_true_color.tif
OK kaa/KAA_КУР-СОЛ-0027-02/2026-05-05: /Users/korneev/Desktop/water-regime-gis/outputs/imagery/kaa/KAA_КУР-СОЛ-0027-02/2026-05-05/sentinel_true_color.tif
OK kaa/KAA_КУР-СОЛ-0027-02/2026-05-20: /Users/korneev/Desktop/water-regime-gis/outputs/imagery/kaa/KAA_КУР-СОЛ-0027-02/2026-05-20/sentinel_true_color.tif
OK kaa/KAA_КУР-СОЛ-0027-02/2026-05-22: /Users/korneev/Desktop/water-regime-gis/outputs/imagery/kaa/KAA_КУР-СОЛ-0027-02/2026-05-22/sentinel_true_color.tif
OK kaa/KAA_КУР-СОЛ-0027-02/2026-06-09: /Users/korneev/Desktop/water-regime-gis/outputs/imagery/kaa/KAA_КУР-СОЛ-0027-02/2026-06-09/sentinel_true_color.tif
OK kaa/KAA_КУР-СОЛ-0027-02/2026-06-11: /Users/korneev/Desktop/water-regime-gis/outputs/imagery/kaa/KAA_КУР-СОЛ-0027-02/2026-06-11/sentinel_true_color.tif
OK kaa/KAA_КУР-СОЛ-0027-02/2026-07-01: /Users/korneev/Desktop/water-regime-gis/outputs/imagery/kaa/KAA_КУР-СОЛ-0027-02/2026-07-01/sentinel_true_color.tif
OK kaa/KAA_КУР-СОЛ-0027-02/2026-07-19: /Users/korneev/Desktop/water-regime-gis/outputs/imagery/kaa/KAA_КУР-СОЛ-0027-02/2026-07-19/sentinel_true_color.tif
OK kaa/KAA_КУР-СОЛ-0027-02/2026-07-31: /Users/korneev/Desktop/water-regime-gis/outputs/imagery/kaa/KAA_КУР-СОЛ-0027-02/2026-07-31/sentinel_true_color.tif
OK kaa/KAA_КУР-СОЛ-0027-02/2026-08-03: /Users/korneev/Desktop/water-regime-gis/outputs/imagery/kaa/KAA_КУР-СОЛ-0027-02/2026-08-03/sentinel_true_color.tif
OK kaa/KAA_КУР-СОЛ-0027-02/2026-08-10: /Users/korneev/Desktop/water-regime-gis/outputs/imagery/kaa/KAA_КУР-СОЛ-0027-02/2026-08-10/sentinel_true_color.tif
OK kaa/KAA_КУР-ГОР-0058-04/2026-04-25: /Users/korneev/Desktop/water-regime-gis/outputs/imagery/kaa/KAA_КУР-ГОР-0058-04/2026-04-25/sentinel_true_color.tif
OK kaa/KAA_КУР-ГОР-0058-04/2026-05-05: /Users/korneev/Desktop/water-regime-gis/outputs/imagery/kaa/KAA_КУР-ГОР-0058-04/2026-05-05/sentinel_true_color.tif
OK kaa/KAA_КУР-ГОР-0058-04/2026-05-07: /Users/korneev/Desktop/water-regime-gis/outputs/imagery/kaa/KAA_КУР-ГОР-0058-04/2026-05-07/sentinel_true_color.tif
OK kaa/KAA_КУР-ГОР-0058-04/2026-05-20: /Users/korneev/Desktop/water-regime-gis/outputs/imagery/kaa/KAA_КУР-ГОР-0058-04/2026-05-20/sentinel_true_color.tif
OK kaa/KAA_КУР-ГОР-0058-04/2026-05-22: /Users/korneev/Desktop/water-regime-gis/outputs/imagery/kaa/KAA_КУР-ГОР-0058-04/2026-05-22/sentinel_true_color.tif
OK kaa/KAA_КУР-ГОР-0058-04/2026-06-08: /Users/korneev/Desktop/water-regime-gis/outputs/imagery/kaa/KAA_КУР-ГОР-0058-04/2026-06-08/sentinel_true_color.tif
OK kaa/KAA_КУР-ГОР-0058-04/2026-06-09: /Users/korneev/Desktop/water-regime-gis/outputs/imagery/kaa/KAA_КУР-ГОР-0058-04/2026-06-09/sentinel_true_color.tif
OK kaa/KAA_КУР-ГОР-0058-04/2026-06-11: /Users/korneev/Desktop/water-regime-gis/outputs/imagery/kaa/KAA_КУР-ГОР-0058-04/2026-06-11/sentinel_true_color.tif
OK kaa/KAA_КУР-ГОР-0058-04/2026-06-18: /Users/korneev/Desktop/water-regime-gis/outputs/imagery/kaa/KAA_КУР-ГОР-0058-04/2026-06-18/sentinel_true_color.tif
OK kaa/KAA_КУР-ГОР-0058-04/2026-07-01: /Users/korneev/Desktop/water-regime-gis/outputs/imagery/kaa/KAA_КУР-ГОР-0058-04/2026-07-01/sentinel_true_color.tif
OK kaa/KAA_КУР-ГОР-0058-04/2026-07-18: /Users/korneev/Desktop/water-regime-gis/outputs/imagery/kaa/KAA_КУР-ГОР-0058-04/2026-07-18/sentinel_true_color.tif
OK kaa/KAA_КУР-ГОР-0058-04/2026-07-19: /Users/korneev/Desktop/water-regime-gis/outputs/imagery/kaa/KAA_КУР-ГОР-0058-04/2026-07-19/sentinel_true_color.tif
OK kaa/KAA_КУР-ГОР-0058-04/2026-07-31: /Users/korneev/Desktop/water-regime-gis/outputs/imagery/kaa/KAA_КУР-ГОР-0058-04/2026-07-31/sentinel_true_color.tif
OK kaa/KAA_КУР-ГОР-0058-04/2026-08-03: /Users/korneev/Desktop/water-regime-gis/outputs/imagery/kaa/KAA_КУР-ГОР-0058-04/2026-08-03/sentinel_true_color.tif
OK kaa/KAA_КУР-ГОР-0058-04/2026-08-07: /Users/korneev/Desktop/water-regime-gis/outputs/imagery/kaa/KAA_КУР-ГОР-0058-04/2026-08-07/sentinel_true_color.tif
OK kaa/KAA_КУР-ГОР-0058-04/2026-08-08: /Users/korneev/Desktop/water-regime-gis/outputs/imagery/kaa/KAA_КУР-ГОР-0058-04/2026-08-08/sentinel_true_color.tif
OK kaa/KAA_КУР-ГОР-0058-04/2026-08-10: /Users/korneev/Desktop/water-regime-gis/outputs/imagery/kaa/KAA_КУР-ГОР-0058-04/2026-08-10/sentinel_true_color.tif
OK kaa/KAA_КУР-СОЛ-0030-02/2026-05-05: /Users/korneev/Desktop/water-regime-gis/outputs/imagery/kaa/KAA_КУР-СОЛ-0030-02/2026-05-05/sentinel_true_color.tif
OK kaa/KAA_КУР-СОЛ-0030-02/2026-05-20: /Users/korneev/Desktop/water-regime-gis/outputs/imagery/kaa/KAA_КУР-СОЛ-0030-02/2026-05-20/sentinel_true_color.tif
OK kaa/KAA_КУР-СОЛ-0030-02/2026-05-22: /Users/korneev/Desktop/water-regime-gis/outputs/imagery/kaa/KAA_КУР-СОЛ-0030-02/2026-05-22/sentinel_true_color.tif
OK kaa/KAA_КУР-СОЛ-0030-02/2026-06-09: /Users/korneev/Desktop/water-regime-gis/outputs/imagery/kaa/KAA_КУР-СОЛ-0030-02/2026-06-09/sentinel_true_color.tif
OK kaa/KAA_КУР-СОЛ-0030-02/2026-06-11: /Users/korneev/Desktop/water-regime-gis/outputs/imagery/kaa/KAA_КУР-СОЛ-0030-02/2026-06-11/sentinel_true_color.tif
OK kaa/KAA_КУР-СОЛ-0030-02/2026-07-01: /Users/korneev/Desktop/water-regime-gis/outputs/imagery/kaa/KAA_КУР-СОЛ-0030-02/2026-07-01/sentinel_true_color.tif
OK kaa/KAA_КУР-СОЛ-0030-02/2026-07-19: /Users/korneev/Desktop/water-regime-gis/outputs/imagery/kaa/KAA_КУР-СОЛ-0030-02/2026-07-19/sentinel_true_color.tif
OK kaa/KAA_КУР-СОЛ-0030-02/2026-07-31: /Users/korneev/Desktop/water-regime-gis/outputs/imagery/kaa/KAA_КУР-СОЛ-0030-02/2026-07-31/sentinel_true_color.tif
OK kaa/KAA_КУР-СОЛ-0030-02/2026-08-03: /Users/korneev/Desktop/water-regime-gis/outputs/imagery/kaa/KAA_КУР-СОЛ-0030-02/2026-08-03/sentinel_true_color.tif
OK kaa/KAA_КУР-СОЛ-0030-02/2026-08-10: /Users/korneev/Desktop/water-regime-gis/outputs/imagery/kaa/KAA_КУР-СОЛ-0030-02/2026-08-10/sentinel_true_color.tif
OK kaa/KAA_КУР-ГОР-0062-02/2026-04-12: /Users/korneev/Desktop/water-regime-gis/outputs/imagery/kaa/KAA_КУР-ГОР-0062-02/2026-04-12/sentinel_true_color.tif
OK kaa/KAA_КУР-ГОР-0062-02/2026-04-25: /Users/korneev/Desktop/water-regime-gis/outputs/imagery/kaa/KAA_КУР-ГОР-0062-02/2026-04-25/sentinel_true_color.tif
OK kaa/KAA_КУР-ГОР-0062-02/2026-05-05: /Users/korneev/Desktop/water-regime-gis/outputs/imagery/kaa/KAA_КУР-ГОР-0062-02/2026-05-05/sentinel_true_color.tif
OK kaa/KAA_КУР-ГОР-0062-02/2026-05-07: /Users/korneev/Desktop/water-regime-gis/outputs/imagery/kaa/KAA_КУР-ГОР-0062-02/2026-05-07/sentinel_true_color.tif
OK kaa/KAA_КУР-ГОР-0062-02/2026-05-09: /Users/korneev/Desktop/water-regime-gis/outputs/imagery/kaa/KAA_КУР-ГОР-0062-02/2026-05-09/sentinel_true_color.tif
OK kaa/KAA_КУР-ГОР-0062-02/2026-05-20: /Users/korneev/Desktop/water-regime-gis/outputs/imagery/kaa/KAA_КУР-ГОР-0062-02/2026-05-20/sentinel_true_color.tif
OK kaa/KAA_КУР-ГОР-0062-02/2026-05-22: /Users/korneev/Desktop/water-regime-gis/outputs/imagery/kaa/KAA_КУР-ГОР-0062-02/2026-05-22/sentinel_true_color.tif
OK kaa/KAA_КУР-ГОР-0062-02/2026-06-06: /Users/korneev/Desktop/water-regime-gis/outputs/imagery/kaa/KAA_КУР-ГОР-0062-02/2026-06-06/sentinel_true_color.tif
OK kaa/KAA_КУР-ГОР-0062-02/2026-06-08: /Users/korneev/Desktop/water-regime-gis/outputs/imagery/kaa/KAA_КУР-ГОР-0062-02/2026-06-08/sentinel_true_color.tif
OK kaa/KAA_КУР-ГОР-0062-02/2026-06-09: /Users/korneev/Desktop/water-regime-gis/outputs/imagery/kaa/KAA_КУР-ГОР-0062-02/2026-06-09/sentinel_true_color.tif
OK kaa/KAA_КУР-ГОР-0062-02/2026-06-11: /Users/korneev/Desktop/water-regime-gis/outputs/imagery/kaa/KAA_КУР-ГОР-0062-02/2026-06-11/sentinel_true_color.tif
OK kaa/KAA_КУР-ГОР-0062-02/2026-06-24: /Users/korneev/Desktop/water-regime-gis/outputs/imagery/kaa/KAA_КУР-ГОР-0062-02/2026-06-24/sentinel_true_color.tif
OK kaa/KAA_КУР-ГОР-0062-02/2026-07-08: /Users/korneev/Desktop/water-regime-gis/outputs/imagery/kaa/KAA_КУР-ГОР-0062-02/2026-07-08/sentinel_true_color.tif
OK kaa/KAA_КУР-ГОР-0062-02/2026-07-18: /Users/korneev/Desktop/water-regime-gis/outputs/imagery/kaa/KAA_КУР-ГОР-0062-02/2026-07-18/sentinel_true_color.tif
OK kaa/KAA_КУР-ГОР-0062-02/2026-07-19: /Users/korneev/Desktop/water-regime-gis/outputs/imagery/kaa/KAA_КУР-ГОР-0062-02/2026-07-19/sentinel_true_color.tif
OK kaa/KAA_КУР-ГОР-0062-02/2026-07-31: /Users/korneev/Desktop/water-regime-gis/outputs/imagery/kaa/KAA_КУР-ГОР-0062-02/2026-07-31/sentinel_true_color.tif
OK kaa/KAA_КУР-ГОР-0062-02/2026-08-03: /Users/korneev/Desktop/water-regime-gis/outputs/imagery/kaa/KAA_КУР-ГОР-0062-02/2026-08-03/sentinel_true_color.tif
OK kaa/KAA_КУР-ГОР-0062-02/2026-08-05: /Users/korneev/Desktop/water-regime-gis/outputs/imagery/kaa/KAA_КУР-ГОР-0062-02/2026-08-05/sentinel_true_color.tif
OK kaa/KAA_КУР-ГОР-0062-02/2026-08-07: /Users/korneev/Desktop/water-regime-gis/outputs/imagery/kaa/KAA_КУР-ГОР-0062-02/2026-08-07/sentinel_true_color.tif
OK kaa/KAA_КУР-ГОР-0062-02/2026-08-08: /Users/korneev/Desktop/water-regime-gis/outputs/imagery/kaa/KAA_КУР-ГОР-0062-02/2026-08-08/sentinel_true_color.tif
OK kaa/KAA_КУР-ГОР-0062-02/2026-08-10: /Users/korneev/Desktop/water-regime-gis/outputs/imagery/kaa/KAA_КУР-ГОР-0062-02/2026-08-10/sentinel_true_color.tif
OK kaa/KAA_КУР-СОЛ-0020-02/2026-05-05: /Users/korneev/Desktop/water-regime-gis/outputs/imagery/kaa/KAA_КУР-СОЛ-0020-02/2026-05-05/sentinel_true_color.tif
OK kaa/KAA_КУР-СОЛ-0020-02/2026-05-20: /Users/korneev/Desktop/water-regime-gis/outputs/imagery/kaa/KAA_КУР-СОЛ-0020-02/2026-05-20/sentinel_true_color.tif
OK kaa/KAA_КУР-СОЛ-0020-02/2026-05-22: /Users/korneev/Desktop/water-regime-gis/outputs/imagery/kaa/KAA_КУР-СОЛ-0020-02/2026-05-22/sentinel_true_color.tif
OK kaa/KAA_КУР-СОЛ-0020-02/2026-06-09: /Users/korneev/Desktop/water-regime-gis/outputs/imagery/kaa/KAA_КУР-СОЛ-0020-02/2026-06-09/sentinel_true_color.tif
OK kaa/KAA_КУР-СОЛ-0020-02/2026-06-11: /Users/korneev/Desktop/water-regime-gis/outputs/imagery/kaa/KAA_КУР-СОЛ-0020-02/2026-06-11/sentinel_true_color.tif
OK kaa/KAA_КУР-СОЛ-0020-02/2026-07-01: /Users/korneev/Desktop/water-regime-gis/outputs/imagery/kaa/KAA_КУР-СОЛ-0020-02/2026-07-01/sentinel_true_color.tif
OK kaa/KAA_КУР-СОЛ-0020-02/2026-07-19: /Users/korneev/Desktop/water-regime-gis/outputs/imagery/kaa/KAA_КУР-СОЛ-0020-02/2026-07-19/sentinel_true_color.tif
OK kaa/KAA_КУР-СОЛ-0020-02/2026-07-31: /Users/korneev/Desktop/water-regime-gis/outputs/imagery/kaa/KAA_КУР-СОЛ-0020-02/2026-07-31/sentinel_true_color.tif
Traceback (most recent call last):
  File "/Users/korneev/Desktop/water-regime-gis/scripts/qgis/download_field_imagery.py", line 344, in <module>
    raise SystemExit(main())
                     ^^^^^^
  File "/Users/korneev/Desktop/water-regime-gis/scripts/qgis/download_field_imagery.py", line 107, in main
    band_paths = download_rgb_bands(
                 ^^^^^^^^^^^^^^^^^^^
  File "/Users/korneev/Desktop/water-regime-gis/scripts/qgis/download_field_imagery.py", line 267, in download_rgb_bands
    sign_href(asset["href"]),
    ^^^^^^^^^^^^^^^^^^^^^^^^
  File "/Users/korneev/Desktop/water-regime-gis/scripts/qgis/download_field_imagery.py", line 291, in sign_href
    with urlopen(request, timeout=30) as response:
         ^^^^^^^^^^^^^^^^^^^^^^^^^^^^
  File "/Applications/QGIS.app/Contents/Frameworks/lib/python3.12/urllib/request.py", line 215, in urlopen
    return opener.open(url, data, timeout)
           ^^^^^^^^^^^^^^^^^^^^^^^^^^^^^^^
  File "/Applications/QGIS.app/Contents/Frameworks/lib/python3.12/urllib/request.py", line 515, in open
    response = self._open(req, data)
               ^^^^^^^^^^^^^^^^^^^^^
  File "/Applications/QGIS.app/Contents/Frameworks/lib/python3.12/urllib/request.py", line 532, in _open
    result = self._call_chain(self.handle_open, protocol, protocol +
             ^^^^^^^^^^^^^^^^^^^^^^^^^^^^^^^^^^^^^^^^^^^^^^^^^^^^^^^
  File "/Applications/QGIS.app/Contents/Frameworks/lib/python3.12/urllib/request.py", line 492, in _call_chain
    result = func(*args)
             ^^^^^^^^^^^
  File "/Applications/QGIS.app/Contents/Frameworks/lib/python3.12/urllib/request.py", line 1392, in https_open
    return self.do_open(http.client.HTTPSConnection, req,
           ^^^^^^^^^^^^^^^^^^^^^^^^^^^^^^^^^^^^^^^^^^^^^^
  File "/Applications/QGIS.app/Contents/Frameworks/lib/python3.12/urllib/request.py", line 1344, in do_open
    h.request(req.get_method(), req.selector, req.data, headers,
  File "/Applications/QGIS.app/Contents/Frameworks/lib/python3.12/http/client.py", line 1338, in request
    self._send_request(method, url, body, headers, encode_chunked)
  File "/Applications/QGIS.app/Contents/Frameworks/lib/python3.12/http/client.py", line 1384, in _send_request
    self.endheaders(body, encode_chunked=encode_chunked)
  File "/Applications/QGIS.app/Contents/Frameworks/lib/python3.12/http/client.py", line 1333, in endheaders
    self._send_output(message_body, encode_chunked=encode_chunked)
  File "/Applications/QGIS.app/Contents/Frameworks/lib/python3.12/http/client.py", line 1093, in _send_output
    self.send(msg)
  File "/Applications/QGIS.app/Contents/Frameworks/lib/python3.12/http/client.py", line 1037, in send
    self.connect()
  File "/Applications/QGIS.app/Contents/Frameworks/lib/python3.12/http/client.py", line 1479, in connect
    self.sock = self._context.wrap_socket(self.sock,
                ^^^^^^^^^^^^^^^^^^^^^^^^^^^^^^^^^^^^
  File "/Applications/QGIS.app/Contents/Frameworks/lib/python3.12/ssl.py", line 455, in wrap_socket
    return self.sslsocket_class._create(
           ^^^^^^^^^^^^^^^^^^^^^^^^^^^^^
  File "/Applications/QGIS.app/Contents/Frameworks/lib/python3.12/ssl.py", line 1041, in _create
    self.do_handshake()
  File "/Applications/QGIS.app/Contents/Frameworks/lib/python3.12/ssl.py", line 1319, in do_handshake
    self._sslobj.do_handshake()
KeyboardInterrupt
SKIP kaa/KAA_КУР-СОЛ-0005-02/2026-05-05: /Users/korneev/Desktop/water-regime-gis/outputs/imagery/kaa/KAA_КУР-СОЛ-0005-02/2026-05-05/sentinel_true_color.tif
SKIP kaa/KAA_КУР-СОЛ-0005-02/2026-05-20: /Users/korneev/Desktop/water-regime-gis/outputs/imagery/kaa/KAA_КУР-СОЛ-0005-02/2026-05-20/sentinel_true_color.tif
SKIP kaa/KAA_КУР-СОЛ-0005-02/2026-05-22: /Users/korneev/Desktop/water-regime-gis/outputs/imagery/kaa/KAA_КУР-СОЛ-0005-02/2026-05-22/sentinel_true_color.tif
SKIP kaa/KAA_КУР-СОЛ-0005-02/2026-06-09: /Users/korneev/Desktop/water-regime-gis/outputs/imagery/kaa/KAA_КУР-СОЛ-0005-02/2026-06-09/sentinel_true_color.tif
SKIP kaa/KAA_КУР-СОЛ-0005-02/2026-06-11: /Users/korneev/Desktop/water-regime-gis/outputs/imagery/kaa/KAA_КУР-СОЛ-0005-02/2026-06-11/sentinel_true_color.tif
SKIP kaa/KAA_КУР-СОЛ-0005-02/2026-07-01: /Users/korneev/Desktop/water-regime-gis/outputs/imagery/kaa/KAA_КУР-СОЛ-0005-02/2026-07-01/sentinel_true_color.tif
SKIP kaa/KAA_КУР-СОЛ-0005-02/2026-07-19: /Users/korneev/Desktop/water-regime-gis/outputs/imagery/kaa/KAA_КУР-СОЛ-0005-02/2026-07-19/sentinel_true_color.tif
SKIP kaa/KAA_КУР-СОЛ-0005-02/2026-07-31: /Users/korneev/Desktop/water-regime-gis/outputs/imagery/kaa/KAA_КУР-СОЛ-0005-02/2026-07-31/sentinel_true_color.tif
SKIP kaa/KAA_КУР-СОЛ-0005-02/2026-08-03: /Users/korneev/Desktop/water-regime-gis/outputs/imagery/kaa/KAA_КУР-СОЛ-0005-02/2026-08-03/sentinel_true_color.tif
SKIP kaa/KAA_КУР-СОЛ-0005-02/2026-08-10: /Users/korneev/Desktop/water-regime-gis/outputs/imagery/kaa/KAA_КУР-СОЛ-0005-02/2026-08-10/sentinel_true_color.tif
SKIP kaa/KAA_КУР-ГОР-0063-03/2026-04-25: /Users/korneev/Desktop/water-regime-gis/outputs/imagery/kaa/KAA_КУР-ГОР-0063-03/2026-04-25/sentinel_true_color.tif
SKIP kaa/KAA_КУР-ГОР-0063-03/2026-05-05: /Users/korneev/Desktop/water-regime-gis/outputs/imagery/kaa/KAA_КУР-ГОР-0063-03/2026-05-05/sentinel_true_color.tif
SKIP kaa/KAA_КУР-ГОР-0063-03/2026-05-07: /Users/korneev/Desktop/water-regime-gis/outputs/imagery/kaa/KAA_КУР-ГОР-0063-03/2026-05-07/sentinel_true_color.tif
SKIP kaa/KAA_КУР-ГОР-0063-03/2026-05-20: /Users/korneev/Desktop/water-regime-gis/outputs/imagery/kaa/KAA_КУР-ГОР-0063-03/2026-05-20/sentinel_true_color.tif
SKIP kaa/KAA_КУР-ГОР-0063-03/2026-05-22: /Users/korneev/Desktop/water-regime-gis/outputs/imagery/kaa/KAA_КУР-ГОР-0063-03/2026-05-22/sentinel_true_color.tif
SKIP kaa/KAA_КУР-ГОР-0063-03/2026-06-08: /Users/korneev/Desktop/water-regime-gis/outputs/imagery/kaa/KAA_КУР-ГОР-0063-03/2026-06-08/sentinel_true_color.tif
SKIP kaa/KAA_КУР-ГОР-0063-03/2026-06-09: /Users/korneev/Desktop/water-regime-gis/outputs/imagery/kaa/KAA_КУР-ГОР-0063-03/2026-06-09/sentinel_true_color.tif
SKIP kaa/KAA_КУР-ГОР-0063-03/2026-06-11: /Users/korneev/Desktop/water-regime-gis/outputs/imagery/kaa/KAA_КУР-ГОР-0063-03/2026-06-11/sentinel_true_color.tif
SKIP kaa/KAA_КУР-ГОР-0063-03/2026-06-18: /Users/korneev/Desktop/water-regime-gis/outputs/imagery/kaa/KAA_КУР-ГОР-0063-03/2026-06-18/sentinel_true_color.tif
SKIP kaa/KAA_КУР-ГОР-0063-03/2026-07-01: /Users/korneev/Desktop/water-regime-gis/outputs/imagery/kaa/KAA_КУР-ГОР-0063-03/2026-07-01/sentinel_true_color.tif
SKIP kaa/KAA_КУР-ГОР-0063-03/2026-07-18: /Users/korneev/Desktop/water-regime-gis/outputs/imagery/kaa/KAA_КУР-ГОР-0063-03/2026-07-18/sentinel_true_color.tif
SKIP kaa/KAA_КУР-ГОР-0063-03/2026-07-19: /Users/korneev/Desktop/water-regime-gis/outputs/imagery/kaa/KAA_КУР-ГОР-0063-03/2026-07-19/sentinel_true_color.tif
SKIP kaa/KAA_КУР-ГОР-0063-03/2026-07-31: /Users/korneev/Desktop/water-regime-gis/outputs/imagery/kaa/KAA_КУР-ГОР-0063-03/2026-07-31/sentinel_true_color.tif
SKIP kaa/KAA_КУР-ГОР-0063-03/2026-08-03: /Users/korneev/Desktop/water-regime-gis/outputs/imagery/kaa/KAA_КУР-ГОР-0063-03/2026-08-03/sentinel_true_color.tif
SKIP kaa/KAA_КУР-ГОР-0063-03/2026-08-07: /Users/korneev/Desktop/water-regime-gis/outputs/imagery/kaa/KAA_КУР-ГОР-0063-03/2026-08-07/sentinel_true_color.tif
SKIP kaa/KAA_КУР-ГОР-0063-03/2026-08-08: /Users/korneev/Desktop/water-regime-gis/outputs/imagery/kaa/KAA_КУР-ГОР-0063-03/2026-08-08/sentinel_true_color.tif
SKIP kaa/KAA_КУР-ГОР-0063-03/2026-08-10: /Users/korneev/Desktop/water-regime-gis/outputs/imagery/kaa/KAA_КУР-ГОР-0063-03/2026-08-10/sentinel_true_color.tif
SKIP kaa/KAA_КУР-ГОР-0057-03/2026-04-25: /Users/korneev/Desktop/water-regime-gis/outputs/imagery/kaa/KAA_КУР-ГОР-0057-03/2026-04-25/sentinel_true_color.tif
SKIP kaa/KAA_КУР-ГОР-0057-03/2026-05-05: /Users/korneev/Desktop/water-regime-gis/outputs/imagery/kaa/KAA_КУР-ГОР-0057-03/2026-05-05/sentinel_true_color.tif
SKIP kaa/KAA_КУР-ГОР-0057-03/2026-05-07: /Users/korneev/Desktop/water-regime-gis/outputs/imagery/kaa/KAA_КУР-ГОР-0057-03/2026-05-07/sentinel_true_color.tif
SKIP kaa/KAA_КУР-ГОР-0057-03/2026-05-20: /Users/korneev/Desktop/water-regime-gis/outputs/imagery/kaa/KAA_КУР-ГОР-0057-03/2026-05-20/sentinel_true_color.tif
SKIP kaa/KAA_КУР-ГОР-0057-03/2026-05-22: /Users/korneev/Desktop/water-regime-gis/outputs/imagery/kaa/KAA_КУР-ГОР-0057-03/2026-05-22/sentinel_true_color.tif
SKIP kaa/KAA_КУР-ГОР-0057-03/2026-06-08: /Users/korneev/Desktop/water-regime-gis/outputs/imagery/kaa/KAA_КУР-ГОР-0057-03/2026-06-08/sentinel_true_color.tif
SKIP kaa/KAA_КУР-ГОР-0057-03/2026-06-09: /Users/korneev/Desktop/water-regime-gis/outputs/imagery/kaa/KAA_КУР-ГОР-0057-03/2026-06-09/sentinel_true_color.tif
SKIP kaa/KAA_КУР-ГОР-0057-03/2026-06-11: /Users/korneev/Desktop/water-regime-gis/outputs/imagery/kaa/KAA_КУР-ГОР-0057-03/2026-06-11/sentinel_true_color.tif
SKIP kaa/KAA_КУР-ГОР-0057-03/2026-06-18: /Users/korneev/Desktop/water-regime-gis/outputs/imagery/kaa/KAA_КУР-ГОР-0057-03/2026-06-18/sentinel_true_color.tif
SKIP kaa/KAA_КУР-ГОР-0057-03/2026-07-01: /Users/korneev/Desktop/water-regime-gis/outputs/imagery/kaa/KAA_КУР-ГОР-0057-03/2026-07-01/sentinel_true_color.tif
SKIP kaa/KAA_КУР-ГОР-0057-03/2026-07-18: /Users/korneev/Desktop/water-regime-gis/outputs/imagery/kaa/KAA_КУР-ГОР-0057-03/2026-07-18/sentinel_true_color.tif
SKIP kaa/KAA_КУР-ГОР-0057-03/2026-07-19: /Users/korneev/Desktop/water-regime-gis/outputs/imagery/kaa/KAA_КУР-ГОР-0057-03/2026-07-19/sentinel_true_color.tif
SKIP kaa/KAA_КУР-ГОР-0057-03/2026-07-31: /Users/korneev/Desktop/water-regime-gis/outputs/imagery/kaa/KAA_КУР-ГОР-0057-03/2026-07-31/sentinel_true_color.tif
SKIP kaa/KAA_КУР-ГОР-0057-03/2026-08-03: /Users/korneev/Desktop/water-regime-gis/outputs/imagery/kaa/KAA_КУР-ГОР-0057-03/2026-08-03/sentinel_true_color.tif
SKIP kaa/KAA_КУР-ГОР-0057-03/2026-08-07: /Users/korneev/Desktop/water-regime-gis/outputs/imagery/kaa/KAA_КУР-ГОР-0057-03/2026-08-07/sentinel_true_color.tif
SKIP kaa/KAA_КУР-ГОР-0057-03/2026-08-08: /Users/korneev/Desktop/water-regime-gis/outputs/imagery/kaa/KAA_КУР-ГОР-0057-03/2026-08-08/sentinel_true_color.tif
SKIP kaa/KAA_КУР-ГОР-0057-03/2026-08-10: /Users/korneev/Desktop/water-regime-gis/outputs/imagery/kaa/KAA_КУР-ГОР-0057-03/2026-08-10/sentinel_true_color.tif
SKIP kaa/KAA_КУР-СОЛ-0002-02/2026-05-05: /Users/korneev/Desktop/water-regime-gis/outputs/imagery/kaa/KAA_КУР-СОЛ-0002-02/2026-05-05/sentinel_true_color.tif
SKIP kaa/KAA_КУР-СОЛ-0002-02/2026-05-20: /Users/korneev/Desktop/water-regime-gis/outputs/imagery/kaa/KAA_КУР-СОЛ-0002-02/2026-05-20/sentinel_true_color.tif
SKIP kaa/KAA_КУР-СОЛ-0002-02/2026-05-22: /Users/korneev/Desktop/water-regime-gis/outputs/imagery/kaa/KAA_КУР-СОЛ-0002-02/2026-05-22/sentinel_true_color.tif
SKIP kaa/KAA_КУР-СОЛ-0002-02/2026-06-09: /Users/korneev/Desktop/water-regime-gis/outputs/imagery/kaa/KAA_КУР-СОЛ-0002-02/2026-06-09/sentinel_true_color.tif
SKIP kaa/KAA_КУР-СОЛ-0002-02/2026-06-11: /Users/korneev/Desktop/water-regime-gis/outputs/imagery/kaa/KAA_КУР-СОЛ-0002-02/2026-06-11/sentinel_true_color.tif
SKIP kaa/KAA_КУР-СОЛ-0002-02/2026-07-01: /Users/korneev/Desktop/water-regime-gis/outputs/imagery/kaa/KAA_КУР-СОЛ-0002-02/2026-07-01/sentinel_true_color.tif
SKIP kaa/KAA_КУР-СОЛ-0002-02/2026-07-19: /Users/korneev/Desktop/water-regime-gis/outputs/imagery/kaa/KAA_КУР-СОЛ-0002-02/2026-07-19/sentinel_true_color.tif
SKIP kaa/KAA_КУР-СОЛ-0002-02/2026-07-31: /Users/korneev/Desktop/water-regime-gis/outputs/imagery/kaa/KAA_КУР-СОЛ-0002-02/2026-07-31/sentinel_true_color.tif
SKIP kaa/KAA_КУР-СОЛ-0002-02/2026-08-03: /Users/korneev/Desktop/water-regime-gis/outputs/imagery/kaa/KAA_КУР-СОЛ-0002-02/2026-08-03/sentinel_true_color.tif
SKIP kaa/KAA_КУР-СОЛ-0002-02/2026-08-10: /Users/korneev/Desktop/water-regime-gis/outputs/imagery/kaa/KAA_КУР-СОЛ-0002-02/2026-08-10/sentinel_true_color.tif
SKIP kaa/KAA_КУР-СОЛ-0014-02/2026-05-05: /Users/korneev/Desktop/water-regime-gis/outputs/imagery/kaa/KAA_КУР-СОЛ-0014-02/2026-05-05/sentinel_true_color.tif
SKIP kaa/KAA_КУР-СОЛ-0014-02/2026-05-20: /Users/korneev/Desktop/water-regime-gis/outputs/imagery/kaa/KAA_КУР-СОЛ-0014-02/2026-05-20/sentinel_true_color.tif
SKIP kaa/KAA_КУР-СОЛ-0014-02/2026-05-22: /Users/korneev/Desktop/water-regime-gis/outputs/imagery/kaa/KAA_КУР-СОЛ-0014-02/2026-05-22/sentinel_true_color.tif
SKIP kaa/KAA_КУР-СОЛ-0014-02/2026-06-09: /Users/korneev/Desktop/water-regime-gis/outputs/imagery/kaa/KAA_КУР-СОЛ-0014-02/2026-06-09/sentinel_true_color.tif
SKIP kaa/KAA_КУР-СОЛ-0014-02/2026-06-11: /Users/korneev/Desktop/water-regime-gis/outputs/imagery/kaa/KAA_КУР-СОЛ-0014-02/2026-06-11/sentinel_true_color.tif
SKIP kaa/KAA_КУР-СОЛ-0014-02/2026-07-01: /Users/korneev/Desktop/water-regime-gis/outputs/imagery/kaa/KAA_КУР-СОЛ-0014-02/2026-07-01/sentinel_true_color.tif
SKIP kaa/KAA_КУР-СОЛ-0014-02/2026-07-19: /Users/korneev/Desktop/water-regime-gis/outputs/imagery/kaa/KAA_КУР-СОЛ-0014-02/2026-07-19/sentinel_true_color.tif
SKIP kaa/KAA_КУР-СОЛ-0014-02/2026-07-31: /Users/korneev/Desktop/water-regime-gis/outputs/imagery/kaa/KAA_КУР-СОЛ-0014-02/2026-07-31/sentinel_true_color.tif
SKIP kaa/KAA_КУР-СОЛ-0014-02/2026-08-03: /Users/korneev/Desktop/water-regime-gis/outputs/imagery/kaa/KAA_КУР-СОЛ-0014-02/2026-08-03/sentinel_true_color.tif
SKIP kaa/KAA_КУР-СОЛ-0014-02/2026-08-10: /Users/korneev/Desktop/water-regime-gis/outputs/imagery/kaa/KAA_КУР-СОЛ-0014-02/2026-08-10/sentinel_true_color.tif
SKIP kaa/KAA_КУР-ГОР-0061-02/2026-04-25: /Users/korneev/Desktop/water-regime-gis/outputs/imagery/kaa/KAA_КУР-ГОР-0061-02/2026-04-25/sentinel_true_color.tif
SKIP kaa/KAA_КУР-ГОР-0061-02/2026-05-05: /Users/korneev/Desktop/water-regime-gis/outputs/imagery/kaa/KAA_КУР-ГОР-0061-02/2026-05-05/sentinel_true_color.tif
SKIP kaa/KAA_КУР-ГОР-0061-02/2026-05-07: /Users/korneev/Desktop/water-regime-gis/outputs/imagery/kaa/KAA_КУР-ГОР-0061-02/2026-05-07/sentinel_true_color.tif
SKIP kaa/KAA_КУР-ГОР-0061-02/2026-05-20: /Users/korneev/Desktop/water-regime-gis/outputs/imagery/kaa/KAA_КУР-ГОР-0061-02/2026-05-20/sentinel_true_color.tif
SKIP kaa/KAA_КУР-ГОР-0061-02/2026-05-22: /Users/korneev/Desktop/water-regime-gis/outputs/imagery/kaa/KAA_КУР-ГОР-0061-02/2026-05-22/sentinel_true_color.tif
SKIP kaa/KAA_КУР-ГОР-0061-02/2026-06-08: /Users/korneev/Desktop/water-regime-gis/outputs/imagery/kaa/KAA_КУР-ГОР-0061-02/2026-06-08/sentinel_true_color.tif
SKIP kaa/KAA_КУР-ГОР-0061-02/2026-06-09: /Users/korneev/Desktop/water-regime-gis/outputs/imagery/kaa/KAA_КУР-ГОР-0061-02/2026-06-09/sentinel_true_color.tif
SKIP kaa/KAA_КУР-ГОР-0061-02/2026-06-11: /Users/korneev/Desktop/water-regime-gis/outputs/imagery/kaa/KAA_КУР-ГОР-0061-02/2026-06-11/sentinel_true_color.tif
SKIP kaa/KAA_КУР-ГОР-0061-02/2026-06-18: /Users/korneev/Desktop/water-regime-gis/outputs/imagery/kaa/KAA_КУР-ГОР-0061-02/2026-06-18/sentinel_true_color.tif
SKIP kaa/KAA_КУР-ГОР-0061-02/2026-07-01: /Users/korneev/Desktop/water-regime-gis/outputs/imagery/kaa/KAA_КУР-ГОР-0061-02/2026-07-01/sentinel_true_color.tif
SKIP kaa/KAA_КУР-ГОР-0061-02/2026-07-18: /Users/korneev/Desktop/water-regime-gis/outputs/imagery/kaa/KAA_КУР-ГОР-0061-02/2026-07-18/sentinel_true_color.tif
SKIP kaa/KAA_КУР-ГОР-0061-02/2026-07-19: /Users/korneev/Desktop/water-regime-gis/outputs/imagery/kaa/KAA_КУР-ГОР-0061-02/2026-07-19/sentinel_true_color.tif
SKIP kaa/KAA_КУР-ГОР-0061-02/2026-07-31: /Users/korneev/Desktop/water-regime-gis/outputs/imagery/kaa/KAA_КУР-ГОР-0061-02/2026-07-31/sentinel_true_color.tif
SKIP kaa/KAA_КУР-ГОР-0061-02/2026-08-03: /Users/korneev/Desktop/water-regime-gis/outputs/imagery/kaa/KAA_КУР-ГОР-0061-02/2026-08-03/sentinel_true_color.tif
SKIP kaa/KAA_КУР-ГОР-0061-02/2026-08-07: /Users/korneev/Desktop/water-regime-gis/outputs/imagery/kaa/KAA_КУР-ГОР-0061-02/2026-08-07/sentinel_true_color.tif
SKIP kaa/KAA_КУР-ГОР-0061-02/2026-08-08: /Users/korneev/Desktop/water-regime-gis/outputs/imagery/kaa/KAA_КУР-ГОР-0061-02/2026-08-08/sentinel_true_color.tif
SKIP kaa/KAA_КУР-ГОР-0061-02/2026-08-10: /Users/korneev/Desktop/water-regime-gis/outputs/imagery/kaa/KAA_КУР-ГОР-0061-02/2026-08-10/sentinel_true_color.tif
SKIP kaa/KAA_КУР-ГОР-0062-04/2026-04-12: /Users/korneev/Desktop/water-regime-gis/outputs/imagery/kaa/KAA_КУР-ГОР-0062-04/2026-04-12/sentinel_true_color.tif
SKIP kaa/KAA_КУР-ГОР-0062-04/2026-04-25: /Users/korneev/Desktop/water-regime-gis/outputs/imagery/kaa/KAA_КУР-ГОР-0062-04/2026-04-25/sentinel_true_color.tif
SKIP kaa/KAA_КУР-ГОР-0062-04/2026-05-05: /Users/korneev/Desktop/water-regime-gis/outputs/imagery/kaa/KAA_КУР-ГОР-0062-04/2026-05-05/sentinel_true_color.tif
SKIP kaa/KAA_КУР-ГОР-0062-04/2026-05-07: /Users/korneev/Desktop/water-regime-gis/outputs/imagery/kaa/KAA_КУР-ГОР-0062-04/2026-05-07/sentinel_true_color.tif
SKIP kaa/KAA_КУР-ГОР-0062-04/2026-05-09: /Users/korneev/Desktop/water-regime-gis/outputs/imagery/kaa/KAA_КУР-ГОР-0062-04/2026-05-09/sentinel_true_color.tif
SKIP kaa/KAA_КУР-ГОР-0062-04/2026-05-20: /Users/korneev/Desktop/water-regime-gis/outputs/imagery/kaa/KAA_КУР-ГОР-0062-04/2026-05-20/sentinel_true_color.tif
SKIP kaa/KAA_КУР-ГОР-0062-04/2026-05-22: /Users/korneev/Desktop/water-regime-gis/outputs/imagery/kaa/KAA_КУР-ГОР-0062-04/2026-05-22/sentinel_true_color.tif
SKIP kaa/KAA_КУР-ГОР-0062-04/2026-06-06: /Users/korneev/Desktop/water-regime-gis/outputs/imagery/kaa/KAA_КУР-ГОР-0062-04/2026-06-06/sentinel_true_color.tif
SKIP kaa/KAA_КУР-ГОР-0062-04/2026-06-08: /Users/korneev/Desktop/water-regime-gis/outputs/imagery/kaa/KAA_КУР-ГОР-0062-04/2026-06-08/sentinel_true_color.tif
SKIP kaa/KAA_КУР-ГОР-0062-04/2026-06-09: /Users/korneev/Desktop/water-regime-gis/outputs/imagery/kaa/KAA_КУР-ГОР-0062-04/2026-06-09/sentinel_true_color.tif
SKIP kaa/KAA_КУР-ГОР-0062-04/2026-06-11: /Users/korneev/Desktop/water-regime-gis/outputs/imagery/kaa/KAA_КУР-ГОР-0062-04/2026-06-11/sentinel_true_color.tif
SKIP kaa/KAA_КУР-ГОР-0062-04/2026-06-24: /Users/korneev/Desktop/water-regime-gis/outputs/imagery/kaa/KAA_КУР-ГОР-0062-04/2026-06-24/sentinel_true_color.tif
SKIP kaa/KAA_КУР-ГОР-0062-04/2026-07-08: /Users/korneev/Desktop/water-regime-gis/outputs/imagery/kaa/KAA_КУР-ГОР-0062-04/2026-07-08/sentinel_true_color.tif
SKIP kaa/KAA_КУР-ГОР-0062-04/2026-07-18: /Users/korneev/Desktop/water-regime-gis/outputs/imagery/kaa/KAA_КУР-ГОР-0062-04/2026-07-18/sentinel_true_color.tif
OK kaa/KAA_КУР-ГОР-0062-04/2026-07-19: /Users/korneev/Desktop/water-regime-gis/outputs/imagery/kaa/KAA_КУР-ГОР-0062-04/2026-07-19/sentinel_true_color.tif
SKIP kaa/KAA_КУР-ГОР-0062-04/2026-07-31: /Users/korneev/Desktop/water-regime-gis/outputs/imagery/kaa/KAA_КУР-ГОР-0062-04/2026-07-31/sentinel_true_color.tif
SKIP kaa/KAA_КУР-ГОР-0062-04/2026-08-03: /Users/korneev/Desktop/water-regime-gis/outputs/imagery/kaa/KAA_КУР-ГОР-0062-04/2026-08-03/sentinel_true_color.tif
OK kaa/KAA_КУР-ГОР-0062-04/2026-08-05: /Users/korneev/Desktop/water-regime-gis/outputs/imagery/kaa/KAA_КУР-ГОР-0062-04/2026-08-05/sentinel_true_color.tif
SKIP kaa/KAA_КУР-ГОР-0062-04/2026-08-07: /Users/korneev/Desktop/water-regime-gis/outputs/imagery/kaa/KAA_КУР-ГОР-0062-04/2026-08-07/sentinel_true_color.tif
SKIP kaa/KAA_КУР-ГОР-0062-04/2026-08-08: /Users/korneev/Desktop/water-regime-gis/outputs/imagery/kaa/KAA_КУР-ГОР-0062-04/2026-08-08/sentinel_true_color.tif
SKIP kaa/KAA_КУР-ГОР-0062-04/2026-08-10: /Users/korneev/Desktop/water-regime-gis/outputs/imagery/kaa/KAA_КУР-ГОР-0062-04/2026-08-10/sentinel_true_color.tif
SKIP kaa/KAA_КУР-ГОР-0062-03/2026-04-12: /Users/korneev/Desktop/water-regime-gis/outputs/imagery/kaa/KAA_КУР-ГОР-0062-03/2026-04-12/sentinel_true_color.tif
SKIP kaa/KAA_КУР-ГОР-0062-03/2026-04-25: /Users/korneev/Desktop/water-regime-gis/outputs/imagery/kaa/KAA_КУР-ГОР-0062-03/2026-04-25/sentinel_true_color.tif
SKIP kaa/KAA_КУР-ГОР-0062-03/2026-05-05: /Users/korneev/Desktop/water-regime-gis/outputs/imagery/kaa/KAA_КУР-ГОР-0062-03/2026-05-05/sentinel_true_color.tif
SKIP kaa/KAA_КУР-ГОР-0062-03/2026-05-07: /Users/korneev/Desktop/water-regime-gis/outputs/imagery/kaa/KAA_КУР-ГОР-0062-03/2026-05-07/sentinel_true_color.tif
SKIP kaa/KAA_КУР-ГОР-0062-03/2026-05-09: /Users/korneev/Desktop/water-regime-gis/outputs/imagery/kaa/KAA_КУР-ГОР-0062-03/2026-05-09/sentinel_true_color.tif
SKIP kaa/KAA_КУР-ГОР-0062-03/2026-05-20: /Users/korneev/Desktop/water-regime-gis/outputs/imagery/kaa/KAA_КУР-ГОР-0062-03/2026-05-20/sentinel_true_color.tif
SKIP kaa/KAA_КУР-ГОР-0062-03/2026-05-22: /Users/korneev/Desktop/water-regime-gis/outputs/imagery/kaa/KAA_КУР-ГОР-0062-03/2026-05-22/sentinel_true_color.tif
SKIP kaa/KAA_КУР-ГОР-0062-03/2026-06-06: /Users/korneev/Desktop/water-regime-gis/outputs/imagery/kaa/KAA_КУР-ГОР-0062-03/2026-06-06/sentinel_true_color.tif
SKIP kaa/KAA_КУР-ГОР-0062-03/2026-06-08: /Users/korneev/Desktop/water-regime-gis/outputs/imagery/kaa/KAA_КУР-ГОР-0062-03/2026-06-08/sentinel_true_color.tif
SKIP kaa/KAA_КУР-ГОР-0062-03/2026-06-09: /Users/korneev/Desktop/water-regime-gis/outputs/imagery/kaa/KAA_КУР-ГОР-0062-03/2026-06-09/sentinel_true_color.tif
SKIP kaa/KAA_КУР-ГОР-0062-03/2026-06-11: /Users/korneev/Desktop/water-regime-gis/outputs/imagery/kaa/KAA_КУР-ГОР-0062-03/2026-06-11/sentinel_true_color.tif
SKIP kaa/KAA_КУР-ГОР-0062-03/2026-06-24: /Users/korneev/Desktop/water-regime-gis/outputs/imagery/kaa/KAA_КУР-ГОР-0062-03/2026-06-24/sentinel_true_color.tif
SKIP kaa/KAA_КУР-ГОР-0062-03/2026-07-08: /Users/korneev/Desktop/water-regime-gis/outputs/imagery/kaa/KAA_КУР-ГОР-0062-03/2026-07-08/sentinel_true_color.tif
SKIP kaa/KAA_КУР-ГОР-0062-03/2026-07-18: /Users/korneev/Desktop/water-regime-gis/outputs/imagery/kaa/KAA_КУР-ГОР-0062-03/2026-07-18/sentinel_true_color.tif
SKIP kaa/KAA_КУР-ГОР-0062-03/2026-07-19: /Users/korneev/Desktop/water-regime-gis/outputs/imagery/kaa/KAA_КУР-ГОР-0062-03/2026-07-19/sentinel_true_color.tif
SKIP kaa/KAA_КУР-ГОР-0062-03/2026-07-31: /Users/korneev/Desktop/water-regime-gis/outputs/imagery/kaa/KAA_КУР-ГОР-0062-03/2026-07-31/sentinel_true_color.tif
SKIP kaa/KAA_КУР-ГОР-0062-03/2026-08-03: /Users/korneev/Desktop/water-regime-gis/outputs/imagery/kaa/KAA_КУР-ГОР-0062-03/2026-08-03/sentinel_true_color.tif
SKIP kaa/KAA_КУР-ГОР-0062-03/2026-08-05: /Users/korneev/Desktop/water-regime-gis/outputs/imagery/kaa/KAA_КУР-ГОР-0062-03/2026-08-05/sentinel_true_color.tif
SKIP kaa/KAA_КУР-ГОР-0062-03/2026-08-07: /Users/korneev/Desktop/water-regime-gis/outputs/imagery/kaa/KAA_КУР-ГОР-0062-03/2026-08-07/sentinel_true_color.tif
SKIP kaa/KAA_КУР-ГОР-0062-03/2026-08-08: /Users/korneev/Desktop/water-regime-gis/outputs/imagery/kaa/KAA_КУР-ГОР-0062-03/2026-08-08/sentinel_true_color.tif
SKIP kaa/KAA_КУР-ГОР-0062-03/2026-08-10: /Users/korneev/Desktop/water-regime-gis/outputs/imagery/kaa/KAA_КУР-ГОР-0062-03/2026-08-10/sentinel_true_color.tif
SKIP kaa/KAA_КУР-ГОР-0062-05-3/2026-04-25: /Users/korneev/Desktop/water-regime-gis/outputs/imagery/kaa/KAA_КУР-ГОР-0062-05-3/2026-04-25/sentinel_true_color.tif
SKIP kaa/KAA_КУР-ГОР-0062-05-3/2026-05-05: /Users/korneev/Desktop/water-regime-gis/outputs/imagery/kaa/KAA_КУР-ГОР-0062-05-3/2026-05-05/sentinel_true_color.tif
SKIP kaa/KAA_КУР-ГОР-0062-05-3/2026-05-07: /Users/korneev/Desktop/water-regime-gis/outputs/imagery/kaa/KAA_КУР-ГОР-0062-05-3/2026-05-07/sentinel_true_color.tif
SKIP kaa/KAA_КУР-ГОР-0062-05-3/2026-05-22: /Users/korneev/Desktop/water-regime-gis/outputs/imagery/kaa/KAA_КУР-ГОР-0062-05-3/2026-05-22/sentinel_true_color.tif
SKIP kaa/KAA_КУР-ГОР-0062-05-3/2026-06-08: /Users/korneev/Desktop/water-regime-gis/outputs/imagery/kaa/KAA_КУР-ГОР-0062-05-3/2026-06-08/sentinel_true_color.tif
SKIP kaa/KAA_КУР-ГОР-0062-05-3/2026-06-11: /Users/korneev/Desktop/water-regime-gis/outputs/imagery/kaa/KAA_КУР-ГОР-0062-05-3/2026-06-11/sentinel_true_color.tif
SKIP kaa/KAA_КУР-ГОР-0062-05-3/2026-07-18: /Users/korneev/Desktop/water-regime-gis/outputs/imagery/kaa/KAA_КУР-ГОР-0062-05-3/2026-07-18/sentinel_true_color.tif
SKIP kaa/KAA_КУР-ГОР-0062-05-3/2026-07-19: /Users/korneev/Desktop/water-regime-gis/outputs/imagery/kaa/KAA_КУР-ГОР-0062-05-3/2026-07-19/sentinel_true_color.tif
SKIP kaa/KAA_КУР-ГОР-0062-05-3/2026-08-03: /Users/korneev/Desktop/water-regime-gis/outputs/imagery/kaa/KAA_КУР-ГОР-0062-05-3/2026-08-03/sentinel_true_color.tif
SKIP kaa/KAA_КУР-ГОР-0062-05-3/2026-08-07: /Users/korneev/Desktop/water-regime-gis/outputs/imagery/kaa/KAA_КУР-ГОР-0062-05-3/2026-08-07/sentinel_true_color.tif
SKIP kaa/KAA_КУР-ГОР-0062-05-3/2026-08-08: /Users/korneev/Desktop/water-regime-gis/outputs/imagery/kaa/KAA_КУР-ГОР-0062-05-3/2026-08-08/sentinel_true_color.tif
SKIP kaa/KAA_КУР-ГОР-0062-05-3/2026-08-10: /Users/korneev/Desktop/water-regime-gis/outputs/imagery/kaa/KAA_КУР-ГОР-0062-05-3/2026-08-10/sentinel_true_color.tif
SKIP kaa/KAA_КУР-СОЛ-0021-02/2026-05-05: /Users/korneev/Desktop/water-regime-gis/outputs/imagery/kaa/KAA_КУР-СОЛ-0021-02/2026-05-05/sentinel_true_color.tif
SKIP kaa/KAA_КУР-СОЛ-0021-02/2026-05-20: /Users/korneev/Desktop/water-regime-gis/outputs/imagery/kaa/KAA_КУР-СОЛ-0021-02/2026-05-20/sentinel_true_color.tif
SKIP kaa/KAA_КУР-СОЛ-0021-02/2026-05-22: /Users/korneev/Desktop/water-regime-gis/outputs/imagery/kaa/KAA_КУР-СОЛ-0021-02/2026-05-22/sentinel_true_color.tif
SKIP kaa/KAA_КУР-СОЛ-0021-02/2026-06-09: /Users/korneev/Desktop/water-regime-gis/outputs/imagery/kaa/KAA_КУР-СОЛ-0021-02/2026-06-09/sentinel_true_color.tif
SKIP kaa/KAA_КУР-СОЛ-0021-02/2026-06-11: /Users/korneev/Desktop/water-regime-gis/outputs/imagery/kaa/KAA_КУР-СОЛ-0021-02/2026-06-11/sentinel_true_color.tif
SKIP kaa/KAA_КУР-СОЛ-0021-02/2026-07-01: /Users/korneev/Desktop/water-regime-gis/outputs/imagery/kaa/KAA_КУР-СОЛ-0021-02/2026-07-01/sentinel_true_color.tif
SKIP kaa/KAA_КУР-СОЛ-0021-02/2026-07-19: /Users/korneev/Desktop/water-regime-gis/outputs/imagery/kaa/KAA_КУР-СОЛ-0021-02/2026-07-19/sentinel_true_color.tif
SKIP kaa/KAA_КУР-СОЛ-0021-02/2026-07-31: /Users/korneev/Desktop/water-regime-gis/outputs/imagery/kaa/KAA_КУР-СОЛ-0021-02/2026-07-31/sentinel_true_color.tif
SKIP kaa/KAA_КУР-СОЛ-0021-02/2026-08-03: /Users/korneev/Desktop/water-regime-gis/outputs/imagery/kaa/KAA_КУР-СОЛ-0021-02/2026-08-03/sentinel_true_color.tif
SKIP kaa/KAA_КУР-СОЛ-0021-02/2026-08-10: /Users/korneev/Desktop/water-regime-gis/outputs/imagery/kaa/KAA_КУР-СОЛ-0021-02/2026-08-10/sentinel_true_color.tif
SKIP kaa/KAA_КУР-СОЛ-0036-02/2026-05-05: /Users/korneev/Desktop/water-regime-gis/outputs/imagery/kaa/KAA_КУР-СОЛ-0036-02/2026-05-05/sentinel_true_color.tif
SKIP kaa/KAA_КУР-СОЛ-0036-02/2026-05-20: /Users/korneev/Desktop/water-regime-gis/outputs/imagery/kaa/KAA_КУР-СОЛ-0036-02/2026-05-20/sentinel_true_color.tif
SKIP kaa/KAA_КУР-СОЛ-0036-02/2026-05-22: /Users/korneev/Desktop/water-regime-gis/outputs/imagery/kaa/KAA_КУР-СОЛ-0036-02/2026-05-22/sentinel_true_color.tif
SKIP kaa/KAA_КУР-СОЛ-0036-02/2026-06-09: /Users/korneev/Desktop/water-regime-gis/outputs/imagery/kaa/KAA_КУР-СОЛ-0036-02/2026-06-09/sentinel_true_color.tif
SKIP kaa/KAA_КУР-СОЛ-0036-02/2026-06-11: /Users/korneev/Desktop/water-regime-gis/outputs/imagery/kaa/KAA_КУР-СОЛ-0036-02/2026-06-11/sentinel_true_color.tif
SKIP kaa/KAA_КУР-СОЛ-0036-02/2026-07-01: /Users/korneev/Desktop/water-regime-gis/outputs/imagery/kaa/KAA_КУР-СОЛ-0036-02/2026-07-01/sentinel_true_color.tif
SKIP kaa/KAA_КУР-СОЛ-0036-02/2026-07-19: /Users/korneev/Desktop/water-regime-gis/outputs/imagery/kaa/KAA_КУР-СОЛ-0036-02/2026-07-19/sentinel_true_color.tif
SKIP kaa/KAA_КУР-СОЛ-0036-02/2026-07-31: /Users/korneev/Desktop/water-regime-gis/outputs/imagery/kaa/KAA_КУР-СОЛ-0036-02/2026-07-31/sentinel_true_color.tif
SKIP kaa/KAA_КУР-СОЛ-0036-02/2026-08-03: /Users/korneev/Desktop/water-regime-gis/outputs/imagery/kaa/KAA_КУР-СОЛ-0036-02/2026-08-03/sentinel_true_color.tif
SKIP kaa/KAA_КУР-СОЛ-0036-02/2026-08-10: /Users/korneev/Desktop/water-regime-gis/outputs/imagery/kaa/KAA_КУР-СОЛ-0036-02/2026-08-10/sentinel_true_color.tif
SKIP kaa/KAA_КУР-ГОР-0059-03/2026-04-25: /Users/korneev/Desktop/water-regime-gis/outputs/imagery/kaa/KAA_КУР-ГОР-0059-03/2026-04-25/sentinel_true_color.tif
SKIP kaa/KAA_КУР-ГОР-0059-03/2026-05-05: /Users/korneev/Desktop/water-regime-gis/outputs/imagery/kaa/KAA_КУР-ГОР-0059-03/2026-05-05/sentinel_true_color.tif
SKIP kaa/KAA_КУР-ГОР-0059-03/2026-05-07: /Users/korneev/Desktop/water-regime-gis/outputs/imagery/kaa/KAA_КУР-ГОР-0059-03/2026-05-07/sentinel_true_color.tif
SKIP kaa/KAA_КУР-ГОР-0059-03/2026-05-20: /Users/korneev/Desktop/water-regime-gis/outputs/imagery/kaa/KAA_КУР-ГОР-0059-03/2026-05-20/sentinel_true_color.tif
SKIP kaa/KAA_КУР-ГОР-0059-03/2026-05-22: /Users/korneev/Desktop/water-regime-gis/outputs/imagery/kaa/KAA_КУР-ГОР-0059-03/2026-05-22/sentinel_true_color.tif
SKIP kaa/KAA_КУР-ГОР-0059-03/2026-06-08: /Users/korneev/Desktop/water-regime-gis/outputs/imagery/kaa/KAA_КУР-ГОР-0059-03/2026-06-08/sentinel_true_color.tif
SKIP kaa/KAA_КУР-ГОР-0059-03/2026-06-09: /Users/korneev/Desktop/water-regime-gis/outputs/imagery/kaa/KAA_КУР-ГОР-0059-03/2026-06-09/sentinel_true_color.tif
SKIP kaa/KAA_КУР-ГОР-0059-03/2026-06-11: /Users/korneev/Desktop/water-regime-gis/outputs/imagery/kaa/KAA_КУР-ГОР-0059-03/2026-06-11/sentinel_true_color.tif
SKIP kaa/KAA_КУР-ГОР-0059-03/2026-06-18: /Users/korneev/Desktop/water-regime-gis/outputs/imagery/kaa/KAA_КУР-ГОР-0059-03/2026-06-18/sentinel_true_color.tif
SKIP kaa/KAA_КУР-ГОР-0059-03/2026-07-01: /Users/korneev/Desktop/water-regime-gis/outputs/imagery/kaa/KAA_КУР-ГОР-0059-03/2026-07-01/sentinel_true_color.tif
SKIP kaa/KAA_КУР-ГОР-0059-03/2026-07-18: /Users/korneev/Desktop/water-regime-gis/outputs/imagery/kaa/KAA_КУР-ГОР-0059-03/2026-07-18/sentinel_true_color.tif
SKIP kaa/KAA_КУР-ГОР-0059-03/2026-07-19: /Users/korneev/Desktop/water-regime-gis/outputs/imagery/kaa/KAA_КУР-ГОР-0059-03/2026-07-19/sentinel_true_color.tif
SKIP kaa/KAA_КУР-ГОР-0059-03/2026-07-31: /Users/korneev/Desktop/water-regime-gis/outputs/imagery/kaa/KAA_КУР-ГОР-0059-03/2026-07-31/sentinel_true_color.tif
SKIP kaa/KAA_КУР-ГОР-0059-03/2026-08-03: /Users/korneev/Desktop/water-regime-gis/outputs/imagery/kaa/KAA_КУР-ГОР-0059-03/2026-08-03/sentinel_true_color.tif
SKIP kaa/KAA_КУР-ГОР-0059-03/2026-08-07: /Users/korneev/Desktop/water-regime-gis/outputs/imagery/kaa/KAA_КУР-ГОР-0059-03/2026-08-07/sentinel_true_color.tif
SKIP kaa/KAA_КУР-ГОР-0059-03/2026-08-08: /Users/korneev/Desktop/water-regime-gis/outputs/imagery/kaa/KAA_КУР-ГОР-0059-03/2026-08-08/sentinel_true_color.tif
SKIP kaa/KAA_КУР-ГОР-0059-03/2026-08-10: /Users/korneev/Desktop/water-regime-gis/outputs/imagery/kaa/KAA_КУР-ГОР-0059-03/2026-08-10/sentinel_true_color.tif
SKIP kaa/KAA_КУР-СОЛ-0036-03/2026-05-05: /Users/korneev/Desktop/water-regime-gis/outputs/imagery/kaa/KAA_КУР-СОЛ-0036-03/2026-05-05/sentinel_true_color.tif
SKIP kaa/KAA_КУР-СОЛ-0036-03/2026-05-20: /Users/korneev/Desktop/water-regime-gis/outputs/imagery/kaa/KAA_КУР-СОЛ-0036-03/2026-05-20/sentinel_true_color.tif
SKIP kaa/KAA_КУР-СОЛ-0036-03/2026-05-22: /Users/korneev/Desktop/water-regime-gis/outputs/imagery/kaa/KAA_КУР-СОЛ-0036-03/2026-05-22/sentinel_true_color.tif
SKIP kaa/KAA_КУР-СОЛ-0036-03/2026-06-09: /Users/korneev/Desktop/water-regime-gis/outputs/imagery/kaa/KAA_КУР-СОЛ-0036-03/2026-06-09/sentinel_true_color.tif
SKIP kaa/KAA_КУР-СОЛ-0036-03/2026-06-11: /Users/korneev/Desktop/water-regime-gis/outputs/imagery/kaa/KAA_КУР-СОЛ-0036-03/2026-06-11/sentinel_true_color.tif
SKIP kaa/KAA_КУР-СОЛ-0036-03/2026-07-01: /Users/korneev/Desktop/water-regime-gis/outputs/imagery/kaa/KAA_КУР-СОЛ-0036-03/2026-07-01/sentinel_true_color.tif
SKIP kaa/KAA_КУР-СОЛ-0036-03/2026-07-19: /Users/korneev/Desktop/water-regime-gis/outputs/imagery/kaa/KAA_КУР-СОЛ-0036-03/2026-07-19/sentinel_true_color.tif
SKIP kaa/KAA_КУР-СОЛ-0036-03/2026-07-31: /Users/korneev/Desktop/water-regime-gis/outputs/imagery/kaa/KAA_КУР-СОЛ-0036-03/2026-07-31/sentinel_true_color.tif
SKIP kaa/KAA_КУР-СОЛ-0036-03/2026-08-03: /Users/korneev/Desktop/water-regime-gis/outputs/imagery/kaa/KAA_КУР-СОЛ-0036-03/2026-08-03/sentinel_true_color.tif
SKIP kaa/KAA_КУР-СОЛ-0036-03/2026-08-10: /Users/korneev/Desktop/water-regime-gis/outputs/imagery/kaa/KAA_КУР-СОЛ-0036-03/2026-08-10/sentinel_true_color.tif
SKIP kaa/KAA_КУР-ГОР-0061-03/2026-04-25: /Users/korneev/Desktop/water-regime-gis/outputs/imagery/kaa/KAA_КУР-ГОР-0061-03/2026-04-25/sentinel_true_color.tif
SKIP kaa/KAA_КУР-ГОР-0061-03/2026-05-05: /Users/korneev/Desktop/water-regime-gis/outputs/imagery/kaa/KAA_КУР-ГОР-0061-03/2026-05-05/sentinel_true_color.tif
SKIP kaa/KAA_КУР-ГОР-0061-03/2026-05-07: /Users/korneev/Desktop/water-regime-gis/outputs/imagery/kaa/KAA_КУР-ГОР-0061-03/2026-05-07/sentinel_true_color.tif
SKIP kaa/KAA_КУР-ГОР-0061-03/2026-05-22: /Users/korneev/Desktop/water-regime-gis/outputs/imagery/kaa/KAA_КУР-ГОР-0061-03/2026-05-22/sentinel_true_color.tif
SKIP kaa/KAA_КУР-ГОР-0061-03/2026-06-08: /Users/korneev/Desktop/water-regime-gis/outputs/imagery/kaa/KAA_КУР-ГОР-0061-03/2026-06-08/sentinel_true_color.tif
SKIP kaa/KAA_КУР-ГОР-0061-03/2026-06-11: /Users/korneev/Desktop/water-regime-gis/outputs/imagery/kaa/KAA_КУР-ГОР-0061-03/2026-06-11/sentinel_true_color.tif
SKIP kaa/KAA_КУР-ГОР-0061-03/2026-07-18: /Users/korneev/Desktop/water-regime-gis/outputs/imagery/kaa/KAA_КУР-ГОР-0061-03/2026-07-18/sentinel_true_color.tif
SKIP kaa/KAA_КУР-ГОР-0061-03/2026-07-19: /Users/korneev/Desktop/water-regime-gis/outputs/imagery/kaa/KAA_КУР-ГОР-0061-03/2026-07-19/sentinel_true_color.tif
SKIP kaa/KAA_КУР-ГОР-0061-03/2026-08-03: /Users/korneev/Desktop/water-regime-gis/outputs/imagery/kaa/KAA_КУР-ГОР-0061-03/2026-08-03/sentinel_true_color.tif
SKIP kaa/KAA_КУР-ГОР-0061-03/2026-08-07: /Users/korneev/Desktop/water-regime-gis/outputs/imagery/kaa/KAA_КУР-ГОР-0061-03/2026-08-07/sentinel_true_color.tif
SKIP kaa/KAA_КУР-ГОР-0061-03/2026-08-08: /Users/korneev/Desktop/water-regime-gis/outputs/imagery/kaa/KAA_КУР-ГОР-0061-03/2026-08-08/sentinel_true_color.tif
SKIP kaa/KAA_КУР-ГОР-0061-03/2026-08-10: /Users/korneev/Desktop/water-regime-gis/outputs/imagery/kaa/KAA_КУР-ГОР-0061-03/2026-08-10/sentinel_true_color.tif
SKIP kaa/KAA_КУР-СОЛ-0013-02/2026-05-05: /Users/korneev/Desktop/water-regime-gis/outputs/imagery/kaa/KAA_КУР-СОЛ-0013-02/2026-05-05/sentinel_true_color.tif
SKIP kaa/KAA_КУР-СОЛ-0013-02/2026-05-20: /Users/korneev/Desktop/water-regime-gis/outputs/imagery/kaa/KAA_КУР-СОЛ-0013-02/2026-05-20/sentinel_true_color.tif
SKIP kaa/KAA_КУР-СОЛ-0013-02/2026-05-22: /Users/korneev/Desktop/water-regime-gis/outputs/imagery/kaa/KAA_КУР-СОЛ-0013-02/2026-05-22/sentinel_true_color.tif
SKIP kaa/KAA_КУР-СОЛ-0013-02/2026-06-09: /Users/korneev/Desktop/water-regime-gis/outputs/imagery/kaa/KAA_КУР-СОЛ-0013-02/2026-06-09/sentinel_true_color.tif
SKIP kaa/KAA_КУР-СОЛ-0013-02/2026-06-11: /Users/korneev/Desktop/water-regime-gis/outputs/imagery/kaa/KAA_КУР-СОЛ-0013-02/2026-06-11/sentinel_true_color.tif
SKIP kaa/KAA_КУР-СОЛ-0013-02/2026-07-01: /Users/korneev/Desktop/water-regime-gis/outputs/imagery/kaa/KAA_КУР-СОЛ-0013-02/2026-07-01/sentinel_true_color.tif
SKIP kaa/KAA_КУР-СОЛ-0013-02/2026-07-19: /Users/korneev/Desktop/water-regime-gis/outputs/imagery/kaa/KAA_КУР-СОЛ-0013-02/2026-07-19/sentinel_true_color.tif
SKIP kaa/KAA_КУР-СОЛ-0013-02/2026-07-31: /Users/korneev/Desktop/water-regime-gis/outputs/imagery/kaa/KAA_КУР-СОЛ-0013-02/2026-07-31/sentinel_true_color.tif
SKIP kaa/KAA_КУР-СОЛ-0013-02/2026-08-03: /Users/korneev/Desktop/water-regime-gis/outputs/imagery/kaa/KAA_КУР-СОЛ-0013-02/2026-08-03/sentinel_true_color.tif
SKIP kaa/KAA_КУР-СОЛ-0013-02/2026-08-10: /Users/korneev/Desktop/water-regime-gis/outputs/imagery/kaa/KAA_КУР-СОЛ-0013-02/2026-08-10/sentinel_true_color.tif
SKIP kaa/KAA_КУР-СОЛ-0031-2/2026-05-05: /Users/korneev/Desktop/water-regime-gis/outputs/imagery/kaa/KAA_КУР-СОЛ-0031-2/2026-05-05/sentinel_true_color.tif
SKIP kaa/KAA_КУР-СОЛ-0031-2/2026-05-20: /Users/korneev/Desktop/water-regime-gis/outputs/imagery/kaa/KAA_КУР-СОЛ-0031-2/2026-05-20/sentinel_true_color.tif
SKIP kaa/KAA_КУР-СОЛ-0031-2/2026-05-22: /Users/korneev/Desktop/water-regime-gis/outputs/imagery/kaa/KAA_КУР-СОЛ-0031-2/2026-05-22/sentinel_true_color.tif
SKIP kaa/KAA_КУР-СОЛ-0031-2/2026-06-09: /Users/korneev/Desktop/water-regime-gis/outputs/imagery/kaa/KAA_КУР-СОЛ-0031-2/2026-06-09/sentinel_true_color.tif
SKIP kaa/KAA_КУР-СОЛ-0031-2/2026-06-11: /Users/korneev/Desktop/water-regime-gis/outputs/imagery/kaa/KAA_КУР-СОЛ-0031-2/2026-06-11/sentinel_true_color.tif
SKIP kaa/KAA_КУР-СОЛ-0031-2/2026-07-01: /Users/korneev/Desktop/water-regime-gis/outputs/imagery/kaa/KAA_КУР-СОЛ-0031-2/2026-07-01/sentinel_true_color.tif
SKIP kaa/KAA_КУР-СОЛ-0031-2/2026-07-19: /Users/korneev/Desktop/water-regime-gis/outputs/imagery/kaa/KAA_КУР-СОЛ-0031-2/2026-07-19/sentinel_true_color.tif
SKIP kaa/KAA_КУР-СОЛ-0031-2/2026-07-31: /Users/korneev/Desktop/water-regime-gis/outputs/imagery/kaa/KAA_КУР-СОЛ-0031-2/2026-07-31/sentinel_true_color.tif
SKIP kaa/KAA_КУР-СОЛ-0031-2/2026-08-03: /Users/korneev/Desktop/water-regime-gis/outputs/imagery/kaa/KAA_КУР-СОЛ-0031-2/2026-08-03/sentinel_true_color.tif
SKIP kaa/KAA_КУР-СОЛ-0031-2/2026-08-10: /Users/korneev/Desktop/water-regime-gis/outputs/imagery/kaa/KAA_КУР-СОЛ-0031-2/2026-08-10/sentinel_true_color.tif
SKIP kaa/KAA_КУР-ГОР-0031-2/2026-04-12: /Users/korneev/Desktop/water-regime-gis/outputs/imagery/kaa/KAA_КУР-ГОР-0031-2/2026-04-12/sentinel_true_color.tif
SKIP kaa/KAA_КУР-ГОР-0031-2/2026-04-25: /Users/korneev/Desktop/water-regime-gis/outputs/imagery/kaa/KAA_КУР-ГОР-0031-2/2026-04-25/sentinel_true_color.tif
SKIP kaa/KAA_КУР-ГОР-0031-2/2026-05-05: /Users/korneev/Desktop/water-regime-gis/outputs/imagery/kaa/KAA_КУР-ГОР-0031-2/2026-05-05/sentinel_true_color.tif
SKIP kaa/KAA_КУР-ГОР-0031-2/2026-05-07: /Users/korneev/Desktop/water-regime-gis/outputs/imagery/kaa/KAA_КУР-ГОР-0031-2/2026-05-07/sentinel_true_color.tif
SKIP kaa/KAA_КУР-ГОР-0031-2/2026-05-09: /Users/korneev/Desktop/water-regime-gis/outputs/imagery/kaa/KAA_КУР-ГОР-0031-2/2026-05-09/sentinel_true_color.tif
SKIP kaa/KAA_КУР-ГОР-0031-2/2026-05-20: /Users/korneev/Desktop/water-regime-gis/outputs/imagery/kaa/KAA_КУР-ГОР-0031-2/2026-05-20/sentinel_true_color.tif
SKIP kaa/KAA_КУР-ГОР-0031-2/2026-05-22: /Users/korneev/Desktop/water-regime-gis/outputs/imagery/kaa/KAA_КУР-ГОР-0031-2/2026-05-22/sentinel_true_color.tif
SKIP kaa/KAA_КУР-ГОР-0031-2/2026-06-06: /Users/korneev/Desktop/water-regime-gis/outputs/imagery/kaa/KAA_КУР-ГОР-0031-2/2026-06-06/sentinel_true_color.tif
SKIP kaa/KAA_КУР-ГОР-0031-2/2026-06-08: /Users/korneev/Desktop/water-regime-gis/outputs/imagery/kaa/KAA_КУР-ГОР-0031-2/2026-06-08/sentinel_true_color.tif
SKIP kaa/KAA_КУР-ГОР-0031-2/2026-06-09: /Users/korneev/Desktop/water-regime-gis/outputs/imagery/kaa/KAA_КУР-ГОР-0031-2/2026-06-09/sentinel_true_color.tif
SKIP kaa/KAA_КУР-ГОР-0031-2/2026-06-11: /Users/korneev/Desktop/water-regime-gis/outputs/imagery/kaa/KAA_КУР-ГОР-0031-2/2026-06-11/sentinel_true_color.tif
SKIP kaa/KAA_КУР-ГОР-0031-2/2026-06-24: /Users/korneev/Desktop/water-regime-gis/outputs/imagery/kaa/KAA_КУР-ГОР-0031-2/2026-06-24/sentinel_true_color.tif
SKIP kaa/KAA_КУР-ГОР-0031-2/2026-07-08: /Users/korneev/Desktop/water-regime-gis/outputs/imagery/kaa/KAA_КУР-ГОР-0031-2/2026-07-08/sentinel_true_color.tif
SKIP kaa/KAA_КУР-ГОР-0031-2/2026-07-18: /Users/korneev/Desktop/water-regime-gis/outputs/imagery/kaa/KAA_КУР-ГОР-0031-2/2026-07-18/sentinel_true_color.tif
SKIP kaa/KAA_КУР-ГОР-0031-2/2026-07-19: /Users/korneev/Desktop/water-regime-gis/outputs/imagery/kaa/KAA_КУР-ГОР-0031-2/2026-07-19/sentinel_true_color.tif
SKIP kaa/KAA_КУР-ГОР-0031-2/2026-07-31: /Users/korneev/Desktop/water-regime-gis/outputs/imagery/kaa/KAA_КУР-ГОР-0031-2/2026-07-31/sentinel_true_color.tif
SKIP kaa/KAA_КУР-ГОР-0031-2/2026-08-03: /Users/korneev/Desktop/water-regime-gis/outputs/imagery/kaa/KAA_КУР-ГОР-0031-2/2026-08-03/sentinel_true_color.tif
SKIP kaa/KAA_КУР-ГОР-0031-2/2026-08-05: /Users/korneev/Desktop/water-regime-gis/outputs/imagery/kaa/KAA_КУР-ГОР-0031-2/2026-08-05/sentinel_true_color.tif
SKIP kaa/KAA_КУР-ГОР-0031-2/2026-08-07: /Users/korneev/Desktop/water-regime-gis/outputs/imagery/kaa/KAA_КУР-ГОР-0031-2/2026-08-07/sentinel_true_color.tif
SKIP kaa/KAA_КУР-ГОР-0031-2/2026-08-08: /Users/korneev/Desktop/water-regime-gis/outputs/imagery/kaa/KAA_КУР-ГОР-0031-2/2026-08-08/sentinel_true_color.tif
SKIP kaa/KAA_КУР-ГОР-0031-2/2026-08-10: /Users/korneev/Desktop/water-regime-gis/outputs/imagery/kaa/KAA_КУР-ГОР-0031-2/2026-08-10/sentinel_true_color.tif
SKIP kaa/KAA_КУР-ГОР-0059-02-3/2026-04-25: /Users/korneev/Desktop/water-regime-gis/outputs/imagery/kaa/KAA_КУР-ГОР-0059-02-3/2026-04-25/sentinel_true_color.tif
SKIP kaa/KAA_КУР-ГОР-0059-02-3/2026-05-05: /Users/korneev/Desktop/water-regime-gis/outputs/imagery/kaa/KAA_КУР-ГОР-0059-02-3/2026-05-05/sentinel_true_color.tif
SKIP kaa/KAA_КУР-ГОР-0059-02-3/2026-05-07: /Users/korneev/Desktop/water-regime-gis/outputs/imagery/kaa/KAA_КУР-ГОР-0059-02-3/2026-05-07/sentinel_true_color.tif
SKIP kaa/KAA_КУР-ГОР-0059-02-3/2026-05-20: /Users/korneev/Desktop/water-regime-gis/outputs/imagery/kaa/KAA_КУР-ГОР-0059-02-3/2026-05-20/sentinel_true_color.tif
SKIP kaa/KAA_КУР-ГОР-0059-02-3/2026-05-22: /Users/korneev/Desktop/water-regime-gis/outputs/imagery/kaa/KAA_КУР-ГОР-0059-02-3/2026-05-22/sentinel_true_color.tif
SKIP kaa/KAA_КУР-ГОР-0059-02-3/2026-06-08: /Users/korneev/Desktop/water-regime-gis/outputs/imagery/kaa/KAA_КУР-ГОР-0059-02-3/2026-06-08/sentinel_true_color.tif
SKIP kaa/KAA_КУР-ГОР-0059-02-3/2026-06-09: /Users/korneev/Desktop/water-regime-gis/outputs/imagery/kaa/KAA_КУР-ГОР-0059-02-3/2026-06-09/sentinel_true_color.tif
SKIP kaa/KAA_КУР-ГОР-0059-02-3/2026-06-11: /Users/korneev/Desktop/water-regime-gis/outputs/imagery/kaa/KAA_КУР-ГОР-0059-02-3/2026-06-11/sentinel_true_color.tif
SKIP kaa/KAA_КУР-ГОР-0059-02-3/2026-06-18: /Users/korneev/Desktop/water-regime-gis/outputs/imagery/kaa/KAA_КУР-ГОР-0059-02-3/2026-06-18/sentinel_true_color.tif
SKIP kaa/KAA_КУР-ГОР-0059-02-3/2026-07-01: /Users/korneev/Desktop/water-regime-gis/outputs/imagery/kaa/KAA_КУР-ГОР-0059-02-3/2026-07-01/sentinel_true_color.tif
SKIP kaa/KAA_КУР-ГОР-0059-02-3/2026-07-18: /Users/korneev/Desktop/water-regime-gis/outputs/imagery/kaa/KAA_КУР-ГОР-0059-02-3/2026-07-18/sentinel_true_color.tif
SKIP kaa/KAA_КУР-ГОР-0059-02-3/2026-07-19: /Users/korneev/Desktop/water-regime-gis/outputs/imagery/kaa/KAA_КУР-ГОР-0059-02-3/2026-07-19/sentinel_true_color.tif
SKIP kaa/KAA_КУР-ГОР-0059-02-3/2026-07-31: /Users/korneev/Desktop/water-regime-gis/outputs/imagery/kaa/KAA_КУР-ГОР-0059-02-3/2026-07-31/sentinel_true_color.tif
SKIP kaa/KAA_КУР-ГОР-0059-02-3/2026-08-03: /Users/korneev/Desktop/water-regime-gis/outputs/imagery/kaa/KAA_КУР-ГОР-0059-02-3/2026-08-03/sentinel_true_color.tif
SKIP kaa/KAA_КУР-ГОР-0059-02-3/2026-08-07: /Users/korneev/Desktop/water-regime-gis/outputs/imagery/kaa/KAA_КУР-ГОР-0059-02-3/2026-08-07/sentinel_true_color.tif
SKIP kaa/KAA_КУР-ГОР-0059-02-3/2026-08-08: /Users/korneev/Desktop/water-regime-gis/outputs/imagery/kaa/KAA_КУР-ГОР-0059-02-3/2026-08-08/sentinel_true_color.tif
SKIP kaa/KAA_КУР-ГОР-0059-02-3/2026-08-10: /Users/korneev/Desktop/water-regime-gis/outputs/imagery/kaa/KAA_КУР-ГОР-0059-02-3/2026-08-10/sentinel_true_color.tif
SKIP kaa/KAA_КУР-СОЛ-0015-02/2026-05-05: /Users/korneev/Desktop/water-regime-gis/outputs/imagery/kaa/KAA_КУР-СОЛ-0015-02/2026-05-05/sentinel_true_color.tif
SKIP kaa/KAA_КУР-СОЛ-0015-02/2026-05-20: /Users/korneev/Desktop/water-regime-gis/outputs/imagery/kaa/KAA_КУР-СОЛ-0015-02/2026-05-20/sentinel_true_color.tif
SKIP kaa/KAA_КУР-СОЛ-0015-02/2026-05-22: /Users/korneev/Desktop/water-regime-gis/outputs/imagery/kaa/KAA_КУР-СОЛ-0015-02/2026-05-22/sentinel_true_color.tif
SKIP kaa/KAA_КУР-СОЛ-0015-02/2026-06-09: /Users/korneev/Desktop/water-regime-gis/outputs/imagery/kaa/KAA_КУР-СОЛ-0015-02/2026-06-09/sentinel_true_color.tif
SKIP kaa/KAA_КУР-СОЛ-0015-02/2026-06-11: /Users/korneev/Desktop/water-regime-gis/outputs/imagery/kaa/KAA_КУР-СОЛ-0015-02/2026-06-11/sentinel_true_color.tif
SKIP kaa/KAA_КУР-СОЛ-0015-02/2026-07-01: /Users/korneev/Desktop/water-regime-gis/outputs/imagery/kaa/KAA_КУР-СОЛ-0015-02/2026-07-01/sentinel_true_color.tif
SKIP kaa/KAA_КУР-СОЛ-0015-02/2026-07-19: /Users/korneev/Desktop/water-regime-gis/outputs/imagery/kaa/KAA_КУР-СОЛ-0015-02/2026-07-19/sentinel_true_color.tif
SKIP kaa/KAA_КУР-СОЛ-0015-02/2026-07-31: /Users/korneev/Desktop/water-regime-gis/outputs/imagery/kaa/KAA_КУР-СОЛ-0015-02/2026-07-31/sentinel_true_color.tif
SKIP kaa/KAA_КУР-СОЛ-0015-02/2026-08-03: /Users/korneev/Desktop/water-regime-gis/outputs/imagery/kaa/KAA_КУР-СОЛ-0015-02/2026-08-03/sentinel_true_color.tif
SKIP kaa/KAA_КУР-СОЛ-0015-02/2026-08-10: /Users/korneev/Desktop/water-regime-gis/outputs/imagery/kaa/KAA_КУР-СОЛ-0015-02/2026-08-10/sentinel_true_color.tif
SKIP kaa/KAA_КУР-ГОР-0064-02/2026-04-12: /Users/korneev/Desktop/water-regime-gis/outputs/imagery/kaa/KAA_КУР-ГОР-0064-02/2026-04-12/sentinel_true_color.tif
SKIP kaa/KAA_КУР-ГОР-0064-02/2026-04-25: /Users/korneev/Desktop/water-regime-gis/outputs/imagery/kaa/KAA_КУР-ГОР-0064-02/2026-04-25/sentinel_true_color.tif
SKIP kaa/KAA_КУР-ГОР-0064-02/2026-05-05: /Users/korneev/Desktop/water-regime-gis/outputs/imagery/kaa/KAA_КУР-ГОР-0064-02/2026-05-05/sentinel_true_color.tif
SKIP kaa/KAA_КУР-ГОР-0064-02/2026-05-07: /Users/korneev/Desktop/water-regime-gis/outputs/imagery/kaa/KAA_КУР-ГОР-0064-02/2026-05-07/sentinel_true_color.tif
SKIP kaa/KAA_КУР-ГОР-0064-02/2026-05-09: /Users/korneev/Desktop/water-regime-gis/outputs/imagery/kaa/KAA_КУР-ГОР-0064-02/2026-05-09/sentinel_true_color.tif
SKIP kaa/KAA_КУР-ГОР-0064-02/2026-05-20: /Users/korneev/Desktop/water-regime-gis/outputs/imagery/kaa/KAA_КУР-ГОР-0064-02/2026-05-20/sentinel_true_color.tif
SKIP kaa/KAA_КУР-ГОР-0064-02/2026-05-22: /Users/korneev/Desktop/water-regime-gis/outputs/imagery/kaa/KAA_КУР-ГОР-0064-02/2026-05-22/sentinel_true_color.tif
SKIP kaa/KAA_КУР-ГОР-0064-02/2026-06-06: /Users/korneev/Desktop/water-regime-gis/outputs/imagery/kaa/KAA_КУР-ГОР-0064-02/2026-06-06/sentinel_true_color.tif
SKIP kaa/KAA_КУР-ГОР-0064-02/2026-06-08: /Users/korneev/Desktop/water-regime-gis/outputs/imagery/kaa/KAA_КУР-ГОР-0064-02/2026-06-08/sentinel_true_color.tif
SKIP kaa/KAA_КУР-ГОР-0064-02/2026-06-09: /Users/korneev/Desktop/water-regime-gis/outputs/imagery/kaa/KAA_КУР-ГОР-0064-02/2026-06-09/sentinel_true_color.tif
SKIP kaa/KAA_КУР-ГОР-0064-02/2026-06-11: /Users/korneev/Desktop/water-regime-gis/outputs/imagery/kaa/KAA_КУР-ГОР-0064-02/2026-06-11/sentinel_true_color.tif
SKIP kaa/KAA_КУР-ГОР-0064-02/2026-06-18: /Users/korneev/Desktop/water-regime-gis/outputs/imagery/kaa/KAA_КУР-ГОР-0064-02/2026-06-18/sentinel_true_color.tif
SKIP kaa/KAA_КУР-ГОР-0064-02/2026-06-24: /Users/korneev/Desktop/water-regime-gis/outputs/imagery/kaa/KAA_КУР-ГОР-0064-02/2026-06-24/sentinel_true_color.tif
SKIP kaa/KAA_КУР-ГОР-0064-02/2026-07-01: /Users/korneev/Desktop/water-regime-gis/outputs/imagery/kaa/KAA_КУР-ГОР-0064-02/2026-07-01/sentinel_true_color.tif
SKIP kaa/KAA_КУР-ГОР-0064-02/2026-07-08: /Users/korneev/Desktop/water-regime-gis/outputs/imagery/kaa/KAA_КУР-ГОР-0064-02/2026-07-08/sentinel_true_color.tif
SKIP kaa/KAA_КУР-ГОР-0064-02/2026-07-18: /Users/korneev/Desktop/water-regime-gis/outputs/imagery/kaa/KAA_КУР-ГОР-0064-02/2026-07-18/sentinel_true_color.tif
SKIP kaa/KAA_КУР-ГОР-0064-02/2026-07-19: /Users/korneev/Desktop/water-regime-gis/outputs/imagery/kaa/KAA_КУР-ГОР-0064-02/2026-07-19/sentinel_true_color.tif
SKIP kaa/KAA_КУР-ГОР-0064-02/2026-07-31: /Users/korneev/Desktop/water-regime-gis/outputs/imagery/kaa/KAA_КУР-ГОР-0064-02/2026-07-31/sentinel_true_color.tif
SKIP kaa/KAA_КУР-ГОР-0064-02/2026-08-03: /Users/korneev/Desktop/water-regime-gis/outputs/imagery/kaa/KAA_КУР-ГОР-0064-02/2026-08-03/sentinel_true_color.tif
SKIP kaa/KAA_КУР-ГОР-0064-02/2026-08-05: /Users/korneev/Desktop/water-regime-gis/outputs/imagery/kaa/KAA_КУР-ГОР-0064-02/2026-08-05/sentinel_true_color.tif
SKIP kaa/KAA_КУР-ГОР-0064-02/2026-08-07: /Users/korneev/Desktop/water-regime-gis/outputs/imagery/kaa/KAA_КУР-ГОР-0064-02/2026-08-07/sentinel_true_color.tif
SKIP kaa/KAA_КУР-ГОР-0064-02/2026-08-08: /Users/korneev/Desktop/water-regime-gis/outputs/imagery/kaa/KAA_КУР-ГОР-0064-02/2026-08-08/sentinel_true_color.tif
SKIP kaa/KAA_КУР-ГОР-0064-02/2026-08-10: /Users/korneev/Desktop/water-regime-gis/outputs/imagery/kaa/KAA_КУР-ГОР-0064-02/2026-08-10/sentinel_true_color.tif
SKIP kaa/KAA_КУР-СОЛ-0019-02/2026-05-05: /Users/korneev/Desktop/water-regime-gis/outputs/imagery/kaa/KAA_КУР-СОЛ-0019-02/2026-05-05/sentinel_true_color.tif
SKIP kaa/KAA_КУР-СОЛ-0019-02/2026-05-20: /Users/korneev/Desktop/water-regime-gis/outputs/imagery/kaa/KAA_КУР-СОЛ-0019-02/2026-05-20/sentinel_true_color.tif
SKIP kaa/KAA_КУР-СОЛ-0019-02/2026-05-22: /Users/korneev/Desktop/water-regime-gis/outputs/imagery/kaa/KAA_КУР-СОЛ-0019-02/2026-05-22/sentinel_true_color.tif
SKIP kaa/KAA_КУР-СОЛ-0019-02/2026-06-09: /Users/korneev/Desktop/water-regime-gis/outputs/imagery/kaa/KAA_КУР-СОЛ-0019-02/2026-06-09/sentinel_true_color.tif
SKIP kaa/KAA_КУР-СОЛ-0019-02/2026-06-11: /Users/korneev/Desktop/water-regime-gis/outputs/imagery/kaa/KAA_КУР-СОЛ-0019-02/2026-06-11/sentinel_true_color.tif
SKIP kaa/KAA_КУР-СОЛ-0019-02/2026-07-01: /Users/korneev/Desktop/water-regime-gis/outputs/imagery/kaa/KAA_КУР-СОЛ-0019-02/2026-07-01/sentinel_true_color.tif
SKIP kaa/KAA_КУР-СОЛ-0019-02/2026-07-19: /Users/korneev/Desktop/water-regime-gis/outputs/imagery/kaa/KAA_КУР-СОЛ-0019-02/2026-07-19/sentinel_true_color.tif
SKIP kaa/KAA_КУР-СОЛ-0019-02/2026-07-31: /Users/korneev/Desktop/water-regime-gis/outputs/imagery/kaa/KAA_КУР-СОЛ-0019-02/2026-07-31/sentinel_true_color.tif
SKIP kaa/KAA_КУР-СОЛ-0019-02/2026-08-03: /Users/korneev/Desktop/water-regime-gis/outputs/imagery/kaa/KAA_КУР-СОЛ-0019-02/2026-08-03/sentinel_true_color.tif
SKIP kaa/KAA_КУР-СОЛ-0019-02/2026-08-10: /Users/korneev/Desktop/water-regime-gis/outputs/imagery/kaa/KAA_КУР-СОЛ-0019-02/2026-08-10/sentinel_true_color.tif
SKIP kaa/KAA_КУР-СОЛ-0027-03/2026-05-05: /Users/korneev/Desktop/water-regime-gis/outputs/imagery/kaa/KAA_КУР-СОЛ-0027-03/2026-05-05/sentinel_true_color.tif
SKIP kaa/KAA_КУР-СОЛ-0027-03/2026-05-20: /Users/korneev/Desktop/water-regime-gis/outputs/imagery/kaa/KAA_КУР-СОЛ-0027-03/2026-05-20/sentinel_true_color.tif
SKIP kaa/KAA_КУР-СОЛ-0027-03/2026-05-22: /Users/korneev/Desktop/water-regime-gis/outputs/imagery/kaa/KAA_КУР-СОЛ-0027-03/2026-05-22/sentinel_true_color.tif
SKIP kaa/KAA_КУР-СОЛ-0027-03/2026-06-09: /Users/korneev/Desktop/water-regime-gis/outputs/imagery/kaa/KAA_КУР-СОЛ-0027-03/2026-06-09/sentinel_true_color.tif
SKIP kaa/KAA_КУР-СОЛ-0027-03/2026-06-11: /Users/korneev/Desktop/water-regime-gis/outputs/imagery/kaa/KAA_КУР-СОЛ-0027-03/2026-06-11/sentinel_true_color.tif
SKIP kaa/KAA_КУР-СОЛ-0027-03/2026-07-01: /Users/korneev/Desktop/water-regime-gis/outputs/imagery/kaa/KAA_КУР-СОЛ-0027-03/2026-07-01/sentinel_true_color.tif
SKIP kaa/KAA_КУР-СОЛ-0027-03/2026-07-19: /Users/korneev/Desktop/water-regime-gis/outputs/imagery/kaa/KAA_КУР-СОЛ-0027-03/2026-07-19/sentinel_true_color.tif
SKIP kaa/KAA_КУР-СОЛ-0027-03/2026-07-31: /Users/korneev/Desktop/water-regime-gis/outputs/imagery/kaa/KAA_КУР-СОЛ-0027-03/2026-07-31/sentinel_true_color.tif
SKIP kaa/KAA_КУР-СОЛ-0027-03/2026-08-03: /Users/korneev/Desktop/water-regime-gis/outputs/imagery/kaa/KAA_КУР-СОЛ-0027-03/2026-08-03/sentinel_true_color.tif
SKIP kaa/KAA_КУР-СОЛ-0027-03/2026-08-10: /Users/korneev/Desktop/water-regime-gis/outputs/imagery/kaa/KAA_КУР-СОЛ-0027-03/2026-08-10/sentinel_true_color.tif
SKIP kaa/KAA_КУР-СОЛ-0021-03/2026-05-05: /Users/korneev/Desktop/water-regime-gis/outputs/imagery/kaa/KAA_КУР-СОЛ-0021-03/2026-05-05/sentinel_true_color.tif
OK kaa/KAA_КУР-СОЛ-0021-03/2026-05-20: /Users/korneev/Desktop/water-regime-gis/outputs/imagery/kaa/KAA_КУР-СОЛ-0021-03/2026-05-20/sentinel_true_color.tif
SKIP kaa/KAA_КУР-СОЛ-0021-03/2026-05-22: /Users/korneev/Desktop/water-regime-gis/outputs/imagery/kaa/KAA_КУР-СОЛ-0021-03/2026-05-22/sentinel_true_color.tif
SKIP kaa/KAA_КУР-СОЛ-0021-03/2026-06-09: /Users/korneev/Desktop/water-regime-gis/outputs/imagery/kaa/KAA_КУР-СОЛ-0021-03/2026-06-09/sentinel_true_color.tif
SKIP kaa/KAA_КУР-СОЛ-0021-03/2026-06-11: /Users/korneev/Desktop/water-regime-gis/outputs/imagery/kaa/KAA_КУР-СОЛ-0021-03/2026-06-11/sentinel_true_color.tif
SKIP kaa/KAA_КУР-СОЛ-0021-03/2026-07-01: /Users/korneev/Desktop/water-regime-gis/outputs/imagery/kaa/KAA_КУР-СОЛ-0021-03/2026-07-01/sentinel_true_color.tif
SKIP kaa/KAA_КУР-СОЛ-0021-03/2026-07-19: /Users/korneev/Desktop/water-regime-gis/outputs/imagery/kaa/KAA_КУР-СОЛ-0021-03/2026-07-19/sentinel_true_color.tif
SKIP kaa/KAA_КУР-СОЛ-0021-03/2026-07-31: /Users/korneev/Desktop/water-regime-gis/outputs/imagery/kaa/KAA_КУР-СОЛ-0021-03/2026-07-31/sentinel_true_color.tif
SKIP kaa/KAA_КУР-СОЛ-0021-03/2026-08-03: /Users/korneev/Desktop/water-regime-gis/outputs/imagery/kaa/KAA_КУР-СОЛ-0021-03/2026-08-03/sentinel_true_color.tif
SKIP kaa/KAA_КУР-СОЛ-0021-03/2026-08-10: /Users/korneev/Desktop/water-regime-gis/outputs/imagery/kaa/KAA_КУР-СОЛ-0021-03/2026-08-10/sentinel_true_color.tif
SKIP kaa/KAA_КУР-ГОР-0060-02/2026-04-25: /Users/korneev/Desktop/water-regime-gis/outputs/imagery/kaa/KAA_КУР-ГОР-0060-02/2026-04-25/sentinel_true_color.tif
SKIP kaa/KAA_КУР-ГОР-0060-02/2026-05-05: /Users/korneev/Desktop/water-regime-gis/outputs/imagery/kaa/KAA_КУР-ГОР-0060-02/2026-05-05/sentinel_true_color.tif
SKIP kaa/KAA_КУР-ГОР-0060-02/2026-05-07: /Users/korneev/Desktop/water-regime-gis/outputs/imagery/kaa/KAA_КУР-ГОР-0060-02/2026-05-07/sentinel_true_color.tif
SKIP kaa/KAA_КУР-ГОР-0060-02/2026-05-20: /Users/korneev/Desktop/water-regime-gis/outputs/imagery/kaa/KAA_КУР-ГОР-0060-02/2026-05-20/sentinel_true_color.tif
SKIP kaa/KAA_КУР-ГОР-0060-02/2026-05-22: /Users/korneev/Desktop/water-regime-gis/outputs/imagery/kaa/KAA_КУР-ГОР-0060-02/2026-05-22/sentinel_true_color.tif
SKIP kaa/KAA_КУР-ГОР-0060-02/2026-06-08: /Users/korneev/Desktop/water-regime-gis/outputs/imagery/kaa/KAA_КУР-ГОР-0060-02/2026-06-08/sentinel_true_color.tif
SKIP kaa/KAA_КУР-ГОР-0060-02/2026-06-09: /Users/korneev/Desktop/water-regime-gis/outputs/imagery/kaa/KAA_КУР-ГОР-0060-02/2026-06-09/sentinel_true_color.tif
SKIP kaa/KAA_КУР-ГОР-0060-02/2026-06-11: /Users/korneev/Desktop/water-regime-gis/outputs/imagery/kaa/KAA_КУР-ГОР-0060-02/2026-06-11/sentinel_true_color.tif
SKIP kaa/KAA_КУР-ГОР-0060-02/2026-06-18: /Users/korneev/Desktop/water-regime-gis/outputs/imagery/kaa/KAA_КУР-ГОР-0060-02/2026-06-18/sentinel_true_color.tif
SKIP kaa/KAA_КУР-ГОР-0060-02/2026-07-01: /Users/korneev/Desktop/water-regime-gis/outputs/imagery/kaa/KAA_КУР-ГОР-0060-02/2026-07-01/sentinel_true_color.tif
SKIP kaa/KAA_КУР-ГОР-0060-02/2026-07-18: /Users/korneev/Desktop/water-regime-gis/outputs/imagery/kaa/KAA_КУР-ГОР-0060-02/2026-07-18/sentinel_true_color.tif
SKIP kaa/KAA_КУР-ГОР-0060-02/2026-07-19: /Users/korneev/Desktop/water-regime-gis/outputs/imagery/kaa/KAA_КУР-ГОР-0060-02/2026-07-19/sentinel_true_color.tif
SKIP kaa/KAA_КУР-ГОР-0060-02/2026-07-31: /Users/korneev/Desktop/water-regime-gis/outputs/imagery/kaa/KAA_КУР-ГОР-0060-02/2026-07-31/sentinel_true_color.tif
SKIP kaa/KAA_КУР-ГОР-0060-02/2026-08-03: /Users/korneev/Desktop/water-regime-gis/outputs/imagery/kaa/KAA_КУР-ГОР-0060-02/2026-08-03/sentinel_true_color.tif
SKIP kaa/KAA_КУР-ГОР-0060-02/2026-08-07: /Users/korneev/Desktop/water-regime-gis/outputs/imagery/kaa/KAA_КУР-ГОР-0060-02/2026-08-07/sentinel_true_color.tif
SKIP kaa/KAA_КУР-ГОР-0060-02/2026-08-08: /Users/korneev/Desktop/water-regime-gis/outputs/imagery/kaa/KAA_КУР-ГОР-0060-02/2026-08-08/sentinel_true_color.tif
SKIP kaa/KAA_КУР-ГОР-0060-02/2026-08-10: /Users/korneev/Desktop/water-regime-gis/outputs/imagery/kaa/KAA_КУР-ГОР-0060-02/2026-08-10/sentinel_true_color.tif
SKIP kaa/KAA_КУР-ГОР-0058-03/2026-04-25: /Users/korneev/Desktop/water-regime-gis/outputs/imagery/kaa/KAA_КУР-ГОР-0058-03/2026-04-25/sentinel_true_color.tif
SKIP kaa/KAA_КУР-ГОР-0058-03/2026-05-05: /Users/korneev/Desktop/water-regime-gis/outputs/imagery/kaa/KAA_КУР-ГОР-0058-03/2026-05-05/sentinel_true_color.tif
SKIP kaa/KAA_КУР-ГОР-0058-03/2026-05-07: /Users/korneev/Desktop/water-regime-gis/outputs/imagery/kaa/KAA_КУР-ГОР-0058-03/2026-05-07/sentinel_true_color.tif
SKIP kaa/KAA_КУР-ГОР-0058-03/2026-05-20: /Users/korneev/Desktop/water-regime-gis/outputs/imagery/kaa/KAA_КУР-ГОР-0058-03/2026-05-20/sentinel_true_color.tif
SKIP kaa/KAA_КУР-ГОР-0058-03/2026-05-22: /Users/korneev/Desktop/water-regime-gis/outputs/imagery/kaa/KAA_КУР-ГОР-0058-03/2026-05-22/sentinel_true_color.tif
SKIP kaa/KAA_КУР-ГОР-0058-03/2026-06-08: /Users/korneev/Desktop/water-regime-gis/outputs/imagery/kaa/KAA_КУР-ГОР-0058-03/2026-06-08/sentinel_true_color.tif
SKIP kaa/KAA_КУР-ГОР-0058-03/2026-06-09: /Users/korneev/Desktop/water-regime-gis/outputs/imagery/kaa/KAA_КУР-ГОР-0058-03/2026-06-09/sentinel_true_color.tif
SKIP kaa/KAA_КУР-ГОР-0058-03/2026-06-11: /Users/korneev/Desktop/water-regime-gis/outputs/imagery/kaa/KAA_КУР-ГОР-0058-03/2026-06-11/sentinel_true_color.tif
SKIP kaa/KAA_КУР-ГОР-0058-03/2026-06-18: /Users/korneev/Desktop/water-regime-gis/outputs/imagery/kaa/KAA_КУР-ГОР-0058-03/2026-06-18/sentinel_true_color.tif
SKIP kaa/KAA_КУР-ГОР-0058-03/2026-07-01: /Users/korneev/Desktop/water-regime-gis/outputs/imagery/kaa/KAA_КУР-ГОР-0058-03/2026-07-01/sentinel_true_color.tif
SKIP kaa/KAA_КУР-ГОР-0058-03/2026-07-18: /Users/korneev/Desktop/water-regime-gis/outputs/imagery/kaa/KAA_КУР-ГОР-0058-03/2026-07-18/sentinel_true_color.tif
SKIP kaa/KAA_КУР-ГОР-0058-03/2026-07-19: /Users/korneev/Desktop/water-regime-gis/outputs/imagery/kaa/KAA_КУР-ГОР-0058-03/2026-07-19/sentinel_true_color.tif
SKIP kaa/KAA_КУР-ГОР-0058-03/2026-07-31: /Users/korneev/Desktop/water-regime-gis/outputs/imagery/kaa/KAA_КУР-ГОР-0058-03/2026-07-31/sentinel_true_color.tif
SKIP kaa/KAA_КУР-ГОР-0058-03/2026-08-03: /Users/korneev/Desktop/water-regime-gis/outputs/imagery/kaa/KAA_КУР-ГОР-0058-03/2026-08-03/sentinel_true_color.tif
SKIP kaa/KAA_КУР-ГОР-0058-03/2026-08-07: /Users/korneev/Desktop/water-regime-gis/outputs/imagery/kaa/KAA_КУР-ГОР-0058-03/2026-08-07/sentinel_true_color.tif
SKIP kaa/KAA_КУР-ГОР-0058-03/2026-08-08: /Users/korneev/Desktop/water-regime-gis/outputs/imagery/kaa/KAA_КУР-ГОР-0058-03/2026-08-08/sentinel_true_color.tif
SKIP kaa/KAA_КУР-ГОР-0058-03/2026-08-10: /Users/korneev/Desktop/water-regime-gis/outputs/imagery/kaa/KAA_КУР-ГОР-0058-03/2026-08-10/sentinel_true_color.tif
SKIP kaa/KAA_КУР-СОЛ-0007-02/2026-05-05: /Users/korneev/Desktop/water-regime-gis/outputs/imagery/kaa/KAA_КУР-СОЛ-0007-02/2026-05-05/sentinel_true_color.tif
SKIP kaa/KAA_КУР-СОЛ-0007-02/2026-05-20: /Users/korneev/Desktop/water-regime-gis/outputs/imagery/kaa/KAA_КУР-СОЛ-0007-02/2026-05-20/sentinel_true_color.tif
SKIP kaa/KAA_КУР-СОЛ-0007-02/2026-05-22: /Users/korneev/Desktop/water-regime-gis/outputs/imagery/kaa/KAA_КУР-СОЛ-0007-02/2026-05-22/sentinel_true_color.tif
SKIP kaa/KAA_КУР-СОЛ-0007-02/2026-06-09: /Users/korneev/Desktop/water-regime-gis/outputs/imagery/kaa/KAA_КУР-СОЛ-0007-02/2026-06-09/sentinel_true_color.tif
SKIP kaa/KAA_КУР-СОЛ-0007-02/2026-06-11: /Users/korneev/Desktop/water-regime-gis/outputs/imagery/kaa/KAA_КУР-СОЛ-0007-02/2026-06-11/sentinel_true_color.tif
SKIP kaa/KAA_КУР-СОЛ-0007-02/2026-07-01: /Users/korneev/Desktop/water-regime-gis/outputs/imagery/kaa/KAA_КУР-СОЛ-0007-02/2026-07-01/sentinel_true_color.tif
SKIP kaa/KAA_КУР-СОЛ-0007-02/2026-07-19: /Users/korneev/Desktop/water-regime-gis/outputs/imagery/kaa/KAA_КУР-СОЛ-0007-02/2026-07-19/sentinel_true_color.tif
SKIP kaa/KAA_КУР-СОЛ-0007-02/2026-07-31: /Users/korneev/Desktop/water-regime-gis/outputs/imagery/kaa/KAA_КУР-СОЛ-0007-02/2026-07-31/sentinel_true_color.tif
SKIP kaa/KAA_КУР-СОЛ-0007-02/2026-08-03: /Users/korneev/Desktop/water-regime-gis/outputs/imagery/kaa/KAA_КУР-СОЛ-0007-02/2026-08-03/sentinel_true_color.tif
SKIP kaa/KAA_КУР-СОЛ-0007-02/2026-08-10: /Users/korneev/Desktop/water-regime-gis/outputs/imagery/kaa/KAA_КУР-СОЛ-0007-02/2026-08-10/sentinel_true_color.tif
SKIP kaa/KAA_КУР-СОЛ-0029-12/2026-05-05: /Users/korneev/Desktop/water-regime-gis/outputs/imagery/kaa/KAA_КУР-СОЛ-0029-12/2026-05-05/sentinel_true_color.tif
SKIP kaa/KAA_КУР-СОЛ-0029-12/2026-05-20: /Users/korneev/Desktop/water-regime-gis/outputs/imagery/kaa/KAA_КУР-СОЛ-0029-12/2026-05-20/sentinel_true_color.tif
SKIP kaa/KAA_КУР-СОЛ-0029-12/2026-05-22: /Users/korneev/Desktop/water-regime-gis/outputs/imagery/kaa/KAA_КУР-СОЛ-0029-12/2026-05-22/sentinel_true_color.tif
SKIP kaa/KAA_КУР-СОЛ-0029-12/2026-06-09: /Users/korneev/Desktop/water-regime-gis/outputs/imagery/kaa/KAA_КУР-СОЛ-0029-12/2026-06-09/sentinel_true_color.tif
SKIP kaa/KAA_КУР-СОЛ-0029-12/2026-06-11: /Users/korneev/Desktop/water-regime-gis/outputs/imagery/kaa/KAA_КУР-СОЛ-0029-12/2026-06-11/sentinel_true_color.tif
SKIP kaa/KAA_КУР-СОЛ-0029-12/2026-07-01: /Users/korneev/Desktop/water-regime-gis/outputs/imagery/kaa/KAA_КУР-СОЛ-0029-12/2026-07-01/sentinel_true_color.tif
SKIP kaa/KAA_КУР-СОЛ-0029-12/2026-07-19: /Users/korneev/Desktop/water-regime-gis/outputs/imagery/kaa/KAA_КУР-СОЛ-0029-12/2026-07-19/sentinel_true_color.tif
SKIP kaa/KAA_КУР-СОЛ-0029-12/2026-07-31: /Users/korneev/Desktop/water-regime-gis/outputs/imagery/kaa/KAA_КУР-СОЛ-0029-12/2026-07-31/sentinel_true_color.tif
SKIP kaa/KAA_КУР-СОЛ-0029-12/2026-08-03: /Users/korneev/Desktop/water-regime-gis/outputs/imagery/kaa/KAA_КУР-СОЛ-0029-12/2026-08-03/sentinel_true_color.tif
SKIP kaa/KAA_КУР-СОЛ-0029-12/2026-08-10: /Users/korneev/Desktop/water-regime-gis/outputs/imagery/kaa/KAA_КУР-СОЛ-0029-12/2026-08-10/sentinel_true_color.tif
SKIP kaa/KAA_КУР-СОЛ-0017-03/2026-05-05: /Users/korneev/Desktop/water-regime-gis/outputs/imagery/kaa/KAA_КУР-СОЛ-0017-03/2026-05-05/sentinel_true_color.tif
SKIP kaa/KAA_КУР-СОЛ-0017-03/2026-05-20: /Users/korneev/Desktop/water-regime-gis/outputs/imagery/kaa/KAA_КУР-СОЛ-0017-03/2026-05-20/sentinel_true_color.tif
SKIP kaa/KAA_КУР-СОЛ-0017-03/2026-05-22: /Users/korneev/Desktop/water-regime-gis/outputs/imagery/kaa/KAA_КУР-СОЛ-0017-03/2026-05-22/sentinel_true_color.tif
SKIP kaa/KAA_КУР-СОЛ-0017-03/2026-06-09: /Users/korneev/Desktop/water-regime-gis/outputs/imagery/kaa/KAA_КУР-СОЛ-0017-03/2026-06-09/sentinel_true_color.tif
SKIP kaa/KAA_КУР-СОЛ-0017-03/2026-06-11: /Users/korneev/Desktop/water-regime-gis/outputs/imagery/kaa/KAA_КУР-СОЛ-0017-03/2026-06-11/sentinel_true_color.tif
SKIP kaa/KAA_КУР-СОЛ-0017-03/2026-07-01: /Users/korneev/Desktop/water-regime-gis/outputs/imagery/kaa/KAA_КУР-СОЛ-0017-03/2026-07-01/sentinel_true_color.tif
SKIP kaa/KAA_КУР-СОЛ-0017-03/2026-07-19: /Users/korneev/Desktop/water-regime-gis/outputs/imagery/kaa/KAA_КУР-СОЛ-0017-03/2026-07-19/sentinel_true_color.tif
SKIP kaa/KAA_КУР-СОЛ-0017-03/2026-07-31: /Users/korneev/Desktop/water-regime-gis/outputs/imagery/kaa/KAA_КУР-СОЛ-0017-03/2026-07-31/sentinel_true_color.tif
SKIP kaa/KAA_КУР-СОЛ-0017-03/2026-08-03: /Users/korneev/Desktop/water-regime-gis/outputs/imagery/kaa/KAA_КУР-СОЛ-0017-03/2026-08-03/sentinel_true_color.tif
SKIP kaa/KAA_КУР-СОЛ-0017-03/2026-08-10: /Users/korneev/Desktop/water-regime-gis/outputs/imagery/kaa/KAA_КУР-СОЛ-0017-03/2026-08-10/sentinel_true_color.tif
SKIP kaa/KAA_КУР-СОЛ-0032-02/2026-05-05: /Users/korneev/Desktop/water-regime-gis/outputs/imagery/kaa/KAA_КУР-СОЛ-0032-02/2026-05-05/sentinel_true_color.tif
SKIP kaa/KAA_КУР-СОЛ-0032-02/2026-05-20: /Users/korneev/Desktop/water-regime-gis/outputs/imagery/kaa/KAA_КУР-СОЛ-0032-02/2026-05-20/sentinel_true_color.tif
SKIP kaa/KAA_КУР-СОЛ-0032-02/2026-05-22: /Users/korneev/Desktop/water-regime-gis/outputs/imagery/kaa/KAA_КУР-СОЛ-0032-02/2026-05-22/sentinel_true_color.tif
SKIP kaa/KAA_КУР-СОЛ-0032-02/2026-06-09: /Users/korneev/Desktop/water-regime-gis/outputs/imagery/kaa/KAA_КУР-СОЛ-0032-02/2026-06-09/sentinel_true_color.tif
SKIP kaa/KAA_КУР-СОЛ-0032-02/2026-06-11: /Users/korneev/Desktop/water-regime-gis/outputs/imagery/kaa/KAA_КУР-СОЛ-0032-02/2026-06-11/sentinel_true_color.tif
SKIP kaa/KAA_КУР-СОЛ-0032-02/2026-07-01: /Users/korneev/Desktop/water-regime-gis/outputs/imagery/kaa/KAA_КУР-СОЛ-0032-02/2026-07-01/sentinel_true_color.tif
SKIP kaa/KAA_КУР-СОЛ-0032-02/2026-07-19: /Users/korneev/Desktop/water-regime-gis/outputs/imagery/kaa/KAA_КУР-СОЛ-0032-02/2026-07-19/sentinel_true_color.tif
SKIP kaa/KAA_КУР-СОЛ-0032-02/2026-07-31: /Users/korneev/Desktop/water-regime-gis/outputs/imagery/kaa/KAA_КУР-СОЛ-0032-02/2026-07-31/sentinel_true_color.tif
SKIP kaa/KAA_КУР-СОЛ-0032-02/2026-08-03: /Users/korneev/Desktop/water-regime-gis/outputs/imagery/kaa/KAA_КУР-СОЛ-0032-02/2026-08-03/sentinel_true_color.tif
SKIP kaa/KAA_КУР-СОЛ-0032-02/2026-08-10: /Users/korneev/Desktop/water-regime-gis/outputs/imagery/kaa/KAA_КУР-СОЛ-0032-02/2026-08-10/sentinel_true_color.tif
SKIP kaa/KAA_КУР-СОЛ-0013-03/2026-05-05: /Users/korneev/Desktop/water-regime-gis/outputs/imagery/kaa/KAA_КУР-СОЛ-0013-03/2026-05-05/sentinel_true_color.tif
SKIP kaa/KAA_КУР-СОЛ-0013-03/2026-05-20: /Users/korneev/Desktop/water-regime-gis/outputs/imagery/kaa/KAA_КУР-СОЛ-0013-03/2026-05-20/sentinel_true_color.tif
SKIP kaa/KAA_КУР-СОЛ-0013-03/2026-05-22: /Users/korneev/Desktop/water-regime-gis/outputs/imagery/kaa/KAA_КУР-СОЛ-0013-03/2026-05-22/sentinel_true_color.tif
SKIP kaa/KAA_КУР-СОЛ-0013-03/2026-06-09: /Users/korneev/Desktop/water-regime-gis/outputs/imagery/kaa/KAA_КУР-СОЛ-0013-03/2026-06-09/sentinel_true_color.tif
SKIP kaa/KAA_КУР-СОЛ-0013-03/2026-06-11: /Users/korneev/Desktop/water-regime-gis/outputs/imagery/kaa/KAA_КУР-СОЛ-0013-03/2026-06-11/sentinel_true_color.tif
SKIP kaa/KAA_КУР-СОЛ-0013-03/2026-07-01: /Users/korneev/Desktop/water-regime-gis/outputs/imagery/kaa/KAA_КУР-СОЛ-0013-03/2026-07-01/sentinel_true_color.tif
SKIP kaa/KAA_КУР-СОЛ-0013-03/2026-07-19: /Users/korneev/Desktop/water-regime-gis/outputs/imagery/kaa/KAA_КУР-СОЛ-0013-03/2026-07-19/sentinel_true_color.tif
SKIP kaa/KAA_КУР-СОЛ-0013-03/2026-07-31: /Users/korneev/Desktop/water-regime-gis/outputs/imagery/kaa/KAA_КУР-СОЛ-0013-03/2026-07-31/sentinel_true_color.tif
SKIP kaa/KAA_КУР-СОЛ-0013-03/2026-08-03: /Users/korneev/Desktop/water-regime-gis/outputs/imagery/kaa/KAA_КУР-СОЛ-0013-03/2026-08-03/sentinel_true_color.tif
SKIP kaa/KAA_КУР-СОЛ-0013-03/2026-08-10: /Users/korneev/Desktop/water-regime-gis/outputs/imagery/kaa/KAA_КУР-СОЛ-0013-03/2026-08-10/sentinel_true_color.tif
SKIP kaa/KAA_КУР-СОЛ-0016-02/2026-05-05: /Users/korneev/Desktop/water-regime-gis/outputs/imagery/kaa/KAA_КУР-СОЛ-0016-02/2026-05-05/sentinel_true_color.tif
SKIP kaa/KAA_КУР-СОЛ-0016-02/2026-05-20: /Users/korneev/Desktop/water-regime-gis/outputs/imagery/kaa/KAA_КУР-СОЛ-0016-02/2026-05-20/sentinel_true_color.tif
SKIP kaa/KAA_КУР-СОЛ-0016-02/2026-05-22: /Users/korneev/Desktop/water-regime-gis/outputs/imagery/kaa/KAA_КУР-СОЛ-0016-02/2026-05-22/sentinel_true_color.tif
SKIP kaa/KAA_КУР-СОЛ-0016-02/2026-06-09: /Users/korneev/Desktop/water-regime-gis/outputs/imagery/kaa/KAA_КУР-СОЛ-0016-02/2026-06-09/sentinel_true_color.tif
SKIP kaa/KAA_КУР-СОЛ-0016-02/2026-06-11: /Users/korneev/Desktop/water-regime-gis/outputs/imagery/kaa/KAA_КУР-СОЛ-0016-02/2026-06-11/sentinel_true_color.tif
SKIP kaa/KAA_КУР-СОЛ-0016-02/2026-07-01: /Users/korneev/Desktop/water-regime-gis/outputs/imagery/kaa/KAA_КУР-СОЛ-0016-02/2026-07-01/sentinel_true_color.tif
SKIP kaa/KAA_КУР-СОЛ-0016-02/2026-07-19: /Users/korneev/Desktop/water-regime-gis/outputs/imagery/kaa/KAA_КУР-СОЛ-0016-02/2026-07-19/sentinel_true_color.tif
SKIP kaa/KAA_КУР-СОЛ-0016-02/2026-07-31: /Users/korneev/Desktop/water-regime-gis/outputs/imagery/kaa/KAA_КУР-СОЛ-0016-02/2026-07-31/sentinel_true_color.tif
SKIP kaa/KAA_КУР-СОЛ-0016-02/2026-08-03: /Users/korneev/Desktop/water-regime-gis/outputs/imagery/kaa/KAA_КУР-СОЛ-0016-02/2026-08-03/sentinel_true_color.tif
SKIP kaa/KAA_КУР-СОЛ-0016-02/2026-08-10: /Users/korneev/Desktop/water-regime-gis/outputs/imagery/kaa/KAA_КУР-СОЛ-0016-02/2026-08-10/sentinel_true_color.tif
SKIP kaa/KAA_КУР-СОЛ-0029-1/2026-05-05: /Users/korneev/Desktop/water-regime-gis/outputs/imagery/kaa/KAA_КУР-СОЛ-0029-1/2026-05-05/sentinel_true_color.tif
SKIP kaa/KAA_КУР-СОЛ-0029-1/2026-05-20: /Users/korneev/Desktop/water-regime-gis/outputs/imagery/kaa/KAA_КУР-СОЛ-0029-1/2026-05-20/sentinel_true_color.tif
SKIP kaa/KAA_КУР-СОЛ-0029-1/2026-05-22: /Users/korneev/Desktop/water-regime-gis/outputs/imagery/kaa/KAA_КУР-СОЛ-0029-1/2026-05-22/sentinel_true_color.tif
SKIP kaa/KAA_КУР-СОЛ-0029-1/2026-06-09: /Users/korneev/Desktop/water-regime-gis/outputs/imagery/kaa/KAA_КУР-СОЛ-0029-1/2026-06-09/sentinel_true_color.tif
SKIP kaa/KAA_КУР-СОЛ-0029-1/2026-06-11: /Users/korneev/Desktop/water-regime-gis/outputs/imagery/kaa/KAA_КУР-СОЛ-0029-1/2026-06-11/sentinel_true_color.tif
SKIP kaa/KAA_КУР-СОЛ-0029-1/2026-07-01: /Users/korneev/Desktop/water-regime-gis/outputs/imagery/kaa/KAA_КУР-СОЛ-0029-1/2026-07-01/sentinel_true_color.tif
SKIP kaa/KAA_КУР-СОЛ-0029-1/2026-07-19: /Users/korneev/Desktop/water-regime-gis/outputs/imagery/kaa/KAA_КУР-СОЛ-0029-1/2026-07-19/sentinel_true_color.tif
SKIP kaa/KAA_КУР-СОЛ-0029-1/2026-07-31: /Users/korneev/Desktop/water-regime-gis/outputs/imagery/kaa/KAA_КУР-СОЛ-0029-1/2026-07-31/sentinel_true_color.tif
SKIP kaa/KAA_КУР-СОЛ-0029-1/2026-08-03: /Users/korneev/Desktop/water-regime-gis/outputs/imagery/kaa/KAA_КУР-СОЛ-0029-1/2026-08-03/sentinel_true_color.tif
SKIP kaa/KAA_КУР-СОЛ-0029-1/2026-08-10: /Users/korneev/Desktop/water-regime-gis/outputs/imagery/kaa/KAA_КУР-СОЛ-0029-1/2026-08-10/sentinel_true_color.tif
SKIP kaa/KAA_КУР-ГОР-0063-02/2026-04-05: /Users/korneev/Desktop/water-regime-gis/outputs/imagery/kaa/KAA_КУР-ГОР-0063-02/2026-04-05/sentinel_true_color.tif
SKIP kaa/KAA_КУР-ГОР-0063-02/2026-04-12: /Users/korneev/Desktop/water-regime-gis/outputs/imagery/kaa/KAA_КУР-ГОР-0063-02/2026-04-12/sentinel_true_color.tif
SKIP kaa/KAA_КУР-ГОР-0063-02/2026-04-25: /Users/korneev/Desktop/water-regime-gis/outputs/imagery/kaa/KAA_КУР-ГОР-0063-02/2026-04-25/sentinel_true_color.tif
SKIP kaa/KAA_КУР-ГОР-0063-02/2026-05-05: /Users/korneev/Desktop/water-regime-gis/outputs/imagery/kaa/KAA_КУР-ГОР-0063-02/2026-05-05/sentinel_true_color.tif
SKIP kaa/KAA_КУР-ГОР-0063-02/2026-05-07: /Users/korneev/Desktop/water-regime-gis/outputs/imagery/kaa/KAA_КУР-ГОР-0063-02/2026-05-07/sentinel_true_color.tif
SKIP kaa/KAA_КУР-ГОР-0063-02/2026-05-09: /Users/korneev/Desktop/water-regime-gis/outputs/imagery/kaa/KAA_КУР-ГОР-0063-02/2026-05-09/sentinel_true_color.tif
SKIP kaa/KAA_КУР-ГОР-0063-02/2026-05-20: /Users/korneev/Desktop/water-regime-gis/outputs/imagery/kaa/KAA_КУР-ГОР-0063-02/2026-05-20/sentinel_true_color.tif
SKIP kaa/KAA_КУР-ГОР-0063-02/2026-05-22: /Users/korneev/Desktop/water-regime-gis/outputs/imagery/kaa/KAA_КУР-ГОР-0063-02/2026-05-22/sentinel_true_color.tif
SKIP kaa/KAA_КУР-ГОР-0063-02/2026-06-06: /Users/korneev/Desktop/water-regime-gis/outputs/imagery/kaa/KAA_КУР-ГОР-0063-02/2026-06-06/sentinel_true_color.tif
SKIP kaa/KAA_КУР-ГОР-0063-02/2026-06-08: /Users/korneev/Desktop/water-regime-gis/outputs/imagery/kaa/KAA_КУР-ГОР-0063-02/2026-06-08/sentinel_true_color.tif
SKIP kaa/KAA_КУР-ГОР-0063-02/2026-06-09: /Users/korneev/Desktop/water-regime-gis/outputs/imagery/kaa/KAA_КУР-ГОР-0063-02/2026-06-09/sentinel_true_color.tif
SKIP kaa/KAA_КУР-ГОР-0063-02/2026-06-11: /Users/korneev/Desktop/water-regime-gis/outputs/imagery/kaa/KAA_КУР-ГОР-0063-02/2026-06-11/sentinel_true_color.tif
SKIP kaa/KAA_КУР-ГОР-0063-02/2026-06-18: /Users/korneev/Desktop/water-regime-gis/outputs/imagery/kaa/KAA_КУР-ГОР-0063-02/2026-06-18/sentinel_true_color.tif
SKIP kaa/KAA_КУР-ГОР-0063-02/2026-06-24: /Users/korneev/Desktop/water-regime-gis/outputs/imagery/kaa/KAA_КУР-ГОР-0063-02/2026-06-24/sentinel_true_color.tif
SKIP kaa/KAA_КУР-ГОР-0063-02/2026-07-01: /Users/korneev/Desktop/water-regime-gis/outputs/imagery/kaa/KAA_КУР-ГОР-0063-02/2026-07-01/sentinel_true_color.tif
SKIP kaa/KAA_КУР-ГОР-0063-02/2026-07-08: /Users/korneev/Desktop/water-regime-gis/outputs/imagery/kaa/KAA_КУР-ГОР-0063-02/2026-07-08/sentinel_true_color.tif
SKIP kaa/KAA_КУР-ГОР-0063-02/2026-07-18: /Users/korneev/Desktop/water-regime-gis/outputs/imagery/kaa/KAA_КУР-ГОР-0063-02/2026-07-18/sentinel_true_color.tif
SKIP kaa/KAA_КУР-ГОР-0063-02/2026-07-19: /Users/korneev/Desktop/water-regime-gis/outputs/imagery/kaa/KAA_КУР-ГОР-0063-02/2026-07-19/sentinel_true_color.tif
SKIP kaa/KAA_КУР-ГОР-0063-02/2026-07-28: /Users/korneev/Desktop/water-regime-gis/outputs/imagery/kaa/KAA_КУР-ГОР-0063-02/2026-07-28/sentinel_true_color.tif
SKIP kaa/KAA_КУР-ГОР-0063-02/2026-07-31: /Users/korneev/Desktop/water-regime-gis/outputs/imagery/kaa/KAA_КУР-ГОР-0063-02/2026-07-31/sentinel_true_color.tif
SKIP kaa/KAA_КУР-ГОР-0063-02/2026-08-03: /Users/korneev/Desktop/water-regime-gis/outputs/imagery/kaa/KAA_КУР-ГОР-0063-02/2026-08-03/sentinel_true_color.tif
SKIP kaa/KAA_КУР-ГОР-0063-02/2026-08-05: /Users/korneev/Desktop/water-regime-gis/outputs/imagery/kaa/KAA_КУР-ГОР-0063-02/2026-08-05/sentinel_true_color.tif
SKIP kaa/KAA_КУР-ГОР-0063-02/2026-08-07: /Users/korneev/Desktop/water-regime-gis/outputs/imagery/kaa/KAA_КУР-ГОР-0063-02/2026-08-07/sentinel_true_color.tif
SKIP kaa/KAA_КУР-ГОР-0063-02/2026-08-08: /Users/korneev/Desktop/water-regime-gis/outputs/imagery/kaa/KAA_КУР-ГОР-0063-02/2026-08-08/sentinel_true_color.tif
SKIP kaa/KAA_КУР-ГОР-0063-02/2026-08-10: /Users/korneev/Desktop/water-regime-gis/outputs/imagery/kaa/KAA_КУР-ГОР-0063-02/2026-08-10/sentinel_true_color.tif
SKIP kaa/KAA_КУР-СОЛ-0016-03/2026-05-05: /Users/korneev/Desktop/water-regime-gis/outputs/imagery/kaa/KAA_КУР-СОЛ-0016-03/2026-05-05/sentinel_true_color.tif
SKIP kaa/KAA_КУР-СОЛ-0016-03/2026-05-20: /Users/korneev/Desktop/water-regime-gis/outputs/imagery/kaa/KAA_КУР-СОЛ-0016-03/2026-05-20/sentinel_true_color.tif
SKIP kaa/KAA_КУР-СОЛ-0016-03/2026-05-22: /Users/korneev/Desktop/water-regime-gis/outputs/imagery/kaa/KAA_КУР-СОЛ-0016-03/2026-05-22/sentinel_true_color.tif
SKIP kaa/KAA_КУР-СОЛ-0016-03/2026-06-09: /Users/korneev/Desktop/water-regime-gis/outputs/imagery/kaa/KAA_КУР-СОЛ-0016-03/2026-06-09/sentinel_true_color.tif
SKIP kaa/KAA_КУР-СОЛ-0016-03/2026-06-11: /Users/korneev/Desktop/water-regime-gis/outputs/imagery/kaa/KAA_КУР-СОЛ-0016-03/2026-06-11/sentinel_true_color.tif
SKIP kaa/KAA_КУР-СОЛ-0016-03/2026-07-01: /Users/korneev/Desktop/water-regime-gis/outputs/imagery/kaa/KAA_КУР-СОЛ-0016-03/2026-07-01/sentinel_true_color.tif
SKIP kaa/KAA_КУР-СОЛ-0016-03/2026-07-19: /Users/korneev/Desktop/water-regime-gis/outputs/imagery/kaa/KAA_КУР-СОЛ-0016-03/2026-07-19/sentinel_true_color.tif
SKIP kaa/KAA_КУР-СОЛ-0016-03/2026-07-31: /Users/korneev/Desktop/water-regime-gis/outputs/imagery/kaa/KAA_КУР-СОЛ-0016-03/2026-07-31/sentinel_true_color.tif
SKIP kaa/KAA_КУР-СОЛ-0016-03/2026-08-03: /Users/korneev/Desktop/water-regime-gis/outputs/imagery/kaa/KAA_КУР-СОЛ-0016-03/2026-08-03/sentinel_true_color.tif
SKIP kaa/KAA_КУР-СОЛ-0016-03/2026-08-10: /Users/korneev/Desktop/water-regime-gis/outputs/imagery/kaa/KAA_КУР-СОЛ-0016-03/2026-08-10/sentinel_true_color.tif
SKIP kaa/KAA_КУР-СОЛ-0001-02/2026-05-05: /Users/korneev/Desktop/water-regime-gis/outputs/imagery/kaa/KAA_КУР-СОЛ-0001-02/2026-05-05/sentinel_true_color.tif
SKIP kaa/KAA_КУР-СОЛ-0001-02/2026-05-20: /Users/korneev/Desktop/water-regime-gis/outputs/imagery/kaa/KAA_КУР-СОЛ-0001-02/2026-05-20/sentinel_true_color.tif
SKIP kaa/KAA_КУР-СОЛ-0001-02/2026-05-22: /Users/korneev/Desktop/water-regime-gis/outputs/imagery/kaa/KAA_КУР-СОЛ-0001-02/2026-05-22/sentinel_true_color.tif
SKIP kaa/KAA_КУР-СОЛ-0001-02/2026-06-09: /Users/korneev/Desktop/water-regime-gis/outputs/imagery/kaa/KAA_КУР-СОЛ-0001-02/2026-06-09/sentinel_true_color.tif
SKIP kaa/KAA_КУР-СОЛ-0001-02/2026-06-11: /Users/korneev/Desktop/water-regime-gis/outputs/imagery/kaa/KAA_КУР-СОЛ-0001-02/2026-06-11/sentinel_true_color.tif
SKIP kaa/KAA_КУР-СОЛ-0001-02/2026-07-01: /Users/korneev/Desktop/water-regime-gis/outputs/imagery/kaa/KAA_КУР-СОЛ-0001-02/2026-07-01/sentinel_true_color.tif
SKIP kaa/KAA_КУР-СОЛ-0001-02/2026-07-19: /Users/korneev/Desktop/water-regime-gis/outputs/imagery/kaa/KAA_КУР-СОЛ-0001-02/2026-07-19/sentinel_true_color.tif
SKIP kaa/KAA_КУР-СОЛ-0001-02/2026-07-31: /Users/korneev/Desktop/water-regime-gis/outputs/imagery/kaa/KAA_КУР-СОЛ-0001-02/2026-07-31/sentinel_true_color.tif
SKIP kaa/KAA_КУР-СОЛ-0001-02/2026-08-03: /Users/korneev/Desktop/water-regime-gis/outputs/imagery/kaa/KAA_КУР-СОЛ-0001-02/2026-08-03/sentinel_true_color.tif
SKIP kaa/KAA_КУР-СОЛ-0001-02/2026-08-10: /Users/korneev/Desktop/water-regime-gis/outputs/imagery/kaa/KAA_КУР-СОЛ-0001-02/2026-08-10/sentinel_true_color.tif
SKIP kaa/KAA_КУР-ГОР-0060-03/2026-04-25: /Users/korneev/Desktop/water-regime-gis/outputs/imagery/kaa/KAA_КУР-ГОР-0060-03/2026-04-25/sentinel_true_color.tif
SKIP kaa/KAA_КУР-ГОР-0060-03/2026-05-05: /Users/korneev/Desktop/water-regime-gis/outputs/imagery/kaa/KAA_КУР-ГОР-0060-03/2026-05-05/sentinel_true_color.tif
SKIP kaa/KAA_КУР-ГОР-0060-03/2026-05-07: /Users/korneev/Desktop/water-regime-gis/outputs/imagery/kaa/KAA_КУР-ГОР-0060-03/2026-05-07/sentinel_true_color.tif
SKIP kaa/KAA_КУР-ГОР-0060-03/2026-05-20: /Users/korneev/Desktop/water-regime-gis/outputs/imagery/kaa/KAA_КУР-ГОР-0060-03/2026-05-20/sentinel_true_color.tif
SKIP kaa/KAA_КУР-ГОР-0060-03/2026-05-22: /Users/korneev/Desktop/water-regime-gis/outputs/imagery/kaa/KAA_КУР-ГОР-0060-03/2026-05-22/sentinel_true_color.tif
SKIP kaa/KAA_КУР-ГОР-0060-03/2026-06-08: /Users/korneev/Desktop/water-regime-gis/outputs/imagery/kaa/KAA_КУР-ГОР-0060-03/2026-06-08/sentinel_true_color.tif
SKIP kaa/KAA_КУР-ГОР-0060-03/2026-06-09: /Users/korneev/Desktop/water-regime-gis/outputs/imagery/kaa/KAA_КУР-ГОР-0060-03/2026-06-09/sentinel_true_color.tif
SKIP kaa/KAA_КУР-ГОР-0060-03/2026-06-11: /Users/korneev/Desktop/water-regime-gis/outputs/imagery/kaa/KAA_КУР-ГОР-0060-03/2026-06-11/sentinel_true_color.tif
SKIP kaa/KAA_КУР-ГОР-0060-03/2026-06-18: /Users/korneev/Desktop/water-regime-gis/outputs/imagery/kaa/KAA_КУР-ГОР-0060-03/2026-06-18/sentinel_true_color.tif
SKIP kaa/KAA_КУР-ГОР-0060-03/2026-07-01: /Users/korneev/Desktop/water-regime-gis/outputs/imagery/kaa/KAA_КУР-ГОР-0060-03/2026-07-01/sentinel_true_color.tif
SKIP kaa/KAA_КУР-ГОР-0060-03/2026-07-18: /Users/korneev/Desktop/water-regime-gis/outputs/imagery/kaa/KAA_КУР-ГОР-0060-03/2026-07-18/sentinel_true_color.tif
SKIP kaa/KAA_КУР-ГОР-0060-03/2026-07-19: /Users/korneev/Desktop/water-regime-gis/outputs/imagery/kaa/KAA_КУР-ГОР-0060-03/2026-07-19/sentinel_true_color.tif
SKIP kaa/KAA_КУР-ГОР-0060-03/2026-07-31: /Users/korneev/Desktop/water-regime-gis/outputs/imagery/kaa/KAA_КУР-ГОР-0060-03/2026-07-31/sentinel_true_color.tif
SKIP kaa/KAA_КУР-ГОР-0060-03/2026-08-03: /Users/korneev/Desktop/water-regime-gis/outputs/imagery/kaa/KAA_КУР-ГОР-0060-03/2026-08-03/sentinel_true_color.tif
SKIP kaa/KAA_КУР-ГОР-0060-03/2026-08-07: /Users/korneev/Desktop/water-regime-gis/outputs/imagery/kaa/KAA_КУР-ГОР-0060-03/2026-08-07/sentinel_true_color.tif
SKIP kaa/KAA_КУР-ГОР-0060-03/2026-08-08: /Users/korneev/Desktop/water-regime-gis/outputs/imagery/kaa/KAA_КУР-ГОР-0060-03/2026-08-08/sentinel_true_color.tif
SKIP kaa/KAA_КУР-ГОР-0060-03/2026-08-10: /Users/korneev/Desktop/water-regime-gis/outputs/imagery/kaa/KAA_КУР-ГОР-0060-03/2026-08-10/sentinel_true_color.tif
SKIP kaa/KAA_КУР-ГОР-0058-02/2026-04-25: /Users/korneev/Desktop/water-regime-gis/outputs/imagery/kaa/KAA_КУР-ГОР-0058-02/2026-04-25/sentinel_true_color.tif
SKIP kaa/KAA_КУР-ГОР-0058-02/2026-05-05: /Users/korneev/Desktop/water-regime-gis/outputs/imagery/kaa/KAA_КУР-ГОР-0058-02/2026-05-05/sentinel_true_color.tif
SKIP kaa/KAA_КУР-ГОР-0058-02/2026-05-07: /Users/korneev/Desktop/water-regime-gis/outputs/imagery/kaa/KAA_КУР-ГОР-0058-02/2026-05-07/sentinel_true_color.tif
SKIP kaa/KAA_КУР-ГОР-0058-02/2026-05-20: /Users/korneev/Desktop/water-regime-gis/outputs/imagery/kaa/KAA_КУР-ГОР-0058-02/2026-05-20/sentinel_true_color.tif
SKIP kaa/KAA_КУР-ГОР-0058-02/2026-05-22: /Users/korneev/Desktop/water-regime-gis/outputs/imagery/kaa/KAA_КУР-ГОР-0058-02/2026-05-22/sentinel_true_color.tif
SKIP kaa/KAA_КУР-ГОР-0058-02/2026-06-08: /Users/korneev/Desktop/water-regime-gis/outputs/imagery/kaa/KAA_КУР-ГОР-0058-02/2026-06-08/sentinel_true_color.tif
SKIP kaa/KAA_КУР-ГОР-0058-02/2026-06-09: /Users/korneev/Desktop/water-regime-gis/outputs/imagery/kaa/KAA_КУР-ГОР-0058-02/2026-06-09/sentinel_true_color.tif
SKIP kaa/KAA_КУР-ГОР-0058-02/2026-06-11: /Users/korneev/Desktop/water-regime-gis/outputs/imagery/kaa/KAA_КУР-ГОР-0058-02/2026-06-11/sentinel_true_color.tif
SKIP kaa/KAA_КУР-ГОР-0058-02/2026-06-18: /Users/korneev/Desktop/water-regime-gis/outputs/imagery/kaa/KAA_КУР-ГОР-0058-02/2026-06-18/sentinel_true_color.tif
SKIP kaa/KAA_КУР-ГОР-0058-02/2026-07-01: /Users/korneev/Desktop/water-regime-gis/outputs/imagery/kaa/KAA_КУР-ГОР-0058-02/2026-07-01/sentinel_true_color.tif
SKIP kaa/KAA_КУР-ГОР-0058-02/2026-07-18: /Users/korneev/Desktop/water-regime-gis/outputs/imagery/kaa/KAA_КУР-ГОР-0058-02/2026-07-18/sentinel_true_color.tif
SKIP kaa/KAA_КУР-ГОР-0058-02/2026-07-19: /Users/korneev/Desktop/water-regime-gis/outputs/imagery/kaa/KAA_КУР-ГОР-0058-02/2026-07-19/sentinel_true_color.tif
SKIP kaa/KAA_КУР-ГОР-0058-02/2026-07-31: /Users/korneev/Desktop/water-regime-gis/outputs/imagery/kaa/KAA_КУР-ГОР-0058-02/2026-07-31/sentinel_true_color.tif
SKIP kaa/KAA_КУР-ГОР-0058-02/2026-08-03: /Users/korneev/Desktop/water-regime-gis/outputs/imagery/kaa/KAA_КУР-ГОР-0058-02/2026-08-03/sentinel_true_color.tif
SKIP kaa/KAA_КУР-ГОР-0058-02/2026-08-07: /Users/korneev/Desktop/water-regime-gis/outputs/imagery/kaa/KAA_КУР-ГОР-0058-02/2026-08-07/sentinel_true_color.tif
SKIP kaa/KAA_КУР-ГОР-0058-02/2026-08-08: /Users/korneev/Desktop/water-regime-gis/outputs/imagery/kaa/KAA_КУР-ГОР-0058-02/2026-08-08/sentinel_true_color.tif
SKIP kaa/KAA_КУР-ГОР-0058-02/2026-08-10: /Users/korneev/Desktop/water-regime-gis/outputs/imagery/kaa/KAA_КУР-ГОР-0058-02/2026-08-10/sentinel_true_color.tif
SKIP kaa/KAA_КУР-СОЛ-0027-02/2026-05-05: /Users/korneev/Desktop/water-regime-gis/outputs/imagery/kaa/KAA_КУР-СОЛ-0027-02/2026-05-05/sentinel_true_color.tif
SKIP kaa/KAA_КУР-СОЛ-0027-02/2026-05-20: /Users/korneev/Desktop/water-regime-gis/outputs/imagery/kaa/KAA_КУР-СОЛ-0027-02/2026-05-20/sentinel_true_color.tif
SKIP kaa/KAA_КУР-СОЛ-0027-02/2026-05-22: /Users/korneev/Desktop/water-regime-gis/outputs/imagery/kaa/KAA_КУР-СОЛ-0027-02/2026-05-22/sentinel_true_color.tif
SKIP kaa/KAA_КУР-СОЛ-0027-02/2026-06-09: /Users/korneev/Desktop/water-regime-gis/outputs/imagery/kaa/KAA_КУР-СОЛ-0027-02/2026-06-09/sentinel_true_color.tif
SKIP kaa/KAA_КУР-СОЛ-0027-02/2026-06-11: /Users/korneev/Desktop/water-regime-gis/outputs/imagery/kaa/KAA_КУР-СОЛ-0027-02/2026-06-11/sentinel_true_color.tif
SKIP kaa/KAA_КУР-СОЛ-0027-02/2026-07-01: /Users/korneev/Desktop/water-regime-gis/outputs/imagery/kaa/KAA_КУР-СОЛ-0027-02/2026-07-01/sentinel_true_color.tif
SKIP kaa/KAA_КУР-СОЛ-0027-02/2026-07-19: /Users/korneev/Desktop/water-regime-gis/outputs/imagery/kaa/KAA_КУР-СОЛ-0027-02/2026-07-19/sentinel_true_color.tif
SKIP kaa/KAA_КУР-СОЛ-0027-02/2026-07-31: /Users/korneev/Desktop/water-regime-gis/outputs/imagery/kaa/KAA_КУР-СОЛ-0027-02/2026-07-31/sentinel_true_color.tif
SKIP kaa/KAA_КУР-СОЛ-0027-02/2026-08-03: /Users/korneev/Desktop/water-regime-gis/outputs/imagery/kaa/KAA_КУР-СОЛ-0027-02/2026-08-03/sentinel_true_color.tif
SKIP kaa/KAA_КУР-СОЛ-0027-02/2026-08-10: /Users/korneev/Desktop/water-regime-gis/outputs/imagery/kaa/KAA_КУР-СОЛ-0027-02/2026-08-10/sentinel_true_color.tif
SKIP kaa/KAA_КУР-ГОР-0058-04/2026-04-25: /Users/korneev/Desktop/water-regime-gis/outputs/imagery/kaa/KAA_КУР-ГОР-0058-04/2026-04-25/sentinel_true_color.tif
SKIP kaa/KAA_КУР-ГОР-0058-04/2026-05-05: /Users/korneev/Desktop/water-regime-gis/outputs/imagery/kaa/KAA_КУР-ГОР-0058-04/2026-05-05/sentinel_true_color.tif
SKIP kaa/KAA_КУР-ГОР-0058-04/2026-05-07: /Users/korneev/Desktop/water-regime-gis/outputs/imagery/kaa/KAA_КУР-ГОР-0058-04/2026-05-07/sentinel_true_color.tif
SKIP kaa/KAA_КУР-ГОР-0058-04/2026-05-20: /Users/korneev/Desktop/water-regime-gis/outputs/imagery/kaa/KAA_КУР-ГОР-0058-04/2026-05-20/sentinel_true_color.tif
SKIP kaa/KAA_КУР-ГОР-0058-04/2026-05-22: /Users/korneev/Desktop/water-regime-gis/outputs/imagery/kaa/KAA_КУР-ГОР-0058-04/2026-05-22/sentinel_true_color.tif
SKIP kaa/KAA_КУР-ГОР-0058-04/2026-06-08: /Users/korneev/Desktop/water-regime-gis/outputs/imagery/kaa/KAA_КУР-ГОР-0058-04/2026-06-08/sentinel_true_color.tif
SKIP kaa/KAA_КУР-ГОР-0058-04/2026-06-09: /Users/korneev/Desktop/water-regime-gis/outputs/imagery/kaa/KAA_КУР-ГОР-0058-04/2026-06-09/sentinel_true_color.tif
SKIP kaa/KAA_КУР-ГОР-0058-04/2026-06-11: /Users/korneev/Desktop/water-regime-gis/outputs/imagery/kaa/KAA_КУР-ГОР-0058-04/2026-06-11/sentinel_true_color.tif
SKIP kaa/KAA_КУР-ГОР-0058-04/2026-06-18: /Users/korneev/Desktop/water-regime-gis/outputs/imagery/kaa/KAA_КУР-ГОР-0058-04/2026-06-18/sentinel_true_color.tif
SKIP kaa/KAA_КУР-ГОР-0058-04/2026-07-01: /Users/korneev/Desktop/water-regime-gis/outputs/imagery/kaa/KAA_КУР-ГОР-0058-04/2026-07-01/sentinel_true_color.tif
SKIP kaa/KAA_КУР-ГОР-0058-04/2026-07-18: /Users/korneev/Desktop/water-regime-gis/outputs/imagery/kaa/KAA_КУР-ГОР-0058-04/2026-07-18/sentinel_true_color.tif
SKIP kaa/KAA_КУР-ГОР-0058-04/2026-07-19: /Users/korneev/Desktop/water-regime-gis/outputs/imagery/kaa/KAA_КУР-ГОР-0058-04/2026-07-19/sentinel_true_color.tif
SKIP kaa/KAA_КУР-ГОР-0058-04/2026-07-31: /Users/korneev/Desktop/water-regime-gis/outputs/imagery/kaa/KAA_КУР-ГОР-0058-04/2026-07-31/sentinel_true_color.tif
SKIP kaa/KAA_КУР-ГОР-0058-04/2026-08-03: /Users/korneev/Desktop/water-regime-gis/outputs/imagery/kaa/KAA_КУР-ГОР-0058-04/2026-08-03/sentinel_true_color.tif
SKIP kaa/KAA_КУР-ГОР-0058-04/2026-08-07: /Users/korneev/Desktop/water-regime-gis/outputs/imagery/kaa/KAA_КУР-ГОР-0058-04/2026-08-07/sentinel_true_color.tif
SKIP kaa/KAA_КУР-ГОР-0058-04/2026-08-08: /Users/korneev/Desktop/water-regime-gis/outputs/imagery/kaa/KAA_КУР-ГОР-0058-04/2026-08-08/sentinel_true_color.tif
SKIP kaa/KAA_КУР-ГОР-0058-04/2026-08-10: /Users/korneev/Desktop/water-regime-gis/outputs/imagery/kaa/KAA_КУР-ГОР-0058-04/2026-08-10/sentinel_true_color.tif
SKIP kaa/KAA_КУР-СОЛ-0030-02/2026-05-05: /Users/korneev/Desktop/water-regime-gis/outputs/imagery/kaa/KAA_КУР-СОЛ-0030-02/2026-05-05/sentinel_true_color.tif
SKIP kaa/KAA_КУР-СОЛ-0030-02/2026-05-20: /Users/korneev/Desktop/water-regime-gis/outputs/imagery/kaa/KAA_КУР-СОЛ-0030-02/2026-05-20/sentinel_true_color.tif
SKIP kaa/KAA_КУР-СОЛ-0030-02/2026-05-22: /Users/korneev/Desktop/water-regime-gis/outputs/imagery/kaa/KAA_КУР-СОЛ-0030-02/2026-05-22/sentinel_true_color.tif
SKIP kaa/KAA_КУР-СОЛ-0030-02/2026-06-09: /Users/korneev/Desktop/water-regime-gis/outputs/imagery/kaa/KAA_КУР-СОЛ-0030-02/2026-06-09/sentinel_true_color.tif
SKIP kaa/KAA_КУР-СОЛ-0030-02/2026-06-11: /Users/korneev/Desktop/water-regime-gis/outputs/imagery/kaa/KAA_КУР-СОЛ-0030-02/2026-06-11/sentinel_true_color.tif
SKIP kaa/KAA_КУР-СОЛ-0030-02/2026-07-01: /Users/korneev/Desktop/water-regime-gis/outputs/imagery/kaa/KAA_КУР-СОЛ-0030-02/2026-07-01/sentinel_true_color.tif
SKIP kaa/KAA_КУР-СОЛ-0030-02/2026-07-19: /Users/korneev/Desktop/water-regime-gis/outputs/imagery/kaa/KAA_КУР-СОЛ-0030-02/2026-07-19/sentinel_true_color.tif
SKIP kaa/KAA_КУР-СОЛ-0030-02/2026-07-31: /Users/korneev/Desktop/water-regime-gis/outputs/imagery/kaa/KAA_КУР-СОЛ-0030-02/2026-07-31/sentinel_true_color.tif
SKIP kaa/KAA_КУР-СОЛ-0030-02/2026-08-03: /Users/korneev/Desktop/water-regime-gis/outputs/imagery/kaa/KAA_КУР-СОЛ-0030-02/2026-08-03/sentinel_true_color.tif
SKIP kaa/KAA_КУР-СОЛ-0030-02/2026-08-10: /Users/korneev/Desktop/water-regime-gis/outputs/imagery/kaa/KAA_КУР-СОЛ-0030-02/2026-08-10/sentinel_true_color.tif
SKIP kaa/KAA_КУР-ГОР-0062-02/2026-04-12: /Users/korneev/Desktop/water-regime-gis/outputs/imagery/kaa/KAA_КУР-ГОР-0062-02/2026-04-12/sentinel_true_color.tif
SKIP kaa/KAA_КУР-ГОР-0062-02/2026-04-25: /Users/korneev/Desktop/water-regime-gis/outputs/imagery/kaa/KAA_КУР-ГОР-0062-02/2026-04-25/sentinel_true_color.tif
SKIP kaa/KAA_КУР-ГОР-0062-02/2026-05-05: /Users/korneev/Desktop/water-regime-gis/outputs/imagery/kaa/KAA_КУР-ГОР-0062-02/2026-05-05/sentinel_true_color.tif
SKIP kaa/KAA_КУР-ГОР-0062-02/2026-05-07: /Users/korneev/Desktop/water-regime-gis/outputs/imagery/kaa/KAA_КУР-ГОР-0062-02/2026-05-07/sentinel_true_color.tif
SKIP kaa/KAA_КУР-ГОР-0062-02/2026-05-09: /Users/korneev/Desktop/water-regime-gis/outputs/imagery/kaa/KAA_КУР-ГОР-0062-02/2026-05-09/sentinel_true_color.tif
SKIP kaa/KAA_КУР-ГОР-0062-02/2026-05-20: /Users/korneev/Desktop/water-regime-gis/outputs/imagery/kaa/KAA_КУР-ГОР-0062-02/2026-05-20/sentinel_true_color.tif
SKIP kaa/KAA_КУР-ГОР-0062-02/2026-05-22: /Users/korneev/Desktop/water-regime-gis/outputs/imagery/kaa/KAA_КУР-ГОР-0062-02/2026-05-22/sentinel_true_color.tif
SKIP kaa/KAA_КУР-ГОР-0062-02/2026-06-06: /Users/korneev/Desktop/water-regime-gis/outputs/imagery/kaa/KAA_КУР-ГОР-0062-02/2026-06-06/sentinel_true_color.tif
SKIP kaa/KAA_КУР-ГОР-0062-02/2026-06-08: /Users/korneev/Desktop/water-regime-gis/outputs/imagery/kaa/KAA_КУР-ГОР-0062-02/2026-06-08/sentinel_true_color.tif
SKIP kaa/KAA_КУР-ГОР-0062-02/2026-06-09: /Users/korneev/Desktop/water-regime-gis/outputs/imagery/kaa/KAA_КУР-ГОР-0062-02/2026-06-09/sentinel_true_color.tif
SKIP kaa/KAA_КУР-ГОР-0062-02/2026-06-11: /Users/korneev/Desktop/water-regime-gis/outputs/imagery/kaa/KAA_КУР-ГОР-0062-02/2026-06-11/sentinel_true_color.tif
SKIP kaa/KAA_КУР-ГОР-0062-02/2026-06-24: /Users/korneev/Desktop/water-regime-gis/outputs/imagery/kaa/KAA_КУР-ГОР-0062-02/2026-06-24/sentinel_true_color.tif
SKIP kaa/KAA_КУР-ГОР-0062-02/2026-07-08: /Users/korneev/Desktop/water-regime-gis/outputs/imagery/kaa/KAA_КУР-ГОР-0062-02/2026-07-08/sentinel_true_color.tif
SKIP kaa/KAA_КУР-ГОР-0062-02/2026-07-18: /Users/korneev/Desktop/water-regime-gis/outputs/imagery/kaa/KAA_КУР-ГОР-0062-02/2026-07-18/sentinel_true_color.tif
SKIP kaa/KAA_КУР-ГОР-0062-02/2026-07-19: /Users/korneev/Desktop/water-regime-gis/outputs/imagery/kaa/KAA_КУР-ГОР-0062-02/2026-07-19/sentinel_true_color.tif
SKIP kaa/KAA_КУР-ГОР-0062-02/2026-07-31: /Users/korneev/Desktop/water-regime-gis/outputs/imagery/kaa/KAA_КУР-ГОР-0062-02/2026-07-31/sentinel_true_color.tif
SKIP kaa/KAA_КУР-ГОР-0062-02/2026-08-03: /Users/korneev/Desktop/water-regime-gis/outputs/imagery/kaa/KAA_КУР-ГОР-0062-02/2026-08-03/sentinel_true_color.tif
SKIP kaa/KAA_КУР-ГОР-0062-02/2026-08-05: /Users/korneev/Desktop/water-regime-gis/outputs/imagery/kaa/KAA_КУР-ГОР-0062-02/2026-08-05/sentinel_true_color.tif
SKIP kaa/KAA_КУР-ГОР-0062-02/2026-08-07: /Users/korneev/Desktop/water-regime-gis/outputs/imagery/kaa/KAA_КУР-ГОР-0062-02/2026-08-07/sentinel_true_color.tif
SKIP kaa/KAA_КУР-ГОР-0062-02/2026-08-08: /Users/korneev/Desktop/water-regime-gis/outputs/imagery/kaa/KAA_КУР-ГОР-0062-02/2026-08-08/sentinel_true_color.tif
SKIP kaa/KAA_КУР-ГОР-0062-02/2026-08-10: /Users/korneev/Desktop/water-regime-gis/outputs/imagery/kaa/KAA_КУР-ГОР-0062-02/2026-08-10/sentinel_true_color.tif
SKIP kaa/KAA_КУР-СОЛ-0020-02/2026-05-05: /Users/korneev/Desktop/water-regime-gis/outputs/imagery/kaa/KAA_КУР-СОЛ-0020-02/2026-05-05/sentinel_true_color.tif
SKIP kaa/KAA_КУР-СОЛ-0020-02/2026-05-20: /Users/korneev/Desktop/water-regime-gis/outputs/imagery/kaa/KAA_КУР-СОЛ-0020-02/2026-05-20/sentinel_true_color.tif
SKIP kaa/KAA_КУР-СОЛ-0020-02/2026-05-22: /Users/korneev/Desktop/water-regime-gis/outputs/imagery/kaa/KAA_КУР-СОЛ-0020-02/2026-05-22/sentinel_true_color.tif
SKIP kaa/KAA_КУР-СОЛ-0020-02/2026-06-09: /Users/korneev/Desktop/water-regime-gis/outputs/imagery/kaa/KAA_КУР-СОЛ-0020-02/2026-06-09/sentinel_true_color.tif
SKIP kaa/KAA_КУР-СОЛ-0020-02/2026-06-11: /Users/korneev/Desktop/water-regime-gis/outputs/imagery/kaa/KAA_КУР-СОЛ-0020-02/2026-06-11/sentinel_true_color.tif
SKIP kaa/KAA_КУР-СОЛ-0020-02/2026-07-01: /Users/korneev/Desktop/water-regime-gis/outputs/imagery/kaa/KAA_КУР-СОЛ-0020-02/2026-07-01/sentinel_true_color.tif
SKIP kaa/KAA_КУР-СОЛ-0020-02/2026-07-19: /Users/korneev/Desktop/water-regime-gis/outputs/imagery/kaa/KAA_КУР-СОЛ-0020-02/2026-07-19/sentinel_true_color.tif
SKIP kaa/KAA_КУР-СОЛ-0020-02/2026-07-31: /Users/korneev/Desktop/water-regime-gis/outputs/imagery/kaa/KAA_КУР-СОЛ-0020-02/2026-07-31/sentinel_true_color.tif
OK kaa/KAA_КУР-СОЛ-0020-02/2026-08-03: /Users/korneev/Desktop/water-regime-gis/outputs/imagery/kaa/KAA_КУР-СОЛ-0020-02/2026-08-03/sentinel_true_color.tif
OK kaa/KAA_КУР-СОЛ-0020-02/2026-08-10: /Users/korneev/Desktop/water-regime-gis/outputs/imagery/kaa/KAA_КУР-СОЛ-0020-02/2026-08-10/sentinel_true_color.tif
OK kaa/KAA_КУР-СОЛ-0014-03/2026-05-05: /Users/korneev/Desktop/water-regime-gis/outputs/imagery/kaa/KAA_КУР-СОЛ-0014-03/2026-05-05/sentinel_true_color.tif
OK kaa/KAA_КУР-СОЛ-0014-03/2026-05-20: /Users/korneev/Desktop/water-regime-gis/outputs/imagery/kaa/KAA_КУР-СОЛ-0014-03/2026-05-20/sentinel_true_color.tif
OK kaa/KAA_КУР-СОЛ-0014-03/2026-05-22: /Users/korneev/Desktop/water-regime-gis/outputs/imagery/kaa/KAA_КУР-СОЛ-0014-03/2026-05-22/sentinel_true_color.tif
OK kaa/KAA_КУР-СОЛ-0014-03/2026-06-09: /Users/korneev/Desktop/water-regime-gis/outputs/imagery/kaa/KAA_КУР-СОЛ-0014-03/2026-06-09/sentinel_true_color.tif
OK kaa/KAA_КУР-СОЛ-0014-03/2026-06-11: /Users/korneev/Desktop/water-regime-gis/outputs/imagery/kaa/KAA_КУР-СОЛ-0014-03/2026-06-11/sentinel_true_color.tif
OK kaa/KAA_КУР-СОЛ-0014-03/2026-07-01: /Users/korneev/Desktop/water-regime-gis/outputs/imagery/kaa/KAA_КУР-СОЛ-0014-03/2026-07-01/sentinel_true_color.tif
OK kaa/KAA_КУР-СОЛ-0014-03/2026-07-19: /Users/korneev/Desktop/water-regime-gis/outputs/imagery/kaa/KAA_КУР-СОЛ-0014-03/2026-07-19/sentinel_true_color.tif
OK kaa/KAA_КУР-СОЛ-0014-03/2026-07-31: /Users/korneev/Desktop/water-regime-gis/outputs/imagery/kaa/KAA_КУР-СОЛ-0014-03/2026-07-31/sentinel_true_color.tif
OK kaa/KAA_КУР-СОЛ-0014-03/2026-08-03: /Users/korneev/Desktop/water-regime-gis/outputs/imagery/kaa/KAA_КУР-СОЛ-0014-03/2026-08-03/sentinel_true_color.tif
OK kaa/KAA_КУР-СОЛ-0014-03/2026-08-10: /Users/korneev/Desktop/water-regime-gis/outputs/imagery/kaa/KAA_КУР-СОЛ-0014-03/2026-08-10/sentinel_true_color.tif
OK kaa/KAA_КУР-ГОР-0056-02/2026-04-25: /Users/korneev/Desktop/water-regime-gis/outputs/imagery/kaa/KAA_КУР-ГОР-0056-02/2026-04-25/sentinel_true_color.tif
OK kaa/KAA_КУР-ГОР-0056-02/2026-05-05: /Users/korneev/Desktop/water-regime-gis/outputs/imagery/kaa/KAA_КУР-ГОР-0056-02/2026-05-05/sentinel_true_color.tif
OK kaa/KAA_КУР-ГОР-0056-02/2026-05-07: /Users/korneev/Desktop/water-regime-gis/outputs/imagery/kaa/KAA_КУР-ГОР-0056-02/2026-05-07/sentinel_true_color.tif
OK kaa/KAA_КУР-ГОР-0056-02/2026-05-20: /Users/korneev/Desktop/water-regime-gis/outputs/imagery/kaa/KAA_КУР-ГОР-0056-02/2026-05-20/sentinel_true_color.tif
OK kaa/KAA_КУР-ГОР-0056-02/2026-05-22: /Users/korneev/Desktop/water-regime-gis/outputs/imagery/kaa/KAA_КУР-ГОР-0056-02/2026-05-22/sentinel_true_color.tif
OK kaa/KAA_КУР-ГОР-0056-02/2026-06-08: /Users/korneev/Desktop/water-regime-gis/outputs/imagery/kaa/KAA_КУР-ГОР-0056-02/2026-06-08/sentinel_true_color.tif
OK kaa/KAA_КУР-ГОР-0056-02/2026-06-09: /Users/korneev/Desktop/water-regime-gis/outputs/imagery/kaa/KAA_КУР-ГОР-0056-02/2026-06-09/sentinel_true_color.tif
OK kaa/KAA_КУР-ГОР-0056-02/2026-06-11: /Users/korneev/Desktop/water-regime-gis/outputs/imagery/kaa/KAA_КУР-ГОР-0056-02/2026-06-11/sentinel_true_color.tif
OK kaa/KAA_КУР-ГОР-0056-02/2026-06-18: /Users/korneev/Desktop/water-regime-gis/outputs/imagery/kaa/KAA_КУР-ГОР-0056-02/2026-06-18/sentinel_true_color.tif
OK kaa/KAA_КУР-ГОР-0056-02/2026-07-01: /Users/korneev/Desktop/water-regime-gis/outputs/imagery/kaa/KAA_КУР-ГОР-0056-02/2026-07-01/sentinel_true_color.tif
OK kaa/KAA_КУР-ГОР-0056-02/2026-07-18: /Users/korneev/Desktop/water-regime-gis/outputs/imagery/kaa/KAA_КУР-ГОР-0056-02/2026-07-18/sentinel_true_color.tif
OK kaa/KAA_КУР-ГОР-0056-02/2026-07-19: /Users/korneev/Desktop/water-regime-gis/outputs/imagery/kaa/KAA_КУР-ГОР-0056-02/2026-07-19/sentinel_true_color.tif
OK kaa/KAA_КУР-ГОР-0056-02/2026-07-31: /Users/korneev/Desktop/water-regime-gis/outputs/imagery/kaa/KAA_КУР-ГОР-0056-02/2026-07-31/sentinel_true_color.tif
OK kaa/KAA_КУР-ГОР-0056-02/2026-08-03: /Users/korneev/Desktop/water-regime-gis/outputs/imagery/kaa/KAA_КУР-ГОР-0056-02/2026-08-03/sentinel_true_color.tif
OK kaa/KAA_КУР-ГОР-0056-02/2026-08-07: /Users/korneev/Desktop/water-regime-gis/outputs/imagery/kaa/KAA_КУР-ГОР-0056-02/2026-08-07/sentinel_true_color.tif
OK kaa/KAA_КУР-ГОР-0056-02/2026-08-08: /Users/korneev/Desktop/water-regime-gis/outputs/imagery/kaa/KAA_КУР-ГОР-0056-02/2026-08-08/sentinel_true_color.tif
OK kaa/KAA_КУР-ГОР-0056-02/2026-08-10: /Users/korneev/Desktop/water-regime-gis/outputs/imagery/kaa/KAA_КУР-ГОР-0056-02/2026-08-10/sentinel_true_color.tif
OK kaa/KAA_КУР-СОЛ-0012-02/2026-05-05: /Users/korneev/Desktop/water-regime-gis/outputs/imagery/kaa/KAA_КУР-СОЛ-0012-02/2026-05-05/sentinel_true_color.tif
OK kaa/KAA_КУР-СОЛ-0012-02/2026-05-20: /Users/korneev/Desktop/water-regime-gis/outputs/imagery/kaa/KAA_КУР-СОЛ-0012-02/2026-05-20/sentinel_true_color.tif
OK kaa/KAA_КУР-СОЛ-0012-02/2026-05-22: /Users/korneev/Desktop/water-regime-gis/outputs/imagery/kaa/KAA_КУР-СОЛ-0012-02/2026-05-22/sentinel_true_color.tif
OK kaa/KAA_КУР-СОЛ-0012-02/2026-06-09: /Users/korneev/Desktop/water-regime-gis/outputs/imagery/kaa/KAA_КУР-СОЛ-0012-02/2026-06-09/sentinel_true_color.tif
OK kaa/KAA_КУР-СОЛ-0012-02/2026-06-11: /Users/korneev/Desktop/water-regime-gis/outputs/imagery/kaa/KAA_КУР-СОЛ-0012-02/2026-06-11/sentinel_true_color.tif
OK kaa/KAA_КУР-СОЛ-0012-02/2026-07-01: /Users/korneev/Desktop/water-regime-gis/outputs/imagery/kaa/KAA_КУР-СОЛ-0012-02/2026-07-01/sentinel_true_color.tif
OK kaa/KAA_КУР-СОЛ-0012-02/2026-07-19: /Users/korneev/Desktop/water-regime-gis/outputs/imagery/kaa/KAA_КУР-СОЛ-0012-02/2026-07-19/sentinel_true_color.tif
OK kaa/KAA_КУР-СОЛ-0012-02/2026-07-31: /Users/korneev/Desktop/water-regime-gis/outputs/imagery/kaa/KAA_КУР-СОЛ-0012-02/2026-07-31/sentinel_true_color.tif
OK kaa/KAA_КУР-СОЛ-0012-02/2026-08-03: /Users/korneev/Desktop/water-regime-gis/outputs/imagery/kaa/KAA_КУР-СОЛ-0012-02/2026-08-03/sentinel_true_color.tif
OK kaa/KAA_КУР-СОЛ-0012-02/2026-08-10: /Users/korneev/Desktop/water-regime-gis/outputs/imagery/kaa/KAA_КУР-СОЛ-0012-02/2026-08-10/sentinel_true_color.tif
OK kaa/KAA_КУР-ГОР-0057-02/2026-04-25: /Users/korneev/Desktop/water-regime-gis/outputs/imagery/kaa/KAA_КУР-ГОР-0057-02/2026-04-25/sentinel_true_color.tif
OK kaa/KAA_КУР-ГОР-0057-02/2026-05-05: /Users/korneev/Desktop/water-regime-gis/outputs/imagery/kaa/KAA_КУР-ГОР-0057-02/2026-05-05/sentinel_true_color.tif
OK kaa/KAA_КУР-ГОР-0057-02/2026-05-07: /Users/korneev/Desktop/water-regime-gis/outputs/imagery/kaa/KAA_КУР-ГОР-0057-02/2026-05-07/sentinel_true_color.tif
OK kaa/KAA_КУР-ГОР-0057-02/2026-05-20: /Users/korneev/Desktop/water-regime-gis/outputs/imagery/kaa/KAA_КУР-ГОР-0057-02/2026-05-20/sentinel_true_color.tif
OK kaa/KAA_КУР-ГОР-0057-02/2026-05-22: /Users/korneev/Desktop/water-regime-gis/outputs/imagery/kaa/KAA_КУР-ГОР-0057-02/2026-05-22/sentinel_true_color.tif
OK kaa/KAA_КУР-ГОР-0057-02/2026-06-08: /Users/korneev/Desktop/water-regime-gis/outputs/imagery/kaa/KAA_КУР-ГОР-0057-02/2026-06-08/sentinel_true_color.tif
OK kaa/KAA_КУР-ГОР-0057-02/2026-06-09: /Users/korneev/Desktop/water-regime-gis/outputs/imagery/kaa/KAA_КУР-ГОР-0057-02/2026-06-09/sentinel_true_color.tif
OK kaa/KAA_КУР-ГОР-0057-02/2026-06-11: /Users/korneev/Desktop/water-regime-gis/outputs/imagery/kaa/KAA_КУР-ГОР-0057-02/2026-06-11/sentinel_true_color.tif
OK kaa/KAA_КУР-ГОР-0057-02/2026-06-18: /Users/korneev/Desktop/water-regime-gis/outputs/imagery/kaa/KAA_КУР-ГОР-0057-02/2026-06-18/sentinel_true_color.tif
OK kaa/KAA_КУР-ГОР-0057-02/2026-07-01: /Users/korneev/Desktop/water-regime-gis/outputs/imagery/kaa/KAA_КУР-ГОР-0057-02/2026-07-01/sentinel_true_color.tif
OK kaa/KAA_КУР-ГОР-0057-02/2026-07-18: /Users/korneev/Desktop/water-regime-gis/outputs/imagery/kaa/KAA_КУР-ГОР-0057-02/2026-07-18/sentinel_true_color.tif
OK kaa/KAA_КУР-ГОР-0057-02/2026-07-19: /Users/korneev/Desktop/water-regime-gis/outputs/imagery/kaa/KAA_КУР-ГОР-0057-02/2026-07-19/sentinel_true_color.tif
OK kaa/KAA_КУР-ГОР-0057-02/2026-07-31: /Users/korneev/Desktop/water-regime-gis/outputs/imagery/kaa/KAA_КУР-ГОР-0057-02/2026-07-31/sentinel_true_color.tif
OK kaa/KAA_КУР-ГОР-0057-02/2026-08-03: /Users/korneev/Desktop/water-regime-gis/outputs/imagery/kaa/KAA_КУР-ГОР-0057-02/2026-08-03/sentinel_true_color.tif
OK kaa/KAA_КУР-ГОР-0057-02/2026-08-07: /Users/korneev/Desktop/water-regime-gis/outputs/imagery/kaa/KAA_КУР-ГОР-0057-02/2026-08-07/sentinel_true_color.tif
OK kaa/KAA_КУР-ГОР-0057-02/2026-08-08: /Users/korneev/Desktop/water-regime-gis/outputs/imagery/kaa/KAA_КУР-ГОР-0057-02/2026-08-08/sentinel_true_color.tif
OK kaa/KAA_КУР-ГОР-0057-02/2026-08-10: /Users/korneev/Desktop/water-regime-gis/outputs/imagery/kaa/KAA_КУР-ГОР-0057-02/2026-08-10/sentinel_true_color.tif
OK kaa/KAA_КУР-СОЛ-0008-02/2026-05-05: /Users/korneev/Desktop/water-regime-gis/outputs/imagery/kaa/KAA_КУР-СОЛ-0008-02/2026-05-05/sentinel_true_color.tif
OK kaa/KAA_КУР-СОЛ-0008-02/2026-05-20: /Users/korneev/Desktop/water-regime-gis/outputs/imagery/kaa/KAA_КУР-СОЛ-0008-02/2026-05-20/sentinel_true_color.tif
OK kaa/KAA_КУР-СОЛ-0008-02/2026-05-22: /Users/korneev/Desktop/water-regime-gis/outputs/imagery/kaa/KAA_КУР-СОЛ-0008-02/2026-05-22/sentinel_true_color.tif
OK kaa/KAA_КУР-СОЛ-0008-02/2026-06-09: /Users/korneev/Desktop/water-regime-gis/outputs/imagery/kaa/KAA_КУР-СОЛ-0008-02/2026-06-09/sentinel_true_color.tif
OK kaa/KAA_КУР-СОЛ-0008-02/2026-06-11: /Users/korneev/Desktop/water-regime-gis/outputs/imagery/kaa/KAA_КУР-СОЛ-0008-02/2026-06-11/sentinel_true_color.tif
OK kaa/KAA_КУР-СОЛ-0008-02/2026-07-01: /Users/korneev/Desktop/water-regime-gis/outputs/imagery/kaa/KAA_КУР-СОЛ-0008-02/2026-07-01/sentinel_true_color.tif
OK kaa/KAA_КУР-СОЛ-0008-02/2026-07-19: /Users/korneev/Desktop/water-regime-gis/outputs/imagery/kaa/KAA_КУР-СОЛ-0008-02/2026-07-19/sentinel_true_color.tif
OK kaa/KAA_КУР-СОЛ-0008-02/2026-07-31: /Users/korneev/Desktop/water-regime-gis/outputs/imagery/kaa/KAA_КУР-СОЛ-0008-02/2026-07-31/sentinel_true_color.tif
OK kaa/KAA_КУР-СОЛ-0008-02/2026-08-03: /Users/korneev/Desktop/water-regime-gis/outputs/imagery/kaa/KAA_КУР-СОЛ-0008-02/2026-08-03/sentinel_true_color.tif
OK kaa/KAA_КУР-СОЛ-0008-02/2026-08-10: /Users/korneev/Desktop/water-regime-gis/outputs/imagery/kaa/KAA_КУР-СОЛ-0008-02/2026-08-10/sentinel_true_color.tif
OK kaa/KAA_КУР-СОЛ-0028-02/2026-05-05: /Users/korneev/Desktop/water-regime-gis/outputs/imagery/kaa/KAA_КУР-СОЛ-0028-02/2026-05-05/sentinel_true_color.tif
OK kaa/KAA_КУР-СОЛ-0028-02/2026-05-20: /Users/korneev/Desktop/water-regime-gis/outputs/imagery/kaa/KAA_КУР-СОЛ-0028-02/2026-05-20/sentinel_true_color.tif
OK kaa/KAA_КУР-СОЛ-0028-02/2026-05-22: /Users/korneev/Desktop/water-regime-gis/outputs/imagery/kaa/KAA_КУР-СОЛ-0028-02/2026-05-22/sentinel_true_color.tif
OK kaa/KAA_КУР-СОЛ-0028-02/2026-06-09: /Users/korneev/Desktop/water-regime-gis/outputs/imagery/kaa/KAA_КУР-СОЛ-0028-02/2026-06-09/sentinel_true_color.tif
OK kaa/KAA_КУР-СОЛ-0028-02/2026-06-11: /Users/korneev/Desktop/water-regime-gis/outputs/imagery/kaa/KAA_КУР-СОЛ-0028-02/2026-06-11/sentinel_true_color.tif
OK kaa/KAA_КУР-СОЛ-0028-02/2026-07-01: /Users/korneev/Desktop/water-regime-gis/outputs/imagery/kaa/KAA_КУР-СОЛ-0028-02/2026-07-01/sentinel_true_color.tif
OK kaa/KAA_КУР-СОЛ-0028-02/2026-07-19: /Users/korneev/Desktop/water-regime-gis/outputs/imagery/kaa/KAA_КУР-СОЛ-0028-02/2026-07-19/sentinel_true_color.tif
OK kaa/KAA_КУР-СОЛ-0028-02/2026-07-31: /Users/korneev/Desktop/water-regime-gis/outputs/imagery/kaa/KAA_КУР-СОЛ-0028-02/2026-07-31/sentinel_true_color.tif
OK kaa/KAA_КУР-СОЛ-0028-02/2026-08-03: /Users/korneev/Desktop/water-regime-gis/outputs/imagery/kaa/KAA_КУР-СОЛ-0028-02/2026-08-03/sentinel_true_color.tif
OK kaa/KAA_КУР-СОЛ-0028-02/2026-08-10: /Users/korneev/Desktop/water-regime-gis/outputs/imagery/kaa/KAA_КУР-СОЛ-0028-02/2026-08-10/sentinel_true_color.tif
OK kaa/KAA_КУР-СОЛ-0010-02/2026-05-05: /Users/korneev/Desktop/water-regime-gis/outputs/imagery/kaa/KAA_КУР-СОЛ-0010-02/2026-05-05/sentinel_true_color.tif
OK kaa/KAA_КУР-СОЛ-0010-02/2026-05-20: /Users/korneev/Desktop/water-regime-gis/outputs/imagery/kaa/KAA_КУР-СОЛ-0010-02/2026-05-20/sentinel_true_color.tif
OK kaa/KAA_КУР-СОЛ-0010-02/2026-05-22: /Users/korneev/Desktop/water-regime-gis/outputs/imagery/kaa/KAA_КУР-СОЛ-0010-02/2026-05-22/sentinel_true_color.tif
OK kaa/KAA_КУР-СОЛ-0010-02/2026-06-09: /Users/korneev/Desktop/water-regime-gis/outputs/imagery/kaa/KAA_КУР-СОЛ-0010-02/2026-06-09/sentinel_true_color.tif
OK kaa/KAA_КУР-СОЛ-0010-02/2026-06-11: /Users/korneev/Desktop/water-regime-gis/outputs/imagery/kaa/KAA_КУР-СОЛ-0010-02/2026-06-11/sentinel_true_color.tif
OK kaa/KAA_КУР-СОЛ-0010-02/2026-07-01: /Users/korneev/Desktop/water-regime-gis/outputs/imagery/kaa/KAA_КУР-СОЛ-0010-02/2026-07-01/sentinel_true_color.tif
OK kaa/KAA_КУР-СОЛ-0010-02/2026-07-19: /Users/korneev/Desktop/water-regime-gis/outputs/imagery/kaa/KAA_КУР-СОЛ-0010-02/2026-07-19/sentinel_true_color.tif
OK kaa/KAA_КУР-СОЛ-0010-02/2026-07-31: /Users/korneev/Desktop/water-regime-gis/outputs/imagery/kaa/KAA_КУР-СОЛ-0010-02/2026-07-31/sentinel_true_color.tif
OK kaa/KAA_КУР-СОЛ-0010-02/2026-08-03: /Users/korneev/Desktop/water-regime-gis/outputs/imagery/kaa/KAA_КУР-СОЛ-0010-02/2026-08-03/sentinel_true_color.tif
OK kaa/KAA_КУР-СОЛ-0010-02/2026-08-10: /Users/korneev/Desktop/water-regime-gis/outputs/imagery/kaa/KAA_КУР-СОЛ-0010-02/2026-08-10/sentinel_true_color.tif
OK kaa/KAA_КУР-ГОР-0060-04/2026-04-25: /Users/korneev/Desktop/water-regime-gis/outputs/imagery/kaa/KAA_КУР-ГОР-0060-04/2026-04-25/sentinel_true_color.tif
OK kaa/KAA_КУР-ГОР-0060-04/2026-05-05: /Users/korneev/Desktop/water-regime-gis/outputs/imagery/kaa/KAA_КУР-ГОР-0060-04/2026-05-05/sentinel_true_color.tif
OK kaa/KAA_КУР-ГОР-0060-04/2026-05-07: /Users/korneev/Desktop/water-regime-gis/outputs/imagery/kaa/KAA_КУР-ГОР-0060-04/2026-05-07/sentinel_true_color.tif
OK kaa/KAA_КУР-ГОР-0060-04/2026-05-20: /Users/korneev/Desktop/water-regime-gis/outputs/imagery/kaa/KAA_КУР-ГОР-0060-04/2026-05-20/sentinel_true_color.tif
OK kaa/KAA_КУР-ГОР-0060-04/2026-05-22: /Users/korneev/Desktop/water-regime-gis/outputs/imagery/kaa/KAA_КУР-ГОР-0060-04/2026-05-22/sentinel_true_color.tif
OK kaa/KAA_КУР-ГОР-0060-04/2026-06-08: /Users/korneev/Desktop/water-regime-gis/outputs/imagery/kaa/KAA_КУР-ГОР-0060-04/2026-06-08/sentinel_true_color.tif
OK kaa/KAA_КУР-ГОР-0060-04/2026-06-09: /Users/korneev/Desktop/water-regime-gis/outputs/imagery/kaa/KAA_КУР-ГОР-0060-04/2026-06-09/sentinel_true_color.tif
OK kaa/KAA_КУР-ГОР-0060-04/2026-06-11: /Users/korneev/Desktop/water-regime-gis/outputs/imagery/kaa/KAA_КУР-ГОР-0060-04/2026-06-11/sentinel_true_color.tif
OK kaa/KAA_КУР-ГОР-0060-04/2026-06-18: /Users/korneev/Desktop/water-regime-gis/outputs/imagery/kaa/KAA_КУР-ГОР-0060-04/2026-06-18/sentinel_true_color.tif
OK kaa/KAA_КУР-ГОР-0060-04/2026-07-01: /Users/korneev/Desktop/water-regime-gis/outputs/imagery/kaa/KAA_КУР-ГОР-0060-04/2026-07-01/sentinel_true_color.tif
OK kaa/KAA_КУР-ГОР-0060-04/2026-07-18: /Users/korneev/Desktop/water-regime-gis/outputs/imagery/kaa/KAA_КУР-ГОР-0060-04/2026-07-18/sentinel_true_color.tif
OK kaa/KAA_КУР-ГОР-0060-04/2026-07-19: /Users/korneev/Desktop/water-regime-gis/outputs/imagery/kaa/KAA_КУР-ГОР-0060-04/2026-07-19/sentinel_true_color.tif
OK kaa/KAA_КУР-ГОР-0060-04/2026-07-31: /Users/korneev/Desktop/water-regime-gis/outputs/imagery/kaa/KAA_КУР-ГОР-0060-04/2026-07-31/sentinel_true_color.tif
OK kaa/KAA_КУР-ГОР-0060-04/2026-08-03: /Users/korneev/Desktop/water-regime-gis/outputs/imagery/kaa/KAA_КУР-ГОР-0060-04/2026-08-03/sentinel_true_color.tif
OK kaa/KAA_КУР-ГОР-0060-04/2026-08-07: /Users/korneev/Desktop/water-regime-gis/outputs/imagery/kaa/KAA_КУР-ГОР-0060-04/2026-08-07/sentinel_true_color.tif
OK kaa/KAA_КУР-ГОР-0060-04/2026-08-08: /Users/korneev/Desktop/water-regime-gis/outputs/imagery/kaa/KAA_КУР-ГОР-0060-04/2026-08-08/sentinel_true_color.tif
OK kaa/KAA_КУР-ГОР-0060-04/2026-08-10: /Users/korneev/Desktop/water-regime-gis/outputs/imagery/kaa/KAA_КУР-ГОР-0060-04/2026-08-10/sentinel_true_color.tif
OK kaa/KAA_КУР-СОЛ-0017-02/2026-05-05: /Users/korneev/Desktop/water-regime-gis/outputs/imagery/kaa/KAA_КУР-СОЛ-0017-02/2026-05-05/sentinel_true_color.tif
OK kaa/KAA_КУР-СОЛ-0017-02/2026-05-20: /Users/korneev/Desktop/water-regime-gis/outputs/imagery/kaa/KAA_КУР-СОЛ-0017-02/2026-05-20/sentinel_true_color.tif
OK kaa/KAA_КУР-СОЛ-0017-02/2026-05-22: /Users/korneev/Desktop/water-regime-gis/outputs/imagery/kaa/KAA_КУР-СОЛ-0017-02/2026-05-22/sentinel_true_color.tif
OK kaa/KAA_КУР-СОЛ-0017-02/2026-06-09: /Users/korneev/Desktop/water-regime-gis/outputs/imagery/kaa/KAA_КУР-СОЛ-0017-02/2026-06-09/sentinel_true_color.tif
OK kaa/KAA_КУР-СОЛ-0017-02/2026-06-11: /Users/korneev/Desktop/water-regime-gis/outputs/imagery/kaa/KAA_КУР-СОЛ-0017-02/2026-06-11/sentinel_true_color.tif
OK kaa/KAA_КУР-СОЛ-0017-02/2026-07-01: /Users/korneev/Desktop/water-regime-gis/outputs/imagery/kaa/KAA_КУР-СОЛ-0017-02/2026-07-01/sentinel_true_color.tif
OK kaa/KAA_КУР-СОЛ-0017-02/2026-07-19: /Users/korneev/Desktop/water-regime-gis/outputs/imagery/kaa/KAA_КУР-СОЛ-0017-02/2026-07-19/sentinel_true_color.tif
OK kaa/KAA_КУР-СОЛ-0017-02/2026-07-31: /Users/korneev/Desktop/water-regime-gis/outputs/imagery/kaa/KAA_КУР-СОЛ-0017-02/2026-07-31/sentinel_true_color.tif
OK kaa/KAA_КУР-СОЛ-0017-02/2026-08-03: /Users/korneev/Desktop/water-regime-gis/outputs/imagery/kaa/KAA_КУР-СОЛ-0017-02/2026-08-03/sentinel_true_color.tif
OK kaa/KAA_КУР-СОЛ-0017-02/2026-08-10: /Users/korneev/Desktop/water-regime-gis/outputs/imagery/kaa/KAA_КУР-СОЛ-0017-02/2026-08-10/sentinel_true_color.tif
OK kaa/KAA_КУР-СОЛ-0031-3/2026-05-05: /Users/korneev/Desktop/water-regime-gis/outputs/imagery/kaa/KAA_КУР-СОЛ-0031-3/2026-05-05/sentinel_true_color.tif
OK kaa/KAA_КУР-СОЛ-0031-3/2026-05-20: /Users/korneev/Desktop/water-regime-gis/outputs/imagery/kaa/KAA_КУР-СОЛ-0031-3/2026-05-20/sentinel_true_color.tif
OK kaa/KAA_КУР-СОЛ-0031-3/2026-05-22: /Users/korneev/Desktop/water-regime-gis/outputs/imagery/kaa/KAA_КУР-СОЛ-0031-3/2026-05-22/sentinel_true_color.tif
OK kaa/KAA_КУР-СОЛ-0031-3/2026-06-09: /Users/korneev/Desktop/water-regime-gis/outputs/imagery/kaa/KAA_КУР-СОЛ-0031-3/2026-06-09/sentinel_true_color.tif
OK kaa/KAA_КУР-СОЛ-0031-3/2026-06-11: /Users/korneev/Desktop/water-regime-gis/outputs/imagery/kaa/KAA_КУР-СОЛ-0031-3/2026-06-11/sentinel_true_color.tif
OK kaa/KAA_КУР-СОЛ-0031-3/2026-07-01: /Users/korneev/Desktop/water-regime-gis/outputs/imagery/kaa/KAA_КУР-СОЛ-0031-3/2026-07-01/sentinel_true_color.tif
OK kaa/KAA_КУР-СОЛ-0031-3/2026-07-19: /Users/korneev/Desktop/water-regime-gis/outputs/imagery/kaa/KAA_КУР-СОЛ-0031-3/2026-07-19/sentinel_true_color.tif
OK kaa/KAA_КУР-СОЛ-0031-3/2026-07-31: /Users/korneev/Desktop/water-regime-gis/outputs/imagery/kaa/KAA_КУР-СОЛ-0031-3/2026-07-31/sentinel_true_color.tif
OK kaa/KAA_КУР-СОЛ-0031-3/2026-08-03: /Users/korneev/Desktop/water-regime-gis/outputs/imagery/kaa/KAA_КУР-СОЛ-0031-3/2026-08-03/sentinel_true_color.tif
OK kaa/KAA_КУР-СОЛ-0031-3/2026-08-10: /Users/korneev/Desktop/water-regime-gis/outputs/imagery/kaa/KAA_КУР-СОЛ-0031-3/2026-08-10/sentinel_true_color.tif
OK kaa/KAA_КУР-СОЛ-0011-04/2026-05-05: /Users/korneev/Desktop/water-regime-gis/outputs/imagery/kaa/KAA_КУР-СОЛ-0011-04/2026-05-05/sentinel_true_color.tif
OK kaa/KAA_КУР-СОЛ-0011-04/2026-05-20: /Users/korneev/Desktop/water-regime-gis/outputs/imagery/kaa/KAA_КУР-СОЛ-0011-04/2026-05-20/sentinel_true_color.tif
OK kaa/KAA_КУР-СОЛ-0011-04/2026-05-22: /Users/korneev/Desktop/water-regime-gis/outputs/imagery/kaa/KAA_КУР-СОЛ-0011-04/2026-05-22/sentinel_true_color.tif
OK kaa/KAA_КУР-СОЛ-0011-04/2026-06-09: /Users/korneev/Desktop/water-regime-gis/outputs/imagery/kaa/KAA_КУР-СОЛ-0011-04/2026-06-09/sentinel_true_color.tif
OK kaa/KAA_КУР-СОЛ-0011-04/2026-06-11: /Users/korneev/Desktop/water-regime-gis/outputs/imagery/kaa/KAA_КУР-СОЛ-0011-04/2026-06-11/sentinel_true_color.tif
OK kaa/KAA_КУР-СОЛ-0011-04/2026-07-01: /Users/korneev/Desktop/water-regime-gis/outputs/imagery/kaa/KAA_КУР-СОЛ-0011-04/2026-07-01/sentinel_true_color.tif
OK kaa/KAA_КУР-СОЛ-0011-04/2026-07-19: /Users/korneev/Desktop/water-regime-gis/outputs/imagery/kaa/KAA_КУР-СОЛ-0011-04/2026-07-19/sentinel_true_color.tif
OK kaa/KAA_КУР-СОЛ-0011-04/2026-07-31: /Users/korneev/Desktop/water-regime-gis/outputs/imagery/kaa/KAA_КУР-СОЛ-0011-04/2026-07-31/sentinel_true_color.tif
OK kaa/KAA_КУР-СОЛ-0011-04/2026-08-03: /Users/korneev/Desktop/water-regime-gis/outputs/imagery/kaa/KAA_КУР-СОЛ-0011-04/2026-08-03/sentinel_true_color.tif
OK kaa/KAA_КУР-СОЛ-0011-04/2026-08-10: /Users/korneev/Desktop/water-regime-gis/outputs/imagery/kaa/KAA_КУР-СОЛ-0011-04/2026-08-10/sentinel_true_color.tif
OK kaa/KAA_КУР-СОЛ-0011-03/2026-05-05: /Users/korneev/Desktop/water-regime-gis/outputs/imagery/kaa/KAA_КУР-СОЛ-0011-03/2026-05-05/sentinel_true_color.tif
OK kaa/KAA_КУР-СОЛ-0011-03/2026-05-20: /Users/korneev/Desktop/water-regime-gis/outputs/imagery/kaa/KAA_КУР-СОЛ-0011-03/2026-05-20/sentinel_true_color.tif
OK kaa/KAA_КУР-СОЛ-0011-03/2026-05-22: /Users/korneev/Desktop/water-regime-gis/outputs/imagery/kaa/KAA_КУР-СОЛ-0011-03/2026-05-22/sentinel_true_color.tif
OK kaa/KAA_КУР-СОЛ-0011-03/2026-06-09: /Users/korneev/Desktop/water-regime-gis/outputs/imagery/kaa/KAA_КУР-СОЛ-0011-03/2026-06-09/sentinel_true_color.tif
OK kaa/KAA_КУР-СОЛ-0011-03/2026-06-11: /Users/korneev/Desktop/water-regime-gis/outputs/imagery/kaa/KAA_КУР-СОЛ-0011-03/2026-06-11/sentinel_true_color.tif
OK kaa/KAA_КУР-СОЛ-0011-03/2026-07-01: /Users/korneev/Desktop/water-regime-gis/outputs/imagery/kaa/KAA_КУР-СОЛ-0011-03/2026-07-01/sentinel_true_color.tif
OK kaa/KAA_КУР-СОЛ-0011-03/2026-07-19: /Users/korneev/Desktop/water-regime-gis/outputs/imagery/kaa/KAA_КУР-СОЛ-0011-03/2026-07-19/sentinel_true_color.tif
OK kaa/KAA_КУР-СОЛ-0011-03/2026-07-31: /Users/korneev/Desktop/water-regime-gis/outputs/imagery/kaa/KAA_КУР-СОЛ-0011-03/2026-07-31/sentinel_true_color.tif
OK kaa/KAA_КУР-СОЛ-0011-03/2026-08-03: /Users/korneev/Desktop/water-regime-gis/outputs/imagery/kaa/KAA_КУР-СОЛ-0011-03/2026-08-03/sentinel_true_color.tif
OK kaa/KAA_КУР-СОЛ-0011-03/2026-08-10: /Users/korneev/Desktop/water-regime-gis/outputs/imagery/kaa/KAA_КУР-СОЛ-0011-03/2026-08-10/sentinel_true_color.tif
OK kaa/KAA_КУР-ГОР-0064-03/2026-04-25: /Users/korneev/Desktop/water-regime-gis/outputs/imagery/kaa/KAA_КУР-ГОР-0064-03/2026-04-25/sentinel_true_color.tif
OK kaa/KAA_КУР-ГОР-0064-03/2026-05-05: /Users/korneev/Desktop/water-regime-gis/outputs/imagery/kaa/KAA_КУР-ГОР-0064-03/2026-05-05/sentinel_true_color.tif
OK kaa/KAA_КУР-ГОР-0064-03/2026-05-07: /Users/korneev/Desktop/water-regime-gis/outputs/imagery/kaa/KAA_КУР-ГОР-0064-03/2026-05-07/sentinel_true_color.tif
OK kaa/KAA_КУР-ГОР-0064-03/2026-05-20: /Users/korneev/Desktop/water-regime-gis/outputs/imagery/kaa/KAA_КУР-ГОР-0064-03/2026-05-20/sentinel_true_color.tif
OK kaa/KAA_КУР-ГОР-0064-03/2026-05-22: /Users/korneev/Desktop/water-regime-gis/outputs/imagery/kaa/KAA_КУР-ГОР-0064-03/2026-05-22/sentinel_true_color.tif
OK kaa/KAA_КУР-ГОР-0064-03/2026-06-08: /Users/korneev/Desktop/water-regime-gis/outputs/imagery/kaa/KAA_КУР-ГОР-0064-03/2026-06-08/sentinel_true_color.tif
OK kaa/KAA_КУР-ГОР-0064-03/2026-06-09: /Users/korneev/Desktop/water-regime-gis/outputs/imagery/kaa/KAA_КУР-ГОР-0064-03/2026-06-09/sentinel_true_color.tif
OK kaa/KAA_КУР-ГОР-0064-03/2026-06-11: /Users/korneev/Desktop/water-regime-gis/outputs/imagery/kaa/KAA_КУР-ГОР-0064-03/2026-06-11/sentinel_true_color.tif
OK kaa/KAA_КУР-ГОР-0064-03/2026-06-18: /Users/korneev/Desktop/water-regime-gis/outputs/imagery/kaa/KAA_КУР-ГОР-0064-03/2026-06-18/sentinel_true_color.tif
OK kaa/KAA_КУР-ГОР-0064-03/2026-07-01: /Users/korneev/Desktop/water-regime-gis/outputs/imagery/kaa/KAA_КУР-ГОР-0064-03/2026-07-01/sentinel_true_color.tif
OK kaa/KAA_КУР-ГОР-0064-03/2026-07-18: /Users/korneev/Desktop/water-regime-gis/outputs/imagery/kaa/KAA_КУР-ГОР-0064-03/2026-07-18/sentinel_true_color.tif
OK kaa/KAA_КУР-ГОР-0064-03/2026-07-19: /Users/korneev/Desktop/water-regime-gis/outputs/imagery/kaa/KAA_КУР-ГОР-0064-03/2026-07-19/sentinel_true_color.tif
OK kaa/KAA_КУР-ГОР-0064-03/2026-07-31: /Users/korneev/Desktop/water-regime-gis/outputs/imagery/kaa/KAA_КУР-ГОР-0064-03/2026-07-31/sentinel_true_color.tif
OK kaa/KAA_КУР-ГОР-0064-03/2026-08-03: /Users/korneev/Desktop/water-regime-gis/outputs/imagery/kaa/KAA_КУР-ГОР-0064-03/2026-08-03/sentinel_true_color.tif
OK kaa/KAA_КУР-ГОР-0064-03/2026-08-07: /Users/korneev/Desktop/water-regime-gis/outputs/imagery/kaa/KAA_КУР-ГОР-0064-03/2026-08-07/sentinel_true_color.tif
OK kaa/KAA_КУР-ГОР-0064-03/2026-08-08: /Users/korneev/Desktop/water-regime-gis/outputs/imagery/kaa/KAA_КУР-ГОР-0064-03/2026-08-08/sentinel_true_color.tif
OK kaa/KAA_КУР-ГОР-0064-03/2026-08-10: /Users/korneev/Desktop/water-regime-gis/outputs/imagery/kaa/KAA_КУР-ГОР-0064-03/2026-08-10/sentinel_true_color.tif
Finished: 724 ready, 0 errors
Manifest: /Users/korneev/Desktop/water-regime-gis/outputs/imagery/download_manifest.json
OK sp/SP_4_17/2026-04-22: /Users/korneev/Desktop/water-regime-gis/outputs/imagery/sp/SP_4_17/2026-04-22/sentinel_true_color.tif
OK sp/SP_4_17/2026-05-05: /Users/korneev/Desktop/water-regime-gis/outputs/imagery/sp/SP_4_17/2026-05-05/sentinel_true_color.tif
OK sp/SP_4_17/2026-05-07: /Users/korneev/Desktop/water-regime-gis/outputs/imagery/sp/SP_4_17/2026-05-07/sentinel_true_color.tif
OK sp/SP_4_17/2026-05-17: /Users/korneev/Desktop/water-regime-gis/outputs/imagery/sp/SP_4_17/2026-05-17/sentinel_true_color.tif
OK sp/SP_4_17/2026-05-20: /Users/korneev/Desktop/water-regime-gis/outputs/imagery/sp/SP_4_17/2026-05-20/sentinel_true_color.tif
SKIP sp/SP_4_17/2026-04-22: /Users/korneev/Desktop/water-regime-gis/outputs/imagery/sp/SP_4_17/2026-04-22/sentinel_true_color.tif
SKIP sp/SP_4_17/2026-05-05: /Users/korneev/Desktop/water-regime-gis/outputs/imagery/sp/SP_4_17/2026-05-05/sentinel_true_color.tif
SKIP sp/SP_4_17/2026-05-07: /Users/korneev/Desktop/water-regime-gis/outputs/imagery/sp/SP_4_17/2026-05-07/sentinel_true_color.tif
SKIP sp/SP_4_17/2026-05-17: /Users/korneev/Desktop/water-regime-gis/outputs/imagery/sp/SP_4_17/2026-05-17/sentinel_true_color.tif
SKIP sp/SP_4_17/2026-05-20: /Users/korneev/Desktop/water-regime-gis/outputs/imagery/sp/SP_4_17/2026-05-20/sentinel_true_color.tif
OK sp/SP_4_17/2026-05-22: /Users/korneev/Desktop/water-regime-gis/outputs/imagery/sp/SP_4_17/2026-05-22/sentinel_true_color.tif
OK sp/SP_4_17/2026-06-06: /Users/korneev/Desktop/water-regime-gis/outputs/imagery/sp/SP_4_17/2026-06-06/sentinel_true_color.tif
OK sp/SP_4_17/2026-06-08: /Users/korneev/Desktop/water-regime-gis/outputs/imagery/sp/SP_4_17/2026-06-08/sentinel_true_color.tif
OK sp/SP_4_17/2026-06-09: /Users/korneev/Desktop/water-regime-gis/outputs/imagery/sp/SP_4_17/2026-06-09/sentinel_true_color.tif
OK sp/SP_4_17/2026-06-11: /Users/korneev/Desktop/water-regime-gis/outputs/imagery/sp/SP_4_17/2026-06-11/sentinel_true_color.tif
OK sp/SP_4_17/2026-07-14: /Users/korneev/Desktop/water-regime-gis/outputs/imagery/sp/SP_4_17/2026-07-14/sentinel_true_color.tif
OK sp/SP_4_17/2026-07-19: /Users/korneev/Desktop/water-regime-gis/outputs/imagery/sp/SP_4_17/2026-07-19/sentinel_true_color.tif
OK sp/SP_4_17/2026-07-28: /Users/korneev/Desktop/water-regime-gis/outputs/imagery/sp/SP_4_17/2026-07-28/sentinel_true_color.tif
OK sp/SP_4_17/2026-07-31: /Users/korneev/Desktop/water-regime-gis/outputs/imagery/sp/SP_4_17/2026-07-31/sentinel_true_color.tif
OK sp/SP_4_17/2026-08-10: /Users/korneev/Desktop/water-regime-gis/outputs/imagery/sp/SP_4_17/2026-08-10/sentinel_true_color.tif
OK sp/SP_4_18/2026-04-22: /Users/korneev/Desktop/water-regime-gis/outputs/imagery/sp/SP_4_18/2026-04-22/sentinel_true_color.tif
OK sp/SP_4_18/2026-05-05: /Users/korneev/Desktop/water-regime-gis/outputs/imagery/sp/SP_4_18/2026-05-05/sentinel_true_color.tif
OK sp/SP_4_18/2026-05-07: /Users/korneev/Desktop/water-regime-gis/outputs/imagery/sp/SP_4_18/2026-05-07/sentinel_true_color.tif
OK sp/SP_4_18/2026-05-17: /Users/korneev/Desktop/water-regime-gis/outputs/imagery/sp/SP_4_18/2026-05-17/sentinel_true_color.tif
OK sp/SP_4_18/2026-05-20: /Users/korneev/Desktop/water-regime-gis/outputs/imagery/sp/SP_4_18/2026-05-20/sentinel_true_color.tif
OK sp/SP_4_18/2026-05-22: /Users/korneev/Desktop/water-regime-gis/outputs/imagery/sp/SP_4_18/2026-05-22/sentinel_true_color.tif
OK sp/SP_4_18/2026-06-06: /Users/korneev/Desktop/water-regime-gis/outputs/imagery/sp/SP_4_18/2026-06-06/sentinel_true_color.tif
OK sp/SP_4_18/2026-06-08: /Users/korneev/Desktop/water-regime-gis/outputs/imagery/sp/SP_4_18/2026-06-08/sentinel_true_color.tif
OK sp/SP_4_18/2026-06-09: /Users/korneev/Desktop/water-regime-gis/outputs/imagery/sp/SP_4_18/2026-06-09/sentinel_true_color.tif
OK sp/SP_4_18/2026-06-11: /Users/korneev/Desktop/water-regime-gis/outputs/imagery/sp/SP_4_18/2026-06-11/sentinel_true_color.tif
OK sp/SP_4_18/2026-07-14: /Users/korneev/Desktop/water-regime-gis/outputs/imagery/sp/SP_4_18/2026-07-14/sentinel_true_color.tif
OK sp/SP_4_18/2026-07-19: /Users/korneev/Desktop/water-regime-gis/outputs/imagery/sp/SP_4_18/2026-07-19/sentinel_true_color.tif
OK sp/SP_4_18/2026-07-28: /Users/korneev/Desktop/water-regime-gis/outputs/imagery/sp/SP_4_18/2026-07-28/sentinel_true_color.tif
OK sp/SP_4_18/2026-07-31: /Users/korneev/Desktop/water-regime-gis/outputs/imagery/sp/SP_4_18/2026-07-31/sentinel_true_color.tif
OK sp/SP_4_18/2026-08-10: /Users/korneev/Desktop/water-regime-gis/outputs/imagery/sp/SP_4_18/2026-08-10/sentinel_true_color.tif
OK sp/SP_4_25/2026-04-22: /Users/korneev/Desktop/water-regime-gis/outputs/imagery/sp/SP_4_25/2026-04-22/sentinel_true_color.tif
OK sp/SP_4_25/2026-05-05: /Users/korneev/Desktop/water-regime-gis/outputs/imagery/sp/SP_4_25/2026-05-05/sentinel_true_color.tif
OK sp/SP_4_25/2026-05-07: /Users/korneev/Desktop/water-regime-gis/outputs/imagery/sp/SP_4_25/2026-05-07/sentinel_true_color.tif
OK sp/SP_4_25/2026-05-17: /Users/korneev/Desktop/water-regime-gis/outputs/imagery/sp/SP_4_25/2026-05-17/sentinel_true_color.tif
OK sp/SP_4_25/2026-05-20: /Users/korneev/Desktop/water-regime-gis/outputs/imagery/sp/SP_4_25/2026-05-20/sentinel_true_color.tif
OK sp/SP_4_25/2026-05-22: /Users/korneev/Desktop/water-regime-gis/outputs/imagery/sp/SP_4_25/2026-05-22/sentinel_true_color.tif
OK sp/SP_4_25/2026-06-06: /Users/korneev/Desktop/water-regime-gis/outputs/imagery/sp/SP_4_25/2026-06-06/sentinel_true_color.tif
OK sp/SP_4_25/2026-06-08: /Users/korneev/Desktop/water-regime-gis/outputs/imagery/sp/SP_4_25/2026-06-08/sentinel_true_color.tif
OK sp/SP_4_25/2026-06-09: /Users/korneev/Desktop/water-regime-gis/outputs/imagery/sp/SP_4_25/2026-06-09/sentinel_true_color.tif
OK sp/SP_4_25/2026-06-11: /Users/korneev/Desktop/water-regime-gis/outputs/imagery/sp/SP_4_25/2026-06-11/sentinel_true_color.tif
OK sp/SP_4_25/2026-07-14: /Users/korneev/Desktop/water-regime-gis/outputs/imagery/sp/SP_4_25/2026-07-14/sentinel_true_color.tif
OK sp/SP_4_25/2026-07-19: /Users/korneev/Desktop/water-regime-gis/outputs/imagery/sp/SP_4_25/2026-07-19/sentinel_true_color.tif
OK sp/SP_4_25/2026-07-28: /Users/korneev/Desktop/water-regime-gis/outputs/imagery/sp/SP_4_25/2026-07-28/sentinel_true_color.tif
OK sp/SP_4_25/2026-07-31: /Users/korneev/Desktop/water-regime-gis/outputs/imagery/sp/SP_4_25/2026-07-31/sentinel_true_color.tif
OK sp/SP_4_25/2026-08-10: /Users/korneev/Desktop/water-regime-gis/outputs/imagery/sp/SP_4_25/2026-08-10/sentinel_true_color.tif
OK sp/SP_4_23/2026-04-22: /Users/korneev/Desktop/water-regime-gis/outputs/imagery/sp/SP_4_23/2026-04-22/sentinel_true_color.tif
OK sp/SP_4_23/2026-05-05: /Users/korneev/Desktop/water-regime-gis/outputs/imagery/sp/SP_4_23/2026-05-05/sentinel_true_color.tif
OK sp/SP_4_23/2026-05-07: /Users/korneev/Desktop/water-regime-gis/outputs/imagery/sp/SP_4_23/2026-05-07/sentinel_true_color.tif
OK sp/SP_4_23/2026-05-17: /Users/korneev/Desktop/water-regime-gis/outputs/imagery/sp/SP_4_23/2026-05-17/sentinel_true_color.tif
OK sp/SP_4_23/2026-05-20: /Users/korneev/Desktop/water-regime-gis/outputs/imagery/sp/SP_4_23/2026-05-20/sentinel_true_color.tif
OK sp/SP_4_23/2026-05-22: /Users/korneev/Desktop/water-regime-gis/outputs/imagery/sp/SP_4_23/2026-05-22/sentinel_true_color.tif
OK sp/SP_4_23/2026-06-06: /Users/korneev/Desktop/water-regime-gis/outputs/imagery/sp/SP_4_23/2026-06-06/sentinel_true_color.tif
OK sp/SP_4_23/2026-06-08: /Users/korneev/Desktop/water-regime-gis/outputs/imagery/sp/SP_4_23/2026-06-08/sentinel_true_color.tif
OK sp/SP_4_23/2026-06-09: /Users/korneev/Desktop/water-regime-gis/outputs/imagery/sp/SP_4_23/2026-06-09/sentinel_true_color.tif
OK sp/SP_4_23/2026-06-11: /Users/korneev/Desktop/water-regime-gis/outputs/imagery/sp/SP_4_23/2026-06-11/sentinel_true_color.tif
OK sp/SP_4_23/2026-07-14: /Users/korneev/Desktop/water-regime-gis/outputs/imagery/sp/SP_4_23/2026-07-14/sentinel_true_color.tif
OK sp/SP_4_23/2026-07-19: /Users/korneev/Desktop/water-regime-gis/outputs/imagery/sp/SP_4_23/2026-07-19/sentinel_true_color.tif
OK sp/SP_4_23/2026-07-28: /Users/korneev/Desktop/water-regime-gis/outputs/imagery/sp/SP_4_23/2026-07-28/sentinel_true_color.tif
OK sp/SP_4_23/2026-07-31: /Users/korneev/Desktop/water-regime-gis/outputs/imagery/sp/SP_4_23/2026-07-31/sentinel_true_color.tif
OK sp/SP_4_23/2026-08-10: /Users/korneev/Desktop/water-regime-gis/outputs/imagery/sp/SP_4_23/2026-08-10/sentinel_true_color.tif
OK sp/SP_4_19/2026-04-22: /Users/korneev/Desktop/water-regime-gis/outputs/imagery/sp/SP_4_19/2026-04-22/sentinel_true_color.tif
OK sp/SP_4_19/2026-05-05: /Users/korneev/Desktop/water-regime-gis/outputs/imagery/sp/SP_4_19/2026-05-05/sentinel_true_color.tif
OK sp/SP_4_19/2026-05-07: /Users/korneev/Desktop/water-regime-gis/outputs/imagery/sp/SP_4_19/2026-05-07/sentinel_true_color.tif
OK sp/SP_4_19/2026-05-17: /Users/korneev/Desktop/water-regime-gis/outputs/imagery/sp/SP_4_19/2026-05-17/sentinel_true_color.tif
OK sp/SP_4_19/2026-05-20: /Users/korneev/Desktop/water-regime-gis/outputs/imagery/sp/SP_4_19/2026-05-20/sentinel_true_color.tif
OK sp/SP_4_19/2026-05-22: /Users/korneev/Desktop/water-regime-gis/outputs/imagery/sp/SP_4_19/2026-05-22/sentinel_true_color.tif
OK sp/SP_4_19/2026-06-06: /Users/korneev/Desktop/water-regime-gis/outputs/imagery/sp/SP_4_19/2026-06-06/sentinel_true_color.tif
OK sp/SP_4_19/2026-06-08: /Users/korneev/Desktop/water-regime-gis/outputs/imagery/sp/SP_4_19/2026-06-08/sentinel_true_color.tif
OK sp/SP_4_19/2026-06-09: /Users/korneev/Desktop/water-regime-gis/outputs/imagery/sp/SP_4_19/2026-06-09/sentinel_true_color.tif
OK sp/SP_4_19/2026-06-11: /Users/korneev/Desktop/water-regime-gis/outputs/imagery/sp/SP_4_19/2026-06-11/sentinel_true_color.tif
OK sp/SP_4_19/2026-07-14: /Users/korneev/Desktop/water-regime-gis/outputs/imagery/sp/SP_4_19/2026-07-14/sentinel_true_color.tif
OK sp/SP_4_19/2026-07-19: /Users/korneev/Desktop/water-regime-gis/outputs/imagery/sp/SP_4_19/2026-07-19/sentinel_true_color.tif
OK sp/SP_4_19/2026-07-28: /Users/korneev/Desktop/water-regime-gis/outputs/imagery/sp/SP_4_19/2026-07-28/sentinel_true_color.tif
OK sp/SP_4_19/2026-07-31: /Users/korneev/Desktop/water-regime-gis/outputs/imagery/sp/SP_4_19/2026-07-31/sentinel_true_color.tif
OK sp/SP_4_19/2026-08-10: /Users/korneev/Desktop/water-regime-gis/outputs/imagery/sp/SP_4_19/2026-08-10/sentinel_true_color.tif
OK sp/SP_4_20/2026-04-22: /Users/korneev/Desktop/water-regime-gis/outputs/imagery/sp/SP_4_20/2026-04-22/sentinel_true_color.tif
OK sp/SP_4_20/2026-05-05: /Users/korneev/Desktop/water-regime-gis/outputs/imagery/sp/SP_4_20/2026-05-05/sentinel_true_color.tif
OK sp/SP_4_20/2026-05-07: /Users/korneev/Desktop/water-regime-gis/outputs/imagery/sp/SP_4_20/2026-05-07/sentinel_true_color.tif
OK sp/SP_4_20/2026-05-17: /Users/korneev/Desktop/water-regime-gis/outputs/imagery/sp/SP_4_20/2026-05-17/sentinel_true_color.tif
OK sp/SP_4_20/2026-05-20: /Users/korneev/Desktop/water-regime-gis/outputs/imagery/sp/SP_4_20/2026-05-20/sentinel_true_color.tif
OK sp/SP_4_20/2026-05-22: /Users/korneev/Desktop/water-regime-gis/outputs/imagery/sp/SP_4_20/2026-05-22/sentinel_true_color.tif
OK sp/SP_4_20/2026-06-06: /Users/korneev/Desktop/water-regime-gis/outputs/imagery/sp/SP_4_20/2026-06-06/sentinel_true_color.tif
OK sp/SP_4_20/2026-06-08: /Users/korneev/Desktop/water-regime-gis/outputs/imagery/sp/SP_4_20/2026-06-08/sentinel_true_color.tif
OK sp/SP_4_20/2026-06-09: /Users/korneev/Desktop/water-regime-gis/outputs/imagery/sp/SP_4_20/2026-06-09/sentinel_true_color.tif
OK sp/SP_4_20/2026-06-11: /Users/korneev/Desktop/water-regime-gis/outputs/imagery/sp/SP_4_20/2026-06-11/sentinel_true_color.tif
OK sp/SP_4_20/2026-07-14: /Users/korneev/Desktop/water-regime-gis/outputs/imagery/sp/SP_4_20/2026-07-14/sentinel_true_color.tif
OK sp/SP_4_20/2026-07-19: /Users/korneev/Desktop/water-regime-gis/outputs/imagery/sp/SP_4_20/2026-07-19/sentinel_true_color.tif
OK sp/SP_4_20/2026-07-28: /Users/korneev/Desktop/water-regime-gis/outputs/imagery/sp/SP_4_20/2026-07-28/sentinel_true_color.tif
OK sp/SP_4_20/2026-07-31: /Users/korneev/Desktop/water-regime-gis/outputs/imagery/sp/SP_4_20/2026-07-31/sentinel_true_color.tif
OK sp/SP_4_20/2026-08-10: /Users/korneev/Desktop/water-regime-gis/outputs/imagery/sp/SP_4_20/2026-08-10/sentinel_true_color.tif
OK sp/SP_4_21/2026-04-22: /Users/korneev/Desktop/water-regime-gis/outputs/imagery/sp/SP_4_21/2026-04-22/sentinel_true_color.tif
OK sp/SP_4_21/2026-05-05: /Users/korneev/Desktop/water-regime-gis/outputs/imagery/sp/SP_4_21/2026-05-05/sentinel_true_color.tif
OK sp/SP_4_21/2026-05-07: /Users/korneev/Desktop/water-regime-gis/outputs/imagery/sp/SP_4_21/2026-05-07/sentinel_true_color.tif
OK sp/SP_4_21/2026-05-17: /Users/korneev/Desktop/water-regime-gis/outputs/imagery/sp/SP_4_21/2026-05-17/sentinel_true_color.tif
OK sp/SP_4_21/2026-05-20: /Users/korneev/Desktop/water-regime-gis/outputs/imagery/sp/SP_4_21/2026-05-20/sentinel_true_color.tif
OK sp/SP_4_21/2026-05-22: /Users/korneev/Desktop/water-regime-gis/outputs/imagery/sp/SP_4_21/2026-05-22/sentinel_true_color.tif
OK sp/SP_4_21/2026-06-06: /Users/korneev/Desktop/water-regime-gis/outputs/imagery/sp/SP_4_21/2026-06-06/sentinel_true_color.tif
OK sp/SP_4_21/2026-06-08: /Users/korneev/Desktop/water-regime-gis/outputs/imagery/sp/SP_4_21/2026-06-08/sentinel_true_color.tif
OK sp/SP_4_21/2026-06-09: /Users/korneev/Desktop/water-regime-gis/outputs/imagery/sp/SP_4_21/2026-06-09/sentinel_true_color.tif
OK sp/SP_4_21/2026-06-11: /Users/korneev/Desktop/water-regime-gis/outputs/imagery/sp/SP_4_21/2026-06-11/sentinel_true_color.tif
OK sp/SP_4_21/2026-07-14: /Users/korneev/Desktop/water-regime-gis/outputs/imagery/sp/SP_4_21/2026-07-14/sentinel_true_color.tif
OK sp/SP_4_21/2026-07-19: /Users/korneev/Desktop/water-regime-gis/outputs/imagery/sp/SP_4_21/2026-07-19/sentinel_true_color.tif
OK sp/SP_4_21/2026-07-28: /Users/korneev/Desktop/water-regime-gis/outputs/imagery/sp/SP_4_21/2026-07-28/sentinel_true_color.tif
OK sp/SP_4_21/2026-07-31: /Users/korneev/Desktop/water-regime-gis/outputs/imagery/sp/SP_4_21/2026-07-31/sentinel_true_color.tif
OK sp/SP_4_21/2026-08-10: /Users/korneev/Desktop/water-regime-gis/outputs/imagery/sp/SP_4_21/2026-08-10/sentinel_true_color.tif
OK sp/SP_4_22/2026-04-22: /Users/korneev/Desktop/water-regime-gis/outputs/imagery/sp/SP_4_22/2026-04-22/sentinel_true_color.tif
OK sp/SP_4_22/2026-05-05: /Users/korneev/Desktop/water-regime-gis/outputs/imagery/sp/SP_4_22/2026-05-05/sentinel_true_color.tif
OK sp/SP_4_22/2026-05-07: /Users/korneev/Desktop/water-regime-gis/outputs/imagery/sp/SP_4_22/2026-05-07/sentinel_true_color.tif
OK sp/SP_4_22/2026-05-17: /Users/korneev/Desktop/water-regime-gis/outputs/imagery/sp/SP_4_22/2026-05-17/sentinel_true_color.tif
OK sp/SP_4_22/2026-05-20: /Users/korneev/Desktop/water-regime-gis/outputs/imagery/sp/SP_4_22/2026-05-20/sentinel_true_color.tif
OK sp/SP_4_22/2026-05-22: /Users/korneev/Desktop/water-regime-gis/outputs/imagery/sp/SP_4_22/2026-05-22/sentinel_true_color.tif
OK sp/SP_4_22/2026-06-06: /Users/korneev/Desktop/water-regime-gis/outputs/imagery/sp/SP_4_22/2026-06-06/sentinel_true_color.tif
OK sp/SP_4_22/2026-06-08: /Users/korneev/Desktop/water-regime-gis/outputs/imagery/sp/SP_4_22/2026-06-08/sentinel_true_color.tif
OK sp/SP_4_22/2026-06-09: /Users/korneev/Desktop/water-regime-gis/outputs/imagery/sp/SP_4_22/2026-06-09/sentinel_true_color.tif
OK sp/SP_4_22/2026-06-11: /Users/korneev/Desktop/water-regime-gis/outputs/imagery/sp/SP_4_22/2026-06-11/sentinel_true_color.tif
OK sp/SP_4_22/2026-07-14: /Users/korneev/Desktop/water-regime-gis/outputs/imagery/sp/SP_4_22/2026-07-14/sentinel_true_color.tif
OK sp/SP_4_22/2026-07-19: /Users/korneev/Desktop/water-regime-gis/outputs/imagery/sp/SP_4_22/2026-07-19/sentinel_true_color.tif
OK sp/SP_4_22/2026-07-28: /Users/korneev/Desktop/water-regime-gis/outputs/imagery/sp/SP_4_22/2026-07-28/sentinel_true_color.tif
OK sp/SP_4_22/2026-07-31: /Users/korneev/Desktop/water-regime-gis/outputs/imagery/sp/SP_4_22/2026-07-31/sentinel_true_color.tif
OK sp/SP_4_22/2026-08-10: /Users/korneev/Desktop/water-regime-gis/outputs/imagery/sp/SP_4_22/2026-08-10/sentinel_true_color.tif
OK sp/SP_4_24/2026-04-22: /Users/korneev/Desktop/water-regime-gis/outputs/imagery/sp/SP_4_24/2026-04-22/sentinel_true_color.tif
OK sp/SP_4_24/2026-05-05: /Users/korneev/Desktop/water-regime-gis/outputs/imagery/sp/SP_4_24/2026-05-05/sentinel_true_color.tif
OK sp/SP_4_24/2026-05-07: /Users/korneev/Desktop/water-regime-gis/outputs/imagery/sp/SP_4_24/2026-05-07/sentinel_true_color.tif
OK sp/SP_4_24/2026-05-17: /Users/korneev/Desktop/water-regime-gis/outputs/imagery/sp/SP_4_24/2026-05-17/sentinel_true_color.tif
OK sp/SP_4_24/2026-05-20: /Users/korneev/Desktop/water-regime-gis/outputs/imagery/sp/SP_4_24/2026-05-20/sentinel_true_color.tif
OK sp/SP_4_24/2026-05-22: /Users/korneev/Desktop/water-regime-gis/outputs/imagery/sp/SP_4_24/2026-05-22/sentinel_true_color.tif
OK sp/SP_4_24/2026-06-06: /Users/korneev/Desktop/water-regime-gis/outputs/imagery/sp/SP_4_24/2026-06-06/sentinel_true_color.tif
OK sp/SP_4_24/2026-06-08: /Users/korneev/Desktop/water-regime-gis/outputs/imagery/sp/SP_4_24/2026-06-08/sentinel_true_color.tif
OK sp/SP_4_24/2026-06-09: /Users/korneev/Desktop/water-regime-gis/outputs/imagery/sp/SP_4_24/2026-06-09/sentinel_true_color.tif
OK sp/SP_4_24/2026-06-11: /Users/korneev/Desktop/water-regime-gis/outputs/imagery/sp/SP_4_24/2026-06-11/sentinel_true_color.tif
OK sp/SP_4_24/2026-07-14: /Users/korneev/Desktop/water-regime-gis/outputs/imagery/sp/SP_4_24/2026-07-14/sentinel_true_color.tif
OK sp/SP_4_24/2026-07-19: /Users/korneev/Desktop/water-regime-gis/outputs/imagery/sp/SP_4_24/2026-07-19/sentinel_true_color.tif
OK sp/SP_4_24/2026-07-28: /Users/korneev/Desktop/water-regime-gis/outputs/imagery/sp/SP_4_24/2026-07-28/sentinel_true_color.tif
OK sp/SP_4_24/2026-07-31: /Users/korneev/Desktop/water-regime-gis/outputs/imagery/sp/SP_4_24/2026-07-31/sentinel_true_color.tif
OK sp/SP_4_24/2026-08-10: /Users/korneev/Desktop/water-regime-gis/outputs/imagery/sp/SP_4_24/2026-08-10/sentinel_true_color.tif
OK sp/SP_4_5/2026-04-22: /Users/korneev/Desktop/water-regime-gis/outputs/imagery/sp/SP_4_5/2026-04-22/sentinel_true_color.tif
OK sp/SP_4_5/2026-05-05: /Users/korneev/Desktop/water-regime-gis/outputs/imagery/sp/SP_4_5/2026-05-05/sentinel_true_color.tif
OK sp/SP_4_5/2026-05-07: /Users/korneev/Desktop/water-regime-gis/outputs/imagery/sp/SP_4_5/2026-05-07/sentinel_true_color.tif
OK sp/SP_4_5/2026-05-17: /Users/korneev/Desktop/water-regime-gis/outputs/imagery/sp/SP_4_5/2026-05-17/sentinel_true_color.tif
OK sp/SP_4_5/2026-05-20: /Users/korneev/Desktop/water-regime-gis/outputs/imagery/sp/SP_4_5/2026-05-20/sentinel_true_color.tif
OK sp/SP_4_5/2026-05-22: /Users/korneev/Desktop/water-regime-gis/outputs/imagery/sp/SP_4_5/2026-05-22/sentinel_true_color.tif
OK sp/SP_4_5/2026-06-06: /Users/korneev/Desktop/water-regime-gis/outputs/imagery/sp/SP_4_5/2026-06-06/sentinel_true_color.tif
OK sp/SP_4_5/2026-06-08: /Users/korneev/Desktop/water-regime-gis/outputs/imagery/sp/SP_4_5/2026-06-08/sentinel_true_color.tif
OK sp/SP_4_5/2026-06-09: /Users/korneev/Desktop/water-regime-gis/outputs/imagery/sp/SP_4_5/2026-06-09/sentinel_true_color.tif
OK sp/SP_4_5/2026-06-11: /Users/korneev/Desktop/water-regime-gis/outputs/imagery/sp/SP_4_5/2026-06-11/sentinel_true_color.tif
OK sp/SP_4_5/2026-07-14: /Users/korneev/Desktop/water-regime-gis/outputs/imagery/sp/SP_4_5/2026-07-14/sentinel_true_color.tif
OK sp/SP_4_5/2026-07-19: /Users/korneev/Desktop/water-regime-gis/outputs/imagery/sp/SP_4_5/2026-07-19/sentinel_true_color.tif
OK sp/SP_4_5/2026-07-28: /Users/korneev/Desktop/water-regime-gis/outputs/imagery/sp/SP_4_5/2026-07-28/sentinel_true_color.tif
OK sp/SP_4_5/2026-07-31: /Users/korneev/Desktop/water-regime-gis/outputs/imagery/sp/SP_4_5/2026-07-31/sentinel_true_color.tif
OK sp/SP_4_5/2026-08-10: /Users/korneev/Desktop/water-regime-gis/outputs/imagery/sp/SP_4_5/2026-08-10/sentinel_true_color.tif
OK sp/SP_4_4/2026-04-22: /Users/korneev/Desktop/water-regime-gis/outputs/imagery/sp/SP_4_4/2026-04-22/sentinel_true_color.tif
OK sp/SP_4_4/2026-05-05: /Users/korneev/Desktop/water-regime-gis/outputs/imagery/sp/SP_4_4/2026-05-05/sentinel_true_color.tif
OK sp/SP_4_4/2026-05-07: /Users/korneev/Desktop/water-regime-gis/outputs/imagery/sp/SP_4_4/2026-05-07/sentinel_true_color.tif
OK sp/SP_4_4/2026-05-17: /Users/korneev/Desktop/water-regime-gis/outputs/imagery/sp/SP_4_4/2026-05-17/sentinel_true_color.tif
OK sp/SP_4_4/2026-05-20: /Users/korneev/Desktop/water-regime-gis/outputs/imagery/sp/SP_4_4/2026-05-20/sentinel_true_color.tif
OK sp/SP_4_4/2026-05-22: /Users/korneev/Desktop/water-regime-gis/outputs/imagery/sp/SP_4_4/2026-05-22/sentinel_true_color.tif
OK sp/SP_4_4/2026-06-06: /Users/korneev/Desktop/water-regime-gis/outputs/imagery/sp/SP_4_4/2026-06-06/sentinel_true_color.tif
OK sp/SP_4_4/2026-06-08: /Users/korneev/Desktop/water-regime-gis/outputs/imagery/sp/SP_4_4/2026-06-08/sentinel_true_color.tif
OK sp/SP_4_4/2026-06-09: /Users/korneev/Desktop/water-regime-gis/outputs/imagery/sp/SP_4_4/2026-06-09/sentinel_true_color.tif
OK sp/SP_4_4/2026-06-11: /Users/korneev/Desktop/water-regime-gis/outputs/imagery/sp/SP_4_4/2026-06-11/sentinel_true_color.tif
OK sp/SP_4_4/2026-07-14: /Users/korneev/Desktop/water-regime-gis/outputs/imagery/sp/SP_4_4/2026-07-14/sentinel_true_color.tif
OK sp/SP_4_4/2026-07-19: /Users/korneev/Desktop/water-regime-gis/outputs/imagery/sp/SP_4_4/2026-07-19/sentinel_true_color.tif
OK sp/SP_4_4/2026-07-28: /Users/korneev/Desktop/water-regime-gis/outputs/imagery/sp/SP_4_4/2026-07-28/sentinel_true_color.tif
OK sp/SP_4_4/2026-07-31: /Users/korneev/Desktop/water-regime-gis/outputs/imagery/sp/SP_4_4/2026-07-31/sentinel_true_color.tif
OK sp/SP_4_4/2026-08-10: /Users/korneev/Desktop/water-regime-gis/outputs/imagery/sp/SP_4_4/2026-08-10/sentinel_true_color.tif
OK sp/SP_4_6/2026-04-22: /Users/korneev/Desktop/water-regime-gis/outputs/imagery/sp/SP_4_6/2026-04-22/sentinel_true_color.tif
OK sp/SP_4_6/2026-05-05: /Users/korneev/Desktop/water-regime-gis/outputs/imagery/sp/SP_4_6/2026-05-05/sentinel_true_color.tif
OK sp/SP_4_6/2026-05-07: /Users/korneev/Desktop/water-regime-gis/outputs/imagery/sp/SP_4_6/2026-05-07/sentinel_true_color.tif
OK sp/SP_4_6/2026-05-17: /Users/korneev/Desktop/water-regime-gis/outputs/imagery/sp/SP_4_6/2026-05-17/sentinel_true_color.tif
OK sp/SP_4_6/2026-05-20: /Users/korneev/Desktop/water-regime-gis/outputs/imagery/sp/SP_4_6/2026-05-20/sentinel_true_color.tif
OK sp/SP_4_6/2026-05-22: /Users/korneev/Desktop/water-regime-gis/outputs/imagery/sp/SP_4_6/2026-05-22/sentinel_true_color.tif
OK sp/SP_4_6/2026-06-06: /Users/korneev/Desktop/water-regime-gis/outputs/imagery/sp/SP_4_6/2026-06-06/sentinel_true_color.tif
OK sp/SP_4_6/2026-06-08: /Users/korneev/Desktop/water-regime-gis/outputs/imagery/sp/SP_4_6/2026-06-08/sentinel_true_color.tif
OK sp/SP_4_6/2026-06-09: /Users/korneev/Desktop/water-regime-gis/outputs/imagery/sp/SP_4_6/2026-06-09/sentinel_true_color.tif
OK sp/SP_4_6/2026-06-11: /Users/korneev/Desktop/water-regime-gis/outputs/imagery/sp/SP_4_6/2026-06-11/sentinel_true_color.tif
OK sp/SP_4_6/2026-07-14: /Users/korneev/Desktop/water-regime-gis/outputs/imagery/sp/SP_4_6/2026-07-14/sentinel_true_color.tif
OK sp/SP_4_6/2026-07-19: /Users/korneev/Desktop/water-regime-gis/outputs/imagery/sp/SP_4_6/2026-07-19/sentinel_true_color.tif
OK sp/SP_4_6/2026-07-28: /Users/korneev/Desktop/water-regime-gis/outputs/imagery/sp/SP_4_6/2026-07-28/sentinel_true_color.tif
OK sp/SP_4_6/2026-07-31: /Users/korneev/Desktop/water-regime-gis/outputs/imagery/sp/SP_4_6/2026-07-31/sentinel_true_color.tif
OK sp/SP_4_6/2026-08-10: /Users/korneev/Desktop/water-regime-gis/outputs/imagery/sp/SP_4_6/2026-08-10/sentinel_true_color.tif
OK sp/SP_4_3/2026-04-22: /Users/korneev/Desktop/water-regime-gis/outputs/imagery/sp/SP_4_3/2026-04-22/sentinel_true_color.tif
OK sp/SP_4_3/2026-05-05: /Users/korneev/Desktop/water-regime-gis/outputs/imagery/sp/SP_4_3/2026-05-05/sentinel_true_color.tif
OK sp/SP_4_3/2026-05-07: /Users/korneev/Desktop/water-regime-gis/outputs/imagery/sp/SP_4_3/2026-05-07/sentinel_true_color.tif
OK sp/SP_4_3/2026-05-17: /Users/korneev/Desktop/water-regime-gis/outputs/imagery/sp/SP_4_3/2026-05-17/sentinel_true_color.tif
OK sp/SP_4_3/2026-05-20: /Users/korneev/Desktop/water-regime-gis/outputs/imagery/sp/SP_4_3/2026-05-20/sentinel_true_color.tif
OK sp/SP_4_3/2026-05-22: /Users/korneev/Desktop/water-regime-gis/outputs/imagery/sp/SP_4_3/2026-05-22/sentinel_true_color.tif
OK sp/SP_4_3/2026-06-06: /Users/korneev/Desktop/water-regime-gis/outputs/imagery/sp/SP_4_3/2026-06-06/sentinel_true_color.tif
OK sp/SP_4_3/2026-06-08: /Users/korneev/Desktop/water-regime-gis/outputs/imagery/sp/SP_4_3/2026-06-08/sentinel_true_color.tif
OK sp/SP_4_3/2026-06-09: /Users/korneev/Desktop/water-regime-gis/outputs/imagery/sp/SP_4_3/2026-06-09/sentinel_true_color.tif
OK sp/SP_4_3/2026-06-11: /Users/korneev/Desktop/water-regime-gis/outputs/imagery/sp/SP_4_3/2026-06-11/sentinel_true_color.tif
OK sp/SP_4_3/2026-07-14: /Users/korneev/Desktop/water-regime-gis/outputs/imagery/sp/SP_4_3/2026-07-14/sentinel_true_color.tif
OK sp/SP_4_3/2026-07-19: /Users/korneev/Desktop/water-regime-gis/outputs/imagery/sp/SP_4_3/2026-07-19/sentinel_true_color.tif
OK sp/SP_4_3/2026-07-28: /Users/korneev/Desktop/water-regime-gis/outputs/imagery/sp/SP_4_3/2026-07-28/sentinel_true_color.tif
OK sp/SP_4_3/2026-07-31: /Users/korneev/Desktop/water-regime-gis/outputs/imagery/sp/SP_4_3/2026-07-31/sentinel_true_color.tif
OK sp/SP_4_3/2026-08-10: /Users/korneev/Desktop/water-regime-gis/outputs/imagery/sp/SP_4_3/2026-08-10/sentinel_true_color.tif
OK sp/SP_4_7_fid_20/2026-04-22: /Users/korneev/Desktop/water-regime-gis/outputs/imagery/sp/SP_4_7_fid_20/2026-04-22/sentinel_true_color.tif
OK sp/SP_4_7_fid_20/2026-05-05: /Users/korneev/Desktop/water-regime-gis/outputs/imagery/sp/SP_4_7_fid_20/2026-05-05/sentinel_true_color.tif
OK sp/SP_4_7_fid_20/2026-05-07: /Users/korneev/Desktop/water-regime-gis/outputs/imagery/sp/SP_4_7_fid_20/2026-05-07/sentinel_true_color.tif
OK sp/SP_4_7_fid_20/2026-05-17: /Users/korneev/Desktop/water-regime-gis/outputs/imagery/sp/SP_4_7_fid_20/2026-05-17/sentinel_true_color.tif
OK sp/SP_4_7_fid_20/2026-05-20: /Users/korneev/Desktop/water-regime-gis/outputs/imagery/sp/SP_4_7_fid_20/2026-05-20/sentinel_true_color.tif
OK sp/SP_4_7_fid_20/2026-05-22: /Users/korneev/Desktop/water-regime-gis/outputs/imagery/sp/SP_4_7_fid_20/2026-05-22/sentinel_true_color.tif
OK sp/SP_4_7_fid_20/2026-06-06: /Users/korneev/Desktop/water-regime-gis/outputs/imagery/sp/SP_4_7_fid_20/2026-06-06/sentinel_true_color.tif
OK sp/SP_4_7_fid_20/2026-06-08: /Users/korneev/Desktop/water-regime-gis/outputs/imagery/sp/SP_4_7_fid_20/2026-06-08/sentinel_true_color.tif
OK sp/SP_4_7_fid_20/2026-06-09: /Users/korneev/Desktop/water-regime-gis/outputs/imagery/sp/SP_4_7_fid_20/2026-06-09/sentinel_true_color.tif
OK sp/SP_4_7_fid_20/2026-06-11: /Users/korneev/Desktop/water-regime-gis/outputs/imagery/sp/SP_4_7_fid_20/2026-06-11/sentinel_true_color.tif
OK sp/SP_4_7_fid_20/2026-07-14: /Users/korneev/Desktop/water-regime-gis/outputs/imagery/sp/SP_4_7_fid_20/2026-07-14/sentinel_true_color.tif
OK sp/SP_4_7_fid_20/2026-07-19: /Users/korneev/Desktop/water-regime-gis/outputs/imagery/sp/SP_4_7_fid_20/2026-07-19/sentinel_true_color.tif
OK sp/SP_4_7_fid_20/2026-07-28: /Users/korneev/Desktop/water-regime-gis/outputs/imagery/sp/SP_4_7_fid_20/2026-07-28/sentinel_true_color.tif
OK sp/SP_4_7_fid_20/2026-07-31: /Users/korneev/Desktop/water-regime-gis/outputs/imagery/sp/SP_4_7_fid_20/2026-07-31/sentinel_true_color.tif
OK sp/SP_4_7_fid_20/2026-08-10: /Users/korneev/Desktop/water-regime-gis/outputs/imagery/sp/SP_4_7_fid_20/2026-08-10/sentinel_true_color.tif
OK sp/SP_4_2/2026-04-22: /Users/korneev/Desktop/water-regime-gis/outputs/imagery/sp/SP_4_2/2026-04-22/sentinel_true_color.tif
OK sp/SP_4_2/2026-05-05: /Users/korneev/Desktop/water-regime-gis/outputs/imagery/sp/SP_4_2/2026-05-05/sentinel_true_color.tif
OK sp/SP_4_2/2026-05-07: /Users/korneev/Desktop/water-regime-gis/outputs/imagery/sp/SP_4_2/2026-05-07/sentinel_true_color.tif
OK sp/SP_4_2/2026-05-17: /Users/korneev/Desktop/water-regime-gis/outputs/imagery/sp/SP_4_2/2026-05-17/sentinel_true_color.tif
OK sp/SP_4_2/2026-05-20: /Users/korneev/Desktop/water-regime-gis/outputs/imagery/sp/SP_4_2/2026-05-20/sentinel_true_color.tif
OK sp/SP_4_2/2026-05-22: /Users/korneev/Desktop/water-regime-gis/outputs/imagery/sp/SP_4_2/2026-05-22/sentinel_true_color.tif
OK sp/SP_4_2/2026-06-06: /Users/korneev/Desktop/water-regime-gis/outputs/imagery/sp/SP_4_2/2026-06-06/sentinel_true_color.tif
OK sp/SP_4_2/2026-06-08: /Users/korneev/Desktop/water-regime-gis/outputs/imagery/sp/SP_4_2/2026-06-08/sentinel_true_color.tif
OK sp/SP_4_2/2026-06-09: /Users/korneev/Desktop/water-regime-gis/outputs/imagery/sp/SP_4_2/2026-06-09/sentinel_true_color.tif
OK sp/SP_4_2/2026-06-11: /Users/korneev/Desktop/water-regime-gis/outputs/imagery/sp/SP_4_2/2026-06-11/sentinel_true_color.tif
OK sp/SP_4_2/2026-07-14: /Users/korneev/Desktop/water-regime-gis/outputs/imagery/sp/SP_4_2/2026-07-14/sentinel_true_color.tif
OK sp/SP_4_2/2026-07-19: /Users/korneev/Desktop/water-regime-gis/outputs/imagery/sp/SP_4_2/2026-07-19/sentinel_true_color.tif
OK sp/SP_4_2/2026-07-28: /Users/korneev/Desktop/water-regime-gis/outputs/imagery/sp/SP_4_2/2026-07-28/sentinel_true_color.tif
OK sp/SP_4_2/2026-07-31: /Users/korneev/Desktop/water-regime-gis/outputs/imagery/sp/SP_4_2/2026-07-31/sentinel_true_color.tif
OK sp/SP_4_2/2026-08-10: /Users/korneev/Desktop/water-regime-gis/outputs/imagery/sp/SP_4_2/2026-08-10/sentinel_true_color.tif
OK sp/SP_4_1/2026-04-22: /Users/korneev/Desktop/water-regime-gis/outputs/imagery/sp/SP_4_1/2026-04-22/sentinel_true_color.tif
OK sp/SP_4_1/2026-05-05: /Users/korneev/Desktop/water-regime-gis/outputs/imagery/sp/SP_4_1/2026-05-05/sentinel_true_color.tif
OK sp/SP_4_1/2026-05-07: /Users/korneev/Desktop/water-regime-gis/outputs/imagery/sp/SP_4_1/2026-05-07/sentinel_true_color.tif
OK sp/SP_4_1/2026-05-17: /Users/korneev/Desktop/water-regime-gis/outputs/imagery/sp/SP_4_1/2026-05-17/sentinel_true_color.tif
OK sp/SP_4_1/2026-05-20: /Users/korneev/Desktop/water-regime-gis/outputs/imagery/sp/SP_4_1/2026-05-20/sentinel_true_color.tif
OK sp/SP_4_1/2026-05-22: /Users/korneev/Desktop/water-regime-gis/outputs/imagery/sp/SP_4_1/2026-05-22/sentinel_true_color.tif
OK sp/SP_4_1/2026-06-06: /Users/korneev/Desktop/water-regime-gis/outputs/imagery/sp/SP_4_1/2026-06-06/sentinel_true_color.tif
OK sp/SP_4_1/2026-06-08: /Users/korneev/Desktop/water-regime-gis/outputs/imagery/sp/SP_4_1/2026-06-08/sentinel_true_color.tif
OK sp/SP_4_1/2026-06-09: /Users/korneev/Desktop/water-regime-gis/outputs/imagery/sp/SP_4_1/2026-06-09/sentinel_true_color.tif
OK sp/SP_4_1/2026-06-11: /Users/korneev/Desktop/water-regime-gis/outputs/imagery/sp/SP_4_1/2026-06-11/sentinel_true_color.tif
OK sp/SP_4_1/2026-07-14: /Users/korneev/Desktop/water-regime-gis/outputs/imagery/sp/SP_4_1/2026-07-14/sentinel_true_color.tif
OK sp/SP_4_1/2026-07-19: /Users/korneev/Desktop/water-regime-gis/outputs/imagery/sp/SP_4_1/2026-07-19/sentinel_true_color.tif
OK sp/SP_4_1/2026-07-28: /Users/korneev/Desktop/water-regime-gis/outputs/imagery/sp/SP_4_1/2026-07-28/sentinel_true_color.tif
OK sp/SP_4_1/2026-07-31: /Users/korneev/Desktop/water-regime-gis/outputs/imagery/sp/SP_4_1/2026-07-31/sentinel_true_color.tif
OK sp/SP_4_1/2026-08-10: /Users/korneev/Desktop/water-regime-gis/outputs/imagery/sp/SP_4_1/2026-08-10/sentinel_true_color.tif
OK sp/SP_7_15/2026-04-22: /Users/korneev/Desktop/water-regime-gis/outputs/imagery/sp/SP_7_15/2026-04-22/sentinel_true_color.tif
OK sp/SP_7_15/2026-05-05: /Users/korneev/Desktop/water-regime-gis/outputs/imagery/sp/SP_7_15/2026-05-05/sentinel_true_color.tif
OK sp/SP_7_15/2026-05-07: /Users/korneev/Desktop/water-regime-gis/outputs/imagery/sp/SP_7_15/2026-05-07/sentinel_true_color.tif
OK sp/SP_7_15/2026-05-17: /Users/korneev/Desktop/water-regime-gis/outputs/imagery/sp/SP_7_15/2026-05-17/sentinel_true_color.tif
OK sp/SP_7_15/2026-05-20: /Users/korneev/Desktop/water-regime-gis/outputs/imagery/sp/SP_7_15/2026-05-20/sentinel_true_color.tif
OK sp/SP_7_15/2026-05-22: /Users/korneev/Desktop/water-regime-gis/outputs/imagery/sp/SP_7_15/2026-05-22/sentinel_true_color.tif
OK sp/SP_7_15/2026-06-06: /Users/korneev/Desktop/water-regime-gis/outputs/imagery/sp/SP_7_15/2026-06-06/sentinel_true_color.tif
OK sp/SP_7_15/2026-06-08: /Users/korneev/Desktop/water-regime-gis/outputs/imagery/sp/SP_7_15/2026-06-08/sentinel_true_color.tif
OK sp/SP_7_15/2026-06-09: /Users/korneev/Desktop/water-regime-gis/outputs/imagery/sp/SP_7_15/2026-06-09/sentinel_true_color.tif
OK sp/SP_7_15/2026-06-11: /Users/korneev/Desktop/water-regime-gis/outputs/imagery/sp/SP_7_15/2026-06-11/sentinel_true_color.tif
OK sp/SP_7_15/2026-07-14: /Users/korneev/Desktop/water-regime-gis/outputs/imagery/sp/SP_7_15/2026-07-14/sentinel_true_color.tif
OK sp/SP_7_15/2026-07-19: /Users/korneev/Desktop/water-regime-gis/outputs/imagery/sp/SP_7_15/2026-07-19/sentinel_true_color.tif
OK sp/SP_7_15/2026-07-28: /Users/korneev/Desktop/water-regime-gis/outputs/imagery/sp/SP_7_15/2026-07-28/sentinel_true_color.tif
OK sp/SP_7_15/2026-07-31: /Users/korneev/Desktop/water-regime-gis/outputs/imagery/sp/SP_7_15/2026-07-31/sentinel_true_color.tif
OK sp/SP_7_15/2026-08-10: /Users/korneev/Desktop/water-regime-gis/outputs/imagery/sp/SP_7_15/2026-08-10/sentinel_true_color.tif
OK sp/SP_7_16/2026-04-22: /Users/korneev/Desktop/water-regime-gis/outputs/imagery/sp/SP_7_16/2026-04-22/sentinel_true_color.tif
OK sp/SP_7_16/2026-05-05: /Users/korneev/Desktop/water-regime-gis/outputs/imagery/sp/SP_7_16/2026-05-05/sentinel_true_color.tif
OK sp/SP_7_16/2026-05-07: /Users/korneev/Desktop/water-regime-gis/outputs/imagery/sp/SP_7_16/2026-05-07/sentinel_true_color.tif
OK sp/SP_7_16/2026-05-17: /Users/korneev/Desktop/water-regime-gis/outputs/imagery/sp/SP_7_16/2026-05-17/sentinel_true_color.tif
OK sp/SP_7_16/2026-05-20: /Users/korneev/Desktop/water-regime-gis/outputs/imagery/sp/SP_7_16/2026-05-20/sentinel_true_color.tif
OK sp/SP_7_16/2026-05-22: /Users/korneev/Desktop/water-regime-gis/outputs/imagery/sp/SP_7_16/2026-05-22/sentinel_true_color.tif
OK sp/SP_7_16/2026-06-06: /Users/korneev/Desktop/water-regime-gis/outputs/imagery/sp/SP_7_16/2026-06-06/sentinel_true_color.tif
OK sp/SP_7_16/2026-06-08: /Users/korneev/Desktop/water-regime-gis/outputs/imagery/sp/SP_7_16/2026-06-08/sentinel_true_color.tif
OK sp/SP_7_16/2026-06-09: /Users/korneev/Desktop/water-regime-gis/outputs/imagery/sp/SP_7_16/2026-06-09/sentinel_true_color.tif
OK sp/SP_7_16/2026-06-11: /Users/korneev/Desktop/water-regime-gis/outputs/imagery/sp/SP_7_16/2026-06-11/sentinel_true_color.tif
OK sp/SP_7_16/2026-07-14: /Users/korneev/Desktop/water-regime-gis/outputs/imagery/sp/SP_7_16/2026-07-14/sentinel_true_color.tif
OK sp/SP_7_16/2026-07-19: /Users/korneev/Desktop/water-regime-gis/outputs/imagery/sp/SP_7_16/2026-07-19/sentinel_true_color.tif
OK sp/SP_7_16/2026-07-28: /Users/korneev/Desktop/water-regime-gis/outputs/imagery/sp/SP_7_16/2026-07-28/sentinel_true_color.tif
OK sp/SP_7_16/2026-07-31: /Users/korneev/Desktop/water-regime-gis/outputs/imagery/sp/SP_7_16/2026-07-31/sentinel_true_color.tif
OK sp/SP_7_16/2026-08-10: /Users/korneev/Desktop/water-regime-gis/outputs/imagery/sp/SP_7_16/2026-08-10/sentinel_true_color.tif
OK sp/SP_7_13/2026-04-22: /Users/korneev/Desktop/water-regime-gis/outputs/imagery/sp/SP_7_13/2026-04-22/sentinel_true_color.tif
OK sp/SP_7_13/2026-05-05: /Users/korneev/Desktop/water-regime-gis/outputs/imagery/sp/SP_7_13/2026-05-05/sentinel_true_color.tif
OK sp/SP_7_13/2026-05-07: /Users/korneev/Desktop/water-regime-gis/outputs/imagery/sp/SP_7_13/2026-05-07/sentinel_true_color.tif
OK sp/SP_7_13/2026-05-17: /Users/korneev/Desktop/water-regime-gis/outputs/imagery/sp/SP_7_13/2026-05-17/sentinel_true_color.tif
OK sp/SP_7_13/2026-05-20: /Users/korneev/Desktop/water-regime-gis/outputs/imagery/sp/SP_7_13/2026-05-20/sentinel_true_color.tif
OK sp/SP_7_13/2026-05-22: /Users/korneev/Desktop/water-regime-gis/outputs/imagery/sp/SP_7_13/2026-05-22/sentinel_true_color.tif
OK sp/SP_7_13/2026-06-06: /Users/korneev/Desktop/water-regime-gis/outputs/imagery/sp/SP_7_13/2026-06-06/sentinel_true_color.tif
OK sp/SP_7_13/2026-06-08: /Users/korneev/Desktop/water-regime-gis/outputs/imagery/sp/SP_7_13/2026-06-08/sentinel_true_color.tif
OK sp/SP_7_13/2026-06-09: /Users/korneev/Desktop/water-regime-gis/outputs/imagery/sp/SP_7_13/2026-06-09/sentinel_true_color.tif
OK sp/SP_7_13/2026-06-11: /Users/korneev/Desktop/water-regime-gis/outputs/imagery/sp/SP_7_13/2026-06-11/sentinel_true_color.tif
OK sp/SP_7_13/2026-07-14: /Users/korneev/Desktop/water-regime-gis/outputs/imagery/sp/SP_7_13/2026-07-14/sentinel_true_color.tif
OK sp/SP_7_13/2026-07-19: /Users/korneev/Desktop/water-regime-gis/outputs/imagery/sp/SP_7_13/2026-07-19/sentinel_true_color.tif
OK sp/SP_7_13/2026-07-28: /Users/korneev/Desktop/water-regime-gis/outputs/imagery/sp/SP_7_13/2026-07-28/sentinel_true_color.tif
OK sp/SP_7_13/2026-07-31: /Users/korneev/Desktop/water-regime-gis/outputs/imagery/sp/SP_7_13/2026-07-31/sentinel_true_color.tif
OK sp/SP_7_13/2026-08-10: /Users/korneev/Desktop/water-regime-gis/outputs/imagery/sp/SP_7_13/2026-08-10/sentinel_true_color.tif
OK sp/SP_7_14/2026-04-22: /Users/korneev/Desktop/water-regime-gis/outputs/imagery/sp/SP_7_14/2026-04-22/sentinel_true_color.tif
OK sp/SP_7_14/2026-05-05: /Users/korneev/Desktop/water-regime-gis/outputs/imagery/sp/SP_7_14/2026-05-05/sentinel_true_color.tif
OK sp/SP_7_14/2026-05-07: /Users/korneev/Desktop/water-regime-gis/outputs/imagery/sp/SP_7_14/2026-05-07/sentinel_true_color.tif
OK sp/SP_7_14/2026-05-17: /Users/korneev/Desktop/water-regime-gis/outputs/imagery/sp/SP_7_14/2026-05-17/sentinel_true_color.tif
OK sp/SP_7_14/2026-05-20: /Users/korneev/Desktop/water-regime-gis/outputs/imagery/sp/SP_7_14/2026-05-20/sentinel_true_color.tif
OK sp/SP_7_14/2026-05-22: /Users/korneev/Desktop/water-regime-gis/outputs/imagery/sp/SP_7_14/2026-05-22/sentinel_true_color.tif
OK sp/SP_7_14/2026-06-06: /Users/korneev/Desktop/water-regime-gis/outputs/imagery/sp/SP_7_14/2026-06-06/sentinel_true_color.tif
OK sp/SP_7_14/2026-06-08: /Users/korneev/Desktop/water-regime-gis/outputs/imagery/sp/SP_7_14/2026-06-08/sentinel_true_color.tif
OK sp/SP_7_14/2026-06-09: /Users/korneev/Desktop/water-regime-gis/outputs/imagery/sp/SP_7_14/2026-06-09/sentinel_true_color.tif
OK sp/SP_7_14/2026-06-11: /Users/korneev/Desktop/water-regime-gis/outputs/imagery/sp/SP_7_14/2026-06-11/sentinel_true_color.tif
OK sp/SP_7_14/2026-07-14: /Users/korneev/Desktop/water-regime-gis/outputs/imagery/sp/SP_7_14/2026-07-14/sentinel_true_color.tif
OK sp/SP_7_14/2026-07-19: /Users/korneev/Desktop/water-regime-gis/outputs/imagery/sp/SP_7_14/2026-07-19/sentinel_true_color.tif
OK sp/SP_7_14/2026-07-28: /Users/korneev/Desktop/water-regime-gis/outputs/imagery/sp/SP_7_14/2026-07-28/sentinel_true_color.tif
OK sp/SP_7_14/2026-07-31: /Users/korneev/Desktop/water-regime-gis/outputs/imagery/sp/SP_7_14/2026-07-31/sentinel_true_color.tif
OK sp/SP_7_14/2026-08-10: /Users/korneev/Desktop/water-regime-gis/outputs/imagery/sp/SP_7_14/2026-08-10/sentinel_true_color.tif
OK sp/SP_7_19/2026-04-22: /Users/korneev/Desktop/water-regime-gis/outputs/imagery/sp/SP_7_19/2026-04-22/sentinel_true_color.tif
OK sp/SP_7_19/2026-05-05: /Users/korneev/Desktop/water-regime-gis/outputs/imagery/sp/SP_7_19/2026-05-05/sentinel_true_color.tif
OK sp/SP_7_19/2026-05-07: /Users/korneev/Desktop/water-regime-gis/outputs/imagery/sp/SP_7_19/2026-05-07/sentinel_true_color.tif
OK sp/SP_7_19/2026-05-17: /Users/korneev/Desktop/water-regime-gis/outputs/imagery/sp/SP_7_19/2026-05-17/sentinel_true_color.tif
OK sp/SP_7_19/2026-05-20: /Users/korneev/Desktop/water-regime-gis/outputs/imagery/sp/SP_7_19/2026-05-20/sentinel_true_color.tif
OK sp/SP_7_19/2026-05-22: /Users/korneev/Desktop/water-regime-gis/outputs/imagery/sp/SP_7_19/2026-05-22/sentinel_true_color.tif
OK sp/SP_7_19/2026-06-06: /Users/korneev/Desktop/water-regime-gis/outputs/imagery/sp/SP_7_19/2026-06-06/sentinel_true_color.tif
OK sp/SP_7_19/2026-06-08: /Users/korneev/Desktop/water-regime-gis/outputs/imagery/sp/SP_7_19/2026-06-08/sentinel_true_color.tif
OK sp/SP_7_19/2026-06-09: /Users/korneev/Desktop/water-regime-gis/outputs/imagery/sp/SP_7_19/2026-06-09/sentinel_true_color.tif
OK sp/SP_7_19/2026-06-11: /Users/korneev/Desktop/water-regime-gis/outputs/imagery/sp/SP_7_19/2026-06-11/sentinel_true_color.tif
OK sp/SP_7_19/2026-07-14: /Users/korneev/Desktop/water-regime-gis/outputs/imagery/sp/SP_7_19/2026-07-14/sentinel_true_color.tif
OK sp/SP_7_19/2026-07-19: /Users/korneev/Desktop/water-regime-gis/outputs/imagery/sp/SP_7_19/2026-07-19/sentinel_true_color.tif
OK sp/SP_7_19/2026-07-28: /Users/korneev/Desktop/water-regime-gis/outputs/imagery/sp/SP_7_19/2026-07-28/sentinel_true_color.tif
OK sp/SP_7_19/2026-07-31: /Users/korneev/Desktop/water-regime-gis/outputs/imagery/sp/SP_7_19/2026-07-31/sentinel_true_color.tif
OK sp/SP_7_19/2026-08-10: /Users/korneev/Desktop/water-regime-gis/outputs/imagery/sp/SP_7_19/2026-08-10/sentinel_true_color.tif
OK sp/SP_7_18/2026-04-22: /Users/korneev/Desktop/water-regime-gis/outputs/imagery/sp/SP_7_18/2026-04-22/sentinel_true_color.tif
OK sp/SP_7_18/2026-05-05: /Users/korneev/Desktop/water-regime-gis/outputs/imagery/sp/SP_7_18/2026-05-05/sentinel_true_color.tif
OK sp/SP_7_18/2026-05-07: /Users/korneev/Desktop/water-regime-gis/outputs/imagery/sp/SP_7_18/2026-05-07/sentinel_true_color.tif
OK sp/SP_7_18/2026-05-17: /Users/korneev/Desktop/water-regime-gis/outputs/imagery/sp/SP_7_18/2026-05-17/sentinel_true_color.tif
OK sp/SP_7_18/2026-05-20: /Users/korneev/Desktop/water-regime-gis/outputs/imagery/sp/SP_7_18/2026-05-20/sentinel_true_color.tif
OK sp/SP_7_18/2026-05-22: /Users/korneev/Desktop/water-regime-gis/outputs/imagery/sp/SP_7_18/2026-05-22/sentinel_true_color.tif
OK sp/SP_7_18/2026-06-06: /Users/korneev/Desktop/water-regime-gis/outputs/imagery/sp/SP_7_18/2026-06-06/sentinel_true_color.tif
OK sp/SP_7_18/2026-06-08: /Users/korneev/Desktop/water-regime-gis/outputs/imagery/sp/SP_7_18/2026-06-08/sentinel_true_color.tif
OK sp/SP_7_18/2026-06-09: /Users/korneev/Desktop/water-regime-gis/outputs/imagery/sp/SP_7_18/2026-06-09/sentinel_true_color.tif
OK sp/SP_7_18/2026-06-11: /Users/korneev/Desktop/water-regime-gis/outputs/imagery/sp/SP_7_18/2026-06-11/sentinel_true_color.tif
OK sp/SP_7_18/2026-07-14: /Users/korneev/Desktop/water-regime-gis/outputs/imagery/sp/SP_7_18/2026-07-14/sentinel_true_color.tif
OK sp/SP_7_18/2026-07-19: /Users/korneev/Desktop/water-regime-gis/outputs/imagery/sp/SP_7_18/2026-07-19/sentinel_true_color.tif
OK sp/SP_7_18/2026-07-28: /Users/korneev/Desktop/water-regime-gis/outputs/imagery/sp/SP_7_18/2026-07-28/sentinel_true_color.tif
OK sp/SP_7_18/2026-07-31: /Users/korneev/Desktop/water-regime-gis/outputs/imagery/sp/SP_7_18/2026-07-31/sentinel_true_color.tif
OK sp/SP_7_18/2026-08-10: /Users/korneev/Desktop/water-regime-gis/outputs/imagery/sp/SP_7_18/2026-08-10/sentinel_true_color.tif
OK sp/SP_7_17/2026-04-22: /Users/korneev/Desktop/water-regime-gis/outputs/imagery/sp/SP_7_17/2026-04-22/sentinel_true_color.tif
OK sp/SP_7_17/2026-05-05: /Users/korneev/Desktop/water-regime-gis/outputs/imagery/sp/SP_7_17/2026-05-05/sentinel_true_color.tif
OK sp/SP_7_17/2026-05-07: /Users/korneev/Desktop/water-regime-gis/outputs/imagery/sp/SP_7_17/2026-05-07/sentinel_true_color.tif
OK sp/SP_7_17/2026-05-17: /Users/korneev/Desktop/water-regime-gis/outputs/imagery/sp/SP_7_17/2026-05-17/sentinel_true_color.tif
OK sp/SP_7_17/2026-05-20: /Users/korneev/Desktop/water-regime-gis/outputs/imagery/sp/SP_7_17/2026-05-20/sentinel_true_color.tif
OK sp/SP_7_17/2026-05-22: /Users/korneev/Desktop/water-regime-gis/outputs/imagery/sp/SP_7_17/2026-05-22/sentinel_true_color.tif
OK sp/SP_7_17/2026-06-06: /Users/korneev/Desktop/water-regime-gis/outputs/imagery/sp/SP_7_17/2026-06-06/sentinel_true_color.tif
OK sp/SP_7_17/2026-06-08: /Users/korneev/Desktop/water-regime-gis/outputs/imagery/sp/SP_7_17/2026-06-08/sentinel_true_color.tif
OK sp/SP_7_17/2026-06-09: /Users/korneev/Desktop/water-regime-gis/outputs/imagery/sp/SP_7_17/2026-06-09/sentinel_true_color.tif
OK sp/SP_7_17/2026-06-11: /Users/korneev/Desktop/water-regime-gis/outputs/imagery/sp/SP_7_17/2026-06-11/sentinel_true_color.tif
OK sp/SP_7_17/2026-07-14: /Users/korneev/Desktop/water-regime-gis/outputs/imagery/sp/SP_7_17/2026-07-14/sentinel_true_color.tif
OK sp/SP_7_17/2026-07-19: /Users/korneev/Desktop/water-regime-gis/outputs/imagery/sp/SP_7_17/2026-07-19/sentinel_true_color.tif
OK sp/SP_7_17/2026-07-28: /Users/korneev/Desktop/water-regime-gis/outputs/imagery/sp/SP_7_17/2026-07-28/sentinel_true_color.tif
OK sp/SP_7_17/2026-07-31: /Users/korneev/Desktop/water-regime-gis/outputs/imagery/sp/SP_7_17/2026-07-31/sentinel_true_color.tif
OK sp/SP_7_17/2026-08-10: /Users/korneev/Desktop/water-regime-gis/outputs/imagery/sp/SP_7_17/2026-08-10/sentinel_true_color.tif
OK sp/SP_7_8/2026-04-22: /Users/korneev/Desktop/water-regime-gis/outputs/imagery/sp/SP_7_8/2026-04-22/sentinel_true_color.tif
OK sp/SP_7_8/2026-05-05: /Users/korneev/Desktop/water-regime-gis/outputs/imagery/sp/SP_7_8/2026-05-05/sentinel_true_color.tif
OK sp/SP_7_8/2026-05-07: /Users/korneev/Desktop/water-regime-gis/outputs/imagery/sp/SP_7_8/2026-05-07/sentinel_true_color.tif
OK sp/SP_7_8/2026-05-17: /Users/korneev/Desktop/water-regime-gis/outputs/imagery/sp/SP_7_8/2026-05-17/sentinel_true_color.tif
OK sp/SP_7_8/2026-05-20: /Users/korneev/Desktop/water-regime-gis/outputs/imagery/sp/SP_7_8/2026-05-20/sentinel_true_color.tif
OK sp/SP_7_8/2026-05-22: /Users/korneev/Desktop/water-regime-gis/outputs/imagery/sp/SP_7_8/2026-05-22/sentinel_true_color.tif
OK sp/SP_7_8/2026-06-06: /Users/korneev/Desktop/water-regime-gis/outputs/imagery/sp/SP_7_8/2026-06-06/sentinel_true_color.tif
OK sp/SP_7_8/2026-06-08: /Users/korneev/Desktop/water-regime-gis/outputs/imagery/sp/SP_7_8/2026-06-08/sentinel_true_color.tif
OK sp/SP_7_8/2026-06-09: /Users/korneev/Desktop/water-regime-gis/outputs/imagery/sp/SP_7_8/2026-06-09/sentinel_true_color.tif
OK sp/SP_7_8/2026-06-11: /Users/korneev/Desktop/water-regime-gis/outputs/imagery/sp/SP_7_8/2026-06-11/sentinel_true_color.tif
OK sp/SP_7_8/2026-07-14: /Users/korneev/Desktop/water-regime-gis/outputs/imagery/sp/SP_7_8/2026-07-14/sentinel_true_color.tif
OK sp/SP_7_8/2026-07-19: /Users/korneev/Desktop/water-regime-gis/outputs/imagery/sp/SP_7_8/2026-07-19/sentinel_true_color.tif
OK sp/SP_7_8/2026-07-28: /Users/korneev/Desktop/water-regime-gis/outputs/imagery/sp/SP_7_8/2026-07-28/sentinel_true_color.tif
OK sp/SP_7_8/2026-07-31: /Users/korneev/Desktop/water-regime-gis/outputs/imagery/sp/SP_7_8/2026-07-31/sentinel_true_color.tif
OK sp/SP_7_8/2026-08-10: /Users/korneev/Desktop/water-regime-gis/outputs/imagery/sp/SP_7_8/2026-08-10/sentinel_true_color.tif
OK sp/SP_7_12/2026-04-22: /Users/korneev/Desktop/water-regime-gis/outputs/imagery/sp/SP_7_12/2026-04-22/sentinel_true_color.tif
OK sp/SP_7_12/2026-05-05: /Users/korneev/Desktop/water-regime-gis/outputs/imagery/sp/SP_7_12/2026-05-05/sentinel_true_color.tif
OK sp/SP_7_12/2026-05-07: /Users/korneev/Desktop/water-regime-gis/outputs/imagery/sp/SP_7_12/2026-05-07/sentinel_true_color.tif
OK sp/SP_7_12/2026-05-17: /Users/korneev/Desktop/water-regime-gis/outputs/imagery/sp/SP_7_12/2026-05-17/sentinel_true_color.tif
OK sp/SP_7_12/2026-05-20: /Users/korneev/Desktop/water-regime-gis/outputs/imagery/sp/SP_7_12/2026-05-20/sentinel_true_color.tif
OK sp/SP_7_12/2026-05-22: /Users/korneev/Desktop/water-regime-gis/outputs/imagery/sp/SP_7_12/2026-05-22/sentinel_true_color.tif
OK sp/SP_7_12/2026-06-06: /Users/korneev/Desktop/water-regime-gis/outputs/imagery/sp/SP_7_12/2026-06-06/sentinel_true_color.tif
OK sp/SP_7_12/2026-06-08: /Users/korneev/Desktop/water-regime-gis/outputs/imagery/sp/SP_7_12/2026-06-08/sentinel_true_color.tif
OK sp/SP_7_12/2026-06-09: /Users/korneev/Desktop/water-regime-gis/outputs/imagery/sp/SP_7_12/2026-06-09/sentinel_true_color.tif
OK sp/SP_7_12/2026-06-11: /Users/korneev/Desktop/water-regime-gis/outputs/imagery/sp/SP_7_12/2026-06-11/sentinel_true_color.tif
OK sp/SP_7_12/2026-07-14: /Users/korneev/Desktop/water-regime-gis/outputs/imagery/sp/SP_7_12/2026-07-14/sentinel_true_color.tif
OK sp/SP_7_12/2026-07-19: /Users/korneev/Desktop/water-regime-gis/outputs/imagery/sp/SP_7_12/2026-07-19/sentinel_true_color.tif
OK sp/SP_7_12/2026-07-28: /Users/korneev/Desktop/water-regime-gis/outputs/imagery/sp/SP_7_12/2026-07-28/sentinel_true_color.tif
OK sp/SP_7_12/2026-07-31: /Users/korneev/Desktop/water-regime-gis/outputs/imagery/sp/SP_7_12/2026-07-31/sentinel_true_color.tif
OK sp/SP_7_12/2026-08-10: /Users/korneev/Desktop/water-regime-gis/outputs/imagery/sp/SP_7_12/2026-08-10/sentinel_true_color.tif
OK sp/SP_7_10/2026-04-22: /Users/korneev/Desktop/water-regime-gis/outputs/imagery/sp/SP_7_10/2026-04-22/sentinel_true_color.tif
OK sp/SP_7_10/2026-05-05: /Users/korneev/Desktop/water-regime-gis/outputs/imagery/sp/SP_7_10/2026-05-05/sentinel_true_color.tif
OK sp/SP_7_10/2026-05-07: /Users/korneev/Desktop/water-regime-gis/outputs/imagery/sp/SP_7_10/2026-05-07/sentinel_true_color.tif
OK sp/SP_7_10/2026-05-17: /Users/korneev/Desktop/water-regime-gis/outputs/imagery/sp/SP_7_10/2026-05-17/sentinel_true_color.tif
OK sp/SP_7_10/2026-05-20: /Users/korneev/Desktop/water-regime-gis/outputs/imagery/sp/SP_7_10/2026-05-20/sentinel_true_color.tif
OK sp/SP_7_10/2026-05-22: /Users/korneev/Desktop/water-regime-gis/outputs/imagery/sp/SP_7_10/2026-05-22/sentinel_true_color.tif
OK sp/SP_7_10/2026-06-06: /Users/korneev/Desktop/water-regime-gis/outputs/imagery/sp/SP_7_10/2026-06-06/sentinel_true_color.tif
OK sp/SP_7_10/2026-06-08: /Users/korneev/Desktop/water-regime-gis/outputs/imagery/sp/SP_7_10/2026-06-08/sentinel_true_color.tif
OK sp/SP_7_10/2026-06-09: /Users/korneev/Desktop/water-regime-gis/outputs/imagery/sp/SP_7_10/2026-06-09/sentinel_true_color.tif
OK sp/SP_7_10/2026-06-11: /Users/korneev/Desktop/water-regime-gis/outputs/imagery/sp/SP_7_10/2026-06-11/sentinel_true_color.tif
OK sp/SP_7_10/2026-07-14: /Users/korneev/Desktop/water-regime-gis/outputs/imagery/sp/SP_7_10/2026-07-14/sentinel_true_color.tif
OK sp/SP_7_10/2026-07-19: /Users/korneev/Desktop/water-regime-gis/outputs/imagery/sp/SP_7_10/2026-07-19/sentinel_true_color.tif
OK sp/SP_7_10/2026-07-28: /Users/korneev/Desktop/water-regime-gis/outputs/imagery/sp/SP_7_10/2026-07-28/sentinel_true_color.tif
OK sp/SP_7_10/2026-07-31: /Users/korneev/Desktop/water-regime-gis/outputs/imagery/sp/SP_7_10/2026-07-31/sentinel_true_color.tif
OK sp/SP_7_10/2026-08-10: /Users/korneev/Desktop/water-regime-gis/outputs/imagery/sp/SP_7_10/2026-08-10/sentinel_true_color.tif
OK sp/SP_7_4/2026-04-22: /Users/korneev/Desktop/water-regime-gis/outputs/imagery/sp/SP_7_4/2026-04-22/sentinel_true_color.tif
OK sp/SP_7_4/2026-05-05: /Users/korneev/Desktop/water-regime-gis/outputs/imagery/sp/SP_7_4/2026-05-05/sentinel_true_color.tif
OK sp/SP_7_4/2026-05-07: /Users/korneev/Desktop/water-regime-gis/outputs/imagery/sp/SP_7_4/2026-05-07/sentinel_true_color.tif
OK sp/SP_7_4/2026-05-17: /Users/korneev/Desktop/water-regime-gis/outputs/imagery/sp/SP_7_4/2026-05-17/sentinel_true_color.tif
OK sp/SP_7_4/2026-05-20: /Users/korneev/Desktop/water-regime-gis/outputs/imagery/sp/SP_7_4/2026-05-20/sentinel_true_color.tif
OK sp/SP_7_4/2026-05-22: /Users/korneev/Desktop/water-regime-gis/outputs/imagery/sp/SP_7_4/2026-05-22/sentinel_true_color.tif
OK sp/SP_7_4/2026-06-06: /Users/korneev/Desktop/water-regime-gis/outputs/imagery/sp/SP_7_4/2026-06-06/sentinel_true_color.tif
OK sp/SP_7_4/2026-06-08: /Users/korneev/Desktop/water-regime-gis/outputs/imagery/sp/SP_7_4/2026-06-08/sentinel_true_color.tif
OK sp/SP_7_4/2026-06-09: /Users/korneev/Desktop/water-regime-gis/outputs/imagery/sp/SP_7_4/2026-06-09/sentinel_true_color.tif
OK sp/SP_7_4/2026-06-11: /Users/korneev/Desktop/water-regime-gis/outputs/imagery/sp/SP_7_4/2026-06-11/sentinel_true_color.tif
OK sp/SP_7_4/2026-07-14: /Users/korneev/Desktop/water-regime-gis/outputs/imagery/sp/SP_7_4/2026-07-14/sentinel_true_color.tif
OK sp/SP_7_4/2026-07-19: /Users/korneev/Desktop/water-regime-gis/outputs/imagery/sp/SP_7_4/2026-07-19/sentinel_true_color.tif
OK sp/SP_7_4/2026-07-28: /Users/korneev/Desktop/water-regime-gis/outputs/imagery/sp/SP_7_4/2026-07-28/sentinel_true_color.tif
OK sp/SP_7_4/2026-07-31: /Users/korneev/Desktop/water-regime-gis/outputs/imagery/sp/SP_7_4/2026-07-31/sentinel_true_color.tif
OK sp/SP_7_4/2026-08-10: /Users/korneev/Desktop/water-regime-gis/outputs/imagery/sp/SP_7_4/2026-08-10/sentinel_true_color.tif
OK sp/SP_7_9/2026-04-22: /Users/korneev/Desktop/water-regime-gis/outputs/imagery/sp/SP_7_9/2026-04-22/sentinel_true_color.tif
OK sp/SP_7_9/2026-05-05: /Users/korneev/Desktop/water-regime-gis/outputs/imagery/sp/SP_7_9/2026-05-05/sentinel_true_color.tif
OK sp/SP_7_9/2026-05-07: /Users/korneev/Desktop/water-regime-gis/outputs/imagery/sp/SP_7_9/2026-05-07/sentinel_true_color.tif
OK sp/SP_7_9/2026-05-17: /Users/korneev/Desktop/water-regime-gis/outputs/imagery/sp/SP_7_9/2026-05-17/sentinel_true_color.tif
OK sp/SP_7_9/2026-05-20: /Users/korneev/Desktop/water-regime-gis/outputs/imagery/sp/SP_7_9/2026-05-20/sentinel_true_color.tif
OK sp/SP_7_9/2026-05-22: /Users/korneev/Desktop/water-regime-gis/outputs/imagery/sp/SP_7_9/2026-05-22/sentinel_true_color.tif
OK sp/SP_7_9/2026-06-06: /Users/korneev/Desktop/water-regime-gis/outputs/imagery/sp/SP_7_9/2026-06-06/sentinel_true_color.tif
OK sp/SP_7_9/2026-06-08: /Users/korneev/Desktop/water-regime-gis/outputs/imagery/sp/SP_7_9/2026-06-08/sentinel_true_color.tif
OK sp/SP_7_9/2026-06-09: /Users/korneev/Desktop/water-regime-gis/outputs/imagery/sp/SP_7_9/2026-06-09/sentinel_true_color.tif
OK sp/SP_7_9/2026-06-11: /Users/korneev/Desktop/water-regime-gis/outputs/imagery/sp/SP_7_9/2026-06-11/sentinel_true_color.tif
OK sp/SP_7_9/2026-07-14: /Users/korneev/Desktop/water-regime-gis/outputs/imagery/sp/SP_7_9/2026-07-14/sentinel_true_color.tif
OK sp/SP_7_9/2026-07-19: /Users/korneev/Desktop/water-regime-gis/outputs/imagery/sp/SP_7_9/2026-07-19/sentinel_true_color.tif
OK sp/SP_7_9/2026-07-28: /Users/korneev/Desktop/water-regime-gis/outputs/imagery/sp/SP_7_9/2026-07-28/sentinel_true_color.tif
OK sp/SP_7_9/2026-07-31: /Users/korneev/Desktop/water-regime-gis/outputs/imagery/sp/SP_7_9/2026-07-31/sentinel_true_color.tif
OK sp/SP_7_9/2026-08-10: /Users/korneev/Desktop/water-regime-gis/outputs/imagery/sp/SP_7_9/2026-08-10/sentinel_true_color.tif
OK sp/SP_7_3/2026-04-22: /Users/korneev/Desktop/water-regime-gis/outputs/imagery/sp/SP_7_3/2026-04-22/sentinel_true_color.tif
OK sp/SP_7_3/2026-05-05: /Users/korneev/Desktop/water-regime-gis/outputs/imagery/sp/SP_7_3/2026-05-05/sentinel_true_color.tif
OK sp/SP_7_3/2026-05-07: /Users/korneev/Desktop/water-regime-gis/outputs/imagery/sp/SP_7_3/2026-05-07/sentinel_true_color.tif
OK sp/SP_7_3/2026-05-17: /Users/korneev/Desktop/water-regime-gis/outputs/imagery/sp/SP_7_3/2026-05-17/sentinel_true_color.tif
OK sp/SP_7_3/2026-05-20: /Users/korneev/Desktop/water-regime-gis/outputs/imagery/sp/SP_7_3/2026-05-20/sentinel_true_color.tif
OK sp/SP_7_3/2026-05-22: /Users/korneev/Desktop/water-regime-gis/outputs/imagery/sp/SP_7_3/2026-05-22/sentinel_true_color.tif
OK sp/SP_7_3/2026-06-06: /Users/korneev/Desktop/water-regime-gis/outputs/imagery/sp/SP_7_3/2026-06-06/sentinel_true_color.tif
OK sp/SP_7_3/2026-06-08: /Users/korneev/Desktop/water-regime-gis/outputs/imagery/sp/SP_7_3/2026-06-08/sentinel_true_color.tif
OK sp/SP_7_3/2026-06-09: /Users/korneev/Desktop/water-regime-gis/outputs/imagery/sp/SP_7_3/2026-06-09/sentinel_true_color.tif
OK sp/SP_7_3/2026-06-11: /Users/korneev/Desktop/water-regime-gis/outputs/imagery/sp/SP_7_3/2026-06-11/sentinel_true_color.tif
OK sp/SP_7_3/2026-07-14: /Users/korneev/Desktop/water-regime-gis/outputs/imagery/sp/SP_7_3/2026-07-14/sentinel_true_color.tif
OK sp/SP_7_3/2026-07-19: /Users/korneev/Desktop/water-regime-gis/outputs/imagery/sp/SP_7_3/2026-07-19/sentinel_true_color.tif
OK sp/SP_7_3/2026-07-28: /Users/korneev/Desktop/water-regime-gis/outputs/imagery/sp/SP_7_3/2026-07-28/sentinel_true_color.tif
OK sp/SP_7_3/2026-07-31: /Users/korneev/Desktop/water-regime-gis/outputs/imagery/sp/SP_7_3/2026-07-31/sentinel_true_color.tif
OK sp/SP_7_3/2026-08-10: /Users/korneev/Desktop/water-regime-gis/outputs/imagery/sp/SP_7_3/2026-08-10/sentinel_true_color.tif
OK sp/SP_7_5/2026-04-22: /Users/korneev/Desktop/water-regime-gis/outputs/imagery/sp/SP_7_5/2026-04-22/sentinel_true_color.tif
OK sp/SP_7_5/2026-05-05: /Users/korneev/Desktop/water-regime-gis/outputs/imagery/sp/SP_7_5/2026-05-05/sentinel_true_color.tif
OK sp/SP_7_5/2026-05-07: /Users/korneev/Desktop/water-regime-gis/outputs/imagery/sp/SP_7_5/2026-05-07/sentinel_true_color.tif
OK sp/SP_7_5/2026-05-17: /Users/korneev/Desktop/water-regime-gis/outputs/imagery/sp/SP_7_5/2026-05-17/sentinel_true_color.tif
OK sp/SP_7_5/2026-05-20: /Users/korneev/Desktop/water-regime-gis/outputs/imagery/sp/SP_7_5/2026-05-20/sentinel_true_color.tif
OK sp/SP_7_5/2026-05-22: /Users/korneev/Desktop/water-regime-gis/outputs/imagery/sp/SP_7_5/2026-05-22/sentinel_true_color.tif
OK sp/SP_7_5/2026-06-06: /Users/korneev/Desktop/water-regime-gis/outputs/imagery/sp/SP_7_5/2026-06-06/sentinel_true_color.tif
OK sp/SP_7_5/2026-06-08: /Users/korneev/Desktop/water-regime-gis/outputs/imagery/sp/SP_7_5/2026-06-08/sentinel_true_color.tif
OK sp/SP_7_5/2026-06-09: /Users/korneev/Desktop/water-regime-gis/outputs/imagery/sp/SP_7_5/2026-06-09/sentinel_true_color.tif
OK sp/SP_7_5/2026-06-11: /Users/korneev/Desktop/water-regime-gis/outputs/imagery/sp/SP_7_5/2026-06-11/sentinel_true_color.tif
OK sp/SP_7_5/2026-07-14: /Users/korneev/Desktop/water-regime-gis/outputs/imagery/sp/SP_7_5/2026-07-14/sentinel_true_color.tif
OK sp/SP_7_5/2026-07-19: /Users/korneev/Desktop/water-regime-gis/outputs/imagery/sp/SP_7_5/2026-07-19/sentinel_true_color.tif
OK sp/SP_7_5/2026-07-28: /Users/korneev/Desktop/water-regime-gis/outputs/imagery/sp/SP_7_5/2026-07-28/sentinel_true_color.tif
OK sp/SP_7_5/2026-07-31: /Users/korneev/Desktop/water-regime-gis/outputs/imagery/sp/SP_7_5/2026-07-31/sentinel_true_color.tif
OK sp/SP_7_5/2026-08-10: /Users/korneev/Desktop/water-regime-gis/outputs/imagery/sp/SP_7_5/2026-08-10/sentinel_true_color.tif
OK sp/SP_7_11/2026-04-22: /Users/korneev/Desktop/water-regime-gis/outputs/imagery/sp/SP_7_11/2026-04-22/sentinel_true_color.tif
OK sp/SP_7_11/2026-05-05: /Users/korneev/Desktop/water-regime-gis/outputs/imagery/sp/SP_7_11/2026-05-05/sentinel_true_color.tif
OK sp/SP_7_11/2026-05-07: /Users/korneev/Desktop/water-regime-gis/outputs/imagery/sp/SP_7_11/2026-05-07/sentinel_true_color.tif
OK sp/SP_7_11/2026-05-17: /Users/korneev/Desktop/water-regime-gis/outputs/imagery/sp/SP_7_11/2026-05-17/sentinel_true_color.tif
OK sp/SP_7_11/2026-05-20: /Users/korneev/Desktop/water-regime-gis/outputs/imagery/sp/SP_7_11/2026-05-20/sentinel_true_color.tif
OK sp/SP_7_11/2026-05-22: /Users/korneev/Desktop/water-regime-gis/outputs/imagery/sp/SP_7_11/2026-05-22/sentinel_true_color.tif
OK sp/SP_7_11/2026-06-06: /Users/korneev/Desktop/water-regime-gis/outputs/imagery/sp/SP_7_11/2026-06-06/sentinel_true_color.tif
OK sp/SP_7_11/2026-06-08: /Users/korneev/Desktop/water-regime-gis/outputs/imagery/sp/SP_7_11/2026-06-08/sentinel_true_color.tif
OK sp/SP_7_11/2026-06-09: /Users/korneev/Desktop/water-regime-gis/outputs/imagery/sp/SP_7_11/2026-06-09/sentinel_true_color.tif
OK sp/SP_7_11/2026-06-11: /Users/korneev/Desktop/water-regime-gis/outputs/imagery/sp/SP_7_11/2026-06-11/sentinel_true_color.tif
OK sp/SP_7_11/2026-07-14: /Users/korneev/Desktop/water-regime-gis/outputs/imagery/sp/SP_7_11/2026-07-14/sentinel_true_color.tif
OK sp/SP_7_11/2026-07-19: /Users/korneev/Desktop/water-regime-gis/outputs/imagery/sp/SP_7_11/2026-07-19/sentinel_true_color.tif
OK sp/SP_7_11/2026-07-28: /Users/korneev/Desktop/water-regime-gis/outputs/imagery/sp/SP_7_11/2026-07-28/sentinel_true_color.tif
OK sp/SP_7_11/2026-07-31: /Users/korneev/Desktop/water-regime-gis/outputs/imagery/sp/SP_7_11/2026-07-31/sentinel_true_color.tif
OK sp/SP_7_11/2026-08-10: /Users/korneev/Desktop/water-regime-gis/outputs/imagery/sp/SP_7_11/2026-08-10/sentinel_true_color.tif
OK sp/SP_7_1/2026-04-22: /Users/korneev/Desktop/water-regime-gis/outputs/imagery/sp/SP_7_1/2026-04-22/sentinel_true_color.tif
OK sp/SP_7_1/2026-05-05: /Users/korneev/Desktop/water-regime-gis/outputs/imagery/sp/SP_7_1/2026-05-05/sentinel_true_color.tif
OK sp/SP_7_1/2026-05-07: /Users/korneev/Desktop/water-regime-gis/outputs/imagery/sp/SP_7_1/2026-05-07/sentinel_true_color.tif
OK sp/SP_7_1/2026-05-17: /Users/korneev/Desktop/water-regime-gis/outputs/imagery/sp/SP_7_1/2026-05-17/sentinel_true_color.tif
OK sp/SP_7_1/2026-05-20: /Users/korneev/Desktop/water-regime-gis/outputs/imagery/sp/SP_7_1/2026-05-20/sentinel_true_color.tif
OK sp/SP_7_1/2026-05-22: /Users/korneev/Desktop/water-regime-gis/outputs/imagery/sp/SP_7_1/2026-05-22/sentinel_true_color.tif
OK sp/SP_7_1/2026-06-06: /Users/korneev/Desktop/water-regime-gis/outputs/imagery/sp/SP_7_1/2026-06-06/sentinel_true_color.tif
OK sp/SP_7_1/2026-06-08: /Users/korneev/Desktop/water-regime-gis/outputs/imagery/sp/SP_7_1/2026-06-08/sentinel_true_color.tif
OK sp/SP_7_1/2026-06-09: /Users/korneev/Desktop/water-regime-gis/outputs/imagery/sp/SP_7_1/2026-06-09/sentinel_true_color.tif
OK sp/SP_7_1/2026-06-11: /Users/korneev/Desktop/water-regime-gis/outputs/imagery/sp/SP_7_1/2026-06-11/sentinel_true_color.tif
OK sp/SP_7_1/2026-07-14: /Users/korneev/Desktop/water-regime-gis/outputs/imagery/sp/SP_7_1/2026-07-14/sentinel_true_color.tif
OK sp/SP_7_1/2026-07-19: /Users/korneev/Desktop/water-regime-gis/outputs/imagery/sp/SP_7_1/2026-07-19/sentinel_true_color.tif
OK sp/SP_7_1/2026-07-28: /Users/korneev/Desktop/water-regime-gis/outputs/imagery/sp/SP_7_1/2026-07-28/sentinel_true_color.tif
OK sp/SP_7_1/2026-07-31: /Users/korneev/Desktop/water-regime-gis/outputs/imagery/sp/SP_7_1/2026-07-31/sentinel_true_color.tif
OK sp/SP_7_1/2026-08-10: /Users/korneev/Desktop/water-regime-gis/outputs/imagery/sp/SP_7_1/2026-08-10/sentinel_true_color.tif
OK sp/SP_7_2/2026-04-22: /Users/korneev/Desktop/water-regime-gis/outputs/imagery/sp/SP_7_2/2026-04-22/sentinel_true_color.tif
OK sp/SP_7_2/2026-05-05: /Users/korneev/Desktop/water-regime-gis/outputs/imagery/sp/SP_7_2/2026-05-05/sentinel_true_color.tif
OK sp/SP_7_2/2026-05-07: /Users/korneev/Desktop/water-regime-gis/outputs/imagery/sp/SP_7_2/2026-05-07/sentinel_true_color.tif
OK sp/SP_7_2/2026-05-17: /Users/korneev/Desktop/water-regime-gis/outputs/imagery/sp/SP_7_2/2026-05-17/sentinel_true_color.tif
OK sp/SP_7_2/2026-05-20: /Users/korneev/Desktop/water-regime-gis/outputs/imagery/sp/SP_7_2/2026-05-20/sentinel_true_color.tif
OK sp/SP_7_2/2026-05-22: /Users/korneev/Desktop/water-regime-gis/outputs/imagery/sp/SP_7_2/2026-05-22/sentinel_true_color.tif
Warning 1: Request for 85470774-86280150 failed with response_code=206
OK sp/SP_7_2/2026-06-06: /Users/korneev/Desktop/water-regime-gis/outputs/imagery/sp/SP_7_2/2026-06-06/sentinel_true_color.tif
OK sp/SP_7_2/2026-06-08: /Users/korneev/Desktop/water-regime-gis/outputs/imagery/sp/SP_7_2/2026-06-08/sentinel_true_color.tif
OK sp/SP_7_2/2026-06-09: /Users/korneev/Desktop/water-regime-gis/outputs/imagery/sp/SP_7_2/2026-06-09/sentinel_true_color.tif
OK sp/SP_7_2/2026-06-11: /Users/korneev/Desktop/water-regime-gis/outputs/imagery/sp/SP_7_2/2026-06-11/sentinel_true_color.tif
OK sp/SP_7_2/2026-07-14: /Users/korneev/Desktop/water-regime-gis/outputs/imagery/sp/SP_7_2/2026-07-14/sentinel_true_color.tif
OK sp/SP_7_2/2026-07-19: /Users/korneev/Desktop/water-regime-gis/outputs/imagery/sp/SP_7_2/2026-07-19/sentinel_true_color.tif
OK sp/SP_7_2/2026-07-28: /Users/korneev/Desktop/water-regime-gis/outputs/imagery/sp/SP_7_2/2026-07-28/sentinel_true_color.tif
OK sp/SP_7_2/2026-07-31: /Users/korneev/Desktop/water-regime-gis/outputs/imagery/sp/SP_7_2/2026-07-31/sentinel_true_color.tif
OK sp/SP_7_2/2026-08-10: /Users/korneev/Desktop/water-regime-gis/outputs/imagery/sp/SP_7_2/2026-08-10/sentinel_true_color.tif
OK sp/SP_7_7/2026-04-22: /Users/korneev/Desktop/water-regime-gis/outputs/imagery/sp/SP_7_7/2026-04-22/sentinel_true_color.tif
OK sp/SP_7_7/2026-05-05: /Users/korneev/Desktop/water-regime-gis/outputs/imagery/sp/SP_7_7/2026-05-05/sentinel_true_color.tif
OK sp/SP_7_7/2026-05-07: /Users/korneev/Desktop/water-regime-gis/outputs/imagery/sp/SP_7_7/2026-05-07/sentinel_true_color.tif
OK sp/SP_7_7/2026-05-17: /Users/korneev/Desktop/water-regime-gis/outputs/imagery/sp/SP_7_7/2026-05-17/sentinel_true_color.tif
OK sp/SP_7_7/2026-05-20: /Users/korneev/Desktop/water-regime-gis/outputs/imagery/sp/SP_7_7/2026-05-20/sentinel_true_color.tif
OK sp/SP_7_7/2026-05-22: /Users/korneev/Desktop/water-regime-gis/outputs/imagery/sp/SP_7_7/2026-05-22/sentinel_true_color.tif
OK sp/SP_7_7/2026-06-06: /Users/korneev/Desktop/water-regime-gis/outputs/imagery/sp/SP_7_7/2026-06-06/sentinel_true_color.tif
OK sp/SP_7_7/2026-06-08: /Users/korneev/Desktop/water-regime-gis/outputs/imagery/sp/SP_7_7/2026-06-08/sentinel_true_color.tif
OK sp/SP_7_7/2026-06-09: /Users/korneev/Desktop/water-regime-gis/outputs/imagery/sp/SP_7_7/2026-06-09/sentinel_true_color.tif
OK sp/SP_7_7/2026-06-11: /Users/korneev/Desktop/water-regime-gis/outputs/imagery/sp/SP_7_7/2026-06-11/sentinel_true_color.tif
OK sp/SP_7_7/2026-07-14: /Users/korneev/Desktop/water-regime-gis/outputs/imagery/sp/SP_7_7/2026-07-14/sentinel_true_color.tif
OK sp/SP_7_7/2026-07-19: /Users/korneev/Desktop/water-regime-gis/outputs/imagery/sp/SP_7_7/2026-07-19/sentinel_true_color.tif
OK sp/SP_7_7/2026-07-28: /Users/korneev/Desktop/water-regime-gis/outputs/imagery/sp/SP_7_7/2026-07-28/sentinel_true_color.tif
OK sp/SP_7_7/2026-07-31: /Users/korneev/Desktop/water-regime-gis/outputs/imagery/sp/SP_7_7/2026-07-31/sentinel_true_color.tif
OK sp/SP_7_7/2026-08-10: /Users/korneev/Desktop/water-regime-gis/outputs/imagery/sp/SP_7_7/2026-08-10/sentinel_true_color.tif
OK sp/SP_7_6/2026-04-22: /Users/korneev/Desktop/water-regime-gis/outputs/imagery/sp/SP_7_6/2026-04-22/sentinel_true_color.tif
OK sp/SP_7_6/2026-05-05: /Users/korneev/Desktop/water-regime-gis/outputs/imagery/sp/SP_7_6/2026-05-05/sentinel_true_color.tif
OK sp/SP_7_6/2026-05-07: /Users/korneev/Desktop/water-regime-gis/outputs/imagery/sp/SP_7_6/2026-05-07/sentinel_true_color.tif
OK sp/SP_7_6/2026-05-17: /Users/korneev/Desktop/water-regime-gis/outputs/imagery/sp/SP_7_6/2026-05-17/sentinel_true_color.tif
OK sp/SP_7_6/2026-05-20: /Users/korneev/Desktop/water-regime-gis/outputs/imagery/sp/SP_7_6/2026-05-20/sentinel_true_color.tif
OK sp/SP_7_6/2026-05-22: /Users/korneev/Desktop/water-regime-gis/outputs/imagery/sp/SP_7_6/2026-05-22/sentinel_true_color.tif
OK sp/SP_7_6/2026-06-06: /Users/korneev/Desktop/water-regime-gis/outputs/imagery/sp/SP_7_6/2026-06-06/sentinel_true_color.tif
OK sp/SP_7_6/2026-06-08: /Users/korneev/Desktop/water-regime-gis/outputs/imagery/sp/SP_7_6/2026-06-08/sentinel_true_color.tif
OK sp/SP_7_6/2026-06-09: /Users/korneev/Desktop/water-regime-gis/outputs/imagery/sp/SP_7_6/2026-06-09/sentinel_true_color.tif
OK sp/SP_7_6/2026-06-11: /Users/korneev/Desktop/water-regime-gis/outputs/imagery/sp/SP_7_6/2026-06-11/sentinel_true_color.tif
OK sp/SP_7_6/2026-07-14: /Users/korneev/Desktop/water-regime-gis/outputs/imagery/sp/SP_7_6/2026-07-14/sentinel_true_color.tif
OK sp/SP_7_6/2026-07-19: /Users/korneev/Desktop/water-regime-gis/outputs/imagery/sp/SP_7_6/2026-07-19/sentinel_true_color.tif
OK sp/SP_7_6/2026-07-28: /Users/korneev/Desktop/water-regime-gis/outputs/imagery/sp/SP_7_6/2026-07-28/sentinel_true_color.tif
OK sp/SP_7_6/2026-07-31: /Users/korneev/Desktop/water-regime-gis/outputs/imagery/sp/SP_7_6/2026-07-31/sentinel_true_color.tif
OK sp/SP_7_6/2026-08-10: /Users/korneev/Desktop/water-regime-gis/outputs/imagery/sp/SP_7_6/2026-08-10/sentinel_true_color.tif
OK sp/SP_5_4/2026-04-22: /Users/korneev/Desktop/water-regime-gis/outputs/imagery/sp/SP_5_4/2026-04-22/sentinel_true_color.tif
OK sp/SP_5_4/2026-05-05: /Users/korneev/Desktop/water-regime-gis/outputs/imagery/sp/SP_5_4/2026-05-05/sentinel_true_color.tif
OK sp/SP_5_4/2026-05-07: /Users/korneev/Desktop/water-regime-gis/outputs/imagery/sp/SP_5_4/2026-05-07/sentinel_true_color.tif
OK sp/SP_5_4/2026-05-20: /Users/korneev/Desktop/water-regime-gis/outputs/imagery/sp/SP_5_4/2026-05-20/sentinel_true_color.tif
OK sp/SP_5_4/2026-05-22: /Users/korneev/Desktop/water-regime-gis/outputs/imagery/sp/SP_5_4/2026-05-22/sentinel_true_color.tif
OK sp/SP_5_4/2026-06-06: /Users/korneev/Desktop/water-regime-gis/outputs/imagery/sp/SP_5_4/2026-06-06/sentinel_true_color.tif
OK sp/SP_5_4/2026-06-08: /Users/korneev/Desktop/water-regime-gis/outputs/imagery/sp/SP_5_4/2026-06-08/sentinel_true_color.tif
OK sp/SP_5_4/2026-06-09: /Users/korneev/Desktop/water-regime-gis/outputs/imagery/sp/SP_5_4/2026-06-09/sentinel_true_color.tif
OK sp/SP_5_4/2026-06-11: /Users/korneev/Desktop/water-regime-gis/outputs/imagery/sp/SP_5_4/2026-06-11/sentinel_true_color.tif
OK sp/SP_5_4/2026-07-14: /Users/korneev/Desktop/water-regime-gis/outputs/imagery/sp/SP_5_4/2026-07-14/sentinel_true_color.tif
OK sp/SP_5_4/2026-07-19: /Users/korneev/Desktop/water-regime-gis/outputs/imagery/sp/SP_5_4/2026-07-19/sentinel_true_color.tif
OK sp/SP_5_4/2026-07-31: /Users/korneev/Desktop/water-regime-gis/outputs/imagery/sp/SP_5_4/2026-07-31/sentinel_true_color.tif
OK sp/SP_5_4/2026-08-10: /Users/korneev/Desktop/water-regime-gis/outputs/imagery/sp/SP_5_4/2026-08-10/sentinel_true_color.tif
OK sp/SP_5_1/2026-04-22: /Users/korneev/Desktop/water-regime-gis/outputs/imagery/sp/SP_5_1/2026-04-22/sentinel_true_color.tif
OK sp/SP_5_1/2026-05-05: /Users/korneev/Desktop/water-regime-gis/outputs/imagery/sp/SP_5_1/2026-05-05/sentinel_true_color.tif
OK sp/SP_5_1/2026-05-07: /Users/korneev/Desktop/water-regime-gis/outputs/imagery/sp/SP_5_1/2026-05-07/sentinel_true_color.tif
OK sp/SP_5_1/2026-05-20: /Users/korneev/Desktop/water-regime-gis/outputs/imagery/sp/SP_5_1/2026-05-20/sentinel_true_color.tif
OK sp/SP_5_1/2026-05-22: /Users/korneev/Desktop/water-regime-gis/outputs/imagery/sp/SP_5_1/2026-05-22/sentinel_true_color.tif
OK sp/SP_5_1/2026-06-06: /Users/korneev/Desktop/water-regime-gis/outputs/imagery/sp/SP_5_1/2026-06-06/sentinel_true_color.tif
OK sp/SP_5_1/2026-06-08: /Users/korneev/Desktop/water-regime-gis/outputs/imagery/sp/SP_5_1/2026-06-08/sentinel_true_color.tif
OK sp/SP_5_1/2026-06-09: /Users/korneev/Desktop/water-regime-gis/outputs/imagery/sp/SP_5_1/2026-06-09/sentinel_true_color.tif
OK sp/SP_5_1/2026-06-11: /Users/korneev/Desktop/water-regime-gis/outputs/imagery/sp/SP_5_1/2026-06-11/sentinel_true_color.tif
OK sp/SP_5_1/2026-07-14: /Users/korneev/Desktop/water-regime-gis/outputs/imagery/sp/SP_5_1/2026-07-14/sentinel_true_color.tif
ERROR sp/SP_5_1/2026-07-19: <urlopen error [Errno 54] Connection reset by peer>
OK sp/SP_5_1/2026-07-31: /Users/korneev/Desktop/water-regime-gis/outputs/imagery/sp/SP_5_1/2026-07-31/sentinel_true_color.tif
OK sp/SP_5_1/2026-08-10: /Users/korneev/Desktop/water-regime-gis/outputs/imagery/sp/SP_5_1/2026-08-10/sentinel_true_color.tif
OK sp/SP_5_2/2026-04-22: /Users/korneev/Desktop/water-regime-gis/outputs/imagery/sp/SP_5_2/2026-04-22/sentinel_true_color.tif
OK sp/SP_5_2/2026-05-05: /Users/korneev/Desktop/water-regime-gis/outputs/imagery/sp/SP_5_2/2026-05-05/sentinel_true_color.tif
OK sp/SP_5_2/2026-05-07: /Users/korneev/Desktop/water-regime-gis/outputs/imagery/sp/SP_5_2/2026-05-07/sentinel_true_color.tif
OK sp/SP_5_2/2026-05-20: /Users/korneev/Desktop/water-regime-gis/outputs/imagery/sp/SP_5_2/2026-05-20/sentinel_true_color.tif
OK sp/SP_5_2/2026-05-22: /Users/korneev/Desktop/water-regime-gis/outputs/imagery/sp/SP_5_2/2026-05-22/sentinel_true_color.tif
OK sp/SP_5_2/2026-06-06: /Users/korneev/Desktop/water-regime-gis/outputs/imagery/sp/SP_5_2/2026-06-06/sentinel_true_color.tif
OK sp/SP_5_2/2026-06-08: /Users/korneev/Desktop/water-regime-gis/outputs/imagery/sp/SP_5_2/2026-06-08/sentinel_true_color.tif
OK sp/SP_5_2/2026-06-09: /Users/korneev/Desktop/water-regime-gis/outputs/imagery/sp/SP_5_2/2026-06-09/sentinel_true_color.tif
OK sp/SP_5_2/2026-06-11: /Users/korneev/Desktop/water-regime-gis/outputs/imagery/sp/SP_5_2/2026-06-11/sentinel_true_color.tif
OK sp/SP_5_2/2026-07-14: /Users/korneev/Desktop/water-regime-gis/outputs/imagery/sp/SP_5_2/2026-07-14/sentinel_true_color.tif
OK sp/SP_5_2/2026-07-19: /Users/korneev/Desktop/water-regime-gis/outputs/imagery/sp/SP_5_2/2026-07-19/sentinel_true_color.tif
OK sp/SP_5_2/2026-07-31: /Users/korneev/Desktop/water-regime-gis/outputs/imagery/sp/SP_5_2/2026-07-31/sentinel_true_color.tif
Warning 1: Request for 102633896-103048950 failed with response_code=206
OK sp/SP_5_2/2026-08-10: /Users/korneev/Desktop/water-regime-gis/outputs/imagery/sp/SP_5_2/2026-08-10/sentinel_true_color.tif
OK sp/SP_5_6/2026-04-22: /Users/korneev/Desktop/water-regime-gis/outputs/imagery/sp/SP_5_6/2026-04-22/sentinel_true_color.tif
OK sp/SP_5_6/2026-05-05: /Users/korneev/Desktop/water-regime-gis/outputs/imagery/sp/SP_5_6/2026-05-05/sentinel_true_color.tif
OK sp/SP_5_6/2026-05-07: /Users/korneev/Desktop/water-regime-gis/outputs/imagery/sp/SP_5_6/2026-05-07/sentinel_true_color.tif
OK sp/SP_5_6/2026-05-20: /Users/korneev/Desktop/water-regime-gis/outputs/imagery/sp/SP_5_6/2026-05-20/sentinel_true_color.tif
OK sp/SP_5_6/2026-05-22: /Users/korneev/Desktop/water-regime-gis/outputs/imagery/sp/SP_5_6/2026-05-22/sentinel_true_color.tif
OK sp/SP_5_6/2026-06-06: /Users/korneev/Desktop/water-regime-gis/outputs/imagery/sp/SP_5_6/2026-06-06/sentinel_true_color.tif
OK sp/SP_5_6/2026-06-08: /Users/korneev/Desktop/water-regime-gis/outputs/imagery/sp/SP_5_6/2026-06-08/sentinel_true_color.tif
OK sp/SP_5_6/2026-06-09: /Users/korneev/Desktop/water-regime-gis/outputs/imagery/sp/SP_5_6/2026-06-09/sentinel_true_color.tif
OK sp/SP_5_6/2026-06-11: /Users/korneev/Desktop/water-regime-gis/outputs/imagery/sp/SP_5_6/2026-06-11/sentinel_true_color.tif
OK sp/SP_5_6/2026-07-14: /Users/korneev/Desktop/water-regime-gis/outputs/imagery/sp/SP_5_6/2026-07-14/sentinel_true_color.tif
OK sp/SP_5_6/2026-07-19: /Users/korneev/Desktop/water-regime-gis/outputs/imagery/sp/SP_5_6/2026-07-19/sentinel_true_color.tif
OK sp/SP_5_6/2026-07-31: /Users/korneev/Desktop/water-regime-gis/outputs/imagery/sp/SP_5_6/2026-07-31/sentinel_true_color.tif
OK sp/SP_5_6/2026-08-10: /Users/korneev/Desktop/water-regime-gis/outputs/imagery/sp/SP_5_6/2026-08-10/sentinel_true_color.tif
OK sp/SP_5_5/2026-04-22: /Users/korneev/Desktop/water-regime-gis/outputs/imagery/sp/SP_5_5/2026-04-22/sentinel_true_color.tif
OK sp/SP_5_5/2026-05-05: /Users/korneev/Desktop/water-regime-gis/outputs/imagery/sp/SP_5_5/2026-05-05/sentinel_true_color.tif
OK sp/SP_5_5/2026-05-07: /Users/korneev/Desktop/water-regime-gis/outputs/imagery/sp/SP_5_5/2026-05-07/sentinel_true_color.tif
OK sp/SP_5_5/2026-05-20: /Users/korneev/Desktop/water-regime-gis/outputs/imagery/sp/SP_5_5/2026-05-20/sentinel_true_color.tif
OK sp/SP_5_5/2026-05-22: /Users/korneev/Desktop/water-regime-gis/outputs/imagery/sp/SP_5_5/2026-05-22/sentinel_true_color.tif
OK sp/SP_5_5/2026-06-06: /Users/korneev/Desktop/water-regime-gis/outputs/imagery/sp/SP_5_5/2026-06-06/sentinel_true_color.tif
OK sp/SP_5_5/2026-06-08: /Users/korneev/Desktop/water-regime-gis/outputs/imagery/sp/SP_5_5/2026-06-08/sentinel_true_color.tif
OK sp/SP_5_5/2026-06-09: /Users/korneev/Desktop/water-regime-gis/outputs/imagery/sp/SP_5_5/2026-06-09/sentinel_true_color.tif
OK sp/SP_5_5/2026-06-11: /Users/korneev/Desktop/water-regime-gis/outputs/imagery/sp/SP_5_5/2026-06-11/sentinel_true_color.tif
OK sp/SP_5_5/2026-07-14: /Users/korneev/Desktop/water-regime-gis/outputs/imagery/sp/SP_5_5/2026-07-14/sentinel_true_color.tif
OK sp/SP_5_5/2026-07-19: /Users/korneev/Desktop/water-regime-gis/outputs/imagery/sp/SP_5_5/2026-07-19/sentinel_true_color.tif
OK sp/SP_5_5/2026-07-31: /Users/korneev/Desktop/water-regime-gis/outputs/imagery/sp/SP_5_5/2026-07-31/sentinel_true_color.tif
OK sp/SP_5_5/2026-08-10: /Users/korneev/Desktop/water-regime-gis/outputs/imagery/sp/SP_5_5/2026-08-10/sentinel_true_color.tif
OK sp/SP_5_11/2026-04-22: /Users/korneev/Desktop/water-regime-gis/outputs/imagery/sp/SP_5_11/2026-04-22/sentinel_true_color.tif
OK sp/SP_5_11/2026-05-05: /Users/korneev/Desktop/water-regime-gis/outputs/imagery/sp/SP_5_11/2026-05-05/sentinel_true_color.tif
OK sp/SP_5_11/2026-05-07: /Users/korneev/Desktop/water-regime-gis/outputs/imagery/sp/SP_5_11/2026-05-07/sentinel_true_color.tif
OK sp/SP_5_11/2026-05-20: /Users/korneev/Desktop/water-regime-gis/outputs/imagery/sp/SP_5_11/2026-05-20/sentinel_true_color.tif
OK sp/SP_5_11/2026-05-22: /Users/korneev/Desktop/water-regime-gis/outputs/imagery/sp/SP_5_11/2026-05-22/sentinel_true_color.tif
OK sp/SP_5_11/2026-06-06: /Users/korneev/Desktop/water-regime-gis/outputs/imagery/sp/SP_5_11/2026-06-06/sentinel_true_color.tif
OK sp/SP_5_11/2026-06-08: /Users/korneev/Desktop/water-regime-gis/outputs/imagery/sp/SP_5_11/2026-06-08/sentinel_true_color.tif
OK sp/SP_5_11/2026-06-09: /Users/korneev/Desktop/water-regime-gis/outputs/imagery/sp/SP_5_11/2026-06-09/sentinel_true_color.tif
OK sp/SP_5_11/2026-06-11: /Users/korneev/Desktop/water-regime-gis/outputs/imagery/sp/SP_5_11/2026-06-11/sentinel_true_color.tif
OK sp/SP_5_11/2026-07-14: /Users/korneev/Desktop/water-regime-gis/outputs/imagery/sp/SP_5_11/2026-07-14/sentinel_true_color.tif
OK sp/SP_5_11/2026-07-19: /Users/korneev/Desktop/water-regime-gis/outputs/imagery/sp/SP_5_11/2026-07-19/sentinel_true_color.tif
OK sp/SP_5_11/2026-07-31: /Users/korneev/Desktop/water-regime-gis/outputs/imagery/sp/SP_5_11/2026-07-31/sentinel_true_color.tif
OK sp/SP_5_11/2026-08-10: /Users/korneev/Desktop/water-regime-gis/outputs/imagery/sp/SP_5_11/2026-08-10/sentinel_true_color.tif
OK sp/SP_5_12/2026-04-22: /Users/korneev/Desktop/water-regime-gis/outputs/imagery/sp/SP_5_12/2026-04-22/sentinel_true_color.tif
OK sp/SP_5_12/2026-05-05: /Users/korneev/Desktop/water-regime-gis/outputs/imagery/sp/SP_5_12/2026-05-05/sentinel_true_color.tif
OK sp/SP_5_12/2026-05-07: /Users/korneev/Desktop/water-regime-gis/outputs/imagery/sp/SP_5_12/2026-05-07/sentinel_true_color.tif
OK sp/SP_5_12/2026-05-20: /Users/korneev/Desktop/water-regime-gis/outputs/imagery/sp/SP_5_12/2026-05-20/sentinel_true_color.tif
OK sp/SP_5_12/2026-05-22: /Users/korneev/Desktop/water-regime-gis/outputs/imagery/sp/SP_5_12/2026-05-22/sentinel_true_color.tif
OK sp/SP_5_12/2026-06-06: /Users/korneev/Desktop/water-regime-gis/outputs/imagery/sp/SP_5_12/2026-06-06/sentinel_true_color.tif
OK sp/SP_5_12/2026-06-08: /Users/korneev/Desktop/water-regime-gis/outputs/imagery/sp/SP_5_12/2026-06-08/sentinel_true_color.tif
OK sp/SP_5_12/2026-06-09: /Users/korneev/Desktop/water-regime-gis/outputs/imagery/sp/SP_5_12/2026-06-09/sentinel_true_color.tif
OK sp/SP_5_12/2026-06-11: /Users/korneev/Desktop/water-regime-gis/outputs/imagery/sp/SP_5_12/2026-06-11/sentinel_true_color.tif
OK sp/SP_5_12/2026-07-14: /Users/korneev/Desktop/water-regime-gis/outputs/imagery/sp/SP_5_12/2026-07-14/sentinel_true_color.tif
OK sp/SP_5_12/2026-07-19: /Users/korneev/Desktop/water-regime-gis/outputs/imagery/sp/SP_5_12/2026-07-19/sentinel_true_color.tif
OK sp/SP_5_12/2026-07-31: /Users/korneev/Desktop/water-regime-gis/outputs/imagery/sp/SP_5_12/2026-07-31/sentinel_true_color.tif
OK sp/SP_5_12/2026-08-10: /Users/korneev/Desktop/water-regime-gis/outputs/imagery/sp/SP_5_12/2026-08-10/sentinel_true_color.tif
OK sp/SP_5_7/2026-04-22: /Users/korneev/Desktop/water-regime-gis/outputs/imagery/sp/SP_5_7/2026-04-22/sentinel_true_color.tif
OK sp/SP_5_7/2026-05-05: /Users/korneev/Desktop/water-regime-gis/outputs/imagery/sp/SP_5_7/2026-05-05/sentinel_true_color.tif
OK sp/SP_5_7/2026-05-07: /Users/korneev/Desktop/water-regime-gis/outputs/imagery/sp/SP_5_7/2026-05-07/sentinel_true_color.tif
OK sp/SP_5_7/2026-05-20: /Users/korneev/Desktop/water-regime-gis/outputs/imagery/sp/SP_5_7/2026-05-20/sentinel_true_color.tif
OK sp/SP_5_7/2026-05-22: /Users/korneev/Desktop/water-regime-gis/outputs/imagery/sp/SP_5_7/2026-05-22/sentinel_true_color.tif
OK sp/SP_5_7/2026-06-06: /Users/korneev/Desktop/water-regime-gis/outputs/imagery/sp/SP_5_7/2026-06-06/sentinel_true_color.tif
OK sp/SP_5_7/2026-06-08: /Users/korneev/Desktop/water-regime-gis/outputs/imagery/sp/SP_5_7/2026-06-08/sentinel_true_color.tif
OK sp/SP_5_7/2026-06-09: /Users/korneev/Desktop/water-regime-gis/outputs/imagery/sp/SP_5_7/2026-06-09/sentinel_true_color.tif
OK sp/SP_5_7/2026-06-11: /Users/korneev/Desktop/water-regime-gis/outputs/imagery/sp/SP_5_7/2026-06-11/sentinel_true_color.tif
OK sp/SP_5_7/2026-07-14: /Users/korneev/Desktop/water-regime-gis/outputs/imagery/sp/SP_5_7/2026-07-14/sentinel_true_color.tif
OK sp/SP_5_7/2026-07-19: /Users/korneev/Desktop/water-regime-gis/outputs/imagery/sp/SP_5_7/2026-07-19/sentinel_true_color.tif
OK sp/SP_5_7/2026-07-31: /Users/korneev/Desktop/water-regime-gis/outputs/imagery/sp/SP_5_7/2026-07-31/sentinel_true_color.tif
OK sp/SP_5_7/2026-08-10: /Users/korneev/Desktop/water-regime-gis/outputs/imagery/sp/SP_5_7/2026-08-10/sentinel_true_color.tif
OK sp/SP_5_10/2026-04-22: /Users/korneev/Desktop/water-regime-gis/outputs/imagery/sp/SP_5_10/2026-04-22/sentinel_true_color.tif
OK sp/SP_5_10/2026-05-05: /Users/korneev/Desktop/water-regime-gis/outputs/imagery/sp/SP_5_10/2026-05-05/sentinel_true_color.tif
OK sp/SP_5_10/2026-05-07: /Users/korneev/Desktop/water-regime-gis/outputs/imagery/sp/SP_5_10/2026-05-07/sentinel_true_color.tif
OK sp/SP_5_10/2026-05-20: /Users/korneev/Desktop/water-regime-gis/outputs/imagery/sp/SP_5_10/2026-05-20/sentinel_true_color.tif
OK sp/SP_5_10/2026-05-22: /Users/korneev/Desktop/water-regime-gis/outputs/imagery/sp/SP_5_10/2026-05-22/sentinel_true_color.tif
OK sp/SP_5_10/2026-06-06: /Users/korneev/Desktop/water-regime-gis/outputs/imagery/sp/SP_5_10/2026-06-06/sentinel_true_color.tif
OK sp/SP_5_10/2026-06-08: /Users/korneev/Desktop/water-regime-gis/outputs/imagery/sp/SP_5_10/2026-06-08/sentinel_true_color.tif
OK sp/SP_5_10/2026-06-09: /Users/korneev/Desktop/water-regime-gis/outputs/imagery/sp/SP_5_10/2026-06-09/sentinel_true_color.tif
OK sp/SP_5_10/2026-06-11: /Users/korneev/Desktop/water-regime-gis/outputs/imagery/sp/SP_5_10/2026-06-11/sentinel_true_color.tif
OK sp/SP_5_10/2026-07-14: /Users/korneev/Desktop/water-regime-gis/outputs/imagery/sp/SP_5_10/2026-07-14/sentinel_true_color.tif
OK sp/SP_5_10/2026-07-19: /Users/korneev/Desktop/water-regime-gis/outputs/imagery/sp/SP_5_10/2026-07-19/sentinel_true_color.tif
OK sp/SP_5_10/2026-07-31: /Users/korneev/Desktop/water-regime-gis/outputs/imagery/sp/SP_5_10/2026-07-31/sentinel_true_color.tif
OK sp/SP_5_10/2026-08-10: /Users/korneev/Desktop/water-regime-gis/outputs/imagery/sp/SP_5_10/2026-08-10/sentinel_true_color.tif
OK sp/SP_5_9/2026-04-22: /Users/korneev/Desktop/water-regime-gis/outputs/imagery/sp/SP_5_9/2026-04-22/sentinel_true_color.tif
OK sp/SP_5_9/2026-05-05: /Users/korneev/Desktop/water-regime-gis/outputs/imagery/sp/SP_5_9/2026-05-05/sentinel_true_color.tif
OK sp/SP_5_9/2026-05-07: /Users/korneev/Desktop/water-regime-gis/outputs/imagery/sp/SP_5_9/2026-05-07/sentinel_true_color.tif
OK sp/SP_5_9/2026-05-20: /Users/korneev/Desktop/water-regime-gis/outputs/imagery/sp/SP_5_9/2026-05-20/sentinel_true_color.tif
OK sp/SP_5_9/2026-05-22: /Users/korneev/Desktop/water-regime-gis/outputs/imagery/sp/SP_5_9/2026-05-22/sentinel_true_color.tif
OK sp/SP_5_9/2026-06-06: /Users/korneev/Desktop/water-regime-gis/outputs/imagery/sp/SP_5_9/2026-06-06/sentinel_true_color.tif
OK sp/SP_5_9/2026-06-08: /Users/korneev/Desktop/water-regime-gis/outputs/imagery/sp/SP_5_9/2026-06-08/sentinel_true_color.tif
OK sp/SP_5_9/2026-06-09: /Users/korneev/Desktop/water-regime-gis/outputs/imagery/sp/SP_5_9/2026-06-09/sentinel_true_color.tif
OK sp/SP_5_9/2026-06-11: /Users/korneev/Desktop/water-regime-gis/outputs/imagery/sp/SP_5_9/2026-06-11/sentinel_true_color.tif
OK sp/SP_5_9/2026-07-14: /Users/korneev/Desktop/water-regime-gis/outputs/imagery/sp/SP_5_9/2026-07-14/sentinel_true_color.tif
OK sp/SP_5_9/2026-07-19: /Users/korneev/Desktop/water-regime-gis/outputs/imagery/sp/SP_5_9/2026-07-19/sentinel_true_color.tif
OK sp/SP_5_9/2026-07-31: /Users/korneev/Desktop/water-regime-gis/outputs/imagery/sp/SP_5_9/2026-07-31/sentinel_true_color.tif
OK sp/SP_5_9/2026-08-10: /Users/korneev/Desktop/water-regime-gis/outputs/imagery/sp/SP_5_9/2026-08-10/sentinel_true_color.tif
OK sp/SP_5_15/2026-04-22: /Users/korneev/Desktop/water-regime-gis/outputs/imagery/sp/SP_5_15/2026-04-22/sentinel_true_color.tif
OK sp/SP_5_15/2026-05-05: /Users/korneev/Desktop/water-regime-gis/outputs/imagery/sp/SP_5_15/2026-05-05/sentinel_true_color.tif
OK sp/SP_5_15/2026-05-07: /Users/korneev/Desktop/water-regime-gis/outputs/imagery/sp/SP_5_15/2026-05-07/sentinel_true_color.tif
OK sp/SP_5_15/2026-05-20: /Users/korneev/Desktop/water-regime-gis/outputs/imagery/sp/SP_5_15/2026-05-20/sentinel_true_color.tif
OK sp/SP_5_15/2026-05-22: /Users/korneev/Desktop/water-regime-gis/outputs/imagery/sp/SP_5_15/2026-05-22/sentinel_true_color.tif
OK sp/SP_5_15/2026-06-06: /Users/korneev/Desktop/water-regime-gis/outputs/imagery/sp/SP_5_15/2026-06-06/sentinel_true_color.tif
ERROR sp/SP_5_15/2026-06-08: <urlopen error [Errno 54] Connection reset by peer>
OK sp/SP_5_15/2026-06-09: /Users/korneev/Desktop/water-regime-gis/outputs/imagery/sp/SP_5_15/2026-06-09/sentinel_true_color.tif
OK sp/SP_5_15/2026-06-11: /Users/korneev/Desktop/water-regime-gis/outputs/imagery/sp/SP_5_15/2026-06-11/sentinel_true_color.tif
OK sp/SP_5_15/2026-07-14: /Users/korneev/Desktop/water-regime-gis/outputs/imagery/sp/SP_5_15/2026-07-14/sentinel_true_color.tif
OK sp/SP_5_15/2026-07-19: /Users/korneev/Desktop/water-regime-gis/outputs/imagery/sp/SP_5_15/2026-07-19/sentinel_true_color.tif
OK sp/SP_5_15/2026-07-31: /Users/korneev/Desktop/water-regime-gis/outputs/imagery/sp/SP_5_15/2026-07-31/sentinel_true_color.tif
OK sp/SP_5_15/2026-08-10: /Users/korneev/Desktop/water-regime-gis/outputs/imagery/sp/SP_5_15/2026-08-10/sentinel_true_color.tif
OK sp/SP_5_16/2026-04-22: /Users/korneev/Desktop/water-regime-gis/outputs/imagery/sp/SP_5_16/2026-04-22/sentinel_true_color.tif
OK sp/SP_5_16/2026-05-05: /Users/korneev/Desktop/water-regime-gis/outputs/imagery/sp/SP_5_16/2026-05-05/sentinel_true_color.tif
OK sp/SP_5_16/2026-05-07: /Users/korneev/Desktop/water-regime-gis/outputs/imagery/sp/SP_5_16/2026-05-07/sentinel_true_color.tif
OK sp/SP_5_16/2026-05-20: /Users/korneev/Desktop/water-regime-gis/outputs/imagery/sp/SP_5_16/2026-05-20/sentinel_true_color.tif
OK sp/SP_5_16/2026-05-22: /Users/korneev/Desktop/water-regime-gis/outputs/imagery/sp/SP_5_16/2026-05-22/sentinel_true_color.tif
OK sp/SP_5_16/2026-06-06: /Users/korneev/Desktop/water-regime-gis/outputs/imagery/sp/SP_5_16/2026-06-06/sentinel_true_color.tif
OK sp/SP_5_16/2026-06-08: /Users/korneev/Desktop/water-regime-gis/outputs/imagery/sp/SP_5_16/2026-06-08/sentinel_true_color.tif
OK sp/SP_5_16/2026-06-09: /Users/korneev/Desktop/water-regime-gis/outputs/imagery/sp/SP_5_16/2026-06-09/sentinel_true_color.tif
OK sp/SP_5_16/2026-06-11: /Users/korneev/Desktop/water-regime-gis/outputs/imagery/sp/SP_5_16/2026-06-11/sentinel_true_color.tif
OK sp/SP_5_16/2026-07-14: /Users/korneev/Desktop/water-regime-gis/outputs/imagery/sp/SP_5_16/2026-07-14/sentinel_true_color.tif
OK sp/SP_5_16/2026-07-19: /Users/korneev/Desktop/water-regime-gis/outputs/imagery/sp/SP_5_16/2026-07-19/sentinel_true_color.tif
OK sp/SP_5_16/2026-07-31: /Users/korneev/Desktop/water-regime-gis/outputs/imagery/sp/SP_5_16/2026-07-31/sentinel_true_color.tif
OK sp/SP_5_16/2026-08-10: /Users/korneev/Desktop/water-regime-gis/outputs/imagery/sp/SP_5_16/2026-08-10/sentinel_true_color.tif
OK sp/SP_5_3/2026-04-22: /Users/korneev/Desktop/water-regime-gis/outputs/imagery/sp/SP_5_3/2026-04-22/sentinel_true_color.tif
OK sp/SP_5_3/2026-05-05: /Users/korneev/Desktop/water-regime-gis/outputs/imagery/sp/SP_5_3/2026-05-05/sentinel_true_color.tif
OK sp/SP_5_3/2026-05-07: /Users/korneev/Desktop/water-regime-gis/outputs/imagery/sp/SP_5_3/2026-05-07/sentinel_true_color.tif
OK sp/SP_5_3/2026-05-20: /Users/korneev/Desktop/water-regime-gis/outputs/imagery/sp/SP_5_3/2026-05-20/sentinel_true_color.tif
OK sp/SP_5_3/2026-05-22: /Users/korneev/Desktop/water-regime-gis/outputs/imagery/sp/SP_5_3/2026-05-22/sentinel_true_color.tif
OK sp/SP_5_3/2026-06-06: /Users/korneev/Desktop/water-regime-gis/outputs/imagery/sp/SP_5_3/2026-06-06/sentinel_true_color.tif
OK sp/SP_5_3/2026-06-08: /Users/korneev/Desktop/water-regime-gis/outputs/imagery/sp/SP_5_3/2026-06-08/sentinel_true_color.tif
OK sp/SP_5_3/2026-06-09: /Users/korneev/Desktop/water-regime-gis/outputs/imagery/sp/SP_5_3/2026-06-09/sentinel_true_color.tif
OK sp/SP_5_3/2026-06-11: /Users/korneev/Desktop/water-regime-gis/outputs/imagery/sp/SP_5_3/2026-06-11/sentinel_true_color.tif
OK sp/SP_5_3/2026-07-14: /Users/korneev/Desktop/water-regime-gis/outputs/imagery/sp/SP_5_3/2026-07-14/sentinel_true_color.tif
OK sp/SP_5_3/2026-07-19: /Users/korneev/Desktop/water-regime-gis/outputs/imagery/sp/SP_5_3/2026-07-19/sentinel_true_color.tif
OK sp/SP_5_3/2026-07-31: /Users/korneev/Desktop/water-regime-gis/outputs/imagery/sp/SP_5_3/2026-07-31/sentinel_true_color.tif
OK sp/SP_5_3/2026-08-10: /Users/korneev/Desktop/water-regime-gis/outputs/imagery/sp/SP_5_3/2026-08-10/sentinel_true_color.tif
OK sp/SP_5_14/2026-04-22: /Users/korneev/Desktop/water-regime-gis/outputs/imagery/sp/SP_5_14/2026-04-22/sentinel_true_color.tif
OK sp/SP_5_14/2026-05-05: /Users/korneev/Desktop/water-regime-gis/outputs/imagery/sp/SP_5_14/2026-05-05/sentinel_true_color.tif
OK sp/SP_5_14/2026-05-07: /Users/korneev/Desktop/water-regime-gis/outputs/imagery/sp/SP_5_14/2026-05-07/sentinel_true_color.tif
OK sp/SP_5_14/2026-05-20: /Users/korneev/Desktop/water-regime-gis/outputs/imagery/sp/SP_5_14/2026-05-20/sentinel_true_color.tif
OK sp/SP_5_14/2026-05-22: /Users/korneev/Desktop/water-regime-gis/outputs/imagery/sp/SP_5_14/2026-05-22/sentinel_true_color.tif
OK sp/SP_5_14/2026-06-06: /Users/korneev/Desktop/water-regime-gis/outputs/imagery/sp/SP_5_14/2026-06-06/sentinel_true_color.tif
OK sp/SP_5_14/2026-06-08: /Users/korneev/Desktop/water-regime-gis/outputs/imagery/sp/SP_5_14/2026-06-08/sentinel_true_color.tif
OK sp/SP_5_14/2026-06-09: /Users/korneev/Desktop/water-regime-gis/outputs/imagery/sp/SP_5_14/2026-06-09/sentinel_true_color.tif
OK sp/SP_5_14/2026-06-11: /Users/korneev/Desktop/water-regime-gis/outputs/imagery/sp/SP_5_14/2026-06-11/sentinel_true_color.tif
OK sp/SP_5_14/2026-07-14: /Users/korneev/Desktop/water-regime-gis/outputs/imagery/sp/SP_5_14/2026-07-14/sentinel_true_color.tif
OK sp/SP_5_14/2026-07-19: /Users/korneev/Desktop/water-regime-gis/outputs/imagery/sp/SP_5_14/2026-07-19/sentinel_true_color.tif
ERROR sp/SP_5_14/2026-07-31: T37UDV_20260731T084501_B02_10m.tif?st=2026-08-13T22%3A32%3A38Z&se=2026-08-14T23%3A17%3A38Z&sp=rl&sv=2025-07-05&sr=c&skoid=9c8ff44a-6a2c-4dfb-b298-1c9212f64d9a&sktid=72f988bf-86f1-41af-91ab-2d7cd011db47&skt=2026-08-14T22%3A15%3A56Z&ske=2026-08-21T22%3A15%3A56Z&sks=b&skv=2025-07-05&sig=hj731vKa1llJJEYcE6XMYXS0p%2BVjCOyv80YKV71mBVU%3D, band 1: IReadBlock failed at X offset 16, Y offset 3: TIFFReadEncodedTile() failed.
May be caused by: TIFFReadEncodedTile() failed.
May be caused by: TIFFFillTile:R
OK sp/SP_5_14/2026-08-10: /Users/korneev/Desktop/water-regime-gis/outputs/imagery/sp/SP_5_14/2026-08-10/sentinel_true_color.tif
OK sp/SP_5_8/2026-04-22: /Users/korneev/Desktop/water-regime-gis/outputs/imagery/sp/SP_5_8/2026-04-22/sentinel_true_color.tif
OK sp/SP_5_8/2026-05-05: /Users/korneev/Desktop/water-regime-gis/outputs/imagery/sp/SP_5_8/2026-05-05/sentinel_true_color.tif
OK sp/SP_5_8/2026-05-07: /Users/korneev/Desktop/water-regime-gis/outputs/imagery/sp/SP_5_8/2026-05-07/sentinel_true_color.tif
OK sp/SP_5_8/2026-05-20: /Users/korneev/Desktop/water-regime-gis/outputs/imagery/sp/SP_5_8/2026-05-20/sentinel_true_color.tif
OK sp/SP_5_8/2026-05-22: /Users/korneev/Desktop/water-regime-gis/outputs/imagery/sp/SP_5_8/2026-05-22/sentinel_true_color.tif
OK sp/SP_5_8/2026-06-06: /Users/korneev/Desktop/water-regime-gis/outputs/imagery/sp/SP_5_8/2026-06-06/sentinel_true_color.tif
OK sp/SP_5_8/2026-06-08: /Users/korneev/Desktop/water-regime-gis/outputs/imagery/sp/SP_5_8/2026-06-08/sentinel_true_color.tif
OK sp/SP_5_8/2026-06-09: /Users/korneev/Desktop/water-regime-gis/outputs/imagery/sp/SP_5_8/2026-06-09/sentinel_true_color.tif
OK sp/SP_5_8/2026-06-11: /Users/korneev/Desktop/water-regime-gis/outputs/imagery/sp/SP_5_8/2026-06-11/sentinel_true_color.tif
OK sp/SP_5_8/2026-07-14: /Users/korneev/Desktop/water-regime-gis/outputs/imagery/sp/SP_5_8/2026-07-14/sentinel_true_color.tif
OK sp/SP_5_8/2026-07-19: /Users/korneev/Desktop/water-regime-gis/outputs/imagery/sp/SP_5_8/2026-07-19/sentinel_true_color.tif
OK sp/SP_5_8/2026-07-31: /Users/korneev/Desktop/water-regime-gis/outputs/imagery/sp/SP_5_8/2026-07-31/sentinel_true_color.tif
OK sp/SP_5_8/2026-08-10: /Users/korneev/Desktop/water-regime-gis/outputs/imagery/sp/SP_5_8/2026-08-10/sentinel_true_color.tif
OK sp/SP_5_13/2026-04-22: /Users/korneev/Desktop/water-regime-gis/outputs/imagery/sp/SP_5_13/2026-04-22/sentinel_true_color.tif
OK sp/SP_5_13/2026-05-05: /Users/korneev/Desktop/water-regime-gis/outputs/imagery/sp/SP_5_13/2026-05-05/sentinel_true_color.tif
OK sp/SP_5_13/2026-05-07: /Users/korneev/Desktop/water-regime-gis/outputs/imagery/sp/SP_5_13/2026-05-07/sentinel_true_color.tif
OK sp/SP_5_13/2026-05-20: /Users/korneev/Desktop/water-regime-gis/outputs/imagery/sp/SP_5_13/2026-05-20/sentinel_true_color.tif
OK sp/SP_5_13/2026-05-22: /Users/korneev/Desktop/water-regime-gis/outputs/imagery/sp/SP_5_13/2026-05-22/sentinel_true_color.tif
OK sp/SP_5_13/2026-06-06: /Users/korneev/Desktop/water-regime-gis/outputs/imagery/sp/SP_5_13/2026-06-06/sentinel_true_color.tif
OK sp/SP_5_13/2026-06-08: /Users/korneev/Desktop/water-regime-gis/outputs/imagery/sp/SP_5_13/2026-06-08/sentinel_true_color.tif
OK sp/SP_5_13/2026-06-09: /Users/korneev/Desktop/water-regime-gis/outputs/imagery/sp/SP_5_13/2026-06-09/sentinel_true_color.tif
OK sp/SP_5_13/2026-06-11: /Users/korneev/Desktop/water-regime-gis/outputs/imagery/sp/SP_5_13/2026-06-11/sentinel_true_color.tif
OK sp/SP_5_13/2026-07-14: /Users/korneev/Desktop/water-regime-gis/outputs/imagery/sp/SP_5_13/2026-07-14/sentinel_true_color.tif
OK sp/SP_5_13/2026-07-19: /Users/korneev/Desktop/water-regime-gis/outputs/imagery/sp/SP_5_13/2026-07-19/sentinel_true_color.tif
OK sp/SP_5_13/2026-07-31: /Users/korneev/Desktop/water-regime-gis/outputs/imagery/sp/SP_5_13/2026-07-31/sentinel_true_color.tif
OK sp/SP_5_13/2026-08-10: /Users/korneev/Desktop/water-regime-gis/outputs/imagery/sp/SP_5_13/2026-08-10/sentinel_true_color.tif
OK sp/SP_6_17/2026-04-22: /Users/korneev/Desktop/water-regime-gis/outputs/imagery/sp/SP_6_17/2026-04-22/sentinel_true_color.tif
OK sp/SP_6_17/2026-05-05: /Users/korneev/Desktop/water-regime-gis/outputs/imagery/sp/SP_6_17/2026-05-05/sentinel_true_color.tif
OK sp/SP_6_17/2026-05-07: /Users/korneev/Desktop/water-regime-gis/outputs/imagery/sp/SP_6_17/2026-05-07/sentinel_true_color.tif
OK sp/SP_6_17/2026-05-20: /Users/korneev/Desktop/water-regime-gis/outputs/imagery/sp/SP_6_17/2026-05-20/sentinel_true_color.tif
OK sp/SP_6_17/2026-05-22: /Users/korneev/Desktop/water-regime-gis/outputs/imagery/sp/SP_6_17/2026-05-22/sentinel_true_color.tif
OK sp/SP_6_17/2026-06-06: /Users/korneev/Desktop/water-regime-gis/outputs/imagery/sp/SP_6_17/2026-06-06/sentinel_true_color.tif
OK sp/SP_6_17/2026-06-08: /Users/korneev/Desktop/water-regime-gis/outputs/imagery/sp/SP_6_17/2026-06-08/sentinel_true_color.tif
OK sp/SP_6_17/2026-06-09: /Users/korneev/Desktop/water-regime-gis/outputs/imagery/sp/SP_6_17/2026-06-09/sentinel_true_color.tif
OK sp/SP_6_17/2026-06-11: /Users/korneev/Desktop/water-regime-gis/outputs/imagery/sp/SP_6_17/2026-06-11/sentinel_true_color.tif
OK sp/SP_6_17/2026-07-14: /Users/korneev/Desktop/water-regime-gis/outputs/imagery/sp/SP_6_17/2026-07-14/sentinel_true_color.tif
OK sp/SP_6_17/2026-07-19: /Users/korneev/Desktop/water-regime-gis/outputs/imagery/sp/SP_6_17/2026-07-19/sentinel_true_color.tif
OK sp/SP_6_17/2026-07-31: /Users/korneev/Desktop/water-regime-gis/outputs/imagery/sp/SP_6_17/2026-07-31/sentinel_true_color.tif
OK sp/SP_6_17/2026-08-10: /Users/korneev/Desktop/water-regime-gis/outputs/imagery/sp/SP_6_17/2026-08-10/sentinel_true_color.tif
OK sp/SP_6_16/2026-04-22: /Users/korneev/Desktop/water-regime-gis/outputs/imagery/sp/SP_6_16/2026-04-22/sentinel_true_color.tif
OK sp/SP_6_16/2026-05-05: /Users/korneev/Desktop/water-regime-gis/outputs/imagery/sp/SP_6_16/2026-05-05/sentinel_true_color.tif
OK sp/SP_6_16/2026-05-07: /Users/korneev/Desktop/water-regime-gis/outputs/imagery/sp/SP_6_16/2026-05-07/sentinel_true_color.tif
OK sp/SP_6_16/2026-05-20: /Users/korneev/Desktop/water-regime-gis/outputs/imagery/sp/SP_6_16/2026-05-20/sentinel_true_color.tif
OK sp/SP_6_16/2026-05-22: /Users/korneev/Desktop/water-regime-gis/outputs/imagery/sp/SP_6_16/2026-05-22/sentinel_true_color.tif
OK sp/SP_6_16/2026-06-06: /Users/korneev/Desktop/water-regime-gis/outputs/imagery/sp/SP_6_16/2026-06-06/sentinel_true_color.tif
OK sp/SP_6_16/2026-06-08: /Users/korneev/Desktop/water-regime-gis/outputs/imagery/sp/SP_6_16/2026-06-08/sentinel_true_color.tif
OK sp/SP_6_16/2026-06-09: /Users/korneev/Desktop/water-regime-gis/outputs/imagery/sp/SP_6_16/2026-06-09/sentinel_true_color.tif
OK sp/SP_6_16/2026-06-11: /Users/korneev/Desktop/water-regime-gis/outputs/imagery/sp/SP_6_16/2026-06-11/sentinel_true_color.tif
OK sp/SP_6_16/2026-07-14: /Users/korneev/Desktop/water-regime-gis/outputs/imagery/sp/SP_6_16/2026-07-14/sentinel_true_color.tif
OK sp/SP_6_16/2026-07-19: /Users/korneev/Desktop/water-regime-gis/outputs/imagery/sp/SP_6_16/2026-07-19/sentinel_true_color.tif
OK sp/SP_6_16/2026-07-31: /Users/korneev/Desktop/water-regime-gis/outputs/imagery/sp/SP_6_16/2026-07-31/sentinel_true_color.tif
OK sp/SP_6_16/2026-08-10: /Users/korneev/Desktop/water-regime-gis/outputs/imagery/sp/SP_6_16/2026-08-10/sentinel_true_color.tif
OK sp/SP_6_1/2026-04-22: /Users/korneev/Desktop/water-regime-gis/outputs/imagery/sp/SP_6_1/2026-04-22/sentinel_true_color.tif
OK sp/SP_6_1/2026-05-05: /Users/korneev/Desktop/water-regime-gis/outputs/imagery/sp/SP_6_1/2026-05-05/sentinel_true_color.tif
OK sp/SP_6_1/2026-05-07: /Users/korneev/Desktop/water-regime-gis/outputs/imagery/sp/SP_6_1/2026-05-07/sentinel_true_color.tif
OK sp/SP_6_1/2026-05-20: /Users/korneev/Desktop/water-regime-gis/outputs/imagery/sp/SP_6_1/2026-05-20/sentinel_true_color.tif
OK sp/SP_6_1/2026-05-22: /Users/korneev/Desktop/water-regime-gis/outputs/imagery/sp/SP_6_1/2026-05-22/sentinel_true_color.tif
OK sp/SP_6_1/2026-06-06: /Users/korneev/Desktop/water-regime-gis/outputs/imagery/sp/SP_6_1/2026-06-06/sentinel_true_color.tif
OK sp/SP_6_1/2026-06-08: /Users/korneev/Desktop/water-regime-gis/outputs/imagery/sp/SP_6_1/2026-06-08/sentinel_true_color.tif
OK sp/SP_6_1/2026-06-09: /Users/korneev/Desktop/water-regime-gis/outputs/imagery/sp/SP_6_1/2026-06-09/sentinel_true_color.tif
OK sp/SP_6_1/2026-06-11: /Users/korneev/Desktop/water-regime-gis/outputs/imagery/sp/SP_6_1/2026-06-11/sentinel_true_color.tif
OK sp/SP_6_1/2026-07-14: /Users/korneev/Desktop/water-regime-gis/outputs/imagery/sp/SP_6_1/2026-07-14/sentinel_true_color.tif
OK sp/SP_6_1/2026-07-19: /Users/korneev/Desktop/water-regime-gis/outputs/imagery/sp/SP_6_1/2026-07-19/sentinel_true_color.tif
OK sp/SP_6_1/2026-07-31: /Users/korneev/Desktop/water-regime-gis/outputs/imagery/sp/SP_6_1/2026-07-31/sentinel_true_color.tif
OK sp/SP_6_1/2026-08-10: /Users/korneev/Desktop/water-regime-gis/outputs/imagery/sp/SP_6_1/2026-08-10/sentinel_true_color.tif
OK sp/SP_6_2/2026-04-22: /Users/korneev/Desktop/water-regime-gis/outputs/imagery/sp/SP_6_2/2026-04-22/sentinel_true_color.tif
OK sp/SP_6_2/2026-05-05: /Users/korneev/Desktop/water-regime-gis/outputs/imagery/sp/SP_6_2/2026-05-05/sentinel_true_color.tif
OK sp/SP_6_2/2026-05-07: /Users/korneev/Desktop/water-regime-gis/outputs/imagery/sp/SP_6_2/2026-05-07/sentinel_true_color.tif
OK sp/SP_6_2/2026-05-20: /Users/korneev/Desktop/water-regime-gis/outputs/imagery/sp/SP_6_2/2026-05-20/sentinel_true_color.tif
OK sp/SP_6_2/2026-05-22: /Users/korneev/Desktop/water-regime-gis/outputs/imagery/sp/SP_6_2/2026-05-22/sentinel_true_color.tif
OK sp/SP_6_2/2026-06-06: /Users/korneev/Desktop/water-regime-gis/outputs/imagery/sp/SP_6_2/2026-06-06/sentinel_true_color.tif
OK sp/SP_6_2/2026-06-08: /Users/korneev/Desktop/water-regime-gis/outputs/imagery/sp/SP_6_2/2026-06-08/sentinel_true_color.tif
OK sp/SP_6_2/2026-06-09: /Users/korneev/Desktop/water-regime-gis/outputs/imagery/sp/SP_6_2/2026-06-09/sentinel_true_color.tif
OK sp/SP_6_2/2026-06-11: /Users/korneev/Desktop/water-regime-gis/outputs/imagery/sp/SP_6_2/2026-06-11/sentinel_true_color.tif
OK sp/SP_6_2/2026-07-14: /Users/korneev/Desktop/water-regime-gis/outputs/imagery/sp/SP_6_2/2026-07-14/sentinel_true_color.tif
OK sp/SP_6_2/2026-07-19: /Users/korneev/Desktop/water-regime-gis/outputs/imagery/sp/SP_6_2/2026-07-19/sentinel_true_color.tif
OK sp/SP_6_2/2026-07-31: /Users/korneev/Desktop/water-regime-gis/outputs/imagery/sp/SP_6_2/2026-07-31/sentinel_true_color.tif
OK sp/SP_6_2/2026-08-10: /Users/korneev/Desktop/water-regime-gis/outputs/imagery/sp/SP_6_2/2026-08-10/sentinel_true_color.tif
OK sp/SP_6_3/2026-04-22: /Users/korneev/Desktop/water-regime-gis/outputs/imagery/sp/SP_6_3/2026-04-22/sentinel_true_color.tif
OK sp/SP_6_3/2026-05-05: /Users/korneev/Desktop/water-regime-gis/outputs/imagery/sp/SP_6_3/2026-05-05/sentinel_true_color.tif
OK sp/SP_6_3/2026-05-07: /Users/korneev/Desktop/water-regime-gis/outputs/imagery/sp/SP_6_3/2026-05-07/sentinel_true_color.tif
OK sp/SP_6_3/2026-05-20: /Users/korneev/Desktop/water-regime-gis/outputs/imagery/sp/SP_6_3/2026-05-20/sentinel_true_color.tif
OK sp/SP_6_3/2026-05-22: /Users/korneev/Desktop/water-regime-gis/outputs/imagery/sp/SP_6_3/2026-05-22/sentinel_true_color.tif
OK sp/SP_6_3/2026-06-06: /Users/korneev/Desktop/water-regime-gis/outputs/imagery/sp/SP_6_3/2026-06-06/sentinel_true_color.tif
OK sp/SP_6_3/2026-06-08: /Users/korneev/Desktop/water-regime-gis/outputs/imagery/sp/SP_6_3/2026-06-08/sentinel_true_color.tif
OK sp/SP_6_3/2026-06-09: /Users/korneev/Desktop/water-regime-gis/outputs/imagery/sp/SP_6_3/2026-06-09/sentinel_true_color.tif
OK sp/SP_6_3/2026-06-11: /Users/korneev/Desktop/water-regime-gis/outputs/imagery/sp/SP_6_3/2026-06-11/sentinel_true_color.tif
OK sp/SP_6_3/2026-07-14: /Users/korneev/Desktop/water-regime-gis/outputs/imagery/sp/SP_6_3/2026-07-14/sentinel_true_color.tif
OK sp/SP_6_3/2026-07-19: /Users/korneev/Desktop/water-regime-gis/outputs/imagery/sp/SP_6_3/2026-07-19/sentinel_true_color.tif
OK sp/SP_6_3/2026-07-31: /Users/korneev/Desktop/water-regime-gis/outputs/imagery/sp/SP_6_3/2026-07-31/sentinel_true_color.tif
OK sp/SP_6_3/2026-08-10: /Users/korneev/Desktop/water-regime-gis/outputs/imagery/sp/SP_6_3/2026-08-10/sentinel_true_color.tif
OK sp/SP_6_4/2026-04-22: /Users/korneev/Desktop/water-regime-gis/outputs/imagery/sp/SP_6_4/2026-04-22/sentinel_true_color.tif
OK sp/SP_6_4/2026-05-05: /Users/korneev/Desktop/water-regime-gis/outputs/imagery/sp/SP_6_4/2026-05-05/sentinel_true_color.tif
OK sp/SP_6_4/2026-05-07: /Users/korneev/Desktop/water-regime-gis/outputs/imagery/sp/SP_6_4/2026-05-07/sentinel_true_color.tif
OK sp/SP_6_4/2026-05-20: /Users/korneev/Desktop/water-regime-gis/outputs/imagery/sp/SP_6_4/2026-05-20/sentinel_true_color.tif
OK sp/SP_6_4/2026-05-22: /Users/korneev/Desktop/water-regime-gis/outputs/imagery/sp/SP_6_4/2026-05-22/sentinel_true_color.tif
OK sp/SP_6_4/2026-06-06: /Users/korneev/Desktop/water-regime-gis/outputs/imagery/sp/SP_6_4/2026-06-06/sentinel_true_color.tif
OK sp/SP_6_4/2026-06-08: /Users/korneev/Desktop/water-regime-gis/outputs/imagery/sp/SP_6_4/2026-06-08/sentinel_true_color.tif
OK sp/SP_6_4/2026-06-09: /Users/korneev/Desktop/water-regime-gis/outputs/imagery/sp/SP_6_4/2026-06-09/sentinel_true_color.tif
OK sp/SP_6_4/2026-06-11: /Users/korneev/Desktop/water-regime-gis/outputs/imagery/sp/SP_6_4/2026-06-11/sentinel_true_color.tif
OK sp/SP_6_4/2026-07-14: /Users/korneev/Desktop/water-regime-gis/outputs/imagery/sp/SP_6_4/2026-07-14/sentinel_true_color.tif
OK sp/SP_6_4/2026-07-19: /Users/korneev/Desktop/water-regime-gis/outputs/imagery/sp/SP_6_4/2026-07-19/sentinel_true_color.tif
OK sp/SP_6_4/2026-07-31: /Users/korneev/Desktop/water-regime-gis/outputs/imagery/sp/SP_6_4/2026-07-31/sentinel_true_color.tif
OK sp/SP_6_4/2026-08-10: /Users/korneev/Desktop/water-regime-gis/outputs/imagery/sp/SP_6_4/2026-08-10/sentinel_true_color.tif
OK sp/SP_6_5/2026-04-22: /Users/korneev/Desktop/water-regime-gis/outputs/imagery/sp/SP_6_5/2026-04-22/sentinel_true_color.tif
OK sp/SP_6_5/2026-05-05: /Users/korneev/Desktop/water-regime-gis/outputs/imagery/sp/SP_6_5/2026-05-05/sentinel_true_color.tif
OK sp/SP_6_5/2026-05-07: /Users/korneev/Desktop/water-regime-gis/outputs/imagery/sp/SP_6_5/2026-05-07/sentinel_true_color.tif
OK sp/SP_6_5/2026-05-20: /Users/korneev/Desktop/water-regime-gis/outputs/imagery/sp/SP_6_5/2026-05-20/sentinel_true_color.tif
OK sp/SP_6_5/2026-05-22: /Users/korneev/Desktop/water-regime-gis/outputs/imagery/sp/SP_6_5/2026-05-22/sentinel_true_color.tif
OK sp/SP_6_5/2026-06-06: /Users/korneev/Desktop/water-regime-gis/outputs/imagery/sp/SP_6_5/2026-06-06/sentinel_true_color.tif
OK sp/SP_6_5/2026-06-08: /Users/korneev/Desktop/water-regime-gis/outputs/imagery/sp/SP_6_5/2026-06-08/sentinel_true_color.tif
OK sp/SP_6_5/2026-06-09: /Users/korneev/Desktop/water-regime-gis/outputs/imagery/sp/SP_6_5/2026-06-09/sentinel_true_color.tif
OK sp/SP_6_5/2026-06-11: /Users/korneev/Desktop/water-regime-gis/outputs/imagery/sp/SP_6_5/2026-06-11/sentinel_true_color.tif
OK sp/SP_6_5/2026-07-14: /Users/korneev/Desktop/water-regime-gis/outputs/imagery/sp/SP_6_5/2026-07-14/sentinel_true_color.tif
OK sp/SP_6_5/2026-07-19: /Users/korneev/Desktop/water-regime-gis/outputs/imagery/sp/SP_6_5/2026-07-19/sentinel_true_color.tif
OK sp/SP_6_5/2026-07-31: /Users/korneev/Desktop/water-regime-gis/outputs/imagery/sp/SP_6_5/2026-07-31/sentinel_true_color.tif
OK sp/SP_6_5/2026-08-10: /Users/korneev/Desktop/water-regime-gis/outputs/imagery/sp/SP_6_5/2026-08-10/sentinel_true_color.tif
OK sp/SP_6_9/2026-04-22: /Users/korneev/Desktop/water-regime-gis/outputs/imagery/sp/SP_6_9/2026-04-22/sentinel_true_color.tif
OK sp/SP_6_9/2026-05-05: /Users/korneev/Desktop/water-regime-gis/outputs/imagery/sp/SP_6_9/2026-05-05/sentinel_true_color.tif
OK sp/SP_6_9/2026-05-07: /Users/korneev/Desktop/water-regime-gis/outputs/imagery/sp/SP_6_9/2026-05-07/sentinel_true_color.tif
OK sp/SP_6_9/2026-05-20: /Users/korneev/Desktop/water-regime-gis/outputs/imagery/sp/SP_6_9/2026-05-20/sentinel_true_color.tif
OK sp/SP_6_9/2026-05-22: /Users/korneev/Desktop/water-regime-gis/outputs/imagery/sp/SP_6_9/2026-05-22/sentinel_true_color.tif
OK sp/SP_6_9/2026-06-06: /Users/korneev/Desktop/water-regime-gis/outputs/imagery/sp/SP_6_9/2026-06-06/sentinel_true_color.tif
OK sp/SP_6_9/2026-06-08: /Users/korneev/Desktop/water-regime-gis/outputs/imagery/sp/SP_6_9/2026-06-08/sentinel_true_color.tif
OK sp/SP_6_9/2026-06-09: /Users/korneev/Desktop/water-regime-gis/outputs/imagery/sp/SP_6_9/2026-06-09/sentinel_true_color.tif
OK sp/SP_6_9/2026-06-11: /Users/korneev/Desktop/water-regime-gis/outputs/imagery/sp/SP_6_9/2026-06-11/sentinel_true_color.tif
OK sp/SP_6_9/2026-07-14: /Users/korneev/Desktop/water-regime-gis/outputs/imagery/sp/SP_6_9/2026-07-14/sentinel_true_color.tif
OK sp/SP_6_9/2026-07-19: /Users/korneev/Desktop/water-regime-gis/outputs/imagery/sp/SP_6_9/2026-07-19/sentinel_true_color.tif
OK sp/SP_6_9/2026-07-31: /Users/korneev/Desktop/water-regime-gis/outputs/imagery/sp/SP_6_9/2026-07-31/sentinel_true_color.tif
OK sp/SP_6_9/2026-08-10: /Users/korneev/Desktop/water-regime-gis/outputs/imagery/sp/SP_6_9/2026-08-10/sentinel_true_color.tif
OK sp/SP_6_6/2026-04-22: /Users/korneev/Desktop/water-regime-gis/outputs/imagery/sp/SP_6_6/2026-04-22/sentinel_true_color.tif
OK sp/SP_6_6/2026-05-05: /Users/korneev/Desktop/water-regime-gis/outputs/imagery/sp/SP_6_6/2026-05-05/sentinel_true_color.tif
OK sp/SP_6_6/2026-05-07: /Users/korneev/Desktop/water-regime-gis/outputs/imagery/sp/SP_6_6/2026-05-07/sentinel_true_color.tif
OK sp/SP_6_6/2026-05-20: /Users/korneev/Desktop/water-regime-gis/outputs/imagery/sp/SP_6_6/2026-05-20/sentinel_true_color.tif
OK sp/SP_6_6/2026-05-22: /Users/korneev/Desktop/water-regime-gis/outputs/imagery/sp/SP_6_6/2026-05-22/sentinel_true_color.tif
OK sp/SP_6_6/2026-06-06: /Users/korneev/Desktop/water-regime-gis/outputs/imagery/sp/SP_6_6/2026-06-06/sentinel_true_color.tif
OK sp/SP_6_6/2026-06-08: /Users/korneev/Desktop/water-regime-gis/outputs/imagery/sp/SP_6_6/2026-06-08/sentinel_true_color.tif
OK sp/SP_6_6/2026-06-09: /Users/korneev/Desktop/water-regime-gis/outputs/imagery/sp/SP_6_6/2026-06-09/sentinel_true_color.tif
OK sp/SP_6_6/2026-06-11: /Users/korneev/Desktop/water-regime-gis/outputs/imagery/sp/SP_6_6/2026-06-11/sentinel_true_color.tif
OK sp/SP_6_6/2026-07-14: /Users/korneev/Desktop/water-regime-gis/outputs/imagery/sp/SP_6_6/2026-07-14/sentinel_true_color.tif
OK sp/SP_6_6/2026-07-19: /Users/korneev/Desktop/water-regime-gis/outputs/imagery/sp/SP_6_6/2026-07-19/sentinel_true_color.tif
OK sp/SP_6_6/2026-07-31: /Users/korneev/Desktop/water-regime-gis/outputs/imagery/sp/SP_6_6/2026-07-31/sentinel_true_color.tif
OK sp/SP_6_6/2026-08-10: /Users/korneev/Desktop/water-regime-gis/outputs/imagery/sp/SP_6_6/2026-08-10/sentinel_true_color.tif
OK sp/SP_6_7/2026-04-22: /Users/korneev/Desktop/water-regime-gis/outputs/imagery/sp/SP_6_7/2026-04-22/sentinel_true_color.tif
OK sp/SP_6_7/2026-05-05: /Users/korneev/Desktop/water-regime-gis/outputs/imagery/sp/SP_6_7/2026-05-05/sentinel_true_color.tif
OK sp/SP_6_7/2026-05-07: /Users/korneev/Desktop/water-regime-gis/outputs/imagery/sp/SP_6_7/2026-05-07/sentinel_true_color.tif
OK sp/SP_6_7/2026-05-20: /Users/korneev/Desktop/water-regime-gis/outputs/imagery/sp/SP_6_7/2026-05-20/sentinel_true_color.tif
OK sp/SP_6_7/2026-05-22: /Users/korneev/Desktop/water-regime-gis/outputs/imagery/sp/SP_6_7/2026-05-22/sentinel_true_color.tif
OK sp/SP_6_7/2026-06-06: /Users/korneev/Desktop/water-regime-gis/outputs/imagery/sp/SP_6_7/2026-06-06/sentinel_true_color.tif
OK sp/SP_6_7/2026-06-08: /Users/korneev/Desktop/water-regime-gis/outputs/imagery/sp/SP_6_7/2026-06-08/sentinel_true_color.tif
OK sp/SP_6_7/2026-06-09: /Users/korneev/Desktop/water-regime-gis/outputs/imagery/sp/SP_6_7/2026-06-09/sentinel_true_color.tif
OK sp/SP_6_7/2026-06-11: /Users/korneev/Desktop/water-regime-gis/outputs/imagery/sp/SP_6_7/2026-06-11/sentinel_true_color.tif
OK sp/SP_6_7/2026-07-14: /Users/korneev/Desktop/water-regime-gis/outputs/imagery/sp/SP_6_7/2026-07-14/sentinel_true_color.tif
OK sp/SP_6_7/2026-07-19: /Users/korneev/Desktop/water-regime-gis/outputs/imagery/sp/SP_6_7/2026-07-19/sentinel_true_color.tif
OK sp/SP_6_7/2026-07-31: /Users/korneev/Desktop/water-regime-gis/outputs/imagery/sp/SP_6_7/2026-07-31/sentinel_true_color.tif
OK sp/SP_6_7/2026-08-10: /Users/korneev/Desktop/water-regime-gis/outputs/imagery/sp/SP_6_7/2026-08-10/sentinel_true_color.tif
OK sp/SP_6_8/2026-04-22: /Users/korneev/Desktop/water-regime-gis/outputs/imagery/sp/SP_6_8/2026-04-22/sentinel_true_color.tif
OK sp/SP_6_8/2026-05-05: /Users/korneev/Desktop/water-regime-gis/outputs/imagery/sp/SP_6_8/2026-05-05/sentinel_true_color.tif
OK sp/SP_6_8/2026-05-07: /Users/korneev/Desktop/water-regime-gis/outputs/imagery/sp/SP_6_8/2026-05-07/sentinel_true_color.tif
OK sp/SP_6_8/2026-05-20: /Users/korneev/Desktop/water-regime-gis/outputs/imagery/sp/SP_6_8/2026-05-20/sentinel_true_color.tif
OK sp/SP_6_8/2026-05-22: /Users/korneev/Desktop/water-regime-gis/outputs/imagery/sp/SP_6_8/2026-05-22/sentinel_true_color.tif
OK sp/SP_6_8/2026-06-06: /Users/korneev/Desktop/water-regime-gis/outputs/imagery/sp/SP_6_8/2026-06-06/sentinel_true_color.tif
OK sp/SP_6_8/2026-06-08: /Users/korneev/Desktop/water-regime-gis/outputs/imagery/sp/SP_6_8/2026-06-08/sentinel_true_color.tif
OK sp/SP_6_8/2026-06-09: /Users/korneev/Desktop/water-regime-gis/outputs/imagery/sp/SP_6_8/2026-06-09/sentinel_true_color.tif
OK sp/SP_6_8/2026-06-11: /Users/korneev/Desktop/water-regime-gis/outputs/imagery/sp/SP_6_8/2026-06-11/sentinel_true_color.tif
OK sp/SP_6_8/2026-07-14: /Users/korneev/Desktop/water-regime-gis/outputs/imagery/sp/SP_6_8/2026-07-14/sentinel_true_color.tif
OK sp/SP_6_8/2026-07-19: /Users/korneev/Desktop/water-regime-gis/outputs/imagery/sp/SP_6_8/2026-07-19/sentinel_true_color.tif
OK sp/SP_6_8/2026-07-31: /Users/korneev/Desktop/water-regime-gis/outputs/imagery/sp/SP_6_8/2026-07-31/sentinel_true_color.tif
OK sp/SP_6_8/2026-08-10: /Users/korneev/Desktop/water-regime-gis/outputs/imagery/sp/SP_6_8/2026-08-10/sentinel_true_color.tif
OK sp/SP_6_10/2026-04-22: /Users/korneev/Desktop/water-regime-gis/outputs/imagery/sp/SP_6_10/2026-04-22/sentinel_true_color.tif
OK sp/SP_6_10/2026-05-05: /Users/korneev/Desktop/water-regime-gis/outputs/imagery/sp/SP_6_10/2026-05-05/sentinel_true_color.tif
OK sp/SP_6_10/2026-05-07: /Users/korneev/Desktop/water-regime-gis/outputs/imagery/sp/SP_6_10/2026-05-07/sentinel_true_color.tif
OK sp/SP_6_10/2026-05-20: /Users/korneev/Desktop/water-regime-gis/outputs/imagery/sp/SP_6_10/2026-05-20/sentinel_true_color.tif
OK sp/SP_6_10/2026-05-22: /Users/korneev/Desktop/water-regime-gis/outputs/imagery/sp/SP_6_10/2026-05-22/sentinel_true_color.tif
OK sp/SP_6_10/2026-06-06: /Users/korneev/Desktop/water-regime-gis/outputs/imagery/sp/SP_6_10/2026-06-06/sentinel_true_color.tif
OK sp/SP_6_10/2026-06-08: /Users/korneev/Desktop/water-regime-gis/outputs/imagery/sp/SP_6_10/2026-06-08/sentinel_true_color.tif
OK sp/SP_6_10/2026-06-09: /Users/korneev/Desktop/water-regime-gis/outputs/imagery/sp/SP_6_10/2026-06-09/sentinel_true_color.tif
OK sp/SP_6_10/2026-06-11: /Users/korneev/Desktop/water-regime-gis/outputs/imagery/sp/SP_6_10/2026-06-11/sentinel_true_color.tif
OK sp/SP_6_10/2026-07-14: /Users/korneev/Desktop/water-regime-gis/outputs/imagery/sp/SP_6_10/2026-07-14/sentinel_true_color.tif
OK sp/SP_6_10/2026-07-19: /Users/korneev/Desktop/water-regime-gis/outputs/imagery/sp/SP_6_10/2026-07-19/sentinel_true_color.tif
OK sp/SP_6_10/2026-07-31: /Users/korneev/Desktop/water-regime-gis/outputs/imagery/sp/SP_6_10/2026-07-31/sentinel_true_color.tif
OK sp/SP_6_10/2026-08-10: /Users/korneev/Desktop/water-regime-gis/outputs/imagery/sp/SP_6_10/2026-08-10/sentinel_true_color.tif
OK sp/SP_6_11/2026-04-22: /Users/korneev/Desktop/water-regime-gis/outputs/imagery/sp/SP_6_11/2026-04-22/sentinel_true_color.tif
OK sp/SP_6_11/2026-05-05: /Users/korneev/Desktop/water-regime-gis/outputs/imagery/sp/SP_6_11/2026-05-05/sentinel_true_color.tif
OK sp/SP_6_11/2026-05-07: /Users/korneev/Desktop/water-regime-gis/outputs/imagery/sp/SP_6_11/2026-05-07/sentinel_true_color.tif
OK sp/SP_6_11/2026-05-20: /Users/korneev/Desktop/water-regime-gis/outputs/imagery/sp/SP_6_11/2026-05-20/sentinel_true_color.tif
OK sp/SP_6_11/2026-05-22: /Users/korneev/Desktop/water-regime-gis/outputs/imagery/sp/SP_6_11/2026-05-22/sentinel_true_color.tif
OK sp/SP_6_11/2026-06-06: /Users/korneev/Desktop/water-regime-gis/outputs/imagery/sp/SP_6_11/2026-06-06/sentinel_true_color.tif
OK sp/SP_6_11/2026-06-08: /Users/korneev/Desktop/water-regime-gis/outputs/imagery/sp/SP_6_11/2026-06-08/sentinel_true_color.tif
OK sp/SP_6_11/2026-06-09: /Users/korneev/Desktop/water-regime-gis/outputs/imagery/sp/SP_6_11/2026-06-09/sentinel_true_color.tif
OK sp/SP_6_11/2026-06-11: /Users/korneev/Desktop/water-regime-gis/outputs/imagery/sp/SP_6_11/2026-06-11/sentinel_true_color.tif
SKIP sp/SP_4_17/2026-04-22: /Users/korneev/Desktop/water-regime-gis/outputs/imagery/sp/SP_4_17/2026-04-22/sentinel_true_color.tif
SKIP sp/SP_4_17/2026-05-05: /Users/korneev/Desktop/water-regime-gis/outputs/imagery/sp/SP_4_17/2026-05-05/sentinel_true_color.tif
SKIP sp/SP_4_17/2026-05-07: /Users/korneev/Desktop/water-regime-gis/outputs/imagery/sp/SP_4_17/2026-05-07/sentinel_true_color.tif
SKIP sp/SP_4_17/2026-05-17: /Users/korneev/Desktop/water-regime-gis/outputs/imagery/sp/SP_4_17/2026-05-17/sentinel_true_color.tif
SKIP sp/SP_4_17/2026-05-20: /Users/korneev/Desktop/water-regime-gis/outputs/imagery/sp/SP_4_17/2026-05-20/sentinel_true_color.tif
SKIP sp/SP_4_17/2026-05-22: /Users/korneev/Desktop/water-regime-gis/outputs/imagery/sp/SP_4_17/2026-05-22/sentinel_true_color.tif
SKIP sp/SP_4_17/2026-06-06: /Users/korneev/Desktop/water-regime-gis/outputs/imagery/sp/SP_4_17/2026-06-06/sentinel_true_color.tif
SKIP sp/SP_4_17/2026-06-08: /Users/korneev/Desktop/water-regime-gis/outputs/imagery/sp/SP_4_17/2026-06-08/sentinel_true_color.tif
SKIP sp/SP_4_17/2026-06-09: /Users/korneev/Desktop/water-regime-gis/outputs/imagery/sp/SP_4_17/2026-06-09/sentinel_true_color.tif
SKIP sp/SP_4_17/2026-06-11: /Users/korneev/Desktop/water-regime-gis/outputs/imagery/sp/SP_4_17/2026-06-11/sentinel_true_color.tif
SKIP sp/SP_4_17/2026-07-14: /Users/korneev/Desktop/water-regime-gis/outputs/imagery/sp/SP_4_17/2026-07-14/sentinel_true_color.tif
SKIP sp/SP_4_17/2026-07-19: /Users/korneev/Desktop/water-regime-gis/outputs/imagery/sp/SP_4_17/2026-07-19/sentinel_true_color.tif
SKIP sp/SP_4_17/2026-07-28: /Users/korneev/Desktop/water-regime-gis/outputs/imagery/sp/SP_4_17/2026-07-28/sentinel_true_color.tif
SKIP sp/SP_4_17/2026-07-31: /Users/korneev/Desktop/water-regime-gis/outputs/imagery/sp/SP_4_17/2026-07-31/sentinel_true_color.tif
SKIP sp/SP_4_17/2026-08-10: /Users/korneev/Desktop/water-regime-gis/outputs/imagery/sp/SP_4_17/2026-08-10/sentinel_true_color.tif
SKIP sp/SP_4_18/2026-04-22: /Users/korneev/Desktop/water-regime-gis/outputs/imagery/sp/SP_4_18/2026-04-22/sentinel_true_color.tif
SKIP sp/SP_4_18/2026-05-05: /Users/korneev/Desktop/water-regime-gis/outputs/imagery/sp/SP_4_18/2026-05-05/sentinel_true_color.tif
SKIP sp/SP_4_18/2026-05-07: /Users/korneev/Desktop/water-regime-gis/outputs/imagery/sp/SP_4_18/2026-05-07/sentinel_true_color.tif
SKIP sp/SP_4_18/2026-05-17: /Users/korneev/Desktop/water-regime-gis/outputs/imagery/sp/SP_4_18/2026-05-17/sentinel_true_color.tif
SKIP sp/SP_4_18/2026-05-20: /Users/korneev/Desktop/water-regime-gis/outputs/imagery/sp/SP_4_18/2026-05-20/sentinel_true_color.tif
SKIP sp/SP_4_18/2026-05-22: /Users/korneev/Desktop/water-regime-gis/outputs/imagery/sp/SP_4_18/2026-05-22/sentinel_true_color.tif
SKIP sp/SP_4_18/2026-06-06: /Users/korneev/Desktop/water-regime-gis/outputs/imagery/sp/SP_4_18/2026-06-06/sentinel_true_color.tif
SKIP sp/SP_4_18/2026-06-08: /Users/korneev/Desktop/water-regime-gis/outputs/imagery/sp/SP_4_18/2026-06-08/sentinel_true_color.tif
SKIP sp/SP_4_18/2026-06-09: /Users/korneev/Desktop/water-regime-gis/outputs/imagery/sp/SP_4_18/2026-06-09/sentinel_true_color.tif
SKIP sp/SP_4_18/2026-06-11: /Users/korneev/Desktop/water-regime-gis/outputs/imagery/sp/SP_4_18/2026-06-11/sentinel_true_color.tif
SKIP sp/SP_4_18/2026-07-14: /Users/korneev/Desktop/water-regime-gis/outputs/imagery/sp/SP_4_18/2026-07-14/sentinel_true_color.tif
SKIP sp/SP_4_18/2026-07-19: /Users/korneev/Desktop/water-regime-gis/outputs/imagery/sp/SP_4_18/2026-07-19/sentinel_true_color.tif
SKIP sp/SP_4_18/2026-07-28: /Users/korneev/Desktop/water-regime-gis/outputs/imagery/sp/SP_4_18/2026-07-28/sentinel_true_color.tif
SKIP sp/SP_4_18/2026-07-31: /Users/korneev/Desktop/water-regime-gis/outputs/imagery/sp/SP_4_18/2026-07-31/sentinel_true_color.tif
SKIP sp/SP_4_18/2026-08-10: /Users/korneev/Desktop/water-regime-gis/outputs/imagery/sp/SP_4_18/2026-08-10/sentinel_true_color.tif
SKIP sp/SP_4_25/2026-04-22: /Users/korneev/Desktop/water-regime-gis/outputs/imagery/sp/SP_4_25/2026-04-22/sentinel_true_color.tif
SKIP sp/SP_4_25/2026-05-05: /Users/korneev/Desktop/water-regime-gis/outputs/imagery/sp/SP_4_25/2026-05-05/sentinel_true_color.tif
SKIP sp/SP_4_25/2026-05-07: /Users/korneev/Desktop/water-regime-gis/outputs/imagery/sp/SP_4_25/2026-05-07/sentinel_true_color.tif
SKIP sp/SP_4_25/2026-05-17: /Users/korneev/Desktop/water-regime-gis/outputs/imagery/sp/SP_4_25/2026-05-17/sentinel_true_color.tif
SKIP sp/SP_4_25/2026-05-20: /Users/korneev/Desktop/water-regime-gis/outputs/imagery/sp/SP_4_25/2026-05-20/sentinel_true_color.tif
SKIP sp/SP_4_25/2026-05-22: /Users/korneev/Desktop/water-regime-gis/outputs/imagery/sp/SP_4_25/2026-05-22/sentinel_true_color.tif
SKIP sp/SP_4_25/2026-06-06: /Users/korneev/Desktop/water-regime-gis/outputs/imagery/sp/SP_4_25/2026-06-06/sentinel_true_color.tif
SKIP sp/SP_4_25/2026-06-08: /Users/korneev/Desktop/water-regime-gis/outputs/imagery/sp/SP_4_25/2026-06-08/sentinel_true_color.tif
SKIP sp/SP_4_25/2026-06-09: /Users/korneev/Desktop/water-regime-gis/outputs/imagery/sp/SP_4_25/2026-06-09/sentinel_true_color.tif
SKIP sp/SP_4_25/2026-06-11: /Users/korneev/Desktop/water-regime-gis/outputs/imagery/sp/SP_4_25/2026-06-11/sentinel_true_color.tif
SKIP sp/SP_4_25/2026-07-14: /Users/korneev/Desktop/water-regime-gis/outputs/imagery/sp/SP_4_25/2026-07-14/sentinel_true_color.tif
SKIP sp/SP_4_25/2026-07-19: /Users/korneev/Desktop/water-regime-gis/outputs/imagery/sp/SP_4_25/2026-07-19/sentinel_true_color.tif
SKIP sp/SP_4_25/2026-07-28: /Users/korneev/Desktop/water-regime-gis/outputs/imagery/sp/SP_4_25/2026-07-28/sentinel_true_color.tif
SKIP sp/SP_4_25/2026-07-31: /Users/korneev/Desktop/water-regime-gis/outputs/imagery/sp/SP_4_25/2026-07-31/sentinel_true_color.tif
SKIP sp/SP_4_25/2026-08-10: /Users/korneev/Desktop/water-regime-gis/outputs/imagery/sp/SP_4_25/2026-08-10/sentinel_true_color.tif
SKIP sp/SP_4_23/2026-04-22: /Users/korneev/Desktop/water-regime-gis/outputs/imagery/sp/SP_4_23/2026-04-22/sentinel_true_color.tif
SKIP sp/SP_4_23/2026-05-05: /Users/korneev/Desktop/water-regime-gis/outputs/imagery/sp/SP_4_23/2026-05-05/sentinel_true_color.tif
SKIP sp/SP_4_23/2026-05-07: /Users/korneev/Desktop/water-regime-gis/outputs/imagery/sp/SP_4_23/2026-05-07/sentinel_true_color.tif
SKIP sp/SP_4_23/2026-05-17: /Users/korneev/Desktop/water-regime-gis/outputs/imagery/sp/SP_4_23/2026-05-17/sentinel_true_color.tif
SKIP sp/SP_4_23/2026-05-20: /Users/korneev/Desktop/water-regime-gis/outputs/imagery/sp/SP_4_23/2026-05-20/sentinel_true_color.tif
SKIP sp/SP_4_23/2026-05-22: /Users/korneev/Desktop/water-regime-gis/outputs/imagery/sp/SP_4_23/2026-05-22/sentinel_true_color.tif
SKIP sp/SP_4_23/2026-06-06: /Users/korneev/Desktop/water-regime-gis/outputs/imagery/sp/SP_4_23/2026-06-06/sentinel_true_color.tif
SKIP sp/SP_4_23/2026-06-08: /Users/korneev/Desktop/water-regime-gis/outputs/imagery/sp/SP_4_23/2026-06-08/sentinel_true_color.tif
SKIP sp/SP_4_23/2026-06-09: /Users/korneev/Desktop/water-regime-gis/outputs/imagery/sp/SP_4_23/2026-06-09/sentinel_true_color.tif
SKIP sp/SP_4_23/2026-06-11: /Users/korneev/Desktop/water-regime-gis/outputs/imagery/sp/SP_4_23/2026-06-11/sentinel_true_color.tif
SKIP sp/SP_4_23/2026-07-14: /Users/korneev/Desktop/water-regime-gis/outputs/imagery/sp/SP_4_23/2026-07-14/sentinel_true_color.tif
SKIP sp/SP_4_23/2026-07-19: /Users/korneev/Desktop/water-regime-gis/outputs/imagery/sp/SP_4_23/2026-07-19/sentinel_true_color.tif
SKIP sp/SP_4_23/2026-07-28: /Users/korneev/Desktop/water-regime-gis/outputs/imagery/sp/SP_4_23/2026-07-28/sentinel_true_color.tif
SKIP sp/SP_4_23/2026-07-31: /Users/korneev/Desktop/water-regime-gis/outputs/imagery/sp/SP_4_23/2026-07-31/sentinel_true_color.tif
SKIP sp/SP_4_23/2026-08-10: /Users/korneev/Desktop/water-regime-gis/outputs/imagery/sp/SP_4_23/2026-08-10/sentinel_true_color.tif
SKIP sp/SP_4_19/2026-04-22: /Users/korneev/Desktop/water-regime-gis/outputs/imagery/sp/SP_4_19/2026-04-22/sentinel_true_color.tif
SKIP sp/SP_4_19/2026-05-05: /Users/korneev/Desktop/water-regime-gis/outputs/imagery/sp/SP_4_19/2026-05-05/sentinel_true_color.tif
SKIP sp/SP_4_19/2026-05-07: /Users/korneev/Desktop/water-regime-gis/outputs/imagery/sp/SP_4_19/2026-05-07/sentinel_true_color.tif
SKIP sp/SP_4_19/2026-05-17: /Users/korneev/Desktop/water-regime-gis/outputs/imagery/sp/SP_4_19/2026-05-17/sentinel_true_color.tif
SKIP sp/SP_4_19/2026-05-20: /Users/korneev/Desktop/water-regime-gis/outputs/imagery/sp/SP_4_19/2026-05-20/sentinel_true_color.tif
SKIP sp/SP_4_19/2026-05-22: /Users/korneev/Desktop/water-regime-gis/outputs/imagery/sp/SP_4_19/2026-05-22/sentinel_true_color.tif
SKIP sp/SP_4_19/2026-06-06: /Users/korneev/Desktop/water-regime-gis/outputs/imagery/sp/SP_4_19/2026-06-06/sentinel_true_color.tif
SKIP sp/SP_4_19/2026-06-08: /Users/korneev/Desktop/water-regime-gis/outputs/imagery/sp/SP_4_19/2026-06-08/sentinel_true_color.tif
SKIP sp/SP_4_19/2026-06-09: /Users/korneev/Desktop/water-regime-gis/outputs/imagery/sp/SP_4_19/2026-06-09/sentinel_true_color.tif
SKIP sp/SP_4_19/2026-06-11: /Users/korneev/Desktop/water-regime-gis/outputs/imagery/sp/SP_4_19/2026-06-11/sentinel_true_color.tif
SKIP sp/SP_4_19/2026-07-14: /Users/korneev/Desktop/water-regime-gis/outputs/imagery/sp/SP_4_19/2026-07-14/sentinel_true_color.tif
SKIP sp/SP_4_19/2026-07-19: /Users/korneev/Desktop/water-regime-gis/outputs/imagery/sp/SP_4_19/2026-07-19/sentinel_true_color.tif
SKIP sp/SP_4_19/2026-07-28: /Users/korneev/Desktop/water-regime-gis/outputs/imagery/sp/SP_4_19/2026-07-28/sentinel_true_color.tif
SKIP sp/SP_4_19/2026-07-31: /Users/korneev/Desktop/water-regime-gis/outputs/imagery/sp/SP_4_19/2026-07-31/sentinel_true_color.tif
SKIP sp/SP_4_19/2026-08-10: /Users/korneev/Desktop/water-regime-gis/outputs/imagery/sp/SP_4_19/2026-08-10/sentinel_true_color.tif
SKIP sp/SP_4_20/2026-04-22: /Users/korneev/Desktop/water-regime-gis/outputs/imagery/sp/SP_4_20/2026-04-22/sentinel_true_color.tif
SKIP sp/SP_4_20/2026-05-05: /Users/korneev/Desktop/water-regime-gis/outputs/imagery/sp/SP_4_20/2026-05-05/sentinel_true_color.tif
SKIP sp/SP_4_20/2026-05-07: /Users/korneev/Desktop/water-regime-gis/outputs/imagery/sp/SP_4_20/2026-05-07/sentinel_true_color.tif
SKIP sp/SP_4_20/2026-05-17: /Users/korneev/Desktop/water-regime-gis/outputs/imagery/sp/SP_4_20/2026-05-17/sentinel_true_color.tif
SKIP sp/SP_4_20/2026-05-20: /Users/korneev/Desktop/water-regime-gis/outputs/imagery/sp/SP_4_20/2026-05-20/sentinel_true_color.tif
SKIP sp/SP_4_20/2026-05-22: /Users/korneev/Desktop/water-regime-gis/outputs/imagery/sp/SP_4_20/2026-05-22/sentinel_true_color.tif
SKIP sp/SP_4_20/2026-06-06: /Users/korneev/Desktop/water-regime-gis/outputs/imagery/sp/SP_4_20/2026-06-06/sentinel_true_color.tif
SKIP sp/SP_4_20/2026-06-08: /Users/korneev/Desktop/water-regime-gis/outputs/imagery/sp/SP_4_20/2026-06-08/sentinel_true_color.tif
SKIP sp/SP_4_20/2026-06-09: /Users/korneev/Desktop/water-regime-gis/outputs/imagery/sp/SP_4_20/2026-06-09/sentinel_true_color.tif
SKIP sp/SP_4_20/2026-06-11: /Users/korneev/Desktop/water-regime-gis/outputs/imagery/sp/SP_4_20/2026-06-11/sentinel_true_color.tif
SKIP sp/SP_4_20/2026-07-14: /Users/korneev/Desktop/water-regime-gis/outputs/imagery/sp/SP_4_20/2026-07-14/sentinel_true_color.tif
SKIP sp/SP_4_20/2026-07-19: /Users/korneev/Desktop/water-regime-gis/outputs/imagery/sp/SP_4_20/2026-07-19/sentinel_true_color.tif
SKIP sp/SP_4_20/2026-07-28: /Users/korneev/Desktop/water-regime-gis/outputs/imagery/sp/SP_4_20/2026-07-28/sentinel_true_color.tif
SKIP sp/SP_4_20/2026-07-31: /Users/korneev/Desktop/water-regime-gis/outputs/imagery/sp/SP_4_20/2026-07-31/sentinel_true_color.tif
SKIP sp/SP_4_20/2026-08-10: /Users/korneev/Desktop/water-regime-gis/outputs/imagery/sp/SP_4_20/2026-08-10/sentinel_true_color.tif
SKIP sp/SP_4_21/2026-04-22: /Users/korneev/Desktop/water-regime-gis/outputs/imagery/sp/SP_4_21/2026-04-22/sentinel_true_color.tif
SKIP sp/SP_4_21/2026-05-05: /Users/korneev/Desktop/water-regime-gis/outputs/imagery/sp/SP_4_21/2026-05-05/sentinel_true_color.tif
SKIP sp/SP_4_21/2026-05-07: /Users/korneev/Desktop/water-regime-gis/outputs/imagery/sp/SP_4_21/2026-05-07/sentinel_true_color.tif
SKIP sp/SP_4_21/2026-05-17: /Users/korneev/Desktop/water-regime-gis/outputs/imagery/sp/SP_4_21/2026-05-17/sentinel_true_color.tif
SKIP sp/SP_4_21/2026-05-20: /Users/korneev/Desktop/water-regime-gis/outputs/imagery/sp/SP_4_21/2026-05-20/sentinel_true_color.tif
SKIP sp/SP_4_21/2026-05-22: /Users/korneev/Desktop/water-regime-gis/outputs/imagery/sp/SP_4_21/2026-05-22/sentinel_true_color.tif
SKIP sp/SP_4_21/2026-06-06: /Users/korneev/Desktop/water-regime-gis/outputs/imagery/sp/SP_4_21/2026-06-06/sentinel_true_color.tif
SKIP sp/SP_4_21/2026-06-08: /Users/korneev/Desktop/water-regime-gis/outputs/imagery/sp/SP_4_21/2026-06-08/sentinel_true_color.tif
SKIP sp/SP_4_21/2026-06-09: /Users/korneev/Desktop/water-regime-gis/outputs/imagery/sp/SP_4_21/2026-06-09/sentinel_true_color.tif
SKIP sp/SP_4_21/2026-06-11: /Users/korneev/Desktop/water-regime-gis/outputs/imagery/sp/SP_4_21/2026-06-11/sentinel_true_color.tif
SKIP sp/SP_4_21/2026-07-14: /Users/korneev/Desktop/water-regime-gis/outputs/imagery/sp/SP_4_21/2026-07-14/sentinel_true_color.tif
SKIP sp/SP_4_21/2026-07-19: /Users/korneev/Desktop/water-regime-gis/outputs/imagery/sp/SP_4_21/2026-07-19/sentinel_true_color.tif
SKIP sp/SP_4_21/2026-07-28: /Users/korneev/Desktop/water-regime-gis/outputs/imagery/sp/SP_4_21/2026-07-28/sentinel_true_color.tif
SKIP sp/SP_4_21/2026-07-31: /Users/korneev/Desktop/water-regime-gis/outputs/imagery/sp/SP_4_21/2026-07-31/sentinel_true_color.tif
SKIP sp/SP_4_21/2026-08-10: /Users/korneev/Desktop/water-regime-gis/outputs/imagery/sp/SP_4_21/2026-08-10/sentinel_true_color.tif
SKIP sp/SP_4_22/2026-04-22: /Users/korneev/Desktop/water-regime-gis/outputs/imagery/sp/SP_4_22/2026-04-22/sentinel_true_color.tif
SKIP sp/SP_4_22/2026-05-05: /Users/korneev/Desktop/water-regime-gis/outputs/imagery/sp/SP_4_22/2026-05-05/sentinel_true_color.tif
SKIP sp/SP_4_22/2026-05-07: /Users/korneev/Desktop/water-regime-gis/outputs/imagery/sp/SP_4_22/2026-05-07/sentinel_true_color.tif
SKIP sp/SP_4_22/2026-05-17: /Users/korneev/Desktop/water-regime-gis/outputs/imagery/sp/SP_4_22/2026-05-17/sentinel_true_color.tif
SKIP sp/SP_4_22/2026-05-20: /Users/korneev/Desktop/water-regime-gis/outputs/imagery/sp/SP_4_22/2026-05-20/sentinel_true_color.tif
SKIP sp/SP_4_22/2026-05-22: /Users/korneev/Desktop/water-regime-gis/outputs/imagery/sp/SP_4_22/2026-05-22/sentinel_true_color.tif
SKIP sp/SP_4_22/2026-06-06: /Users/korneev/Desktop/water-regime-gis/outputs/imagery/sp/SP_4_22/2026-06-06/sentinel_true_color.tif
SKIP sp/SP_4_22/2026-06-08: /Users/korneev/Desktop/water-regime-gis/outputs/imagery/sp/SP_4_22/2026-06-08/sentinel_true_color.tif
SKIP sp/SP_4_22/2026-06-09: /Users/korneev/Desktop/water-regime-gis/outputs/imagery/sp/SP_4_22/2026-06-09/sentinel_true_color.tif
SKIP sp/SP_4_22/2026-06-11: /Users/korneev/Desktop/water-regime-gis/outputs/imagery/sp/SP_4_22/2026-06-11/sentinel_true_color.tif
SKIP sp/SP_4_22/2026-07-14: /Users/korneev/Desktop/water-regime-gis/outputs/imagery/sp/SP_4_22/2026-07-14/sentinel_true_color.tif
SKIP sp/SP_4_22/2026-07-19: /Users/korneev/Desktop/water-regime-gis/outputs/imagery/sp/SP_4_22/2026-07-19/sentinel_true_color.tif
SKIP sp/SP_4_22/2026-07-28: /Users/korneev/Desktop/water-regime-gis/outputs/imagery/sp/SP_4_22/2026-07-28/sentinel_true_color.tif
SKIP sp/SP_4_22/2026-07-31: /Users/korneev/Desktop/water-regime-gis/outputs/imagery/sp/SP_4_22/2026-07-31/sentinel_true_color.tif
SKIP sp/SP_4_22/2026-08-10: /Users/korneev/Desktop/water-regime-gis/outputs/imagery/sp/SP_4_22/2026-08-10/sentinel_true_color.tif
SKIP sp/SP_4_24/2026-04-22: /Users/korneev/Desktop/water-regime-gis/outputs/imagery/sp/SP_4_24/2026-04-22/sentinel_true_color.tif
SKIP sp/SP_4_24/2026-05-05: /Users/korneev/Desktop/water-regime-gis/outputs/imagery/sp/SP_4_24/2026-05-05/sentinel_true_color.tif
SKIP sp/SP_4_24/2026-05-07: /Users/korneev/Desktop/water-regime-gis/outputs/imagery/sp/SP_4_24/2026-05-07/sentinel_true_color.tif
SKIP sp/SP_4_24/2026-05-17: /Users/korneev/Desktop/water-regime-gis/outputs/imagery/sp/SP_4_24/2026-05-17/sentinel_true_color.tif
SKIP sp/SP_4_24/2026-05-20: /Users/korneev/Desktop/water-regime-gis/outputs/imagery/sp/SP_4_24/2026-05-20/sentinel_true_color.tif
SKIP sp/SP_4_24/2026-05-22: /Users/korneev/Desktop/water-regime-gis/outputs/imagery/sp/SP_4_24/2026-05-22/sentinel_true_color.tif
SKIP sp/SP_4_24/2026-06-06: /Users/korneev/Desktop/water-regime-gis/outputs/imagery/sp/SP_4_24/2026-06-06/sentinel_true_color.tif
SKIP sp/SP_4_24/2026-06-08: /Users/korneev/Desktop/water-regime-gis/outputs/imagery/sp/SP_4_24/2026-06-08/sentinel_true_color.tif
SKIP sp/SP_4_24/2026-06-09: /Users/korneev/Desktop/water-regime-gis/outputs/imagery/sp/SP_4_24/2026-06-09/sentinel_true_color.tif
SKIP sp/SP_4_24/2026-06-11: /Users/korneev/Desktop/water-regime-gis/outputs/imagery/sp/SP_4_24/2026-06-11/sentinel_true_color.tif
SKIP sp/SP_4_24/2026-07-14: /Users/korneev/Desktop/water-regime-gis/outputs/imagery/sp/SP_4_24/2026-07-14/sentinel_true_color.tif
SKIP sp/SP_4_24/2026-07-19: /Users/korneev/Desktop/water-regime-gis/outputs/imagery/sp/SP_4_24/2026-07-19/sentinel_true_color.tif
SKIP sp/SP_4_24/2026-07-28: /Users/korneev/Desktop/water-regime-gis/outputs/imagery/sp/SP_4_24/2026-07-28/sentinel_true_color.tif
SKIP sp/SP_4_24/2026-07-31: /Users/korneev/Desktop/water-regime-gis/outputs/imagery/sp/SP_4_24/2026-07-31/sentinel_true_color.tif
SKIP sp/SP_4_24/2026-08-10: /Users/korneev/Desktop/water-regime-gis/outputs/imagery/sp/SP_4_24/2026-08-10/sentinel_true_color.tif
SKIP sp/SP_4_5/2026-04-22: /Users/korneev/Desktop/water-regime-gis/outputs/imagery/sp/SP_4_5/2026-04-22/sentinel_true_color.tif
SKIP sp/SP_4_5/2026-05-05: /Users/korneev/Desktop/water-regime-gis/outputs/imagery/sp/SP_4_5/2026-05-05/sentinel_true_color.tif
SKIP sp/SP_4_5/2026-05-07: /Users/korneev/Desktop/water-regime-gis/outputs/imagery/sp/SP_4_5/2026-05-07/sentinel_true_color.tif
SKIP sp/SP_4_5/2026-05-17: /Users/korneev/Desktop/water-regime-gis/outputs/imagery/sp/SP_4_5/2026-05-17/sentinel_true_color.tif
SKIP sp/SP_4_5/2026-05-20: /Users/korneev/Desktop/water-regime-gis/outputs/imagery/sp/SP_4_5/2026-05-20/sentinel_true_color.tif
SKIP sp/SP_4_5/2026-05-22: /Users/korneev/Desktop/water-regime-gis/outputs/imagery/sp/SP_4_5/2026-05-22/sentinel_true_color.tif
SKIP sp/SP_4_5/2026-06-06: /Users/korneev/Desktop/water-regime-gis/outputs/imagery/sp/SP_4_5/2026-06-06/sentinel_true_color.tif
SKIP sp/SP_4_5/2026-06-08: /Users/korneev/Desktop/water-regime-gis/outputs/imagery/sp/SP_4_5/2026-06-08/sentinel_true_color.tif
SKIP sp/SP_4_5/2026-06-09: /Users/korneev/Desktop/water-regime-gis/outputs/imagery/sp/SP_4_5/2026-06-09/sentinel_true_color.tif
SKIP sp/SP_4_5/2026-06-11: /Users/korneev/Desktop/water-regime-gis/outputs/imagery/sp/SP_4_5/2026-06-11/sentinel_true_color.tif
SKIP sp/SP_4_5/2026-07-14: /Users/korneev/Desktop/water-regime-gis/outputs/imagery/sp/SP_4_5/2026-07-14/sentinel_true_color.tif
SKIP sp/SP_4_5/2026-07-19: /Users/korneev/Desktop/water-regime-gis/outputs/imagery/sp/SP_4_5/2026-07-19/sentinel_true_color.tif
SKIP sp/SP_4_5/2026-07-28: /Users/korneev/Desktop/water-regime-gis/outputs/imagery/sp/SP_4_5/2026-07-28/sentinel_true_color.tif
SKIP sp/SP_4_5/2026-07-31: /Users/korneev/Desktop/water-regime-gis/outputs/imagery/sp/SP_4_5/2026-07-31/sentinel_true_color.tif
SKIP sp/SP_4_5/2026-08-10: /Users/korneev/Desktop/water-regime-gis/outputs/imagery/sp/SP_4_5/2026-08-10/sentinel_true_color.tif
SKIP sp/SP_4_4/2026-04-22: /Users/korneev/Desktop/water-regime-gis/outputs/imagery/sp/SP_4_4/2026-04-22/sentinel_true_color.tif
SKIP sp/SP_4_4/2026-05-05: /Users/korneev/Desktop/water-regime-gis/outputs/imagery/sp/SP_4_4/2026-05-05/sentinel_true_color.tif
SKIP sp/SP_4_4/2026-05-07: /Users/korneev/Desktop/water-regime-gis/outputs/imagery/sp/SP_4_4/2026-05-07/sentinel_true_color.tif
SKIP sp/SP_4_4/2026-05-17: /Users/korneev/Desktop/water-regime-gis/outputs/imagery/sp/SP_4_4/2026-05-17/sentinel_true_color.tif
SKIP sp/SP_4_4/2026-05-20: /Users/korneev/Desktop/water-regime-gis/outputs/imagery/sp/SP_4_4/2026-05-20/sentinel_true_color.tif
SKIP sp/SP_4_4/2026-05-22: /Users/korneev/Desktop/water-regime-gis/outputs/imagery/sp/SP_4_4/2026-05-22/sentinel_true_color.tif
SKIP sp/SP_4_4/2026-06-06: /Users/korneev/Desktop/water-regime-gis/outputs/imagery/sp/SP_4_4/2026-06-06/sentinel_true_color.tif
SKIP sp/SP_4_4/2026-06-08: /Users/korneev/Desktop/water-regime-gis/outputs/imagery/sp/SP_4_4/2026-06-08/sentinel_true_color.tif
SKIP sp/SP_4_4/2026-06-09: /Users/korneev/Desktop/water-regime-gis/outputs/imagery/sp/SP_4_4/2026-06-09/sentinel_true_color.tif
SKIP sp/SP_4_4/2026-06-11: /Users/korneev/Desktop/water-regime-gis/outputs/imagery/sp/SP_4_4/2026-06-11/sentinel_true_color.tif
SKIP sp/SP_4_4/2026-07-14: /Users/korneev/Desktop/water-regime-gis/outputs/imagery/sp/SP_4_4/2026-07-14/sentinel_true_color.tif
SKIP sp/SP_4_4/2026-07-19: /Users/korneev/Desktop/water-regime-gis/outputs/imagery/sp/SP_4_4/2026-07-19/sentinel_true_color.tif
SKIP sp/SP_4_4/2026-07-28: /Users/korneev/Desktop/water-regime-gis/outputs/imagery/sp/SP_4_4/2026-07-28/sentinel_true_color.tif
SKIP sp/SP_4_4/2026-07-31: /Users/korneev/Desktop/water-regime-gis/outputs/imagery/sp/SP_4_4/2026-07-31/sentinel_true_color.tif
SKIP sp/SP_4_4/2026-08-10: /Users/korneev/Desktop/water-regime-gis/outputs/imagery/sp/SP_4_4/2026-08-10/sentinel_true_color.tif
SKIP sp/SP_4_6/2026-04-22: /Users/korneev/Desktop/water-regime-gis/outputs/imagery/sp/SP_4_6/2026-04-22/sentinel_true_color.tif
SKIP sp/SP_4_6/2026-05-05: /Users/korneev/Desktop/water-regime-gis/outputs/imagery/sp/SP_4_6/2026-05-05/sentinel_true_color.tif
SKIP sp/SP_4_6/2026-05-07: /Users/korneev/Desktop/water-regime-gis/outputs/imagery/sp/SP_4_6/2026-05-07/sentinel_true_color.tif
SKIP sp/SP_4_6/2026-05-17: /Users/korneev/Desktop/water-regime-gis/outputs/imagery/sp/SP_4_6/2026-05-17/sentinel_true_color.tif
SKIP sp/SP_4_6/2026-05-20: /Users/korneev/Desktop/water-regime-gis/outputs/imagery/sp/SP_4_6/2026-05-20/sentinel_true_color.tif
SKIP sp/SP_4_6/2026-05-22: /Users/korneev/Desktop/water-regime-gis/outputs/imagery/sp/SP_4_6/2026-05-22/sentinel_true_color.tif
SKIP sp/SP_4_6/2026-06-06: /Users/korneev/Desktop/water-regime-gis/outputs/imagery/sp/SP_4_6/2026-06-06/sentinel_true_color.tif
SKIP sp/SP_4_6/2026-06-08: /Users/korneev/Desktop/water-regime-gis/outputs/imagery/sp/SP_4_6/2026-06-08/sentinel_true_color.tif
SKIP sp/SP_4_6/2026-06-09: /Users/korneev/Desktop/water-regime-gis/outputs/imagery/sp/SP_4_6/2026-06-09/sentinel_true_color.tif
SKIP sp/SP_4_6/2026-06-11: /Users/korneev/Desktop/water-regime-gis/outputs/imagery/sp/SP_4_6/2026-06-11/sentinel_true_color.tif
SKIP sp/SP_4_6/2026-07-14: /Users/korneev/Desktop/water-regime-gis/outputs/imagery/sp/SP_4_6/2026-07-14/sentinel_true_color.tif
SKIP sp/SP_4_6/2026-07-19: /Users/korneev/Desktop/water-regime-gis/outputs/imagery/sp/SP_4_6/2026-07-19/sentinel_true_color.tif
SKIP sp/SP_4_6/2026-07-28: /Users/korneev/Desktop/water-regime-gis/outputs/imagery/sp/SP_4_6/2026-07-28/sentinel_true_color.tif
SKIP sp/SP_4_6/2026-07-31: /Users/korneev/Desktop/water-regime-gis/outputs/imagery/sp/SP_4_6/2026-07-31/sentinel_true_color.tif
SKIP sp/SP_4_6/2026-08-10: /Users/korneev/Desktop/water-regime-gis/outputs/imagery/sp/SP_4_6/2026-08-10/sentinel_true_color.tif
SKIP sp/SP_4_3/2026-04-22: /Users/korneev/Desktop/water-regime-gis/outputs/imagery/sp/SP_4_3/2026-04-22/sentinel_true_color.tif
SKIP sp/SP_4_3/2026-05-05: /Users/korneev/Desktop/water-regime-gis/outputs/imagery/sp/SP_4_3/2026-05-05/sentinel_true_color.tif
SKIP sp/SP_4_3/2026-05-07: /Users/korneev/Desktop/water-regime-gis/outputs/imagery/sp/SP_4_3/2026-05-07/sentinel_true_color.tif
SKIP sp/SP_4_3/2026-05-17: /Users/korneev/Desktop/water-regime-gis/outputs/imagery/sp/SP_4_3/2026-05-17/sentinel_true_color.tif
SKIP sp/SP_4_3/2026-05-20: /Users/korneev/Desktop/water-regime-gis/outputs/imagery/sp/SP_4_3/2026-05-20/sentinel_true_color.tif
SKIP sp/SP_4_3/2026-05-22: /Users/korneev/Desktop/water-regime-gis/outputs/imagery/sp/SP_4_3/2026-05-22/sentinel_true_color.tif
SKIP sp/SP_4_3/2026-06-06: /Users/korneev/Desktop/water-regime-gis/outputs/imagery/sp/SP_4_3/2026-06-06/sentinel_true_color.tif
SKIP sp/SP_4_3/2026-06-08: /Users/korneev/Desktop/water-regime-gis/outputs/imagery/sp/SP_4_3/2026-06-08/sentinel_true_color.tif
SKIP sp/SP_4_3/2026-06-09: /Users/korneev/Desktop/water-regime-gis/outputs/imagery/sp/SP_4_3/2026-06-09/sentinel_true_color.tif
SKIP sp/SP_4_3/2026-06-11: /Users/korneev/Desktop/water-regime-gis/outputs/imagery/sp/SP_4_3/2026-06-11/sentinel_true_color.tif
SKIP sp/SP_4_3/2026-07-14: /Users/korneev/Desktop/water-regime-gis/outputs/imagery/sp/SP_4_3/2026-07-14/sentinel_true_color.tif
SKIP sp/SP_4_3/2026-07-19: /Users/korneev/Desktop/water-regime-gis/outputs/imagery/sp/SP_4_3/2026-07-19/sentinel_true_color.tif
SKIP sp/SP_4_3/2026-07-28: /Users/korneev/Desktop/water-regime-gis/outputs/imagery/sp/SP_4_3/2026-07-28/sentinel_true_color.tif
SKIP sp/SP_4_3/2026-07-31: /Users/korneev/Desktop/water-regime-gis/outputs/imagery/sp/SP_4_3/2026-07-31/sentinel_true_color.tif
SKIP sp/SP_4_3/2026-08-10: /Users/korneev/Desktop/water-regime-gis/outputs/imagery/sp/SP_4_3/2026-08-10/sentinel_true_color.tif
SKIP sp/SP_4_7_fid_20/2026-04-22: /Users/korneev/Desktop/water-regime-gis/outputs/imagery/sp/SP_4_7_fid_20/2026-04-22/sentinel_true_color.tif
SKIP sp/SP_4_7_fid_20/2026-05-05: /Users/korneev/Desktop/water-regime-gis/outputs/imagery/sp/SP_4_7_fid_20/2026-05-05/sentinel_true_color.tif
SKIP sp/SP_4_7_fid_20/2026-05-07: /Users/korneev/Desktop/water-regime-gis/outputs/imagery/sp/SP_4_7_fid_20/2026-05-07/sentinel_true_color.tif
SKIP sp/SP_4_7_fid_20/2026-05-17: /Users/korneev/Desktop/water-regime-gis/outputs/imagery/sp/SP_4_7_fid_20/2026-05-17/sentinel_true_color.tif
SKIP sp/SP_4_7_fid_20/2026-05-20: /Users/korneev/Desktop/water-regime-gis/outputs/imagery/sp/SP_4_7_fid_20/2026-05-20/sentinel_true_color.tif
SKIP sp/SP_4_7_fid_20/2026-05-22: /Users/korneev/Desktop/water-regime-gis/outputs/imagery/sp/SP_4_7_fid_20/2026-05-22/sentinel_true_color.tif
SKIP sp/SP_4_7_fid_20/2026-06-06: /Users/korneev/Desktop/water-regime-gis/outputs/imagery/sp/SP_4_7_fid_20/2026-06-06/sentinel_true_color.tif
SKIP sp/SP_4_7_fid_20/2026-06-08: /Users/korneev/Desktop/water-regime-gis/outputs/imagery/sp/SP_4_7_fid_20/2026-06-08/sentinel_true_color.tif
SKIP sp/SP_4_7_fid_20/2026-06-09: /Users/korneev/Desktop/water-regime-gis/outputs/imagery/sp/SP_4_7_fid_20/2026-06-09/sentinel_true_color.tif
SKIP sp/SP_4_7_fid_20/2026-06-11: /Users/korneev/Desktop/water-regime-gis/outputs/imagery/sp/SP_4_7_fid_20/2026-06-11/sentinel_true_color.tif
SKIP sp/SP_4_7_fid_20/2026-07-14: /Users/korneev/Desktop/water-regime-gis/outputs/imagery/sp/SP_4_7_fid_20/2026-07-14/sentinel_true_color.tif
SKIP sp/SP_4_7_fid_20/2026-07-19: /Users/korneev/Desktop/water-regime-gis/outputs/imagery/sp/SP_4_7_fid_20/2026-07-19/sentinel_true_color.tif
SKIP sp/SP_4_7_fid_20/2026-07-28: /Users/korneev/Desktop/water-regime-gis/outputs/imagery/sp/SP_4_7_fid_20/2026-07-28/sentinel_true_color.tif
SKIP sp/SP_4_7_fid_20/2026-07-31: /Users/korneev/Desktop/water-regime-gis/outputs/imagery/sp/SP_4_7_fid_20/2026-07-31/sentinel_true_color.tif
SKIP sp/SP_4_7_fid_20/2026-08-10: /Users/korneev/Desktop/water-regime-gis/outputs/imagery/sp/SP_4_7_fid_20/2026-08-10/sentinel_true_color.tif
SKIP sp/SP_4_2/2026-04-22: /Users/korneev/Desktop/water-regime-gis/outputs/imagery/sp/SP_4_2/2026-04-22/sentinel_true_color.tif
SKIP sp/SP_4_2/2026-05-05: /Users/korneev/Desktop/water-regime-gis/outputs/imagery/sp/SP_4_2/2026-05-05/sentinel_true_color.tif
SKIP sp/SP_4_2/2026-05-07: /Users/korneev/Desktop/water-regime-gis/outputs/imagery/sp/SP_4_2/2026-05-07/sentinel_true_color.tif
SKIP sp/SP_4_2/2026-05-17: /Users/korneev/Desktop/water-regime-gis/outputs/imagery/sp/SP_4_2/2026-05-17/sentinel_true_color.tif
SKIP sp/SP_4_2/2026-05-20: /Users/korneev/Desktop/water-regime-gis/outputs/imagery/sp/SP_4_2/2026-05-20/sentinel_true_color.tif
SKIP sp/SP_4_2/2026-05-22: /Users/korneev/Desktop/water-regime-gis/outputs/imagery/sp/SP_4_2/2026-05-22/sentinel_true_color.tif
SKIP sp/SP_4_2/2026-06-06: /Users/korneev/Desktop/water-regime-gis/outputs/imagery/sp/SP_4_2/2026-06-06/sentinel_true_color.tif
SKIP sp/SP_4_2/2026-06-08: /Users/korneev/Desktop/water-regime-gis/outputs/imagery/sp/SP_4_2/2026-06-08/sentinel_true_color.tif
SKIP sp/SP_4_2/2026-06-09: /Users/korneev/Desktop/water-regime-gis/outputs/imagery/sp/SP_4_2/2026-06-09/sentinel_true_color.tif
SKIP sp/SP_4_2/2026-06-11: /Users/korneev/Desktop/water-regime-gis/outputs/imagery/sp/SP_4_2/2026-06-11/sentinel_true_color.tif
SKIP sp/SP_4_2/2026-07-14: /Users/korneev/Desktop/water-regime-gis/outputs/imagery/sp/SP_4_2/2026-07-14/sentinel_true_color.tif
SKIP sp/SP_4_2/2026-07-19: /Users/korneev/Desktop/water-regime-gis/outputs/imagery/sp/SP_4_2/2026-07-19/sentinel_true_color.tif
SKIP sp/SP_4_2/2026-07-28: /Users/korneev/Desktop/water-regime-gis/outputs/imagery/sp/SP_4_2/2026-07-28/sentinel_true_color.tif
SKIP sp/SP_4_2/2026-07-31: /Users/korneev/Desktop/water-regime-gis/outputs/imagery/sp/SP_4_2/2026-07-31/sentinel_true_color.tif
SKIP sp/SP_4_2/2026-08-10: /Users/korneev/Desktop/water-regime-gis/outputs/imagery/sp/SP_4_2/2026-08-10/sentinel_true_color.tif
SKIP sp/SP_4_1/2026-04-22: /Users/korneev/Desktop/water-regime-gis/outputs/imagery/sp/SP_4_1/2026-04-22/sentinel_true_color.tif
SKIP sp/SP_4_1/2026-05-05: /Users/korneev/Desktop/water-regime-gis/outputs/imagery/sp/SP_4_1/2026-05-05/sentinel_true_color.tif
SKIP sp/SP_4_1/2026-05-07: /Users/korneev/Desktop/water-regime-gis/outputs/imagery/sp/SP_4_1/2026-05-07/sentinel_true_color.tif
SKIP sp/SP_4_1/2026-05-17: /Users/korneev/Desktop/water-regime-gis/outputs/imagery/sp/SP_4_1/2026-05-17/sentinel_true_color.tif
SKIP sp/SP_4_1/2026-05-20: /Users/korneev/Desktop/water-regime-gis/outputs/imagery/sp/SP_4_1/2026-05-20/sentinel_true_color.tif
SKIP sp/SP_4_1/2026-05-22: /Users/korneev/Desktop/water-regime-gis/outputs/imagery/sp/SP_4_1/2026-05-22/sentinel_true_color.tif
SKIP sp/SP_4_1/2026-06-06: /Users/korneev/Desktop/water-regime-gis/outputs/imagery/sp/SP_4_1/2026-06-06/sentinel_true_color.tif
SKIP sp/SP_4_1/2026-06-08: /Users/korneev/Desktop/water-regime-gis/outputs/imagery/sp/SP_4_1/2026-06-08/sentinel_true_color.tif
SKIP sp/SP_4_1/2026-06-09: /Users/korneev/Desktop/water-regime-gis/outputs/imagery/sp/SP_4_1/2026-06-09/sentinel_true_color.tif
SKIP sp/SP_4_1/2026-06-11: /Users/korneev/Desktop/water-regime-gis/outputs/imagery/sp/SP_4_1/2026-06-11/sentinel_true_color.tif
SKIP sp/SP_4_1/2026-07-14: /Users/korneev/Desktop/water-regime-gis/outputs/imagery/sp/SP_4_1/2026-07-14/sentinel_true_color.tif
SKIP sp/SP_4_1/2026-07-19: /Users/korneev/Desktop/water-regime-gis/outputs/imagery/sp/SP_4_1/2026-07-19/sentinel_true_color.tif
SKIP sp/SP_4_1/2026-07-28: /Users/korneev/Desktop/water-regime-gis/outputs/imagery/sp/SP_4_1/2026-07-28/sentinel_true_color.tif
SKIP sp/SP_4_1/2026-07-31: /Users/korneev/Desktop/water-regime-gis/outputs/imagery/sp/SP_4_1/2026-07-31/sentinel_true_color.tif
SKIP sp/SP_4_1/2026-08-10: /Users/korneev/Desktop/water-regime-gis/outputs/imagery/sp/SP_4_1/2026-08-10/sentinel_true_color.tif
SKIP sp/SP_7_15/2026-04-22: /Users/korneev/Desktop/water-regime-gis/outputs/imagery/sp/SP_7_15/2026-04-22/sentinel_true_color.tif
SKIP sp/SP_7_15/2026-05-05: /Users/korneev/Desktop/water-regime-gis/outputs/imagery/sp/SP_7_15/2026-05-05/sentinel_true_color.tif
SKIP sp/SP_7_15/2026-05-07: /Users/korneev/Desktop/water-regime-gis/outputs/imagery/sp/SP_7_15/2026-05-07/sentinel_true_color.tif
SKIP sp/SP_7_15/2026-05-17: /Users/korneev/Desktop/water-regime-gis/outputs/imagery/sp/SP_7_15/2026-05-17/sentinel_true_color.tif
SKIP sp/SP_7_15/2026-05-20: /Users/korneev/Desktop/water-regime-gis/outputs/imagery/sp/SP_7_15/2026-05-20/sentinel_true_color.tif
SKIP sp/SP_7_15/2026-05-22: /Users/korneev/Desktop/water-regime-gis/outputs/imagery/sp/SP_7_15/2026-05-22/sentinel_true_color.tif
SKIP sp/SP_7_15/2026-06-06: /Users/korneev/Desktop/water-regime-gis/outputs/imagery/sp/SP_7_15/2026-06-06/sentinel_true_color.tif
SKIP sp/SP_7_15/2026-06-08: /Users/korneev/Desktop/water-regime-gis/outputs/imagery/sp/SP_7_15/2026-06-08/sentinel_true_color.tif
SKIP sp/SP_7_15/2026-06-09: /Users/korneev/Desktop/water-regime-gis/outputs/imagery/sp/SP_7_15/2026-06-09/sentinel_true_color.tif
SKIP sp/SP_7_15/2026-06-11: /Users/korneev/Desktop/water-regime-gis/outputs/imagery/sp/SP_7_15/2026-06-11/sentinel_true_color.tif
SKIP sp/SP_7_15/2026-07-14: /Users/korneev/Desktop/water-regime-gis/outputs/imagery/sp/SP_7_15/2026-07-14/sentinel_true_color.tif
SKIP sp/SP_7_15/2026-07-19: /Users/korneev/Desktop/water-regime-gis/outputs/imagery/sp/SP_7_15/2026-07-19/sentinel_true_color.tif
SKIP sp/SP_7_15/2026-07-28: /Users/korneev/Desktop/water-regime-gis/outputs/imagery/sp/SP_7_15/2026-07-28/sentinel_true_color.tif
SKIP sp/SP_7_15/2026-07-31: /Users/korneev/Desktop/water-regime-gis/outputs/imagery/sp/SP_7_15/2026-07-31/sentinel_true_color.tif
SKIP sp/SP_7_15/2026-08-10: /Users/korneev/Desktop/water-regime-gis/outputs/imagery/sp/SP_7_15/2026-08-10/sentinel_true_color.tif
SKIP sp/SP_7_16/2026-04-22: /Users/korneev/Desktop/water-regime-gis/outputs/imagery/sp/SP_7_16/2026-04-22/sentinel_true_color.tif
SKIP sp/SP_7_16/2026-05-05: /Users/korneev/Desktop/water-regime-gis/outputs/imagery/sp/SP_7_16/2026-05-05/sentinel_true_color.tif
SKIP sp/SP_7_16/2026-05-07: /Users/korneev/Desktop/water-regime-gis/outputs/imagery/sp/SP_7_16/2026-05-07/sentinel_true_color.tif
SKIP sp/SP_7_16/2026-05-17: /Users/korneev/Desktop/water-regime-gis/outputs/imagery/sp/SP_7_16/2026-05-17/sentinel_true_color.tif
SKIP sp/SP_7_16/2026-05-20: /Users/korneev/Desktop/water-regime-gis/outputs/imagery/sp/SP_7_16/2026-05-20/sentinel_true_color.tif
SKIP sp/SP_7_16/2026-05-22: /Users/korneev/Desktop/water-regime-gis/outputs/imagery/sp/SP_7_16/2026-05-22/sentinel_true_color.tif
SKIP sp/SP_7_16/2026-06-06: /Users/korneev/Desktop/water-regime-gis/outputs/imagery/sp/SP_7_16/2026-06-06/sentinel_true_color.tif
SKIP sp/SP_7_16/2026-06-08: /Users/korneev/Desktop/water-regime-gis/outputs/imagery/sp/SP_7_16/2026-06-08/sentinel_true_color.tif
SKIP sp/SP_7_16/2026-06-09: /Users/korneev/Desktop/water-regime-gis/outputs/imagery/sp/SP_7_16/2026-06-09/sentinel_true_color.tif
SKIP sp/SP_7_16/2026-06-11: /Users/korneev/Desktop/water-regime-gis/outputs/imagery/sp/SP_7_16/2026-06-11/sentinel_true_color.tif
SKIP sp/SP_7_16/2026-07-14: /Users/korneev/Desktop/water-regime-gis/outputs/imagery/sp/SP_7_16/2026-07-14/sentinel_true_color.tif
SKIP sp/SP_7_16/2026-07-19: /Users/korneev/Desktop/water-regime-gis/outputs/imagery/sp/SP_7_16/2026-07-19/sentinel_true_color.tif
SKIP sp/SP_7_16/2026-07-28: /Users/korneev/Desktop/water-regime-gis/outputs/imagery/sp/SP_7_16/2026-07-28/sentinel_true_color.tif
SKIP sp/SP_7_16/2026-07-31: /Users/korneev/Desktop/water-regime-gis/outputs/imagery/sp/SP_7_16/2026-07-31/sentinel_true_color.tif
SKIP sp/SP_7_16/2026-08-10: /Users/korneev/Desktop/water-regime-gis/outputs/imagery/sp/SP_7_16/2026-08-10/sentinel_true_color.tif
SKIP sp/SP_7_13/2026-04-22: /Users/korneev/Desktop/water-regime-gis/outputs/imagery/sp/SP_7_13/2026-04-22/sentinel_true_color.tif
SKIP sp/SP_7_13/2026-05-05: /Users/korneev/Desktop/water-regime-gis/outputs/imagery/sp/SP_7_13/2026-05-05/sentinel_true_color.tif
SKIP sp/SP_7_13/2026-05-07: /Users/korneev/Desktop/water-regime-gis/outputs/imagery/sp/SP_7_13/2026-05-07/sentinel_true_color.tif
SKIP sp/SP_7_13/2026-05-17: /Users/korneev/Desktop/water-regime-gis/outputs/imagery/sp/SP_7_13/2026-05-17/sentinel_true_color.tif
SKIP sp/SP_7_13/2026-05-20: /Users/korneev/Desktop/water-regime-gis/outputs/imagery/sp/SP_7_13/2026-05-20/sentinel_true_color.tif
SKIP sp/SP_7_13/2026-05-22: /Users/korneev/Desktop/water-regime-gis/outputs/imagery/sp/SP_7_13/2026-05-22/sentinel_true_color.tif
SKIP sp/SP_7_13/2026-06-06: /Users/korneev/Desktop/water-regime-gis/outputs/imagery/sp/SP_7_13/2026-06-06/sentinel_true_color.tif
SKIP sp/SP_7_13/2026-06-08: /Users/korneev/Desktop/water-regime-gis/outputs/imagery/sp/SP_7_13/2026-06-08/sentinel_true_color.tif
SKIP sp/SP_7_13/2026-06-09: /Users/korneev/Desktop/water-regime-gis/outputs/imagery/sp/SP_7_13/2026-06-09/sentinel_true_color.tif
SKIP sp/SP_7_13/2026-06-11: /Users/korneev/Desktop/water-regime-gis/outputs/imagery/sp/SP_7_13/2026-06-11/sentinel_true_color.tif
SKIP sp/SP_7_13/2026-07-14: /Users/korneev/Desktop/water-regime-gis/outputs/imagery/sp/SP_7_13/2026-07-14/sentinel_true_color.tif
SKIP sp/SP_7_13/2026-07-19: /Users/korneev/Desktop/water-regime-gis/outputs/imagery/sp/SP_7_13/2026-07-19/sentinel_true_color.tif
SKIP sp/SP_7_13/2026-07-28: /Users/korneev/Desktop/water-regime-gis/outputs/imagery/sp/SP_7_13/2026-07-28/sentinel_true_color.tif
SKIP sp/SP_7_13/2026-07-31: /Users/korneev/Desktop/water-regime-gis/outputs/imagery/sp/SP_7_13/2026-07-31/sentinel_true_color.tif
SKIP sp/SP_7_13/2026-08-10: /Users/korneev/Desktop/water-regime-gis/outputs/imagery/sp/SP_7_13/2026-08-10/sentinel_true_color.tif
SKIP sp/SP_7_14/2026-04-22: /Users/korneev/Desktop/water-regime-gis/outputs/imagery/sp/SP_7_14/2026-04-22/sentinel_true_color.tif
SKIP sp/SP_7_14/2026-05-05: /Users/korneev/Desktop/water-regime-gis/outputs/imagery/sp/SP_7_14/2026-05-05/sentinel_true_color.tif
SKIP sp/SP_7_14/2026-05-07: /Users/korneev/Desktop/water-regime-gis/outputs/imagery/sp/SP_7_14/2026-05-07/sentinel_true_color.tif
SKIP sp/SP_7_14/2026-05-17: /Users/korneev/Desktop/water-regime-gis/outputs/imagery/sp/SP_7_14/2026-05-17/sentinel_true_color.tif
SKIP sp/SP_7_14/2026-05-20: /Users/korneev/Desktop/water-regime-gis/outputs/imagery/sp/SP_7_14/2026-05-20/sentinel_true_color.tif
SKIP sp/SP_7_14/2026-05-22: /Users/korneev/Desktop/water-regime-gis/outputs/imagery/sp/SP_7_14/2026-05-22/sentinel_true_color.tif
SKIP sp/SP_7_14/2026-06-06: /Users/korneev/Desktop/water-regime-gis/outputs/imagery/sp/SP_7_14/2026-06-06/sentinel_true_color.tif
SKIP sp/SP_7_14/2026-06-08: /Users/korneev/Desktop/water-regime-gis/outputs/imagery/sp/SP_7_14/2026-06-08/sentinel_true_color.tif
SKIP sp/SP_7_14/2026-06-09: /Users/korneev/Desktop/water-regime-gis/outputs/imagery/sp/SP_7_14/2026-06-09/sentinel_true_color.tif
SKIP sp/SP_7_14/2026-06-11: /Users/korneev/Desktop/water-regime-gis/outputs/imagery/sp/SP_7_14/2026-06-11/sentinel_true_color.tif
SKIP sp/SP_7_14/2026-07-14: /Users/korneev/Desktop/water-regime-gis/outputs/imagery/sp/SP_7_14/2026-07-14/sentinel_true_color.tif
SKIP sp/SP_7_14/2026-07-19: /Users/korneev/Desktop/water-regime-gis/outputs/imagery/sp/SP_7_14/2026-07-19/sentinel_true_color.tif
SKIP sp/SP_7_14/2026-07-28: /Users/korneev/Desktop/water-regime-gis/outputs/imagery/sp/SP_7_14/2026-07-28/sentinel_true_color.tif
SKIP sp/SP_7_14/2026-07-31: /Users/korneev/Desktop/water-regime-gis/outputs/imagery/sp/SP_7_14/2026-07-31/sentinel_true_color.tif
SKIP sp/SP_7_14/2026-08-10: /Users/korneev/Desktop/water-regime-gis/outputs/imagery/sp/SP_7_14/2026-08-10/sentinel_true_color.tif
SKIP sp/SP_7_19/2026-04-22: /Users/korneev/Desktop/water-regime-gis/outputs/imagery/sp/SP_7_19/2026-04-22/sentinel_true_color.tif
SKIP sp/SP_7_19/2026-05-05: /Users/korneev/Desktop/water-regime-gis/outputs/imagery/sp/SP_7_19/2026-05-05/sentinel_true_color.tif
SKIP sp/SP_7_19/2026-05-07: /Users/korneev/Desktop/water-regime-gis/outputs/imagery/sp/SP_7_19/2026-05-07/sentinel_true_color.tif
SKIP sp/SP_7_19/2026-05-17: /Users/korneev/Desktop/water-regime-gis/outputs/imagery/sp/SP_7_19/2026-05-17/sentinel_true_color.tif
SKIP sp/SP_7_19/2026-05-20: /Users/korneev/Desktop/water-regime-gis/outputs/imagery/sp/SP_7_19/2026-05-20/sentinel_true_color.tif
SKIP sp/SP_7_19/2026-05-22: /Users/korneev/Desktop/water-regime-gis/outputs/imagery/sp/SP_7_19/2026-05-22/sentinel_true_color.tif
SKIP sp/SP_7_19/2026-06-06: /Users/korneev/Desktop/water-regime-gis/outputs/imagery/sp/SP_7_19/2026-06-06/sentinel_true_color.tif
SKIP sp/SP_7_19/2026-06-08: /Users/korneev/Desktop/water-regime-gis/outputs/imagery/sp/SP_7_19/2026-06-08/sentinel_true_color.tif
SKIP sp/SP_7_19/2026-06-09: /Users/korneev/Desktop/water-regime-gis/outputs/imagery/sp/SP_7_19/2026-06-09/sentinel_true_color.tif
SKIP sp/SP_7_19/2026-06-11: /Users/korneev/Desktop/water-regime-gis/outputs/imagery/sp/SP_7_19/2026-06-11/sentinel_true_color.tif
SKIP sp/SP_7_19/2026-07-14: /Users/korneev/Desktop/water-regime-gis/outputs/imagery/sp/SP_7_19/2026-07-14/sentinel_true_color.tif
SKIP sp/SP_7_19/2026-07-19: /Users/korneev/Desktop/water-regime-gis/outputs/imagery/sp/SP_7_19/2026-07-19/sentinel_true_color.tif
SKIP sp/SP_7_19/2026-07-28: /Users/korneev/Desktop/water-regime-gis/outputs/imagery/sp/SP_7_19/2026-07-28/sentinel_true_color.tif
SKIP sp/SP_7_19/2026-07-31: /Users/korneev/Desktop/water-regime-gis/outputs/imagery/sp/SP_7_19/2026-07-31/sentinel_true_color.tif
SKIP sp/SP_7_19/2026-08-10: /Users/korneev/Desktop/water-regime-gis/outputs/imagery/sp/SP_7_19/2026-08-10/sentinel_true_color.tif
SKIP sp/SP_7_18/2026-04-22: /Users/korneev/Desktop/water-regime-gis/outputs/imagery/sp/SP_7_18/2026-04-22/sentinel_true_color.tif
SKIP sp/SP_7_18/2026-05-05: /Users/korneev/Desktop/water-regime-gis/outputs/imagery/sp/SP_7_18/2026-05-05/sentinel_true_color.tif
SKIP sp/SP_7_18/2026-05-07: /Users/korneev/Desktop/water-regime-gis/outputs/imagery/sp/SP_7_18/2026-05-07/sentinel_true_color.tif
SKIP sp/SP_7_18/2026-05-17: /Users/korneev/Desktop/water-regime-gis/outputs/imagery/sp/SP_7_18/2026-05-17/sentinel_true_color.tif
SKIP sp/SP_7_18/2026-05-20: /Users/korneev/Desktop/water-regime-gis/outputs/imagery/sp/SP_7_18/2026-05-20/sentinel_true_color.tif
SKIP sp/SP_7_18/2026-05-22: /Users/korneev/Desktop/water-regime-gis/outputs/imagery/sp/SP_7_18/2026-05-22/sentinel_true_color.tif
SKIP sp/SP_7_18/2026-06-06: /Users/korneev/Desktop/water-regime-gis/outputs/imagery/sp/SP_7_18/2026-06-06/sentinel_true_color.tif
SKIP sp/SP_7_18/2026-06-08: /Users/korneev/Desktop/water-regime-gis/outputs/imagery/sp/SP_7_18/2026-06-08/sentinel_true_color.tif
SKIP sp/SP_7_18/2026-06-09: /Users/korneev/Desktop/water-regime-gis/outputs/imagery/sp/SP_7_18/2026-06-09/sentinel_true_color.tif
SKIP sp/SP_7_18/2026-06-11: /Users/korneev/Desktop/water-regime-gis/outputs/imagery/sp/SP_7_18/2026-06-11/sentinel_true_color.tif
SKIP sp/SP_7_18/2026-07-14: /Users/korneev/Desktop/water-regime-gis/outputs/imagery/sp/SP_7_18/2026-07-14/sentinel_true_color.tif
SKIP sp/SP_7_18/2026-07-19: /Users/korneev/Desktop/water-regime-gis/outputs/imagery/sp/SP_7_18/2026-07-19/sentinel_true_color.tif
SKIP sp/SP_7_18/2026-07-28: /Users/korneev/Desktop/water-regime-gis/outputs/imagery/sp/SP_7_18/2026-07-28/sentinel_true_color.tif
SKIP sp/SP_7_18/2026-07-31: /Users/korneev/Desktop/water-regime-gis/outputs/imagery/sp/SP_7_18/2026-07-31/sentinel_true_color.tif
SKIP sp/SP_7_18/2026-08-10: /Users/korneev/Desktop/water-regime-gis/outputs/imagery/sp/SP_7_18/2026-08-10/sentinel_true_color.tif
SKIP sp/SP_7_17/2026-04-22: /Users/korneev/Desktop/water-regime-gis/outputs/imagery/sp/SP_7_17/2026-04-22/sentinel_true_color.tif
SKIP sp/SP_7_17/2026-05-05: /Users/korneev/Desktop/water-regime-gis/outputs/imagery/sp/SP_7_17/2026-05-05/sentinel_true_color.tif
SKIP sp/SP_7_17/2026-05-07: /Users/korneev/Desktop/water-regime-gis/outputs/imagery/sp/SP_7_17/2026-05-07/sentinel_true_color.tif
SKIP sp/SP_7_17/2026-05-17: /Users/korneev/Desktop/water-regime-gis/outputs/imagery/sp/SP_7_17/2026-05-17/sentinel_true_color.tif
SKIP sp/SP_7_17/2026-05-20: /Users/korneev/Desktop/water-regime-gis/outputs/imagery/sp/SP_7_17/2026-05-20/sentinel_true_color.tif
SKIP sp/SP_7_17/2026-05-22: /Users/korneev/Desktop/water-regime-gis/outputs/imagery/sp/SP_7_17/2026-05-22/sentinel_true_color.tif
SKIP sp/SP_7_17/2026-06-06: /Users/korneev/Desktop/water-regime-gis/outputs/imagery/sp/SP_7_17/2026-06-06/sentinel_true_color.tif
SKIP sp/SP_7_17/2026-06-08: /Users/korneev/Desktop/water-regime-gis/outputs/imagery/sp/SP_7_17/2026-06-08/sentinel_true_color.tif
SKIP sp/SP_7_17/2026-06-09: /Users/korneev/Desktop/water-regime-gis/outputs/imagery/sp/SP_7_17/2026-06-09/sentinel_true_color.tif
SKIP sp/SP_7_17/2026-06-11: /Users/korneev/Desktop/water-regime-gis/outputs/imagery/sp/SP_7_17/2026-06-11/sentinel_true_color.tif
SKIP sp/SP_7_17/2026-07-14: /Users/korneev/Desktop/water-regime-gis/outputs/imagery/sp/SP_7_17/2026-07-14/sentinel_true_color.tif
SKIP sp/SP_7_17/2026-07-19: /Users/korneev/Desktop/water-regime-gis/outputs/imagery/sp/SP_7_17/2026-07-19/sentinel_true_color.tif
SKIP sp/SP_7_17/2026-07-28: /Users/korneev/Desktop/water-regime-gis/outputs/imagery/sp/SP_7_17/2026-07-28/sentinel_true_color.tif
SKIP sp/SP_7_17/2026-07-31: /Users/korneev/Desktop/water-regime-gis/outputs/imagery/sp/SP_7_17/2026-07-31/sentinel_true_color.tif
SKIP sp/SP_7_17/2026-08-10: /Users/korneev/Desktop/water-regime-gis/outputs/imagery/sp/SP_7_17/2026-08-10/sentinel_true_color.tif
SKIP sp/SP_7_8/2026-04-22: /Users/korneev/Desktop/water-regime-gis/outputs/imagery/sp/SP_7_8/2026-04-22/sentinel_true_color.tif
SKIP sp/SP_7_8/2026-05-05: /Users/korneev/Desktop/water-regime-gis/outputs/imagery/sp/SP_7_8/2026-05-05/sentinel_true_color.tif
SKIP sp/SP_7_8/2026-05-07: /Users/korneev/Desktop/water-regime-gis/outputs/imagery/sp/SP_7_8/2026-05-07/sentinel_true_color.tif
SKIP sp/SP_7_8/2026-05-17: /Users/korneev/Desktop/water-regime-gis/outputs/imagery/sp/SP_7_8/2026-05-17/sentinel_true_color.tif
SKIP sp/SP_7_8/2026-05-20: /Users/korneev/Desktop/water-regime-gis/outputs/imagery/sp/SP_7_8/2026-05-20/sentinel_true_color.tif
SKIP sp/SP_7_8/2026-05-22: /Users/korneev/Desktop/water-regime-gis/outputs/imagery/sp/SP_7_8/2026-05-22/sentinel_true_color.tif
SKIP sp/SP_7_8/2026-06-06: /Users/korneev/Desktop/water-regime-gis/outputs/imagery/sp/SP_7_8/2026-06-06/sentinel_true_color.tif
SKIP sp/SP_7_8/2026-06-08: /Users/korneev/Desktop/water-regime-gis/outputs/imagery/sp/SP_7_8/2026-06-08/sentinel_true_color.tif
SKIP sp/SP_7_8/2026-06-09: /Users/korneev/Desktop/water-regime-gis/outputs/imagery/sp/SP_7_8/2026-06-09/sentinel_true_color.tif
SKIP sp/SP_7_8/2026-06-11: /Users/korneev/Desktop/water-regime-gis/outputs/imagery/sp/SP_7_8/2026-06-11/sentinel_true_color.tif
SKIP sp/SP_7_8/2026-07-14: /Users/korneev/Desktop/water-regime-gis/outputs/imagery/sp/SP_7_8/2026-07-14/sentinel_true_color.tif
SKIP sp/SP_7_8/2026-07-19: /Users/korneev/Desktop/water-regime-gis/outputs/imagery/sp/SP_7_8/2026-07-19/sentinel_true_color.tif
SKIP sp/SP_7_8/2026-07-28: /Users/korneev/Desktop/water-regime-gis/outputs/imagery/sp/SP_7_8/2026-07-28/sentinel_true_color.tif
SKIP sp/SP_7_8/2026-07-31: /Users/korneev/Desktop/water-regime-gis/outputs/imagery/sp/SP_7_8/2026-07-31/sentinel_true_color.tif
SKIP sp/SP_7_8/2026-08-10: /Users/korneev/Desktop/water-regime-gis/outputs/imagery/sp/SP_7_8/2026-08-10/sentinel_true_color.tif
SKIP sp/SP_7_12/2026-04-22: /Users/korneev/Desktop/water-regime-gis/outputs/imagery/sp/SP_7_12/2026-04-22/sentinel_true_color.tif
SKIP sp/SP_7_12/2026-05-05: /Users/korneev/Desktop/water-regime-gis/outputs/imagery/sp/SP_7_12/2026-05-05/sentinel_true_color.tif
SKIP sp/SP_7_12/2026-05-07: /Users/korneev/Desktop/water-regime-gis/outputs/imagery/sp/SP_7_12/2026-05-07/sentinel_true_color.tif
SKIP sp/SP_7_12/2026-05-17: /Users/korneev/Desktop/water-regime-gis/outputs/imagery/sp/SP_7_12/2026-05-17/sentinel_true_color.tif
SKIP sp/SP_7_12/2026-05-20: /Users/korneev/Desktop/water-regime-gis/outputs/imagery/sp/SP_7_12/2026-05-20/sentinel_true_color.tif
SKIP sp/SP_7_12/2026-05-22: /Users/korneev/Desktop/water-regime-gis/outputs/imagery/sp/SP_7_12/2026-05-22/sentinel_true_color.tif
SKIP sp/SP_7_12/2026-06-06: /Users/korneev/Desktop/water-regime-gis/outputs/imagery/sp/SP_7_12/2026-06-06/sentinel_true_color.tif
SKIP sp/SP_7_12/2026-06-08: /Users/korneev/Desktop/water-regime-gis/outputs/imagery/sp/SP_7_12/2026-06-08/sentinel_true_color.tif
SKIP sp/SP_7_12/2026-06-09: /Users/korneev/Desktop/water-regime-gis/outputs/imagery/sp/SP_7_12/2026-06-09/sentinel_true_color.tif
SKIP sp/SP_7_12/2026-06-11: /Users/korneev/Desktop/water-regime-gis/outputs/imagery/sp/SP_7_12/2026-06-11/sentinel_true_color.tif
SKIP sp/SP_7_12/2026-07-14: /Users/korneev/Desktop/water-regime-gis/outputs/imagery/sp/SP_7_12/2026-07-14/sentinel_true_color.tif
SKIP sp/SP_7_12/2026-07-19: /Users/korneev/Desktop/water-regime-gis/outputs/imagery/sp/SP_7_12/2026-07-19/sentinel_true_color.tif
SKIP sp/SP_7_12/2026-07-28: /Users/korneev/Desktop/water-regime-gis/outputs/imagery/sp/SP_7_12/2026-07-28/sentinel_true_color.tif
SKIP sp/SP_7_12/2026-07-31: /Users/korneev/Desktop/water-regime-gis/outputs/imagery/sp/SP_7_12/2026-07-31/sentinel_true_color.tif
SKIP sp/SP_7_12/2026-08-10: /Users/korneev/Desktop/water-regime-gis/outputs/imagery/sp/SP_7_12/2026-08-10/sentinel_true_color.tif
SKIP sp/SP_7_10/2026-04-22: /Users/korneev/Desktop/water-regime-gis/outputs/imagery/sp/SP_7_10/2026-04-22/sentinel_true_color.tif
SKIP sp/SP_7_10/2026-05-05: /Users/korneev/Desktop/water-regime-gis/outputs/imagery/sp/SP_7_10/2026-05-05/sentinel_true_color.tif
SKIP sp/SP_7_10/2026-05-07: /Users/korneev/Desktop/water-regime-gis/outputs/imagery/sp/SP_7_10/2026-05-07/sentinel_true_color.tif
SKIP sp/SP_7_10/2026-05-17: /Users/korneev/Desktop/water-regime-gis/outputs/imagery/sp/SP_7_10/2026-05-17/sentinel_true_color.tif
SKIP sp/SP_7_10/2026-05-20: /Users/korneev/Desktop/water-regime-gis/outputs/imagery/sp/SP_7_10/2026-05-20/sentinel_true_color.tif
SKIP sp/SP_7_10/2026-05-22: /Users/korneev/Desktop/water-regime-gis/outputs/imagery/sp/SP_7_10/2026-05-22/sentinel_true_color.tif
SKIP sp/SP_7_10/2026-06-06: /Users/korneev/Desktop/water-regime-gis/outputs/imagery/sp/SP_7_10/2026-06-06/sentinel_true_color.tif
SKIP sp/SP_7_10/2026-06-08: /Users/korneev/Desktop/water-regime-gis/outputs/imagery/sp/SP_7_10/2026-06-08/sentinel_true_color.tif
SKIP sp/SP_7_10/2026-06-09: /Users/korneev/Desktop/water-regime-gis/outputs/imagery/sp/SP_7_10/2026-06-09/sentinel_true_color.tif
SKIP sp/SP_7_10/2026-06-11: /Users/korneev/Desktop/water-regime-gis/outputs/imagery/sp/SP_7_10/2026-06-11/sentinel_true_color.tif
SKIP sp/SP_7_10/2026-07-14: /Users/korneev/Desktop/water-regime-gis/outputs/imagery/sp/SP_7_10/2026-07-14/sentinel_true_color.tif
SKIP sp/SP_7_10/2026-07-19: /Users/korneev/Desktop/water-regime-gis/outputs/imagery/sp/SP_7_10/2026-07-19/sentinel_true_color.tif
SKIP sp/SP_7_10/2026-07-28: /Users/korneev/Desktop/water-regime-gis/outputs/imagery/sp/SP_7_10/2026-07-28/sentinel_true_color.tif
SKIP sp/SP_7_10/2026-07-31: /Users/korneev/Desktop/water-regime-gis/outputs/imagery/sp/SP_7_10/2026-07-31/sentinel_true_color.tif
SKIP sp/SP_7_10/2026-08-10: /Users/korneev/Desktop/water-regime-gis/outputs/imagery/sp/SP_7_10/2026-08-10/sentinel_true_color.tif
SKIP sp/SP_7_4/2026-04-22: /Users/korneev/Desktop/water-regime-gis/outputs/imagery/sp/SP_7_4/2026-04-22/sentinel_true_color.tif
SKIP sp/SP_7_4/2026-05-05: /Users/korneev/Desktop/water-regime-gis/outputs/imagery/sp/SP_7_4/2026-05-05/sentinel_true_color.tif
SKIP sp/SP_7_4/2026-05-07: /Users/korneev/Desktop/water-regime-gis/outputs/imagery/sp/SP_7_4/2026-05-07/sentinel_true_color.tif
SKIP sp/SP_7_4/2026-05-17: /Users/korneev/Desktop/water-regime-gis/outputs/imagery/sp/SP_7_4/2026-05-17/sentinel_true_color.tif
SKIP sp/SP_7_4/2026-05-20: /Users/korneev/Desktop/water-regime-gis/outputs/imagery/sp/SP_7_4/2026-05-20/sentinel_true_color.tif
SKIP sp/SP_7_4/2026-05-22: /Users/korneev/Desktop/water-regime-gis/outputs/imagery/sp/SP_7_4/2026-05-22/sentinel_true_color.tif
SKIP sp/SP_7_4/2026-06-06: /Users/korneev/Desktop/water-regime-gis/outputs/imagery/sp/SP_7_4/2026-06-06/sentinel_true_color.tif
SKIP sp/SP_7_4/2026-06-08: /Users/korneev/Desktop/water-regime-gis/outputs/imagery/sp/SP_7_4/2026-06-08/sentinel_true_color.tif
SKIP sp/SP_7_4/2026-06-09: /Users/korneev/Desktop/water-regime-gis/outputs/imagery/sp/SP_7_4/2026-06-09/sentinel_true_color.tif
SKIP sp/SP_7_4/2026-06-11: /Users/korneev/Desktop/water-regime-gis/outputs/imagery/sp/SP_7_4/2026-06-11/sentinel_true_color.tif
SKIP sp/SP_7_4/2026-07-14: /Users/korneev/Desktop/water-regime-gis/outputs/imagery/sp/SP_7_4/2026-07-14/sentinel_true_color.tif
SKIP sp/SP_7_4/2026-07-19: /Users/korneev/Desktop/water-regime-gis/outputs/imagery/sp/SP_7_4/2026-07-19/sentinel_true_color.tif
SKIP sp/SP_7_4/2026-07-28: /Users/korneev/Desktop/water-regime-gis/outputs/imagery/sp/SP_7_4/2026-07-28/sentinel_true_color.tif
SKIP sp/SP_7_4/2026-07-31: /Users/korneev/Desktop/water-regime-gis/outputs/imagery/sp/SP_7_4/2026-07-31/sentinel_true_color.tif
SKIP sp/SP_7_4/2026-08-10: /Users/korneev/Desktop/water-regime-gis/outputs/imagery/sp/SP_7_4/2026-08-10/sentinel_true_color.tif
SKIP sp/SP_7_9/2026-04-22: /Users/korneev/Desktop/water-regime-gis/outputs/imagery/sp/SP_7_9/2026-04-22/sentinel_true_color.tif
SKIP sp/SP_7_9/2026-05-05: /Users/korneev/Desktop/water-regime-gis/outputs/imagery/sp/SP_7_9/2026-05-05/sentinel_true_color.tif
SKIP sp/SP_7_9/2026-05-07: /Users/korneev/Desktop/water-regime-gis/outputs/imagery/sp/SP_7_9/2026-05-07/sentinel_true_color.tif
SKIP sp/SP_7_9/2026-05-17: /Users/korneev/Desktop/water-regime-gis/outputs/imagery/sp/SP_7_9/2026-05-17/sentinel_true_color.tif
SKIP sp/SP_7_9/2026-05-20: /Users/korneev/Desktop/water-regime-gis/outputs/imagery/sp/SP_7_9/2026-05-20/sentinel_true_color.tif
SKIP sp/SP_7_9/2026-05-22: /Users/korneev/Desktop/water-regime-gis/outputs/imagery/sp/SP_7_9/2026-05-22/sentinel_true_color.tif
SKIP sp/SP_7_9/2026-06-06: /Users/korneev/Desktop/water-regime-gis/outputs/imagery/sp/SP_7_9/2026-06-06/sentinel_true_color.tif
SKIP sp/SP_7_9/2026-06-08: /Users/korneev/Desktop/water-regime-gis/outputs/imagery/sp/SP_7_9/2026-06-08/sentinel_true_color.tif
SKIP sp/SP_7_9/2026-06-09: /Users/korneev/Desktop/water-regime-gis/outputs/imagery/sp/SP_7_9/2026-06-09/sentinel_true_color.tif
SKIP sp/SP_7_9/2026-06-11: /Users/korneev/Desktop/water-regime-gis/outputs/imagery/sp/SP_7_9/2026-06-11/sentinel_true_color.tif
SKIP sp/SP_7_9/2026-07-14: /Users/korneev/Desktop/water-regime-gis/outputs/imagery/sp/SP_7_9/2026-07-14/sentinel_true_color.tif
SKIP sp/SP_7_9/2026-07-19: /Users/korneev/Desktop/water-regime-gis/outputs/imagery/sp/SP_7_9/2026-07-19/sentinel_true_color.tif
SKIP sp/SP_7_9/2026-07-28: /Users/korneev/Desktop/water-regime-gis/outputs/imagery/sp/SP_7_9/2026-07-28/sentinel_true_color.tif
SKIP sp/SP_7_9/2026-07-31: /Users/korneev/Desktop/water-regime-gis/outputs/imagery/sp/SP_7_9/2026-07-31/sentinel_true_color.tif
SKIP sp/SP_7_9/2026-08-10: /Users/korneev/Desktop/water-regime-gis/outputs/imagery/sp/SP_7_9/2026-08-10/sentinel_true_color.tif
SKIP sp/SP_7_3/2026-04-22: /Users/korneev/Desktop/water-regime-gis/outputs/imagery/sp/SP_7_3/2026-04-22/sentinel_true_color.tif
SKIP sp/SP_7_3/2026-05-05: /Users/korneev/Desktop/water-regime-gis/outputs/imagery/sp/SP_7_3/2026-05-05/sentinel_true_color.tif
SKIP sp/SP_7_3/2026-05-07: /Users/korneev/Desktop/water-regime-gis/outputs/imagery/sp/SP_7_3/2026-05-07/sentinel_true_color.tif
SKIP sp/SP_7_3/2026-05-17: /Users/korneev/Desktop/water-regime-gis/outputs/imagery/sp/SP_7_3/2026-05-17/sentinel_true_color.tif
SKIP sp/SP_7_3/2026-05-20: /Users/korneev/Desktop/water-regime-gis/outputs/imagery/sp/SP_7_3/2026-05-20/sentinel_true_color.tif
SKIP sp/SP_7_3/2026-05-22: /Users/korneev/Desktop/water-regime-gis/outputs/imagery/sp/SP_7_3/2026-05-22/sentinel_true_color.tif
SKIP sp/SP_7_3/2026-06-06: /Users/korneev/Desktop/water-regime-gis/outputs/imagery/sp/SP_7_3/2026-06-06/sentinel_true_color.tif
SKIP sp/SP_7_3/2026-06-08: /Users/korneev/Desktop/water-regime-gis/outputs/imagery/sp/SP_7_3/2026-06-08/sentinel_true_color.tif
SKIP sp/SP_7_3/2026-06-09: /Users/korneev/Desktop/water-regime-gis/outputs/imagery/sp/SP_7_3/2026-06-09/sentinel_true_color.tif
SKIP sp/SP_7_3/2026-06-11: /Users/korneev/Desktop/water-regime-gis/outputs/imagery/sp/SP_7_3/2026-06-11/sentinel_true_color.tif
SKIP sp/SP_7_3/2026-07-14: /Users/korneev/Desktop/water-regime-gis/outputs/imagery/sp/SP_7_3/2026-07-14/sentinel_true_color.tif
SKIP sp/SP_7_3/2026-07-19: /Users/korneev/Desktop/water-regime-gis/outputs/imagery/sp/SP_7_3/2026-07-19/sentinel_true_color.tif
SKIP sp/SP_7_3/2026-07-28: /Users/korneev/Desktop/water-regime-gis/outputs/imagery/sp/SP_7_3/2026-07-28/sentinel_true_color.tif
SKIP sp/SP_7_3/2026-07-31: /Users/korneev/Desktop/water-regime-gis/outputs/imagery/sp/SP_7_3/2026-07-31/sentinel_true_color.tif
SKIP sp/SP_7_3/2026-08-10: /Users/korneev/Desktop/water-regime-gis/outputs/imagery/sp/SP_7_3/2026-08-10/sentinel_true_color.tif
SKIP sp/SP_7_5/2026-04-22: /Users/korneev/Desktop/water-regime-gis/outputs/imagery/sp/SP_7_5/2026-04-22/sentinel_true_color.tif
SKIP sp/SP_7_5/2026-05-05: /Users/korneev/Desktop/water-regime-gis/outputs/imagery/sp/SP_7_5/2026-05-05/sentinel_true_color.tif
SKIP sp/SP_7_5/2026-05-07: /Users/korneev/Desktop/water-regime-gis/outputs/imagery/sp/SP_7_5/2026-05-07/sentinel_true_color.tif
SKIP sp/SP_7_5/2026-05-17: /Users/korneev/Desktop/water-regime-gis/outputs/imagery/sp/SP_7_5/2026-05-17/sentinel_true_color.tif
SKIP sp/SP_7_5/2026-05-20: /Users/korneev/Desktop/water-regime-gis/outputs/imagery/sp/SP_7_5/2026-05-20/sentinel_true_color.tif
SKIP sp/SP_7_5/2026-05-22: /Users/korneev/Desktop/water-regime-gis/outputs/imagery/sp/SP_7_5/2026-05-22/sentinel_true_color.tif
SKIP sp/SP_7_5/2026-06-06: /Users/korneev/Desktop/water-regime-gis/outputs/imagery/sp/SP_7_5/2026-06-06/sentinel_true_color.tif
SKIP sp/SP_7_5/2026-06-08: /Users/korneev/Desktop/water-regime-gis/outputs/imagery/sp/SP_7_5/2026-06-08/sentinel_true_color.tif
SKIP sp/SP_7_5/2026-06-09: /Users/korneev/Desktop/water-regime-gis/outputs/imagery/sp/SP_7_5/2026-06-09/sentinel_true_color.tif
SKIP sp/SP_7_5/2026-06-11: /Users/korneev/Desktop/water-regime-gis/outputs/imagery/sp/SP_7_5/2026-06-11/sentinel_true_color.tif
SKIP sp/SP_7_5/2026-07-14: /Users/korneev/Desktop/water-regime-gis/outputs/imagery/sp/SP_7_5/2026-07-14/sentinel_true_color.tif
SKIP sp/SP_7_5/2026-07-19: /Users/korneev/Desktop/water-regime-gis/outputs/imagery/sp/SP_7_5/2026-07-19/sentinel_true_color.tif
SKIP sp/SP_7_5/2026-07-28: /Users/korneev/Desktop/water-regime-gis/outputs/imagery/sp/SP_7_5/2026-07-28/sentinel_true_color.tif
SKIP sp/SP_7_5/2026-07-31: /Users/korneev/Desktop/water-regime-gis/outputs/imagery/sp/SP_7_5/2026-07-31/sentinel_true_color.tif
SKIP sp/SP_7_5/2026-08-10: /Users/korneev/Desktop/water-regime-gis/outputs/imagery/sp/SP_7_5/2026-08-10/sentinel_true_color.tif
SKIP sp/SP_7_11/2026-04-22: /Users/korneev/Desktop/water-regime-gis/outputs/imagery/sp/SP_7_11/2026-04-22/sentinel_true_color.tif
SKIP sp/SP_7_11/2026-05-05: /Users/korneev/Desktop/water-regime-gis/outputs/imagery/sp/SP_7_11/2026-05-05/sentinel_true_color.tif
SKIP sp/SP_7_11/2026-05-07: /Users/korneev/Desktop/water-regime-gis/outputs/imagery/sp/SP_7_11/2026-05-07/sentinel_true_color.tif
SKIP sp/SP_7_11/2026-05-17: /Users/korneev/Desktop/water-regime-gis/outputs/imagery/sp/SP_7_11/2026-05-17/sentinel_true_color.tif
SKIP sp/SP_7_11/2026-05-20: /Users/korneev/Desktop/water-regime-gis/outputs/imagery/sp/SP_7_11/2026-05-20/sentinel_true_color.tif
SKIP sp/SP_7_11/2026-05-22: /Users/korneev/Desktop/water-regime-gis/outputs/imagery/sp/SP_7_11/2026-05-22/sentinel_true_color.tif
SKIP sp/SP_7_11/2026-06-06: /Users/korneev/Desktop/water-regime-gis/outputs/imagery/sp/SP_7_11/2026-06-06/sentinel_true_color.tif
SKIP sp/SP_7_11/2026-06-08: /Users/korneev/Desktop/water-regime-gis/outputs/imagery/sp/SP_7_11/2026-06-08/sentinel_true_color.tif
SKIP sp/SP_7_11/2026-06-09: /Users/korneev/Desktop/water-regime-gis/outputs/imagery/sp/SP_7_11/2026-06-09/sentinel_true_color.tif
SKIP sp/SP_7_11/2026-06-11: /Users/korneev/Desktop/water-regime-gis/outputs/imagery/sp/SP_7_11/2026-06-11/sentinel_true_color.tif
SKIP sp/SP_7_11/2026-07-14: /Users/korneev/Desktop/water-regime-gis/outputs/imagery/sp/SP_7_11/2026-07-14/sentinel_true_color.tif
SKIP sp/SP_7_11/2026-07-19: /Users/korneev/Desktop/water-regime-gis/outputs/imagery/sp/SP_7_11/2026-07-19/sentinel_true_color.tif
SKIP sp/SP_7_11/2026-07-28: /Users/korneev/Desktop/water-regime-gis/outputs/imagery/sp/SP_7_11/2026-07-28/sentinel_true_color.tif
SKIP sp/SP_7_11/2026-07-31: /Users/korneev/Desktop/water-regime-gis/outputs/imagery/sp/SP_7_11/2026-07-31/sentinel_true_color.tif
SKIP sp/SP_7_11/2026-08-10: /Users/korneev/Desktop/water-regime-gis/outputs/imagery/sp/SP_7_11/2026-08-10/sentinel_true_color.tif
SKIP sp/SP_7_1/2026-04-22: /Users/korneev/Desktop/water-regime-gis/outputs/imagery/sp/SP_7_1/2026-04-22/sentinel_true_color.tif
SKIP sp/SP_7_1/2026-05-05: /Users/korneev/Desktop/water-regime-gis/outputs/imagery/sp/SP_7_1/2026-05-05/sentinel_true_color.tif
SKIP sp/SP_7_1/2026-05-07: /Users/korneev/Desktop/water-regime-gis/outputs/imagery/sp/SP_7_1/2026-05-07/sentinel_true_color.tif
SKIP sp/SP_7_1/2026-05-17: /Users/korneev/Desktop/water-regime-gis/outputs/imagery/sp/SP_7_1/2026-05-17/sentinel_true_color.tif
SKIP sp/SP_7_1/2026-05-20: /Users/korneev/Desktop/water-regime-gis/outputs/imagery/sp/SP_7_1/2026-05-20/sentinel_true_color.tif
SKIP sp/SP_7_1/2026-05-22: /Users/korneev/Desktop/water-regime-gis/outputs/imagery/sp/SP_7_1/2026-05-22/sentinel_true_color.tif
SKIP sp/SP_7_1/2026-06-06: /Users/korneev/Desktop/water-regime-gis/outputs/imagery/sp/SP_7_1/2026-06-06/sentinel_true_color.tif
SKIP sp/SP_7_1/2026-06-08: /Users/korneev/Desktop/water-regime-gis/outputs/imagery/sp/SP_7_1/2026-06-08/sentinel_true_color.tif
SKIP sp/SP_7_1/2026-06-09: /Users/korneev/Desktop/water-regime-gis/outputs/imagery/sp/SP_7_1/2026-06-09/sentinel_true_color.tif
SKIP sp/SP_7_1/2026-06-11: /Users/korneev/Desktop/water-regime-gis/outputs/imagery/sp/SP_7_1/2026-06-11/sentinel_true_color.tif
SKIP sp/SP_7_1/2026-07-14: /Users/korneev/Desktop/water-regime-gis/outputs/imagery/sp/SP_7_1/2026-07-14/sentinel_true_color.tif
SKIP sp/SP_7_1/2026-07-19: /Users/korneev/Desktop/water-regime-gis/outputs/imagery/sp/SP_7_1/2026-07-19/sentinel_true_color.tif
SKIP sp/SP_7_1/2026-07-28: /Users/korneev/Desktop/water-regime-gis/outputs/imagery/sp/SP_7_1/2026-07-28/sentinel_true_color.tif
SKIP sp/SP_7_1/2026-07-31: /Users/korneev/Desktop/water-regime-gis/outputs/imagery/sp/SP_7_1/2026-07-31/sentinel_true_color.tif
SKIP sp/SP_7_1/2026-08-10: /Users/korneev/Desktop/water-regime-gis/outputs/imagery/sp/SP_7_1/2026-08-10/sentinel_true_color.tif
SKIP sp/SP_7_2/2026-04-22: /Users/korneev/Desktop/water-regime-gis/outputs/imagery/sp/SP_7_2/2026-04-22/sentinel_true_color.tif
SKIP sp/SP_7_2/2026-05-05: /Users/korneev/Desktop/water-regime-gis/outputs/imagery/sp/SP_7_2/2026-05-05/sentinel_true_color.tif
SKIP sp/SP_7_2/2026-05-07: /Users/korneev/Desktop/water-regime-gis/outputs/imagery/sp/SP_7_2/2026-05-07/sentinel_true_color.tif
SKIP sp/SP_7_2/2026-05-17: /Users/korneev/Desktop/water-regime-gis/outputs/imagery/sp/SP_7_2/2026-05-17/sentinel_true_color.tif
SKIP sp/SP_7_2/2026-05-20: /Users/korneev/Desktop/water-regime-gis/outputs/imagery/sp/SP_7_2/2026-05-20/sentinel_true_color.tif
SKIP sp/SP_7_2/2026-05-22: /Users/korneev/Desktop/water-regime-gis/outputs/imagery/sp/SP_7_2/2026-05-22/sentinel_true_color.tif
SKIP sp/SP_7_2/2026-06-06: /Users/korneev/Desktop/water-regime-gis/outputs/imagery/sp/SP_7_2/2026-06-06/sentinel_true_color.tif
SKIP sp/SP_7_2/2026-06-08: /Users/korneev/Desktop/water-regime-gis/outputs/imagery/sp/SP_7_2/2026-06-08/sentinel_true_color.tif
SKIP sp/SP_7_2/2026-06-09: /Users/korneev/Desktop/water-regime-gis/outputs/imagery/sp/SP_7_2/2026-06-09/sentinel_true_color.tif
SKIP sp/SP_7_2/2026-06-11: /Users/korneev/Desktop/water-regime-gis/outputs/imagery/sp/SP_7_2/2026-06-11/sentinel_true_color.tif
SKIP sp/SP_7_2/2026-07-14: /Users/korneev/Desktop/water-regime-gis/outputs/imagery/sp/SP_7_2/2026-07-14/sentinel_true_color.tif
SKIP sp/SP_7_2/2026-07-19: /Users/korneev/Desktop/water-regime-gis/outputs/imagery/sp/SP_7_2/2026-07-19/sentinel_true_color.tif
SKIP sp/SP_7_2/2026-07-28: /Users/korneev/Desktop/water-regime-gis/outputs/imagery/sp/SP_7_2/2026-07-28/sentinel_true_color.tif
SKIP sp/SP_7_2/2026-07-31: /Users/korneev/Desktop/water-regime-gis/outputs/imagery/sp/SP_7_2/2026-07-31/sentinel_true_color.tif
SKIP sp/SP_7_2/2026-08-10: /Users/korneev/Desktop/water-regime-gis/outputs/imagery/sp/SP_7_2/2026-08-10/sentinel_true_color.tif
SKIP sp/SP_7_7/2026-04-22: /Users/korneev/Desktop/water-regime-gis/outputs/imagery/sp/SP_7_7/2026-04-22/sentinel_true_color.tif
SKIP sp/SP_7_7/2026-05-05: /Users/korneev/Desktop/water-regime-gis/outputs/imagery/sp/SP_7_7/2026-05-05/sentinel_true_color.tif
SKIP sp/SP_7_7/2026-05-07: /Users/korneev/Desktop/water-regime-gis/outputs/imagery/sp/SP_7_7/2026-05-07/sentinel_true_color.tif
SKIP sp/SP_7_7/2026-05-17: /Users/korneev/Desktop/water-regime-gis/outputs/imagery/sp/SP_7_7/2026-05-17/sentinel_true_color.tif
SKIP sp/SP_7_7/2026-05-20: /Users/korneev/Desktop/water-regime-gis/outputs/imagery/sp/SP_7_7/2026-05-20/sentinel_true_color.tif
SKIP sp/SP_7_7/2026-05-22: /Users/korneev/Desktop/water-regime-gis/outputs/imagery/sp/SP_7_7/2026-05-22/sentinel_true_color.tif
SKIP sp/SP_7_7/2026-06-06: /Users/korneev/Desktop/water-regime-gis/outputs/imagery/sp/SP_7_7/2026-06-06/sentinel_true_color.tif
SKIP sp/SP_7_7/2026-06-08: /Users/korneev/Desktop/water-regime-gis/outputs/imagery/sp/SP_7_7/2026-06-08/sentinel_true_color.tif
SKIP sp/SP_7_7/2026-06-09: /Users/korneev/Desktop/water-regime-gis/outputs/imagery/sp/SP_7_7/2026-06-09/sentinel_true_color.tif
SKIP sp/SP_7_7/2026-06-11: /Users/korneev/Desktop/water-regime-gis/outputs/imagery/sp/SP_7_7/2026-06-11/sentinel_true_color.tif
SKIP sp/SP_7_7/2026-07-14: /Users/korneev/Desktop/water-regime-gis/outputs/imagery/sp/SP_7_7/2026-07-14/sentinel_true_color.tif
SKIP sp/SP_7_7/2026-07-19: /Users/korneev/Desktop/water-regime-gis/outputs/imagery/sp/SP_7_7/2026-07-19/sentinel_true_color.tif
SKIP sp/SP_7_7/2026-07-28: /Users/korneev/Desktop/water-regime-gis/outputs/imagery/sp/SP_7_7/2026-07-28/sentinel_true_color.tif
SKIP sp/SP_7_7/2026-07-31: /Users/korneev/Desktop/water-regime-gis/outputs/imagery/sp/SP_7_7/2026-07-31/sentinel_true_color.tif
SKIP sp/SP_7_7/2026-08-10: /Users/korneev/Desktop/water-regime-gis/outputs/imagery/sp/SP_7_7/2026-08-10/sentinel_true_color.tif
SKIP sp/SP_7_6/2026-04-22: /Users/korneev/Desktop/water-regime-gis/outputs/imagery/sp/SP_7_6/2026-04-22/sentinel_true_color.tif
SKIP sp/SP_7_6/2026-05-05: /Users/korneev/Desktop/water-regime-gis/outputs/imagery/sp/SP_7_6/2026-05-05/sentinel_true_color.tif
SKIP sp/SP_7_6/2026-05-07: /Users/korneev/Desktop/water-regime-gis/outputs/imagery/sp/SP_7_6/2026-05-07/sentinel_true_color.tif
SKIP sp/SP_7_6/2026-05-17: /Users/korneev/Desktop/water-regime-gis/outputs/imagery/sp/SP_7_6/2026-05-17/sentinel_true_color.tif
SKIP sp/SP_7_6/2026-05-20: /Users/korneev/Desktop/water-regime-gis/outputs/imagery/sp/SP_7_6/2026-05-20/sentinel_true_color.tif
SKIP sp/SP_7_6/2026-05-22: /Users/korneev/Desktop/water-regime-gis/outputs/imagery/sp/SP_7_6/2026-05-22/sentinel_true_color.tif
SKIP sp/SP_7_6/2026-06-06: /Users/korneev/Desktop/water-regime-gis/outputs/imagery/sp/SP_7_6/2026-06-06/sentinel_true_color.tif
SKIP sp/SP_7_6/2026-06-08: /Users/korneev/Desktop/water-regime-gis/outputs/imagery/sp/SP_7_6/2026-06-08/sentinel_true_color.tif
SKIP sp/SP_7_6/2026-06-09: /Users/korneev/Desktop/water-regime-gis/outputs/imagery/sp/SP_7_6/2026-06-09/sentinel_true_color.tif
SKIP sp/SP_7_6/2026-06-11: /Users/korneev/Desktop/water-regime-gis/outputs/imagery/sp/SP_7_6/2026-06-11/sentinel_true_color.tif
SKIP sp/SP_7_6/2026-07-14: /Users/korneev/Desktop/water-regime-gis/outputs/imagery/sp/SP_7_6/2026-07-14/sentinel_true_color.tif
SKIP sp/SP_7_6/2026-07-19: /Users/korneev/Desktop/water-regime-gis/outputs/imagery/sp/SP_7_6/2026-07-19/sentinel_true_color.tif
SKIP sp/SP_7_6/2026-07-28: /Users/korneev/Desktop/water-regime-gis/outputs/imagery/sp/SP_7_6/2026-07-28/sentinel_true_color.tif
SKIP sp/SP_7_6/2026-07-31: /Users/korneev/Desktop/water-regime-gis/outputs/imagery/sp/SP_7_6/2026-07-31/sentinel_true_color.tif
SKIP sp/SP_7_6/2026-08-10: /Users/korneev/Desktop/water-regime-gis/outputs/imagery/sp/SP_7_6/2026-08-10/sentinel_true_color.tif
SKIP sp/SP_5_4/2026-04-22: /Users/korneev/Desktop/water-regime-gis/outputs/imagery/sp/SP_5_4/2026-04-22/sentinel_true_color.tif
SKIP sp/SP_5_4/2026-05-05: /Users/korneev/Desktop/water-regime-gis/outputs/imagery/sp/SP_5_4/2026-05-05/sentinel_true_color.tif
SKIP sp/SP_5_4/2026-05-07: /Users/korneev/Desktop/water-regime-gis/outputs/imagery/sp/SP_5_4/2026-05-07/sentinel_true_color.tif
SKIP sp/SP_5_4/2026-05-20: /Users/korneev/Desktop/water-regime-gis/outputs/imagery/sp/SP_5_4/2026-05-20/sentinel_true_color.tif
SKIP sp/SP_5_4/2026-05-22: /Users/korneev/Desktop/water-regime-gis/outputs/imagery/sp/SP_5_4/2026-05-22/sentinel_true_color.tif
SKIP sp/SP_5_4/2026-06-06: /Users/korneev/Desktop/water-regime-gis/outputs/imagery/sp/SP_5_4/2026-06-06/sentinel_true_color.tif
SKIP sp/SP_5_4/2026-06-08: /Users/korneev/Desktop/water-regime-gis/outputs/imagery/sp/SP_5_4/2026-06-08/sentinel_true_color.tif
SKIP sp/SP_5_4/2026-06-09: /Users/korneev/Desktop/water-regime-gis/outputs/imagery/sp/SP_5_4/2026-06-09/sentinel_true_color.tif
SKIP sp/SP_5_4/2026-06-11: /Users/korneev/Desktop/water-regime-gis/outputs/imagery/sp/SP_5_4/2026-06-11/sentinel_true_color.tif
SKIP sp/SP_5_4/2026-07-14: /Users/korneev/Desktop/water-regime-gis/outputs/imagery/sp/SP_5_4/2026-07-14/sentinel_true_color.tif
SKIP sp/SP_5_4/2026-07-19: /Users/korneev/Desktop/water-regime-gis/outputs/imagery/sp/SP_5_4/2026-07-19/sentinel_true_color.tif
SKIP sp/SP_5_4/2026-07-31: /Users/korneev/Desktop/water-regime-gis/outputs/imagery/sp/SP_5_4/2026-07-31/sentinel_true_color.tif
SKIP sp/SP_5_4/2026-08-10: /Users/korneev/Desktop/water-regime-gis/outputs/imagery/sp/SP_5_4/2026-08-10/sentinel_true_color.tif
SKIP sp/SP_5_1/2026-04-22: /Users/korneev/Desktop/water-regime-gis/outputs/imagery/sp/SP_5_1/2026-04-22/sentinel_true_color.tif
SKIP sp/SP_5_1/2026-05-05: /Users/korneev/Desktop/water-regime-gis/outputs/imagery/sp/SP_5_1/2026-05-05/sentinel_true_color.tif
SKIP sp/SP_5_1/2026-05-07: /Users/korneev/Desktop/water-regime-gis/outputs/imagery/sp/SP_5_1/2026-05-07/sentinel_true_color.tif
SKIP sp/SP_5_1/2026-05-20: /Users/korneev/Desktop/water-regime-gis/outputs/imagery/sp/SP_5_1/2026-05-20/sentinel_true_color.tif
SKIP sp/SP_5_1/2026-05-22: /Users/korneev/Desktop/water-regime-gis/outputs/imagery/sp/SP_5_1/2026-05-22/sentinel_true_color.tif
SKIP sp/SP_5_1/2026-06-06: /Users/korneev/Desktop/water-regime-gis/outputs/imagery/sp/SP_5_1/2026-06-06/sentinel_true_color.tif
SKIP sp/SP_5_1/2026-06-08: /Users/korneev/Desktop/water-regime-gis/outputs/imagery/sp/SP_5_1/2026-06-08/sentinel_true_color.tif
SKIP sp/SP_5_1/2026-06-09: /Users/korneev/Desktop/water-regime-gis/outputs/imagery/sp/SP_5_1/2026-06-09/sentinel_true_color.tif
SKIP sp/SP_5_1/2026-06-11: /Users/korneev/Desktop/water-regime-gis/outputs/imagery/sp/SP_5_1/2026-06-11/sentinel_true_color.tif
SKIP sp/SP_5_1/2026-07-14: /Users/korneev/Desktop/water-regime-gis/outputs/imagery/sp/SP_5_1/2026-07-14/sentinel_true_color.tif
OK sp/SP_5_1/2026-07-19: /Users/korneev/Desktop/water-regime-gis/outputs/imagery/sp/SP_5_1/2026-07-19/sentinel_true_color.tif
SKIP sp/SP_5_1/2026-07-31: /Users/korneev/Desktop/water-regime-gis/outputs/imagery/sp/SP_5_1/2026-07-31/sentinel_true_color.tif
SKIP sp/SP_5_1/2026-08-10: /Users/korneev/Desktop/water-regime-gis/outputs/imagery/sp/SP_5_1/2026-08-10/sentinel_true_color.tif
SKIP sp/SP_5_2/2026-04-22: /Users/korneev/Desktop/water-regime-gis/outputs/imagery/sp/SP_5_2/2026-04-22/sentinel_true_color.tif
SKIP sp/SP_5_2/2026-05-05: /Users/korneev/Desktop/water-regime-gis/outputs/imagery/sp/SP_5_2/2026-05-05/sentinel_true_color.tif
SKIP sp/SP_5_2/2026-05-07: /Users/korneev/Desktop/water-regime-gis/outputs/imagery/sp/SP_5_2/2026-05-07/sentinel_true_color.tif
SKIP sp/SP_5_2/2026-05-20: /Users/korneev/Desktop/water-regime-gis/outputs/imagery/sp/SP_5_2/2026-05-20/sentinel_true_color.tif
SKIP sp/SP_5_2/2026-05-22: /Users/korneev/Desktop/water-regime-gis/outputs/imagery/sp/SP_5_2/2026-05-22/sentinel_true_color.tif
SKIP sp/SP_5_2/2026-06-06: /Users/korneev/Desktop/water-regime-gis/outputs/imagery/sp/SP_5_2/2026-06-06/sentinel_true_color.tif
SKIP sp/SP_5_2/2026-06-08: /Users/korneev/Desktop/water-regime-gis/outputs/imagery/sp/SP_5_2/2026-06-08/sentinel_true_color.tif
SKIP sp/SP_5_2/2026-06-09: /Users/korneev/Desktop/water-regime-gis/outputs/imagery/sp/SP_5_2/2026-06-09/sentinel_true_color.tif
SKIP sp/SP_5_2/2026-06-11: /Users/korneev/Desktop/water-regime-gis/outputs/imagery/sp/SP_5_2/2026-06-11/sentinel_true_color.tif
SKIP sp/SP_5_2/2026-07-14: /Users/korneev/Desktop/water-regime-gis/outputs/imagery/sp/SP_5_2/2026-07-14/sentinel_true_color.tif
SKIP sp/SP_5_2/2026-07-19: /Users/korneev/Desktop/water-regime-gis/outputs/imagery/sp/SP_5_2/2026-07-19/sentinel_true_color.tif
SKIP sp/SP_5_2/2026-07-31: /Users/korneev/Desktop/water-regime-gis/outputs/imagery/sp/SP_5_2/2026-07-31/sentinel_true_color.tif
SKIP sp/SP_5_2/2026-08-10: /Users/korneev/Desktop/water-regime-gis/outputs/imagery/sp/SP_5_2/2026-08-10/sentinel_true_color.tif
SKIP sp/SP_5_6/2026-04-22: /Users/korneev/Desktop/water-regime-gis/outputs/imagery/sp/SP_5_6/2026-04-22/sentinel_true_color.tif
SKIP sp/SP_5_6/2026-05-05: /Users/korneev/Desktop/water-regime-gis/outputs/imagery/sp/SP_5_6/2026-05-05/sentinel_true_color.tif
SKIP sp/SP_5_6/2026-05-07: /Users/korneev/Desktop/water-regime-gis/outputs/imagery/sp/SP_5_6/2026-05-07/sentinel_true_color.tif
SKIP sp/SP_5_6/2026-05-20: /Users/korneev/Desktop/water-regime-gis/outputs/imagery/sp/SP_5_6/2026-05-20/sentinel_true_color.tif
SKIP sp/SP_5_6/2026-05-22: /Users/korneev/Desktop/water-regime-gis/outputs/imagery/sp/SP_5_6/2026-05-22/sentinel_true_color.tif
SKIP sp/SP_5_6/2026-06-06: /Users/korneev/Desktop/water-regime-gis/outputs/imagery/sp/SP_5_6/2026-06-06/sentinel_true_color.tif
SKIP sp/SP_5_6/2026-06-08: /Users/korneev/Desktop/water-regime-gis/outputs/imagery/sp/SP_5_6/2026-06-08/sentinel_true_color.tif
SKIP sp/SP_5_6/2026-06-09: /Users/korneev/Desktop/water-regime-gis/outputs/imagery/sp/SP_5_6/2026-06-09/sentinel_true_color.tif
SKIP sp/SP_5_6/2026-06-11: /Users/korneev/Desktop/water-regime-gis/outputs/imagery/sp/SP_5_6/2026-06-11/sentinel_true_color.tif
SKIP sp/SP_5_6/2026-07-14: /Users/korneev/Desktop/water-regime-gis/outputs/imagery/sp/SP_5_6/2026-07-14/sentinel_true_color.tif
SKIP sp/SP_5_6/2026-07-19: /Users/korneev/Desktop/water-regime-gis/outputs/imagery/sp/SP_5_6/2026-07-19/sentinel_true_color.tif
SKIP sp/SP_5_6/2026-07-31: /Users/korneev/Desktop/water-regime-gis/outputs/imagery/sp/SP_5_6/2026-07-31/sentinel_true_color.tif
SKIP sp/SP_5_6/2026-08-10: /Users/korneev/Desktop/water-regime-gis/outputs/imagery/sp/SP_5_6/2026-08-10/sentinel_true_color.tif
SKIP sp/SP_5_5/2026-04-22: /Users/korneev/Desktop/water-regime-gis/outputs/imagery/sp/SP_5_5/2026-04-22/sentinel_true_color.tif
SKIP sp/SP_5_5/2026-05-05: /Users/korneev/Desktop/water-regime-gis/outputs/imagery/sp/SP_5_5/2026-05-05/sentinel_true_color.tif
SKIP sp/SP_5_5/2026-05-07: /Users/korneev/Desktop/water-regime-gis/outputs/imagery/sp/SP_5_5/2026-05-07/sentinel_true_color.tif
SKIP sp/SP_5_5/2026-05-20: /Users/korneev/Desktop/water-regime-gis/outputs/imagery/sp/SP_5_5/2026-05-20/sentinel_true_color.tif
SKIP sp/SP_5_5/2026-05-22: /Users/korneev/Desktop/water-regime-gis/outputs/imagery/sp/SP_5_5/2026-05-22/sentinel_true_color.tif
SKIP sp/SP_5_5/2026-06-06: /Users/korneev/Desktop/water-regime-gis/outputs/imagery/sp/SP_5_5/2026-06-06/sentinel_true_color.tif
SKIP sp/SP_5_5/2026-06-08: /Users/korneev/Desktop/water-regime-gis/outputs/imagery/sp/SP_5_5/2026-06-08/sentinel_true_color.tif
SKIP sp/SP_5_5/2026-06-09: /Users/korneev/Desktop/water-regime-gis/outputs/imagery/sp/SP_5_5/2026-06-09/sentinel_true_color.tif
SKIP sp/SP_5_5/2026-06-11: /Users/korneev/Desktop/water-regime-gis/outputs/imagery/sp/SP_5_5/2026-06-11/sentinel_true_color.tif
SKIP sp/SP_5_5/2026-07-14: /Users/korneev/Desktop/water-regime-gis/outputs/imagery/sp/SP_5_5/2026-07-14/sentinel_true_color.tif
SKIP sp/SP_5_5/2026-07-19: /Users/korneev/Desktop/water-regime-gis/outputs/imagery/sp/SP_5_5/2026-07-19/sentinel_true_color.tif
SKIP sp/SP_5_5/2026-07-31: /Users/korneev/Desktop/water-regime-gis/outputs/imagery/sp/SP_5_5/2026-07-31/sentinel_true_color.tif
SKIP sp/SP_5_5/2026-08-10: /Users/korneev/Desktop/water-regime-gis/outputs/imagery/sp/SP_5_5/2026-08-10/sentinel_true_color.tif
SKIP sp/SP_5_11/2026-04-22: /Users/korneev/Desktop/water-regime-gis/outputs/imagery/sp/SP_5_11/2026-04-22/sentinel_true_color.tif
SKIP sp/SP_5_11/2026-05-05: /Users/korneev/Desktop/water-regime-gis/outputs/imagery/sp/SP_5_11/2026-05-05/sentinel_true_color.tif
SKIP sp/SP_5_11/2026-05-07: /Users/korneev/Desktop/water-regime-gis/outputs/imagery/sp/SP_5_11/2026-05-07/sentinel_true_color.tif
SKIP sp/SP_5_11/2026-05-20: /Users/korneev/Desktop/water-regime-gis/outputs/imagery/sp/SP_5_11/2026-05-20/sentinel_true_color.tif
SKIP sp/SP_5_11/2026-05-22: /Users/korneev/Desktop/water-regime-gis/outputs/imagery/sp/SP_5_11/2026-05-22/sentinel_true_color.tif
SKIP sp/SP_5_11/2026-06-06: /Users/korneev/Desktop/water-regime-gis/outputs/imagery/sp/SP_5_11/2026-06-06/sentinel_true_color.tif
SKIP sp/SP_5_11/2026-06-08: /Users/korneev/Desktop/water-regime-gis/outputs/imagery/sp/SP_5_11/2026-06-08/sentinel_true_color.tif
SKIP sp/SP_5_11/2026-06-09: /Users/korneev/Desktop/water-regime-gis/outputs/imagery/sp/SP_5_11/2026-06-09/sentinel_true_color.tif
SKIP sp/SP_5_11/2026-06-11: /Users/korneev/Desktop/water-regime-gis/outputs/imagery/sp/SP_5_11/2026-06-11/sentinel_true_color.tif
SKIP sp/SP_5_11/2026-07-14: /Users/korneev/Desktop/water-regime-gis/outputs/imagery/sp/SP_5_11/2026-07-14/sentinel_true_color.tif
SKIP sp/SP_5_11/2026-07-19: /Users/korneev/Desktop/water-regime-gis/outputs/imagery/sp/SP_5_11/2026-07-19/sentinel_true_color.tif
SKIP sp/SP_5_11/2026-07-31: /Users/korneev/Desktop/water-regime-gis/outputs/imagery/sp/SP_5_11/2026-07-31/sentinel_true_color.tif
SKIP sp/SP_5_11/2026-08-10: /Users/korneev/Desktop/water-regime-gis/outputs/imagery/sp/SP_5_11/2026-08-10/sentinel_true_color.tif
SKIP sp/SP_5_12/2026-04-22: /Users/korneev/Desktop/water-regime-gis/outputs/imagery/sp/SP_5_12/2026-04-22/sentinel_true_color.tif
SKIP sp/SP_5_12/2026-05-05: /Users/korneev/Desktop/water-regime-gis/outputs/imagery/sp/SP_5_12/2026-05-05/sentinel_true_color.tif
SKIP sp/SP_5_12/2026-05-07: /Users/korneev/Desktop/water-regime-gis/outputs/imagery/sp/SP_5_12/2026-05-07/sentinel_true_color.tif
SKIP sp/SP_5_12/2026-05-20: /Users/korneev/Desktop/water-regime-gis/outputs/imagery/sp/SP_5_12/2026-05-20/sentinel_true_color.tif
SKIP sp/SP_5_12/2026-05-22: /Users/korneev/Desktop/water-regime-gis/outputs/imagery/sp/SP_5_12/2026-05-22/sentinel_true_color.tif
SKIP sp/SP_5_12/2026-06-06: /Users/korneev/Desktop/water-regime-gis/outputs/imagery/sp/SP_5_12/2026-06-06/sentinel_true_color.tif
SKIP sp/SP_5_12/2026-06-08: /Users/korneev/Desktop/water-regime-gis/outputs/imagery/sp/SP_5_12/2026-06-08/sentinel_true_color.tif
SKIP sp/SP_5_12/2026-06-09: /Users/korneev/Desktop/water-regime-gis/outputs/imagery/sp/SP_5_12/2026-06-09/sentinel_true_color.tif
SKIP sp/SP_5_12/2026-06-11: /Users/korneev/Desktop/water-regime-gis/outputs/imagery/sp/SP_5_12/2026-06-11/sentinel_true_color.tif
SKIP sp/SP_5_12/2026-07-14: /Users/korneev/Desktop/water-regime-gis/outputs/imagery/sp/SP_5_12/2026-07-14/sentinel_true_color.tif
SKIP sp/SP_5_12/2026-07-19: /Users/korneev/Desktop/water-regime-gis/outputs/imagery/sp/SP_5_12/2026-07-19/sentinel_true_color.tif
SKIP sp/SP_5_12/2026-07-31: /Users/korneev/Desktop/water-regime-gis/outputs/imagery/sp/SP_5_12/2026-07-31/sentinel_true_color.tif
SKIP sp/SP_5_12/2026-08-10: /Users/korneev/Desktop/water-regime-gis/outputs/imagery/sp/SP_5_12/2026-08-10/sentinel_true_color.tif
SKIP sp/SP_5_7/2026-04-22: /Users/korneev/Desktop/water-regime-gis/outputs/imagery/sp/SP_5_7/2026-04-22/sentinel_true_color.tif
SKIP sp/SP_5_7/2026-05-05: /Users/korneev/Desktop/water-regime-gis/outputs/imagery/sp/SP_5_7/2026-05-05/sentinel_true_color.tif
SKIP sp/SP_5_7/2026-05-07: /Users/korneev/Desktop/water-regime-gis/outputs/imagery/sp/SP_5_7/2026-05-07/sentinel_true_color.tif
SKIP sp/SP_5_7/2026-05-20: /Users/korneev/Desktop/water-regime-gis/outputs/imagery/sp/SP_5_7/2026-05-20/sentinel_true_color.tif
SKIP sp/SP_5_7/2026-05-22: /Users/korneev/Desktop/water-regime-gis/outputs/imagery/sp/SP_5_7/2026-05-22/sentinel_true_color.tif
SKIP sp/SP_5_7/2026-06-06: /Users/korneev/Desktop/water-regime-gis/outputs/imagery/sp/SP_5_7/2026-06-06/sentinel_true_color.tif
SKIP sp/SP_5_7/2026-06-08: /Users/korneev/Desktop/water-regime-gis/outputs/imagery/sp/SP_5_7/2026-06-08/sentinel_true_color.tif
SKIP sp/SP_5_7/2026-06-09: /Users/korneev/Desktop/water-regime-gis/outputs/imagery/sp/SP_5_7/2026-06-09/sentinel_true_color.tif
SKIP sp/SP_5_7/2026-06-11: /Users/korneev/Desktop/water-regime-gis/outputs/imagery/sp/SP_5_7/2026-06-11/sentinel_true_color.tif
SKIP sp/SP_5_7/2026-07-14: /Users/korneev/Desktop/water-regime-gis/outputs/imagery/sp/SP_5_7/2026-07-14/sentinel_true_color.tif
SKIP sp/SP_5_7/2026-07-19: /Users/korneev/Desktop/water-regime-gis/outputs/imagery/sp/SP_5_7/2026-07-19/sentinel_true_color.tif
SKIP sp/SP_5_7/2026-07-31: /Users/korneev/Desktop/water-regime-gis/outputs/imagery/sp/SP_5_7/2026-07-31/sentinel_true_color.tif
SKIP sp/SP_5_7/2026-08-10: /Users/korneev/Desktop/water-regime-gis/outputs/imagery/sp/SP_5_7/2026-08-10/sentinel_true_color.tif
SKIP sp/SP_5_10/2026-04-22: /Users/korneev/Desktop/water-regime-gis/outputs/imagery/sp/SP_5_10/2026-04-22/sentinel_true_color.tif
SKIP sp/SP_5_10/2026-05-05: /Users/korneev/Desktop/water-regime-gis/outputs/imagery/sp/SP_5_10/2026-05-05/sentinel_true_color.tif
SKIP sp/SP_5_10/2026-05-07: /Users/korneev/Desktop/water-regime-gis/outputs/imagery/sp/SP_5_10/2026-05-07/sentinel_true_color.tif
SKIP sp/SP_5_10/2026-05-20: /Users/korneev/Desktop/water-regime-gis/outputs/imagery/sp/SP_5_10/2026-05-20/sentinel_true_color.tif
SKIP sp/SP_5_10/2026-05-22: /Users/korneev/Desktop/water-regime-gis/outputs/imagery/sp/SP_5_10/2026-05-22/sentinel_true_color.tif
SKIP sp/SP_5_10/2026-06-06: /Users/korneev/Desktop/water-regime-gis/outputs/imagery/sp/SP_5_10/2026-06-06/sentinel_true_color.tif
SKIP sp/SP_5_10/2026-06-08: /Users/korneev/Desktop/water-regime-gis/outputs/imagery/sp/SP_5_10/2026-06-08/sentinel_true_color.tif
SKIP sp/SP_5_10/2026-06-09: /Users/korneev/Desktop/water-regime-gis/outputs/imagery/sp/SP_5_10/2026-06-09/sentinel_true_color.tif
SKIP sp/SP_5_10/2026-06-11: /Users/korneev/Desktop/water-regime-gis/outputs/imagery/sp/SP_5_10/2026-06-11/sentinel_true_color.tif
SKIP sp/SP_5_10/2026-07-14: /Users/korneev/Desktop/water-regime-gis/outputs/imagery/sp/SP_5_10/2026-07-14/sentinel_true_color.tif
SKIP sp/SP_5_10/2026-07-19: /Users/korneev/Desktop/water-regime-gis/outputs/imagery/sp/SP_5_10/2026-07-19/sentinel_true_color.tif
SKIP sp/SP_5_10/2026-07-31: /Users/korneev/Desktop/water-regime-gis/outputs/imagery/sp/SP_5_10/2026-07-31/sentinel_true_color.tif
SKIP sp/SP_5_10/2026-08-10: /Users/korneev/Desktop/water-regime-gis/outputs/imagery/sp/SP_5_10/2026-08-10/sentinel_true_color.tif
SKIP sp/SP_5_9/2026-04-22: /Users/korneev/Desktop/water-regime-gis/outputs/imagery/sp/SP_5_9/2026-04-22/sentinel_true_color.tif
SKIP sp/SP_5_9/2026-05-05: /Users/korneev/Desktop/water-regime-gis/outputs/imagery/sp/SP_5_9/2026-05-05/sentinel_true_color.tif
SKIP sp/SP_5_9/2026-05-07: /Users/korneev/Desktop/water-regime-gis/outputs/imagery/sp/SP_5_9/2026-05-07/sentinel_true_color.tif
SKIP sp/SP_5_9/2026-05-20: /Users/korneev/Desktop/water-regime-gis/outputs/imagery/sp/SP_5_9/2026-05-20/sentinel_true_color.tif
SKIP sp/SP_5_9/2026-05-22: /Users/korneev/Desktop/water-regime-gis/outputs/imagery/sp/SP_5_9/2026-05-22/sentinel_true_color.tif
SKIP sp/SP_5_9/2026-06-06: /Users/korneev/Desktop/water-regime-gis/outputs/imagery/sp/SP_5_9/2026-06-06/sentinel_true_color.tif
SKIP sp/SP_5_9/2026-06-08: /Users/korneev/Desktop/water-regime-gis/outputs/imagery/sp/SP_5_9/2026-06-08/sentinel_true_color.tif
SKIP sp/SP_5_9/2026-06-09: /Users/korneev/Desktop/water-regime-gis/outputs/imagery/sp/SP_5_9/2026-06-09/sentinel_true_color.tif
SKIP sp/SP_5_9/2026-06-11: /Users/korneev/Desktop/water-regime-gis/outputs/imagery/sp/SP_5_9/2026-06-11/sentinel_true_color.tif
SKIP sp/SP_5_9/2026-07-14: /Users/korneev/Desktop/water-regime-gis/outputs/imagery/sp/SP_5_9/2026-07-14/sentinel_true_color.tif
SKIP sp/SP_5_9/2026-07-19: /Users/korneev/Desktop/water-regime-gis/outputs/imagery/sp/SP_5_9/2026-07-19/sentinel_true_color.tif
SKIP sp/SP_5_9/2026-07-31: /Users/korneev/Desktop/water-regime-gis/outputs/imagery/sp/SP_5_9/2026-07-31/sentinel_true_color.tif
SKIP sp/SP_5_9/2026-08-10: /Users/korneev/Desktop/water-regime-gis/outputs/imagery/sp/SP_5_9/2026-08-10/sentinel_true_color.tif
SKIP sp/SP_5_15/2026-04-22: /Users/korneev/Desktop/water-regime-gis/outputs/imagery/sp/SP_5_15/2026-04-22/sentinel_true_color.tif
SKIP sp/SP_5_15/2026-05-05: /Users/korneev/Desktop/water-regime-gis/outputs/imagery/sp/SP_5_15/2026-05-05/sentinel_true_color.tif
SKIP sp/SP_5_15/2026-05-07: /Users/korneev/Desktop/water-regime-gis/outputs/imagery/sp/SP_5_15/2026-05-07/sentinel_true_color.tif
SKIP sp/SP_5_15/2026-05-20: /Users/korneev/Desktop/water-regime-gis/outputs/imagery/sp/SP_5_15/2026-05-20/sentinel_true_color.tif
SKIP sp/SP_5_15/2026-05-22: /Users/korneev/Desktop/water-regime-gis/outputs/imagery/sp/SP_5_15/2026-05-22/sentinel_true_color.tif
SKIP sp/SP_5_15/2026-06-06: /Users/korneev/Desktop/water-regime-gis/outputs/imagery/sp/SP_5_15/2026-06-06/sentinel_true_color.tif
OK sp/SP_5_15/2026-06-08: /Users/korneev/Desktop/water-regime-gis/outputs/imagery/sp/SP_5_15/2026-06-08/sentinel_true_color.tif
SKIP sp/SP_5_15/2026-06-09: /Users/korneev/Desktop/water-regime-gis/outputs/imagery/sp/SP_5_15/2026-06-09/sentinel_true_color.tif
SKIP sp/SP_5_15/2026-06-11: /Users/korneev/Desktop/water-regime-gis/outputs/imagery/sp/SP_5_15/2026-06-11/sentinel_true_color.tif
SKIP sp/SP_5_15/2026-07-14: /Users/korneev/Desktop/water-regime-gis/outputs/imagery/sp/SP_5_15/2026-07-14/sentinel_true_color.tif
SKIP sp/SP_5_15/2026-07-19: /Users/korneev/Desktop/water-regime-gis/outputs/imagery/sp/SP_5_15/2026-07-19/sentinel_true_color.tif
SKIP sp/SP_5_15/2026-07-31: /Users/korneev/Desktop/water-regime-gis/outputs/imagery/sp/SP_5_15/2026-07-31/sentinel_true_color.tif
SKIP sp/SP_5_15/2026-08-10: /Users/korneev/Desktop/water-regime-gis/outputs/imagery/sp/SP_5_15/2026-08-10/sentinel_true_color.tif
SKIP sp/SP_5_16/2026-04-22: /Users/korneev/Desktop/water-regime-gis/outputs/imagery/sp/SP_5_16/2026-04-22/sentinel_true_color.tif
SKIP sp/SP_5_16/2026-05-05: /Users/korneev/Desktop/water-regime-gis/outputs/imagery/sp/SP_5_16/2026-05-05/sentinel_true_color.tif
SKIP sp/SP_5_16/2026-05-07: /Users/korneev/Desktop/water-regime-gis/outputs/imagery/sp/SP_5_16/2026-05-07/sentinel_true_color.tif
SKIP sp/SP_5_16/2026-05-20: /Users/korneev/Desktop/water-regime-gis/outputs/imagery/sp/SP_5_16/2026-05-20/sentinel_true_color.tif
SKIP sp/SP_5_16/2026-05-22: /Users/korneev/Desktop/water-regime-gis/outputs/imagery/sp/SP_5_16/2026-05-22/sentinel_true_color.tif
SKIP sp/SP_5_16/2026-06-06: /Users/korneev/Desktop/water-regime-gis/outputs/imagery/sp/SP_5_16/2026-06-06/sentinel_true_color.tif
SKIP sp/SP_5_16/2026-06-08: /Users/korneev/Desktop/water-regime-gis/outputs/imagery/sp/SP_5_16/2026-06-08/sentinel_true_color.tif
SKIP sp/SP_5_16/2026-06-09: /Users/korneev/Desktop/water-regime-gis/outputs/imagery/sp/SP_5_16/2026-06-09/sentinel_true_color.tif
SKIP sp/SP_5_16/2026-06-11: /Users/korneev/Desktop/water-regime-gis/outputs/imagery/sp/SP_5_16/2026-06-11/sentinel_true_color.tif
SKIP sp/SP_5_16/2026-07-14: /Users/korneev/Desktop/water-regime-gis/outputs/imagery/sp/SP_5_16/2026-07-14/sentinel_true_color.tif
SKIP sp/SP_5_16/2026-07-19: /Users/korneev/Desktop/water-regime-gis/outputs/imagery/sp/SP_5_16/2026-07-19/sentinel_true_color.tif
SKIP sp/SP_5_16/2026-07-31: /Users/korneev/Desktop/water-regime-gis/outputs/imagery/sp/SP_5_16/2026-07-31/sentinel_true_color.tif
SKIP sp/SP_5_16/2026-08-10: /Users/korneev/Desktop/water-regime-gis/outputs/imagery/sp/SP_5_16/2026-08-10/sentinel_true_color.tif
SKIP sp/SP_5_3/2026-04-22: /Users/korneev/Desktop/water-regime-gis/outputs/imagery/sp/SP_5_3/2026-04-22/sentinel_true_color.tif
SKIP sp/SP_5_3/2026-05-05: /Users/korneev/Desktop/water-regime-gis/outputs/imagery/sp/SP_5_3/2026-05-05/sentinel_true_color.tif
SKIP sp/SP_5_3/2026-05-07: /Users/korneev/Desktop/water-regime-gis/outputs/imagery/sp/SP_5_3/2026-05-07/sentinel_true_color.tif
SKIP sp/SP_5_3/2026-05-20: /Users/korneev/Desktop/water-regime-gis/outputs/imagery/sp/SP_5_3/2026-05-20/sentinel_true_color.tif
SKIP sp/SP_5_3/2026-05-22: /Users/korneev/Desktop/water-regime-gis/outputs/imagery/sp/SP_5_3/2026-05-22/sentinel_true_color.tif
SKIP sp/SP_5_3/2026-06-06: /Users/korneev/Desktop/water-regime-gis/outputs/imagery/sp/SP_5_3/2026-06-06/sentinel_true_color.tif
SKIP sp/SP_5_3/2026-06-08: /Users/korneev/Desktop/water-regime-gis/outputs/imagery/sp/SP_5_3/2026-06-08/sentinel_true_color.tif
SKIP sp/SP_5_3/2026-06-09: /Users/korneev/Desktop/water-regime-gis/outputs/imagery/sp/SP_5_3/2026-06-09/sentinel_true_color.tif
SKIP sp/SP_5_3/2026-06-11: /Users/korneev/Desktop/water-regime-gis/outputs/imagery/sp/SP_5_3/2026-06-11/sentinel_true_color.tif
SKIP sp/SP_5_3/2026-07-14: /Users/korneev/Desktop/water-regime-gis/outputs/imagery/sp/SP_5_3/2026-07-14/sentinel_true_color.tif
SKIP sp/SP_5_3/2026-07-19: /Users/korneev/Desktop/water-regime-gis/outputs/imagery/sp/SP_5_3/2026-07-19/sentinel_true_color.tif
SKIP sp/SP_5_3/2026-07-31: /Users/korneev/Desktop/water-regime-gis/outputs/imagery/sp/SP_5_3/2026-07-31/sentinel_true_color.tif
SKIP sp/SP_5_3/2026-08-10: /Users/korneev/Desktop/water-regime-gis/outputs/imagery/sp/SP_5_3/2026-08-10/sentinel_true_color.tif
SKIP sp/SP_5_14/2026-04-22: /Users/korneev/Desktop/water-regime-gis/outputs/imagery/sp/SP_5_14/2026-04-22/sentinel_true_color.tif
SKIP sp/SP_5_14/2026-05-05: /Users/korneev/Desktop/water-regime-gis/outputs/imagery/sp/SP_5_14/2026-05-05/sentinel_true_color.tif
SKIP sp/SP_5_14/2026-05-07: /Users/korneev/Desktop/water-regime-gis/outputs/imagery/sp/SP_5_14/2026-05-07/sentinel_true_color.tif
SKIP sp/SP_5_14/2026-05-20: /Users/korneev/Desktop/water-regime-gis/outputs/imagery/sp/SP_5_14/2026-05-20/sentinel_true_color.tif
SKIP sp/SP_5_14/2026-05-22: /Users/korneev/Desktop/water-regime-gis/outputs/imagery/sp/SP_5_14/2026-05-22/sentinel_true_color.tif
SKIP sp/SP_5_14/2026-06-06: /Users/korneev/Desktop/water-regime-gis/outputs/imagery/sp/SP_5_14/2026-06-06/sentinel_true_color.tif
SKIP sp/SP_5_14/2026-06-08: /Users/korneev/Desktop/water-regime-gis/outputs/imagery/sp/SP_5_14/2026-06-08/sentinel_true_color.tif
SKIP sp/SP_5_14/2026-06-09: /Users/korneev/Desktop/water-regime-gis/outputs/imagery/sp/SP_5_14/2026-06-09/sentinel_true_color.tif
SKIP sp/SP_5_14/2026-06-11: /Users/korneev/Desktop/water-regime-gis/outputs/imagery/sp/SP_5_14/2026-06-11/sentinel_true_color.tif
SKIP sp/SP_5_14/2026-07-14: /Users/korneev/Desktop/water-regime-gis/outputs/imagery/sp/SP_5_14/2026-07-14/sentinel_true_color.tif
SKIP sp/SP_5_14/2026-07-19: /Users/korneev/Desktop/water-regime-gis/outputs/imagery/sp/SP_5_14/2026-07-19/sentinel_true_color.tif
OK sp/SP_5_14/2026-07-31: /Users/korneev/Desktop/water-regime-gis/outputs/imagery/sp/SP_5_14/2026-07-31/sentinel_true_color.tif
SKIP sp/SP_5_14/2026-08-10: /Users/korneev/Desktop/water-regime-gis/outputs/imagery/sp/SP_5_14/2026-08-10/sentinel_true_color.tif
SKIP sp/SP_5_8/2026-04-22: /Users/korneev/Desktop/water-regime-gis/outputs/imagery/sp/SP_5_8/2026-04-22/sentinel_true_color.tif
SKIP sp/SP_5_8/2026-05-05: /Users/korneev/Desktop/water-regime-gis/outputs/imagery/sp/SP_5_8/2026-05-05/sentinel_true_color.tif
SKIP sp/SP_5_8/2026-05-07: /Users/korneev/Desktop/water-regime-gis/outputs/imagery/sp/SP_5_8/2026-05-07/sentinel_true_color.tif
SKIP sp/SP_5_8/2026-05-20: /Users/korneev/Desktop/water-regime-gis/outputs/imagery/sp/SP_5_8/2026-05-20/sentinel_true_color.tif
SKIP sp/SP_5_8/2026-05-22: /Users/korneev/Desktop/water-regime-gis/outputs/imagery/sp/SP_5_8/2026-05-22/sentinel_true_color.tif
SKIP sp/SP_5_8/2026-06-06: /Users/korneev/Desktop/water-regime-gis/outputs/imagery/sp/SP_5_8/2026-06-06/sentinel_true_color.tif
SKIP sp/SP_5_8/2026-06-08: /Users/korneev/Desktop/water-regime-gis/outputs/imagery/sp/SP_5_8/2026-06-08/sentinel_true_color.tif
SKIP sp/SP_5_8/2026-06-09: /Users/korneev/Desktop/water-regime-gis/outputs/imagery/sp/SP_5_8/2026-06-09/sentinel_true_color.tif
SKIP sp/SP_5_8/2026-06-11: /Users/korneev/Desktop/water-regime-gis/outputs/imagery/sp/SP_5_8/2026-06-11/sentinel_true_color.tif
SKIP sp/SP_5_8/2026-07-14: /Users/korneev/Desktop/water-regime-gis/outputs/imagery/sp/SP_5_8/2026-07-14/sentinel_true_color.tif
SKIP sp/SP_5_8/2026-07-19: /Users/korneev/Desktop/water-regime-gis/outputs/imagery/sp/SP_5_8/2026-07-19/sentinel_true_color.tif
SKIP sp/SP_5_8/2026-07-31: /Users/korneev/Desktop/water-regime-gis/outputs/imagery/sp/SP_5_8/2026-07-31/sentinel_true_color.tif
SKIP sp/SP_5_8/2026-08-10: /Users/korneev/Desktop/water-regime-gis/outputs/imagery/sp/SP_5_8/2026-08-10/sentinel_true_color.tif
SKIP sp/SP_5_13/2026-04-22: /Users/korneev/Desktop/water-regime-gis/outputs/imagery/sp/SP_5_13/2026-04-22/sentinel_true_color.tif
SKIP sp/SP_5_13/2026-05-05: /Users/korneev/Desktop/water-regime-gis/outputs/imagery/sp/SP_5_13/2026-05-05/sentinel_true_color.tif
SKIP sp/SP_5_13/2026-05-07: /Users/korneev/Desktop/water-regime-gis/outputs/imagery/sp/SP_5_13/2026-05-07/sentinel_true_color.tif
SKIP sp/SP_5_13/2026-05-20: /Users/korneev/Desktop/water-regime-gis/outputs/imagery/sp/SP_5_13/2026-05-20/sentinel_true_color.tif
SKIP sp/SP_5_13/2026-05-22: /Users/korneev/Desktop/water-regime-gis/outputs/imagery/sp/SP_5_13/2026-05-22/sentinel_true_color.tif
SKIP sp/SP_5_13/2026-06-06: /Users/korneev/Desktop/water-regime-gis/outputs/imagery/sp/SP_5_13/2026-06-06/sentinel_true_color.tif
SKIP sp/SP_5_13/2026-06-08: /Users/korneev/Desktop/water-regime-gis/outputs/imagery/sp/SP_5_13/2026-06-08/sentinel_true_color.tif
SKIP sp/SP_5_13/2026-06-09: /Users/korneev/Desktop/water-regime-gis/outputs/imagery/sp/SP_5_13/2026-06-09/sentinel_true_color.tif
SKIP sp/SP_5_13/2026-06-11: /Users/korneev/Desktop/water-regime-gis/outputs/imagery/sp/SP_5_13/2026-06-11/sentinel_true_color.tif
SKIP sp/SP_5_13/2026-07-14: /Users/korneev/Desktop/water-regime-gis/outputs/imagery/sp/SP_5_13/2026-07-14/sentinel_true_color.tif
SKIP sp/SP_5_13/2026-07-19: /Users/korneev/Desktop/water-regime-gis/outputs/imagery/sp/SP_5_13/2026-07-19/sentinel_true_color.tif
SKIP sp/SP_5_13/2026-07-31: /Users/korneev/Desktop/water-regime-gis/outputs/imagery/sp/SP_5_13/2026-07-31/sentinel_true_color.tif
SKIP sp/SP_5_13/2026-08-10: /Users/korneev/Desktop/water-regime-gis/outputs/imagery/sp/SP_5_13/2026-08-10/sentinel_true_color.tif
SKIP sp/SP_6_17/2026-04-22: /Users/korneev/Desktop/water-regime-gis/outputs/imagery/sp/SP_6_17/2026-04-22/sentinel_true_color.tif
SKIP sp/SP_6_17/2026-05-05: /Users/korneev/Desktop/water-regime-gis/outputs/imagery/sp/SP_6_17/2026-05-05/sentinel_true_color.tif
SKIP sp/SP_6_17/2026-05-07: /Users/korneev/Desktop/water-regime-gis/outputs/imagery/sp/SP_6_17/2026-05-07/sentinel_true_color.tif
SKIP sp/SP_6_17/2026-05-20: /Users/korneev/Desktop/water-regime-gis/outputs/imagery/sp/SP_6_17/2026-05-20/sentinel_true_color.tif
SKIP sp/SP_6_17/2026-05-22: /Users/korneev/Desktop/water-regime-gis/outputs/imagery/sp/SP_6_17/2026-05-22/sentinel_true_color.tif
SKIP sp/SP_6_17/2026-06-06: /Users/korneev/Desktop/water-regime-gis/outputs/imagery/sp/SP_6_17/2026-06-06/sentinel_true_color.tif
SKIP sp/SP_6_17/2026-06-08: /Users/korneev/Desktop/water-regime-gis/outputs/imagery/sp/SP_6_17/2026-06-08/sentinel_true_color.tif
SKIP sp/SP_6_17/2026-06-09: /Users/korneev/Desktop/water-regime-gis/outputs/imagery/sp/SP_6_17/2026-06-09/sentinel_true_color.tif
SKIP sp/SP_6_17/2026-06-11: /Users/korneev/Desktop/water-regime-gis/outputs/imagery/sp/SP_6_17/2026-06-11/sentinel_true_color.tif
SKIP sp/SP_6_17/2026-07-14: /Users/korneev/Desktop/water-regime-gis/outputs/imagery/sp/SP_6_17/2026-07-14/sentinel_true_color.tif
SKIP sp/SP_6_17/2026-07-19: /Users/korneev/Desktop/water-regime-gis/outputs/imagery/sp/SP_6_17/2026-07-19/sentinel_true_color.tif
SKIP sp/SP_6_17/2026-07-31: /Users/korneev/Desktop/water-regime-gis/outputs/imagery/sp/SP_6_17/2026-07-31/sentinel_true_color.tif
SKIP sp/SP_6_17/2026-08-10: /Users/korneev/Desktop/water-regime-gis/outputs/imagery/sp/SP_6_17/2026-08-10/sentinel_true_color.tif
SKIP sp/SP_6_16/2026-04-22: /Users/korneev/Desktop/water-regime-gis/outputs/imagery/sp/SP_6_16/2026-04-22/sentinel_true_color.tif
SKIP sp/SP_6_16/2026-05-05: /Users/korneev/Desktop/water-regime-gis/outputs/imagery/sp/SP_6_16/2026-05-05/sentinel_true_color.tif
SKIP sp/SP_6_16/2026-05-07: /Users/korneev/Desktop/water-regime-gis/outputs/imagery/sp/SP_6_16/2026-05-07/sentinel_true_color.tif
SKIP sp/SP_6_16/2026-05-20: /Users/korneev/Desktop/water-regime-gis/outputs/imagery/sp/SP_6_16/2026-05-20/sentinel_true_color.tif
SKIP sp/SP_6_16/2026-05-22: /Users/korneev/Desktop/water-regime-gis/outputs/imagery/sp/SP_6_16/2026-05-22/sentinel_true_color.tif
SKIP sp/SP_6_16/2026-06-06: /Users/korneev/Desktop/water-regime-gis/outputs/imagery/sp/SP_6_16/2026-06-06/sentinel_true_color.tif
SKIP sp/SP_6_16/2026-06-08: /Users/korneev/Desktop/water-regime-gis/outputs/imagery/sp/SP_6_16/2026-06-08/sentinel_true_color.tif
SKIP sp/SP_6_16/2026-06-09: /Users/korneev/Desktop/water-regime-gis/outputs/imagery/sp/SP_6_16/2026-06-09/sentinel_true_color.tif
SKIP sp/SP_6_16/2026-06-11: /Users/korneev/Desktop/water-regime-gis/outputs/imagery/sp/SP_6_16/2026-06-11/sentinel_true_color.tif
SKIP sp/SP_6_16/2026-07-14: /Users/korneev/Desktop/water-regime-gis/outputs/imagery/sp/SP_6_16/2026-07-14/sentinel_true_color.tif
SKIP sp/SP_6_16/2026-07-19: /Users/korneev/Desktop/water-regime-gis/outputs/imagery/sp/SP_6_16/2026-07-19/sentinel_true_color.tif
SKIP sp/SP_6_16/2026-07-31: /Users/korneev/Desktop/water-regime-gis/outputs/imagery/sp/SP_6_16/2026-07-31/sentinel_true_color.tif
SKIP sp/SP_6_16/2026-08-10: /Users/korneev/Desktop/water-regime-gis/outputs/imagery/sp/SP_6_16/2026-08-10/sentinel_true_color.tif
SKIP sp/SP_6_1/2026-04-22: /Users/korneev/Desktop/water-regime-gis/outputs/imagery/sp/SP_6_1/2026-04-22/sentinel_true_color.tif
SKIP sp/SP_6_1/2026-05-05: /Users/korneev/Desktop/water-regime-gis/outputs/imagery/sp/SP_6_1/2026-05-05/sentinel_true_color.tif
SKIP sp/SP_6_1/2026-05-07: /Users/korneev/Desktop/water-regime-gis/outputs/imagery/sp/SP_6_1/2026-05-07/sentinel_true_color.tif
SKIP sp/SP_6_1/2026-05-20: /Users/korneev/Desktop/water-regime-gis/outputs/imagery/sp/SP_6_1/2026-05-20/sentinel_true_color.tif
SKIP sp/SP_6_1/2026-05-22: /Users/korneev/Desktop/water-regime-gis/outputs/imagery/sp/SP_6_1/2026-05-22/sentinel_true_color.tif
SKIP sp/SP_6_1/2026-06-06: /Users/korneev/Desktop/water-regime-gis/outputs/imagery/sp/SP_6_1/2026-06-06/sentinel_true_color.tif
SKIP sp/SP_6_1/2026-06-08: /Users/korneev/Desktop/water-regime-gis/outputs/imagery/sp/SP_6_1/2026-06-08/sentinel_true_color.tif
SKIP sp/SP_6_1/2026-06-09: /Users/korneev/Desktop/water-regime-gis/outputs/imagery/sp/SP_6_1/2026-06-09/sentinel_true_color.tif
SKIP sp/SP_6_1/2026-06-11: /Users/korneev/Desktop/water-regime-gis/outputs/imagery/sp/SP_6_1/2026-06-11/sentinel_true_color.tif
SKIP sp/SP_6_1/2026-07-14: /Users/korneev/Desktop/water-regime-gis/outputs/imagery/sp/SP_6_1/2026-07-14/sentinel_true_color.tif
SKIP sp/SP_6_1/2026-07-19: /Users/korneev/Desktop/water-regime-gis/outputs/imagery/sp/SP_6_1/2026-07-19/sentinel_true_color.tif
SKIP sp/SP_6_1/2026-07-31: /Users/korneev/Desktop/water-regime-gis/outputs/imagery/sp/SP_6_1/2026-07-31/sentinel_true_color.tif
SKIP sp/SP_6_1/2026-08-10: /Users/korneev/Desktop/water-regime-gis/outputs/imagery/sp/SP_6_1/2026-08-10/sentinel_true_color.tif
SKIP sp/SP_6_2/2026-04-22: /Users/korneev/Desktop/water-regime-gis/outputs/imagery/sp/SP_6_2/2026-04-22/sentinel_true_color.tif
SKIP sp/SP_6_2/2026-05-05: /Users/korneev/Desktop/water-regime-gis/outputs/imagery/sp/SP_6_2/2026-05-05/sentinel_true_color.tif
SKIP sp/SP_6_2/2026-05-07: /Users/korneev/Desktop/water-regime-gis/outputs/imagery/sp/SP_6_2/2026-05-07/sentinel_true_color.tif
SKIP sp/SP_6_2/2026-05-20: /Users/korneev/Desktop/water-regime-gis/outputs/imagery/sp/SP_6_2/2026-05-20/sentinel_true_color.tif
SKIP sp/SP_6_2/2026-05-22: /Users/korneev/Desktop/water-regime-gis/outputs/imagery/sp/SP_6_2/2026-05-22/sentinel_true_color.tif
SKIP sp/SP_6_2/2026-06-06: /Users/korneev/Desktop/water-regime-gis/outputs/imagery/sp/SP_6_2/2026-06-06/sentinel_true_color.tif
SKIP sp/SP_6_2/2026-06-08: /Users/korneev/Desktop/water-regime-gis/outputs/imagery/sp/SP_6_2/2026-06-08/sentinel_true_color.tif
SKIP sp/SP_6_2/2026-06-09: /Users/korneev/Desktop/water-regime-gis/outputs/imagery/sp/SP_6_2/2026-06-09/sentinel_true_color.tif
SKIP sp/SP_6_2/2026-06-11: /Users/korneev/Desktop/water-regime-gis/outputs/imagery/sp/SP_6_2/2026-06-11/sentinel_true_color.tif
SKIP sp/SP_6_2/2026-07-14: /Users/korneev/Desktop/water-regime-gis/outputs/imagery/sp/SP_6_2/2026-07-14/sentinel_true_color.tif
SKIP sp/SP_6_2/2026-07-19: /Users/korneev/Desktop/water-regime-gis/outputs/imagery/sp/SP_6_2/2026-07-19/sentinel_true_color.tif
SKIP sp/SP_6_2/2026-07-31: /Users/korneev/Desktop/water-regime-gis/outputs/imagery/sp/SP_6_2/2026-07-31/sentinel_true_color.tif
SKIP sp/SP_6_2/2026-08-10: /Users/korneev/Desktop/water-regime-gis/outputs/imagery/sp/SP_6_2/2026-08-10/sentinel_true_color.tif
SKIP sp/SP_6_3/2026-04-22: /Users/korneev/Desktop/water-regime-gis/outputs/imagery/sp/SP_6_3/2026-04-22/sentinel_true_color.tif
SKIP sp/SP_6_3/2026-05-05: /Users/korneev/Desktop/water-regime-gis/outputs/imagery/sp/SP_6_3/2026-05-05/sentinel_true_color.tif
SKIP sp/SP_6_3/2026-05-07: /Users/korneev/Desktop/water-regime-gis/outputs/imagery/sp/SP_6_3/2026-05-07/sentinel_true_color.tif
SKIP sp/SP_6_3/2026-05-20: /Users/korneev/Desktop/water-regime-gis/outputs/imagery/sp/SP_6_3/2026-05-20/sentinel_true_color.tif
SKIP sp/SP_6_3/2026-05-22: /Users/korneev/Desktop/water-regime-gis/outputs/imagery/sp/SP_6_3/2026-05-22/sentinel_true_color.tif
SKIP sp/SP_6_3/2026-06-06: /Users/korneev/Desktop/water-regime-gis/outputs/imagery/sp/SP_6_3/2026-06-06/sentinel_true_color.tif
SKIP sp/SP_6_3/2026-06-08: /Users/korneev/Desktop/water-regime-gis/outputs/imagery/sp/SP_6_3/2026-06-08/sentinel_true_color.tif
SKIP sp/SP_6_3/2026-06-09: /Users/korneev/Desktop/water-regime-gis/outputs/imagery/sp/SP_6_3/2026-06-09/sentinel_true_color.tif
SKIP sp/SP_6_3/2026-06-11: /Users/korneev/Desktop/water-regime-gis/outputs/imagery/sp/SP_6_3/2026-06-11/sentinel_true_color.tif
SKIP sp/SP_6_3/2026-07-14: /Users/korneev/Desktop/water-regime-gis/outputs/imagery/sp/SP_6_3/2026-07-14/sentinel_true_color.tif
SKIP sp/SP_6_3/2026-07-19: /Users/korneev/Desktop/water-regime-gis/outputs/imagery/sp/SP_6_3/2026-07-19/sentinel_true_color.tif
SKIP sp/SP_6_3/2026-07-31: /Users/korneev/Desktop/water-regime-gis/outputs/imagery/sp/SP_6_3/2026-07-31/sentinel_true_color.tif
SKIP sp/SP_6_3/2026-08-10: /Users/korneev/Desktop/water-regime-gis/outputs/imagery/sp/SP_6_3/2026-08-10/sentinel_true_color.tif
SKIP sp/SP_6_4/2026-04-22: /Users/korneev/Desktop/water-regime-gis/outputs/imagery/sp/SP_6_4/2026-04-22/sentinel_true_color.tif
SKIP sp/SP_6_4/2026-05-05: /Users/korneev/Desktop/water-regime-gis/outputs/imagery/sp/SP_6_4/2026-05-05/sentinel_true_color.tif
SKIP sp/SP_6_4/2026-05-07: /Users/korneev/Desktop/water-regime-gis/outputs/imagery/sp/SP_6_4/2026-05-07/sentinel_true_color.tif
SKIP sp/SP_6_4/2026-05-20: /Users/korneev/Desktop/water-regime-gis/outputs/imagery/sp/SP_6_4/2026-05-20/sentinel_true_color.tif
SKIP sp/SP_6_4/2026-05-22: /Users/korneev/Desktop/water-regime-gis/outputs/imagery/sp/SP_6_4/2026-05-22/sentinel_true_color.tif
SKIP sp/SP_6_4/2026-06-06: /Users/korneev/Desktop/water-regime-gis/outputs/imagery/sp/SP_6_4/2026-06-06/sentinel_true_color.tif
SKIP sp/SP_6_4/2026-06-08: /Users/korneev/Desktop/water-regime-gis/outputs/imagery/sp/SP_6_4/2026-06-08/sentinel_true_color.tif
SKIP sp/SP_6_4/2026-06-09: /Users/korneev/Desktop/water-regime-gis/outputs/imagery/sp/SP_6_4/2026-06-09/sentinel_true_color.tif
SKIP sp/SP_6_4/2026-06-11: /Users/korneev/Desktop/water-regime-gis/outputs/imagery/sp/SP_6_4/2026-06-11/sentinel_true_color.tif
SKIP sp/SP_6_4/2026-07-14: /Users/korneev/Desktop/water-regime-gis/outputs/imagery/sp/SP_6_4/2026-07-14/sentinel_true_color.tif
SKIP sp/SP_6_4/2026-07-19: /Users/korneev/Desktop/water-regime-gis/outputs/imagery/sp/SP_6_4/2026-07-19/sentinel_true_color.tif
SKIP sp/SP_6_4/2026-07-31: /Users/korneev/Desktop/water-regime-gis/outputs/imagery/sp/SP_6_4/2026-07-31/sentinel_true_color.tif
SKIP sp/SP_6_4/2026-08-10: /Users/korneev/Desktop/water-regime-gis/outputs/imagery/sp/SP_6_4/2026-08-10/sentinel_true_color.tif
SKIP sp/SP_6_5/2026-04-22: /Users/korneev/Desktop/water-regime-gis/outputs/imagery/sp/SP_6_5/2026-04-22/sentinel_true_color.tif
SKIP sp/SP_6_5/2026-05-05: /Users/korneev/Desktop/water-regime-gis/outputs/imagery/sp/SP_6_5/2026-05-05/sentinel_true_color.tif
SKIP sp/SP_6_5/2026-05-07: /Users/korneev/Desktop/water-regime-gis/outputs/imagery/sp/SP_6_5/2026-05-07/sentinel_true_color.tif
SKIP sp/SP_6_5/2026-05-20: /Users/korneev/Desktop/water-regime-gis/outputs/imagery/sp/SP_6_5/2026-05-20/sentinel_true_color.tif
SKIP sp/SP_6_5/2026-05-22: /Users/korneev/Desktop/water-regime-gis/outputs/imagery/sp/SP_6_5/2026-05-22/sentinel_true_color.tif
SKIP sp/SP_6_5/2026-06-06: /Users/korneev/Desktop/water-regime-gis/outputs/imagery/sp/SP_6_5/2026-06-06/sentinel_true_color.tif
SKIP sp/SP_6_5/2026-06-08: /Users/korneev/Desktop/water-regime-gis/outputs/imagery/sp/SP_6_5/2026-06-08/sentinel_true_color.tif
SKIP sp/SP_6_5/2026-06-09: /Users/korneev/Desktop/water-regime-gis/outputs/imagery/sp/SP_6_5/2026-06-09/sentinel_true_color.tif
SKIP sp/SP_6_5/2026-06-11: /Users/korneev/Desktop/water-regime-gis/outputs/imagery/sp/SP_6_5/2026-06-11/sentinel_true_color.tif
SKIP sp/SP_6_5/2026-07-14: /Users/korneev/Desktop/water-regime-gis/outputs/imagery/sp/SP_6_5/2026-07-14/sentinel_true_color.tif
SKIP sp/SP_6_5/2026-07-19: /Users/korneev/Desktop/water-regime-gis/outputs/imagery/sp/SP_6_5/2026-07-19/sentinel_true_color.tif
SKIP sp/SP_6_5/2026-07-31: /Users/korneev/Desktop/water-regime-gis/outputs/imagery/sp/SP_6_5/2026-07-31/sentinel_true_color.tif
SKIP sp/SP_6_5/2026-08-10: /Users/korneev/Desktop/water-regime-gis/outputs/imagery/sp/SP_6_5/2026-08-10/sentinel_true_color.tif
SKIP sp/SP_6_9/2026-04-22: /Users/korneev/Desktop/water-regime-gis/outputs/imagery/sp/SP_6_9/2026-04-22/sentinel_true_color.tif
SKIP sp/SP_6_9/2026-05-05: /Users/korneev/Desktop/water-regime-gis/outputs/imagery/sp/SP_6_9/2026-05-05/sentinel_true_color.tif
SKIP sp/SP_6_9/2026-05-07: /Users/korneev/Desktop/water-regime-gis/outputs/imagery/sp/SP_6_9/2026-05-07/sentinel_true_color.tif
SKIP sp/SP_6_9/2026-05-20: /Users/korneev/Desktop/water-regime-gis/outputs/imagery/sp/SP_6_9/2026-05-20/sentinel_true_color.tif
SKIP sp/SP_6_9/2026-05-22: /Users/korneev/Desktop/water-regime-gis/outputs/imagery/sp/SP_6_9/2026-05-22/sentinel_true_color.tif
SKIP sp/SP_6_9/2026-06-06: /Users/korneev/Desktop/water-regime-gis/outputs/imagery/sp/SP_6_9/2026-06-06/sentinel_true_color.tif
SKIP sp/SP_6_9/2026-06-08: /Users/korneev/Desktop/water-regime-gis/outputs/imagery/sp/SP_6_9/2026-06-08/sentinel_true_color.tif
SKIP sp/SP_6_9/2026-06-09: /Users/korneev/Desktop/water-regime-gis/outputs/imagery/sp/SP_6_9/2026-06-09/sentinel_true_color.tif
SKIP sp/SP_6_9/2026-06-11: /Users/korneev/Desktop/water-regime-gis/outputs/imagery/sp/SP_6_9/2026-06-11/sentinel_true_color.tif
SKIP sp/SP_6_9/2026-07-14: /Users/korneev/Desktop/water-regime-gis/outputs/imagery/sp/SP_6_9/2026-07-14/sentinel_true_color.tif
SKIP sp/SP_6_9/2026-07-19: /Users/korneev/Desktop/water-regime-gis/outputs/imagery/sp/SP_6_9/2026-07-19/sentinel_true_color.tif
SKIP sp/SP_6_9/2026-07-31: /Users/korneev/Desktop/water-regime-gis/outputs/imagery/sp/SP_6_9/2026-07-31/sentinel_true_color.tif
SKIP sp/SP_6_9/2026-08-10: /Users/korneev/Desktop/water-regime-gis/outputs/imagery/sp/SP_6_9/2026-08-10/sentinel_true_color.tif
SKIP sp/SP_6_6/2026-04-22: /Users/korneev/Desktop/water-regime-gis/outputs/imagery/sp/SP_6_6/2026-04-22/sentinel_true_color.tif
SKIP sp/SP_6_6/2026-05-05: /Users/korneev/Desktop/water-regime-gis/outputs/imagery/sp/SP_6_6/2026-05-05/sentinel_true_color.tif
SKIP sp/SP_6_6/2026-05-07: /Users/korneev/Desktop/water-regime-gis/outputs/imagery/sp/SP_6_6/2026-05-07/sentinel_true_color.tif
SKIP sp/SP_6_6/2026-05-20: /Users/korneev/Desktop/water-regime-gis/outputs/imagery/sp/SP_6_6/2026-05-20/sentinel_true_color.tif
SKIP sp/SP_6_6/2026-05-22: /Users/korneev/Desktop/water-regime-gis/outputs/imagery/sp/SP_6_6/2026-05-22/sentinel_true_color.tif
SKIP sp/SP_6_6/2026-06-06: /Users/korneev/Desktop/water-regime-gis/outputs/imagery/sp/SP_6_6/2026-06-06/sentinel_true_color.tif
SKIP sp/SP_6_6/2026-06-08: /Users/korneev/Desktop/water-regime-gis/outputs/imagery/sp/SP_6_6/2026-06-08/sentinel_true_color.tif
SKIP sp/SP_6_6/2026-06-09: /Users/korneev/Desktop/water-regime-gis/outputs/imagery/sp/SP_6_6/2026-06-09/sentinel_true_color.tif
SKIP sp/SP_6_6/2026-06-11: /Users/korneev/Desktop/water-regime-gis/outputs/imagery/sp/SP_6_6/2026-06-11/sentinel_true_color.tif
SKIP sp/SP_6_6/2026-07-14: /Users/korneev/Desktop/water-regime-gis/outputs/imagery/sp/SP_6_6/2026-07-14/sentinel_true_color.tif
SKIP sp/SP_6_6/2026-07-19: /Users/korneev/Desktop/water-regime-gis/outputs/imagery/sp/SP_6_6/2026-07-19/sentinel_true_color.tif
SKIP sp/SP_6_6/2026-07-31: /Users/korneev/Desktop/water-regime-gis/outputs/imagery/sp/SP_6_6/2026-07-31/sentinel_true_color.tif
SKIP sp/SP_6_6/2026-08-10: /Users/korneev/Desktop/water-regime-gis/outputs/imagery/sp/SP_6_6/2026-08-10/sentinel_true_color.tif
SKIP sp/SP_6_7/2026-04-22: /Users/korneev/Desktop/water-regime-gis/outputs/imagery/sp/SP_6_7/2026-04-22/sentinel_true_color.tif
SKIP sp/SP_6_7/2026-05-05: /Users/korneev/Desktop/water-regime-gis/outputs/imagery/sp/SP_6_7/2026-05-05/sentinel_true_color.tif
SKIP sp/SP_6_7/2026-05-07: /Users/korneev/Desktop/water-regime-gis/outputs/imagery/sp/SP_6_7/2026-05-07/sentinel_true_color.tif
SKIP sp/SP_6_7/2026-05-20: /Users/korneev/Desktop/water-regime-gis/outputs/imagery/sp/SP_6_7/2026-05-20/sentinel_true_color.tif
SKIP sp/SP_6_7/2026-05-22: /Users/korneev/Desktop/water-regime-gis/outputs/imagery/sp/SP_6_7/2026-05-22/sentinel_true_color.tif
SKIP sp/SP_6_7/2026-06-06: /Users/korneev/Desktop/water-regime-gis/outputs/imagery/sp/SP_6_7/2026-06-06/sentinel_true_color.tif
SKIP sp/SP_6_7/2026-06-08: /Users/korneev/Desktop/water-regime-gis/outputs/imagery/sp/SP_6_7/2026-06-08/sentinel_true_color.tif
SKIP sp/SP_6_7/2026-06-09: /Users/korneev/Desktop/water-regime-gis/outputs/imagery/sp/SP_6_7/2026-06-09/sentinel_true_color.tif
SKIP sp/SP_6_7/2026-06-11: /Users/korneev/Desktop/water-regime-gis/outputs/imagery/sp/SP_6_7/2026-06-11/sentinel_true_color.tif
SKIP sp/SP_6_7/2026-07-14: /Users/korneev/Desktop/water-regime-gis/outputs/imagery/sp/SP_6_7/2026-07-14/sentinel_true_color.tif
SKIP sp/SP_6_7/2026-07-19: /Users/korneev/Desktop/water-regime-gis/outputs/imagery/sp/SP_6_7/2026-07-19/sentinel_true_color.tif
SKIP sp/SP_6_7/2026-07-31: /Users/korneev/Desktop/water-regime-gis/outputs/imagery/sp/SP_6_7/2026-07-31/sentinel_true_color.tif
SKIP sp/SP_6_7/2026-08-10: /Users/korneev/Desktop/water-regime-gis/outputs/imagery/sp/SP_6_7/2026-08-10/sentinel_true_color.tif
SKIP sp/SP_6_8/2026-04-22: /Users/korneev/Desktop/water-regime-gis/outputs/imagery/sp/SP_6_8/2026-04-22/sentinel_true_color.tif
SKIP sp/SP_6_8/2026-05-05: /Users/korneev/Desktop/water-regime-gis/outputs/imagery/sp/SP_6_8/2026-05-05/sentinel_true_color.tif
SKIP sp/SP_6_8/2026-05-07: /Users/korneev/Desktop/water-regime-gis/outputs/imagery/sp/SP_6_8/2026-05-07/sentinel_true_color.tif
SKIP sp/SP_6_8/2026-05-20: /Users/korneev/Desktop/water-regime-gis/outputs/imagery/sp/SP_6_8/2026-05-20/sentinel_true_color.tif
SKIP sp/SP_6_8/2026-05-22: /Users/korneev/Desktop/water-regime-gis/outputs/imagery/sp/SP_6_8/2026-05-22/sentinel_true_color.tif
SKIP sp/SP_6_8/2026-06-06: /Users/korneev/Desktop/water-regime-gis/outputs/imagery/sp/SP_6_8/2026-06-06/sentinel_true_color.tif
SKIP sp/SP_6_8/2026-06-08: /Users/korneev/Desktop/water-regime-gis/outputs/imagery/sp/SP_6_8/2026-06-08/sentinel_true_color.tif
SKIP sp/SP_6_8/2026-06-09: /Users/korneev/Desktop/water-regime-gis/outputs/imagery/sp/SP_6_8/2026-06-09/sentinel_true_color.tif
SKIP sp/SP_6_8/2026-06-11: /Users/korneev/Desktop/water-regime-gis/outputs/imagery/sp/SP_6_8/2026-06-11/sentinel_true_color.tif
SKIP sp/SP_6_8/2026-07-14: /Users/korneev/Desktop/water-regime-gis/outputs/imagery/sp/SP_6_8/2026-07-14/sentinel_true_color.tif
SKIP sp/SP_6_8/2026-07-19: /Users/korneev/Desktop/water-regime-gis/outputs/imagery/sp/SP_6_8/2026-07-19/sentinel_true_color.tif
SKIP sp/SP_6_8/2026-07-31: /Users/korneev/Desktop/water-regime-gis/outputs/imagery/sp/SP_6_8/2026-07-31/sentinel_true_color.tif
SKIP sp/SP_6_8/2026-08-10: /Users/korneev/Desktop/water-regime-gis/outputs/imagery/sp/SP_6_8/2026-08-10/sentinel_true_color.tif
SKIP sp/SP_6_10/2026-04-22: /Users/korneev/Desktop/water-regime-gis/outputs/imagery/sp/SP_6_10/2026-04-22/sentinel_true_color.tif
SKIP sp/SP_6_10/2026-05-05: /Users/korneev/Desktop/water-regime-gis/outputs/imagery/sp/SP_6_10/2026-05-05/sentinel_true_color.tif
SKIP sp/SP_6_10/2026-05-07: /Users/korneev/Desktop/water-regime-gis/outputs/imagery/sp/SP_6_10/2026-05-07/sentinel_true_color.tif
SKIP sp/SP_6_10/2026-05-20: /Users/korneev/Desktop/water-regime-gis/outputs/imagery/sp/SP_6_10/2026-05-20/sentinel_true_color.tif
SKIP sp/SP_6_10/2026-05-22: /Users/korneev/Desktop/water-regime-gis/outputs/imagery/sp/SP_6_10/2026-05-22/sentinel_true_color.tif
SKIP sp/SP_6_10/2026-06-06: /Users/korneev/Desktop/water-regime-gis/outputs/imagery/sp/SP_6_10/2026-06-06/sentinel_true_color.tif
SKIP sp/SP_6_10/2026-06-08: /Users/korneev/Desktop/water-regime-gis/outputs/imagery/sp/SP_6_10/2026-06-08/sentinel_true_color.tif
SKIP sp/SP_6_10/2026-06-09: /Users/korneev/Desktop/water-regime-gis/outputs/imagery/sp/SP_6_10/2026-06-09/sentinel_true_color.tif
SKIP sp/SP_6_10/2026-06-11: /Users/korneev/Desktop/water-regime-gis/outputs/imagery/sp/SP_6_10/2026-06-11/sentinel_true_color.tif
SKIP sp/SP_6_10/2026-07-14: /Users/korneev/Desktop/water-regime-gis/outputs/imagery/sp/SP_6_10/2026-07-14/sentinel_true_color.tif
SKIP sp/SP_6_10/2026-07-19: /Users/korneev/Desktop/water-regime-gis/outputs/imagery/sp/SP_6_10/2026-07-19/sentinel_true_color.tif
SKIP sp/SP_6_10/2026-07-31: /Users/korneev/Desktop/water-regime-gis/outputs/imagery/sp/SP_6_10/2026-07-31/sentinel_true_color.tif
SKIP sp/SP_6_10/2026-08-10: /Users/korneev/Desktop/water-regime-gis/outputs/imagery/sp/SP_6_10/2026-08-10/sentinel_true_color.tif
SKIP sp/SP_6_11/2026-04-22: /Users/korneev/Desktop/water-regime-gis/outputs/imagery/sp/SP_6_11/2026-04-22/sentinel_true_color.tif
SKIP sp/SP_6_11/2026-05-05: /Users/korneev/Desktop/water-regime-gis/outputs/imagery/sp/SP_6_11/2026-05-05/sentinel_true_color.tif
SKIP sp/SP_6_11/2026-05-07: /Users/korneev/Desktop/water-regime-gis/outputs/imagery/sp/SP_6_11/2026-05-07/sentinel_true_color.tif
SKIP sp/SP_6_11/2026-05-20: /Users/korneev/Desktop/water-regime-gis/outputs/imagery/sp/SP_6_11/2026-05-20/sentinel_true_color.tif
SKIP sp/SP_6_11/2026-05-22: /Users/korneev/Desktop/water-regime-gis/outputs/imagery/sp/SP_6_11/2026-05-22/sentinel_true_color.tif
SKIP sp/SP_6_11/2026-06-06: /Users/korneev/Desktop/water-regime-gis/outputs/imagery/sp/SP_6_11/2026-06-06/sentinel_true_color.tif
SKIP sp/SP_6_11/2026-06-08: /Users/korneev/Desktop/water-regime-gis/outputs/imagery/sp/SP_6_11/2026-06-08/sentinel_true_color.tif
SKIP sp/SP_6_11/2026-06-09: /Users/korneev/Desktop/water-regime-gis/outputs/imagery/sp/SP_6_11/2026-06-09/sentinel_true_color.tif
SKIP sp/SP_6_11/2026-06-11: /Users/korneev/Desktop/water-regime-gis/outputs/imagery/sp/SP_6_11/2026-06-11/sentinel_true_color.tif
OK sp/SP_6_11/2026-07-14: /Users/korneev/Desktop/water-regime-gis/outputs/imagery/sp/SP_6_11/2026-07-14/sentinel_true_color.tif
OK sp/SP_6_11/2026-07-19: /Users/korneev/Desktop/water-regime-gis/outputs/imagery/sp/SP_6_11/2026-07-19/sentinel_true_color.tif
OK sp/SP_6_11/2026-07-31: /Users/korneev/Desktop/water-regime-gis/outputs/imagery/sp/SP_6_11/2026-07-31/sentinel_true_color.tif
OK sp/SP_6_11/2026-08-10: /Users/korneev/Desktop/water-regime-gis/outputs/imagery/sp/SP_6_11/2026-08-10/sentinel_true_color.tif
OK sp/SP_6_12/2026-04-22: /Users/korneev/Desktop/water-regime-gis/outputs/imagery/sp/SP_6_12/2026-04-22/sentinel_true_color.tif
OK sp/SP_6_12/2026-05-05: /Users/korneev/Desktop/water-regime-gis/outputs/imagery/sp/SP_6_12/2026-05-05/sentinel_true_color.tif
OK sp/SP_6_12/2026-05-07: /Users/korneev/Desktop/water-regime-gis/outputs/imagery/sp/SP_6_12/2026-05-07/sentinel_true_color.tif
OK sp/SP_6_12/2026-05-20: /Users/korneev/Desktop/water-regime-gis/outputs/imagery/sp/SP_6_12/2026-05-20/sentinel_true_color.tif
OK sp/SP_6_12/2026-05-22: /Users/korneev/Desktop/water-regime-gis/outputs/imagery/sp/SP_6_12/2026-05-22/sentinel_true_color.tif
OK sp/SP_6_12/2026-06-06: /Users/korneev/Desktop/water-regime-gis/outputs/imagery/sp/SP_6_12/2026-06-06/sentinel_true_color.tif
OK sp/SP_6_12/2026-06-08: /Users/korneev/Desktop/water-regime-gis/outputs/imagery/sp/SP_6_12/2026-06-08/sentinel_true_color.tif
OK sp/SP_6_12/2026-06-09: /Users/korneev/Desktop/water-regime-gis/outputs/imagery/sp/SP_6_12/2026-06-09/sentinel_true_color.tif
OK sp/SP_6_12/2026-06-11: /Users/korneev/Desktop/water-regime-gis/outputs/imagery/sp/SP_6_12/2026-06-11/sentinel_true_color.tif
OK sp/SP_6_12/2026-07-14: /Users/korneev/Desktop/water-regime-gis/outputs/imagery/sp/SP_6_12/2026-07-14/sentinel_true_color.tif
OK sp/SP_6_12/2026-07-19: /Users/korneev/Desktop/water-regime-gis/outputs/imagery/sp/SP_6_12/2026-07-19/sentinel_true_color.tif
OK sp/SP_6_12/2026-07-31: /Users/korneev/Desktop/water-regime-gis/outputs/imagery/sp/SP_6_12/2026-07-31/sentinel_true_color.tif
OK sp/SP_6_12/2026-08-10: /Users/korneev/Desktop/water-regime-gis/outputs/imagery/sp/SP_6_12/2026-08-10/sentinel_true_color.tif
OK sp/SP_6_13/2026-04-22: /Users/korneev/Desktop/water-regime-gis/outputs/imagery/sp/SP_6_13/2026-04-22/sentinel_true_color.tif
OK sp/SP_6_13/2026-05-05: /Users/korneev/Desktop/water-regime-gis/outputs/imagery/sp/SP_6_13/2026-05-05/sentinel_true_color.tif
OK sp/SP_6_13/2026-05-07: /Users/korneev/Desktop/water-regime-gis/outputs/imagery/sp/SP_6_13/2026-05-07/sentinel_true_color.tif
OK sp/SP_6_13/2026-05-20: /Users/korneev/Desktop/water-regime-gis/outputs/imagery/sp/SP_6_13/2026-05-20/sentinel_true_color.tif
OK sp/SP_6_13/2026-05-22: /Users/korneev/Desktop/water-regime-gis/outputs/imagery/sp/SP_6_13/2026-05-22/sentinel_true_color.tif
OK sp/SP_6_13/2026-06-06: /Users/korneev/Desktop/water-regime-gis/outputs/imagery/sp/SP_6_13/2026-06-06/sentinel_true_color.tif
OK sp/SP_6_13/2026-06-08: /Users/korneev/Desktop/water-regime-gis/outputs/imagery/sp/SP_6_13/2026-06-08/sentinel_true_color.tif
OK sp/SP_6_13/2026-06-09: /Users/korneev/Desktop/water-regime-gis/outputs/imagery/sp/SP_6_13/2026-06-09/sentinel_true_color.tif
OK sp/SP_6_13/2026-06-11: /Users/korneev/Desktop/water-regime-gis/outputs/imagery/sp/SP_6_13/2026-06-11/sentinel_true_color.tif
OK sp/SP_6_13/2026-07-14: /Users/korneev/Desktop/water-regime-gis/outputs/imagery/sp/SP_6_13/2026-07-14/sentinel_true_color.tif
OK sp/SP_6_13/2026-07-19: /Users/korneev/Desktop/water-regime-gis/outputs/imagery/sp/SP_6_13/2026-07-19/sentinel_true_color.tif
OK sp/SP_6_13/2026-07-31: /Users/korneev/Desktop/water-regime-gis/outputs/imagery/sp/SP_6_13/2026-07-31/sentinel_true_color.tif
OK sp/SP_6_13/2026-08-10: /Users/korneev/Desktop/water-regime-gis/outputs/imagery/sp/SP_6_13/2026-08-10/sentinel_true_color.tif
OK sp/SP_6_14/2026-04-22: /Users/korneev/Desktop/water-regime-gis/outputs/imagery/sp/SP_6_14/2026-04-22/sentinel_true_color.tif
OK sp/SP_6_14/2026-05-05: /Users/korneev/Desktop/water-regime-gis/outputs/imagery/sp/SP_6_14/2026-05-05/sentinel_true_color.tif
OK sp/SP_6_14/2026-05-07: /Users/korneev/Desktop/water-regime-gis/outputs/imagery/sp/SP_6_14/2026-05-07/sentinel_true_color.tif
OK sp/SP_6_14/2026-05-20: /Users/korneev/Desktop/water-regime-gis/outputs/imagery/sp/SP_6_14/2026-05-20/sentinel_true_color.tif
OK sp/SP_6_14/2026-05-22: /Users/korneev/Desktop/water-regime-gis/outputs/imagery/sp/SP_6_14/2026-05-22/sentinel_true_color.tif
OK sp/SP_6_14/2026-06-06: /Users/korneev/Desktop/water-regime-gis/outputs/imagery/sp/SP_6_14/2026-06-06/sentinel_true_color.tif
OK sp/SP_6_14/2026-06-08: /Users/korneev/Desktop/water-regime-gis/outputs/imagery/sp/SP_6_14/2026-06-08/sentinel_true_color.tif
OK sp/SP_6_14/2026-06-09: /Users/korneev/Desktop/water-regime-gis/outputs/imagery/sp/SP_6_14/2026-06-09/sentinel_true_color.tif
OK sp/SP_6_14/2026-06-11: /Users/korneev/Desktop/water-regime-gis/outputs/imagery/sp/SP_6_14/2026-06-11/sentinel_true_color.tif
OK sp/SP_6_14/2026-07-14: /Users/korneev/Desktop/water-regime-gis/outputs/imagery/sp/SP_6_14/2026-07-14/sentinel_true_color.tif
OK sp/SP_6_14/2026-07-19: /Users/korneev/Desktop/water-regime-gis/outputs/imagery/sp/SP_6_14/2026-07-19/sentinel_true_color.tif
OK sp/SP_6_14/2026-07-31: /Users/korneev/Desktop/water-regime-gis/outputs/imagery/sp/SP_6_14/2026-07-31/sentinel_true_color.tif
OK sp/SP_6_14/2026-08-10: /Users/korneev/Desktop/water-regime-gis/outputs/imagery/sp/SP_6_14/2026-08-10/sentinel_true_color.tif
OK sp/SP_6_15/2026-04-22: /Users/korneev/Desktop/water-regime-gis/outputs/imagery/sp/SP_6_15/2026-04-22/sentinel_true_color.tif
OK sp/SP_6_15/2026-05-05: /Users/korneev/Desktop/water-regime-gis/outputs/imagery/sp/SP_6_15/2026-05-05/sentinel_true_color.tif
OK sp/SP_6_15/2026-05-07: /Users/korneev/Desktop/water-regime-gis/outputs/imagery/sp/SP_6_15/2026-05-07/sentinel_true_color.tif
OK sp/SP_6_15/2026-05-20: /Users/korneev/Desktop/water-regime-gis/outputs/imagery/sp/SP_6_15/2026-05-20/sentinel_true_color.tif
OK sp/SP_6_15/2026-05-22: /Users/korneev/Desktop/water-regime-gis/outputs/imagery/sp/SP_6_15/2026-05-22/sentinel_true_color.tif
OK sp/SP_6_15/2026-06-06: /Users/korneev/Desktop/water-regime-gis/outputs/imagery/sp/SP_6_15/2026-06-06/sentinel_true_color.tif
OK sp/SP_6_15/2026-06-08: /Users/korneev/Desktop/water-regime-gis/outputs/imagery/sp/SP_6_15/2026-06-08/sentinel_true_color.tif
OK sp/SP_6_15/2026-06-09: /Users/korneev/Desktop/water-regime-gis/outputs/imagery/sp/SP_6_15/2026-06-09/sentinel_true_color.tif
OK sp/SP_6_15/2026-06-11: /Users/korneev/Desktop/water-regime-gis/outputs/imagery/sp/SP_6_15/2026-06-11/sentinel_true_color.tif
OK sp/SP_6_15/2026-07-14: /Users/korneev/Desktop/water-regime-gis/outputs/imagery/sp/SP_6_15/2026-07-14/sentinel_true_color.tif
OK sp/SP_6_15/2026-07-19: /Users/korneev/Desktop/water-regime-gis/outputs/imagery/sp/SP_6_15/2026-07-19/sentinel_true_color.tif
OK sp/SP_6_15/2026-07-31: /Users/korneev/Desktop/water-regime-gis/outputs/imagery/sp/SP_6_15/2026-07-31/sentinel_true_color.tif
OK sp/SP_6_15/2026-08-10: /Users/korneev/Desktop/water-regime-gis/outputs/imagery/sp/SP_6_15/2026-08-10/sentinel_true_color.tif
OK sp/SP_4_8/2026-04-22: /Users/korneev/Desktop/water-regime-gis/outputs/imagery/sp/SP_4_8/2026-04-22/sentinel_true_color.tif
OK sp/SP_4_8/2026-05-05: /Users/korneev/Desktop/water-regime-gis/outputs/imagery/sp/SP_4_8/2026-05-05/sentinel_true_color.tif
OK sp/SP_4_8/2026-05-07: /Users/korneev/Desktop/water-regime-gis/outputs/imagery/sp/SP_4_8/2026-05-07/sentinel_true_color.tif
OK sp/SP_4_8/2026-05-17: /Users/korneev/Desktop/water-regime-gis/outputs/imagery/sp/SP_4_8/2026-05-17/sentinel_true_color.tif
OK sp/SP_4_8/2026-05-20: /Users/korneev/Desktop/water-regime-gis/outputs/imagery/sp/SP_4_8/2026-05-20/sentinel_true_color.tif
OK sp/SP_4_8/2026-05-22: /Users/korneev/Desktop/water-regime-gis/outputs/imagery/sp/SP_4_8/2026-05-22/sentinel_true_color.tif
OK sp/SP_4_8/2026-06-06: /Users/korneev/Desktop/water-regime-gis/outputs/imagery/sp/SP_4_8/2026-06-06/sentinel_true_color.tif
OK sp/SP_4_8/2026-06-08: /Users/korneev/Desktop/water-regime-gis/outputs/imagery/sp/SP_4_8/2026-06-08/sentinel_true_color.tif
OK sp/SP_4_8/2026-06-09: /Users/korneev/Desktop/water-regime-gis/outputs/imagery/sp/SP_4_8/2026-06-09/sentinel_true_color.tif
OK sp/SP_4_8/2026-06-11: /Users/korneev/Desktop/water-regime-gis/outputs/imagery/sp/SP_4_8/2026-06-11/sentinel_true_color.tif
OK sp/SP_4_8/2026-07-14: /Users/korneev/Desktop/water-regime-gis/outputs/imagery/sp/SP_4_8/2026-07-14/sentinel_true_color.tif
OK sp/SP_4_8/2026-07-19: /Users/korneev/Desktop/water-regime-gis/outputs/imagery/sp/SP_4_8/2026-07-19/sentinel_true_color.tif
OK sp/SP_4_8/2026-07-28: /Users/korneev/Desktop/water-regime-gis/outputs/imagery/sp/SP_4_8/2026-07-28/sentinel_true_color.tif
OK sp/SP_4_8/2026-07-31: /Users/korneev/Desktop/water-regime-gis/outputs/imagery/sp/SP_4_8/2026-07-31/sentinel_true_color.tif
OK sp/SP_4_8/2026-08-10: /Users/korneev/Desktop/water-regime-gis/outputs/imagery/sp/SP_4_8/2026-08-10/sentinel_true_color.tif
OK sp/SP_4_7_fid_141/2026-04-22: /Users/korneev/Desktop/water-regime-gis/outputs/imagery/sp/SP_4_7_fid_141/2026-04-22/sentinel_true_color.tif
OK sp/SP_4_7_fid_141/2026-05-05: /Users/korneev/Desktop/water-regime-gis/outputs/imagery/sp/SP_4_7_fid_141/2026-05-05/sentinel_true_color.tif
OK sp/SP_4_7_fid_141/2026-05-07: /Users/korneev/Desktop/water-regime-gis/outputs/imagery/sp/SP_4_7_fid_141/2026-05-07/sentinel_true_color.tif
OK sp/SP_4_7_fid_141/2026-05-17: /Users/korneev/Desktop/water-regime-gis/outputs/imagery/sp/SP_4_7_fid_141/2026-05-17/sentinel_true_color.tif
OK sp/SP_4_7_fid_141/2026-05-20: /Users/korneev/Desktop/water-regime-gis/outputs/imagery/sp/SP_4_7_fid_141/2026-05-20/sentinel_true_color.tif
OK sp/SP_4_7_fid_141/2026-05-22: /Users/korneev/Desktop/water-regime-gis/outputs/imagery/sp/SP_4_7_fid_141/2026-05-22/sentinel_true_color.tif
OK sp/SP_4_7_fid_141/2026-06-06: /Users/korneev/Desktop/water-regime-gis/outputs/imagery/sp/SP_4_7_fid_141/2026-06-06/sentinel_true_color.tif
OK sp/SP_4_7_fid_141/2026-06-08: /Users/korneev/Desktop/water-regime-gis/outputs/imagery/sp/SP_4_7_fid_141/2026-06-08/sentinel_true_color.tif
OK sp/SP_4_7_fid_141/2026-06-09: /Users/korneev/Desktop/water-regime-gis/outputs/imagery/sp/SP_4_7_fid_141/2026-06-09/sentinel_true_color.tif
OK sp/SP_4_7_fid_141/2026-06-11: /Users/korneev/Desktop/water-regime-gis/outputs/imagery/sp/SP_4_7_fid_141/2026-06-11/sentinel_true_color.tif
OK sp/SP_4_7_fid_141/2026-07-14: /Users/korneev/Desktop/water-regime-gis/outputs/imagery/sp/SP_4_7_fid_141/2026-07-14/sentinel_true_color.tif
OK sp/SP_4_7_fid_141/2026-07-19: /Users/korneev/Desktop/water-regime-gis/outputs/imagery/sp/SP_4_7_fid_141/2026-07-19/sentinel_true_color.tif
OK sp/SP_4_7_fid_141/2026-07-28: /Users/korneev/Desktop/water-regime-gis/outputs/imagery/sp/SP_4_7_fid_141/2026-07-28/sentinel_true_color.tif
OK sp/SP_4_7_fid_141/2026-07-31: /Users/korneev/Desktop/water-regime-gis/outputs/imagery/sp/SP_4_7_fid_141/2026-07-31/sentinel_true_color.tif
OK sp/SP_4_7_fid_141/2026-08-10: /Users/korneev/Desktop/water-regime-gis/outputs/imagery/sp/SP_4_7_fid_141/2026-08-10/sentinel_true_color.tif
OK sp/SP_4_10/2026-04-22: /Users/korneev/Desktop/water-regime-gis/outputs/imagery/sp/SP_4_10/2026-04-22/sentinel_true_color.tif
OK sp/SP_4_10/2026-05-05: /Users/korneev/Desktop/water-regime-gis/outputs/imagery/sp/SP_4_10/2026-05-05/sentinel_true_color.tif
OK sp/SP_4_10/2026-05-07: /Users/korneev/Desktop/water-regime-gis/outputs/imagery/sp/SP_4_10/2026-05-07/sentinel_true_color.tif
OK sp/SP_4_10/2026-05-17: /Users/korneev/Desktop/water-regime-gis/outputs/imagery/sp/SP_4_10/2026-05-17/sentinel_true_color.tif
OK sp/SP_4_10/2026-05-20: /Users/korneev/Desktop/water-regime-gis/outputs/imagery/sp/SP_4_10/2026-05-20/sentinel_true_color.tif
OK sp/SP_4_10/2026-05-22: /Users/korneev/Desktop/water-regime-gis/outputs/imagery/sp/SP_4_10/2026-05-22/sentinel_true_color.tif
OK sp/SP_4_10/2026-06-06: /Users/korneev/Desktop/water-regime-gis/outputs/imagery/sp/SP_4_10/2026-06-06/sentinel_true_color.tif
OK sp/SP_4_10/2026-06-08: /Users/korneev/Desktop/water-regime-gis/outputs/imagery/sp/SP_4_10/2026-06-08/sentinel_true_color.tif
OK sp/SP_4_10/2026-06-09: /Users/korneev/Desktop/water-regime-gis/outputs/imagery/sp/SP_4_10/2026-06-09/sentinel_true_color.tif
OK sp/SP_4_10/2026-06-11: /Users/korneev/Desktop/water-regime-gis/outputs/imagery/sp/SP_4_10/2026-06-11/sentinel_true_color.tif
OK sp/SP_4_10/2026-07-14: /Users/korneev/Desktop/water-regime-gis/outputs/imagery/sp/SP_4_10/2026-07-14/sentinel_true_color.tif
OK sp/SP_4_10/2026-07-19: /Users/korneev/Desktop/water-regime-gis/outputs/imagery/sp/SP_4_10/2026-07-19/sentinel_true_color.tif
OK sp/SP_4_10/2026-07-28: /Users/korneev/Desktop/water-regime-gis/outputs/imagery/sp/SP_4_10/2026-07-28/sentinel_true_color.tif
OK sp/SP_4_10/2026-07-31: /Users/korneev/Desktop/water-regime-gis/outputs/imagery/sp/SP_4_10/2026-07-31/sentinel_true_color.tif
OK sp/SP_4_10/2026-08-10: /Users/korneev/Desktop/water-regime-gis/outputs/imagery/sp/SP_4_10/2026-08-10/sentinel_true_color.tif
OK sp/SP_4_11/2026-04-22: /Users/korneev/Desktop/water-regime-gis/outputs/imagery/sp/SP_4_11/2026-04-22/sentinel_true_color.tif
OK sp/SP_4_11/2026-05-05: /Users/korneev/Desktop/water-regime-gis/outputs/imagery/sp/SP_4_11/2026-05-05/sentinel_true_color.tif
OK sp/SP_4_11/2026-05-07: /Users/korneev/Desktop/water-regime-gis/outputs/imagery/sp/SP_4_11/2026-05-07/sentinel_true_color.tif
OK sp/SP_4_11/2026-05-17: /Users/korneev/Desktop/water-regime-gis/outputs/imagery/sp/SP_4_11/2026-05-17/sentinel_true_color.tif
OK sp/SP_4_11/2026-05-20: /Users/korneev/Desktop/water-regime-gis/outputs/imagery/sp/SP_4_11/2026-05-20/sentinel_true_color.tif
OK sp/SP_4_11/2026-05-22: /Users/korneev/Desktop/water-regime-gis/outputs/imagery/sp/SP_4_11/2026-05-22/sentinel_true_color.tif
OK sp/SP_4_11/2026-06-06: /Users/korneev/Desktop/water-regime-gis/outputs/imagery/sp/SP_4_11/2026-06-06/sentinel_true_color.tif
OK sp/SP_4_11/2026-06-08: /Users/korneev/Desktop/water-regime-gis/outputs/imagery/sp/SP_4_11/2026-06-08/sentinel_true_color.tif
OK sp/SP_4_11/2026-06-09: /Users/korneev/Desktop/water-regime-gis/outputs/imagery/sp/SP_4_11/2026-06-09/sentinel_true_color.tif
OK sp/SP_4_11/2026-06-11: /Users/korneev/Desktop/water-regime-gis/outputs/imagery/sp/SP_4_11/2026-06-11/sentinel_true_color.tif
OK sp/SP_4_11/2026-07-14: /Users/korneev/Desktop/water-regime-gis/outputs/imagery/sp/SP_4_11/2026-07-14/sentinel_true_color.tif
OK sp/SP_4_11/2026-07-19: /Users/korneev/Desktop/water-regime-gis/outputs/imagery/sp/SP_4_11/2026-07-19/sentinel_true_color.tif
OK sp/SP_4_11/2026-07-28: /Users/korneev/Desktop/water-regime-gis/outputs/imagery/sp/SP_4_11/2026-07-28/sentinel_true_color.tif
OK sp/SP_4_11/2026-07-31: /Users/korneev/Desktop/water-regime-gis/outputs/imagery/sp/SP_4_11/2026-07-31/sentinel_true_color.tif
OK sp/SP_4_11/2026-08-10: /Users/korneev/Desktop/water-regime-gis/outputs/imagery/sp/SP_4_11/2026-08-10/sentinel_true_color.tif
OK sp/SP_4_12/2026-04-22: /Users/korneev/Desktop/water-regime-gis/outputs/imagery/sp/SP_4_12/2026-04-22/sentinel_true_color.tif
OK sp/SP_4_12/2026-05-05: /Users/korneev/Desktop/water-regime-gis/outputs/imagery/sp/SP_4_12/2026-05-05/sentinel_true_color.tif
ERROR sp/SP_4_12/2026-05-07: HTTP Error 429: Too Many Requests
OK sp/SP_4_12/2026-05-17: /Users/korneev/Desktop/water-regime-gis/outputs/imagery/sp/SP_4_12/2026-05-17/sentinel_true_color.tif
OK sp/SP_4_12/2026-05-20: /Users/korneev/Desktop/water-regime-gis/outputs/imagery/sp/SP_4_12/2026-05-20/sentinel_true_color.tif
OK sp/SP_4_12/2026-05-22: /Users/korneev/Desktop/water-regime-gis/outputs/imagery/sp/SP_4_12/2026-05-22/sentinel_true_color.tif
OK sp/SP_4_12/2026-06-06: /Users/korneev/Desktop/water-regime-gis/outputs/imagery/sp/SP_4_12/2026-06-06/sentinel_true_color.tif
OK sp/SP_4_12/2026-06-08: /Users/korneev/Desktop/water-regime-gis/outputs/imagery/sp/SP_4_12/2026-06-08/sentinel_true_color.tif
OK sp/SP_4_12/2026-06-09: /Users/korneev/Desktop/water-regime-gis/outputs/imagery/sp/SP_4_12/2026-06-09/sentinel_true_color.tif
OK sp/SP_4_12/2026-06-11: /Users/korneev/Desktop/water-regime-gis/outputs/imagery/sp/SP_4_12/2026-06-11/sentinel_true_color.tif
OK sp/SP_4_12/2026-07-14: /Users/korneev/Desktop/water-regime-gis/outputs/imagery/sp/SP_4_12/2026-07-14/sentinel_true_color.tif
OK sp/SP_4_12/2026-07-19: /Users/korneev/Desktop/water-regime-gis/outputs/imagery/sp/SP_4_12/2026-07-19/sentinel_true_color.tif
OK sp/SP_4_12/2026-07-28: /Users/korneev/Desktop/water-regime-gis/outputs/imagery/sp/SP_4_12/2026-07-28/sentinel_true_color.tif
OK sp/SP_4_12/2026-07-31: /Users/korneev/Desktop/water-regime-gis/outputs/imagery/sp/SP_4_12/2026-07-31/sentinel_true_color.tif
OK sp/SP_4_12/2026-08-10: /Users/korneev/Desktop/water-regime-gis/outputs/imagery/sp/SP_4_12/2026-08-10/sentinel_true_color.tif
OK sp/SP_4_13/2026-04-22: /Users/korneev/Desktop/water-regime-gis/outputs/imagery/sp/SP_4_13/2026-04-22/sentinel_true_color.tif
OK sp/SP_4_13/2026-05-05: /Users/korneev/Desktop/water-regime-gis/outputs/imagery/sp/SP_4_13/2026-05-05/sentinel_true_color.tif
OK sp/SP_4_13/2026-05-07: /Users/korneev/Desktop/water-regime-gis/outputs/imagery/sp/SP_4_13/2026-05-07/sentinel_true_color.tif
OK sp/SP_4_13/2026-05-17: /Users/korneev/Desktop/water-regime-gis/outputs/imagery/sp/SP_4_13/2026-05-17/sentinel_true_color.tif
OK sp/SP_4_13/2026-05-20: /Users/korneev/Desktop/water-regime-gis/outputs/imagery/sp/SP_4_13/2026-05-20/sentinel_true_color.tif
OK sp/SP_4_13/2026-05-22: /Users/korneev/Desktop/water-regime-gis/outputs/imagery/sp/SP_4_13/2026-05-22/sentinel_true_color.tif
OK sp/SP_4_13/2026-06-06: /Users/korneev/Desktop/water-regime-gis/outputs/imagery/sp/SP_4_13/2026-06-06/sentinel_true_color.tif
OK sp/SP_4_13/2026-06-08: /Users/korneev/Desktop/water-regime-gis/outputs/imagery/sp/SP_4_13/2026-06-08/sentinel_true_color.tif
OK sp/SP_4_13/2026-06-09: /Users/korneev/Desktop/water-regime-gis/outputs/imagery/sp/SP_4_13/2026-06-09/sentinel_true_color.tif
OK sp/SP_4_13/2026-06-11: /Users/korneev/Desktop/water-regime-gis/outputs/imagery/sp/SP_4_13/2026-06-11/sentinel_true_color.tif
OK sp/SP_4_13/2026-07-14: /Users/korneev/Desktop/water-regime-gis/outputs/imagery/sp/SP_4_13/2026-07-14/sentinel_true_color.tif
OK sp/SP_4_13/2026-07-19: /Users/korneev/Desktop/water-regime-gis/outputs/imagery/sp/SP_4_13/2026-07-19/sentinel_true_color.tif
OK sp/SP_4_13/2026-07-28: /Users/korneev/Desktop/water-regime-gis/outputs/imagery/sp/SP_4_13/2026-07-28/sentinel_true_color.tif
OK sp/SP_4_13/2026-07-31: /Users/korneev/Desktop/water-regime-gis/outputs/imagery/sp/SP_4_13/2026-07-31/sentinel_true_color.tif
OK sp/SP_4_13/2026-08-10: /Users/korneev/Desktop/water-regime-gis/outputs/imagery/sp/SP_4_13/2026-08-10/sentinel_true_color.tif
OK sp/SP_4_14/2026-04-22: /Users/korneev/Desktop/water-regime-gis/outputs/imagery/sp/SP_4_14/2026-04-22/sentinel_true_color.tif
OK sp/SP_4_14/2026-05-05: /Users/korneev/Desktop/water-regime-gis/outputs/imagery/sp/SP_4_14/2026-05-05/sentinel_true_color.tif
OK sp/SP_4_14/2026-05-07: /Users/korneev/Desktop/water-regime-gis/outputs/imagery/sp/SP_4_14/2026-05-07/sentinel_true_color.tif
OK sp/SP_4_14/2026-05-17: /Users/korneev/Desktop/water-regime-gis/outputs/imagery/sp/SP_4_14/2026-05-17/sentinel_true_color.tif
OK sp/SP_4_14/2026-05-20: /Users/korneev/Desktop/water-regime-gis/outputs/imagery/sp/SP_4_14/2026-05-20/sentinel_true_color.tif
OK sp/SP_4_14/2026-05-22: /Users/korneev/Desktop/water-regime-gis/outputs/imagery/sp/SP_4_14/2026-05-22/sentinel_true_color.tif
OK sp/SP_4_14/2026-06-06: /Users/korneev/Desktop/water-regime-gis/outputs/imagery/sp/SP_4_14/2026-06-06/sentinel_true_color.tif
OK sp/SP_4_14/2026-06-08: /Users/korneev/Desktop/water-regime-gis/outputs/imagery/sp/SP_4_14/2026-06-08/sentinel_true_color.tif
OK sp/SP_4_14/2026-06-09: /Users/korneev/Desktop/water-regime-gis/outputs/imagery/sp/SP_4_14/2026-06-09/sentinel_true_color.tif
OK sp/SP_4_14/2026-06-11: /Users/korneev/Desktop/water-regime-gis/outputs/imagery/sp/SP_4_14/2026-06-11/sentinel_true_color.tif
OK sp/SP_4_14/2026-07-14: /Users/korneev/Desktop/water-regime-gis/outputs/imagery/sp/SP_4_14/2026-07-14/sentinel_true_color.tif
OK sp/SP_4_14/2026-07-19: /Users/korneev/Desktop/water-regime-gis/outputs/imagery/sp/SP_4_14/2026-07-19/sentinel_true_color.tif
OK sp/SP_4_14/2026-07-28: /Users/korneev/Desktop/water-regime-gis/outputs/imagery/sp/SP_4_14/2026-07-28/sentinel_true_color.tif
OK sp/SP_4_14/2026-07-31: /Users/korneev/Desktop/water-regime-gis/outputs/imagery/sp/SP_4_14/2026-07-31/sentinel_true_color.tif
OK sp/SP_4_14/2026-08-10: /Users/korneev/Desktop/water-regime-gis/outputs/imagery/sp/SP_4_14/2026-08-10/sentinel_true_color.tif
OK sp/SP_4_15/2026-04-22: /Users/korneev/Desktop/water-regime-gis/outputs/imagery/sp/SP_4_15/2026-04-22/sentinel_true_color.tif
OK sp/SP_4_15/2026-05-05: /Users/korneev/Desktop/water-regime-gis/outputs/imagery/sp/SP_4_15/2026-05-05/sentinel_true_color.tif
OK sp/SP_4_15/2026-05-07: /Users/korneev/Desktop/water-regime-gis/outputs/imagery/sp/SP_4_15/2026-05-07/sentinel_true_color.tif
OK sp/SP_4_15/2026-05-17: /Users/korneev/Desktop/water-regime-gis/outputs/imagery/sp/SP_4_15/2026-05-17/sentinel_true_color.tif
OK sp/SP_4_15/2026-05-20: /Users/korneev/Desktop/water-regime-gis/outputs/imagery/sp/SP_4_15/2026-05-20/sentinel_true_color.tif
OK sp/SP_4_15/2026-05-22: /Users/korneev/Desktop/water-regime-gis/outputs/imagery/sp/SP_4_15/2026-05-22/sentinel_true_color.tif
OK sp/SP_4_15/2026-06-06: /Users/korneev/Desktop/water-regime-gis/outputs/imagery/sp/SP_4_15/2026-06-06/sentinel_true_color.tif
OK sp/SP_4_15/2026-06-08: /Users/korneev/Desktop/water-regime-gis/outputs/imagery/sp/SP_4_15/2026-06-08/sentinel_true_color.tif
OK sp/SP_4_15/2026-06-09: /Users/korneev/Desktop/water-regime-gis/outputs/imagery/sp/SP_4_15/2026-06-09/sentinel_true_color.tif
OK sp/SP_4_15/2026-06-11: /Users/korneev/Desktop/water-regime-gis/outputs/imagery/sp/SP_4_15/2026-06-11/sentinel_true_color.tif
OK sp/SP_4_15/2026-07-14: /Users/korneev/Desktop/water-regime-gis/outputs/imagery/sp/SP_4_15/2026-07-14/sentinel_true_color.tif
OK sp/SP_4_15/2026-07-19: /Users/korneev/Desktop/water-regime-gis/outputs/imagery/sp/SP_4_15/2026-07-19/sentinel_true_color.tif
OK sp/SP_4_15/2026-07-28: /Users/korneev/Desktop/water-regime-gis/outputs/imagery/sp/SP_4_15/2026-07-28/sentinel_true_color.tif
OK sp/SP_4_15/2026-07-31: /Users/korneev/Desktop/water-regime-gis/outputs/imagery/sp/SP_4_15/2026-07-31/sentinel_true_color.tif
OK sp/SP_4_15/2026-08-10: /Users/korneev/Desktop/water-regime-gis/outputs/imagery/sp/SP_4_15/2026-08-10/sentinel_true_color.tif
OK sp/SP_4_16/2026-04-22: /Users/korneev/Desktop/water-regime-gis/outputs/imagery/sp/SP_4_16/2026-04-22/sentinel_true_color.tif
OK sp/SP_4_16/2026-05-05: /Users/korneev/Desktop/water-regime-gis/outputs/imagery/sp/SP_4_16/2026-05-05/sentinel_true_color.tif
OK sp/SP_4_16/2026-05-07: /Users/korneev/Desktop/water-regime-gis/outputs/imagery/sp/SP_4_16/2026-05-07/sentinel_true_color.tif
OK sp/SP_4_16/2026-05-17: /Users/korneev/Desktop/water-regime-gis/outputs/imagery/sp/SP_4_16/2026-05-17/sentinel_true_color.tif
OK sp/SP_4_16/2026-05-20: /Users/korneev/Desktop/water-regime-gis/outputs/imagery/sp/SP_4_16/2026-05-20/sentinel_true_color.tif
OK sp/SP_4_16/2026-05-22: /Users/korneev/Desktop/water-regime-gis/outputs/imagery/sp/SP_4_16/2026-05-22/sentinel_true_color.tif
OK sp/SP_4_16/2026-06-06: /Users/korneev/Desktop/water-regime-gis/outputs/imagery/sp/SP_4_16/2026-06-06/sentinel_true_color.tif
OK sp/SP_4_16/2026-06-08: /Users/korneev/Desktop/water-regime-gis/outputs/imagery/sp/SP_4_16/2026-06-08/sentinel_true_color.tif
OK sp/SP_4_16/2026-06-09: /Users/korneev/Desktop/water-regime-gis/outputs/imagery/sp/SP_4_16/2026-06-09/sentinel_true_color.tif
OK sp/SP_4_16/2026-06-11: /Users/korneev/Desktop/water-regime-gis/outputs/imagery/sp/SP_4_16/2026-06-11/sentinel_true_color.tif
OK sp/SP_4_16/2026-07-14: /Users/korneev/Desktop/water-regime-gis/outputs/imagery/sp/SP_4_16/2026-07-14/sentinel_true_color.tif
OK sp/SP_4_16/2026-07-19: /Users/korneev/Desktop/water-regime-gis/outputs/imagery/sp/SP_4_16/2026-07-19/sentinel_true_color.tif
OK sp/SP_4_16/2026-07-28: /Users/korneev/Desktop/water-regime-gis/outputs/imagery/sp/SP_4_16/2026-07-28/sentinel_true_color.tif
OK sp/SP_4_16/2026-07-31: /Users/korneev/Desktop/water-regime-gis/outputs/imagery/sp/SP_4_16/2026-07-31/sentinel_true_color.tif
OK sp/SP_4_16/2026-08-10: /Users/korneev/Desktop/water-regime-gis/outputs/imagery/sp/SP_4_16/2026-08-10/sentinel_true_color.tif
OK sp/SP_1_7/2026-04-22: /Users/korneev/Desktop/water-regime-gis/outputs/imagery/sp/SP_1_7/2026-04-22/sentinel_true_color.tif
OK sp/SP_1_7/2026-05-05: /Users/korneev/Desktop/water-regime-gis/outputs/imagery/sp/SP_1_7/2026-05-05/sentinel_true_color.tif
OK sp/SP_1_7/2026-05-07: /Users/korneev/Desktop/water-regime-gis/outputs/imagery/sp/SP_1_7/2026-05-07/sentinel_true_color.tif
OK sp/SP_1_7/2026-05-17: /Users/korneev/Desktop/water-regime-gis/outputs/imagery/sp/SP_1_7/2026-05-17/sentinel_true_color.tif
OK sp/SP_1_7/2026-05-20: /Users/korneev/Desktop/water-regime-gis/outputs/imagery/sp/SP_1_7/2026-05-20/sentinel_true_color.tif
OK sp/SP_1_7/2026-05-22: /Users/korneev/Desktop/water-regime-gis/outputs/imagery/sp/SP_1_7/2026-05-22/sentinel_true_color.tif
Warning 1: Value 0 in the source dataset has been changed to 1 in the destination dataset to avoid being treated as NoData. To avoid this, select a different NoData value for the destination dataset.
Warning 1: Value 0 in the source dataset has been changed to 1 in the destination dataset to avoid being treated as NoData. To avoid this, select a different NoData value for the destination dataset.
Warning 1: Value 0 in the source dataset has been changed to 1 in the destination dataset to avoid being treated as NoData. To avoid this, select a different NoData value for the destination dataset.
OK sp/SP_1_7/2026-06-06: /Users/korneev/Desktop/water-regime-gis/outputs/imagery/sp/SP_1_7/2026-06-06/sentinel_true_color.tif
Warning 1: Value 0 in the source dataset has been changed to 1 in the destination dataset to avoid being treated as NoData. To avoid this, select a different NoData value for the destination dataset.
Warning 1: Value 0 in the source dataset has been changed to 1 in the destination dataset to avoid being treated as NoData. To avoid this, select a different NoData value for the destination dataset.
Warning 1: Value 0 in the source dataset has been changed to 1 in the destination dataset to avoid being treated as NoData. To avoid this, select a different NoData value for the destination dataset.
OK sp/SP_1_7/2026-06-08: /Users/korneev/Desktop/water-regime-gis/outputs/imagery/sp/SP_1_7/2026-06-08/sentinel_true_color.tif
Warning 1: Value 0 in the source dataset has been changed to 1 in the destination dataset to avoid being treated as NoData. To avoid this, select a different NoData value for the destination dataset.
Warning 1: Value 0 in the source dataset has been changed to 1 in the destination dataset to avoid being treated as NoData. To avoid this, select a different NoData value for the destination dataset.
Warning 1: Value 0 in the source dataset has been changed to 1 in the destination dataset to avoid being treated as NoData. To avoid this, select a different NoData value for the destination dataset.
OK sp/SP_1_7/2026-06-11: /Users/korneev/Desktop/water-regime-gis/outputs/imagery/sp/SP_1_7/2026-06-11/sentinel_true_color.tif
OK sp/SP_1_7/2026-07-19: /Users/korneev/Desktop/water-regime-gis/outputs/imagery/sp/SP_1_7/2026-07-19/sentinel_true_color.tif
Warning 1: Value 0 in the source dataset has been changed to 1 in the destination dataset to avoid being treated as NoData. To avoid this, select a different NoData value for the destination dataset.
Warning 1: Value 0 in the source dataset has been changed to 1 in the destination dataset to avoid being treated as NoData. To avoid this, select a different NoData value for the destination dataset.
Warning 1: Value 0 in the source dataset has been changed to 1 in the destination dataset to avoid being treated as NoData. To avoid this, select a different NoData value for the destination dataset.
OK sp/SP_1_7/2026-07-28: /Users/korneev/Desktop/water-regime-gis/outputs/imagery/sp/SP_1_7/2026-07-28/sentinel_true_color.tif
Warning 1: Value 0 in the source dataset has been changed to 1 in the destination dataset to avoid being treated as NoData. To avoid this, select a different NoData value for the destination dataset.
Warning 1: Value 0 in the source dataset has been changed to 1 in the destination dataset to avoid being treated as NoData. To avoid this, select a different NoData value for the destination dataset.
Warning 1: Value 0 in the source dataset has been changed to 1 in the destination dataset to avoid being treated as NoData. To avoid this, select a different NoData value for the destination dataset.
OK sp/SP_1_7/2026-08-10: /Users/korneev/Desktop/water-regime-gis/outputs/imagery/sp/SP_1_7/2026-08-10/sentinel_true_color.tif
OK sp/SP_1_9/2026-04-22: /Users/korneev/Desktop/water-regime-gis/outputs/imagery/sp/SP_1_9/2026-04-22/sentinel_true_color.tif
OK sp/SP_1_9/2026-05-05: /Users/korneev/Desktop/water-regime-gis/outputs/imagery/sp/SP_1_9/2026-05-05/sentinel_true_color.tif
OK sp/SP_1_9/2026-05-07: /Users/korneev/Desktop/water-regime-gis/outputs/imagery/sp/SP_1_9/2026-05-07/sentinel_true_color.tif
OK sp/SP_1_9/2026-05-17: /Users/korneev/Desktop/water-regime-gis/outputs/imagery/sp/SP_1_9/2026-05-17/sentinel_true_color.tif
OK sp/SP_1_9/2026-05-20: /Users/korneev/Desktop/water-regime-gis/outputs/imagery/sp/SP_1_9/2026-05-20/sentinel_true_color.tif
OK sp/SP_1_9/2026-05-22: /Users/korneev/Desktop/water-regime-gis/outputs/imagery/sp/SP_1_9/2026-05-22/sentinel_true_color.tif
Warning 1: Value 0 in the source dataset has been changed to 1 in the destination dataset to avoid being treated as NoData. To avoid this, select a different NoData value for the destination dataset.
Warning 1: Value 0 in the source dataset has been changed to 1 in the destination dataset to avoid being treated as NoData. To avoid this, select a different NoData value for the destination dataset.
Warning 1: Value 0 in the source dataset has been changed to 1 in the destination dataset to avoid being treated as NoData. To avoid this, select a different NoData value for the destination dataset.
OK sp/SP_1_9/2026-06-06: /Users/korneev/Desktop/water-regime-gis/outputs/imagery/sp/SP_1_9/2026-06-06/sentinel_true_color.tif
OK sp/SP_1_9/2026-06-11: /Users/korneev/Desktop/water-regime-gis/outputs/imagery/sp/SP_1_9/2026-06-11/sentinel_true_color.tif
OK sp/SP_1_9/2026-07-19: /Users/korneev/Desktop/water-regime-gis/outputs/imagery/sp/SP_1_9/2026-07-19/sentinel_true_color.tif
OK sp/SP_1_9/2026-08-10: /Users/korneev/Desktop/water-regime-gis/outputs/imagery/sp/SP_1_9/2026-08-10/sentinel_true_color.tif
OK sp/SP_1_8/2026-04-22: /Users/korneev/Desktop/water-regime-gis/outputs/imagery/sp/SP_1_8/2026-04-22/sentinel_true_color.tif
OK sp/SP_1_8/2026-05-05: /Users/korneev/Desktop/water-regime-gis/outputs/imagery/sp/SP_1_8/2026-05-05/sentinel_true_color.tif
OK sp/SP_1_8/2026-05-07: /Users/korneev/Desktop/water-regime-gis/outputs/imagery/sp/SP_1_8/2026-05-07/sentinel_true_color.tif
OK sp/SP_1_8/2026-05-17: /Users/korneev/Desktop/water-regime-gis/outputs/imagery/sp/SP_1_8/2026-05-17/sentinel_true_color.tif
OK sp/SP_1_8/2026-05-20: /Users/korneev/Desktop/water-regime-gis/outputs/imagery/sp/SP_1_8/2026-05-20/sentinel_true_color.tif
OK sp/SP_1_8/2026-05-22: /Users/korneev/Desktop/water-regime-gis/outputs/imagery/sp/SP_1_8/2026-05-22/sentinel_true_color.tif
Warning 1: Value 0 in the source dataset has been changed to 1 in the destination dataset to avoid being treated as NoData. To avoid this, select a different NoData value for the destination dataset.
Warning 1: Value 0 in the source dataset has been changed to 1 in the destination dataset to avoid being treated as NoData. To avoid this, select a different NoData value for the destination dataset.
Warning 1: Value 0 in the source dataset has been changed to 1 in the destination dataset to avoid being treated as NoData. To avoid this, select a different NoData value for the destination dataset.
OK sp/SP_1_8/2026-06-06: /Users/korneev/Desktop/water-regime-gis/outputs/imagery/sp/SP_1_8/2026-06-06/sentinel_true_color.tif
Warning 1: Value 0 in the source dataset has been changed to 1 in the destination dataset to avoid being treated as NoData. To avoid this, select a different NoData value for the destination dataset.
Warning 1: Value 0 in the source dataset has been changed to 1 in the destination dataset to avoid being treated as NoData. To avoid this, select a different NoData value for the destination dataset.
Warning 1: Value 0 in the source dataset has been changed to 1 in the destination dataset to avoid being treated as NoData. To avoid this, select a different NoData value for the destination dataset.
OK sp/SP_1_8/2026-06-08: /Users/korneev/Desktop/water-regime-gis/outputs/imagery/sp/SP_1_8/2026-06-08/sentinel_true_color.tif
Warning 1: Value 0 in the source dataset has been changed to 1 in the destination dataset to avoid being treated as NoData. To avoid this, select a different NoData value for the destination dataset.
Warning 1: Value 0 in the source dataset has been changed to 1 in the destination dataset to avoid being treated as NoData. To avoid this, select a different NoData value for the destination dataset.
Warning 1: Value 0 in the source dataset has been changed to 1 in the destination dataset to avoid being treated as NoData. To avoid this, select a different NoData value for the destination dataset.
OK sp/SP_1_8/2026-06-11: /Users/korneev/Desktop/water-regime-gis/outputs/imagery/sp/SP_1_8/2026-06-11/sentinel_true_color.tif
OK sp/SP_1_8/2026-07-19: /Users/korneev/Desktop/water-regime-gis/outputs/imagery/sp/SP_1_8/2026-07-19/sentinel_true_color.tif
Warning 1: Value 0 in the source dataset has been changed to 1 in the destination dataset to avoid being treated as NoData. To avoid this, select a different NoData value for the destination dataset.
Warning 1: Value 0 in the source dataset has been changed to 1 in the destination dataset to avoid being treated as NoData. To avoid this, select a different NoData value for the destination dataset.
Warning 1: Value 0 in the source dataset has been changed to 1 in the destination dataset to avoid being treated as NoData. To avoid this, select a different NoData value for the destination dataset.
OK sp/SP_1_8/2026-07-28: /Users/korneev/Desktop/water-regime-gis/outputs/imagery/sp/SP_1_8/2026-07-28/sentinel_true_color.tif
Warning 1: Value 0 in the source dataset has been changed to 1 in the destination dataset to avoid being treated as NoData. To avoid this, select a different NoData value for the destination dataset.
Warning 1: Value 0 in the source dataset has been changed to 1 in the destination dataset to avoid being treated as NoData. To avoid this, select a different NoData value for the destination dataset.
Warning 1: Value 0 in the source dataset has been changed to 1 in the destination dataset to avoid being treated as NoData. To avoid this, select a different NoData value for the destination dataset.
OK sp/SP_1_8/2026-08-10: /Users/korneev/Desktop/water-regime-gis/outputs/imagery/sp/SP_1_8/2026-08-10/sentinel_true_color.tif
OK sp/SP_2_1/2026-04-22: /Users/korneev/Desktop/water-regime-gis/outputs/imagery/sp/SP_2_1/2026-04-22/sentinel_true_color.tif
OK sp/SP_2_1/2026-05-05: /Users/korneev/Desktop/water-regime-gis/outputs/imagery/sp/SP_2_1/2026-05-05/sentinel_true_color.tif
OK sp/SP_2_1/2026-05-07: /Users/korneev/Desktop/water-regime-gis/outputs/imagery/sp/SP_2_1/2026-05-07/sentinel_true_color.tif
OK sp/SP_2_1/2026-05-17: /Users/korneev/Desktop/water-regime-gis/outputs/imagery/sp/SP_2_1/2026-05-17/sentinel_true_color.tif
OK sp/SP_2_1/2026-05-20: /Users/korneev/Desktop/water-regime-gis/outputs/imagery/sp/SP_2_1/2026-05-20/sentinel_true_color.tif
OK sp/SP_2_1/2026-05-22: /Users/korneev/Desktop/water-regime-gis/outputs/imagery/sp/SP_2_1/2026-05-22/sentinel_true_color.tif
OK sp/SP_2_1/2026-06-09: /Users/korneev/Desktop/water-regime-gis/outputs/imagery/sp/SP_2_1/2026-06-09/sentinel_true_color.tif
OK sp/SP_2_1/2026-06-11: /Users/korneev/Desktop/water-regime-gis/outputs/imagery/sp/SP_2_1/2026-06-11/sentinel_true_color.tif
OK sp/SP_2_1/2026-07-14: /Users/korneev/Desktop/water-regime-gis/outputs/imagery/sp/SP_2_1/2026-07-14/sentinel_true_color.tif
OK sp/SP_2_1/2026-07-19: /Users/korneev/Desktop/water-regime-gis/outputs/imagery/sp/SP_2_1/2026-07-19/sentinel_true_color.tif
OK sp/SP_2_1/2026-07-31: /Users/korneev/Desktop/water-regime-gis/outputs/imagery/sp/SP_2_1/2026-07-31/sentinel_true_color.tif
OK sp/SP_2_1/2026-08-10: /Users/korneev/Desktop/water-regime-gis/outputs/imagery/sp/SP_2_1/2026-08-10/sentinel_true_color.tif
OK sp/SP_2_3/2026-04-22: /Users/korneev/Desktop/water-regime-gis/outputs/imagery/sp/SP_2_3/2026-04-22/sentinel_true_color.tif
OK sp/SP_2_3/2026-05-05: /Users/korneev/Desktop/water-regime-gis/outputs/imagery/sp/SP_2_3/2026-05-05/sentinel_true_color.tif
OK sp/SP_2_3/2026-05-20: /Users/korneev/Desktop/water-regime-gis/outputs/imagery/sp/SP_2_3/2026-05-20/sentinel_true_color.tif
OK sp/SP_2_3/2026-05-22: /Users/korneev/Desktop/water-regime-gis/outputs/imagery/sp/SP_2_3/2026-05-22/sentinel_true_color.tif
OK sp/SP_2_3/2026-06-09: /Users/korneev/Desktop/water-regime-gis/outputs/imagery/sp/SP_2_3/2026-06-09/sentinel_true_color.tif
OK sp/SP_2_3/2026-06-11: /Users/korneev/Desktop/water-regime-gis/outputs/imagery/sp/SP_2_3/2026-06-11/sentinel_true_color.tif
OK sp/SP_2_3/2026-07-14: /Users/korneev/Desktop/water-regime-gis/outputs/imagery/sp/SP_2_3/2026-07-14/sentinel_true_color.tif
OK sp/SP_2_3/2026-07-19: /Users/korneev/Desktop/water-regime-gis/outputs/imagery/sp/SP_2_3/2026-07-19/sentinel_true_color.tif
OK sp/SP_2_3/2026-07-31: /Users/korneev/Desktop/water-regime-gis/outputs/imagery/sp/SP_2_3/2026-07-31/sentinel_true_color.tif
OK sp/SP_2_3/2026-08-10: /Users/korneev/Desktop/water-regime-gis/outputs/imagery/sp/SP_2_3/2026-08-10/sentinel_true_color.tif
OK sp/SP_2_2/2026-04-22: /Users/korneev/Desktop/water-regime-gis/outputs/imagery/sp/SP_2_2/2026-04-22/sentinel_true_color.tif
OK sp/SP_2_2/2026-05-05: /Users/korneev/Desktop/water-regime-gis/outputs/imagery/sp/SP_2_2/2026-05-05/sentinel_true_color.tif
OK sp/SP_2_2/2026-05-07: /Users/korneev/Desktop/water-regime-gis/outputs/imagery/sp/SP_2_2/2026-05-07/sentinel_true_color.tif
OK sp/SP_2_2/2026-05-20: /Users/korneev/Desktop/water-regime-gis/outputs/imagery/sp/SP_2_2/2026-05-20/sentinel_true_color.tif
OK sp/SP_2_2/2026-05-22: /Users/korneev/Desktop/water-regime-gis/outputs/imagery/sp/SP_2_2/2026-05-22/sentinel_true_color.tif
OK sp/SP_2_2/2026-06-09: /Users/korneev/Desktop/water-regime-gis/outputs/imagery/sp/SP_2_2/2026-06-09/sentinel_true_color.tif
OK sp/SP_2_2/2026-06-11: /Users/korneev/Desktop/water-regime-gis/outputs/imagery/sp/SP_2_2/2026-06-11/sentinel_true_color.tif
OK sp/SP_2_2/2026-07-14: /Users/korneev/Desktop/water-regime-gis/outputs/imagery/sp/SP_2_2/2026-07-14/sentinel_true_color.tif
OK sp/SP_2_2/2026-07-19: /Users/korneev/Desktop/water-regime-gis/outputs/imagery/sp/SP_2_2/2026-07-19/sentinel_true_color.tif
OK sp/SP_2_2/2026-07-31: /Users/korneev/Desktop/water-regime-gis/outputs/imagery/sp/SP_2_2/2026-07-31/sentinel_true_color.tif
OK sp/SP_2_2/2026-08-10: /Users/korneev/Desktop/water-regime-gis/outputs/imagery/sp/SP_2_2/2026-08-10/sentinel_true_color.tif
OK sp/SP_3_4/2026-04-22: /Users/korneev/Desktop/water-regime-gis/outputs/imagery/sp/SP_3_4/2026-04-22/sentinel_true_color.tif
OK sp/SP_3_4/2026-05-05: /Users/korneev/Desktop/water-regime-gis/outputs/imagery/sp/SP_3_4/2026-05-05/sentinel_true_color.tif
OK sp/SP_3_4/2026-05-07: /Users/korneev/Desktop/water-regime-gis/outputs/imagery/sp/SP_3_4/2026-05-07/sentinel_true_color.tif
OK sp/SP_3_4/2026-05-17: /Users/korneev/Desktop/water-regime-gis/outputs/imagery/sp/SP_3_4/2026-05-17/sentinel_true_color.tif
OK sp/SP_3_4/2026-05-20: /Users/korneev/Desktop/water-regime-gis/outputs/imagery/sp/SP_3_4/2026-05-20/sentinel_true_color.tif
OK sp/SP_3_4/2026-05-22: /Users/korneev/Desktop/water-regime-gis/outputs/imagery/sp/SP_3_4/2026-05-22/sentinel_true_color.tif
OK sp/SP_3_4/2026-06-06: /Users/korneev/Desktop/water-regime-gis/outputs/imagery/sp/SP_3_4/2026-06-06/sentinel_true_color.tif
Warning 1: Value 0 in the source dataset has been changed to 1 in the destination dataset to avoid being treated as NoData. To avoid this, select a different NoData value for the destination dataset.
Warning 1: Value 0 in the source dataset has been changed to 1 in the destination dataset to avoid being treated as NoData. To avoid this, select a different NoData value for the destination dataset.
Warning 1: Value 0 in the source dataset has been changed to 1 in the destination dataset to avoid being treated as NoData. To avoid this, select a different NoData value for the destination dataset.
OK sp/SP_3_4/2026-06-08: /Users/korneev/Desktop/water-regime-gis/outputs/imagery/sp/SP_3_4/2026-06-08/sentinel_true_color.tif
OK sp/SP_3_4/2026-06-09: /Users/korneev/Desktop/water-regime-gis/outputs/imagery/sp/SP_3_4/2026-06-09/sentinel_true_color.tif
OK sp/SP_3_4/2026-06-11: /Users/korneev/Desktop/water-regime-gis/outputs/imagery/sp/SP_3_4/2026-06-11/sentinel_true_color.tif
OK sp/SP_3_4/2026-07-14: /Users/korneev/Desktop/water-regime-gis/outputs/imagery/sp/SP_3_4/2026-07-14/sentinel_true_color.tif
OK sp/SP_3_4/2026-07-19: /Users/korneev/Desktop/water-regime-gis/outputs/imagery/sp/SP_3_4/2026-07-19/sentinel_true_color.tif
OK sp/SP_3_4/2026-07-28: /Users/korneev/Desktop/water-regime-gis/outputs/imagery/sp/SP_3_4/2026-07-28/sentinel_true_color.tif
OK sp/SP_3_4/2026-07-31: /Users/korneev/Desktop/water-regime-gis/outputs/imagery/sp/SP_3_4/2026-07-31/sentinel_true_color.tif
Warning 1: Value 0 in the source dataset has been changed to 1 in the destination dataset to avoid being treated as NoData. To avoid this, select a different NoData value for the destination dataset.
Warning 1: Value 0 in the source dataset has been changed to 1 in the destination dataset to avoid being treated as NoData. To avoid this, select a different NoData value for the destination dataset.
Warning 1: Value 0 in the source dataset has been changed to 1 in the destination dataset to avoid being treated as NoData. To avoid this, select a different NoData value for the destination dataset.
OK sp/SP_3_4/2026-08-10: /Users/korneev/Desktop/water-regime-gis/outputs/imagery/sp/SP_3_4/2026-08-10/sentinel_true_color.tif
OK sp/SP_1_5/2026-04-22: /Users/korneev/Desktop/water-regime-gis/outputs/imagery/sp/SP_1_5/2026-04-22/sentinel_true_color.tif
OK sp/SP_1_5/2026-05-05: /Users/korneev/Desktop/water-regime-gis/outputs/imagery/sp/SP_1_5/2026-05-05/sentinel_true_color.tif
OK sp/SP_1_5/2026-05-07: /Users/korneev/Desktop/water-regime-gis/outputs/imagery/sp/SP_1_5/2026-05-07/sentinel_true_color.tif
OK sp/SP_1_5/2026-05-20: /Users/korneev/Desktop/water-regime-gis/outputs/imagery/sp/SP_1_5/2026-05-20/sentinel_true_color.tif
OK sp/SP_1_5/2026-05-22: /Users/korneev/Desktop/water-regime-gis/outputs/imagery/sp/SP_1_5/2026-05-22/sentinel_true_color.tif
OK sp/SP_1_5/2026-06-11: /Users/korneev/Desktop/water-regime-gis/outputs/imagery/sp/SP_1_5/2026-06-11/sentinel_true_color.tif
OK sp/SP_1_5/2026-07-19: /Users/korneev/Desktop/water-regime-gis/outputs/imagery/sp/SP_1_5/2026-07-19/sentinel_true_color.tif
OK sp/SP_1_5/2026-08-10: /Users/korneev/Desktop/water-regime-gis/outputs/imagery/sp/SP_1_5/2026-08-10/sentinel_true_color.tif
OK sp/SP_1_6/2026-04-22: /Users/korneev/Desktop/water-regime-gis/outputs/imagery/sp/SP_1_6/2026-04-22/sentinel_true_color.tif
OK sp/SP_1_6/2026-05-05: /Users/korneev/Desktop/water-regime-gis/outputs/imagery/sp/SP_1_6/2026-05-05/sentinel_true_color.tif
OK sp/SP_1_6/2026-05-07: /Users/korneev/Desktop/water-regime-gis/outputs/imagery/sp/SP_1_6/2026-05-07/sentinel_true_color.tif
OK sp/SP_1_6/2026-05-17: /Users/korneev/Desktop/water-regime-gis/outputs/imagery/sp/SP_1_6/2026-05-17/sentinel_true_color.tif
OK sp/SP_1_6/2026-05-20: /Users/korneev/Desktop/water-regime-gis/outputs/imagery/sp/SP_1_6/2026-05-20/sentinel_true_color.tif
OK sp/SP_1_6/2026-05-22: /Users/korneev/Desktop/water-regime-gis/outputs/imagery/sp/SP_1_6/2026-05-22/sentinel_true_color.tif
Warning 1: Value 0 in the source dataset has been changed to 1 in the destination dataset to avoid being treated as NoData. To avoid this, select a different NoData value for the destination dataset.
Warning 1: Value 0 in the source dataset has been changed to 1 in the destination dataset to avoid being treated as NoData. To avoid this, select a different NoData value for the destination dataset.
Warning 1: Value 0 in the source dataset has been changed to 1 in the destination dataset to avoid being treated as NoData. To avoid this, select a different NoData value for the destination dataset.
OK sp/SP_1_6/2026-06-06: /Users/korneev/Desktop/water-regime-gis/outputs/imagery/sp/SP_1_6/2026-06-06/sentinel_true_color.tif
OK sp/SP_1_6/2026-06-11: /Users/korneev/Desktop/water-regime-gis/outputs/imagery/sp/SP_1_6/2026-06-11/sentinel_true_color.tif
OK sp/SP_1_6/2026-07-19: /Users/korneev/Desktop/water-regime-gis/outputs/imagery/sp/SP_1_6/2026-07-19/sentinel_true_color.tif
OK sp/SP_1_6/2026-08-10: /Users/korneev/Desktop/water-regime-gis/outputs/imagery/sp/SP_1_6/2026-08-10/sentinel_true_color.tif
OK sp/SP_1_4/2026-04-22: /Users/korneev/Desktop/water-regime-gis/outputs/imagery/sp/SP_1_4/2026-04-22/sentinel_true_color.tif
OK sp/SP_1_4/2026-05-05: /Users/korneev/Desktop/water-regime-gis/outputs/imagery/sp/SP_1_4/2026-05-05/sentinel_true_color.tif
OK sp/SP_1_4/2026-05-20: /Users/korneev/Desktop/water-regime-gis/outputs/imagery/sp/SP_1_4/2026-05-20/sentinel_true_color.tif
OK sp/SP_1_4/2026-05-22: /Users/korneev/Desktop/water-regime-gis/outputs/imagery/sp/SP_1_4/2026-05-22/sentinel_true_color.tif
OK sp/SP_1_4/2026-06-11: /Users/korneev/Desktop/water-regime-gis/outputs/imagery/sp/SP_1_4/2026-06-11/sentinel_true_color.tif
OK sp/SP_1_4/2026-07-19: /Users/korneev/Desktop/water-regime-gis/outputs/imagery/sp/SP_1_4/2026-07-19/sentinel_true_color.tif
OK sp/SP_1_4/2026-08-10: /Users/korneev/Desktop/water-regime-gis/outputs/imagery/sp/SP_1_4/2026-08-10/sentinel_true_color.tif
OK sp/SP_1_3/2026-04-22: /Users/korneev/Desktop/water-regime-gis/outputs/imagery/sp/SP_1_3/2026-04-22/sentinel_true_color.tif
OK sp/SP_1_3/2026-05-05: /Users/korneev/Desktop/water-regime-gis/outputs/imagery/sp/SP_1_3/2026-05-05/sentinel_true_color.tif
OK sp/SP_1_3/2026-05-07: /Users/korneev/Desktop/water-regime-gis/outputs/imagery/sp/SP_1_3/2026-05-07/sentinel_true_color.tif
OK sp/SP_1_3/2026-05-20: /Users/korneev/Desktop/water-regime-gis/outputs/imagery/sp/SP_1_3/2026-05-20/sentinel_true_color.tif
OK sp/SP_1_3/2026-05-22: /Users/korneev/Desktop/water-regime-gis/outputs/imagery/sp/SP_1_3/2026-05-22/sentinel_true_color.tif
OK sp/SP_1_3/2026-06-11: /Users/korneev/Desktop/water-regime-gis/outputs/imagery/sp/SP_1_3/2026-06-11/sentinel_true_color.tif
OK sp/SP_1_3/2026-07-19: /Users/korneev/Desktop/water-regime-gis/outputs/imagery/sp/SP_1_3/2026-07-19/sentinel_true_color.tif
OK sp/SP_1_3/2026-08-10: /Users/korneev/Desktop/water-regime-gis/outputs/imagery/sp/SP_1_3/2026-08-10/sentinel_true_color.tif
OK sp/SP_1_10/2026-04-22: /Users/korneev/Desktop/water-regime-gis/outputs/imagery/sp/SP_1_10/2026-04-22/sentinel_true_color.tif
OK sp/SP_1_10/2026-05-05: /Users/korneev/Desktop/water-regime-gis/outputs/imagery/sp/SP_1_10/2026-05-05/sentinel_true_color.tif
OK sp/SP_1_10/2026-05-07: /Users/korneev/Desktop/water-regime-gis/outputs/imagery/sp/SP_1_10/2026-05-07/sentinel_true_color.tif
OK sp/SP_1_10/2026-05-17: /Users/korneev/Desktop/water-regime-gis/outputs/imagery/sp/SP_1_10/2026-05-17/sentinel_true_color.tif
OK sp/SP_1_10/2026-05-20: /Users/korneev/Desktop/water-regime-gis/outputs/imagery/sp/SP_1_10/2026-05-20/sentinel_true_color.tif
OK sp/SP_1_10/2026-05-22: /Users/korneev/Desktop/water-regime-gis/outputs/imagery/sp/SP_1_10/2026-05-22/sentinel_true_color.tif
OK sp/SP_1_10/2026-06-11: /Users/korneev/Desktop/water-regime-gis/outputs/imagery/sp/SP_1_10/2026-06-11/sentinel_true_color.tif
OK sp/SP_1_10/2026-07-19: /Users/korneev/Desktop/water-regime-gis/outputs/imagery/sp/SP_1_10/2026-07-19/sentinel_true_color.tif
OK sp/SP_1_10/2026-08-10: /Users/korneev/Desktop/water-regime-gis/outputs/imagery/sp/SP_1_10/2026-08-10/sentinel_true_color.tif
OK sp/SP_1_11/2026-04-22: /Users/korneev/Desktop/water-regime-gis/outputs/imagery/sp/SP_1_11/2026-04-22/sentinel_true_color.tif
OK sp/SP_1_11/2026-05-05: /Users/korneev/Desktop/water-regime-gis/outputs/imagery/sp/SP_1_11/2026-05-05/sentinel_true_color.tif
OK sp/SP_1_11/2026-05-07: /Users/korneev/Desktop/water-regime-gis/outputs/imagery/sp/SP_1_11/2026-05-07/sentinel_true_color.tif
OK sp/SP_1_11/2026-05-20: /Users/korneev/Desktop/water-regime-gis/outputs/imagery/sp/SP_1_11/2026-05-20/sentinel_true_color.tif
OK sp/SP_1_11/2026-05-22: /Users/korneev/Desktop/water-regime-gis/outputs/imagery/sp/SP_1_11/2026-05-22/sentinel_true_color.tif
OK sp/SP_1_11/2026-06-11: /Users/korneev/Desktop/water-regime-gis/outputs/imagery/sp/SP_1_11/2026-06-11/sentinel_true_color.tif
OK sp/SP_1_11/2026-07-19: /Users/korneev/Desktop/water-regime-gis/outputs/imagery/sp/SP_1_11/2026-07-19/sentinel_true_color.tif
OK sp/SP_1_11/2026-08-10: /Users/korneev/Desktop/water-regime-gis/outputs/imagery/sp/SP_1_11/2026-08-10/sentinel_true_color.tif
OK sp/SP_2_4/2026-04-22: /Users/korneev/Desktop/water-regime-gis/outputs/imagery/sp/SP_2_4/2026-04-22/sentinel_true_color.tif
OK sp/SP_2_4/2026-05-05: /Users/korneev/Desktop/water-regime-gis/outputs/imagery/sp/SP_2_4/2026-05-05/sentinel_true_color.tif
OK sp/SP_2_4/2026-05-07: /Users/korneev/Desktop/water-regime-gis/outputs/imagery/sp/SP_2_4/2026-05-07/sentinel_true_color.tif
OK sp/SP_2_4/2026-05-17: /Users/korneev/Desktop/water-regime-gis/outputs/imagery/sp/SP_2_4/2026-05-17/sentinel_true_color.tif
OK sp/SP_2_4/2026-05-20: /Users/korneev/Desktop/water-regime-gis/outputs/imagery/sp/SP_2_4/2026-05-20/sentinel_true_color.tif
OK sp/SP_2_4/2026-05-22: /Users/korneev/Desktop/water-regime-gis/outputs/imagery/sp/SP_2_4/2026-05-22/sentinel_true_color.tif
Warning 1: Value 0 in the source dataset has been changed to 1 in the destination dataset to avoid being treated as NoData. To avoid this, select a different NoData value for the destination dataset.
Warning 1: Value 0 in the source dataset has been changed to 1 in the destination dataset to avoid being treated as NoData. To avoid this, select a different NoData value for the destination dataset.
Warning 1: Value 0 in the source dataset has been changed to 1 in the destination dataset to avoid being treated as NoData. To avoid this, select a different NoData value for the destination dataset.
OK sp/SP_2_4/2026-06-06: /Users/korneev/Desktop/water-regime-gis/outputs/imagery/sp/SP_2_4/2026-06-06/sentinel_true_color.tif
OK sp/SP_2_4/2026-06-09: /Users/korneev/Desktop/water-regime-gis/outputs/imagery/sp/SP_2_4/2026-06-09/sentinel_true_color.tif
OK sp/SP_2_4/2026-06-11: /Users/korneev/Desktop/water-regime-gis/outputs/imagery/sp/SP_2_4/2026-06-11/sentinel_true_color.tif
OK sp/SP_2_4/2026-07-14: /Users/korneev/Desktop/water-regime-gis/outputs/imagery/sp/SP_2_4/2026-07-14/sentinel_true_color.tif
OK sp/SP_2_4/2026-07-19: /Users/korneev/Desktop/water-regime-gis/outputs/imagery/sp/SP_2_4/2026-07-19/sentinel_true_color.tif
OK sp/SP_2_4/2026-07-31: /Users/korneev/Desktop/water-regime-gis/outputs/imagery/sp/SP_2_4/2026-07-31/sentinel_true_color.tif
OK sp/SP_2_4/2026-08-10: /Users/korneev/Desktop/water-regime-gis/outputs/imagery/sp/SP_2_4/2026-08-10/sentinel_true_color.tif
OK sp/SP_2_6/2026-04-22: /Users/korneev/Desktop/water-regime-gis/outputs/imagery/sp/SP_2_6/2026-04-22/sentinel_true_color.tif
OK sp/SP_2_6/2026-05-05: /Users/korneev/Desktop/water-regime-gis/outputs/imagery/sp/SP_2_6/2026-05-05/sentinel_true_color.tif
OK sp/SP_2_6/2026-05-07: /Users/korneev/Desktop/water-regime-gis/outputs/imagery/sp/SP_2_6/2026-05-07/sentinel_true_color.tif
OK sp/SP_2_6/2026-05-17: /Users/korneev/Desktop/water-regime-gis/outputs/imagery/sp/SP_2_6/2026-05-17/sentinel_true_color.tif
OK sp/SP_2_6/2026-05-20: /Users/korneev/Desktop/water-regime-gis/outputs/imagery/sp/SP_2_6/2026-05-20/sentinel_true_color.tif
OK sp/SP_2_6/2026-05-22: /Users/korneev/Desktop/water-regime-gis/outputs/imagery/sp/SP_2_6/2026-05-22/sentinel_true_color.tif
Warning 1: Value 0 in the source dataset has been changed to 1 in the destination dataset to avoid being treated as NoData. To avoid this, select a different NoData value for the destination dataset.
Warning 1: Value 0 in the source dataset has been changed to 1 in the destination dataset to avoid being treated as NoData. To avoid this, select a different NoData value for the destination dataset.
Warning 1: Value 0 in the source dataset has been changed to 1 in the destination dataset to avoid being treated as NoData. To avoid this, select a different NoData value for the destination dataset.
OK sp/SP_2_6/2026-06-06: /Users/korneev/Desktop/water-regime-gis/outputs/imagery/sp/SP_2_6/2026-06-06/sentinel_true_color.tif
OK sp/SP_2_6/2026-06-09: /Users/korneev/Desktop/water-regime-gis/outputs/imagery/sp/SP_2_6/2026-06-09/sentinel_true_color.tif
OK sp/SP_2_6/2026-06-11: /Users/korneev/Desktop/water-regime-gis/outputs/imagery/sp/SP_2_6/2026-06-11/sentinel_true_color.tif
OK sp/SP_2_6/2026-07-14: /Users/korneev/Desktop/water-regime-gis/outputs/imagery/sp/SP_2_6/2026-07-14/sentinel_true_color.tif
OK sp/SP_2_6/2026-07-19: /Users/korneev/Desktop/water-regime-gis/outputs/imagery/sp/SP_2_6/2026-07-19/sentinel_true_color.tif
OK sp/SP_2_6/2026-07-31: /Users/korneev/Desktop/water-regime-gis/outputs/imagery/sp/SP_2_6/2026-07-31/sentinel_true_color.tif
OK sp/SP_2_6/2026-08-10: /Users/korneev/Desktop/water-regime-gis/outputs/imagery/sp/SP_2_6/2026-08-10/sentinel_true_color.tif
OK sp/SP_2_8/2026-04-22: /Users/korneev/Desktop/water-regime-gis/outputs/imagery/sp/SP_2_8/2026-04-22/sentinel_true_color.tif
OK sp/SP_2_8/2026-05-05: /Users/korneev/Desktop/water-regime-gis/outputs/imagery/sp/SP_2_8/2026-05-05/sentinel_true_color.tif
OK sp/SP_2_8/2026-05-07: /Users/korneev/Desktop/water-regime-gis/outputs/imagery/sp/SP_2_8/2026-05-07/sentinel_true_color.tif
OK sp/SP_2_8/2026-05-17: /Users/korneev/Desktop/water-regime-gis/outputs/imagery/sp/SP_2_8/2026-05-17/sentinel_true_color.tif
OK sp/SP_2_8/2026-05-20: /Users/korneev/Desktop/water-regime-gis/outputs/imagery/sp/SP_2_8/2026-05-20/sentinel_true_color.tif
OK sp/SP_2_8/2026-05-22: /Users/korneev/Desktop/water-regime-gis/outputs/imagery/sp/SP_2_8/2026-05-22/sentinel_true_color.tif
OK sp/SP_2_8/2026-06-06: /Users/korneev/Desktop/water-regime-gis/outputs/imagery/sp/SP_2_8/2026-06-06/sentinel_true_color.tif
Warning 1: Value 0 in the source dataset has been changed to 1 in the destination dataset to avoid being treated as NoData. To avoid this, select a different NoData value for the destination dataset.
Warning 1: Value 0 in the source dataset has been changed to 1 in the destination dataset to avoid being treated as NoData. To avoid this, select a different NoData value for the destination dataset.
Warning 1: Value 0 in the source dataset has been changed to 1 in the destination dataset to avoid being treated as NoData. To avoid this, select a different NoData value for the destination dataset.
OK sp/SP_2_8/2026-06-08: /Users/korneev/Desktop/water-regime-gis/outputs/imagery/sp/SP_2_8/2026-06-08/sentinel_true_color.tif
Warning 1: Value 0 in the source dataset has been changed to 1 in the destination dataset to avoid being treated as NoData. To avoid this, select a different NoData value for the destination dataset.
Warning 1: Value 0 in the source dataset has been changed to 1 in the destination dataset to avoid being treated as NoData. To avoid this, select a different NoData value for the destination dataset.
Warning 1: Value 0 in the source dataset has been changed to 1 in the destination dataset to avoid being treated as NoData. To avoid this, select a different NoData value for the destination dataset.
OK sp/SP_2_8/2026-06-11: /Users/korneev/Desktop/water-regime-gis/outputs/imagery/sp/SP_2_8/2026-06-11/sentinel_true_color.tif
OK sp/SP_2_8/2026-07-19: /Users/korneev/Desktop/water-regime-gis/outputs/imagery/sp/SP_2_8/2026-07-19/sentinel_true_color.tif
OK sp/SP_2_8/2026-07-28: /Users/korneev/Desktop/water-regime-gis/outputs/imagery/sp/SP_2_8/2026-07-28/sentinel_true_color.tif
Warning 1: Value 0 in the source dataset has been changed to 1 in the destination dataset to avoid being treated as NoData. To avoid this, select a different NoData value for the destination dataset.
Warning 1: Value 0 in the source dataset has been changed to 1 in the destination dataset to avoid being treated as NoData. To avoid this, select a different NoData value for the destination dataset.
Warning 1: Value 0 in the source dataset has been changed to 1 in the destination dataset to avoid being treated as NoData. To avoid this, select a different NoData value for the destination dataset.
OK sp/SP_2_8/2026-08-10: /Users/korneev/Desktop/water-regime-gis/outputs/imagery/sp/SP_2_8/2026-08-10/sentinel_true_color.tif
OK sp/SP_2_7/2026-04-22: /Users/korneev/Desktop/water-regime-gis/outputs/imagery/sp/SP_2_7/2026-04-22/sentinel_true_color.tif
OK sp/SP_2_7/2026-05-05: /Users/korneev/Desktop/water-regime-gis/outputs/imagery/sp/SP_2_7/2026-05-05/sentinel_true_color.tif
OK sp/SP_2_7/2026-05-07: /Users/korneev/Desktop/water-regime-gis/outputs/imagery/sp/SP_2_7/2026-05-07/sentinel_true_color.tif
OK sp/SP_2_7/2026-05-17: /Users/korneev/Desktop/water-regime-gis/outputs/imagery/sp/SP_2_7/2026-05-17/sentinel_true_color.tif
OK sp/SP_2_7/2026-05-20: /Users/korneev/Desktop/water-regime-gis/outputs/imagery/sp/SP_2_7/2026-05-20/sentinel_true_color.tif
OK sp/SP_2_7/2026-05-22: /Users/korneev/Desktop/water-regime-gis/outputs/imagery/sp/SP_2_7/2026-05-22/sentinel_true_color.tif
OK sp/SP_2_7/2026-06-06: /Users/korneev/Desktop/water-regime-gis/outputs/imagery/sp/SP_2_7/2026-06-06/sentinel_true_color.tif
Warning 1: Value 0 in the source dataset has been changed to 1 in the destination dataset to avoid being treated as NoData. To avoid this, select a different NoData value for the destination dataset.
Warning 1: Value 0 in the source dataset has been changed to 1 in the destination dataset to avoid being treated as NoData. To avoid this, select a different NoData value for the destination dataset.
Warning 1: Value 0 in the source dataset has been changed to 1 in the destination dataset to avoid being treated as NoData. To avoid this, select a different NoData value for the destination dataset.
OK sp/SP_2_7/2026-06-08: /Users/korneev/Desktop/water-regime-gis/outputs/imagery/sp/SP_2_7/2026-06-08/sentinel_true_color.tif
OK sp/SP_2_7/2026-06-09: /Users/korneev/Desktop/water-regime-gis/outputs/imagery/sp/SP_2_7/2026-06-09/sentinel_true_color.tif
OK sp/SP_2_7/2026-06-11: /Users/korneev/Desktop/water-regime-gis/outputs/imagery/sp/SP_2_7/2026-06-11/sentinel_true_color.tif
OK sp/SP_2_7/2026-07-14: /Users/korneev/Desktop/water-regime-gis/outputs/imagery/sp/SP_2_7/2026-07-14/sentinel_true_color.tif
OK sp/SP_2_7/2026-07-19: /Users/korneev/Desktop/water-regime-gis/outputs/imagery/sp/SP_2_7/2026-07-19/sentinel_true_color.tif
OK sp/SP_2_7/2026-07-28: /Users/korneev/Desktop/water-regime-gis/outputs/imagery/sp/SP_2_7/2026-07-28/sentinel_true_color.tif
OK sp/SP_2_7/2026-07-31: /Users/korneev/Desktop/water-regime-gis/outputs/imagery/sp/SP_2_7/2026-07-31/sentinel_true_color.tif
Warning 1: Value 0 in the source dataset has been changed to 1 in the destination dataset to avoid being treated as NoData. To avoid this, select a different NoData value for the destination dataset.
Warning 1: Value 0 in the source dataset has been changed to 1 in the destination dataset to avoid being treated as NoData. To avoid this, select a different NoData value for the destination dataset.
Warning 1: Value 0 in the source dataset has been changed to 1 in the destination dataset to avoid being treated as NoData. To avoid this, select a different NoData value for the destination dataset.
OK sp/SP_2_7/2026-08-10: /Users/korneev/Desktop/water-regime-gis/outputs/imagery/sp/SP_2_7/2026-08-10/sentinel_true_color.tif
OK sp/SP_3_2/2026-04-22: /Users/korneev/Desktop/water-regime-gis/outputs/imagery/sp/SP_3_2/2026-04-22/sentinel_true_color.tif
OK sp/SP_3_2/2026-05-05: /Users/korneev/Desktop/water-regime-gis/outputs/imagery/sp/SP_3_2/2026-05-05/sentinel_true_color.tif
OK sp/SP_3_2/2026-05-07: /Users/korneev/Desktop/water-regime-gis/outputs/imagery/sp/SP_3_2/2026-05-07/sentinel_true_color.tif
OK sp/SP_3_2/2026-05-17: /Users/korneev/Desktop/water-regime-gis/outputs/imagery/sp/SP_3_2/2026-05-17/sentinel_true_color.tif
OK sp/SP_3_2/2026-05-20: /Users/korneev/Desktop/water-regime-gis/outputs/imagery/sp/SP_3_2/2026-05-20/sentinel_true_color.tif
OK sp/SP_3_2/2026-05-22: /Users/korneev/Desktop/water-regime-gis/outputs/imagery/sp/SP_3_2/2026-05-22/sentinel_true_color.tif
OK sp/SP_3_2/2026-06-06: /Users/korneev/Desktop/water-regime-gis/outputs/imagery/sp/SP_3_2/2026-06-06/sentinel_true_color.tif
OK sp/SP_3_2/2026-06-08: /Users/korneev/Desktop/water-regime-gis/outputs/imagery/sp/SP_3_2/2026-06-08/sentinel_true_color.tif
OK sp/SP_3_2/2026-06-09: /Users/korneev/Desktop/water-regime-gis/outputs/imagery/sp/SP_3_2/2026-06-09/sentinel_true_color.tif
OK sp/SP_3_2/2026-06-11: /Users/korneev/Desktop/water-regime-gis/outputs/imagery/sp/SP_3_2/2026-06-11/sentinel_true_color.tif
OK sp/SP_3_2/2026-07-14: /Users/korneev/Desktop/water-regime-gis/outputs/imagery/sp/SP_3_2/2026-07-14/sentinel_true_color.tif
OK sp/SP_3_2/2026-07-19: /Users/korneev/Desktop/water-regime-gis/outputs/imagery/sp/SP_3_2/2026-07-19/sentinel_true_color.tif
OK sp/SP_3_2/2026-07-28: /Users/korneev/Desktop/water-regime-gis/outputs/imagery/sp/SP_3_2/2026-07-28/sentinel_true_color.tif
OK sp/SP_3_2/2026-07-31: /Users/korneev/Desktop/water-regime-gis/outputs/imagery/sp/SP_3_2/2026-07-31/sentinel_true_color.tif
OK sp/SP_3_2/2026-08-10: /Users/korneev/Desktop/water-regime-gis/outputs/imagery/sp/SP_3_2/2026-08-10/sentinel_true_color.tif
OK sp/SP_3_1/2026-04-22: /Users/korneev/Desktop/water-regime-gis/outputs/imagery/sp/SP_3_1/2026-04-22/sentinel_true_color.tif
OK sp/SP_3_1/2026-05-05: /Users/korneev/Desktop/water-regime-gis/outputs/imagery/sp/SP_3_1/2026-05-05/sentinel_true_color.tif
OK sp/SP_3_1/2026-05-07: /Users/korneev/Desktop/water-regime-gis/outputs/imagery/sp/SP_3_1/2026-05-07/sentinel_true_color.tif
OK sp/SP_3_1/2026-05-17: /Users/korneev/Desktop/water-regime-gis/outputs/imagery/sp/SP_3_1/2026-05-17/sentinel_true_color.tif
OK sp/SP_3_1/2026-05-20: /Users/korneev/Desktop/water-regime-gis/outputs/imagery/sp/SP_3_1/2026-05-20/sentinel_true_color.tif
OK sp/SP_3_1/2026-05-22: /Users/korneev/Desktop/water-regime-gis/outputs/imagery/sp/SP_3_1/2026-05-22/sentinel_true_color.tif
OK sp/SP_3_1/2026-06-06: /Users/korneev/Desktop/water-regime-gis/outputs/imagery/sp/SP_3_1/2026-06-06/sentinel_true_color.tif
OK sp/SP_3_1/2026-06-08: /Users/korneev/Desktop/water-regime-gis/outputs/imagery/sp/SP_3_1/2026-06-08/sentinel_true_color.tif
OK sp/SP_3_1/2026-06-09: /Users/korneev/Desktop/water-regime-gis/outputs/imagery/sp/SP_3_1/2026-06-09/sentinel_true_color.tif
OK sp/SP_3_1/2026-06-11: /Users/korneev/Desktop/water-regime-gis/outputs/imagery/sp/SP_3_1/2026-06-11/sentinel_true_color.tif
OK sp/SP_3_1/2026-07-14: /Users/korneev/Desktop/water-regime-gis/outputs/imagery/sp/SP_3_1/2026-07-14/sentinel_true_color.tif
OK sp/SP_3_1/2026-07-19: /Users/korneev/Desktop/water-regime-gis/outputs/imagery/sp/SP_3_1/2026-07-19/sentinel_true_color.tif
OK sp/SP_3_1/2026-07-28: /Users/korneev/Desktop/water-regime-gis/outputs/imagery/sp/SP_3_1/2026-07-28/sentinel_true_color.tif
OK sp/SP_3_1/2026-07-31: /Users/korneev/Desktop/water-regime-gis/outputs/imagery/sp/SP_3_1/2026-07-31/sentinel_true_color.tif
OK sp/SP_3_1/2026-08-10: /Users/korneev/Desktop/water-regime-gis/outputs/imagery/sp/SP_3_1/2026-08-10/sentinel_true_color.tif
OK sp/SP_1_1/2026-04-22: /Users/korneev/Desktop/water-regime-gis/outputs/imagery/sp/SP_1_1/2026-04-22/sentinel_true_color.tif
OK sp/SP_1_1/2026-05-05: /Users/korneev/Desktop/water-regime-gis/outputs/imagery/sp/SP_1_1/2026-05-05/sentinel_true_color.tif
OK sp/SP_1_1/2026-05-20: /Users/korneev/Desktop/water-regime-gis/outputs/imagery/sp/SP_1_1/2026-05-20/sentinel_true_color.tif
OK sp/SP_1_1/2026-05-22: /Users/korneev/Desktop/water-regime-gis/outputs/imagery/sp/SP_1_1/2026-05-22/sentinel_true_color.tif
OK sp/SP_1_1/2026-06-11: /Users/korneev/Desktop/water-regime-gis/outputs/imagery/sp/SP_1_1/2026-06-11/sentinel_true_color.tif
OK sp/SP_1_1/2026-07-19: /Users/korneev/Desktop/water-regime-gis/outputs/imagery/sp/SP_1_1/2026-07-19/sentinel_true_color.tif
OK sp/SP_1_1/2026-08-10: /Users/korneev/Desktop/water-regime-gis/outputs/imagery/sp/SP_1_1/2026-08-10/sentinel_true_color.tif
OK sp/SP_2_5/2026-04-22: /Users/korneev/Desktop/water-regime-gis/outputs/imagery/sp/SP_2_5/2026-04-22/sentinel_true_color.tif
OK sp/SP_2_5/2026-05-05: /Users/korneev/Desktop/water-regime-gis/outputs/imagery/sp/SP_2_5/2026-05-05/sentinel_true_color.tif
OK sp/SP_2_5/2026-05-07: /Users/korneev/Desktop/water-regime-gis/outputs/imagery/sp/SP_2_5/2026-05-07/sentinel_true_color.tif
OK sp/SP_2_5/2026-05-20: /Users/korneev/Desktop/water-regime-gis/outputs/imagery/sp/SP_2_5/2026-05-20/sentinel_true_color.tif
OK sp/SP_2_5/2026-05-22: /Users/korneev/Desktop/water-regime-gis/outputs/imagery/sp/SP_2_5/2026-05-22/sentinel_true_color.tif
OK sp/SP_2_5/2026-06-09: /Users/korneev/Desktop/water-regime-gis/outputs/imagery/sp/SP_2_5/2026-06-09/sentinel_true_color.tif
OK sp/SP_2_5/2026-06-11: /Users/korneev/Desktop/water-regime-gis/outputs/imagery/sp/SP_2_5/2026-06-11/sentinel_true_color.tif
OK sp/SP_2_5/2026-07-14: /Users/korneev/Desktop/water-regime-gis/outputs/imagery/sp/SP_2_5/2026-07-14/sentinel_true_color.tif
OK sp/SP_2_5/2026-07-19: /Users/korneev/Desktop/water-regime-gis/outputs/imagery/sp/SP_2_5/2026-07-19/sentinel_true_color.tif
OK sp/SP_2_5/2026-07-31: /Users/korneev/Desktop/water-regime-gis/outputs/imagery/sp/SP_2_5/2026-07-31/sentinel_true_color.tif
OK sp/SP_2_5/2026-08-10: /Users/korneev/Desktop/water-regime-gis/outputs/imagery/sp/SP_2_5/2026-08-10/sentinel_true_color.tif
OK sp/SP_1_2/2026-04-22: /Users/korneev/Desktop/water-regime-gis/outputs/imagery/sp/SP_1_2/2026-04-22/sentinel_true_color.tif
OK sp/SP_1_2/2026-05-05: /Users/korneev/Desktop/water-regime-gis/outputs/imagery/sp/SP_1_2/2026-05-05/sentinel_true_color.tif
OK sp/SP_1_2/2026-05-20: /Users/korneev/Desktop/water-regime-gis/outputs/imagery/sp/SP_1_2/2026-05-20/sentinel_true_color.tif
OK sp/SP_1_2/2026-05-22: /Users/korneev/Desktop/water-regime-gis/outputs/imagery/sp/SP_1_2/2026-05-22/sentinel_true_color.tif
OK sp/SP_1_2/2026-06-11: /Users/korneev/Desktop/water-regime-gis/outputs/imagery/sp/SP_1_2/2026-06-11/sentinel_true_color.tif
OK sp/SP_1_2/2026-07-19: /Users/korneev/Desktop/water-regime-gis/outputs/imagery/sp/SP_1_2/2026-07-19/sentinel_true_color.tif
OK sp/SP_1_2/2026-08-10: /Users/korneev/Desktop/water-regime-gis/outputs/imagery/sp/SP_1_2/2026-08-10/sentinel_true_color.tif
OK sp/SP_3_5/2026-04-22: /Users/korneev/Desktop/water-regime-gis/outputs/imagery/sp/SP_3_5/2026-04-22/sentinel_true_color.tif
OK sp/SP_3_5/2026-05-05: /Users/korneev/Desktop/water-regime-gis/outputs/imagery/sp/SP_3_5/2026-05-05/sentinel_true_color.tif
OK sp/SP_3_5/2026-05-07: /Users/korneev/Desktop/water-regime-gis/outputs/imagery/sp/SP_3_5/2026-05-07/sentinel_true_color.tif
OK sp/SP_3_5/2026-05-17: /Users/korneev/Desktop/water-regime-gis/outputs/imagery/sp/SP_3_5/2026-05-17/sentinel_true_color.tif
OK sp/SP_3_5/2026-05-20: /Users/korneev/Desktop/water-regime-gis/outputs/imagery/sp/SP_3_5/2026-05-20/sentinel_true_color.tif
OK sp/SP_3_5/2026-05-22: /Users/korneev/Desktop/water-regime-gis/outputs/imagery/sp/SP_3_5/2026-05-22/sentinel_true_color.tif
OK sp/SP_3_5/2026-06-06: /Users/korneev/Desktop/water-regime-gis/outputs/imagery/sp/SP_3_5/2026-06-06/sentinel_true_color.tif
Warning 1: Value 0 in the source dataset has been changed to 1 in the destination dataset to avoid being treated as NoData. To avoid this, select a different NoData value for the destination dataset.
Warning 1: Value 0 in the source dataset has been changed to 1 in the destination dataset to avoid being treated as NoData. To avoid this, select a different NoData value for the destination dataset.
Warning 1: Value 0 in the source dataset has been changed to 1 in the destination dataset to avoid being treated as NoData. To avoid this, select a different NoData value for the destination dataset.
OK sp/SP_3_5/2026-06-08: /Users/korneev/Desktop/water-regime-gis/outputs/imagery/sp/SP_3_5/2026-06-08/sentinel_true_color.tif
OK sp/SP_3_5/2026-06-09: /Users/korneev/Desktop/water-regime-gis/outputs/imagery/sp/SP_3_5/2026-06-09/sentinel_true_color.tif
OK sp/SP_3_5/2026-06-11: /Users/korneev/Desktop/water-regime-gis/outputs/imagery/sp/SP_3_5/2026-06-11/sentinel_true_color.tif
OK sp/SP_3_5/2026-07-14: /Users/korneev/Desktop/water-regime-gis/outputs/imagery/sp/SP_3_5/2026-07-14/sentinel_true_color.tif
OK sp/SP_3_5/2026-07-19: /Users/korneev/Desktop/water-regime-gis/outputs/imagery/sp/SP_3_5/2026-07-19/sentinel_true_color.tif
OK sp/SP_3_5/2026-07-28: /Users/korneev/Desktop/water-regime-gis/outputs/imagery/sp/SP_3_5/2026-07-28/sentinel_true_color.tif
OK sp/SP_3_5/2026-07-31: /Users/korneev/Desktop/water-regime-gis/outputs/imagery/sp/SP_3_5/2026-07-31/sentinel_true_color.tif
Warning 1: Value 0 in the source dataset has been changed to 1 in the destination dataset to avoid being treated as NoData. To avoid this, select a different NoData value for the destination dataset.
Warning 1: Value 0 in the source dataset has been changed to 1 in the destination dataset to avoid being treated as NoData. To avoid this, select a different NoData value for the destination dataset.
Warning 1: Value 0 in the source dataset has been changed to 1 in the destination dataset to avoid being treated as NoData. To avoid this, select a different NoData value for the destination dataset.
OK sp/SP_3_5/2026-08-10: /Users/korneev/Desktop/water-regime-gis/outputs/imagery/sp/SP_3_5/2026-08-10/sentinel_true_color.tif
OK sp/SP_3_3/2026-04-22: /Users/korneev/Desktop/water-regime-gis/outputs/imagery/sp/SP_3_3/2026-04-22/sentinel_true_color.tif
OK sp/SP_3_3/2026-05-05: /Users/korneev/Desktop/water-regime-gis/outputs/imagery/sp/SP_3_3/2026-05-05/sentinel_true_color.tif
OK sp/SP_3_3/2026-05-07: /Users/korneev/Desktop/water-regime-gis/outputs/imagery/sp/SP_3_3/2026-05-07/sentinel_true_color.tif
OK sp/SP_3_3/2026-05-17: /Users/korneev/Desktop/water-regime-gis/outputs/imagery/sp/SP_3_3/2026-05-17/sentinel_true_color.tif
OK sp/SP_3_3/2026-05-20: /Users/korneev/Desktop/water-regime-gis/outputs/imagery/sp/SP_3_3/2026-05-20/sentinel_true_color.tif
OK sp/SP_3_3/2026-05-22: /Users/korneev/Desktop/water-regime-gis/outputs/imagery/sp/SP_3_3/2026-05-22/sentinel_true_color.tif
OK sp/SP_3_3/2026-06-06: /Users/korneev/Desktop/water-regime-gis/outputs/imagery/sp/SP_3_3/2026-06-06/sentinel_true_color.tif
OK sp/SP_3_3/2026-06-08: /Users/korneev/Desktop/water-regime-gis/outputs/imagery/sp/SP_3_3/2026-06-08/sentinel_true_color.tif
OK sp/SP_3_3/2026-06-09: /Users/korneev/Desktop/water-regime-gis/outputs/imagery/sp/SP_3_3/2026-06-09/sentinel_true_color.tif
OK sp/SP_3_3/2026-06-11: /Users/korneev/Desktop/water-regime-gis/outputs/imagery/sp/SP_3_3/2026-06-11/sentinel_true_color.tif
OK sp/SP_3_3/2026-07-14: /Users/korneev/Desktop/water-regime-gis/outputs/imagery/sp/SP_3_3/2026-07-14/sentinel_true_color.tif
OK sp/SP_3_3/2026-07-19: /Users/korneev/Desktop/water-regime-gis/outputs/imagery/sp/SP_3_3/2026-07-19/sentinel_true_color.tif
OK sp/SP_3_3/2026-07-28: /Users/korneev/Desktop/water-regime-gis/outputs/imagery/sp/SP_3_3/2026-07-28/sentinel_true_color.tif
OK sp/SP_3_3/2026-07-31: /Users/korneev/Desktop/water-regime-gis/outputs/imagery/sp/SP_3_3/2026-07-31/sentinel_true_color.tif
OK sp/SP_3_3/2026-08-10: /Users/korneev/Desktop/water-regime-gis/outputs/imagery/sp/SP_3_3/2026-08-10/sentinel_true_color.tif
Finished: 1358 ready, 1 errors
Manifest: /Users/korneev/Desktop/water-regime-gis/outputs/imagery/download_manifest.json
SKIP sp/SP_4_17/2026-04-22: /Users/korneev/Desktop/water-regime-gis/outputs/imagery/sp/SP_4_17/2026-04-22/sentinel_true_color.tif
SKIP sp/SP_4_17/2026-05-05: /Users/korneev/Desktop/water-regime-gis/outputs/imagery/sp/SP_4_17/2026-05-05/sentinel_true_color.tif
SKIP sp/SP_4_17/2026-05-07: /Users/korneev/Desktop/water-regime-gis/outputs/imagery/sp/SP_4_17/2026-05-07/sentinel_true_color.tif
SKIP sp/SP_4_17/2026-05-17: /Users/korneev/Desktop/water-regime-gis/outputs/imagery/sp/SP_4_17/2026-05-17/sentinel_true_color.tif
SKIP sp/SP_4_17/2026-05-20: /Users/korneev/Desktop/water-regime-gis/outputs/imagery/sp/SP_4_17/2026-05-20/sentinel_true_color.tif
SKIP sp/SP_4_17/2026-05-22: /Users/korneev/Desktop/water-regime-gis/outputs/imagery/sp/SP_4_17/2026-05-22/sentinel_true_color.tif
SKIP sp/SP_4_17/2026-06-06: /Users/korneev/Desktop/water-regime-gis/outputs/imagery/sp/SP_4_17/2026-06-06/sentinel_true_color.tif
SKIP sp/SP_4_17/2026-06-08: /Users/korneev/Desktop/water-regime-gis/outputs/imagery/sp/SP_4_17/2026-06-08/sentinel_true_color.tif
SKIP sp/SP_4_17/2026-06-09: /Users/korneev/Desktop/water-regime-gis/outputs/imagery/sp/SP_4_17/2026-06-09/sentinel_true_color.tif
SKIP sp/SP_4_17/2026-06-11: /Users/korneev/Desktop/water-regime-gis/outputs/imagery/sp/SP_4_17/2026-06-11/sentinel_true_color.tif
SKIP sp/SP_4_17/2026-07-14: /Users/korneev/Desktop/water-regime-gis/outputs/imagery/sp/SP_4_17/2026-07-14/sentinel_true_color.tif
SKIP sp/SP_4_17/2026-07-19: /Users/korneev/Desktop/water-regime-gis/outputs/imagery/sp/SP_4_17/2026-07-19/sentinel_true_color.tif
SKIP sp/SP_4_17/2026-07-28: /Users/korneev/Desktop/water-regime-gis/outputs/imagery/sp/SP_4_17/2026-07-28/sentinel_true_color.tif
SKIP sp/SP_4_17/2026-07-31: /Users/korneev/Desktop/water-regime-gis/outputs/imagery/sp/SP_4_17/2026-07-31/sentinel_true_color.tif
SKIP sp/SP_4_17/2026-08-10: /Users/korneev/Desktop/water-regime-gis/outputs/imagery/sp/SP_4_17/2026-08-10/sentinel_true_color.tif
SKIP sp/SP_4_18/2026-04-22: /Users/korneev/Desktop/water-regime-gis/outputs/imagery/sp/SP_4_18/2026-04-22/sentinel_true_color.tif
SKIP sp/SP_4_18/2026-05-05: /Users/korneev/Desktop/water-regime-gis/outputs/imagery/sp/SP_4_18/2026-05-05/sentinel_true_color.tif
SKIP sp/SP_4_18/2026-05-07: /Users/korneev/Desktop/water-regime-gis/outputs/imagery/sp/SP_4_18/2026-05-07/sentinel_true_color.tif
SKIP sp/SP_4_18/2026-05-17: /Users/korneev/Desktop/water-regime-gis/outputs/imagery/sp/SP_4_18/2026-05-17/sentinel_true_color.tif
SKIP sp/SP_4_18/2026-05-20: /Users/korneev/Desktop/water-regime-gis/outputs/imagery/sp/SP_4_18/2026-05-20/sentinel_true_color.tif
SKIP sp/SP_4_18/2026-05-22: /Users/korneev/Desktop/water-regime-gis/outputs/imagery/sp/SP_4_18/2026-05-22/sentinel_true_color.tif
SKIP sp/SP_4_18/2026-06-06: /Users/korneev/Desktop/water-regime-gis/outputs/imagery/sp/SP_4_18/2026-06-06/sentinel_true_color.tif
SKIP sp/SP_4_18/2026-06-08: /Users/korneev/Desktop/water-regime-gis/outputs/imagery/sp/SP_4_18/2026-06-08/sentinel_true_color.tif
SKIP sp/SP_4_18/2026-06-09: /Users/korneev/Desktop/water-regime-gis/outputs/imagery/sp/SP_4_18/2026-06-09/sentinel_true_color.tif
SKIP sp/SP_4_18/2026-06-11: /Users/korneev/Desktop/water-regime-gis/outputs/imagery/sp/SP_4_18/2026-06-11/sentinel_true_color.tif
SKIP sp/SP_4_18/2026-07-14: /Users/korneev/Desktop/water-regime-gis/outputs/imagery/sp/SP_4_18/2026-07-14/sentinel_true_color.tif
SKIP sp/SP_4_18/2026-07-19: /Users/korneev/Desktop/water-regime-gis/outputs/imagery/sp/SP_4_18/2026-07-19/sentinel_true_color.tif
SKIP sp/SP_4_18/2026-07-28: /Users/korneev/Desktop/water-regime-gis/outputs/imagery/sp/SP_4_18/2026-07-28/sentinel_true_color.tif
SKIP sp/SP_4_18/2026-07-31: /Users/korneev/Desktop/water-regime-gis/outputs/imagery/sp/SP_4_18/2026-07-31/sentinel_true_color.tif
SKIP sp/SP_4_18/2026-08-10: /Users/korneev/Desktop/water-regime-gis/outputs/imagery/sp/SP_4_18/2026-08-10/sentinel_true_color.tif
SKIP sp/SP_4_25/2026-04-22: /Users/korneev/Desktop/water-regime-gis/outputs/imagery/sp/SP_4_25/2026-04-22/sentinel_true_color.tif
SKIP sp/SP_4_25/2026-05-05: /Users/korneev/Desktop/water-regime-gis/outputs/imagery/sp/SP_4_25/2026-05-05/sentinel_true_color.tif
SKIP sp/SP_4_25/2026-05-07: /Users/korneev/Desktop/water-regime-gis/outputs/imagery/sp/SP_4_25/2026-05-07/sentinel_true_color.tif
SKIP sp/SP_4_25/2026-05-17: /Users/korneev/Desktop/water-regime-gis/outputs/imagery/sp/SP_4_25/2026-05-17/sentinel_true_color.tif
SKIP sp/SP_4_25/2026-05-20: /Users/korneev/Desktop/water-regime-gis/outputs/imagery/sp/SP_4_25/2026-05-20/sentinel_true_color.tif
SKIP sp/SP_4_25/2026-05-22: /Users/korneev/Desktop/water-regime-gis/outputs/imagery/sp/SP_4_25/2026-05-22/sentinel_true_color.tif
SKIP sp/SP_4_25/2026-06-06: /Users/korneev/Desktop/water-regime-gis/outputs/imagery/sp/SP_4_25/2026-06-06/sentinel_true_color.tif
SKIP sp/SP_4_25/2026-06-08: /Users/korneev/Desktop/water-regime-gis/outputs/imagery/sp/SP_4_25/2026-06-08/sentinel_true_color.tif
SKIP sp/SP_4_25/2026-06-09: /Users/korneev/Desktop/water-regime-gis/outputs/imagery/sp/SP_4_25/2026-06-09/sentinel_true_color.tif
SKIP sp/SP_4_25/2026-06-11: /Users/korneev/Desktop/water-regime-gis/outputs/imagery/sp/SP_4_25/2026-06-11/sentinel_true_color.tif
SKIP sp/SP_4_25/2026-07-14: /Users/korneev/Desktop/water-regime-gis/outputs/imagery/sp/SP_4_25/2026-07-14/sentinel_true_color.tif
SKIP sp/SP_4_25/2026-07-19: /Users/korneev/Desktop/water-regime-gis/outputs/imagery/sp/SP_4_25/2026-07-19/sentinel_true_color.tif
SKIP sp/SP_4_25/2026-07-28: /Users/korneev/Desktop/water-regime-gis/outputs/imagery/sp/SP_4_25/2026-07-28/sentinel_true_color.tif
SKIP sp/SP_4_25/2026-07-31: /Users/korneev/Desktop/water-regime-gis/outputs/imagery/sp/SP_4_25/2026-07-31/sentinel_true_color.tif
SKIP sp/SP_4_25/2026-08-10: /Users/korneev/Desktop/water-regime-gis/outputs/imagery/sp/SP_4_25/2026-08-10/sentinel_true_color.tif
SKIP sp/SP_4_23/2026-04-22: /Users/korneev/Desktop/water-regime-gis/outputs/imagery/sp/SP_4_23/2026-04-22/sentinel_true_color.tif
SKIP sp/SP_4_23/2026-05-05: /Users/korneev/Desktop/water-regime-gis/outputs/imagery/sp/SP_4_23/2026-05-05/sentinel_true_color.tif
SKIP sp/SP_4_23/2026-05-07: /Users/korneev/Desktop/water-regime-gis/outputs/imagery/sp/SP_4_23/2026-05-07/sentinel_true_color.tif
SKIP sp/SP_4_23/2026-05-17: /Users/korneev/Desktop/water-regime-gis/outputs/imagery/sp/SP_4_23/2026-05-17/sentinel_true_color.tif
SKIP sp/SP_4_23/2026-05-20: /Users/korneev/Desktop/water-regime-gis/outputs/imagery/sp/SP_4_23/2026-05-20/sentinel_true_color.tif
SKIP sp/SP_4_23/2026-05-22: /Users/korneev/Desktop/water-regime-gis/outputs/imagery/sp/SP_4_23/2026-05-22/sentinel_true_color.tif
SKIP sp/SP_4_23/2026-06-06: /Users/korneev/Desktop/water-regime-gis/outputs/imagery/sp/SP_4_23/2026-06-06/sentinel_true_color.tif
SKIP sp/SP_4_23/2026-06-08: /Users/korneev/Desktop/water-regime-gis/outputs/imagery/sp/SP_4_23/2026-06-08/sentinel_true_color.tif
SKIP sp/SP_4_23/2026-06-09: /Users/korneev/Desktop/water-regime-gis/outputs/imagery/sp/SP_4_23/2026-06-09/sentinel_true_color.tif
SKIP sp/SP_4_23/2026-06-11: /Users/korneev/Desktop/water-regime-gis/outputs/imagery/sp/SP_4_23/2026-06-11/sentinel_true_color.tif
SKIP sp/SP_4_23/2026-07-14: /Users/korneev/Desktop/water-regime-gis/outputs/imagery/sp/SP_4_23/2026-07-14/sentinel_true_color.tif
SKIP sp/SP_4_23/2026-07-19: /Users/korneev/Desktop/water-regime-gis/outputs/imagery/sp/SP_4_23/2026-07-19/sentinel_true_color.tif
SKIP sp/SP_4_23/2026-07-28: /Users/korneev/Desktop/water-regime-gis/outputs/imagery/sp/SP_4_23/2026-07-28/sentinel_true_color.tif
SKIP sp/SP_4_23/2026-07-31: /Users/korneev/Desktop/water-regime-gis/outputs/imagery/sp/SP_4_23/2026-07-31/sentinel_true_color.tif
SKIP sp/SP_4_23/2026-08-10: /Users/korneev/Desktop/water-regime-gis/outputs/imagery/sp/SP_4_23/2026-08-10/sentinel_true_color.tif
SKIP sp/SP_4_19/2026-04-22: /Users/korneev/Desktop/water-regime-gis/outputs/imagery/sp/SP_4_19/2026-04-22/sentinel_true_color.tif
SKIP sp/SP_4_19/2026-05-05: /Users/korneev/Desktop/water-regime-gis/outputs/imagery/sp/SP_4_19/2026-05-05/sentinel_true_color.tif
SKIP sp/SP_4_19/2026-05-07: /Users/korneev/Desktop/water-regime-gis/outputs/imagery/sp/SP_4_19/2026-05-07/sentinel_true_color.tif
SKIP sp/SP_4_19/2026-05-17: /Users/korneev/Desktop/water-regime-gis/outputs/imagery/sp/SP_4_19/2026-05-17/sentinel_true_color.tif
SKIP sp/SP_4_19/2026-05-20: /Users/korneev/Desktop/water-regime-gis/outputs/imagery/sp/SP_4_19/2026-05-20/sentinel_true_color.tif
SKIP sp/SP_4_19/2026-05-22: /Users/korneev/Desktop/water-regime-gis/outputs/imagery/sp/SP_4_19/2026-05-22/sentinel_true_color.tif
SKIP sp/SP_4_19/2026-06-06: /Users/korneev/Desktop/water-regime-gis/outputs/imagery/sp/SP_4_19/2026-06-06/sentinel_true_color.tif
SKIP sp/SP_4_19/2026-06-08: /Users/korneev/Desktop/water-regime-gis/outputs/imagery/sp/SP_4_19/2026-06-08/sentinel_true_color.tif
SKIP sp/SP_4_19/2026-06-09: /Users/korneev/Desktop/water-regime-gis/outputs/imagery/sp/SP_4_19/2026-06-09/sentinel_true_color.tif
SKIP sp/SP_4_19/2026-06-11: /Users/korneev/Desktop/water-regime-gis/outputs/imagery/sp/SP_4_19/2026-06-11/sentinel_true_color.tif
SKIP sp/SP_4_19/2026-07-14: /Users/korneev/Desktop/water-regime-gis/outputs/imagery/sp/SP_4_19/2026-07-14/sentinel_true_color.tif
SKIP sp/SP_4_19/2026-07-19: /Users/korneev/Desktop/water-regime-gis/outputs/imagery/sp/SP_4_19/2026-07-19/sentinel_true_color.tif
SKIP sp/SP_4_19/2026-07-28: /Users/korneev/Desktop/water-regime-gis/outputs/imagery/sp/SP_4_19/2026-07-28/sentinel_true_color.tif
SKIP sp/SP_4_19/2026-07-31: /Users/korneev/Desktop/water-regime-gis/outputs/imagery/sp/SP_4_19/2026-07-31/sentinel_true_color.tif
SKIP sp/SP_4_19/2026-08-10: /Users/korneev/Desktop/water-regime-gis/outputs/imagery/sp/SP_4_19/2026-08-10/sentinel_true_color.tif
SKIP sp/SP_4_20/2026-04-22: /Users/korneev/Desktop/water-regime-gis/outputs/imagery/sp/SP_4_20/2026-04-22/sentinel_true_color.tif
SKIP sp/SP_4_20/2026-05-05: /Users/korneev/Desktop/water-regime-gis/outputs/imagery/sp/SP_4_20/2026-05-05/sentinel_true_color.tif
SKIP sp/SP_4_20/2026-05-07: /Users/korneev/Desktop/water-regime-gis/outputs/imagery/sp/SP_4_20/2026-05-07/sentinel_true_color.tif
SKIP sp/SP_4_20/2026-05-17: /Users/korneev/Desktop/water-regime-gis/outputs/imagery/sp/SP_4_20/2026-05-17/sentinel_true_color.tif
SKIP sp/SP_4_20/2026-05-20: /Users/korneev/Desktop/water-regime-gis/outputs/imagery/sp/SP_4_20/2026-05-20/sentinel_true_color.tif
SKIP sp/SP_4_20/2026-05-22: /Users/korneev/Desktop/water-regime-gis/outputs/imagery/sp/SP_4_20/2026-05-22/sentinel_true_color.tif
SKIP sp/SP_4_20/2026-06-06: /Users/korneev/Desktop/water-regime-gis/outputs/imagery/sp/SP_4_20/2026-06-06/sentinel_true_color.tif
SKIP sp/SP_4_20/2026-06-08: /Users/korneev/Desktop/water-regime-gis/outputs/imagery/sp/SP_4_20/2026-06-08/sentinel_true_color.tif
SKIP sp/SP_4_20/2026-06-09: /Users/korneev/Desktop/water-regime-gis/outputs/imagery/sp/SP_4_20/2026-06-09/sentinel_true_color.tif
SKIP sp/SP_4_20/2026-06-11: /Users/korneev/Desktop/water-regime-gis/outputs/imagery/sp/SP_4_20/2026-06-11/sentinel_true_color.tif
SKIP sp/SP_4_20/2026-07-14: /Users/korneev/Desktop/water-regime-gis/outputs/imagery/sp/SP_4_20/2026-07-14/sentinel_true_color.tif
SKIP sp/SP_4_20/2026-07-19: /Users/korneev/Desktop/water-regime-gis/outputs/imagery/sp/SP_4_20/2026-07-19/sentinel_true_color.tif
SKIP sp/SP_4_20/2026-07-28: /Users/korneev/Desktop/water-regime-gis/outputs/imagery/sp/SP_4_20/2026-07-28/sentinel_true_color.tif
SKIP sp/SP_4_20/2026-07-31: /Users/korneev/Desktop/water-regime-gis/outputs/imagery/sp/SP_4_20/2026-07-31/sentinel_true_color.tif
SKIP sp/SP_4_20/2026-08-10: /Users/korneev/Desktop/water-regime-gis/outputs/imagery/sp/SP_4_20/2026-08-10/sentinel_true_color.tif
SKIP sp/SP_4_21/2026-04-22: /Users/korneev/Desktop/water-regime-gis/outputs/imagery/sp/SP_4_21/2026-04-22/sentinel_true_color.tif
SKIP sp/SP_4_21/2026-05-05: /Users/korneev/Desktop/water-regime-gis/outputs/imagery/sp/SP_4_21/2026-05-05/sentinel_true_color.tif
SKIP sp/SP_4_21/2026-05-07: /Users/korneev/Desktop/water-regime-gis/outputs/imagery/sp/SP_4_21/2026-05-07/sentinel_true_color.tif
SKIP sp/SP_4_21/2026-05-17: /Users/korneev/Desktop/water-regime-gis/outputs/imagery/sp/SP_4_21/2026-05-17/sentinel_true_color.tif
SKIP sp/SP_4_21/2026-05-20: /Users/korneev/Desktop/water-regime-gis/outputs/imagery/sp/SP_4_21/2026-05-20/sentinel_true_color.tif
SKIP sp/SP_4_21/2026-05-22: /Users/korneev/Desktop/water-regime-gis/outputs/imagery/sp/SP_4_21/2026-05-22/sentinel_true_color.tif
SKIP sp/SP_4_21/2026-06-06: /Users/korneev/Desktop/water-regime-gis/outputs/imagery/sp/SP_4_21/2026-06-06/sentinel_true_color.tif
SKIP sp/SP_4_21/2026-06-08: /Users/korneev/Desktop/water-regime-gis/outputs/imagery/sp/SP_4_21/2026-06-08/sentinel_true_color.tif
SKIP sp/SP_4_21/2026-06-09: /Users/korneev/Desktop/water-regime-gis/outputs/imagery/sp/SP_4_21/2026-06-09/sentinel_true_color.tif
SKIP sp/SP_4_21/2026-06-11: /Users/korneev/Desktop/water-regime-gis/outputs/imagery/sp/SP_4_21/2026-06-11/sentinel_true_color.tif
SKIP sp/SP_4_21/2026-07-14: /Users/korneev/Desktop/water-regime-gis/outputs/imagery/sp/SP_4_21/2026-07-14/sentinel_true_color.tif
SKIP sp/SP_4_21/2026-07-19: /Users/korneev/Desktop/water-regime-gis/outputs/imagery/sp/SP_4_21/2026-07-19/sentinel_true_color.tif
SKIP sp/SP_4_21/2026-07-28: /Users/korneev/Desktop/water-regime-gis/outputs/imagery/sp/SP_4_21/2026-07-28/sentinel_true_color.tif
SKIP sp/SP_4_21/2026-07-31: /Users/korneev/Desktop/water-regime-gis/outputs/imagery/sp/SP_4_21/2026-07-31/sentinel_true_color.tif
SKIP sp/SP_4_21/2026-08-10: /Users/korneev/Desktop/water-regime-gis/outputs/imagery/sp/SP_4_21/2026-08-10/sentinel_true_color.tif
SKIP sp/SP_4_22/2026-04-22: /Users/korneev/Desktop/water-regime-gis/outputs/imagery/sp/SP_4_22/2026-04-22/sentinel_true_color.tif
SKIP sp/SP_4_22/2026-05-05: /Users/korneev/Desktop/water-regime-gis/outputs/imagery/sp/SP_4_22/2026-05-05/sentinel_true_color.tif
SKIP sp/SP_4_22/2026-05-07: /Users/korneev/Desktop/water-regime-gis/outputs/imagery/sp/SP_4_22/2026-05-07/sentinel_true_color.tif
SKIP sp/SP_4_22/2026-05-17: /Users/korneev/Desktop/water-regime-gis/outputs/imagery/sp/SP_4_22/2026-05-17/sentinel_true_color.tif
SKIP sp/SP_4_22/2026-05-20: /Users/korneev/Desktop/water-regime-gis/outputs/imagery/sp/SP_4_22/2026-05-20/sentinel_true_color.tif
SKIP sp/SP_4_22/2026-05-22: /Users/korneev/Desktop/water-regime-gis/outputs/imagery/sp/SP_4_22/2026-05-22/sentinel_true_color.tif
SKIP sp/SP_4_22/2026-06-06: /Users/korneev/Desktop/water-regime-gis/outputs/imagery/sp/SP_4_22/2026-06-06/sentinel_true_color.tif
SKIP sp/SP_4_22/2026-06-08: /Users/korneev/Desktop/water-regime-gis/outputs/imagery/sp/SP_4_22/2026-06-08/sentinel_true_color.tif
SKIP sp/SP_4_22/2026-06-09: /Users/korneev/Desktop/water-regime-gis/outputs/imagery/sp/SP_4_22/2026-06-09/sentinel_true_color.tif
SKIP sp/SP_4_22/2026-06-11: /Users/korneev/Desktop/water-regime-gis/outputs/imagery/sp/SP_4_22/2026-06-11/sentinel_true_color.tif
SKIP sp/SP_4_22/2026-07-14: /Users/korneev/Desktop/water-regime-gis/outputs/imagery/sp/SP_4_22/2026-07-14/sentinel_true_color.tif
SKIP sp/SP_4_22/2026-07-19: /Users/korneev/Desktop/water-regime-gis/outputs/imagery/sp/SP_4_22/2026-07-19/sentinel_true_color.tif
SKIP sp/SP_4_22/2026-07-28: /Users/korneev/Desktop/water-regime-gis/outputs/imagery/sp/SP_4_22/2026-07-28/sentinel_true_color.tif
SKIP sp/SP_4_22/2026-07-31: /Users/korneev/Desktop/water-regime-gis/outputs/imagery/sp/SP_4_22/2026-07-31/sentinel_true_color.tif
SKIP sp/SP_4_22/2026-08-10: /Users/korneev/Desktop/water-regime-gis/outputs/imagery/sp/SP_4_22/2026-08-10/sentinel_true_color.tif
SKIP sp/SP_4_24/2026-04-22: /Users/korneev/Desktop/water-regime-gis/outputs/imagery/sp/SP_4_24/2026-04-22/sentinel_true_color.tif
SKIP sp/SP_4_24/2026-05-05: /Users/korneev/Desktop/water-regime-gis/outputs/imagery/sp/SP_4_24/2026-05-05/sentinel_true_color.tif
SKIP sp/SP_4_24/2026-05-07: /Users/korneev/Desktop/water-regime-gis/outputs/imagery/sp/SP_4_24/2026-05-07/sentinel_true_color.tif
SKIP sp/SP_4_24/2026-05-17: /Users/korneev/Desktop/water-regime-gis/outputs/imagery/sp/SP_4_24/2026-05-17/sentinel_true_color.tif
SKIP sp/SP_4_24/2026-05-20: /Users/korneev/Desktop/water-regime-gis/outputs/imagery/sp/SP_4_24/2026-05-20/sentinel_true_color.tif
SKIP sp/SP_4_24/2026-05-22: /Users/korneev/Desktop/water-regime-gis/outputs/imagery/sp/SP_4_24/2026-05-22/sentinel_true_color.tif
SKIP sp/SP_4_24/2026-06-06: /Users/korneev/Desktop/water-regime-gis/outputs/imagery/sp/SP_4_24/2026-06-06/sentinel_true_color.tif
SKIP sp/SP_4_24/2026-06-08: /Users/korneev/Desktop/water-regime-gis/outputs/imagery/sp/SP_4_24/2026-06-08/sentinel_true_color.tif
SKIP sp/SP_4_24/2026-06-09: /Users/korneev/Desktop/water-regime-gis/outputs/imagery/sp/SP_4_24/2026-06-09/sentinel_true_color.tif
SKIP sp/SP_4_24/2026-06-11: /Users/korneev/Desktop/water-regime-gis/outputs/imagery/sp/SP_4_24/2026-06-11/sentinel_true_color.tif
SKIP sp/SP_4_24/2026-07-14: /Users/korneev/Desktop/water-regime-gis/outputs/imagery/sp/SP_4_24/2026-07-14/sentinel_true_color.tif
SKIP sp/SP_4_24/2026-07-19: /Users/korneev/Desktop/water-regime-gis/outputs/imagery/sp/SP_4_24/2026-07-19/sentinel_true_color.tif
SKIP sp/SP_4_24/2026-07-28: /Users/korneev/Desktop/water-regime-gis/outputs/imagery/sp/SP_4_24/2026-07-28/sentinel_true_color.tif
SKIP sp/SP_4_24/2026-07-31: /Users/korneev/Desktop/water-regime-gis/outputs/imagery/sp/SP_4_24/2026-07-31/sentinel_true_color.tif
SKIP sp/SP_4_24/2026-08-10: /Users/korneev/Desktop/water-regime-gis/outputs/imagery/sp/SP_4_24/2026-08-10/sentinel_true_color.tif
SKIP sp/SP_4_5/2026-04-22: /Users/korneev/Desktop/water-regime-gis/outputs/imagery/sp/SP_4_5/2026-04-22/sentinel_true_color.tif
SKIP sp/SP_4_5/2026-05-05: /Users/korneev/Desktop/water-regime-gis/outputs/imagery/sp/SP_4_5/2026-05-05/sentinel_true_color.tif
SKIP sp/SP_4_5/2026-05-07: /Users/korneev/Desktop/water-regime-gis/outputs/imagery/sp/SP_4_5/2026-05-07/sentinel_true_color.tif
SKIP sp/SP_4_5/2026-05-17: /Users/korneev/Desktop/water-regime-gis/outputs/imagery/sp/SP_4_5/2026-05-17/sentinel_true_color.tif
SKIP sp/SP_4_5/2026-05-20: /Users/korneev/Desktop/water-regime-gis/outputs/imagery/sp/SP_4_5/2026-05-20/sentinel_true_color.tif
SKIP sp/SP_4_5/2026-05-22: /Users/korneev/Desktop/water-regime-gis/outputs/imagery/sp/SP_4_5/2026-05-22/sentinel_true_color.tif
SKIP sp/SP_4_5/2026-06-06: /Users/korneev/Desktop/water-regime-gis/outputs/imagery/sp/SP_4_5/2026-06-06/sentinel_true_color.tif
SKIP sp/SP_4_5/2026-06-08: /Users/korneev/Desktop/water-regime-gis/outputs/imagery/sp/SP_4_5/2026-06-08/sentinel_true_color.tif
SKIP sp/SP_4_5/2026-06-09: /Users/korneev/Desktop/water-regime-gis/outputs/imagery/sp/SP_4_5/2026-06-09/sentinel_true_color.tif
SKIP sp/SP_4_5/2026-06-11: /Users/korneev/Desktop/water-regime-gis/outputs/imagery/sp/SP_4_5/2026-06-11/sentinel_true_color.tif
SKIP sp/SP_4_5/2026-07-14: /Users/korneev/Desktop/water-regime-gis/outputs/imagery/sp/SP_4_5/2026-07-14/sentinel_true_color.tif
SKIP sp/SP_4_5/2026-07-19: /Users/korneev/Desktop/water-regime-gis/outputs/imagery/sp/SP_4_5/2026-07-19/sentinel_true_color.tif
SKIP sp/SP_4_5/2026-07-28: /Users/korneev/Desktop/water-regime-gis/outputs/imagery/sp/SP_4_5/2026-07-28/sentinel_true_color.tif
SKIP sp/SP_4_5/2026-07-31: /Users/korneev/Desktop/water-regime-gis/outputs/imagery/sp/SP_4_5/2026-07-31/sentinel_true_color.tif
SKIP sp/SP_4_5/2026-08-10: /Users/korneev/Desktop/water-regime-gis/outputs/imagery/sp/SP_4_5/2026-08-10/sentinel_true_color.tif
SKIP sp/SP_4_4/2026-04-22: /Users/korneev/Desktop/water-regime-gis/outputs/imagery/sp/SP_4_4/2026-04-22/sentinel_true_color.tif
SKIP sp/SP_4_4/2026-05-05: /Users/korneev/Desktop/water-regime-gis/outputs/imagery/sp/SP_4_4/2026-05-05/sentinel_true_color.tif
SKIP sp/SP_4_4/2026-05-07: /Users/korneev/Desktop/water-regime-gis/outputs/imagery/sp/SP_4_4/2026-05-07/sentinel_true_color.tif
SKIP sp/SP_4_4/2026-05-17: /Users/korneev/Desktop/water-regime-gis/outputs/imagery/sp/SP_4_4/2026-05-17/sentinel_true_color.tif
SKIP sp/SP_4_4/2026-05-20: /Users/korneev/Desktop/water-regime-gis/outputs/imagery/sp/SP_4_4/2026-05-20/sentinel_true_color.tif
SKIP sp/SP_4_4/2026-05-22: /Users/korneev/Desktop/water-regime-gis/outputs/imagery/sp/SP_4_4/2026-05-22/sentinel_true_color.tif
SKIP sp/SP_4_4/2026-06-06: /Users/korneev/Desktop/water-regime-gis/outputs/imagery/sp/SP_4_4/2026-06-06/sentinel_true_color.tif
SKIP sp/SP_4_4/2026-06-08: /Users/korneev/Desktop/water-regime-gis/outputs/imagery/sp/SP_4_4/2026-06-08/sentinel_true_color.tif
SKIP sp/SP_4_4/2026-06-09: /Users/korneev/Desktop/water-regime-gis/outputs/imagery/sp/SP_4_4/2026-06-09/sentinel_true_color.tif
SKIP sp/SP_4_4/2026-06-11: /Users/korneev/Desktop/water-regime-gis/outputs/imagery/sp/SP_4_4/2026-06-11/sentinel_true_color.tif
SKIP sp/SP_4_4/2026-07-14: /Users/korneev/Desktop/water-regime-gis/outputs/imagery/sp/SP_4_4/2026-07-14/sentinel_true_color.tif
SKIP sp/SP_4_4/2026-07-19: /Users/korneev/Desktop/water-regime-gis/outputs/imagery/sp/SP_4_4/2026-07-19/sentinel_true_color.tif
SKIP sp/SP_4_4/2026-07-28: /Users/korneev/Desktop/water-regime-gis/outputs/imagery/sp/SP_4_4/2026-07-28/sentinel_true_color.tif
SKIP sp/SP_4_4/2026-07-31: /Users/korneev/Desktop/water-regime-gis/outputs/imagery/sp/SP_4_4/2026-07-31/sentinel_true_color.tif
SKIP sp/SP_4_4/2026-08-10: /Users/korneev/Desktop/water-regime-gis/outputs/imagery/sp/SP_4_4/2026-08-10/sentinel_true_color.tif
SKIP sp/SP_4_6/2026-04-22: /Users/korneev/Desktop/water-regime-gis/outputs/imagery/sp/SP_4_6/2026-04-22/sentinel_true_color.tif
SKIP sp/SP_4_6/2026-05-05: /Users/korneev/Desktop/water-regime-gis/outputs/imagery/sp/SP_4_6/2026-05-05/sentinel_true_color.tif
SKIP sp/SP_4_6/2026-05-07: /Users/korneev/Desktop/water-regime-gis/outputs/imagery/sp/SP_4_6/2026-05-07/sentinel_true_color.tif
SKIP sp/SP_4_6/2026-05-17: /Users/korneev/Desktop/water-regime-gis/outputs/imagery/sp/SP_4_6/2026-05-17/sentinel_true_color.tif
SKIP sp/SP_4_6/2026-05-20: /Users/korneev/Desktop/water-regime-gis/outputs/imagery/sp/SP_4_6/2026-05-20/sentinel_true_color.tif
SKIP sp/SP_4_6/2026-05-22: /Users/korneev/Desktop/water-regime-gis/outputs/imagery/sp/SP_4_6/2026-05-22/sentinel_true_color.tif
SKIP sp/SP_4_6/2026-06-06: /Users/korneev/Desktop/water-regime-gis/outputs/imagery/sp/SP_4_6/2026-06-06/sentinel_true_color.tif
SKIP sp/SP_4_6/2026-06-08: /Users/korneev/Desktop/water-regime-gis/outputs/imagery/sp/SP_4_6/2026-06-08/sentinel_true_color.tif
SKIP sp/SP_4_6/2026-06-09: /Users/korneev/Desktop/water-regime-gis/outputs/imagery/sp/SP_4_6/2026-06-09/sentinel_true_color.tif
SKIP sp/SP_4_6/2026-06-11: /Users/korneev/Desktop/water-regime-gis/outputs/imagery/sp/SP_4_6/2026-06-11/sentinel_true_color.tif
SKIP sp/SP_4_6/2026-07-14: /Users/korneev/Desktop/water-regime-gis/outputs/imagery/sp/SP_4_6/2026-07-14/sentinel_true_color.tif
SKIP sp/SP_4_6/2026-07-19: /Users/korneev/Desktop/water-regime-gis/outputs/imagery/sp/SP_4_6/2026-07-19/sentinel_true_color.tif
SKIP sp/SP_4_6/2026-07-28: /Users/korneev/Desktop/water-regime-gis/outputs/imagery/sp/SP_4_6/2026-07-28/sentinel_true_color.tif
SKIP sp/SP_4_6/2026-07-31: /Users/korneev/Desktop/water-regime-gis/outputs/imagery/sp/SP_4_6/2026-07-31/sentinel_true_color.tif
SKIP sp/SP_4_6/2026-08-10: /Users/korneev/Desktop/water-regime-gis/outputs/imagery/sp/SP_4_6/2026-08-10/sentinel_true_color.tif
SKIP sp/SP_4_3/2026-04-22: /Users/korneev/Desktop/water-regime-gis/outputs/imagery/sp/SP_4_3/2026-04-22/sentinel_true_color.tif
SKIP sp/SP_4_3/2026-05-05: /Users/korneev/Desktop/water-regime-gis/outputs/imagery/sp/SP_4_3/2026-05-05/sentinel_true_color.tif
SKIP sp/SP_4_3/2026-05-07: /Users/korneev/Desktop/water-regime-gis/outputs/imagery/sp/SP_4_3/2026-05-07/sentinel_true_color.tif
SKIP sp/SP_4_3/2026-05-17: /Users/korneev/Desktop/water-regime-gis/outputs/imagery/sp/SP_4_3/2026-05-17/sentinel_true_color.tif
SKIP sp/SP_4_3/2026-05-20: /Users/korneev/Desktop/water-regime-gis/outputs/imagery/sp/SP_4_3/2026-05-20/sentinel_true_color.tif
SKIP sp/SP_4_3/2026-05-22: /Users/korneev/Desktop/water-regime-gis/outputs/imagery/sp/SP_4_3/2026-05-22/sentinel_true_color.tif
SKIP sp/SP_4_3/2026-06-06: /Users/korneev/Desktop/water-regime-gis/outputs/imagery/sp/SP_4_3/2026-06-06/sentinel_true_color.tif
SKIP sp/SP_4_3/2026-06-08: /Users/korneev/Desktop/water-regime-gis/outputs/imagery/sp/SP_4_3/2026-06-08/sentinel_true_color.tif
SKIP sp/SP_4_3/2026-06-09: /Users/korneev/Desktop/water-regime-gis/outputs/imagery/sp/SP_4_3/2026-06-09/sentinel_true_color.tif
SKIP sp/SP_4_3/2026-06-11: /Users/korneev/Desktop/water-regime-gis/outputs/imagery/sp/SP_4_3/2026-06-11/sentinel_true_color.tif
SKIP sp/SP_4_3/2026-07-14: /Users/korneev/Desktop/water-regime-gis/outputs/imagery/sp/SP_4_3/2026-07-14/sentinel_true_color.tif
SKIP sp/SP_4_3/2026-07-19: /Users/korneev/Desktop/water-regime-gis/outputs/imagery/sp/SP_4_3/2026-07-19/sentinel_true_color.tif
SKIP sp/SP_4_3/2026-07-28: /Users/korneev/Desktop/water-regime-gis/outputs/imagery/sp/SP_4_3/2026-07-28/sentinel_true_color.tif
SKIP sp/SP_4_3/2026-07-31: /Users/korneev/Desktop/water-regime-gis/outputs/imagery/sp/SP_4_3/2026-07-31/sentinel_true_color.tif
SKIP sp/SP_4_3/2026-08-10: /Users/korneev/Desktop/water-regime-gis/outputs/imagery/sp/SP_4_3/2026-08-10/sentinel_true_color.tif
SKIP sp/SP_4_7_fid_20/2026-04-22: /Users/korneev/Desktop/water-regime-gis/outputs/imagery/sp/SP_4_7_fid_20/2026-04-22/sentinel_true_color.tif
SKIP sp/SP_4_7_fid_20/2026-05-05: /Users/korneev/Desktop/water-regime-gis/outputs/imagery/sp/SP_4_7_fid_20/2026-05-05/sentinel_true_color.tif
SKIP sp/SP_4_7_fid_20/2026-05-07: /Users/korneev/Desktop/water-regime-gis/outputs/imagery/sp/SP_4_7_fid_20/2026-05-07/sentinel_true_color.tif
SKIP sp/SP_4_7_fid_20/2026-05-17: /Users/korneev/Desktop/water-regime-gis/outputs/imagery/sp/SP_4_7_fid_20/2026-05-17/sentinel_true_color.tif
SKIP sp/SP_4_7_fid_20/2026-05-20: /Users/korneev/Desktop/water-regime-gis/outputs/imagery/sp/SP_4_7_fid_20/2026-05-20/sentinel_true_color.tif
SKIP sp/SP_4_7_fid_20/2026-05-22: /Users/korneev/Desktop/water-regime-gis/outputs/imagery/sp/SP_4_7_fid_20/2026-05-22/sentinel_true_color.tif
SKIP sp/SP_4_7_fid_20/2026-06-06: /Users/korneev/Desktop/water-regime-gis/outputs/imagery/sp/SP_4_7_fid_20/2026-06-06/sentinel_true_color.tif
SKIP sp/SP_4_7_fid_20/2026-06-08: /Users/korneev/Desktop/water-regime-gis/outputs/imagery/sp/SP_4_7_fid_20/2026-06-08/sentinel_true_color.tif
SKIP sp/SP_4_7_fid_20/2026-06-09: /Users/korneev/Desktop/water-regime-gis/outputs/imagery/sp/SP_4_7_fid_20/2026-06-09/sentinel_true_color.tif
SKIP sp/SP_4_7_fid_20/2026-06-11: /Users/korneev/Desktop/water-regime-gis/outputs/imagery/sp/SP_4_7_fid_20/2026-06-11/sentinel_true_color.tif
SKIP sp/SP_4_7_fid_20/2026-07-14: /Users/korneev/Desktop/water-regime-gis/outputs/imagery/sp/SP_4_7_fid_20/2026-07-14/sentinel_true_color.tif
SKIP sp/SP_4_7_fid_20/2026-07-19: /Users/korneev/Desktop/water-regime-gis/outputs/imagery/sp/SP_4_7_fid_20/2026-07-19/sentinel_true_color.tif
SKIP sp/SP_4_7_fid_20/2026-07-28: /Users/korneev/Desktop/water-regime-gis/outputs/imagery/sp/SP_4_7_fid_20/2026-07-28/sentinel_true_color.tif
SKIP sp/SP_4_7_fid_20/2026-07-31: /Users/korneev/Desktop/water-regime-gis/outputs/imagery/sp/SP_4_7_fid_20/2026-07-31/sentinel_true_color.tif
SKIP sp/SP_4_7_fid_20/2026-08-10: /Users/korneev/Desktop/water-regime-gis/outputs/imagery/sp/SP_4_7_fid_20/2026-08-10/sentinel_true_color.tif
SKIP sp/SP_4_2/2026-04-22: /Users/korneev/Desktop/water-regime-gis/outputs/imagery/sp/SP_4_2/2026-04-22/sentinel_true_color.tif
SKIP sp/SP_4_2/2026-05-05: /Users/korneev/Desktop/water-regime-gis/outputs/imagery/sp/SP_4_2/2026-05-05/sentinel_true_color.tif
SKIP sp/SP_4_2/2026-05-07: /Users/korneev/Desktop/water-regime-gis/outputs/imagery/sp/SP_4_2/2026-05-07/sentinel_true_color.tif
SKIP sp/SP_4_2/2026-05-17: /Users/korneev/Desktop/water-regime-gis/outputs/imagery/sp/SP_4_2/2026-05-17/sentinel_true_color.tif
SKIP sp/SP_4_2/2026-05-20: /Users/korneev/Desktop/water-regime-gis/outputs/imagery/sp/SP_4_2/2026-05-20/sentinel_true_color.tif
SKIP sp/SP_4_2/2026-05-22: /Users/korneev/Desktop/water-regime-gis/outputs/imagery/sp/SP_4_2/2026-05-22/sentinel_true_color.tif
SKIP sp/SP_4_2/2026-06-06: /Users/korneev/Desktop/water-regime-gis/outputs/imagery/sp/SP_4_2/2026-06-06/sentinel_true_color.tif
SKIP sp/SP_4_2/2026-06-08: /Users/korneev/Desktop/water-regime-gis/outputs/imagery/sp/SP_4_2/2026-06-08/sentinel_true_color.tif
SKIP sp/SP_4_2/2026-06-09: /Users/korneev/Desktop/water-regime-gis/outputs/imagery/sp/SP_4_2/2026-06-09/sentinel_true_color.tif
SKIP sp/SP_4_2/2026-06-11: /Users/korneev/Desktop/water-regime-gis/outputs/imagery/sp/SP_4_2/2026-06-11/sentinel_true_color.tif
SKIP sp/SP_4_2/2026-07-14: /Users/korneev/Desktop/water-regime-gis/outputs/imagery/sp/SP_4_2/2026-07-14/sentinel_true_color.tif
SKIP sp/SP_4_2/2026-07-19: /Users/korneev/Desktop/water-regime-gis/outputs/imagery/sp/SP_4_2/2026-07-19/sentinel_true_color.tif
SKIP sp/SP_4_2/2026-07-28: /Users/korneev/Desktop/water-regime-gis/outputs/imagery/sp/SP_4_2/2026-07-28/sentinel_true_color.tif
SKIP sp/SP_4_2/2026-07-31: /Users/korneev/Desktop/water-regime-gis/outputs/imagery/sp/SP_4_2/2026-07-31/sentinel_true_color.tif
SKIP sp/SP_4_2/2026-08-10: /Users/korneev/Desktop/water-regime-gis/outputs/imagery/sp/SP_4_2/2026-08-10/sentinel_true_color.tif
SKIP sp/SP_4_1/2026-04-22: /Users/korneev/Desktop/water-regime-gis/outputs/imagery/sp/SP_4_1/2026-04-22/sentinel_true_color.tif
SKIP sp/SP_4_1/2026-05-05: /Users/korneev/Desktop/water-regime-gis/outputs/imagery/sp/SP_4_1/2026-05-05/sentinel_true_color.tif
SKIP sp/SP_4_1/2026-05-07: /Users/korneev/Desktop/water-regime-gis/outputs/imagery/sp/SP_4_1/2026-05-07/sentinel_true_color.tif
SKIP sp/SP_4_1/2026-05-17: /Users/korneev/Desktop/water-regime-gis/outputs/imagery/sp/SP_4_1/2026-05-17/sentinel_true_color.tif
SKIP sp/SP_4_1/2026-05-20: /Users/korneev/Desktop/water-regime-gis/outputs/imagery/sp/SP_4_1/2026-05-20/sentinel_true_color.tif
SKIP sp/SP_4_1/2026-05-22: /Users/korneev/Desktop/water-regime-gis/outputs/imagery/sp/SP_4_1/2026-05-22/sentinel_true_color.tif
SKIP sp/SP_4_1/2026-06-06: /Users/korneev/Desktop/water-regime-gis/outputs/imagery/sp/SP_4_1/2026-06-06/sentinel_true_color.tif
SKIP sp/SP_4_1/2026-06-08: /Users/korneev/Desktop/water-regime-gis/outputs/imagery/sp/SP_4_1/2026-06-08/sentinel_true_color.tif
SKIP sp/SP_4_1/2026-06-09: /Users/korneev/Desktop/water-regime-gis/outputs/imagery/sp/SP_4_1/2026-06-09/sentinel_true_color.tif
SKIP sp/SP_4_1/2026-06-11: /Users/korneev/Desktop/water-regime-gis/outputs/imagery/sp/SP_4_1/2026-06-11/sentinel_true_color.tif
SKIP sp/SP_4_1/2026-07-14: /Users/korneev/Desktop/water-regime-gis/outputs/imagery/sp/SP_4_1/2026-07-14/sentinel_true_color.tif
SKIP sp/SP_4_1/2026-07-19: /Users/korneev/Desktop/water-regime-gis/outputs/imagery/sp/SP_4_1/2026-07-19/sentinel_true_color.tif
SKIP sp/SP_4_1/2026-07-28: /Users/korneev/Desktop/water-regime-gis/outputs/imagery/sp/SP_4_1/2026-07-28/sentinel_true_color.tif
SKIP sp/SP_4_1/2026-07-31: /Users/korneev/Desktop/water-regime-gis/outputs/imagery/sp/SP_4_1/2026-07-31/sentinel_true_color.tif
SKIP sp/SP_4_1/2026-08-10: /Users/korneev/Desktop/water-regime-gis/outputs/imagery/sp/SP_4_1/2026-08-10/sentinel_true_color.tif
SKIP sp/SP_7_15/2026-04-22: /Users/korneev/Desktop/water-regime-gis/outputs/imagery/sp/SP_7_15/2026-04-22/sentinel_true_color.tif
SKIP sp/SP_7_15/2026-05-05: /Users/korneev/Desktop/water-regime-gis/outputs/imagery/sp/SP_7_15/2026-05-05/sentinel_true_color.tif
SKIP sp/SP_7_15/2026-05-07: /Users/korneev/Desktop/water-regime-gis/outputs/imagery/sp/SP_7_15/2026-05-07/sentinel_true_color.tif
SKIP sp/SP_7_15/2026-05-17: /Users/korneev/Desktop/water-regime-gis/outputs/imagery/sp/SP_7_15/2026-05-17/sentinel_true_color.tif
SKIP sp/SP_7_15/2026-05-20: /Users/korneev/Desktop/water-regime-gis/outputs/imagery/sp/SP_7_15/2026-05-20/sentinel_true_color.tif
SKIP sp/SP_7_15/2026-05-22: /Users/korneev/Desktop/water-regime-gis/outputs/imagery/sp/SP_7_15/2026-05-22/sentinel_true_color.tif
SKIP sp/SP_7_15/2026-06-06: /Users/korneev/Desktop/water-regime-gis/outputs/imagery/sp/SP_7_15/2026-06-06/sentinel_true_color.tif
SKIP sp/SP_7_15/2026-06-08: /Users/korneev/Desktop/water-regime-gis/outputs/imagery/sp/SP_7_15/2026-06-08/sentinel_true_color.tif
SKIP sp/SP_7_15/2026-06-09: /Users/korneev/Desktop/water-regime-gis/outputs/imagery/sp/SP_7_15/2026-06-09/sentinel_true_color.tif
SKIP sp/SP_7_15/2026-06-11: /Users/korneev/Desktop/water-regime-gis/outputs/imagery/sp/SP_7_15/2026-06-11/sentinel_true_color.tif
SKIP sp/SP_7_15/2026-07-14: /Users/korneev/Desktop/water-regime-gis/outputs/imagery/sp/SP_7_15/2026-07-14/sentinel_true_color.tif
SKIP sp/SP_7_15/2026-07-19: /Users/korneev/Desktop/water-regime-gis/outputs/imagery/sp/SP_7_15/2026-07-19/sentinel_true_color.tif
SKIP sp/SP_7_15/2026-07-28: /Users/korneev/Desktop/water-regime-gis/outputs/imagery/sp/SP_7_15/2026-07-28/sentinel_true_color.tif
SKIP sp/SP_7_15/2026-07-31: /Users/korneev/Desktop/water-regime-gis/outputs/imagery/sp/SP_7_15/2026-07-31/sentinel_true_color.tif
SKIP sp/SP_7_15/2026-08-10: /Users/korneev/Desktop/water-regime-gis/outputs/imagery/sp/SP_7_15/2026-08-10/sentinel_true_color.tif
SKIP sp/SP_7_16/2026-04-22: /Users/korneev/Desktop/water-regime-gis/outputs/imagery/sp/SP_7_16/2026-04-22/sentinel_true_color.tif
SKIP sp/SP_7_16/2026-05-05: /Users/korneev/Desktop/water-regime-gis/outputs/imagery/sp/SP_7_16/2026-05-05/sentinel_true_color.tif
SKIP sp/SP_7_16/2026-05-07: /Users/korneev/Desktop/water-regime-gis/outputs/imagery/sp/SP_7_16/2026-05-07/sentinel_true_color.tif
SKIP sp/SP_7_16/2026-05-17: /Users/korneev/Desktop/water-regime-gis/outputs/imagery/sp/SP_7_16/2026-05-17/sentinel_true_color.tif
SKIP sp/SP_7_16/2026-05-20: /Users/korneev/Desktop/water-regime-gis/outputs/imagery/sp/SP_7_16/2026-05-20/sentinel_true_color.tif
SKIP sp/SP_7_16/2026-05-22: /Users/korneev/Desktop/water-regime-gis/outputs/imagery/sp/SP_7_16/2026-05-22/sentinel_true_color.tif
SKIP sp/SP_7_16/2026-06-06: /Users/korneev/Desktop/water-regime-gis/outputs/imagery/sp/SP_7_16/2026-06-06/sentinel_true_color.tif
SKIP sp/SP_7_16/2026-06-08: /Users/korneev/Desktop/water-regime-gis/outputs/imagery/sp/SP_7_16/2026-06-08/sentinel_true_color.tif
SKIP sp/SP_7_16/2026-06-09: /Users/korneev/Desktop/water-regime-gis/outputs/imagery/sp/SP_7_16/2026-06-09/sentinel_true_color.tif
SKIP sp/SP_7_16/2026-06-11: /Users/korneev/Desktop/water-regime-gis/outputs/imagery/sp/SP_7_16/2026-06-11/sentinel_true_color.tif
SKIP sp/SP_7_16/2026-07-14: /Users/korneev/Desktop/water-regime-gis/outputs/imagery/sp/SP_7_16/2026-07-14/sentinel_true_color.tif
SKIP sp/SP_7_16/2026-07-19: /Users/korneev/Desktop/water-regime-gis/outputs/imagery/sp/SP_7_16/2026-07-19/sentinel_true_color.tif
SKIP sp/SP_7_16/2026-07-28: /Users/korneev/Desktop/water-regime-gis/outputs/imagery/sp/SP_7_16/2026-07-28/sentinel_true_color.tif
SKIP sp/SP_7_16/2026-07-31: /Users/korneev/Desktop/water-regime-gis/outputs/imagery/sp/SP_7_16/2026-07-31/sentinel_true_color.tif
SKIP sp/SP_7_16/2026-08-10: /Users/korneev/Desktop/water-regime-gis/outputs/imagery/sp/SP_7_16/2026-08-10/sentinel_true_color.tif
SKIP sp/SP_7_13/2026-04-22: /Users/korneev/Desktop/water-regime-gis/outputs/imagery/sp/SP_7_13/2026-04-22/sentinel_true_color.tif
SKIP sp/SP_7_13/2026-05-05: /Users/korneev/Desktop/water-regime-gis/outputs/imagery/sp/SP_7_13/2026-05-05/sentinel_true_color.tif
SKIP sp/SP_7_13/2026-05-07: /Users/korneev/Desktop/water-regime-gis/outputs/imagery/sp/SP_7_13/2026-05-07/sentinel_true_color.tif
SKIP sp/SP_7_13/2026-05-17: /Users/korneev/Desktop/water-regime-gis/outputs/imagery/sp/SP_7_13/2026-05-17/sentinel_true_color.tif
SKIP sp/SP_7_13/2026-05-20: /Users/korneev/Desktop/water-regime-gis/outputs/imagery/sp/SP_7_13/2026-05-20/sentinel_true_color.tif
SKIP sp/SP_7_13/2026-05-22: /Users/korneev/Desktop/water-regime-gis/outputs/imagery/sp/SP_7_13/2026-05-22/sentinel_true_color.tif
SKIP sp/SP_7_13/2026-06-06: /Users/korneev/Desktop/water-regime-gis/outputs/imagery/sp/SP_7_13/2026-06-06/sentinel_true_color.tif
SKIP sp/SP_7_13/2026-06-08: /Users/korneev/Desktop/water-regime-gis/outputs/imagery/sp/SP_7_13/2026-06-08/sentinel_true_color.tif
SKIP sp/SP_7_13/2026-06-09: /Users/korneev/Desktop/water-regime-gis/outputs/imagery/sp/SP_7_13/2026-06-09/sentinel_true_color.tif
SKIP sp/SP_7_13/2026-06-11: /Users/korneev/Desktop/water-regime-gis/outputs/imagery/sp/SP_7_13/2026-06-11/sentinel_true_color.tif
SKIP sp/SP_7_13/2026-07-14: /Users/korneev/Desktop/water-regime-gis/outputs/imagery/sp/SP_7_13/2026-07-14/sentinel_true_color.tif
SKIP sp/SP_7_13/2026-07-19: /Users/korneev/Desktop/water-regime-gis/outputs/imagery/sp/SP_7_13/2026-07-19/sentinel_true_color.tif
SKIP sp/SP_7_13/2026-07-28: /Users/korneev/Desktop/water-regime-gis/outputs/imagery/sp/SP_7_13/2026-07-28/sentinel_true_color.tif
SKIP sp/SP_7_13/2026-07-31: /Users/korneev/Desktop/water-regime-gis/outputs/imagery/sp/SP_7_13/2026-07-31/sentinel_true_color.tif
SKIP sp/SP_7_13/2026-08-10: /Users/korneev/Desktop/water-regime-gis/outputs/imagery/sp/SP_7_13/2026-08-10/sentinel_true_color.tif
SKIP sp/SP_7_14/2026-04-22: /Users/korneev/Desktop/water-regime-gis/outputs/imagery/sp/SP_7_14/2026-04-22/sentinel_true_color.tif
SKIP sp/SP_7_14/2026-05-05: /Users/korneev/Desktop/water-regime-gis/outputs/imagery/sp/SP_7_14/2026-05-05/sentinel_true_color.tif
SKIP sp/SP_7_14/2026-05-07: /Users/korneev/Desktop/water-regime-gis/outputs/imagery/sp/SP_7_14/2026-05-07/sentinel_true_color.tif
SKIP sp/SP_7_14/2026-05-17: /Users/korneev/Desktop/water-regime-gis/outputs/imagery/sp/SP_7_14/2026-05-17/sentinel_true_color.tif
SKIP sp/SP_7_14/2026-05-20: /Users/korneev/Desktop/water-regime-gis/outputs/imagery/sp/SP_7_14/2026-05-20/sentinel_true_color.tif
SKIP sp/SP_7_14/2026-05-22: /Users/korneev/Desktop/water-regime-gis/outputs/imagery/sp/SP_7_14/2026-05-22/sentinel_true_color.tif
SKIP sp/SP_7_14/2026-06-06: /Users/korneev/Desktop/water-regime-gis/outputs/imagery/sp/SP_7_14/2026-06-06/sentinel_true_color.tif
SKIP sp/SP_7_14/2026-06-08: /Users/korneev/Desktop/water-regime-gis/outputs/imagery/sp/SP_7_14/2026-06-08/sentinel_true_color.tif
SKIP sp/SP_7_14/2026-06-09: /Users/korneev/Desktop/water-regime-gis/outputs/imagery/sp/SP_7_14/2026-06-09/sentinel_true_color.tif
SKIP sp/SP_7_14/2026-06-11: /Users/korneev/Desktop/water-regime-gis/outputs/imagery/sp/SP_7_14/2026-06-11/sentinel_true_color.tif
SKIP sp/SP_7_14/2026-07-14: /Users/korneev/Desktop/water-regime-gis/outputs/imagery/sp/SP_7_14/2026-07-14/sentinel_true_color.tif
SKIP sp/SP_7_14/2026-07-19: /Users/korneev/Desktop/water-regime-gis/outputs/imagery/sp/SP_7_14/2026-07-19/sentinel_true_color.tif
SKIP sp/SP_7_14/2026-07-28: /Users/korneev/Desktop/water-regime-gis/outputs/imagery/sp/SP_7_14/2026-07-28/sentinel_true_color.tif
SKIP sp/SP_7_14/2026-07-31: /Users/korneev/Desktop/water-regime-gis/outputs/imagery/sp/SP_7_14/2026-07-31/sentinel_true_color.tif
SKIP sp/SP_7_14/2026-08-10: /Users/korneev/Desktop/water-regime-gis/outputs/imagery/sp/SP_7_14/2026-08-10/sentinel_true_color.tif
SKIP sp/SP_7_19/2026-04-22: /Users/korneev/Desktop/water-regime-gis/outputs/imagery/sp/SP_7_19/2026-04-22/sentinel_true_color.tif
SKIP sp/SP_7_19/2026-05-05: /Users/korneev/Desktop/water-regime-gis/outputs/imagery/sp/SP_7_19/2026-05-05/sentinel_true_color.tif
SKIP sp/SP_7_19/2026-05-07: /Users/korneev/Desktop/water-regime-gis/outputs/imagery/sp/SP_7_19/2026-05-07/sentinel_true_color.tif
SKIP sp/SP_7_19/2026-05-17: /Users/korneev/Desktop/water-regime-gis/outputs/imagery/sp/SP_7_19/2026-05-17/sentinel_true_color.tif
SKIP sp/SP_7_19/2026-05-20: /Users/korneev/Desktop/water-regime-gis/outputs/imagery/sp/SP_7_19/2026-05-20/sentinel_true_color.tif
SKIP sp/SP_7_19/2026-05-22: /Users/korneev/Desktop/water-regime-gis/outputs/imagery/sp/SP_7_19/2026-05-22/sentinel_true_color.tif
SKIP sp/SP_7_19/2026-06-06: /Users/korneev/Desktop/water-regime-gis/outputs/imagery/sp/SP_7_19/2026-06-06/sentinel_true_color.tif
SKIP sp/SP_7_19/2026-06-08: /Users/korneev/Desktop/water-regime-gis/outputs/imagery/sp/SP_7_19/2026-06-08/sentinel_true_color.tif
SKIP sp/SP_7_19/2026-06-09: /Users/korneev/Desktop/water-regime-gis/outputs/imagery/sp/SP_7_19/2026-06-09/sentinel_true_color.tif
SKIP sp/SP_7_19/2026-06-11: /Users/korneev/Desktop/water-regime-gis/outputs/imagery/sp/SP_7_19/2026-06-11/sentinel_true_color.tif
SKIP sp/SP_7_19/2026-07-14: /Users/korneev/Desktop/water-regime-gis/outputs/imagery/sp/SP_7_19/2026-07-14/sentinel_true_color.tif
SKIP sp/SP_7_19/2026-07-19: /Users/korneev/Desktop/water-regime-gis/outputs/imagery/sp/SP_7_19/2026-07-19/sentinel_true_color.tif
SKIP sp/SP_7_19/2026-07-28: /Users/korneev/Desktop/water-regime-gis/outputs/imagery/sp/SP_7_19/2026-07-28/sentinel_true_color.tif
SKIP sp/SP_7_19/2026-07-31: /Users/korneev/Desktop/water-regime-gis/outputs/imagery/sp/SP_7_19/2026-07-31/sentinel_true_color.tif
SKIP sp/SP_7_19/2026-08-10: /Users/korneev/Desktop/water-regime-gis/outputs/imagery/sp/SP_7_19/2026-08-10/sentinel_true_color.tif
SKIP sp/SP_7_18/2026-04-22: /Users/korneev/Desktop/water-regime-gis/outputs/imagery/sp/SP_7_18/2026-04-22/sentinel_true_color.tif
SKIP sp/SP_7_18/2026-05-05: /Users/korneev/Desktop/water-regime-gis/outputs/imagery/sp/SP_7_18/2026-05-05/sentinel_true_color.tif
SKIP sp/SP_7_18/2026-05-07: /Users/korneev/Desktop/water-regime-gis/outputs/imagery/sp/SP_7_18/2026-05-07/sentinel_true_color.tif
SKIP sp/SP_7_18/2026-05-17: /Users/korneev/Desktop/water-regime-gis/outputs/imagery/sp/SP_7_18/2026-05-17/sentinel_true_color.tif
SKIP sp/SP_7_18/2026-05-20: /Users/korneev/Desktop/water-regime-gis/outputs/imagery/sp/SP_7_18/2026-05-20/sentinel_true_color.tif
SKIP sp/SP_7_18/2026-05-22: /Users/korneev/Desktop/water-regime-gis/outputs/imagery/sp/SP_7_18/2026-05-22/sentinel_true_color.tif
SKIP sp/SP_7_18/2026-06-06: /Users/korneev/Desktop/water-regime-gis/outputs/imagery/sp/SP_7_18/2026-06-06/sentinel_true_color.tif
SKIP sp/SP_7_18/2026-06-08: /Users/korneev/Desktop/water-regime-gis/outputs/imagery/sp/SP_7_18/2026-06-08/sentinel_true_color.tif
SKIP sp/SP_7_18/2026-06-09: /Users/korneev/Desktop/water-regime-gis/outputs/imagery/sp/SP_7_18/2026-06-09/sentinel_true_color.tif
SKIP sp/SP_7_18/2026-06-11: /Users/korneev/Desktop/water-regime-gis/outputs/imagery/sp/SP_7_18/2026-06-11/sentinel_true_color.tif
SKIP sp/SP_7_18/2026-07-14: /Users/korneev/Desktop/water-regime-gis/outputs/imagery/sp/SP_7_18/2026-07-14/sentinel_true_color.tif
SKIP sp/SP_7_18/2026-07-19: /Users/korneev/Desktop/water-regime-gis/outputs/imagery/sp/SP_7_18/2026-07-19/sentinel_true_color.tif
SKIP sp/SP_7_18/2026-07-28: /Users/korneev/Desktop/water-regime-gis/outputs/imagery/sp/SP_7_18/2026-07-28/sentinel_true_color.tif
SKIP sp/SP_7_18/2026-07-31: /Users/korneev/Desktop/water-regime-gis/outputs/imagery/sp/SP_7_18/2026-07-31/sentinel_true_color.tif
SKIP sp/SP_7_18/2026-08-10: /Users/korneev/Desktop/water-regime-gis/outputs/imagery/sp/SP_7_18/2026-08-10/sentinel_true_color.tif
SKIP sp/SP_7_17/2026-04-22: /Users/korneev/Desktop/water-regime-gis/outputs/imagery/sp/SP_7_17/2026-04-22/sentinel_true_color.tif
SKIP sp/SP_7_17/2026-05-05: /Users/korneev/Desktop/water-regime-gis/outputs/imagery/sp/SP_7_17/2026-05-05/sentinel_true_color.tif
SKIP sp/SP_7_17/2026-05-07: /Users/korneev/Desktop/water-regime-gis/outputs/imagery/sp/SP_7_17/2026-05-07/sentinel_true_color.tif
SKIP sp/SP_7_17/2026-05-17: /Users/korneev/Desktop/water-regime-gis/outputs/imagery/sp/SP_7_17/2026-05-17/sentinel_true_color.tif
SKIP sp/SP_7_17/2026-05-20: /Users/korneev/Desktop/water-regime-gis/outputs/imagery/sp/SP_7_17/2026-05-20/sentinel_true_color.tif
SKIP sp/SP_7_17/2026-05-22: /Users/korneev/Desktop/water-regime-gis/outputs/imagery/sp/SP_7_17/2026-05-22/sentinel_true_color.tif
SKIP sp/SP_7_17/2026-06-06: /Users/korneev/Desktop/water-regime-gis/outputs/imagery/sp/SP_7_17/2026-06-06/sentinel_true_color.tif
SKIP sp/SP_7_17/2026-06-08: /Users/korneev/Desktop/water-regime-gis/outputs/imagery/sp/SP_7_17/2026-06-08/sentinel_true_color.tif
SKIP sp/SP_7_17/2026-06-09: /Users/korneev/Desktop/water-regime-gis/outputs/imagery/sp/SP_7_17/2026-06-09/sentinel_true_color.tif
SKIP sp/SP_7_17/2026-06-11: /Users/korneev/Desktop/water-regime-gis/outputs/imagery/sp/SP_7_17/2026-06-11/sentinel_true_color.tif
SKIP sp/SP_7_17/2026-07-14: /Users/korneev/Desktop/water-regime-gis/outputs/imagery/sp/SP_7_17/2026-07-14/sentinel_true_color.tif
SKIP sp/SP_7_17/2026-07-19: /Users/korneev/Desktop/water-regime-gis/outputs/imagery/sp/SP_7_17/2026-07-19/sentinel_true_color.tif
SKIP sp/SP_7_17/2026-07-28: /Users/korneev/Desktop/water-regime-gis/outputs/imagery/sp/SP_7_17/2026-07-28/sentinel_true_color.tif
SKIP sp/SP_7_17/2026-07-31: /Users/korneev/Desktop/water-regime-gis/outputs/imagery/sp/SP_7_17/2026-07-31/sentinel_true_color.tif
SKIP sp/SP_7_17/2026-08-10: /Users/korneev/Desktop/water-regime-gis/outputs/imagery/sp/SP_7_17/2026-08-10/sentinel_true_color.tif
SKIP sp/SP_7_8/2026-04-22: /Users/korneev/Desktop/water-regime-gis/outputs/imagery/sp/SP_7_8/2026-04-22/sentinel_true_color.tif
SKIP sp/SP_7_8/2026-05-05: /Users/korneev/Desktop/water-regime-gis/outputs/imagery/sp/SP_7_8/2026-05-05/sentinel_true_color.tif
SKIP sp/SP_7_8/2026-05-07: /Users/korneev/Desktop/water-regime-gis/outputs/imagery/sp/SP_7_8/2026-05-07/sentinel_true_color.tif
SKIP sp/SP_7_8/2026-05-17: /Users/korneev/Desktop/water-regime-gis/outputs/imagery/sp/SP_7_8/2026-05-17/sentinel_true_color.tif
SKIP sp/SP_7_8/2026-05-20: /Users/korneev/Desktop/water-regime-gis/outputs/imagery/sp/SP_7_8/2026-05-20/sentinel_true_color.tif
SKIP sp/SP_7_8/2026-05-22: /Users/korneev/Desktop/water-regime-gis/outputs/imagery/sp/SP_7_8/2026-05-22/sentinel_true_color.tif
SKIP sp/SP_7_8/2026-06-06: /Users/korneev/Desktop/water-regime-gis/outputs/imagery/sp/SP_7_8/2026-06-06/sentinel_true_color.tif
SKIP sp/SP_7_8/2026-06-08: /Users/korneev/Desktop/water-regime-gis/outputs/imagery/sp/SP_7_8/2026-06-08/sentinel_true_color.tif
SKIP sp/SP_7_8/2026-06-09: /Users/korneev/Desktop/water-regime-gis/outputs/imagery/sp/SP_7_8/2026-06-09/sentinel_true_color.tif
SKIP sp/SP_7_8/2026-06-11: /Users/korneev/Desktop/water-regime-gis/outputs/imagery/sp/SP_7_8/2026-06-11/sentinel_true_color.tif
SKIP sp/SP_7_8/2026-07-14: /Users/korneev/Desktop/water-regime-gis/outputs/imagery/sp/SP_7_8/2026-07-14/sentinel_true_color.tif
SKIP sp/SP_7_8/2026-07-19: /Users/korneev/Desktop/water-regime-gis/outputs/imagery/sp/SP_7_8/2026-07-19/sentinel_true_color.tif
SKIP sp/SP_7_8/2026-07-28: /Users/korneev/Desktop/water-regime-gis/outputs/imagery/sp/SP_7_8/2026-07-28/sentinel_true_color.tif
SKIP sp/SP_7_8/2026-07-31: /Users/korneev/Desktop/water-regime-gis/outputs/imagery/sp/SP_7_8/2026-07-31/sentinel_true_color.tif
SKIP sp/SP_7_8/2026-08-10: /Users/korneev/Desktop/water-regime-gis/outputs/imagery/sp/SP_7_8/2026-08-10/sentinel_true_color.tif
SKIP sp/SP_7_12/2026-04-22: /Users/korneev/Desktop/water-regime-gis/outputs/imagery/sp/SP_7_12/2026-04-22/sentinel_true_color.tif
SKIP sp/SP_7_12/2026-05-05: /Users/korneev/Desktop/water-regime-gis/outputs/imagery/sp/SP_7_12/2026-05-05/sentinel_true_color.tif
SKIP sp/SP_7_12/2026-05-07: /Users/korneev/Desktop/water-regime-gis/outputs/imagery/sp/SP_7_12/2026-05-07/sentinel_true_color.tif
SKIP sp/SP_7_12/2026-05-17: /Users/korneev/Desktop/water-regime-gis/outputs/imagery/sp/SP_7_12/2026-05-17/sentinel_true_color.tif
SKIP sp/SP_7_12/2026-05-20: /Users/korneev/Desktop/water-regime-gis/outputs/imagery/sp/SP_7_12/2026-05-20/sentinel_true_color.tif
SKIP sp/SP_7_12/2026-05-22: /Users/korneev/Desktop/water-regime-gis/outputs/imagery/sp/SP_7_12/2026-05-22/sentinel_true_color.tif
SKIP sp/SP_7_12/2026-06-06: /Users/korneev/Desktop/water-regime-gis/outputs/imagery/sp/SP_7_12/2026-06-06/sentinel_true_color.tif
SKIP sp/SP_7_12/2026-06-08: /Users/korneev/Desktop/water-regime-gis/outputs/imagery/sp/SP_7_12/2026-06-08/sentinel_true_color.tif
SKIP sp/SP_7_12/2026-06-09: /Users/korneev/Desktop/water-regime-gis/outputs/imagery/sp/SP_7_12/2026-06-09/sentinel_true_color.tif
SKIP sp/SP_7_12/2026-06-11: /Users/korneev/Desktop/water-regime-gis/outputs/imagery/sp/SP_7_12/2026-06-11/sentinel_true_color.tif
SKIP sp/SP_7_12/2026-07-14: /Users/korneev/Desktop/water-regime-gis/outputs/imagery/sp/SP_7_12/2026-07-14/sentinel_true_color.tif
SKIP sp/SP_7_12/2026-07-19: /Users/korneev/Desktop/water-regime-gis/outputs/imagery/sp/SP_7_12/2026-07-19/sentinel_true_color.tif
SKIP sp/SP_7_12/2026-07-28: /Users/korneev/Desktop/water-regime-gis/outputs/imagery/sp/SP_7_12/2026-07-28/sentinel_true_color.tif
SKIP sp/SP_7_12/2026-07-31: /Users/korneev/Desktop/water-regime-gis/outputs/imagery/sp/SP_7_12/2026-07-31/sentinel_true_color.tif
SKIP sp/SP_7_12/2026-08-10: /Users/korneev/Desktop/water-regime-gis/outputs/imagery/sp/SP_7_12/2026-08-10/sentinel_true_color.tif
SKIP sp/SP_7_10/2026-04-22: /Users/korneev/Desktop/water-regime-gis/outputs/imagery/sp/SP_7_10/2026-04-22/sentinel_true_color.tif
SKIP sp/SP_7_10/2026-05-05: /Users/korneev/Desktop/water-regime-gis/outputs/imagery/sp/SP_7_10/2026-05-05/sentinel_true_color.tif
SKIP sp/SP_7_10/2026-05-07: /Users/korneev/Desktop/water-regime-gis/outputs/imagery/sp/SP_7_10/2026-05-07/sentinel_true_color.tif
SKIP sp/SP_7_10/2026-05-17: /Users/korneev/Desktop/water-regime-gis/outputs/imagery/sp/SP_7_10/2026-05-17/sentinel_true_color.tif
SKIP sp/SP_7_10/2026-05-20: /Users/korneev/Desktop/water-regime-gis/outputs/imagery/sp/SP_7_10/2026-05-20/sentinel_true_color.tif
SKIP sp/SP_7_10/2026-05-22: /Users/korneev/Desktop/water-regime-gis/outputs/imagery/sp/SP_7_10/2026-05-22/sentinel_true_color.tif
SKIP sp/SP_7_10/2026-06-06: /Users/korneev/Desktop/water-regime-gis/outputs/imagery/sp/SP_7_10/2026-06-06/sentinel_true_color.tif
SKIP sp/SP_7_10/2026-06-08: /Users/korneev/Desktop/water-regime-gis/outputs/imagery/sp/SP_7_10/2026-06-08/sentinel_true_color.tif
SKIP sp/SP_7_10/2026-06-09: /Users/korneev/Desktop/water-regime-gis/outputs/imagery/sp/SP_7_10/2026-06-09/sentinel_true_color.tif
SKIP sp/SP_7_10/2026-06-11: /Users/korneev/Desktop/water-regime-gis/outputs/imagery/sp/SP_7_10/2026-06-11/sentinel_true_color.tif
SKIP sp/SP_7_10/2026-07-14: /Users/korneev/Desktop/water-regime-gis/outputs/imagery/sp/SP_7_10/2026-07-14/sentinel_true_color.tif
SKIP sp/SP_7_10/2026-07-19: /Users/korneev/Desktop/water-regime-gis/outputs/imagery/sp/SP_7_10/2026-07-19/sentinel_true_color.tif
SKIP sp/SP_7_10/2026-07-28: /Users/korneev/Desktop/water-regime-gis/outputs/imagery/sp/SP_7_10/2026-07-28/sentinel_true_color.tif
SKIP sp/SP_7_10/2026-07-31: /Users/korneev/Desktop/water-regime-gis/outputs/imagery/sp/SP_7_10/2026-07-31/sentinel_true_color.tif
SKIP sp/SP_7_10/2026-08-10: /Users/korneev/Desktop/water-regime-gis/outputs/imagery/sp/SP_7_10/2026-08-10/sentinel_true_color.tif
SKIP sp/SP_7_4/2026-04-22: /Users/korneev/Desktop/water-regime-gis/outputs/imagery/sp/SP_7_4/2026-04-22/sentinel_true_color.tif
SKIP sp/SP_7_4/2026-05-05: /Users/korneev/Desktop/water-regime-gis/outputs/imagery/sp/SP_7_4/2026-05-05/sentinel_true_color.tif
SKIP sp/SP_7_4/2026-05-07: /Users/korneev/Desktop/water-regime-gis/outputs/imagery/sp/SP_7_4/2026-05-07/sentinel_true_color.tif
SKIP sp/SP_7_4/2026-05-17: /Users/korneev/Desktop/water-regime-gis/outputs/imagery/sp/SP_7_4/2026-05-17/sentinel_true_color.tif
SKIP sp/SP_7_4/2026-05-20: /Users/korneev/Desktop/water-regime-gis/outputs/imagery/sp/SP_7_4/2026-05-20/sentinel_true_color.tif
SKIP sp/SP_7_4/2026-05-22: /Users/korneev/Desktop/water-regime-gis/outputs/imagery/sp/SP_7_4/2026-05-22/sentinel_true_color.tif
SKIP sp/SP_7_4/2026-06-06: /Users/korneev/Desktop/water-regime-gis/outputs/imagery/sp/SP_7_4/2026-06-06/sentinel_true_color.tif
SKIP sp/SP_7_4/2026-06-08: /Users/korneev/Desktop/water-regime-gis/outputs/imagery/sp/SP_7_4/2026-06-08/sentinel_true_color.tif
SKIP sp/SP_7_4/2026-06-09: /Users/korneev/Desktop/water-regime-gis/outputs/imagery/sp/SP_7_4/2026-06-09/sentinel_true_color.tif
SKIP sp/SP_7_4/2026-06-11: /Users/korneev/Desktop/water-regime-gis/outputs/imagery/sp/SP_7_4/2026-06-11/sentinel_true_color.tif
SKIP sp/SP_7_4/2026-07-14: /Users/korneev/Desktop/water-regime-gis/outputs/imagery/sp/SP_7_4/2026-07-14/sentinel_true_color.tif
SKIP sp/SP_7_4/2026-07-19: /Users/korneev/Desktop/water-regime-gis/outputs/imagery/sp/SP_7_4/2026-07-19/sentinel_true_color.tif
SKIP sp/SP_7_4/2026-07-28: /Users/korneev/Desktop/water-regime-gis/outputs/imagery/sp/SP_7_4/2026-07-28/sentinel_true_color.tif
SKIP sp/SP_7_4/2026-07-31: /Users/korneev/Desktop/water-regime-gis/outputs/imagery/sp/SP_7_4/2026-07-31/sentinel_true_color.tif
SKIP sp/SP_7_4/2026-08-10: /Users/korneev/Desktop/water-regime-gis/outputs/imagery/sp/SP_7_4/2026-08-10/sentinel_true_color.tif
SKIP sp/SP_7_9/2026-04-22: /Users/korneev/Desktop/water-regime-gis/outputs/imagery/sp/SP_7_9/2026-04-22/sentinel_true_color.tif
SKIP sp/SP_7_9/2026-05-05: /Users/korneev/Desktop/water-regime-gis/outputs/imagery/sp/SP_7_9/2026-05-05/sentinel_true_color.tif
SKIP sp/SP_7_9/2026-05-07: /Users/korneev/Desktop/water-regime-gis/outputs/imagery/sp/SP_7_9/2026-05-07/sentinel_true_color.tif
SKIP sp/SP_7_9/2026-05-17: /Users/korneev/Desktop/water-regime-gis/outputs/imagery/sp/SP_7_9/2026-05-17/sentinel_true_color.tif
SKIP sp/SP_7_9/2026-05-20: /Users/korneev/Desktop/water-regime-gis/outputs/imagery/sp/SP_7_9/2026-05-20/sentinel_true_color.tif
SKIP sp/SP_7_9/2026-05-22: /Users/korneev/Desktop/water-regime-gis/outputs/imagery/sp/SP_7_9/2026-05-22/sentinel_true_color.tif
SKIP sp/SP_7_9/2026-06-06: /Users/korneev/Desktop/water-regime-gis/outputs/imagery/sp/SP_7_9/2026-06-06/sentinel_true_color.tif
SKIP sp/SP_7_9/2026-06-08: /Users/korneev/Desktop/water-regime-gis/outputs/imagery/sp/SP_7_9/2026-06-08/sentinel_true_color.tif
SKIP sp/SP_7_9/2026-06-09: /Users/korneev/Desktop/water-regime-gis/outputs/imagery/sp/SP_7_9/2026-06-09/sentinel_true_color.tif
SKIP sp/SP_7_9/2026-06-11: /Users/korneev/Desktop/water-regime-gis/outputs/imagery/sp/SP_7_9/2026-06-11/sentinel_true_color.tif
SKIP sp/SP_7_9/2026-07-14: /Users/korneev/Desktop/water-regime-gis/outputs/imagery/sp/SP_7_9/2026-07-14/sentinel_true_color.tif
SKIP sp/SP_7_9/2026-07-19: /Users/korneev/Desktop/water-regime-gis/outputs/imagery/sp/SP_7_9/2026-07-19/sentinel_true_color.tif
SKIP sp/SP_7_9/2026-07-28: /Users/korneev/Desktop/water-regime-gis/outputs/imagery/sp/SP_7_9/2026-07-28/sentinel_true_color.tif
SKIP sp/SP_7_9/2026-07-31: /Users/korneev/Desktop/water-regime-gis/outputs/imagery/sp/SP_7_9/2026-07-31/sentinel_true_color.tif
SKIP sp/SP_7_9/2026-08-10: /Users/korneev/Desktop/water-regime-gis/outputs/imagery/sp/SP_7_9/2026-08-10/sentinel_true_color.tif
SKIP sp/SP_7_3/2026-04-22: /Users/korneev/Desktop/water-regime-gis/outputs/imagery/sp/SP_7_3/2026-04-22/sentinel_true_color.tif
SKIP sp/SP_7_3/2026-05-05: /Users/korneev/Desktop/water-regime-gis/outputs/imagery/sp/SP_7_3/2026-05-05/sentinel_true_color.tif
SKIP sp/SP_7_3/2026-05-07: /Users/korneev/Desktop/water-regime-gis/outputs/imagery/sp/SP_7_3/2026-05-07/sentinel_true_color.tif
SKIP sp/SP_7_3/2026-05-17: /Users/korneev/Desktop/water-regime-gis/outputs/imagery/sp/SP_7_3/2026-05-17/sentinel_true_color.tif
SKIP sp/SP_7_3/2026-05-20: /Users/korneev/Desktop/water-regime-gis/outputs/imagery/sp/SP_7_3/2026-05-20/sentinel_true_color.tif
SKIP sp/SP_7_3/2026-05-22: /Users/korneev/Desktop/water-regime-gis/outputs/imagery/sp/SP_7_3/2026-05-22/sentinel_true_color.tif
SKIP sp/SP_7_3/2026-06-06: /Users/korneev/Desktop/water-regime-gis/outputs/imagery/sp/SP_7_3/2026-06-06/sentinel_true_color.tif
SKIP sp/SP_7_3/2026-06-08: /Users/korneev/Desktop/water-regime-gis/outputs/imagery/sp/SP_7_3/2026-06-08/sentinel_true_color.tif
SKIP sp/SP_7_3/2026-06-09: /Users/korneev/Desktop/water-regime-gis/outputs/imagery/sp/SP_7_3/2026-06-09/sentinel_true_color.tif
SKIP sp/SP_7_3/2026-06-11: /Users/korneev/Desktop/water-regime-gis/outputs/imagery/sp/SP_7_3/2026-06-11/sentinel_true_color.tif
SKIP sp/SP_7_3/2026-07-14: /Users/korneev/Desktop/water-regime-gis/outputs/imagery/sp/SP_7_3/2026-07-14/sentinel_true_color.tif
SKIP sp/SP_7_3/2026-07-19: /Users/korneev/Desktop/water-regime-gis/outputs/imagery/sp/SP_7_3/2026-07-19/sentinel_true_color.tif
SKIP sp/SP_7_3/2026-07-28: /Users/korneev/Desktop/water-regime-gis/outputs/imagery/sp/SP_7_3/2026-07-28/sentinel_true_color.tif
SKIP sp/SP_7_3/2026-07-31: /Users/korneev/Desktop/water-regime-gis/outputs/imagery/sp/SP_7_3/2026-07-31/sentinel_true_color.tif
SKIP sp/SP_7_3/2026-08-10: /Users/korneev/Desktop/water-regime-gis/outputs/imagery/sp/SP_7_3/2026-08-10/sentinel_true_color.tif
SKIP sp/SP_7_5/2026-04-22: /Users/korneev/Desktop/water-regime-gis/outputs/imagery/sp/SP_7_5/2026-04-22/sentinel_true_color.tif
SKIP sp/SP_7_5/2026-05-05: /Users/korneev/Desktop/water-regime-gis/outputs/imagery/sp/SP_7_5/2026-05-05/sentinel_true_color.tif
SKIP sp/SP_7_5/2026-05-07: /Users/korneev/Desktop/water-regime-gis/outputs/imagery/sp/SP_7_5/2026-05-07/sentinel_true_color.tif
SKIP sp/SP_7_5/2026-05-17: /Users/korneev/Desktop/water-regime-gis/outputs/imagery/sp/SP_7_5/2026-05-17/sentinel_true_color.tif
SKIP sp/SP_7_5/2026-05-20: /Users/korneev/Desktop/water-regime-gis/outputs/imagery/sp/SP_7_5/2026-05-20/sentinel_true_color.tif
SKIP sp/SP_7_5/2026-05-22: /Users/korneev/Desktop/water-regime-gis/outputs/imagery/sp/SP_7_5/2026-05-22/sentinel_true_color.tif
SKIP sp/SP_7_5/2026-06-06: /Users/korneev/Desktop/water-regime-gis/outputs/imagery/sp/SP_7_5/2026-06-06/sentinel_true_color.tif
SKIP sp/SP_7_5/2026-06-08: /Users/korneev/Desktop/water-regime-gis/outputs/imagery/sp/SP_7_5/2026-06-08/sentinel_true_color.tif
SKIP sp/SP_7_5/2026-06-09: /Users/korneev/Desktop/water-regime-gis/outputs/imagery/sp/SP_7_5/2026-06-09/sentinel_true_color.tif
SKIP sp/SP_7_5/2026-06-11: /Users/korneev/Desktop/water-regime-gis/outputs/imagery/sp/SP_7_5/2026-06-11/sentinel_true_color.tif
SKIP sp/SP_7_5/2026-07-14: /Users/korneev/Desktop/water-regime-gis/outputs/imagery/sp/SP_7_5/2026-07-14/sentinel_true_color.tif
SKIP sp/SP_7_5/2026-07-19: /Users/korneev/Desktop/water-regime-gis/outputs/imagery/sp/SP_7_5/2026-07-19/sentinel_true_color.tif
SKIP sp/SP_7_5/2026-07-28: /Users/korneev/Desktop/water-regime-gis/outputs/imagery/sp/SP_7_5/2026-07-28/sentinel_true_color.tif
SKIP sp/SP_7_5/2026-07-31: /Users/korneev/Desktop/water-regime-gis/outputs/imagery/sp/SP_7_5/2026-07-31/sentinel_true_color.tif
SKIP sp/SP_7_5/2026-08-10: /Users/korneev/Desktop/water-regime-gis/outputs/imagery/sp/SP_7_5/2026-08-10/sentinel_true_color.tif
SKIP sp/SP_7_11/2026-04-22: /Users/korneev/Desktop/water-regime-gis/outputs/imagery/sp/SP_7_11/2026-04-22/sentinel_true_color.tif
SKIP sp/SP_7_11/2026-05-05: /Users/korneev/Desktop/water-regime-gis/outputs/imagery/sp/SP_7_11/2026-05-05/sentinel_true_color.tif
SKIP sp/SP_7_11/2026-05-07: /Users/korneev/Desktop/water-regime-gis/outputs/imagery/sp/SP_7_11/2026-05-07/sentinel_true_color.tif
SKIP sp/SP_7_11/2026-05-17: /Users/korneev/Desktop/water-regime-gis/outputs/imagery/sp/SP_7_11/2026-05-17/sentinel_true_color.tif
SKIP sp/SP_7_11/2026-05-20: /Users/korneev/Desktop/water-regime-gis/outputs/imagery/sp/SP_7_11/2026-05-20/sentinel_true_color.tif
SKIP sp/SP_7_11/2026-05-22: /Users/korneev/Desktop/water-regime-gis/outputs/imagery/sp/SP_7_11/2026-05-22/sentinel_true_color.tif
SKIP sp/SP_7_11/2026-06-06: /Users/korneev/Desktop/water-regime-gis/outputs/imagery/sp/SP_7_11/2026-06-06/sentinel_true_color.tif
SKIP sp/SP_7_11/2026-06-08: /Users/korneev/Desktop/water-regime-gis/outputs/imagery/sp/SP_7_11/2026-06-08/sentinel_true_color.tif
SKIP sp/SP_7_11/2026-06-09: /Users/korneev/Desktop/water-regime-gis/outputs/imagery/sp/SP_7_11/2026-06-09/sentinel_true_color.tif
SKIP sp/SP_7_11/2026-06-11: /Users/korneev/Desktop/water-regime-gis/outputs/imagery/sp/SP_7_11/2026-06-11/sentinel_true_color.tif
SKIP sp/SP_7_11/2026-07-14: /Users/korneev/Desktop/water-regime-gis/outputs/imagery/sp/SP_7_11/2026-07-14/sentinel_true_color.tif
SKIP sp/SP_7_11/2026-07-19: /Users/korneev/Desktop/water-regime-gis/outputs/imagery/sp/SP_7_11/2026-07-19/sentinel_true_color.tif
SKIP sp/SP_7_11/2026-07-28: /Users/korneev/Desktop/water-regime-gis/outputs/imagery/sp/SP_7_11/2026-07-28/sentinel_true_color.tif
SKIP sp/SP_7_11/2026-07-31: /Users/korneev/Desktop/water-regime-gis/outputs/imagery/sp/SP_7_11/2026-07-31/sentinel_true_color.tif
SKIP sp/SP_7_11/2026-08-10: /Users/korneev/Desktop/water-regime-gis/outputs/imagery/sp/SP_7_11/2026-08-10/sentinel_true_color.tif
SKIP sp/SP_7_1/2026-04-22: /Users/korneev/Desktop/water-regime-gis/outputs/imagery/sp/SP_7_1/2026-04-22/sentinel_true_color.tif
SKIP sp/SP_7_1/2026-05-05: /Users/korneev/Desktop/water-regime-gis/outputs/imagery/sp/SP_7_1/2026-05-05/sentinel_true_color.tif
SKIP sp/SP_7_1/2026-05-07: /Users/korneev/Desktop/water-regime-gis/outputs/imagery/sp/SP_7_1/2026-05-07/sentinel_true_color.tif
SKIP sp/SP_7_1/2026-05-17: /Users/korneev/Desktop/water-regime-gis/outputs/imagery/sp/SP_7_1/2026-05-17/sentinel_true_color.tif
SKIP sp/SP_7_1/2026-05-20: /Users/korneev/Desktop/water-regime-gis/outputs/imagery/sp/SP_7_1/2026-05-20/sentinel_true_color.tif
SKIP sp/SP_7_1/2026-05-22: /Users/korneev/Desktop/water-regime-gis/outputs/imagery/sp/SP_7_1/2026-05-22/sentinel_true_color.tif
SKIP sp/SP_7_1/2026-06-06: /Users/korneev/Desktop/water-regime-gis/outputs/imagery/sp/SP_7_1/2026-06-06/sentinel_true_color.tif
SKIP sp/SP_7_1/2026-06-08: /Users/korneev/Desktop/water-regime-gis/outputs/imagery/sp/SP_7_1/2026-06-08/sentinel_true_color.tif
SKIP sp/SP_7_1/2026-06-09: /Users/korneev/Desktop/water-regime-gis/outputs/imagery/sp/SP_7_1/2026-06-09/sentinel_true_color.tif
SKIP sp/SP_7_1/2026-06-11: /Users/korneev/Desktop/water-regime-gis/outputs/imagery/sp/SP_7_1/2026-06-11/sentinel_true_color.tif
SKIP sp/SP_7_1/2026-07-14: /Users/korneev/Desktop/water-regime-gis/outputs/imagery/sp/SP_7_1/2026-07-14/sentinel_true_color.tif
SKIP sp/SP_7_1/2026-07-19: /Users/korneev/Desktop/water-regime-gis/outputs/imagery/sp/SP_7_1/2026-07-19/sentinel_true_color.tif
SKIP sp/SP_7_1/2026-07-28: /Users/korneev/Desktop/water-regime-gis/outputs/imagery/sp/SP_7_1/2026-07-28/sentinel_true_color.tif
SKIP sp/SP_7_1/2026-07-31: /Users/korneev/Desktop/water-regime-gis/outputs/imagery/sp/SP_7_1/2026-07-31/sentinel_true_color.tif
SKIP sp/SP_7_1/2026-08-10: /Users/korneev/Desktop/water-regime-gis/outputs/imagery/sp/SP_7_1/2026-08-10/sentinel_true_color.tif
SKIP sp/SP_7_2/2026-04-22: /Users/korneev/Desktop/water-regime-gis/outputs/imagery/sp/SP_7_2/2026-04-22/sentinel_true_color.tif
SKIP sp/SP_7_2/2026-05-05: /Users/korneev/Desktop/water-regime-gis/outputs/imagery/sp/SP_7_2/2026-05-05/sentinel_true_color.tif
SKIP sp/SP_7_2/2026-05-07: /Users/korneev/Desktop/water-regime-gis/outputs/imagery/sp/SP_7_2/2026-05-07/sentinel_true_color.tif
SKIP sp/SP_7_2/2026-05-17: /Users/korneev/Desktop/water-regime-gis/outputs/imagery/sp/SP_7_2/2026-05-17/sentinel_true_color.tif
SKIP sp/SP_7_2/2026-05-20: /Users/korneev/Desktop/water-regime-gis/outputs/imagery/sp/SP_7_2/2026-05-20/sentinel_true_color.tif
SKIP sp/SP_7_2/2026-05-22: /Users/korneev/Desktop/water-regime-gis/outputs/imagery/sp/SP_7_2/2026-05-22/sentinel_true_color.tif
SKIP sp/SP_7_2/2026-06-06: /Users/korneev/Desktop/water-regime-gis/outputs/imagery/sp/SP_7_2/2026-06-06/sentinel_true_color.tif
SKIP sp/SP_7_2/2026-06-08: /Users/korneev/Desktop/water-regime-gis/outputs/imagery/sp/SP_7_2/2026-06-08/sentinel_true_color.tif
SKIP sp/SP_7_2/2026-06-09: /Users/korneev/Desktop/water-regime-gis/outputs/imagery/sp/SP_7_2/2026-06-09/sentinel_true_color.tif
SKIP sp/SP_7_2/2026-06-11: /Users/korneev/Desktop/water-regime-gis/outputs/imagery/sp/SP_7_2/2026-06-11/sentinel_true_color.tif
SKIP sp/SP_7_2/2026-07-14: /Users/korneev/Desktop/water-regime-gis/outputs/imagery/sp/SP_7_2/2026-07-14/sentinel_true_color.tif
SKIP sp/SP_7_2/2026-07-19: /Users/korneev/Desktop/water-regime-gis/outputs/imagery/sp/SP_7_2/2026-07-19/sentinel_true_color.tif
SKIP sp/SP_7_2/2026-07-28: /Users/korneev/Desktop/water-regime-gis/outputs/imagery/sp/SP_7_2/2026-07-28/sentinel_true_color.tif
SKIP sp/SP_7_2/2026-07-31: /Users/korneev/Desktop/water-regime-gis/outputs/imagery/sp/SP_7_2/2026-07-31/sentinel_true_color.tif
SKIP sp/SP_7_2/2026-08-10: /Users/korneev/Desktop/water-regime-gis/outputs/imagery/sp/SP_7_2/2026-08-10/sentinel_true_color.tif
SKIP sp/SP_7_7/2026-04-22: /Users/korneev/Desktop/water-regime-gis/outputs/imagery/sp/SP_7_7/2026-04-22/sentinel_true_color.tif
SKIP sp/SP_7_7/2026-05-05: /Users/korneev/Desktop/water-regime-gis/outputs/imagery/sp/SP_7_7/2026-05-05/sentinel_true_color.tif
SKIP sp/SP_7_7/2026-05-07: /Users/korneev/Desktop/water-regime-gis/outputs/imagery/sp/SP_7_7/2026-05-07/sentinel_true_color.tif
SKIP sp/SP_7_7/2026-05-17: /Users/korneev/Desktop/water-regime-gis/outputs/imagery/sp/SP_7_7/2026-05-17/sentinel_true_color.tif
SKIP sp/SP_7_7/2026-05-20: /Users/korneev/Desktop/water-regime-gis/outputs/imagery/sp/SP_7_7/2026-05-20/sentinel_true_color.tif
SKIP sp/SP_7_7/2026-05-22: /Users/korneev/Desktop/water-regime-gis/outputs/imagery/sp/SP_7_7/2026-05-22/sentinel_true_color.tif
SKIP sp/SP_7_7/2026-06-06: /Users/korneev/Desktop/water-regime-gis/outputs/imagery/sp/SP_7_7/2026-06-06/sentinel_true_color.tif
SKIP sp/SP_7_7/2026-06-08: /Users/korneev/Desktop/water-regime-gis/outputs/imagery/sp/SP_7_7/2026-06-08/sentinel_true_color.tif
SKIP sp/SP_7_7/2026-06-09: /Users/korneev/Desktop/water-regime-gis/outputs/imagery/sp/SP_7_7/2026-06-09/sentinel_true_color.tif
SKIP sp/SP_7_7/2026-06-11: /Users/korneev/Desktop/water-regime-gis/outputs/imagery/sp/SP_7_7/2026-06-11/sentinel_true_color.tif
SKIP sp/SP_7_7/2026-07-14: /Users/korneev/Desktop/water-regime-gis/outputs/imagery/sp/SP_7_7/2026-07-14/sentinel_true_color.tif
SKIP sp/SP_7_7/2026-07-19: /Users/korneev/Desktop/water-regime-gis/outputs/imagery/sp/SP_7_7/2026-07-19/sentinel_true_color.tif
SKIP sp/SP_7_7/2026-07-28: /Users/korneev/Desktop/water-regime-gis/outputs/imagery/sp/SP_7_7/2026-07-28/sentinel_true_color.tif
SKIP sp/SP_7_7/2026-07-31: /Users/korneev/Desktop/water-regime-gis/outputs/imagery/sp/SP_7_7/2026-07-31/sentinel_true_color.tif
SKIP sp/SP_7_7/2026-08-10: /Users/korneev/Desktop/water-regime-gis/outputs/imagery/sp/SP_7_7/2026-08-10/sentinel_true_color.tif
SKIP sp/SP_7_6/2026-04-22: /Users/korneev/Desktop/water-regime-gis/outputs/imagery/sp/SP_7_6/2026-04-22/sentinel_true_color.tif
SKIP sp/SP_7_6/2026-05-05: /Users/korneev/Desktop/water-regime-gis/outputs/imagery/sp/SP_7_6/2026-05-05/sentinel_true_color.tif
SKIP sp/SP_7_6/2026-05-07: /Users/korneev/Desktop/water-regime-gis/outputs/imagery/sp/SP_7_6/2026-05-07/sentinel_true_color.tif
SKIP sp/SP_7_6/2026-05-17: /Users/korneev/Desktop/water-regime-gis/outputs/imagery/sp/SP_7_6/2026-05-17/sentinel_true_color.tif
SKIP sp/SP_7_6/2026-05-20: /Users/korneev/Desktop/water-regime-gis/outputs/imagery/sp/SP_7_6/2026-05-20/sentinel_true_color.tif
SKIP sp/SP_7_6/2026-05-22: /Users/korneev/Desktop/water-regime-gis/outputs/imagery/sp/SP_7_6/2026-05-22/sentinel_true_color.tif
SKIP sp/SP_7_6/2026-06-06: /Users/korneev/Desktop/water-regime-gis/outputs/imagery/sp/SP_7_6/2026-06-06/sentinel_true_color.tif
SKIP sp/SP_7_6/2026-06-08: /Users/korneev/Desktop/water-regime-gis/outputs/imagery/sp/SP_7_6/2026-06-08/sentinel_true_color.tif
SKIP sp/SP_7_6/2026-06-09: /Users/korneev/Desktop/water-regime-gis/outputs/imagery/sp/SP_7_6/2026-06-09/sentinel_true_color.tif
SKIP sp/SP_7_6/2026-06-11: /Users/korneev/Desktop/water-regime-gis/outputs/imagery/sp/SP_7_6/2026-06-11/sentinel_true_color.tif
SKIP sp/SP_7_6/2026-07-14: /Users/korneev/Desktop/water-regime-gis/outputs/imagery/sp/SP_7_6/2026-07-14/sentinel_true_color.tif
SKIP sp/SP_7_6/2026-07-19: /Users/korneev/Desktop/water-regime-gis/outputs/imagery/sp/SP_7_6/2026-07-19/sentinel_true_color.tif
SKIP sp/SP_7_6/2026-07-28: /Users/korneev/Desktop/water-regime-gis/outputs/imagery/sp/SP_7_6/2026-07-28/sentinel_true_color.tif
SKIP sp/SP_7_6/2026-07-31: /Users/korneev/Desktop/water-regime-gis/outputs/imagery/sp/SP_7_6/2026-07-31/sentinel_true_color.tif
SKIP sp/SP_7_6/2026-08-10: /Users/korneev/Desktop/water-regime-gis/outputs/imagery/sp/SP_7_6/2026-08-10/sentinel_true_color.tif
SKIP sp/SP_5_4/2026-04-22: /Users/korneev/Desktop/water-regime-gis/outputs/imagery/sp/SP_5_4/2026-04-22/sentinel_true_color.tif
SKIP sp/SP_5_4/2026-05-05: /Users/korneev/Desktop/water-regime-gis/outputs/imagery/sp/SP_5_4/2026-05-05/sentinel_true_color.tif
SKIP sp/SP_5_4/2026-05-07: /Users/korneev/Desktop/water-regime-gis/outputs/imagery/sp/SP_5_4/2026-05-07/sentinel_true_color.tif
SKIP sp/SP_5_4/2026-05-20: /Users/korneev/Desktop/water-regime-gis/outputs/imagery/sp/SP_5_4/2026-05-20/sentinel_true_color.tif
SKIP sp/SP_5_4/2026-05-22: /Users/korneev/Desktop/water-regime-gis/outputs/imagery/sp/SP_5_4/2026-05-22/sentinel_true_color.tif
SKIP sp/SP_5_4/2026-06-06: /Users/korneev/Desktop/water-regime-gis/outputs/imagery/sp/SP_5_4/2026-06-06/sentinel_true_color.tif
SKIP sp/SP_5_4/2026-06-08: /Users/korneev/Desktop/water-regime-gis/outputs/imagery/sp/SP_5_4/2026-06-08/sentinel_true_color.tif
SKIP sp/SP_5_4/2026-06-09: /Users/korneev/Desktop/water-regime-gis/outputs/imagery/sp/SP_5_4/2026-06-09/sentinel_true_color.tif
SKIP sp/SP_5_4/2026-06-11: /Users/korneev/Desktop/water-regime-gis/outputs/imagery/sp/SP_5_4/2026-06-11/sentinel_true_color.tif
SKIP sp/SP_5_4/2026-07-14: /Users/korneev/Desktop/water-regime-gis/outputs/imagery/sp/SP_5_4/2026-07-14/sentinel_true_color.tif
SKIP sp/SP_5_4/2026-07-19: /Users/korneev/Desktop/water-regime-gis/outputs/imagery/sp/SP_5_4/2026-07-19/sentinel_true_color.tif
SKIP sp/SP_5_4/2026-07-31: /Users/korneev/Desktop/water-regime-gis/outputs/imagery/sp/SP_5_4/2026-07-31/sentinel_true_color.tif
SKIP sp/SP_5_4/2026-08-10: /Users/korneev/Desktop/water-regime-gis/outputs/imagery/sp/SP_5_4/2026-08-10/sentinel_true_color.tif
SKIP sp/SP_5_1/2026-04-22: /Users/korneev/Desktop/water-regime-gis/outputs/imagery/sp/SP_5_1/2026-04-22/sentinel_true_color.tif
SKIP sp/SP_5_1/2026-05-05: /Users/korneev/Desktop/water-regime-gis/outputs/imagery/sp/SP_5_1/2026-05-05/sentinel_true_color.tif
SKIP sp/SP_5_1/2026-05-07: /Users/korneev/Desktop/water-regime-gis/outputs/imagery/sp/SP_5_1/2026-05-07/sentinel_true_color.tif
SKIP sp/SP_5_1/2026-05-20: /Users/korneev/Desktop/water-regime-gis/outputs/imagery/sp/SP_5_1/2026-05-20/sentinel_true_color.tif
SKIP sp/SP_5_1/2026-05-22: /Users/korneev/Desktop/water-regime-gis/outputs/imagery/sp/SP_5_1/2026-05-22/sentinel_true_color.tif
SKIP sp/SP_5_1/2026-06-06: /Users/korneev/Desktop/water-regime-gis/outputs/imagery/sp/SP_5_1/2026-06-06/sentinel_true_color.tif
SKIP sp/SP_5_1/2026-06-08: /Users/korneev/Desktop/water-regime-gis/outputs/imagery/sp/SP_5_1/2026-06-08/sentinel_true_color.tif
SKIP sp/SP_5_1/2026-06-09: /Users/korneev/Desktop/water-regime-gis/outputs/imagery/sp/SP_5_1/2026-06-09/sentinel_true_color.tif
SKIP sp/SP_5_1/2026-06-11: /Users/korneev/Desktop/water-regime-gis/outputs/imagery/sp/SP_5_1/2026-06-11/sentinel_true_color.tif
SKIP sp/SP_5_1/2026-07-14: /Users/korneev/Desktop/water-regime-gis/outputs/imagery/sp/SP_5_1/2026-07-14/sentinel_true_color.tif
SKIP sp/SP_5_1/2026-07-19: /Users/korneev/Desktop/water-regime-gis/outputs/imagery/sp/SP_5_1/2026-07-19/sentinel_true_color.tif
SKIP sp/SP_5_1/2026-07-31: /Users/korneev/Desktop/water-regime-gis/outputs/imagery/sp/SP_5_1/2026-07-31/sentinel_true_color.tif
SKIP sp/SP_5_1/2026-08-10: /Users/korneev/Desktop/water-regime-gis/outputs/imagery/sp/SP_5_1/2026-08-10/sentinel_true_color.tif
SKIP sp/SP_5_2/2026-04-22: /Users/korneev/Desktop/water-regime-gis/outputs/imagery/sp/SP_5_2/2026-04-22/sentinel_true_color.tif
SKIP sp/SP_5_2/2026-05-05: /Users/korneev/Desktop/water-regime-gis/outputs/imagery/sp/SP_5_2/2026-05-05/sentinel_true_color.tif
SKIP sp/SP_5_2/2026-05-07: /Users/korneev/Desktop/water-regime-gis/outputs/imagery/sp/SP_5_2/2026-05-07/sentinel_true_color.tif
SKIP sp/SP_5_2/2026-05-20: /Users/korneev/Desktop/water-regime-gis/outputs/imagery/sp/SP_5_2/2026-05-20/sentinel_true_color.tif
SKIP sp/SP_5_2/2026-05-22: /Users/korneev/Desktop/water-regime-gis/outputs/imagery/sp/SP_5_2/2026-05-22/sentinel_true_color.tif
SKIP sp/SP_5_2/2026-06-06: /Users/korneev/Desktop/water-regime-gis/outputs/imagery/sp/SP_5_2/2026-06-06/sentinel_true_color.tif
SKIP sp/SP_5_2/2026-06-08: /Users/korneev/Desktop/water-regime-gis/outputs/imagery/sp/SP_5_2/2026-06-08/sentinel_true_color.tif
SKIP sp/SP_5_2/2026-06-09: /Users/korneev/Desktop/water-regime-gis/outputs/imagery/sp/SP_5_2/2026-06-09/sentinel_true_color.tif
SKIP sp/SP_5_2/2026-06-11: /Users/korneev/Desktop/water-regime-gis/outputs/imagery/sp/SP_5_2/2026-06-11/sentinel_true_color.tif
SKIP sp/SP_5_2/2026-07-14: /Users/korneev/Desktop/water-regime-gis/outputs/imagery/sp/SP_5_2/2026-07-14/sentinel_true_color.tif
SKIP sp/SP_5_2/2026-07-19: /Users/korneev/Desktop/water-regime-gis/outputs/imagery/sp/SP_5_2/2026-07-19/sentinel_true_color.tif
SKIP sp/SP_5_2/2026-07-31: /Users/korneev/Desktop/water-regime-gis/outputs/imagery/sp/SP_5_2/2026-07-31/sentinel_true_color.tif
SKIP sp/SP_5_2/2026-08-10: /Users/korneev/Desktop/water-regime-gis/outputs/imagery/sp/SP_5_2/2026-08-10/sentinel_true_color.tif
SKIP sp/SP_5_6/2026-04-22: /Users/korneev/Desktop/water-regime-gis/outputs/imagery/sp/SP_5_6/2026-04-22/sentinel_true_color.tif
SKIP sp/SP_5_6/2026-05-05: /Users/korneev/Desktop/water-regime-gis/outputs/imagery/sp/SP_5_6/2026-05-05/sentinel_true_color.tif
SKIP sp/SP_5_6/2026-05-07: /Users/korneev/Desktop/water-regime-gis/outputs/imagery/sp/SP_5_6/2026-05-07/sentinel_true_color.tif
SKIP sp/SP_5_6/2026-05-20: /Users/korneev/Desktop/water-regime-gis/outputs/imagery/sp/SP_5_6/2026-05-20/sentinel_true_color.tif
SKIP sp/SP_5_6/2026-05-22: /Users/korneev/Desktop/water-regime-gis/outputs/imagery/sp/SP_5_6/2026-05-22/sentinel_true_color.tif
SKIP sp/SP_5_6/2026-06-06: /Users/korneev/Desktop/water-regime-gis/outputs/imagery/sp/SP_5_6/2026-06-06/sentinel_true_color.tif
SKIP sp/SP_5_6/2026-06-08: /Users/korneev/Desktop/water-regime-gis/outputs/imagery/sp/SP_5_6/2026-06-08/sentinel_true_color.tif
SKIP sp/SP_5_6/2026-06-09: /Users/korneev/Desktop/water-regime-gis/outputs/imagery/sp/SP_5_6/2026-06-09/sentinel_true_color.tif
SKIP sp/SP_5_6/2026-06-11: /Users/korneev/Desktop/water-regime-gis/outputs/imagery/sp/SP_5_6/2026-06-11/sentinel_true_color.tif
SKIP sp/SP_5_6/2026-07-14: /Users/korneev/Desktop/water-regime-gis/outputs/imagery/sp/SP_5_6/2026-07-14/sentinel_true_color.tif
SKIP sp/SP_5_6/2026-07-19: /Users/korneev/Desktop/water-regime-gis/outputs/imagery/sp/SP_5_6/2026-07-19/sentinel_true_color.tif
SKIP sp/SP_5_6/2026-07-31: /Users/korneev/Desktop/water-regime-gis/outputs/imagery/sp/SP_5_6/2026-07-31/sentinel_true_color.tif
SKIP sp/SP_5_6/2026-08-10: /Users/korneev/Desktop/water-regime-gis/outputs/imagery/sp/SP_5_6/2026-08-10/sentinel_true_color.tif
SKIP sp/SP_5_5/2026-04-22: /Users/korneev/Desktop/water-regime-gis/outputs/imagery/sp/SP_5_5/2026-04-22/sentinel_true_color.tif
SKIP sp/SP_5_5/2026-05-05: /Users/korneev/Desktop/water-regime-gis/outputs/imagery/sp/SP_5_5/2026-05-05/sentinel_true_color.tif
SKIP sp/SP_5_5/2026-05-07: /Users/korneev/Desktop/water-regime-gis/outputs/imagery/sp/SP_5_5/2026-05-07/sentinel_true_color.tif
SKIP sp/SP_5_5/2026-05-20: /Users/korneev/Desktop/water-regime-gis/outputs/imagery/sp/SP_5_5/2026-05-20/sentinel_true_color.tif
SKIP sp/SP_5_5/2026-05-22: /Users/korneev/Desktop/water-regime-gis/outputs/imagery/sp/SP_5_5/2026-05-22/sentinel_true_color.tif
SKIP sp/SP_5_5/2026-06-06: /Users/korneev/Desktop/water-regime-gis/outputs/imagery/sp/SP_5_5/2026-06-06/sentinel_true_color.tif
SKIP sp/SP_5_5/2026-06-08: /Users/korneev/Desktop/water-regime-gis/outputs/imagery/sp/SP_5_5/2026-06-08/sentinel_true_color.tif
SKIP sp/SP_5_5/2026-06-09: /Users/korneev/Desktop/water-regime-gis/outputs/imagery/sp/SP_5_5/2026-06-09/sentinel_true_color.tif
SKIP sp/SP_5_5/2026-06-11: /Users/korneev/Desktop/water-regime-gis/outputs/imagery/sp/SP_5_5/2026-06-11/sentinel_true_color.tif
SKIP sp/SP_5_5/2026-07-14: /Users/korneev/Desktop/water-regime-gis/outputs/imagery/sp/SP_5_5/2026-07-14/sentinel_true_color.tif
SKIP sp/SP_5_5/2026-07-19: /Users/korneev/Desktop/water-regime-gis/outputs/imagery/sp/SP_5_5/2026-07-19/sentinel_true_color.tif
SKIP sp/SP_5_5/2026-07-31: /Users/korneev/Desktop/water-regime-gis/outputs/imagery/sp/SP_5_5/2026-07-31/sentinel_true_color.tif
SKIP sp/SP_5_5/2026-08-10: /Users/korneev/Desktop/water-regime-gis/outputs/imagery/sp/SP_5_5/2026-08-10/sentinel_true_color.tif
SKIP sp/SP_5_11/2026-04-22: /Users/korneev/Desktop/water-regime-gis/outputs/imagery/sp/SP_5_11/2026-04-22/sentinel_true_color.tif
SKIP sp/SP_5_11/2026-05-05: /Users/korneev/Desktop/water-regime-gis/outputs/imagery/sp/SP_5_11/2026-05-05/sentinel_true_color.tif
SKIP sp/SP_5_11/2026-05-07: /Users/korneev/Desktop/water-regime-gis/outputs/imagery/sp/SP_5_11/2026-05-07/sentinel_true_color.tif
SKIP sp/SP_5_11/2026-05-20: /Users/korneev/Desktop/water-regime-gis/outputs/imagery/sp/SP_5_11/2026-05-20/sentinel_true_color.tif
SKIP sp/SP_5_11/2026-05-22: /Users/korneev/Desktop/water-regime-gis/outputs/imagery/sp/SP_5_11/2026-05-22/sentinel_true_color.tif
SKIP sp/SP_5_11/2026-06-06: /Users/korneev/Desktop/water-regime-gis/outputs/imagery/sp/SP_5_11/2026-06-06/sentinel_true_color.tif
SKIP sp/SP_5_11/2026-06-08: /Users/korneev/Desktop/water-regime-gis/outputs/imagery/sp/SP_5_11/2026-06-08/sentinel_true_color.tif
SKIP sp/SP_5_11/2026-06-09: /Users/korneev/Desktop/water-regime-gis/outputs/imagery/sp/SP_5_11/2026-06-09/sentinel_true_color.tif
SKIP sp/SP_5_11/2026-06-11: /Users/korneev/Desktop/water-regime-gis/outputs/imagery/sp/SP_5_11/2026-06-11/sentinel_true_color.tif
SKIP sp/SP_5_11/2026-07-14: /Users/korneev/Desktop/water-regime-gis/outputs/imagery/sp/SP_5_11/2026-07-14/sentinel_true_color.tif
SKIP sp/SP_5_11/2026-07-19: /Users/korneev/Desktop/water-regime-gis/outputs/imagery/sp/SP_5_11/2026-07-19/sentinel_true_color.tif
SKIP sp/SP_5_11/2026-07-31: /Users/korneev/Desktop/water-regime-gis/outputs/imagery/sp/SP_5_11/2026-07-31/sentinel_true_color.tif
SKIP sp/SP_5_11/2026-08-10: /Users/korneev/Desktop/water-regime-gis/outputs/imagery/sp/SP_5_11/2026-08-10/sentinel_true_color.tif
SKIP sp/SP_5_12/2026-04-22: /Users/korneev/Desktop/water-regime-gis/outputs/imagery/sp/SP_5_12/2026-04-22/sentinel_true_color.tif
SKIP sp/SP_5_12/2026-05-05: /Users/korneev/Desktop/water-regime-gis/outputs/imagery/sp/SP_5_12/2026-05-05/sentinel_true_color.tif
SKIP sp/SP_5_12/2026-05-07: /Users/korneev/Desktop/water-regime-gis/outputs/imagery/sp/SP_5_12/2026-05-07/sentinel_true_color.tif
SKIP sp/SP_5_12/2026-05-20: /Users/korneev/Desktop/water-regime-gis/outputs/imagery/sp/SP_5_12/2026-05-20/sentinel_true_color.tif
SKIP sp/SP_5_12/2026-05-22: /Users/korneev/Desktop/water-regime-gis/outputs/imagery/sp/SP_5_12/2026-05-22/sentinel_true_color.tif
SKIP sp/SP_5_12/2026-06-06: /Users/korneev/Desktop/water-regime-gis/outputs/imagery/sp/SP_5_12/2026-06-06/sentinel_true_color.tif
SKIP sp/SP_5_12/2026-06-08: /Users/korneev/Desktop/water-regime-gis/outputs/imagery/sp/SP_5_12/2026-06-08/sentinel_true_color.tif
SKIP sp/SP_5_12/2026-06-09: /Users/korneev/Desktop/water-regime-gis/outputs/imagery/sp/SP_5_12/2026-06-09/sentinel_true_color.tif
SKIP sp/SP_5_12/2026-06-11: /Users/korneev/Desktop/water-regime-gis/outputs/imagery/sp/SP_5_12/2026-06-11/sentinel_true_color.tif
SKIP sp/SP_5_12/2026-07-14: /Users/korneev/Desktop/water-regime-gis/outputs/imagery/sp/SP_5_12/2026-07-14/sentinel_true_color.tif
SKIP sp/SP_5_12/2026-07-19: /Users/korneev/Desktop/water-regime-gis/outputs/imagery/sp/SP_5_12/2026-07-19/sentinel_true_color.tif
SKIP sp/SP_5_12/2026-07-31: /Users/korneev/Desktop/water-regime-gis/outputs/imagery/sp/SP_5_12/2026-07-31/sentinel_true_color.tif
SKIP sp/SP_5_12/2026-08-10: /Users/korneev/Desktop/water-regime-gis/outputs/imagery/sp/SP_5_12/2026-08-10/sentinel_true_color.tif
SKIP sp/SP_5_7/2026-04-22: /Users/korneev/Desktop/water-regime-gis/outputs/imagery/sp/SP_5_7/2026-04-22/sentinel_true_color.tif
SKIP sp/SP_5_7/2026-05-05: /Users/korneev/Desktop/water-regime-gis/outputs/imagery/sp/SP_5_7/2026-05-05/sentinel_true_color.tif
SKIP sp/SP_5_7/2026-05-07: /Users/korneev/Desktop/water-regime-gis/outputs/imagery/sp/SP_5_7/2026-05-07/sentinel_true_color.tif
SKIP sp/SP_5_7/2026-05-20: /Users/korneev/Desktop/water-regime-gis/outputs/imagery/sp/SP_5_7/2026-05-20/sentinel_true_color.tif
SKIP sp/SP_5_7/2026-05-22: /Users/korneev/Desktop/water-regime-gis/outputs/imagery/sp/SP_5_7/2026-05-22/sentinel_true_color.tif
SKIP sp/SP_5_7/2026-06-06: /Users/korneev/Desktop/water-regime-gis/outputs/imagery/sp/SP_5_7/2026-06-06/sentinel_true_color.tif
SKIP sp/SP_5_7/2026-06-08: /Users/korneev/Desktop/water-regime-gis/outputs/imagery/sp/SP_5_7/2026-06-08/sentinel_true_color.tif
SKIP sp/SP_5_7/2026-06-09: /Users/korneev/Desktop/water-regime-gis/outputs/imagery/sp/SP_5_7/2026-06-09/sentinel_true_color.tif
SKIP sp/SP_5_7/2026-06-11: /Users/korneev/Desktop/water-regime-gis/outputs/imagery/sp/SP_5_7/2026-06-11/sentinel_true_color.tif
SKIP sp/SP_5_7/2026-07-14: /Users/korneev/Desktop/water-regime-gis/outputs/imagery/sp/SP_5_7/2026-07-14/sentinel_true_color.tif
SKIP sp/SP_5_7/2026-07-19: /Users/korneev/Desktop/water-regime-gis/outputs/imagery/sp/SP_5_7/2026-07-19/sentinel_true_color.tif
SKIP sp/SP_5_7/2026-07-31: /Users/korneev/Desktop/water-regime-gis/outputs/imagery/sp/SP_5_7/2026-07-31/sentinel_true_color.tif
SKIP sp/SP_5_7/2026-08-10: /Users/korneev/Desktop/water-regime-gis/outputs/imagery/sp/SP_5_7/2026-08-10/sentinel_true_color.tif
SKIP sp/SP_5_10/2026-04-22: /Users/korneev/Desktop/water-regime-gis/outputs/imagery/sp/SP_5_10/2026-04-22/sentinel_true_color.tif
SKIP sp/SP_5_10/2026-05-05: /Users/korneev/Desktop/water-regime-gis/outputs/imagery/sp/SP_5_10/2026-05-05/sentinel_true_color.tif
SKIP sp/SP_5_10/2026-05-07: /Users/korneev/Desktop/water-regime-gis/outputs/imagery/sp/SP_5_10/2026-05-07/sentinel_true_color.tif
SKIP sp/SP_5_10/2026-05-20: /Users/korneev/Desktop/water-regime-gis/outputs/imagery/sp/SP_5_10/2026-05-20/sentinel_true_color.tif
SKIP sp/SP_5_10/2026-05-22: /Users/korneev/Desktop/water-regime-gis/outputs/imagery/sp/SP_5_10/2026-05-22/sentinel_true_color.tif
SKIP sp/SP_5_10/2026-06-06: /Users/korneev/Desktop/water-regime-gis/outputs/imagery/sp/SP_5_10/2026-06-06/sentinel_true_color.tif
SKIP sp/SP_5_10/2026-06-08: /Users/korneev/Desktop/water-regime-gis/outputs/imagery/sp/SP_5_10/2026-06-08/sentinel_true_color.tif
SKIP sp/SP_5_10/2026-06-09: /Users/korneev/Desktop/water-regime-gis/outputs/imagery/sp/SP_5_10/2026-06-09/sentinel_true_color.tif
SKIP sp/SP_5_10/2026-06-11: /Users/korneev/Desktop/water-regime-gis/outputs/imagery/sp/SP_5_10/2026-06-11/sentinel_true_color.tif
SKIP sp/SP_5_10/2026-07-14: /Users/korneev/Desktop/water-regime-gis/outputs/imagery/sp/SP_5_10/2026-07-14/sentinel_true_color.tif
SKIP sp/SP_5_10/2026-07-19: /Users/korneev/Desktop/water-regime-gis/outputs/imagery/sp/SP_5_10/2026-07-19/sentinel_true_color.tif
SKIP sp/SP_5_10/2026-07-31: /Users/korneev/Desktop/water-regime-gis/outputs/imagery/sp/SP_5_10/2026-07-31/sentinel_true_color.tif
SKIP sp/SP_5_10/2026-08-10: /Users/korneev/Desktop/water-regime-gis/outputs/imagery/sp/SP_5_10/2026-08-10/sentinel_true_color.tif
SKIP sp/SP_5_9/2026-04-22: /Users/korneev/Desktop/water-regime-gis/outputs/imagery/sp/SP_5_9/2026-04-22/sentinel_true_color.tif
SKIP sp/SP_5_9/2026-05-05: /Users/korneev/Desktop/water-regime-gis/outputs/imagery/sp/SP_5_9/2026-05-05/sentinel_true_color.tif
SKIP sp/SP_5_9/2026-05-07: /Users/korneev/Desktop/water-regime-gis/outputs/imagery/sp/SP_5_9/2026-05-07/sentinel_true_color.tif
SKIP sp/SP_5_9/2026-05-20: /Users/korneev/Desktop/water-regime-gis/outputs/imagery/sp/SP_5_9/2026-05-20/sentinel_true_color.tif
SKIP sp/SP_5_9/2026-05-22: /Users/korneev/Desktop/water-regime-gis/outputs/imagery/sp/SP_5_9/2026-05-22/sentinel_true_color.tif
SKIP sp/SP_5_9/2026-06-06: /Users/korneev/Desktop/water-regime-gis/outputs/imagery/sp/SP_5_9/2026-06-06/sentinel_true_color.tif
SKIP sp/SP_5_9/2026-06-08: /Users/korneev/Desktop/water-regime-gis/outputs/imagery/sp/SP_5_9/2026-06-08/sentinel_true_color.tif
SKIP sp/SP_5_9/2026-06-09: /Users/korneev/Desktop/water-regime-gis/outputs/imagery/sp/SP_5_9/2026-06-09/sentinel_true_color.tif
SKIP sp/SP_5_9/2026-06-11: /Users/korneev/Desktop/water-regime-gis/outputs/imagery/sp/SP_5_9/2026-06-11/sentinel_true_color.tif
SKIP sp/SP_5_9/2026-07-14: /Users/korneev/Desktop/water-regime-gis/outputs/imagery/sp/SP_5_9/2026-07-14/sentinel_true_color.tif
SKIP sp/SP_5_9/2026-07-19: /Users/korneev/Desktop/water-regime-gis/outputs/imagery/sp/SP_5_9/2026-07-19/sentinel_true_color.tif
SKIP sp/SP_5_9/2026-07-31: /Users/korneev/Desktop/water-regime-gis/outputs/imagery/sp/SP_5_9/2026-07-31/sentinel_true_color.tif
SKIP sp/SP_5_9/2026-08-10: /Users/korneev/Desktop/water-regime-gis/outputs/imagery/sp/SP_5_9/2026-08-10/sentinel_true_color.tif
SKIP sp/SP_5_15/2026-04-22: /Users/korneev/Desktop/water-regime-gis/outputs/imagery/sp/SP_5_15/2026-04-22/sentinel_true_color.tif
SKIP sp/SP_5_15/2026-05-05: /Users/korneev/Desktop/water-regime-gis/outputs/imagery/sp/SP_5_15/2026-05-05/sentinel_true_color.tif
SKIP sp/SP_5_15/2026-05-07: /Users/korneev/Desktop/water-regime-gis/outputs/imagery/sp/SP_5_15/2026-05-07/sentinel_true_color.tif
SKIP sp/SP_5_15/2026-05-20: /Users/korneev/Desktop/water-regime-gis/outputs/imagery/sp/SP_5_15/2026-05-20/sentinel_true_color.tif
SKIP sp/SP_5_15/2026-05-22: /Users/korneev/Desktop/water-regime-gis/outputs/imagery/sp/SP_5_15/2026-05-22/sentinel_true_color.tif
SKIP sp/SP_5_15/2026-06-06: /Users/korneev/Desktop/water-regime-gis/outputs/imagery/sp/SP_5_15/2026-06-06/sentinel_true_color.tif
SKIP sp/SP_5_15/2026-06-08: /Users/korneev/Desktop/water-regime-gis/outputs/imagery/sp/SP_5_15/2026-06-08/sentinel_true_color.tif
SKIP sp/SP_5_15/2026-06-09: /Users/korneev/Desktop/water-regime-gis/outputs/imagery/sp/SP_5_15/2026-06-09/sentinel_true_color.tif
SKIP sp/SP_5_15/2026-06-11: /Users/korneev/Desktop/water-regime-gis/outputs/imagery/sp/SP_5_15/2026-06-11/sentinel_true_color.tif
SKIP sp/SP_5_15/2026-07-14: /Users/korneev/Desktop/water-regime-gis/outputs/imagery/sp/SP_5_15/2026-07-14/sentinel_true_color.tif
SKIP sp/SP_5_15/2026-07-19: /Users/korneev/Desktop/water-regime-gis/outputs/imagery/sp/SP_5_15/2026-07-19/sentinel_true_color.tif
SKIP sp/SP_5_15/2026-07-31: /Users/korneev/Desktop/water-regime-gis/outputs/imagery/sp/SP_5_15/2026-07-31/sentinel_true_color.tif
SKIP sp/SP_5_15/2026-08-10: /Users/korneev/Desktop/water-regime-gis/outputs/imagery/sp/SP_5_15/2026-08-10/sentinel_true_color.tif
SKIP sp/SP_5_16/2026-04-22: /Users/korneev/Desktop/water-regime-gis/outputs/imagery/sp/SP_5_16/2026-04-22/sentinel_true_color.tif
SKIP sp/SP_5_16/2026-05-05: /Users/korneev/Desktop/water-regime-gis/outputs/imagery/sp/SP_5_16/2026-05-05/sentinel_true_color.tif
SKIP sp/SP_5_16/2026-05-07: /Users/korneev/Desktop/water-regime-gis/outputs/imagery/sp/SP_5_16/2026-05-07/sentinel_true_color.tif
SKIP sp/SP_5_16/2026-05-20: /Users/korneev/Desktop/water-regime-gis/outputs/imagery/sp/SP_5_16/2026-05-20/sentinel_true_color.tif
SKIP sp/SP_5_16/2026-05-22: /Users/korneev/Desktop/water-regime-gis/outputs/imagery/sp/SP_5_16/2026-05-22/sentinel_true_color.tif
SKIP sp/SP_5_16/2026-06-06: /Users/korneev/Desktop/water-regime-gis/outputs/imagery/sp/SP_5_16/2026-06-06/sentinel_true_color.tif
SKIP sp/SP_5_16/2026-06-08: /Users/korneev/Desktop/water-regime-gis/outputs/imagery/sp/SP_5_16/2026-06-08/sentinel_true_color.tif
SKIP sp/SP_5_16/2026-06-09: /Users/korneev/Desktop/water-regime-gis/outputs/imagery/sp/SP_5_16/2026-06-09/sentinel_true_color.tif
SKIP sp/SP_5_16/2026-06-11: /Users/korneev/Desktop/water-regime-gis/outputs/imagery/sp/SP_5_16/2026-06-11/sentinel_true_color.tif
SKIP sp/SP_5_16/2026-07-14: /Users/korneev/Desktop/water-regime-gis/outputs/imagery/sp/SP_5_16/2026-07-14/sentinel_true_color.tif
SKIP sp/SP_5_16/2026-07-19: /Users/korneev/Desktop/water-regime-gis/outputs/imagery/sp/SP_5_16/2026-07-19/sentinel_true_color.tif
SKIP sp/SP_5_16/2026-07-31: /Users/korneev/Desktop/water-regime-gis/outputs/imagery/sp/SP_5_16/2026-07-31/sentinel_true_color.tif
SKIP sp/SP_5_16/2026-08-10: /Users/korneev/Desktop/water-regime-gis/outputs/imagery/sp/SP_5_16/2026-08-10/sentinel_true_color.tif
SKIP sp/SP_5_3/2026-04-22: /Users/korneev/Desktop/water-regime-gis/outputs/imagery/sp/SP_5_3/2026-04-22/sentinel_true_color.tif
SKIP sp/SP_5_3/2026-05-05: /Users/korneev/Desktop/water-regime-gis/outputs/imagery/sp/SP_5_3/2026-05-05/sentinel_true_color.tif
SKIP sp/SP_5_3/2026-05-07: /Users/korneev/Desktop/water-regime-gis/outputs/imagery/sp/SP_5_3/2026-05-07/sentinel_true_color.tif
SKIP sp/SP_5_3/2026-05-20: /Users/korneev/Desktop/water-regime-gis/outputs/imagery/sp/SP_5_3/2026-05-20/sentinel_true_color.tif
SKIP sp/SP_5_3/2026-05-22: /Users/korneev/Desktop/water-regime-gis/outputs/imagery/sp/SP_5_3/2026-05-22/sentinel_true_color.tif
SKIP sp/SP_5_3/2026-06-06: /Users/korneev/Desktop/water-regime-gis/outputs/imagery/sp/SP_5_3/2026-06-06/sentinel_true_color.tif
SKIP sp/SP_5_3/2026-06-08: /Users/korneev/Desktop/water-regime-gis/outputs/imagery/sp/SP_5_3/2026-06-08/sentinel_true_color.tif
SKIP sp/SP_5_3/2026-06-09: /Users/korneev/Desktop/water-regime-gis/outputs/imagery/sp/SP_5_3/2026-06-09/sentinel_true_color.tif
SKIP sp/SP_5_3/2026-06-11: /Users/korneev/Desktop/water-regime-gis/outputs/imagery/sp/SP_5_3/2026-06-11/sentinel_true_color.tif
SKIP sp/SP_5_3/2026-07-14: /Users/korneev/Desktop/water-regime-gis/outputs/imagery/sp/SP_5_3/2026-07-14/sentinel_true_color.tif
SKIP sp/SP_5_3/2026-07-19: /Users/korneev/Desktop/water-regime-gis/outputs/imagery/sp/SP_5_3/2026-07-19/sentinel_true_color.tif
SKIP sp/SP_5_3/2026-07-31: /Users/korneev/Desktop/water-regime-gis/outputs/imagery/sp/SP_5_3/2026-07-31/sentinel_true_color.tif
SKIP sp/SP_5_3/2026-08-10: /Users/korneev/Desktop/water-regime-gis/outputs/imagery/sp/SP_5_3/2026-08-10/sentinel_true_color.tif
SKIP sp/SP_5_14/2026-04-22: /Users/korneev/Desktop/water-regime-gis/outputs/imagery/sp/SP_5_14/2026-04-22/sentinel_true_color.tif
SKIP sp/SP_5_14/2026-05-05: /Users/korneev/Desktop/water-regime-gis/outputs/imagery/sp/SP_5_14/2026-05-05/sentinel_true_color.tif
SKIP sp/SP_5_14/2026-05-07: /Users/korneev/Desktop/water-regime-gis/outputs/imagery/sp/SP_5_14/2026-05-07/sentinel_true_color.tif
SKIP sp/SP_5_14/2026-05-20: /Users/korneev/Desktop/water-regime-gis/outputs/imagery/sp/SP_5_14/2026-05-20/sentinel_true_color.tif
SKIP sp/SP_5_14/2026-05-22: /Users/korneev/Desktop/water-regime-gis/outputs/imagery/sp/SP_5_14/2026-05-22/sentinel_true_color.tif
SKIP sp/SP_5_14/2026-06-06: /Users/korneev/Desktop/water-regime-gis/outputs/imagery/sp/SP_5_14/2026-06-06/sentinel_true_color.tif
SKIP sp/SP_5_14/2026-06-08: /Users/korneev/Desktop/water-regime-gis/outputs/imagery/sp/SP_5_14/2026-06-08/sentinel_true_color.tif
SKIP sp/SP_5_14/2026-06-09: /Users/korneev/Desktop/water-regime-gis/outputs/imagery/sp/SP_5_14/2026-06-09/sentinel_true_color.tif
SKIP sp/SP_5_14/2026-06-11: /Users/korneev/Desktop/water-regime-gis/outputs/imagery/sp/SP_5_14/2026-06-11/sentinel_true_color.tif
SKIP sp/SP_5_14/2026-07-14: /Users/korneev/Desktop/water-regime-gis/outputs/imagery/sp/SP_5_14/2026-07-14/sentinel_true_color.tif
SKIP sp/SP_5_14/2026-07-19: /Users/korneev/Desktop/water-regime-gis/outputs/imagery/sp/SP_5_14/2026-07-19/sentinel_true_color.tif
SKIP sp/SP_5_14/2026-07-31: /Users/korneev/Desktop/water-regime-gis/outputs/imagery/sp/SP_5_14/2026-07-31/sentinel_true_color.tif
SKIP sp/SP_5_14/2026-08-10: /Users/korneev/Desktop/water-regime-gis/outputs/imagery/sp/SP_5_14/2026-08-10/sentinel_true_color.tif
SKIP sp/SP_5_8/2026-04-22: /Users/korneev/Desktop/water-regime-gis/outputs/imagery/sp/SP_5_8/2026-04-22/sentinel_true_color.tif
SKIP sp/SP_5_8/2026-05-05: /Users/korneev/Desktop/water-regime-gis/outputs/imagery/sp/SP_5_8/2026-05-05/sentinel_true_color.tif
SKIP sp/SP_5_8/2026-05-07: /Users/korneev/Desktop/water-regime-gis/outputs/imagery/sp/SP_5_8/2026-05-07/sentinel_true_color.tif
SKIP sp/SP_5_8/2026-05-20: /Users/korneev/Desktop/water-regime-gis/outputs/imagery/sp/SP_5_8/2026-05-20/sentinel_true_color.tif
SKIP sp/SP_5_8/2026-05-22: /Users/korneev/Desktop/water-regime-gis/outputs/imagery/sp/SP_5_8/2026-05-22/sentinel_true_color.tif
SKIP sp/SP_5_8/2026-06-06: /Users/korneev/Desktop/water-regime-gis/outputs/imagery/sp/SP_5_8/2026-06-06/sentinel_true_color.tif
SKIP sp/SP_5_8/2026-06-08: /Users/korneev/Desktop/water-regime-gis/outputs/imagery/sp/SP_5_8/2026-06-08/sentinel_true_color.tif
SKIP sp/SP_5_8/2026-06-09: /Users/korneev/Desktop/water-regime-gis/outputs/imagery/sp/SP_5_8/2026-06-09/sentinel_true_color.tif
SKIP sp/SP_5_8/2026-06-11: /Users/korneev/Desktop/water-regime-gis/outputs/imagery/sp/SP_5_8/2026-06-11/sentinel_true_color.tif
SKIP sp/SP_5_8/2026-07-14: /Users/korneev/Desktop/water-regime-gis/outputs/imagery/sp/SP_5_8/2026-07-14/sentinel_true_color.tif
SKIP sp/SP_5_8/2026-07-19: /Users/korneev/Desktop/water-regime-gis/outputs/imagery/sp/SP_5_8/2026-07-19/sentinel_true_color.tif
SKIP sp/SP_5_8/2026-07-31: /Users/korneev/Desktop/water-regime-gis/outputs/imagery/sp/SP_5_8/2026-07-31/sentinel_true_color.tif
SKIP sp/SP_5_8/2026-08-10: /Users/korneev/Desktop/water-regime-gis/outputs/imagery/sp/SP_5_8/2026-08-10/sentinel_true_color.tif
SKIP sp/SP_5_13/2026-04-22: /Users/korneev/Desktop/water-regime-gis/outputs/imagery/sp/SP_5_13/2026-04-22/sentinel_true_color.tif
SKIP sp/SP_5_13/2026-05-05: /Users/korneev/Desktop/water-regime-gis/outputs/imagery/sp/SP_5_13/2026-05-05/sentinel_true_color.tif
SKIP sp/SP_5_13/2026-05-07: /Users/korneev/Desktop/water-regime-gis/outputs/imagery/sp/SP_5_13/2026-05-07/sentinel_true_color.tif
SKIP sp/SP_5_13/2026-05-20: /Users/korneev/Desktop/water-regime-gis/outputs/imagery/sp/SP_5_13/2026-05-20/sentinel_true_color.tif
SKIP sp/SP_5_13/2026-05-22: /Users/korneev/Desktop/water-regime-gis/outputs/imagery/sp/SP_5_13/2026-05-22/sentinel_true_color.tif
SKIP sp/SP_5_13/2026-06-06: /Users/korneev/Desktop/water-regime-gis/outputs/imagery/sp/SP_5_13/2026-06-06/sentinel_true_color.tif
SKIP sp/SP_5_13/2026-06-08: /Users/korneev/Desktop/water-regime-gis/outputs/imagery/sp/SP_5_13/2026-06-08/sentinel_true_color.tif
SKIP sp/SP_5_13/2026-06-09: /Users/korneev/Desktop/water-regime-gis/outputs/imagery/sp/SP_5_13/2026-06-09/sentinel_true_color.tif
SKIP sp/SP_5_13/2026-06-11: /Users/korneev/Desktop/water-regime-gis/outputs/imagery/sp/SP_5_13/2026-06-11/sentinel_true_color.tif
SKIP sp/SP_5_13/2026-07-14: /Users/korneev/Desktop/water-regime-gis/outputs/imagery/sp/SP_5_13/2026-07-14/sentinel_true_color.tif
SKIP sp/SP_5_13/2026-07-19: /Users/korneev/Desktop/water-regime-gis/outputs/imagery/sp/SP_5_13/2026-07-19/sentinel_true_color.tif
SKIP sp/SP_5_13/2026-07-31: /Users/korneev/Desktop/water-regime-gis/outputs/imagery/sp/SP_5_13/2026-07-31/sentinel_true_color.tif
SKIP sp/SP_5_13/2026-08-10: /Users/korneev/Desktop/water-regime-gis/outputs/imagery/sp/SP_5_13/2026-08-10/sentinel_true_color.tif
SKIP sp/SP_6_17/2026-04-22: /Users/korneev/Desktop/water-regime-gis/outputs/imagery/sp/SP_6_17/2026-04-22/sentinel_true_color.tif
SKIP sp/SP_6_17/2026-05-05: /Users/korneev/Desktop/water-regime-gis/outputs/imagery/sp/SP_6_17/2026-05-05/sentinel_true_color.tif
SKIP sp/SP_6_17/2026-05-07: /Users/korneev/Desktop/water-regime-gis/outputs/imagery/sp/SP_6_17/2026-05-07/sentinel_true_color.tif
SKIP sp/SP_6_17/2026-05-20: /Users/korneev/Desktop/water-regime-gis/outputs/imagery/sp/SP_6_17/2026-05-20/sentinel_true_color.tif
SKIP sp/SP_6_17/2026-05-22: /Users/korneev/Desktop/water-regime-gis/outputs/imagery/sp/SP_6_17/2026-05-22/sentinel_true_color.tif
SKIP sp/SP_6_17/2026-06-06: /Users/korneev/Desktop/water-regime-gis/outputs/imagery/sp/SP_6_17/2026-06-06/sentinel_true_color.tif
SKIP sp/SP_6_17/2026-06-08: /Users/korneev/Desktop/water-regime-gis/outputs/imagery/sp/SP_6_17/2026-06-08/sentinel_true_color.tif
SKIP sp/SP_6_17/2026-06-09: /Users/korneev/Desktop/water-regime-gis/outputs/imagery/sp/SP_6_17/2026-06-09/sentinel_true_color.tif
SKIP sp/SP_6_17/2026-06-11: /Users/korneev/Desktop/water-regime-gis/outputs/imagery/sp/SP_6_17/2026-06-11/sentinel_true_color.tif
SKIP sp/SP_6_17/2026-07-14: /Users/korneev/Desktop/water-regime-gis/outputs/imagery/sp/SP_6_17/2026-07-14/sentinel_true_color.tif
SKIP sp/SP_6_17/2026-07-19: /Users/korneev/Desktop/water-regime-gis/outputs/imagery/sp/SP_6_17/2026-07-19/sentinel_true_color.tif
SKIP sp/SP_6_17/2026-07-31: /Users/korneev/Desktop/water-regime-gis/outputs/imagery/sp/SP_6_17/2026-07-31/sentinel_true_color.tif
SKIP sp/SP_6_17/2026-08-10: /Users/korneev/Desktop/water-regime-gis/outputs/imagery/sp/SP_6_17/2026-08-10/sentinel_true_color.tif
SKIP sp/SP_6_16/2026-04-22: /Users/korneev/Desktop/water-regime-gis/outputs/imagery/sp/SP_6_16/2026-04-22/sentinel_true_color.tif
SKIP sp/SP_6_16/2026-05-05: /Users/korneev/Desktop/water-regime-gis/outputs/imagery/sp/SP_6_16/2026-05-05/sentinel_true_color.tif
SKIP sp/SP_6_16/2026-05-07: /Users/korneev/Desktop/water-regime-gis/outputs/imagery/sp/SP_6_16/2026-05-07/sentinel_true_color.tif
SKIP sp/SP_6_16/2026-05-20: /Users/korneev/Desktop/water-regime-gis/outputs/imagery/sp/SP_6_16/2026-05-20/sentinel_true_color.tif
SKIP sp/SP_6_16/2026-05-22: /Users/korneev/Desktop/water-regime-gis/outputs/imagery/sp/SP_6_16/2026-05-22/sentinel_true_color.tif
SKIP sp/SP_6_16/2026-06-06: /Users/korneev/Desktop/water-regime-gis/outputs/imagery/sp/SP_6_16/2026-06-06/sentinel_true_color.tif
SKIP sp/SP_6_16/2026-06-08: /Users/korneev/Desktop/water-regime-gis/outputs/imagery/sp/SP_6_16/2026-06-08/sentinel_true_color.tif
SKIP sp/SP_6_16/2026-06-09: /Users/korneev/Desktop/water-regime-gis/outputs/imagery/sp/SP_6_16/2026-06-09/sentinel_true_color.tif
SKIP sp/SP_6_16/2026-06-11: /Users/korneev/Desktop/water-regime-gis/outputs/imagery/sp/SP_6_16/2026-06-11/sentinel_true_color.tif
SKIP sp/SP_6_16/2026-07-14: /Users/korneev/Desktop/water-regime-gis/outputs/imagery/sp/SP_6_16/2026-07-14/sentinel_true_color.tif
SKIP sp/SP_6_16/2026-07-19: /Users/korneev/Desktop/water-regime-gis/outputs/imagery/sp/SP_6_16/2026-07-19/sentinel_true_color.tif
SKIP sp/SP_6_16/2026-07-31: /Users/korneev/Desktop/water-regime-gis/outputs/imagery/sp/SP_6_16/2026-07-31/sentinel_true_color.tif
SKIP sp/SP_6_16/2026-08-10: /Users/korneev/Desktop/water-regime-gis/outputs/imagery/sp/SP_6_16/2026-08-10/sentinel_true_color.tif
SKIP sp/SP_6_1/2026-04-22: /Users/korneev/Desktop/water-regime-gis/outputs/imagery/sp/SP_6_1/2026-04-22/sentinel_true_color.tif
SKIP sp/SP_6_1/2026-05-05: /Users/korneev/Desktop/water-regime-gis/outputs/imagery/sp/SP_6_1/2026-05-05/sentinel_true_color.tif
SKIP sp/SP_6_1/2026-05-07: /Users/korneev/Desktop/water-regime-gis/outputs/imagery/sp/SP_6_1/2026-05-07/sentinel_true_color.tif
SKIP sp/SP_6_1/2026-05-20: /Users/korneev/Desktop/water-regime-gis/outputs/imagery/sp/SP_6_1/2026-05-20/sentinel_true_color.tif
SKIP sp/SP_6_1/2026-05-22: /Users/korneev/Desktop/water-regime-gis/outputs/imagery/sp/SP_6_1/2026-05-22/sentinel_true_color.tif
SKIP sp/SP_6_1/2026-06-06: /Users/korneev/Desktop/water-regime-gis/outputs/imagery/sp/SP_6_1/2026-06-06/sentinel_true_color.tif
SKIP sp/SP_6_1/2026-06-08: /Users/korneev/Desktop/water-regime-gis/outputs/imagery/sp/SP_6_1/2026-06-08/sentinel_true_color.tif
SKIP sp/SP_6_1/2026-06-09: /Users/korneev/Desktop/water-regime-gis/outputs/imagery/sp/SP_6_1/2026-06-09/sentinel_true_color.tif
SKIP sp/SP_6_1/2026-06-11: /Users/korneev/Desktop/water-regime-gis/outputs/imagery/sp/SP_6_1/2026-06-11/sentinel_true_color.tif
SKIP sp/SP_6_1/2026-07-14: /Users/korneev/Desktop/water-regime-gis/outputs/imagery/sp/SP_6_1/2026-07-14/sentinel_true_color.tif
SKIP sp/SP_6_1/2026-07-19: /Users/korneev/Desktop/water-regime-gis/outputs/imagery/sp/SP_6_1/2026-07-19/sentinel_true_color.tif
SKIP sp/SP_6_1/2026-07-31: /Users/korneev/Desktop/water-regime-gis/outputs/imagery/sp/SP_6_1/2026-07-31/sentinel_true_color.tif
SKIP sp/SP_6_1/2026-08-10: /Users/korneev/Desktop/water-regime-gis/outputs/imagery/sp/SP_6_1/2026-08-10/sentinel_true_color.tif
SKIP sp/SP_6_2/2026-04-22: /Users/korneev/Desktop/water-regime-gis/outputs/imagery/sp/SP_6_2/2026-04-22/sentinel_true_color.tif
SKIP sp/SP_6_2/2026-05-05: /Users/korneev/Desktop/water-regime-gis/outputs/imagery/sp/SP_6_2/2026-05-05/sentinel_true_color.tif
SKIP sp/SP_6_2/2026-05-07: /Users/korneev/Desktop/water-regime-gis/outputs/imagery/sp/SP_6_2/2026-05-07/sentinel_true_color.tif
SKIP sp/SP_6_2/2026-05-20: /Users/korneev/Desktop/water-regime-gis/outputs/imagery/sp/SP_6_2/2026-05-20/sentinel_true_color.tif
SKIP sp/SP_6_2/2026-05-22: /Users/korneev/Desktop/water-regime-gis/outputs/imagery/sp/SP_6_2/2026-05-22/sentinel_true_color.tif
SKIP sp/SP_6_2/2026-06-06: /Users/korneev/Desktop/water-regime-gis/outputs/imagery/sp/SP_6_2/2026-06-06/sentinel_true_color.tif
SKIP sp/SP_6_2/2026-06-08: /Users/korneev/Desktop/water-regime-gis/outputs/imagery/sp/SP_6_2/2026-06-08/sentinel_true_color.tif
SKIP sp/SP_6_2/2026-06-09: /Users/korneev/Desktop/water-regime-gis/outputs/imagery/sp/SP_6_2/2026-06-09/sentinel_true_color.tif
SKIP sp/SP_6_2/2026-06-11: /Users/korneev/Desktop/water-regime-gis/outputs/imagery/sp/SP_6_2/2026-06-11/sentinel_true_color.tif
SKIP sp/SP_6_2/2026-07-14: /Users/korneev/Desktop/water-regime-gis/outputs/imagery/sp/SP_6_2/2026-07-14/sentinel_true_color.tif
SKIP sp/SP_6_2/2026-07-19: /Users/korneev/Desktop/water-regime-gis/outputs/imagery/sp/SP_6_2/2026-07-19/sentinel_true_color.tif
SKIP sp/SP_6_2/2026-07-31: /Users/korneev/Desktop/water-regime-gis/outputs/imagery/sp/SP_6_2/2026-07-31/sentinel_true_color.tif
SKIP sp/SP_6_2/2026-08-10: /Users/korneev/Desktop/water-regime-gis/outputs/imagery/sp/SP_6_2/2026-08-10/sentinel_true_color.tif
SKIP sp/SP_6_3/2026-04-22: /Users/korneev/Desktop/water-regime-gis/outputs/imagery/sp/SP_6_3/2026-04-22/sentinel_true_color.tif
SKIP sp/SP_6_3/2026-05-05: /Users/korneev/Desktop/water-regime-gis/outputs/imagery/sp/SP_6_3/2026-05-05/sentinel_true_color.tif
SKIP sp/SP_6_3/2026-05-07: /Users/korneev/Desktop/water-regime-gis/outputs/imagery/sp/SP_6_3/2026-05-07/sentinel_true_color.tif
SKIP sp/SP_6_3/2026-05-20: /Users/korneev/Desktop/water-regime-gis/outputs/imagery/sp/SP_6_3/2026-05-20/sentinel_true_color.tif
SKIP sp/SP_6_3/2026-05-22: /Users/korneev/Desktop/water-regime-gis/outputs/imagery/sp/SP_6_3/2026-05-22/sentinel_true_color.tif
SKIP sp/SP_6_3/2026-06-06: /Users/korneev/Desktop/water-regime-gis/outputs/imagery/sp/SP_6_3/2026-06-06/sentinel_true_color.tif
SKIP sp/SP_6_3/2026-06-08: /Users/korneev/Desktop/water-regime-gis/outputs/imagery/sp/SP_6_3/2026-06-08/sentinel_true_color.tif
SKIP sp/SP_6_3/2026-06-09: /Users/korneev/Desktop/water-regime-gis/outputs/imagery/sp/SP_6_3/2026-06-09/sentinel_true_color.tif
SKIP sp/SP_6_3/2026-06-11: /Users/korneev/Desktop/water-regime-gis/outputs/imagery/sp/SP_6_3/2026-06-11/sentinel_true_color.tif
SKIP sp/SP_6_3/2026-07-14: /Users/korneev/Desktop/water-regime-gis/outputs/imagery/sp/SP_6_3/2026-07-14/sentinel_true_color.tif
SKIP sp/SP_6_3/2026-07-19: /Users/korneev/Desktop/water-regime-gis/outputs/imagery/sp/SP_6_3/2026-07-19/sentinel_true_color.tif
SKIP sp/SP_6_3/2026-07-31: /Users/korneev/Desktop/water-regime-gis/outputs/imagery/sp/SP_6_3/2026-07-31/sentinel_true_color.tif
SKIP sp/SP_6_3/2026-08-10: /Users/korneev/Desktop/water-regime-gis/outputs/imagery/sp/SP_6_3/2026-08-10/sentinel_true_color.tif
SKIP sp/SP_6_4/2026-04-22: /Users/korneev/Desktop/water-regime-gis/outputs/imagery/sp/SP_6_4/2026-04-22/sentinel_true_color.tif
SKIP sp/SP_6_4/2026-05-05: /Users/korneev/Desktop/water-regime-gis/outputs/imagery/sp/SP_6_4/2026-05-05/sentinel_true_color.tif
SKIP sp/SP_6_4/2026-05-07: /Users/korneev/Desktop/water-regime-gis/outputs/imagery/sp/SP_6_4/2026-05-07/sentinel_true_color.tif
SKIP sp/SP_6_4/2026-05-20: /Users/korneev/Desktop/water-regime-gis/outputs/imagery/sp/SP_6_4/2026-05-20/sentinel_true_color.tif
SKIP sp/SP_6_4/2026-05-22: /Users/korneev/Desktop/water-regime-gis/outputs/imagery/sp/SP_6_4/2026-05-22/sentinel_true_color.tif
SKIP sp/SP_6_4/2026-06-06: /Users/korneev/Desktop/water-regime-gis/outputs/imagery/sp/SP_6_4/2026-06-06/sentinel_true_color.tif
SKIP sp/SP_6_4/2026-06-08: /Users/korneev/Desktop/water-regime-gis/outputs/imagery/sp/SP_6_4/2026-06-08/sentinel_true_color.tif
SKIP sp/SP_6_4/2026-06-09: /Users/korneev/Desktop/water-regime-gis/outputs/imagery/sp/SP_6_4/2026-06-09/sentinel_true_color.tif
SKIP sp/SP_6_4/2026-06-11: /Users/korneev/Desktop/water-regime-gis/outputs/imagery/sp/SP_6_4/2026-06-11/sentinel_true_color.tif
SKIP sp/SP_6_4/2026-07-14: /Users/korneev/Desktop/water-regime-gis/outputs/imagery/sp/SP_6_4/2026-07-14/sentinel_true_color.tif
SKIP sp/SP_6_4/2026-07-19: /Users/korneev/Desktop/water-regime-gis/outputs/imagery/sp/SP_6_4/2026-07-19/sentinel_true_color.tif
SKIP sp/SP_6_4/2026-07-31: /Users/korneev/Desktop/water-regime-gis/outputs/imagery/sp/SP_6_4/2026-07-31/sentinel_true_color.tif
SKIP sp/SP_6_4/2026-08-10: /Users/korneev/Desktop/water-regime-gis/outputs/imagery/sp/SP_6_4/2026-08-10/sentinel_true_color.tif
SKIP sp/SP_6_5/2026-04-22: /Users/korneev/Desktop/water-regime-gis/outputs/imagery/sp/SP_6_5/2026-04-22/sentinel_true_color.tif
SKIP sp/SP_6_5/2026-05-05: /Users/korneev/Desktop/water-regime-gis/outputs/imagery/sp/SP_6_5/2026-05-05/sentinel_true_color.tif
SKIP sp/SP_6_5/2026-05-07: /Users/korneev/Desktop/water-regime-gis/outputs/imagery/sp/SP_6_5/2026-05-07/sentinel_true_color.tif
SKIP sp/SP_6_5/2026-05-20: /Users/korneev/Desktop/water-regime-gis/outputs/imagery/sp/SP_6_5/2026-05-20/sentinel_true_color.tif
SKIP sp/SP_6_5/2026-05-22: /Users/korneev/Desktop/water-regime-gis/outputs/imagery/sp/SP_6_5/2026-05-22/sentinel_true_color.tif
SKIP sp/SP_6_5/2026-06-06: /Users/korneev/Desktop/water-regime-gis/outputs/imagery/sp/SP_6_5/2026-06-06/sentinel_true_color.tif
SKIP sp/SP_6_5/2026-06-08: /Users/korneev/Desktop/water-regime-gis/outputs/imagery/sp/SP_6_5/2026-06-08/sentinel_true_color.tif
SKIP sp/SP_6_5/2026-06-09: /Users/korneev/Desktop/water-regime-gis/outputs/imagery/sp/SP_6_5/2026-06-09/sentinel_true_color.tif
SKIP sp/SP_6_5/2026-06-11: /Users/korneev/Desktop/water-regime-gis/outputs/imagery/sp/SP_6_5/2026-06-11/sentinel_true_color.tif
SKIP sp/SP_6_5/2026-07-14: /Users/korneev/Desktop/water-regime-gis/outputs/imagery/sp/SP_6_5/2026-07-14/sentinel_true_color.tif
SKIP sp/SP_6_5/2026-07-19: /Users/korneev/Desktop/water-regime-gis/outputs/imagery/sp/SP_6_5/2026-07-19/sentinel_true_color.tif
SKIP sp/SP_6_5/2026-07-31: /Users/korneev/Desktop/water-regime-gis/outputs/imagery/sp/SP_6_5/2026-07-31/sentinel_true_color.tif
SKIP sp/SP_6_5/2026-08-10: /Users/korneev/Desktop/water-regime-gis/outputs/imagery/sp/SP_6_5/2026-08-10/sentinel_true_color.tif
SKIP sp/SP_6_9/2026-04-22: /Users/korneev/Desktop/water-regime-gis/outputs/imagery/sp/SP_6_9/2026-04-22/sentinel_true_color.tif
SKIP sp/SP_6_9/2026-05-05: /Users/korneev/Desktop/water-regime-gis/outputs/imagery/sp/SP_6_9/2026-05-05/sentinel_true_color.tif
SKIP sp/SP_6_9/2026-05-07: /Users/korneev/Desktop/water-regime-gis/outputs/imagery/sp/SP_6_9/2026-05-07/sentinel_true_color.tif
SKIP sp/SP_6_9/2026-05-20: /Users/korneev/Desktop/water-regime-gis/outputs/imagery/sp/SP_6_9/2026-05-20/sentinel_true_color.tif
SKIP sp/SP_6_9/2026-05-22: /Users/korneev/Desktop/water-regime-gis/outputs/imagery/sp/SP_6_9/2026-05-22/sentinel_true_color.tif
SKIP sp/SP_6_9/2026-06-06: /Users/korneev/Desktop/water-regime-gis/outputs/imagery/sp/SP_6_9/2026-06-06/sentinel_true_color.tif
SKIP sp/SP_6_9/2026-06-08: /Users/korneev/Desktop/water-regime-gis/outputs/imagery/sp/SP_6_9/2026-06-08/sentinel_true_color.tif
SKIP sp/SP_6_9/2026-06-09: /Users/korneev/Desktop/water-regime-gis/outputs/imagery/sp/SP_6_9/2026-06-09/sentinel_true_color.tif
SKIP sp/SP_6_9/2026-06-11: /Users/korneev/Desktop/water-regime-gis/outputs/imagery/sp/SP_6_9/2026-06-11/sentinel_true_color.tif
SKIP sp/SP_6_9/2026-07-14: /Users/korneev/Desktop/water-regime-gis/outputs/imagery/sp/SP_6_9/2026-07-14/sentinel_true_color.tif
SKIP sp/SP_6_9/2026-07-19: /Users/korneev/Desktop/water-regime-gis/outputs/imagery/sp/SP_6_9/2026-07-19/sentinel_true_color.tif
SKIP sp/SP_6_9/2026-07-31: /Users/korneev/Desktop/water-regime-gis/outputs/imagery/sp/SP_6_9/2026-07-31/sentinel_true_color.tif
SKIP sp/SP_6_9/2026-08-10: /Users/korneev/Desktop/water-regime-gis/outputs/imagery/sp/SP_6_9/2026-08-10/sentinel_true_color.tif
SKIP sp/SP_6_6/2026-04-22: /Users/korneev/Desktop/water-regime-gis/outputs/imagery/sp/SP_6_6/2026-04-22/sentinel_true_color.tif
SKIP sp/SP_6_6/2026-05-05: /Users/korneev/Desktop/water-regime-gis/outputs/imagery/sp/SP_6_6/2026-05-05/sentinel_true_color.tif
SKIP sp/SP_6_6/2026-05-07: /Users/korneev/Desktop/water-regime-gis/outputs/imagery/sp/SP_6_6/2026-05-07/sentinel_true_color.tif
SKIP sp/SP_6_6/2026-05-20: /Users/korneev/Desktop/water-regime-gis/outputs/imagery/sp/SP_6_6/2026-05-20/sentinel_true_color.tif
SKIP sp/SP_6_6/2026-05-22: /Users/korneev/Desktop/water-regime-gis/outputs/imagery/sp/SP_6_6/2026-05-22/sentinel_true_color.tif
SKIP sp/SP_6_6/2026-06-06: /Users/korneev/Desktop/water-regime-gis/outputs/imagery/sp/SP_6_6/2026-06-06/sentinel_true_color.tif
SKIP sp/SP_6_6/2026-06-08: /Users/korneev/Desktop/water-regime-gis/outputs/imagery/sp/SP_6_6/2026-06-08/sentinel_true_color.tif
SKIP sp/SP_6_6/2026-06-09: /Users/korneev/Desktop/water-regime-gis/outputs/imagery/sp/SP_6_6/2026-06-09/sentinel_true_color.tif
SKIP sp/SP_6_6/2026-06-11: /Users/korneev/Desktop/water-regime-gis/outputs/imagery/sp/SP_6_6/2026-06-11/sentinel_true_color.tif
SKIP sp/SP_6_6/2026-07-14: /Users/korneev/Desktop/water-regime-gis/outputs/imagery/sp/SP_6_6/2026-07-14/sentinel_true_color.tif
SKIP sp/SP_6_6/2026-07-19: /Users/korneev/Desktop/water-regime-gis/outputs/imagery/sp/SP_6_6/2026-07-19/sentinel_true_color.tif
SKIP sp/SP_6_6/2026-07-31: /Users/korneev/Desktop/water-regime-gis/outputs/imagery/sp/SP_6_6/2026-07-31/sentinel_true_color.tif
SKIP sp/SP_6_6/2026-08-10: /Users/korneev/Desktop/water-regime-gis/outputs/imagery/sp/SP_6_6/2026-08-10/sentinel_true_color.tif
SKIP sp/SP_6_7/2026-04-22: /Users/korneev/Desktop/water-regime-gis/outputs/imagery/sp/SP_6_7/2026-04-22/sentinel_true_color.tif
SKIP sp/SP_6_7/2026-05-05: /Users/korneev/Desktop/water-regime-gis/outputs/imagery/sp/SP_6_7/2026-05-05/sentinel_true_color.tif
SKIP sp/SP_6_7/2026-05-07: /Users/korneev/Desktop/water-regime-gis/outputs/imagery/sp/SP_6_7/2026-05-07/sentinel_true_color.tif
SKIP sp/SP_6_7/2026-05-20: /Users/korneev/Desktop/water-regime-gis/outputs/imagery/sp/SP_6_7/2026-05-20/sentinel_true_color.tif
SKIP sp/SP_6_7/2026-05-22: /Users/korneev/Desktop/water-regime-gis/outputs/imagery/sp/SP_6_7/2026-05-22/sentinel_true_color.tif
SKIP sp/SP_6_7/2026-06-06: /Users/korneev/Desktop/water-regime-gis/outputs/imagery/sp/SP_6_7/2026-06-06/sentinel_true_color.tif
SKIP sp/SP_6_7/2026-06-08: /Users/korneev/Desktop/water-regime-gis/outputs/imagery/sp/SP_6_7/2026-06-08/sentinel_true_color.tif
SKIP sp/SP_6_7/2026-06-09: /Users/korneev/Desktop/water-regime-gis/outputs/imagery/sp/SP_6_7/2026-06-09/sentinel_true_color.tif
SKIP sp/SP_6_7/2026-06-11: /Users/korneev/Desktop/water-regime-gis/outputs/imagery/sp/SP_6_7/2026-06-11/sentinel_true_color.tif
SKIP sp/SP_6_7/2026-07-14: /Users/korneev/Desktop/water-regime-gis/outputs/imagery/sp/SP_6_7/2026-07-14/sentinel_true_color.tif
SKIP sp/SP_6_7/2026-07-19: /Users/korneev/Desktop/water-regime-gis/outputs/imagery/sp/SP_6_7/2026-07-19/sentinel_true_color.tif
SKIP sp/SP_6_7/2026-07-31: /Users/korneev/Desktop/water-regime-gis/outputs/imagery/sp/SP_6_7/2026-07-31/sentinel_true_color.tif
SKIP sp/SP_6_7/2026-08-10: /Users/korneev/Desktop/water-regime-gis/outputs/imagery/sp/SP_6_7/2026-08-10/sentinel_true_color.tif
SKIP sp/SP_6_8/2026-04-22: /Users/korneev/Desktop/water-regime-gis/outputs/imagery/sp/SP_6_8/2026-04-22/sentinel_true_color.tif
SKIP sp/SP_6_8/2026-05-05: /Users/korneev/Desktop/water-regime-gis/outputs/imagery/sp/SP_6_8/2026-05-05/sentinel_true_color.tif
SKIP sp/SP_6_8/2026-05-07: /Users/korneev/Desktop/water-regime-gis/outputs/imagery/sp/SP_6_8/2026-05-07/sentinel_true_color.tif
SKIP sp/SP_6_8/2026-05-20: /Users/korneev/Desktop/water-regime-gis/outputs/imagery/sp/SP_6_8/2026-05-20/sentinel_true_color.tif
SKIP sp/SP_6_8/2026-05-22: /Users/korneev/Desktop/water-regime-gis/outputs/imagery/sp/SP_6_8/2026-05-22/sentinel_true_color.tif
SKIP sp/SP_6_8/2026-06-06: /Users/korneev/Desktop/water-regime-gis/outputs/imagery/sp/SP_6_8/2026-06-06/sentinel_true_color.tif
SKIP sp/SP_6_8/2026-06-08: /Users/korneev/Desktop/water-regime-gis/outputs/imagery/sp/SP_6_8/2026-06-08/sentinel_true_color.tif
SKIP sp/SP_6_8/2026-06-09: /Users/korneev/Desktop/water-regime-gis/outputs/imagery/sp/SP_6_8/2026-06-09/sentinel_true_color.tif
SKIP sp/SP_6_8/2026-06-11: /Users/korneev/Desktop/water-regime-gis/outputs/imagery/sp/SP_6_8/2026-06-11/sentinel_true_color.tif
SKIP sp/SP_6_8/2026-07-14: /Users/korneev/Desktop/water-regime-gis/outputs/imagery/sp/SP_6_8/2026-07-14/sentinel_true_color.tif
SKIP sp/SP_6_8/2026-07-19: /Users/korneev/Desktop/water-regime-gis/outputs/imagery/sp/SP_6_8/2026-07-19/sentinel_true_color.tif
SKIP sp/SP_6_8/2026-07-31: /Users/korneev/Desktop/water-regime-gis/outputs/imagery/sp/SP_6_8/2026-07-31/sentinel_true_color.tif
SKIP sp/SP_6_8/2026-08-10: /Users/korneev/Desktop/water-regime-gis/outputs/imagery/sp/SP_6_8/2026-08-10/sentinel_true_color.tif
SKIP sp/SP_6_10/2026-04-22: /Users/korneev/Desktop/water-regime-gis/outputs/imagery/sp/SP_6_10/2026-04-22/sentinel_true_color.tif
SKIP sp/SP_6_10/2026-05-05: /Users/korneev/Desktop/water-regime-gis/outputs/imagery/sp/SP_6_10/2026-05-05/sentinel_true_color.tif
SKIP sp/SP_6_10/2026-05-07: /Users/korneev/Desktop/water-regime-gis/outputs/imagery/sp/SP_6_10/2026-05-07/sentinel_true_color.tif
SKIP sp/SP_6_10/2026-05-20: /Users/korneev/Desktop/water-regime-gis/outputs/imagery/sp/SP_6_10/2026-05-20/sentinel_true_color.tif
SKIP sp/SP_6_10/2026-05-22: /Users/korneev/Desktop/water-regime-gis/outputs/imagery/sp/SP_6_10/2026-05-22/sentinel_true_color.tif
SKIP sp/SP_6_10/2026-06-06: /Users/korneev/Desktop/water-regime-gis/outputs/imagery/sp/SP_6_10/2026-06-06/sentinel_true_color.tif
SKIP sp/SP_6_10/2026-06-08: /Users/korneev/Desktop/water-regime-gis/outputs/imagery/sp/SP_6_10/2026-06-08/sentinel_true_color.tif
SKIP sp/SP_6_10/2026-06-09: /Users/korneev/Desktop/water-regime-gis/outputs/imagery/sp/SP_6_10/2026-06-09/sentinel_true_color.tif
SKIP sp/SP_6_10/2026-06-11: /Users/korneev/Desktop/water-regime-gis/outputs/imagery/sp/SP_6_10/2026-06-11/sentinel_true_color.tif
SKIP sp/SP_6_10/2026-07-14: /Users/korneev/Desktop/water-regime-gis/outputs/imagery/sp/SP_6_10/2026-07-14/sentinel_true_color.tif
SKIP sp/SP_6_10/2026-07-19: /Users/korneev/Desktop/water-regime-gis/outputs/imagery/sp/SP_6_10/2026-07-19/sentinel_true_color.tif
SKIP sp/SP_6_10/2026-07-31: /Users/korneev/Desktop/water-regime-gis/outputs/imagery/sp/SP_6_10/2026-07-31/sentinel_true_color.tif
SKIP sp/SP_6_10/2026-08-10: /Users/korneev/Desktop/water-regime-gis/outputs/imagery/sp/SP_6_10/2026-08-10/sentinel_true_color.tif
SKIP sp/SP_6_11/2026-04-22: /Users/korneev/Desktop/water-regime-gis/outputs/imagery/sp/SP_6_11/2026-04-22/sentinel_true_color.tif
SKIP sp/SP_6_11/2026-05-05: /Users/korneev/Desktop/water-regime-gis/outputs/imagery/sp/SP_6_11/2026-05-05/sentinel_true_color.tif
SKIP sp/SP_6_11/2026-05-07: /Users/korneev/Desktop/water-regime-gis/outputs/imagery/sp/SP_6_11/2026-05-07/sentinel_true_color.tif
SKIP sp/SP_6_11/2026-05-20: /Users/korneev/Desktop/water-regime-gis/outputs/imagery/sp/SP_6_11/2026-05-20/sentinel_true_color.tif
SKIP sp/SP_6_11/2026-05-22: /Users/korneev/Desktop/water-regime-gis/outputs/imagery/sp/SP_6_11/2026-05-22/sentinel_true_color.tif
SKIP sp/SP_6_11/2026-06-06: /Users/korneev/Desktop/water-regime-gis/outputs/imagery/sp/SP_6_11/2026-06-06/sentinel_true_color.tif
SKIP sp/SP_6_11/2026-06-08: /Users/korneev/Desktop/water-regime-gis/outputs/imagery/sp/SP_6_11/2026-06-08/sentinel_true_color.tif
SKIP sp/SP_6_11/2026-06-09: /Users/korneev/Desktop/water-regime-gis/outputs/imagery/sp/SP_6_11/2026-06-09/sentinel_true_color.tif
SKIP sp/SP_6_11/2026-06-11: /Users/korneev/Desktop/water-regime-gis/outputs/imagery/sp/SP_6_11/2026-06-11/sentinel_true_color.tif
SKIP sp/SP_6_11/2026-07-14: /Users/korneev/Desktop/water-regime-gis/outputs/imagery/sp/SP_6_11/2026-07-14/sentinel_true_color.tif
SKIP sp/SP_6_11/2026-07-19: /Users/korneev/Desktop/water-regime-gis/outputs/imagery/sp/SP_6_11/2026-07-19/sentinel_true_color.tif
SKIP sp/SP_6_11/2026-07-31: /Users/korneev/Desktop/water-regime-gis/outputs/imagery/sp/SP_6_11/2026-07-31/sentinel_true_color.tif
SKIP sp/SP_6_11/2026-08-10: /Users/korneev/Desktop/water-regime-gis/outputs/imagery/sp/SP_6_11/2026-08-10/sentinel_true_color.tif
SKIP sp/SP_6_12/2026-04-22: /Users/korneev/Desktop/water-regime-gis/outputs/imagery/sp/SP_6_12/2026-04-22/sentinel_true_color.tif
SKIP sp/SP_6_12/2026-05-05: /Users/korneev/Desktop/water-regime-gis/outputs/imagery/sp/SP_6_12/2026-05-05/sentinel_true_color.tif
SKIP sp/SP_6_12/2026-05-07: /Users/korneev/Desktop/water-regime-gis/outputs/imagery/sp/SP_6_12/2026-05-07/sentinel_true_color.tif
SKIP sp/SP_6_12/2026-05-20: /Users/korneev/Desktop/water-regime-gis/outputs/imagery/sp/SP_6_12/2026-05-20/sentinel_true_color.tif
SKIP sp/SP_6_12/2026-05-22: /Users/korneev/Desktop/water-regime-gis/outputs/imagery/sp/SP_6_12/2026-05-22/sentinel_true_color.tif
SKIP sp/SP_6_12/2026-06-06: /Users/korneev/Desktop/water-regime-gis/outputs/imagery/sp/SP_6_12/2026-06-06/sentinel_true_color.tif
SKIP sp/SP_6_12/2026-06-08: /Users/korneev/Desktop/water-regime-gis/outputs/imagery/sp/SP_6_12/2026-06-08/sentinel_true_color.tif
SKIP sp/SP_6_12/2026-06-09: /Users/korneev/Desktop/water-regime-gis/outputs/imagery/sp/SP_6_12/2026-06-09/sentinel_true_color.tif
SKIP sp/SP_6_12/2026-06-11: /Users/korneev/Desktop/water-regime-gis/outputs/imagery/sp/SP_6_12/2026-06-11/sentinel_true_color.tif
SKIP sp/SP_6_12/2026-07-14: /Users/korneev/Desktop/water-regime-gis/outputs/imagery/sp/SP_6_12/2026-07-14/sentinel_true_color.tif
SKIP sp/SP_6_12/2026-07-19: /Users/korneev/Desktop/water-regime-gis/outputs/imagery/sp/SP_6_12/2026-07-19/sentinel_true_color.tif
SKIP sp/SP_6_12/2026-07-31: /Users/korneev/Desktop/water-regime-gis/outputs/imagery/sp/SP_6_12/2026-07-31/sentinel_true_color.tif
SKIP sp/SP_6_12/2026-08-10: /Users/korneev/Desktop/water-regime-gis/outputs/imagery/sp/SP_6_12/2026-08-10/sentinel_true_color.tif
SKIP sp/SP_6_13/2026-04-22: /Users/korneev/Desktop/water-regime-gis/outputs/imagery/sp/SP_6_13/2026-04-22/sentinel_true_color.tif
SKIP sp/SP_6_13/2026-05-05: /Users/korneev/Desktop/water-regime-gis/outputs/imagery/sp/SP_6_13/2026-05-05/sentinel_true_color.tif
SKIP sp/SP_6_13/2026-05-07: /Users/korneev/Desktop/water-regime-gis/outputs/imagery/sp/SP_6_13/2026-05-07/sentinel_true_color.tif
SKIP sp/SP_6_13/2026-05-20: /Users/korneev/Desktop/water-regime-gis/outputs/imagery/sp/SP_6_13/2026-05-20/sentinel_true_color.tif
SKIP sp/SP_6_13/2026-05-22: /Users/korneev/Desktop/water-regime-gis/outputs/imagery/sp/SP_6_13/2026-05-22/sentinel_true_color.tif
SKIP sp/SP_6_13/2026-06-06: /Users/korneev/Desktop/water-regime-gis/outputs/imagery/sp/SP_6_13/2026-06-06/sentinel_true_color.tif
SKIP sp/SP_6_13/2026-06-08: /Users/korneev/Desktop/water-regime-gis/outputs/imagery/sp/SP_6_13/2026-06-08/sentinel_true_color.tif
SKIP sp/SP_6_13/2026-06-09: /Users/korneev/Desktop/water-regime-gis/outputs/imagery/sp/SP_6_13/2026-06-09/sentinel_true_color.tif
SKIP sp/SP_6_13/2026-06-11: /Users/korneev/Desktop/water-regime-gis/outputs/imagery/sp/SP_6_13/2026-06-11/sentinel_true_color.tif
SKIP sp/SP_6_13/2026-07-14: /Users/korneev/Desktop/water-regime-gis/outputs/imagery/sp/SP_6_13/2026-07-14/sentinel_true_color.tif
SKIP sp/SP_6_13/2026-07-19: /Users/korneev/Desktop/water-regime-gis/outputs/imagery/sp/SP_6_13/2026-07-19/sentinel_true_color.tif
SKIP sp/SP_6_13/2026-07-31: /Users/korneev/Desktop/water-regime-gis/outputs/imagery/sp/SP_6_13/2026-07-31/sentinel_true_color.tif
SKIP sp/SP_6_13/2026-08-10: /Users/korneev/Desktop/water-regime-gis/outputs/imagery/sp/SP_6_13/2026-08-10/sentinel_true_color.tif
SKIP sp/SP_6_14/2026-04-22: /Users/korneev/Desktop/water-regime-gis/outputs/imagery/sp/SP_6_14/2026-04-22/sentinel_true_color.tif
SKIP sp/SP_6_14/2026-05-05: /Users/korneev/Desktop/water-regime-gis/outputs/imagery/sp/SP_6_14/2026-05-05/sentinel_true_color.tif
SKIP sp/SP_6_14/2026-05-07: /Users/korneev/Desktop/water-regime-gis/outputs/imagery/sp/SP_6_14/2026-05-07/sentinel_true_color.tif
SKIP sp/SP_6_14/2026-05-20: /Users/korneev/Desktop/water-regime-gis/outputs/imagery/sp/SP_6_14/2026-05-20/sentinel_true_color.tif
SKIP sp/SP_6_14/2026-05-22: /Users/korneev/Desktop/water-regime-gis/outputs/imagery/sp/SP_6_14/2026-05-22/sentinel_true_color.tif
SKIP sp/SP_6_14/2026-06-06: /Users/korneev/Desktop/water-regime-gis/outputs/imagery/sp/SP_6_14/2026-06-06/sentinel_true_color.tif
SKIP sp/SP_6_14/2026-06-08: /Users/korneev/Desktop/water-regime-gis/outputs/imagery/sp/SP_6_14/2026-06-08/sentinel_true_color.tif
SKIP sp/SP_6_14/2026-06-09: /Users/korneev/Desktop/water-regime-gis/outputs/imagery/sp/SP_6_14/2026-06-09/sentinel_true_color.tif
SKIP sp/SP_6_14/2026-06-11: /Users/korneev/Desktop/water-regime-gis/outputs/imagery/sp/SP_6_14/2026-06-11/sentinel_true_color.tif
SKIP sp/SP_6_14/2026-07-14: /Users/korneev/Desktop/water-regime-gis/outputs/imagery/sp/SP_6_14/2026-07-14/sentinel_true_color.tif
SKIP sp/SP_6_14/2026-07-19: /Users/korneev/Desktop/water-regime-gis/outputs/imagery/sp/SP_6_14/2026-07-19/sentinel_true_color.tif
SKIP sp/SP_6_14/2026-07-31: /Users/korneev/Desktop/water-regime-gis/outputs/imagery/sp/SP_6_14/2026-07-31/sentinel_true_color.tif
SKIP sp/SP_6_14/2026-08-10: /Users/korneev/Desktop/water-regime-gis/outputs/imagery/sp/SP_6_14/2026-08-10/sentinel_true_color.tif
SKIP sp/SP_6_15/2026-04-22: /Users/korneev/Desktop/water-regime-gis/outputs/imagery/sp/SP_6_15/2026-04-22/sentinel_true_color.tif
SKIP sp/SP_6_15/2026-05-05: /Users/korneev/Desktop/water-regime-gis/outputs/imagery/sp/SP_6_15/2026-05-05/sentinel_true_color.tif
SKIP sp/SP_6_15/2026-05-07: /Users/korneev/Desktop/water-regime-gis/outputs/imagery/sp/SP_6_15/2026-05-07/sentinel_true_color.tif
SKIP sp/SP_6_15/2026-05-20: /Users/korneev/Desktop/water-regime-gis/outputs/imagery/sp/SP_6_15/2026-05-20/sentinel_true_color.tif
SKIP sp/SP_6_15/2026-05-22: /Users/korneev/Desktop/water-regime-gis/outputs/imagery/sp/SP_6_15/2026-05-22/sentinel_true_color.tif
SKIP sp/SP_6_15/2026-06-06: /Users/korneev/Desktop/water-regime-gis/outputs/imagery/sp/SP_6_15/2026-06-06/sentinel_true_color.tif
SKIP sp/SP_6_15/2026-06-08: /Users/korneev/Desktop/water-regime-gis/outputs/imagery/sp/SP_6_15/2026-06-08/sentinel_true_color.tif
SKIP sp/SP_6_15/2026-06-09: /Users/korneev/Desktop/water-regime-gis/outputs/imagery/sp/SP_6_15/2026-06-09/sentinel_true_color.tif
SKIP sp/SP_6_15/2026-06-11: /Users/korneev/Desktop/water-regime-gis/outputs/imagery/sp/SP_6_15/2026-06-11/sentinel_true_color.tif
SKIP sp/SP_6_15/2026-07-14: /Users/korneev/Desktop/water-regime-gis/outputs/imagery/sp/SP_6_15/2026-07-14/sentinel_true_color.tif
SKIP sp/SP_6_15/2026-07-19: /Users/korneev/Desktop/water-regime-gis/outputs/imagery/sp/SP_6_15/2026-07-19/sentinel_true_color.tif
SKIP sp/SP_6_15/2026-07-31: /Users/korneev/Desktop/water-regime-gis/outputs/imagery/sp/SP_6_15/2026-07-31/sentinel_true_color.tif
SKIP sp/SP_6_15/2026-08-10: /Users/korneev/Desktop/water-regime-gis/outputs/imagery/sp/SP_6_15/2026-08-10/sentinel_true_color.tif
SKIP sp/SP_4_8/2026-04-22: /Users/korneev/Desktop/water-regime-gis/outputs/imagery/sp/SP_4_8/2026-04-22/sentinel_true_color.tif
SKIP sp/SP_4_8/2026-05-05: /Users/korneev/Desktop/water-regime-gis/outputs/imagery/sp/SP_4_8/2026-05-05/sentinel_true_color.tif
SKIP sp/SP_4_8/2026-05-07: /Users/korneev/Desktop/water-regime-gis/outputs/imagery/sp/SP_4_8/2026-05-07/sentinel_true_color.tif
SKIP sp/SP_4_8/2026-05-17: /Users/korneev/Desktop/water-regime-gis/outputs/imagery/sp/SP_4_8/2026-05-17/sentinel_true_color.tif
SKIP sp/SP_4_8/2026-05-20: /Users/korneev/Desktop/water-regime-gis/outputs/imagery/sp/SP_4_8/2026-05-20/sentinel_true_color.tif
SKIP sp/SP_4_8/2026-05-22: /Users/korneev/Desktop/water-regime-gis/outputs/imagery/sp/SP_4_8/2026-05-22/sentinel_true_color.tif
SKIP sp/SP_4_8/2026-06-06: /Users/korneev/Desktop/water-regime-gis/outputs/imagery/sp/SP_4_8/2026-06-06/sentinel_true_color.tif
SKIP sp/SP_4_8/2026-06-08: /Users/korneev/Desktop/water-regime-gis/outputs/imagery/sp/SP_4_8/2026-06-08/sentinel_true_color.tif
SKIP sp/SP_4_8/2026-06-09: /Users/korneev/Desktop/water-regime-gis/outputs/imagery/sp/SP_4_8/2026-06-09/sentinel_true_color.tif
SKIP sp/SP_4_8/2026-06-11: /Users/korneev/Desktop/water-regime-gis/outputs/imagery/sp/SP_4_8/2026-06-11/sentinel_true_color.tif
SKIP sp/SP_4_8/2026-07-14: /Users/korneev/Desktop/water-regime-gis/outputs/imagery/sp/SP_4_8/2026-07-14/sentinel_true_color.tif
SKIP sp/SP_4_8/2026-07-19: /Users/korneev/Desktop/water-regime-gis/outputs/imagery/sp/SP_4_8/2026-07-19/sentinel_true_color.tif
SKIP sp/SP_4_8/2026-07-28: /Users/korneev/Desktop/water-regime-gis/outputs/imagery/sp/SP_4_8/2026-07-28/sentinel_true_color.tif
SKIP sp/SP_4_8/2026-07-31: /Users/korneev/Desktop/water-regime-gis/outputs/imagery/sp/SP_4_8/2026-07-31/sentinel_true_color.tif
SKIP sp/SP_4_8/2026-08-10: /Users/korneev/Desktop/water-regime-gis/outputs/imagery/sp/SP_4_8/2026-08-10/sentinel_true_color.tif
SKIP sp/SP_4_7_fid_141/2026-04-22: /Users/korneev/Desktop/water-regime-gis/outputs/imagery/sp/SP_4_7_fid_141/2026-04-22/sentinel_true_color.tif
SKIP sp/SP_4_7_fid_141/2026-05-05: /Users/korneev/Desktop/water-regime-gis/outputs/imagery/sp/SP_4_7_fid_141/2026-05-05/sentinel_true_color.tif
SKIP sp/SP_4_7_fid_141/2026-05-07: /Users/korneev/Desktop/water-regime-gis/outputs/imagery/sp/SP_4_7_fid_141/2026-05-07/sentinel_true_color.tif
SKIP sp/SP_4_7_fid_141/2026-05-17: /Users/korneev/Desktop/water-regime-gis/outputs/imagery/sp/SP_4_7_fid_141/2026-05-17/sentinel_true_color.tif
SKIP sp/SP_4_7_fid_141/2026-05-20: /Users/korneev/Desktop/water-regime-gis/outputs/imagery/sp/SP_4_7_fid_141/2026-05-20/sentinel_true_color.tif
SKIP sp/SP_4_7_fid_141/2026-05-22: /Users/korneev/Desktop/water-regime-gis/outputs/imagery/sp/SP_4_7_fid_141/2026-05-22/sentinel_true_color.tif
SKIP sp/SP_4_7_fid_141/2026-06-06: /Users/korneev/Desktop/water-regime-gis/outputs/imagery/sp/SP_4_7_fid_141/2026-06-06/sentinel_true_color.tif
SKIP sp/SP_4_7_fid_141/2026-06-08: /Users/korneev/Desktop/water-regime-gis/outputs/imagery/sp/SP_4_7_fid_141/2026-06-08/sentinel_true_color.tif
SKIP sp/SP_4_7_fid_141/2026-06-09: /Users/korneev/Desktop/water-regime-gis/outputs/imagery/sp/SP_4_7_fid_141/2026-06-09/sentinel_true_color.tif
SKIP sp/SP_4_7_fid_141/2026-06-11: /Users/korneev/Desktop/water-regime-gis/outputs/imagery/sp/SP_4_7_fid_141/2026-06-11/sentinel_true_color.tif
SKIP sp/SP_4_7_fid_141/2026-07-14: /Users/korneev/Desktop/water-regime-gis/outputs/imagery/sp/SP_4_7_fid_141/2026-07-14/sentinel_true_color.tif
SKIP sp/SP_4_7_fid_141/2026-07-19: /Users/korneev/Desktop/water-regime-gis/outputs/imagery/sp/SP_4_7_fid_141/2026-07-19/sentinel_true_color.tif
SKIP sp/SP_4_7_fid_141/2026-07-28: /Users/korneev/Desktop/water-regime-gis/outputs/imagery/sp/SP_4_7_fid_141/2026-07-28/sentinel_true_color.tif
SKIP sp/SP_4_7_fid_141/2026-07-31: /Users/korneev/Desktop/water-regime-gis/outputs/imagery/sp/SP_4_7_fid_141/2026-07-31/sentinel_true_color.tif
SKIP sp/SP_4_7_fid_141/2026-08-10: /Users/korneev/Desktop/water-regime-gis/outputs/imagery/sp/SP_4_7_fid_141/2026-08-10/sentinel_true_color.tif
SKIP sp/SP_4_10/2026-04-22: /Users/korneev/Desktop/water-regime-gis/outputs/imagery/sp/SP_4_10/2026-04-22/sentinel_true_color.tif
SKIP sp/SP_4_10/2026-05-05: /Users/korneev/Desktop/water-regime-gis/outputs/imagery/sp/SP_4_10/2026-05-05/sentinel_true_color.tif
SKIP sp/SP_4_10/2026-05-07: /Users/korneev/Desktop/water-regime-gis/outputs/imagery/sp/SP_4_10/2026-05-07/sentinel_true_color.tif
SKIP sp/SP_4_10/2026-05-17: /Users/korneev/Desktop/water-regime-gis/outputs/imagery/sp/SP_4_10/2026-05-17/sentinel_true_color.tif
SKIP sp/SP_4_10/2026-05-20: /Users/korneev/Desktop/water-regime-gis/outputs/imagery/sp/SP_4_10/2026-05-20/sentinel_true_color.tif
SKIP sp/SP_4_10/2026-05-22: /Users/korneev/Desktop/water-regime-gis/outputs/imagery/sp/SP_4_10/2026-05-22/sentinel_true_color.tif
SKIP sp/SP_4_10/2026-06-06: /Users/korneev/Desktop/water-regime-gis/outputs/imagery/sp/SP_4_10/2026-06-06/sentinel_true_color.tif
SKIP sp/SP_4_10/2026-06-08: /Users/korneev/Desktop/water-regime-gis/outputs/imagery/sp/SP_4_10/2026-06-08/sentinel_true_color.tif
SKIP sp/SP_4_10/2026-06-09: /Users/korneev/Desktop/water-regime-gis/outputs/imagery/sp/SP_4_10/2026-06-09/sentinel_true_color.tif
SKIP sp/SP_4_10/2026-06-11: /Users/korneev/Desktop/water-regime-gis/outputs/imagery/sp/SP_4_10/2026-06-11/sentinel_true_color.tif
SKIP sp/SP_4_10/2026-07-14: /Users/korneev/Desktop/water-regime-gis/outputs/imagery/sp/SP_4_10/2026-07-14/sentinel_true_color.tif
SKIP sp/SP_4_10/2026-07-19: /Users/korneev/Desktop/water-regime-gis/outputs/imagery/sp/SP_4_10/2026-07-19/sentinel_true_color.tif
SKIP sp/SP_4_10/2026-07-28: /Users/korneev/Desktop/water-regime-gis/outputs/imagery/sp/SP_4_10/2026-07-28/sentinel_true_color.tif
SKIP sp/SP_4_10/2026-07-31: /Users/korneev/Desktop/water-regime-gis/outputs/imagery/sp/SP_4_10/2026-07-31/sentinel_true_color.tif
SKIP sp/SP_4_10/2026-08-10: /Users/korneev/Desktop/water-regime-gis/outputs/imagery/sp/SP_4_10/2026-08-10/sentinel_true_color.tif
SKIP sp/SP_4_11/2026-04-22: /Users/korneev/Desktop/water-regime-gis/outputs/imagery/sp/SP_4_11/2026-04-22/sentinel_true_color.tif
SKIP sp/SP_4_11/2026-05-05: /Users/korneev/Desktop/water-regime-gis/outputs/imagery/sp/SP_4_11/2026-05-05/sentinel_true_color.tif
SKIP sp/SP_4_11/2026-05-07: /Users/korneev/Desktop/water-regime-gis/outputs/imagery/sp/SP_4_11/2026-05-07/sentinel_true_color.tif
SKIP sp/SP_4_11/2026-05-17: /Users/korneev/Desktop/water-regime-gis/outputs/imagery/sp/SP_4_11/2026-05-17/sentinel_true_color.tif
SKIP sp/SP_4_11/2026-05-20: /Users/korneev/Desktop/water-regime-gis/outputs/imagery/sp/SP_4_11/2026-05-20/sentinel_true_color.tif
SKIP sp/SP_4_11/2026-05-22: /Users/korneev/Desktop/water-regime-gis/outputs/imagery/sp/SP_4_11/2026-05-22/sentinel_true_color.tif
SKIP sp/SP_4_11/2026-06-06: /Users/korneev/Desktop/water-regime-gis/outputs/imagery/sp/SP_4_11/2026-06-06/sentinel_true_color.tif
SKIP sp/SP_4_11/2026-06-08: /Users/korneev/Desktop/water-regime-gis/outputs/imagery/sp/SP_4_11/2026-06-08/sentinel_true_color.tif
SKIP sp/SP_4_11/2026-06-09: /Users/korneev/Desktop/water-regime-gis/outputs/imagery/sp/SP_4_11/2026-06-09/sentinel_true_color.tif
SKIP sp/SP_4_11/2026-06-11: /Users/korneev/Desktop/water-regime-gis/outputs/imagery/sp/SP_4_11/2026-06-11/sentinel_true_color.tif
SKIP sp/SP_4_11/2026-07-14: /Users/korneev/Desktop/water-regime-gis/outputs/imagery/sp/SP_4_11/2026-07-14/sentinel_true_color.tif
SKIP sp/SP_4_11/2026-07-19: /Users/korneev/Desktop/water-regime-gis/outputs/imagery/sp/SP_4_11/2026-07-19/sentinel_true_color.tif
SKIP sp/SP_4_11/2026-07-28: /Users/korneev/Desktop/water-regime-gis/outputs/imagery/sp/SP_4_11/2026-07-28/sentinel_true_color.tif
SKIP sp/SP_4_11/2026-07-31: /Users/korneev/Desktop/water-regime-gis/outputs/imagery/sp/SP_4_11/2026-07-31/sentinel_true_color.tif
SKIP sp/SP_4_11/2026-08-10: /Users/korneev/Desktop/water-regime-gis/outputs/imagery/sp/SP_4_11/2026-08-10/sentinel_true_color.tif
SKIP sp/SP_4_12/2026-04-22: /Users/korneev/Desktop/water-regime-gis/outputs/imagery/sp/SP_4_12/2026-04-22/sentinel_true_color.tif
SKIP sp/SP_4_12/2026-05-05: /Users/korneev/Desktop/water-regime-gis/outputs/imagery/sp/SP_4_12/2026-05-05/sentinel_true_color.tif
OK sp/SP_4_12/2026-05-07: /Users/korneev/Desktop/water-regime-gis/outputs/imagery/sp/SP_4_12/2026-05-07/sentinel_true_color.tif
SKIP sp/SP_4_12/2026-05-17: /Users/korneev/Desktop/water-regime-gis/outputs/imagery/sp/SP_4_12/2026-05-17/sentinel_true_color.tif
SKIP sp/SP_4_12/2026-05-20: /Users/korneev/Desktop/water-regime-gis/outputs/imagery/sp/SP_4_12/2026-05-20/sentinel_true_color.tif
SKIP sp/SP_4_12/2026-05-22: /Users/korneev/Desktop/water-regime-gis/outputs/imagery/sp/SP_4_12/2026-05-22/sentinel_true_color.tif
SKIP sp/SP_4_12/2026-06-06: /Users/korneev/Desktop/water-regime-gis/outputs/imagery/sp/SP_4_12/2026-06-06/sentinel_true_color.tif
SKIP sp/SP_4_12/2026-06-08: /Users/korneev/Desktop/water-regime-gis/outputs/imagery/sp/SP_4_12/2026-06-08/sentinel_true_color.tif
SKIP sp/SP_4_12/2026-06-09: /Users/korneev/Desktop/water-regime-gis/outputs/imagery/sp/SP_4_12/2026-06-09/sentinel_true_color.tif
SKIP sp/SP_4_12/2026-06-11: /Users/korneev/Desktop/water-regime-gis/outputs/imagery/sp/SP_4_12/2026-06-11/sentinel_true_color.tif
SKIP sp/SP_4_12/2026-07-14: /Users/korneev/Desktop/water-regime-gis/outputs/imagery/sp/SP_4_12/2026-07-14/sentinel_true_color.tif
SKIP sp/SP_4_12/2026-07-19: /Users/korneev/Desktop/water-regime-gis/outputs/imagery/sp/SP_4_12/2026-07-19/sentinel_true_color.tif
SKIP sp/SP_4_12/2026-07-28: /Users/korneev/Desktop/water-regime-gis/outputs/imagery/sp/SP_4_12/2026-07-28/sentinel_true_color.tif
SKIP sp/SP_4_12/2026-07-31: /Users/korneev/Desktop/water-regime-gis/outputs/imagery/sp/SP_4_12/2026-07-31/sentinel_true_color.tif
SKIP sp/SP_4_12/2026-08-10: /Users/korneev/Desktop/water-regime-gis/outputs/imagery/sp/SP_4_12/2026-08-10/sentinel_true_color.tif
SKIP sp/SP_4_13/2026-04-22: /Users/korneev/Desktop/water-regime-gis/outputs/imagery/sp/SP_4_13/2026-04-22/sentinel_true_color.tif
SKIP sp/SP_4_13/2026-05-05: /Users/korneev/Desktop/water-regime-gis/outputs/imagery/sp/SP_4_13/2026-05-05/sentinel_true_color.tif
SKIP sp/SP_4_13/2026-05-07: /Users/korneev/Desktop/water-regime-gis/outputs/imagery/sp/SP_4_13/2026-05-07/sentinel_true_color.tif
SKIP sp/SP_4_13/2026-05-17: /Users/korneev/Desktop/water-regime-gis/outputs/imagery/sp/SP_4_13/2026-05-17/sentinel_true_color.tif
SKIP sp/SP_4_13/2026-05-20: /Users/korneev/Desktop/water-regime-gis/outputs/imagery/sp/SP_4_13/2026-05-20/sentinel_true_color.tif
SKIP sp/SP_4_13/2026-05-22: /Users/korneev/Desktop/water-regime-gis/outputs/imagery/sp/SP_4_13/2026-05-22/sentinel_true_color.tif
SKIP sp/SP_4_13/2026-06-06: /Users/korneev/Desktop/water-regime-gis/outputs/imagery/sp/SP_4_13/2026-06-06/sentinel_true_color.tif
SKIP sp/SP_4_13/2026-06-08: /Users/korneev/Desktop/water-regime-gis/outputs/imagery/sp/SP_4_13/2026-06-08/sentinel_true_color.tif
SKIP sp/SP_4_13/2026-06-09: /Users/korneev/Desktop/water-regime-gis/outputs/imagery/sp/SP_4_13/2026-06-09/sentinel_true_color.tif
SKIP sp/SP_4_13/2026-06-11: /Users/korneev/Desktop/water-regime-gis/outputs/imagery/sp/SP_4_13/2026-06-11/sentinel_true_color.tif
SKIP sp/SP_4_13/2026-07-14: /Users/korneev/Desktop/water-regime-gis/outputs/imagery/sp/SP_4_13/2026-07-14/sentinel_true_color.tif
SKIP sp/SP_4_13/2026-07-19: /Users/korneev/Desktop/water-regime-gis/outputs/imagery/sp/SP_4_13/2026-07-19/sentinel_true_color.tif
SKIP sp/SP_4_13/2026-07-28: /Users/korneev/Desktop/water-regime-gis/outputs/imagery/sp/SP_4_13/2026-07-28/sentinel_true_color.tif
SKIP sp/SP_4_13/2026-07-31: /Users/korneev/Desktop/water-regime-gis/outputs/imagery/sp/SP_4_13/2026-07-31/sentinel_true_color.tif
SKIP sp/SP_4_13/2026-08-10: /Users/korneev/Desktop/water-regime-gis/outputs/imagery/sp/SP_4_13/2026-08-10/sentinel_true_color.tif
SKIP sp/SP_4_14/2026-04-22: /Users/korneev/Desktop/water-regime-gis/outputs/imagery/sp/SP_4_14/2026-04-22/sentinel_true_color.tif
SKIP sp/SP_4_14/2026-05-05: /Users/korneev/Desktop/water-regime-gis/outputs/imagery/sp/SP_4_14/2026-05-05/sentinel_true_color.tif
SKIP sp/SP_4_14/2026-05-07: /Users/korneev/Desktop/water-regime-gis/outputs/imagery/sp/SP_4_14/2026-05-07/sentinel_true_color.tif
SKIP sp/SP_4_14/2026-05-17: /Users/korneev/Desktop/water-regime-gis/outputs/imagery/sp/SP_4_14/2026-05-17/sentinel_true_color.tif
SKIP sp/SP_4_14/2026-05-20: /Users/korneev/Desktop/water-regime-gis/outputs/imagery/sp/SP_4_14/2026-05-20/sentinel_true_color.tif
SKIP sp/SP_4_14/2026-05-22: /Users/korneev/Desktop/water-regime-gis/outputs/imagery/sp/SP_4_14/2026-05-22/sentinel_true_color.tif
SKIP sp/SP_4_14/2026-06-06: /Users/korneev/Desktop/water-regime-gis/outputs/imagery/sp/SP_4_14/2026-06-06/sentinel_true_color.tif
SKIP sp/SP_4_14/2026-06-08: /Users/korneev/Desktop/water-regime-gis/outputs/imagery/sp/SP_4_14/2026-06-08/sentinel_true_color.tif
SKIP sp/SP_4_14/2026-06-09: /Users/korneev/Desktop/water-regime-gis/outputs/imagery/sp/SP_4_14/2026-06-09/sentinel_true_color.tif
SKIP sp/SP_4_14/2026-06-11: /Users/korneev/Desktop/water-regime-gis/outputs/imagery/sp/SP_4_14/2026-06-11/sentinel_true_color.tif
SKIP sp/SP_4_14/2026-07-14: /Users/korneev/Desktop/water-regime-gis/outputs/imagery/sp/SP_4_14/2026-07-14/sentinel_true_color.tif
SKIP sp/SP_4_14/2026-07-19: /Users/korneev/Desktop/water-regime-gis/outputs/imagery/sp/SP_4_14/2026-07-19/sentinel_true_color.tif
SKIP sp/SP_4_14/2026-07-28: /Users/korneev/Desktop/water-regime-gis/outputs/imagery/sp/SP_4_14/2026-07-28/sentinel_true_color.tif
SKIP sp/SP_4_14/2026-07-31: /Users/korneev/Desktop/water-regime-gis/outputs/imagery/sp/SP_4_14/2026-07-31/sentinel_true_color.tif
SKIP sp/SP_4_14/2026-08-10: /Users/korneev/Desktop/water-regime-gis/outputs/imagery/sp/SP_4_14/2026-08-10/sentinel_true_color.tif
SKIP sp/SP_4_15/2026-04-22: /Users/korneev/Desktop/water-regime-gis/outputs/imagery/sp/SP_4_15/2026-04-22/sentinel_true_color.tif
SKIP sp/SP_4_15/2026-05-05: /Users/korneev/Desktop/water-regime-gis/outputs/imagery/sp/SP_4_15/2026-05-05/sentinel_true_color.tif
SKIP sp/SP_4_15/2026-05-07: /Users/korneev/Desktop/water-regime-gis/outputs/imagery/sp/SP_4_15/2026-05-07/sentinel_true_color.tif
SKIP sp/SP_4_15/2026-05-17: /Users/korneev/Desktop/water-regime-gis/outputs/imagery/sp/SP_4_15/2026-05-17/sentinel_true_color.tif
SKIP sp/SP_4_15/2026-05-20: /Users/korneev/Desktop/water-regime-gis/outputs/imagery/sp/SP_4_15/2026-05-20/sentinel_true_color.tif
SKIP sp/SP_4_15/2026-05-22: /Users/korneev/Desktop/water-regime-gis/outputs/imagery/sp/SP_4_15/2026-05-22/sentinel_true_color.tif
SKIP sp/SP_4_15/2026-06-06: /Users/korneev/Desktop/water-regime-gis/outputs/imagery/sp/SP_4_15/2026-06-06/sentinel_true_color.tif
SKIP sp/SP_4_15/2026-06-08: /Users/korneev/Desktop/water-regime-gis/outputs/imagery/sp/SP_4_15/2026-06-08/sentinel_true_color.tif
SKIP sp/SP_4_15/2026-06-09: /Users/korneev/Desktop/water-regime-gis/outputs/imagery/sp/SP_4_15/2026-06-09/sentinel_true_color.tif
SKIP sp/SP_4_15/2026-06-11: /Users/korneev/Desktop/water-regime-gis/outputs/imagery/sp/SP_4_15/2026-06-11/sentinel_true_color.tif
SKIP sp/SP_4_15/2026-07-14: /Users/korneev/Desktop/water-regime-gis/outputs/imagery/sp/SP_4_15/2026-07-14/sentinel_true_color.tif
SKIP sp/SP_4_15/2026-07-19: /Users/korneev/Desktop/water-regime-gis/outputs/imagery/sp/SP_4_15/2026-07-19/sentinel_true_color.tif
SKIP sp/SP_4_15/2026-07-28: /Users/korneev/Desktop/water-regime-gis/outputs/imagery/sp/SP_4_15/2026-07-28/sentinel_true_color.tif
SKIP sp/SP_4_15/2026-07-31: /Users/korneev/Desktop/water-regime-gis/outputs/imagery/sp/SP_4_15/2026-07-31/sentinel_true_color.tif
SKIP sp/SP_4_15/2026-08-10: /Users/korneev/Desktop/water-regime-gis/outputs/imagery/sp/SP_4_15/2026-08-10/sentinel_true_color.tif
SKIP sp/SP_4_16/2026-04-22: /Users/korneev/Desktop/water-regime-gis/outputs/imagery/sp/SP_4_16/2026-04-22/sentinel_true_color.tif
SKIP sp/SP_4_16/2026-05-05: /Users/korneev/Desktop/water-regime-gis/outputs/imagery/sp/SP_4_16/2026-05-05/sentinel_true_color.tif
SKIP sp/SP_4_16/2026-05-07: /Users/korneev/Desktop/water-regime-gis/outputs/imagery/sp/SP_4_16/2026-05-07/sentinel_true_color.tif
SKIP sp/SP_4_16/2026-05-17: /Users/korneev/Desktop/water-regime-gis/outputs/imagery/sp/SP_4_16/2026-05-17/sentinel_true_color.tif
SKIP sp/SP_4_16/2026-05-20: /Users/korneev/Desktop/water-regime-gis/outputs/imagery/sp/SP_4_16/2026-05-20/sentinel_true_color.tif
SKIP sp/SP_4_16/2026-05-22: /Users/korneev/Desktop/water-regime-gis/outputs/imagery/sp/SP_4_16/2026-05-22/sentinel_true_color.tif
SKIP sp/SP_4_16/2026-06-06: /Users/korneev/Desktop/water-regime-gis/outputs/imagery/sp/SP_4_16/2026-06-06/sentinel_true_color.tif
SKIP sp/SP_4_16/2026-06-08: /Users/korneev/Desktop/water-regime-gis/outputs/imagery/sp/SP_4_16/2026-06-08/sentinel_true_color.tif
SKIP sp/SP_4_16/2026-06-09: /Users/korneev/Desktop/water-regime-gis/outputs/imagery/sp/SP_4_16/2026-06-09/sentinel_true_color.tif
SKIP sp/SP_4_16/2026-06-11: /Users/korneev/Desktop/water-regime-gis/outputs/imagery/sp/SP_4_16/2026-06-11/sentinel_true_color.tif
SKIP sp/SP_4_16/2026-07-14: /Users/korneev/Desktop/water-regime-gis/outputs/imagery/sp/SP_4_16/2026-07-14/sentinel_true_color.tif
SKIP sp/SP_4_16/2026-07-19: /Users/korneev/Desktop/water-regime-gis/outputs/imagery/sp/SP_4_16/2026-07-19/sentinel_true_color.tif
SKIP sp/SP_4_16/2026-07-28: /Users/korneev/Desktop/water-regime-gis/outputs/imagery/sp/SP_4_16/2026-07-28/sentinel_true_color.tif
SKIP sp/SP_4_16/2026-07-31: /Users/korneev/Desktop/water-regime-gis/outputs/imagery/sp/SP_4_16/2026-07-31/sentinel_true_color.tif
SKIP sp/SP_4_16/2026-08-10: /Users/korneev/Desktop/water-regime-gis/outputs/imagery/sp/SP_4_16/2026-08-10/sentinel_true_color.tif
SKIP sp/SP_1_7/2026-04-22: /Users/korneev/Desktop/water-regime-gis/outputs/imagery/sp/SP_1_7/2026-04-22/sentinel_true_color.tif
SKIP sp/SP_1_7/2026-05-05: /Users/korneev/Desktop/water-regime-gis/outputs/imagery/sp/SP_1_7/2026-05-05/sentinel_true_color.tif
SKIP sp/SP_1_7/2026-05-07: /Users/korneev/Desktop/water-regime-gis/outputs/imagery/sp/SP_1_7/2026-05-07/sentinel_true_color.tif
SKIP sp/SP_1_7/2026-05-17: /Users/korneev/Desktop/water-regime-gis/outputs/imagery/sp/SP_1_7/2026-05-17/sentinel_true_color.tif
SKIP sp/SP_1_7/2026-05-20: /Users/korneev/Desktop/water-regime-gis/outputs/imagery/sp/SP_1_7/2026-05-20/sentinel_true_color.tif
SKIP sp/SP_1_7/2026-05-22: /Users/korneev/Desktop/water-regime-gis/outputs/imagery/sp/SP_1_7/2026-05-22/sentinel_true_color.tif
SKIP sp/SP_1_7/2026-06-06: /Users/korneev/Desktop/water-regime-gis/outputs/imagery/sp/SP_1_7/2026-06-06/sentinel_true_color.tif
SKIP sp/SP_1_7/2026-06-08: /Users/korneev/Desktop/water-regime-gis/outputs/imagery/sp/SP_1_7/2026-06-08/sentinel_true_color.tif
SKIP sp/SP_1_7/2026-06-11: /Users/korneev/Desktop/water-regime-gis/outputs/imagery/sp/SP_1_7/2026-06-11/sentinel_true_color.tif
SKIP sp/SP_1_7/2026-07-19: /Users/korneev/Desktop/water-regime-gis/outputs/imagery/sp/SP_1_7/2026-07-19/sentinel_true_color.tif
SKIP sp/SP_1_7/2026-07-28: /Users/korneev/Desktop/water-regime-gis/outputs/imagery/sp/SP_1_7/2026-07-28/sentinel_true_color.tif
SKIP sp/SP_1_7/2026-08-10: /Users/korneev/Desktop/water-regime-gis/outputs/imagery/sp/SP_1_7/2026-08-10/sentinel_true_color.tif
SKIP sp/SP_1_9/2026-04-22: /Users/korneev/Desktop/water-regime-gis/outputs/imagery/sp/SP_1_9/2026-04-22/sentinel_true_color.tif
SKIP sp/SP_1_9/2026-05-05: /Users/korneev/Desktop/water-regime-gis/outputs/imagery/sp/SP_1_9/2026-05-05/sentinel_true_color.tif
SKIP sp/SP_1_9/2026-05-07: /Users/korneev/Desktop/water-regime-gis/outputs/imagery/sp/SP_1_9/2026-05-07/sentinel_true_color.tif
SKIP sp/SP_1_9/2026-05-17: /Users/korneev/Desktop/water-regime-gis/outputs/imagery/sp/SP_1_9/2026-05-17/sentinel_true_color.tif
SKIP sp/SP_1_9/2026-05-20: /Users/korneev/Desktop/water-regime-gis/outputs/imagery/sp/SP_1_9/2026-05-20/sentinel_true_color.tif
SKIP sp/SP_1_9/2026-05-22: /Users/korneev/Desktop/water-regime-gis/outputs/imagery/sp/SP_1_9/2026-05-22/sentinel_true_color.tif
SKIP sp/SP_1_9/2026-06-06: /Users/korneev/Desktop/water-regime-gis/outputs/imagery/sp/SP_1_9/2026-06-06/sentinel_true_color.tif
SKIP sp/SP_1_9/2026-06-11: /Users/korneev/Desktop/water-regime-gis/outputs/imagery/sp/SP_1_9/2026-06-11/sentinel_true_color.tif
SKIP sp/SP_1_9/2026-07-19: /Users/korneev/Desktop/water-regime-gis/outputs/imagery/sp/SP_1_9/2026-07-19/sentinel_true_color.tif
SKIP sp/SP_1_9/2026-08-10: /Users/korneev/Desktop/water-regime-gis/outputs/imagery/sp/SP_1_9/2026-08-10/sentinel_true_color.tif
SKIP sp/SP_1_8/2026-04-22: /Users/korneev/Desktop/water-regime-gis/outputs/imagery/sp/SP_1_8/2026-04-22/sentinel_true_color.tif
SKIP sp/SP_1_8/2026-05-05: /Users/korneev/Desktop/water-regime-gis/outputs/imagery/sp/SP_1_8/2026-05-05/sentinel_true_color.tif
SKIP sp/SP_1_8/2026-05-07: /Users/korneev/Desktop/water-regime-gis/outputs/imagery/sp/SP_1_8/2026-05-07/sentinel_true_color.tif
SKIP sp/SP_1_8/2026-05-17: /Users/korneev/Desktop/water-regime-gis/outputs/imagery/sp/SP_1_8/2026-05-17/sentinel_true_color.tif
SKIP sp/SP_1_8/2026-05-20: /Users/korneev/Desktop/water-regime-gis/outputs/imagery/sp/SP_1_8/2026-05-20/sentinel_true_color.tif
SKIP sp/SP_1_8/2026-05-22: /Users/korneev/Desktop/water-regime-gis/outputs/imagery/sp/SP_1_8/2026-05-22/sentinel_true_color.tif
SKIP sp/SP_1_8/2026-06-06: /Users/korneev/Desktop/water-regime-gis/outputs/imagery/sp/SP_1_8/2026-06-06/sentinel_true_color.tif
SKIP sp/SP_1_8/2026-06-08: /Users/korneev/Desktop/water-regime-gis/outputs/imagery/sp/SP_1_8/2026-06-08/sentinel_true_color.tif
SKIP sp/SP_1_8/2026-06-11: /Users/korneev/Desktop/water-regime-gis/outputs/imagery/sp/SP_1_8/2026-06-11/sentinel_true_color.tif
SKIP sp/SP_1_8/2026-07-19: /Users/korneev/Desktop/water-regime-gis/outputs/imagery/sp/SP_1_8/2026-07-19/sentinel_true_color.tif
SKIP sp/SP_1_8/2026-07-28: /Users/korneev/Desktop/water-regime-gis/outputs/imagery/sp/SP_1_8/2026-07-28/sentinel_true_color.tif
SKIP sp/SP_1_8/2026-08-10: /Users/korneev/Desktop/water-regime-gis/outputs/imagery/sp/SP_1_8/2026-08-10/sentinel_true_color.tif
SKIP sp/SP_2_1/2026-04-22: /Users/korneev/Desktop/water-regime-gis/outputs/imagery/sp/SP_2_1/2026-04-22/sentinel_true_color.tif
SKIP sp/SP_2_1/2026-05-05: /Users/korneev/Desktop/water-regime-gis/outputs/imagery/sp/SP_2_1/2026-05-05/sentinel_true_color.tif
SKIP sp/SP_2_1/2026-05-07: /Users/korneev/Desktop/water-regime-gis/outputs/imagery/sp/SP_2_1/2026-05-07/sentinel_true_color.tif
SKIP sp/SP_2_1/2026-05-17: /Users/korneev/Desktop/water-regime-gis/outputs/imagery/sp/SP_2_1/2026-05-17/sentinel_true_color.tif
SKIP sp/SP_2_1/2026-05-20: /Users/korneev/Desktop/water-regime-gis/outputs/imagery/sp/SP_2_1/2026-05-20/sentinel_true_color.tif
SKIP sp/SP_2_1/2026-05-22: /Users/korneev/Desktop/water-regime-gis/outputs/imagery/sp/SP_2_1/2026-05-22/sentinel_true_color.tif
SKIP sp/SP_2_1/2026-06-09: /Users/korneev/Desktop/water-regime-gis/outputs/imagery/sp/SP_2_1/2026-06-09/sentinel_true_color.tif
SKIP sp/SP_2_1/2026-06-11: /Users/korneev/Desktop/water-regime-gis/outputs/imagery/sp/SP_2_1/2026-06-11/sentinel_true_color.tif
SKIP sp/SP_2_1/2026-07-14: /Users/korneev/Desktop/water-regime-gis/outputs/imagery/sp/SP_2_1/2026-07-14/sentinel_true_color.tif
SKIP sp/SP_2_1/2026-07-19: /Users/korneev/Desktop/water-regime-gis/outputs/imagery/sp/SP_2_1/2026-07-19/sentinel_true_color.tif
SKIP sp/SP_2_1/2026-07-31: /Users/korneev/Desktop/water-regime-gis/outputs/imagery/sp/SP_2_1/2026-07-31/sentinel_true_color.tif
SKIP sp/SP_2_1/2026-08-10: /Users/korneev/Desktop/water-regime-gis/outputs/imagery/sp/SP_2_1/2026-08-10/sentinel_true_color.tif
SKIP sp/SP_2_3/2026-04-22: /Users/korneev/Desktop/water-regime-gis/outputs/imagery/sp/SP_2_3/2026-04-22/sentinel_true_color.tif
SKIP sp/SP_2_3/2026-05-05: /Users/korneev/Desktop/water-regime-gis/outputs/imagery/sp/SP_2_3/2026-05-05/sentinel_true_color.tif
SKIP sp/SP_2_3/2026-05-20: /Users/korneev/Desktop/water-regime-gis/outputs/imagery/sp/SP_2_3/2026-05-20/sentinel_true_color.tif
SKIP sp/SP_2_3/2026-05-22: /Users/korneev/Desktop/water-regime-gis/outputs/imagery/sp/SP_2_3/2026-05-22/sentinel_true_color.tif
SKIP sp/SP_2_3/2026-06-09: /Users/korneev/Desktop/water-regime-gis/outputs/imagery/sp/SP_2_3/2026-06-09/sentinel_true_color.tif
SKIP sp/SP_2_3/2026-06-11: /Users/korneev/Desktop/water-regime-gis/outputs/imagery/sp/SP_2_3/2026-06-11/sentinel_true_color.tif
SKIP sp/SP_2_3/2026-07-14: /Users/korneev/Desktop/water-regime-gis/outputs/imagery/sp/SP_2_3/2026-07-14/sentinel_true_color.tif
SKIP sp/SP_2_3/2026-07-19: /Users/korneev/Desktop/water-regime-gis/outputs/imagery/sp/SP_2_3/2026-07-19/sentinel_true_color.tif
SKIP sp/SP_2_3/2026-07-31: /Users/korneev/Desktop/water-regime-gis/outputs/imagery/sp/SP_2_3/2026-07-31/sentinel_true_color.tif
SKIP sp/SP_2_3/2026-08-10: /Users/korneev/Desktop/water-regime-gis/outputs/imagery/sp/SP_2_3/2026-08-10/sentinel_true_color.tif
SKIP sp/SP_2_2/2026-04-22: /Users/korneev/Desktop/water-regime-gis/outputs/imagery/sp/SP_2_2/2026-04-22/sentinel_true_color.tif
SKIP sp/SP_2_2/2026-05-05: /Users/korneev/Desktop/water-regime-gis/outputs/imagery/sp/SP_2_2/2026-05-05/sentinel_true_color.tif
SKIP sp/SP_2_2/2026-05-07: /Users/korneev/Desktop/water-regime-gis/outputs/imagery/sp/SP_2_2/2026-05-07/sentinel_true_color.tif
SKIP sp/SP_2_2/2026-05-20: /Users/korneev/Desktop/water-regime-gis/outputs/imagery/sp/SP_2_2/2026-05-20/sentinel_true_color.tif
SKIP sp/SP_2_2/2026-05-22: /Users/korneev/Desktop/water-regime-gis/outputs/imagery/sp/SP_2_2/2026-05-22/sentinel_true_color.tif
SKIP sp/SP_2_2/2026-06-09: /Users/korneev/Desktop/water-regime-gis/outputs/imagery/sp/SP_2_2/2026-06-09/sentinel_true_color.tif
SKIP sp/SP_2_2/2026-06-11: /Users/korneev/Desktop/water-regime-gis/outputs/imagery/sp/SP_2_2/2026-06-11/sentinel_true_color.tif
SKIP sp/SP_2_2/2026-07-14: /Users/korneev/Desktop/water-regime-gis/outputs/imagery/sp/SP_2_2/2026-07-14/sentinel_true_color.tif
SKIP sp/SP_2_2/2026-07-19: /Users/korneev/Desktop/water-regime-gis/outputs/imagery/sp/SP_2_2/2026-07-19/sentinel_true_color.tif
SKIP sp/SP_2_2/2026-07-31: /Users/korneev/Desktop/water-regime-gis/outputs/imagery/sp/SP_2_2/2026-07-31/sentinel_true_color.tif
SKIP sp/SP_2_2/2026-08-10: /Users/korneev/Desktop/water-regime-gis/outputs/imagery/sp/SP_2_2/2026-08-10/sentinel_true_color.tif
SKIP sp/SP_3_4/2026-04-22: /Users/korneev/Desktop/water-regime-gis/outputs/imagery/sp/SP_3_4/2026-04-22/sentinel_true_color.tif
SKIP sp/SP_3_4/2026-05-05: /Users/korneev/Desktop/water-regime-gis/outputs/imagery/sp/SP_3_4/2026-05-05/sentinel_true_color.tif
SKIP sp/SP_3_4/2026-05-07: /Users/korneev/Desktop/water-regime-gis/outputs/imagery/sp/SP_3_4/2026-05-07/sentinel_true_color.tif
SKIP sp/SP_3_4/2026-05-17: /Users/korneev/Desktop/water-regime-gis/outputs/imagery/sp/SP_3_4/2026-05-17/sentinel_true_color.tif
SKIP sp/SP_3_4/2026-05-20: /Users/korneev/Desktop/water-regime-gis/outputs/imagery/sp/SP_3_4/2026-05-20/sentinel_true_color.tif
SKIP sp/SP_3_4/2026-05-22: /Users/korneev/Desktop/water-regime-gis/outputs/imagery/sp/SP_3_4/2026-05-22/sentinel_true_color.tif
SKIP sp/SP_3_4/2026-06-06: /Users/korneev/Desktop/water-regime-gis/outputs/imagery/sp/SP_3_4/2026-06-06/sentinel_true_color.tif
SKIP sp/SP_3_4/2026-06-08: /Users/korneev/Desktop/water-regime-gis/outputs/imagery/sp/SP_3_4/2026-06-08/sentinel_true_color.tif
SKIP sp/SP_3_4/2026-06-09: /Users/korneev/Desktop/water-regime-gis/outputs/imagery/sp/SP_3_4/2026-06-09/sentinel_true_color.tif
SKIP sp/SP_3_4/2026-06-11: /Users/korneev/Desktop/water-regime-gis/outputs/imagery/sp/SP_3_4/2026-06-11/sentinel_true_color.tif
SKIP sp/SP_3_4/2026-07-14: /Users/korneev/Desktop/water-regime-gis/outputs/imagery/sp/SP_3_4/2026-07-14/sentinel_true_color.tif
SKIP sp/SP_3_4/2026-07-19: /Users/korneev/Desktop/water-regime-gis/outputs/imagery/sp/SP_3_4/2026-07-19/sentinel_true_color.tif
SKIP sp/SP_3_4/2026-07-28: /Users/korneev/Desktop/water-regime-gis/outputs/imagery/sp/SP_3_4/2026-07-28/sentinel_true_color.tif
SKIP sp/SP_3_4/2026-07-31: /Users/korneev/Desktop/water-regime-gis/outputs/imagery/sp/SP_3_4/2026-07-31/sentinel_true_color.tif
SKIP sp/SP_3_4/2026-08-10: /Users/korneev/Desktop/water-regime-gis/outputs/imagery/sp/SP_3_4/2026-08-10/sentinel_true_color.tif
SKIP sp/SP_1_5/2026-04-22: /Users/korneev/Desktop/water-regime-gis/outputs/imagery/sp/SP_1_5/2026-04-22/sentinel_true_color.tif
SKIP sp/SP_1_5/2026-05-05: /Users/korneev/Desktop/water-regime-gis/outputs/imagery/sp/SP_1_5/2026-05-05/sentinel_true_color.tif
SKIP sp/SP_1_5/2026-05-07: /Users/korneev/Desktop/water-regime-gis/outputs/imagery/sp/SP_1_5/2026-05-07/sentinel_true_color.tif
SKIP sp/SP_1_5/2026-05-20: /Users/korneev/Desktop/water-regime-gis/outputs/imagery/sp/SP_1_5/2026-05-20/sentinel_true_color.tif
SKIP sp/SP_1_5/2026-05-22: /Users/korneev/Desktop/water-regime-gis/outputs/imagery/sp/SP_1_5/2026-05-22/sentinel_true_color.tif
SKIP sp/SP_1_5/2026-06-11: /Users/korneev/Desktop/water-regime-gis/outputs/imagery/sp/SP_1_5/2026-06-11/sentinel_true_color.tif
SKIP sp/SP_1_5/2026-07-19: /Users/korneev/Desktop/water-regime-gis/outputs/imagery/sp/SP_1_5/2026-07-19/sentinel_true_color.tif
SKIP sp/SP_1_5/2026-08-10: /Users/korneev/Desktop/water-regime-gis/outputs/imagery/sp/SP_1_5/2026-08-10/sentinel_true_color.tif
SKIP sp/SP_1_6/2026-04-22: /Users/korneev/Desktop/water-regime-gis/outputs/imagery/sp/SP_1_6/2026-04-22/sentinel_true_color.tif
SKIP sp/SP_1_6/2026-05-05: /Users/korneev/Desktop/water-regime-gis/outputs/imagery/sp/SP_1_6/2026-05-05/sentinel_true_color.tif
SKIP sp/SP_1_6/2026-05-07: /Users/korneev/Desktop/water-regime-gis/outputs/imagery/sp/SP_1_6/2026-05-07/sentinel_true_color.tif
SKIP sp/SP_1_6/2026-05-17: /Users/korneev/Desktop/water-regime-gis/outputs/imagery/sp/SP_1_6/2026-05-17/sentinel_true_color.tif
SKIP sp/SP_1_6/2026-05-20: /Users/korneev/Desktop/water-regime-gis/outputs/imagery/sp/SP_1_6/2026-05-20/sentinel_true_color.tif
SKIP sp/SP_1_6/2026-05-22: /Users/korneev/Desktop/water-regime-gis/outputs/imagery/sp/SP_1_6/2026-05-22/sentinel_true_color.tif
SKIP sp/SP_1_6/2026-06-06: /Users/korneev/Desktop/water-regime-gis/outputs/imagery/sp/SP_1_6/2026-06-06/sentinel_true_color.tif
SKIP sp/SP_1_6/2026-06-11: /Users/korneev/Desktop/water-regime-gis/outputs/imagery/sp/SP_1_6/2026-06-11/sentinel_true_color.tif
SKIP sp/SP_1_6/2026-07-19: /Users/korneev/Desktop/water-regime-gis/outputs/imagery/sp/SP_1_6/2026-07-19/sentinel_true_color.tif
SKIP sp/SP_1_6/2026-08-10: /Users/korneev/Desktop/water-regime-gis/outputs/imagery/sp/SP_1_6/2026-08-10/sentinel_true_color.tif
SKIP sp/SP_1_4/2026-04-22: /Users/korneev/Desktop/water-regime-gis/outputs/imagery/sp/SP_1_4/2026-04-22/sentinel_true_color.tif
SKIP sp/SP_1_4/2026-05-05: /Users/korneev/Desktop/water-regime-gis/outputs/imagery/sp/SP_1_4/2026-05-05/sentinel_true_color.tif
SKIP sp/SP_1_4/2026-05-20: /Users/korneev/Desktop/water-regime-gis/outputs/imagery/sp/SP_1_4/2026-05-20/sentinel_true_color.tif
SKIP sp/SP_1_4/2026-05-22: /Users/korneev/Desktop/water-regime-gis/outputs/imagery/sp/SP_1_4/2026-05-22/sentinel_true_color.tif
SKIP sp/SP_1_4/2026-06-11: /Users/korneev/Desktop/water-regime-gis/outputs/imagery/sp/SP_1_4/2026-06-11/sentinel_true_color.tif
SKIP sp/SP_1_4/2026-07-19: /Users/korneev/Desktop/water-regime-gis/outputs/imagery/sp/SP_1_4/2026-07-19/sentinel_true_color.tif
SKIP sp/SP_1_4/2026-08-10: /Users/korneev/Desktop/water-regime-gis/outputs/imagery/sp/SP_1_4/2026-08-10/sentinel_true_color.tif
SKIP sp/SP_1_3/2026-04-22: /Users/korneev/Desktop/water-regime-gis/outputs/imagery/sp/SP_1_3/2026-04-22/sentinel_true_color.tif
SKIP sp/SP_1_3/2026-05-05: /Users/korneev/Desktop/water-regime-gis/outputs/imagery/sp/SP_1_3/2026-05-05/sentinel_true_color.tif
SKIP sp/SP_1_3/2026-05-07: /Users/korneev/Desktop/water-regime-gis/outputs/imagery/sp/SP_1_3/2026-05-07/sentinel_true_color.tif
SKIP sp/SP_1_3/2026-05-20: /Users/korneev/Desktop/water-regime-gis/outputs/imagery/sp/SP_1_3/2026-05-20/sentinel_true_color.tif
SKIP sp/SP_1_3/2026-05-22: /Users/korneev/Desktop/water-regime-gis/outputs/imagery/sp/SP_1_3/2026-05-22/sentinel_true_color.tif
SKIP sp/SP_1_3/2026-06-11: /Users/korneev/Desktop/water-regime-gis/outputs/imagery/sp/SP_1_3/2026-06-11/sentinel_true_color.tif
SKIP sp/SP_1_3/2026-07-19: /Users/korneev/Desktop/water-regime-gis/outputs/imagery/sp/SP_1_3/2026-07-19/sentinel_true_color.tif
SKIP sp/SP_1_3/2026-08-10: /Users/korneev/Desktop/water-regime-gis/outputs/imagery/sp/SP_1_3/2026-08-10/sentinel_true_color.tif
SKIP sp/SP_1_10/2026-04-22: /Users/korneev/Desktop/water-regime-gis/outputs/imagery/sp/SP_1_10/2026-04-22/sentinel_true_color.tif
SKIP sp/SP_1_10/2026-05-05: /Users/korneev/Desktop/water-regime-gis/outputs/imagery/sp/SP_1_10/2026-05-05/sentinel_true_color.tif
SKIP sp/SP_1_10/2026-05-07: /Users/korneev/Desktop/water-regime-gis/outputs/imagery/sp/SP_1_10/2026-05-07/sentinel_true_color.tif
SKIP sp/SP_1_10/2026-05-17: /Users/korneev/Desktop/water-regime-gis/outputs/imagery/sp/SP_1_10/2026-05-17/sentinel_true_color.tif
SKIP sp/SP_1_10/2026-05-20: /Users/korneev/Desktop/water-regime-gis/outputs/imagery/sp/SP_1_10/2026-05-20/sentinel_true_color.tif
SKIP sp/SP_1_10/2026-05-22: /Users/korneev/Desktop/water-regime-gis/outputs/imagery/sp/SP_1_10/2026-05-22/sentinel_true_color.tif
SKIP sp/SP_1_10/2026-06-11: /Users/korneev/Desktop/water-regime-gis/outputs/imagery/sp/SP_1_10/2026-06-11/sentinel_true_color.tif
SKIP sp/SP_1_10/2026-07-19: /Users/korneev/Desktop/water-regime-gis/outputs/imagery/sp/SP_1_10/2026-07-19/sentinel_true_color.tif
SKIP sp/SP_1_10/2026-08-10: /Users/korneev/Desktop/water-regime-gis/outputs/imagery/sp/SP_1_10/2026-08-10/sentinel_true_color.tif
SKIP sp/SP_1_11/2026-04-22: /Users/korneev/Desktop/water-regime-gis/outputs/imagery/sp/SP_1_11/2026-04-22/sentinel_true_color.tif
SKIP sp/SP_1_11/2026-05-05: /Users/korneev/Desktop/water-regime-gis/outputs/imagery/sp/SP_1_11/2026-05-05/sentinel_true_color.tif
SKIP sp/SP_1_11/2026-05-07: /Users/korneev/Desktop/water-regime-gis/outputs/imagery/sp/SP_1_11/2026-05-07/sentinel_true_color.tif
SKIP sp/SP_1_11/2026-05-20: /Users/korneev/Desktop/water-regime-gis/outputs/imagery/sp/SP_1_11/2026-05-20/sentinel_true_color.tif
SKIP sp/SP_1_11/2026-05-22: /Users/korneev/Desktop/water-regime-gis/outputs/imagery/sp/SP_1_11/2026-05-22/sentinel_true_color.tif
SKIP sp/SP_1_11/2026-06-11: /Users/korneev/Desktop/water-regime-gis/outputs/imagery/sp/SP_1_11/2026-06-11/sentinel_true_color.tif
SKIP sp/SP_1_11/2026-07-19: /Users/korneev/Desktop/water-regime-gis/outputs/imagery/sp/SP_1_11/2026-07-19/sentinel_true_color.tif
SKIP sp/SP_1_11/2026-08-10: /Users/korneev/Desktop/water-regime-gis/outputs/imagery/sp/SP_1_11/2026-08-10/sentinel_true_color.tif
SKIP sp/SP_2_4/2026-04-22: /Users/korneev/Desktop/water-regime-gis/outputs/imagery/sp/SP_2_4/2026-04-22/sentinel_true_color.tif
SKIP sp/SP_2_4/2026-05-05: /Users/korneev/Desktop/water-regime-gis/outputs/imagery/sp/SP_2_4/2026-05-05/sentinel_true_color.tif
SKIP sp/SP_2_4/2026-05-07: /Users/korneev/Desktop/water-regime-gis/outputs/imagery/sp/SP_2_4/2026-05-07/sentinel_true_color.tif
SKIP sp/SP_2_4/2026-05-17: /Users/korneev/Desktop/water-regime-gis/outputs/imagery/sp/SP_2_4/2026-05-17/sentinel_true_color.tif
SKIP sp/SP_2_4/2026-05-20: /Users/korneev/Desktop/water-regime-gis/outputs/imagery/sp/SP_2_4/2026-05-20/sentinel_true_color.tif
SKIP sp/SP_2_4/2026-05-22: /Users/korneev/Desktop/water-regime-gis/outputs/imagery/sp/SP_2_4/2026-05-22/sentinel_true_color.tif
SKIP sp/SP_2_4/2026-06-06: /Users/korneev/Desktop/water-regime-gis/outputs/imagery/sp/SP_2_4/2026-06-06/sentinel_true_color.tif
SKIP sp/SP_2_4/2026-06-09: /Users/korneev/Desktop/water-regime-gis/outputs/imagery/sp/SP_2_4/2026-06-09/sentinel_true_color.tif
SKIP sp/SP_2_4/2026-06-11: /Users/korneev/Desktop/water-regime-gis/outputs/imagery/sp/SP_2_4/2026-06-11/sentinel_true_color.tif
SKIP sp/SP_2_4/2026-07-14: /Users/korneev/Desktop/water-regime-gis/outputs/imagery/sp/SP_2_4/2026-07-14/sentinel_true_color.tif
SKIP sp/SP_2_4/2026-07-19: /Users/korneev/Desktop/water-regime-gis/outputs/imagery/sp/SP_2_4/2026-07-19/sentinel_true_color.tif
SKIP sp/SP_2_4/2026-07-31: /Users/korneev/Desktop/water-regime-gis/outputs/imagery/sp/SP_2_4/2026-07-31/sentinel_true_color.tif
SKIP sp/SP_2_4/2026-08-10: /Users/korneev/Desktop/water-regime-gis/outputs/imagery/sp/SP_2_4/2026-08-10/sentinel_true_color.tif
SKIP sp/SP_2_6/2026-04-22: /Users/korneev/Desktop/water-regime-gis/outputs/imagery/sp/SP_2_6/2026-04-22/sentinel_true_color.tif
SKIP sp/SP_2_6/2026-05-05: /Users/korneev/Desktop/water-regime-gis/outputs/imagery/sp/SP_2_6/2026-05-05/sentinel_true_color.tif
SKIP sp/SP_2_6/2026-05-07: /Users/korneev/Desktop/water-regime-gis/outputs/imagery/sp/SP_2_6/2026-05-07/sentinel_true_color.tif
SKIP sp/SP_2_6/2026-05-17: /Users/korneev/Desktop/water-regime-gis/outputs/imagery/sp/SP_2_6/2026-05-17/sentinel_true_color.tif
SKIP sp/SP_2_6/2026-05-20: /Users/korneev/Desktop/water-regime-gis/outputs/imagery/sp/SP_2_6/2026-05-20/sentinel_true_color.tif
SKIP sp/SP_2_6/2026-05-22: /Users/korneev/Desktop/water-regime-gis/outputs/imagery/sp/SP_2_6/2026-05-22/sentinel_true_color.tif
SKIP sp/SP_2_6/2026-06-06: /Users/korneev/Desktop/water-regime-gis/outputs/imagery/sp/SP_2_6/2026-06-06/sentinel_true_color.tif
SKIP sp/SP_2_6/2026-06-09: /Users/korneev/Desktop/water-regime-gis/outputs/imagery/sp/SP_2_6/2026-06-09/sentinel_true_color.tif
SKIP sp/SP_2_6/2026-06-11: /Users/korneev/Desktop/water-regime-gis/outputs/imagery/sp/SP_2_6/2026-06-11/sentinel_true_color.tif
SKIP sp/SP_2_6/2026-07-14: /Users/korneev/Desktop/water-regime-gis/outputs/imagery/sp/SP_2_6/2026-07-14/sentinel_true_color.tif
SKIP sp/SP_2_6/2026-07-19: /Users/korneev/Desktop/water-regime-gis/outputs/imagery/sp/SP_2_6/2026-07-19/sentinel_true_color.tif
SKIP sp/SP_2_6/2026-07-31: /Users/korneev/Desktop/water-regime-gis/outputs/imagery/sp/SP_2_6/2026-07-31/sentinel_true_color.tif
SKIP sp/SP_2_6/2026-08-10: /Users/korneev/Desktop/water-regime-gis/outputs/imagery/sp/SP_2_6/2026-08-10/sentinel_true_color.tif
SKIP sp/SP_2_8/2026-04-22: /Users/korneev/Desktop/water-regime-gis/outputs/imagery/sp/SP_2_8/2026-04-22/sentinel_true_color.tif
SKIP sp/SP_2_8/2026-05-05: /Users/korneev/Desktop/water-regime-gis/outputs/imagery/sp/SP_2_8/2026-05-05/sentinel_true_color.tif
SKIP sp/SP_2_8/2026-05-07: /Users/korneev/Desktop/water-regime-gis/outputs/imagery/sp/SP_2_8/2026-05-07/sentinel_true_color.tif
SKIP sp/SP_2_8/2026-05-17: /Users/korneev/Desktop/water-regime-gis/outputs/imagery/sp/SP_2_8/2026-05-17/sentinel_true_color.tif
SKIP sp/SP_2_8/2026-05-20: /Users/korneev/Desktop/water-regime-gis/outputs/imagery/sp/SP_2_8/2026-05-20/sentinel_true_color.tif
SKIP sp/SP_2_8/2026-05-22: /Users/korneev/Desktop/water-regime-gis/outputs/imagery/sp/SP_2_8/2026-05-22/sentinel_true_color.tif
SKIP sp/SP_2_8/2026-06-06: /Users/korneev/Desktop/water-regime-gis/outputs/imagery/sp/SP_2_8/2026-06-06/sentinel_true_color.tif
SKIP sp/SP_2_8/2026-06-08: /Users/korneev/Desktop/water-regime-gis/outputs/imagery/sp/SP_2_8/2026-06-08/sentinel_true_color.tif
SKIP sp/SP_2_8/2026-06-11: /Users/korneev/Desktop/water-regime-gis/outputs/imagery/sp/SP_2_8/2026-06-11/sentinel_true_color.tif
SKIP sp/SP_2_8/2026-07-19: /Users/korneev/Desktop/water-regime-gis/outputs/imagery/sp/SP_2_8/2026-07-19/sentinel_true_color.tif
SKIP sp/SP_2_8/2026-07-28: /Users/korneev/Desktop/water-regime-gis/outputs/imagery/sp/SP_2_8/2026-07-28/sentinel_true_color.tif
SKIP sp/SP_2_8/2026-08-10: /Users/korneev/Desktop/water-regime-gis/outputs/imagery/sp/SP_2_8/2026-08-10/sentinel_true_color.tif
SKIP sp/SP_2_7/2026-04-22: /Users/korneev/Desktop/water-regime-gis/outputs/imagery/sp/SP_2_7/2026-04-22/sentinel_true_color.tif
SKIP sp/SP_2_7/2026-05-05: /Users/korneev/Desktop/water-regime-gis/outputs/imagery/sp/SP_2_7/2026-05-05/sentinel_true_color.tif
SKIP sp/SP_2_7/2026-05-07: /Users/korneev/Desktop/water-regime-gis/outputs/imagery/sp/SP_2_7/2026-05-07/sentinel_true_color.tif
SKIP sp/SP_2_7/2026-05-17: /Users/korneev/Desktop/water-regime-gis/outputs/imagery/sp/SP_2_7/2026-05-17/sentinel_true_color.tif
SKIP sp/SP_2_7/2026-05-20: /Users/korneev/Desktop/water-regime-gis/outputs/imagery/sp/SP_2_7/2026-05-20/sentinel_true_color.tif
SKIP sp/SP_2_7/2026-05-22: /Users/korneev/Desktop/water-regime-gis/outputs/imagery/sp/SP_2_7/2026-05-22/sentinel_true_color.tif
SKIP sp/SP_2_7/2026-06-06: /Users/korneev/Desktop/water-regime-gis/outputs/imagery/sp/SP_2_7/2026-06-06/sentinel_true_color.tif
SKIP sp/SP_2_7/2026-06-08: /Users/korneev/Desktop/water-regime-gis/outputs/imagery/sp/SP_2_7/2026-06-08/sentinel_true_color.tif
SKIP sp/SP_2_7/2026-06-09: /Users/korneev/Desktop/water-regime-gis/outputs/imagery/sp/SP_2_7/2026-06-09/sentinel_true_color.tif
SKIP sp/SP_2_7/2026-06-11: /Users/korneev/Desktop/water-regime-gis/outputs/imagery/sp/SP_2_7/2026-06-11/sentinel_true_color.tif
SKIP sp/SP_2_7/2026-07-14: /Users/korneev/Desktop/water-regime-gis/outputs/imagery/sp/SP_2_7/2026-07-14/sentinel_true_color.tif
SKIP sp/SP_2_7/2026-07-19: /Users/korneev/Desktop/water-regime-gis/outputs/imagery/sp/SP_2_7/2026-07-19/sentinel_true_color.tif
SKIP sp/SP_2_7/2026-07-28: /Users/korneev/Desktop/water-regime-gis/outputs/imagery/sp/SP_2_7/2026-07-28/sentinel_true_color.tif
SKIP sp/SP_2_7/2026-07-31: /Users/korneev/Desktop/water-regime-gis/outputs/imagery/sp/SP_2_7/2026-07-31/sentinel_true_color.tif
SKIP sp/SP_2_7/2026-08-10: /Users/korneev/Desktop/water-regime-gis/outputs/imagery/sp/SP_2_7/2026-08-10/sentinel_true_color.tif
SKIP sp/SP_3_2/2026-04-22: /Users/korneev/Desktop/water-regime-gis/outputs/imagery/sp/SP_3_2/2026-04-22/sentinel_true_color.tif
SKIP sp/SP_3_2/2026-05-05: /Users/korneev/Desktop/water-regime-gis/outputs/imagery/sp/SP_3_2/2026-05-05/sentinel_true_color.tif
SKIP sp/SP_3_2/2026-05-07: /Users/korneev/Desktop/water-regime-gis/outputs/imagery/sp/SP_3_2/2026-05-07/sentinel_true_color.tif
SKIP sp/SP_3_2/2026-05-17: /Users/korneev/Desktop/water-regime-gis/outputs/imagery/sp/SP_3_2/2026-05-17/sentinel_true_color.tif
SKIP sp/SP_3_2/2026-05-20: /Users/korneev/Desktop/water-regime-gis/outputs/imagery/sp/SP_3_2/2026-05-20/sentinel_true_color.tif
SKIP sp/SP_3_2/2026-05-22: /Users/korneev/Desktop/water-regime-gis/outputs/imagery/sp/SP_3_2/2026-05-22/sentinel_true_color.tif
SKIP sp/SP_3_2/2026-06-06: /Users/korneev/Desktop/water-regime-gis/outputs/imagery/sp/SP_3_2/2026-06-06/sentinel_true_color.tif
SKIP sp/SP_3_2/2026-06-08: /Users/korneev/Desktop/water-regime-gis/outputs/imagery/sp/SP_3_2/2026-06-08/sentinel_true_color.tif
SKIP sp/SP_3_2/2026-06-09: /Users/korneev/Desktop/water-regime-gis/outputs/imagery/sp/SP_3_2/2026-06-09/sentinel_true_color.tif
SKIP sp/SP_3_2/2026-06-11: /Users/korneev/Desktop/water-regime-gis/outputs/imagery/sp/SP_3_2/2026-06-11/sentinel_true_color.tif
SKIP sp/SP_3_2/2026-07-14: /Users/korneev/Desktop/water-regime-gis/outputs/imagery/sp/SP_3_2/2026-07-14/sentinel_true_color.tif
SKIP sp/SP_3_2/2026-07-19: /Users/korneev/Desktop/water-regime-gis/outputs/imagery/sp/SP_3_2/2026-07-19/sentinel_true_color.tif
SKIP sp/SP_3_2/2026-07-28: /Users/korneev/Desktop/water-regime-gis/outputs/imagery/sp/SP_3_2/2026-07-28/sentinel_true_color.tif
SKIP sp/SP_3_2/2026-07-31: /Users/korneev/Desktop/water-regime-gis/outputs/imagery/sp/SP_3_2/2026-07-31/sentinel_true_color.tif
SKIP sp/SP_3_2/2026-08-10: /Users/korneev/Desktop/water-regime-gis/outputs/imagery/sp/SP_3_2/2026-08-10/sentinel_true_color.tif
SKIP sp/SP_3_1/2026-04-22: /Users/korneev/Desktop/water-regime-gis/outputs/imagery/sp/SP_3_1/2026-04-22/sentinel_true_color.tif
SKIP sp/SP_3_1/2026-05-05: /Users/korneev/Desktop/water-regime-gis/outputs/imagery/sp/SP_3_1/2026-05-05/sentinel_true_color.tif
SKIP sp/SP_3_1/2026-05-07: /Users/korneev/Desktop/water-regime-gis/outputs/imagery/sp/SP_3_1/2026-05-07/sentinel_true_color.tif
SKIP sp/SP_3_1/2026-05-17: /Users/korneev/Desktop/water-regime-gis/outputs/imagery/sp/SP_3_1/2026-05-17/sentinel_true_color.tif
SKIP sp/SP_3_1/2026-05-20: /Users/korneev/Desktop/water-regime-gis/outputs/imagery/sp/SP_3_1/2026-05-20/sentinel_true_color.tif
SKIP sp/SP_3_1/2026-05-22: /Users/korneev/Desktop/water-regime-gis/outputs/imagery/sp/SP_3_1/2026-05-22/sentinel_true_color.tif
SKIP sp/SP_3_1/2026-06-06: /Users/korneev/Desktop/water-regime-gis/outputs/imagery/sp/SP_3_1/2026-06-06/sentinel_true_color.tif
SKIP sp/SP_3_1/2026-06-08: /Users/korneev/Desktop/water-regime-gis/outputs/imagery/sp/SP_3_1/2026-06-08/sentinel_true_color.tif
SKIP sp/SP_3_1/2026-06-09: /Users/korneev/Desktop/water-regime-gis/outputs/imagery/sp/SP_3_1/2026-06-09/sentinel_true_color.tif
SKIP sp/SP_3_1/2026-06-11: /Users/korneev/Desktop/water-regime-gis/outputs/imagery/sp/SP_3_1/2026-06-11/sentinel_true_color.tif
SKIP sp/SP_3_1/2026-07-14: /Users/korneev/Desktop/water-regime-gis/outputs/imagery/sp/SP_3_1/2026-07-14/sentinel_true_color.tif
SKIP sp/SP_3_1/2026-07-19: /Users/korneev/Desktop/water-regime-gis/outputs/imagery/sp/SP_3_1/2026-07-19/sentinel_true_color.tif
SKIP sp/SP_3_1/2026-07-28: /Users/korneev/Desktop/water-regime-gis/outputs/imagery/sp/SP_3_1/2026-07-28/sentinel_true_color.tif
SKIP sp/SP_3_1/2026-07-31: /Users/korneev/Desktop/water-regime-gis/outputs/imagery/sp/SP_3_1/2026-07-31/sentinel_true_color.tif
SKIP sp/SP_3_1/2026-08-10: /Users/korneev/Desktop/water-regime-gis/outputs/imagery/sp/SP_3_1/2026-08-10/sentinel_true_color.tif
SKIP sp/SP_1_1/2026-04-22: /Users/korneev/Desktop/water-regime-gis/outputs/imagery/sp/SP_1_1/2026-04-22/sentinel_true_color.tif
SKIP sp/SP_1_1/2026-05-05: /Users/korneev/Desktop/water-regime-gis/outputs/imagery/sp/SP_1_1/2026-05-05/sentinel_true_color.tif
SKIP sp/SP_1_1/2026-05-20: /Users/korneev/Desktop/water-regime-gis/outputs/imagery/sp/SP_1_1/2026-05-20/sentinel_true_color.tif
SKIP sp/SP_1_1/2026-05-22: /Users/korneev/Desktop/water-regime-gis/outputs/imagery/sp/SP_1_1/2026-05-22/sentinel_true_color.tif
SKIP sp/SP_1_1/2026-06-11: /Users/korneev/Desktop/water-regime-gis/outputs/imagery/sp/SP_1_1/2026-06-11/sentinel_true_color.tif
SKIP sp/SP_1_1/2026-07-19: /Users/korneev/Desktop/water-regime-gis/outputs/imagery/sp/SP_1_1/2026-07-19/sentinel_true_color.tif
SKIP sp/SP_1_1/2026-08-10: /Users/korneev/Desktop/water-regime-gis/outputs/imagery/sp/SP_1_1/2026-08-10/sentinel_true_color.tif
SKIP sp/SP_2_5/2026-04-22: /Users/korneev/Desktop/water-regime-gis/outputs/imagery/sp/SP_2_5/2026-04-22/sentinel_true_color.tif
SKIP sp/SP_2_5/2026-05-05: /Users/korneev/Desktop/water-regime-gis/outputs/imagery/sp/SP_2_5/2026-05-05/sentinel_true_color.tif
SKIP sp/SP_2_5/2026-05-07: /Users/korneev/Desktop/water-regime-gis/outputs/imagery/sp/SP_2_5/2026-05-07/sentinel_true_color.tif
SKIP sp/SP_2_5/2026-05-20: /Users/korneev/Desktop/water-regime-gis/outputs/imagery/sp/SP_2_5/2026-05-20/sentinel_true_color.tif
SKIP sp/SP_2_5/2026-05-22: /Users/korneev/Desktop/water-regime-gis/outputs/imagery/sp/SP_2_5/2026-05-22/sentinel_true_color.tif
SKIP sp/SP_2_5/2026-06-09: /Users/korneev/Desktop/water-regime-gis/outputs/imagery/sp/SP_2_5/2026-06-09/sentinel_true_color.tif
SKIP sp/SP_2_5/2026-06-11: /Users/korneev/Desktop/water-regime-gis/outputs/imagery/sp/SP_2_5/2026-06-11/sentinel_true_color.tif
SKIP sp/SP_2_5/2026-07-14: /Users/korneev/Desktop/water-regime-gis/outputs/imagery/sp/SP_2_5/2026-07-14/sentinel_true_color.tif
SKIP sp/SP_2_5/2026-07-19: /Users/korneev/Desktop/water-regime-gis/outputs/imagery/sp/SP_2_5/2026-07-19/sentinel_true_color.tif
SKIP sp/SP_2_5/2026-07-31: /Users/korneev/Desktop/water-regime-gis/outputs/imagery/sp/SP_2_5/2026-07-31/sentinel_true_color.tif
SKIP sp/SP_2_5/2026-08-10: /Users/korneev/Desktop/water-regime-gis/outputs/imagery/sp/SP_2_5/2026-08-10/sentinel_true_color.tif
SKIP sp/SP_1_2/2026-04-22: /Users/korneev/Desktop/water-regime-gis/outputs/imagery/sp/SP_1_2/2026-04-22/sentinel_true_color.tif
SKIP sp/SP_1_2/2026-05-05: /Users/korneev/Desktop/water-regime-gis/outputs/imagery/sp/SP_1_2/2026-05-05/sentinel_true_color.tif
SKIP sp/SP_1_2/2026-05-20: /Users/korneev/Desktop/water-regime-gis/outputs/imagery/sp/SP_1_2/2026-05-20/sentinel_true_color.tif
SKIP sp/SP_1_2/2026-05-22: /Users/korneev/Desktop/water-regime-gis/outputs/imagery/sp/SP_1_2/2026-05-22/sentinel_true_color.tif
SKIP sp/SP_1_2/2026-06-11: /Users/korneev/Desktop/water-regime-gis/outputs/imagery/sp/SP_1_2/2026-06-11/sentinel_true_color.tif
SKIP sp/SP_1_2/2026-07-19: /Users/korneev/Desktop/water-regime-gis/outputs/imagery/sp/SP_1_2/2026-07-19/sentinel_true_color.tif
SKIP sp/SP_1_2/2026-08-10: /Users/korneev/Desktop/water-regime-gis/outputs/imagery/sp/SP_1_2/2026-08-10/sentinel_true_color.tif
SKIP sp/SP_3_5/2026-04-22: /Users/korneev/Desktop/water-regime-gis/outputs/imagery/sp/SP_3_5/2026-04-22/sentinel_true_color.tif
SKIP sp/SP_3_5/2026-05-05: /Users/korneev/Desktop/water-regime-gis/outputs/imagery/sp/SP_3_5/2026-05-05/sentinel_true_color.tif
SKIP sp/SP_3_5/2026-05-07: /Users/korneev/Desktop/water-regime-gis/outputs/imagery/sp/SP_3_5/2026-05-07/sentinel_true_color.tif
SKIP sp/SP_3_5/2026-05-17: /Users/korneev/Desktop/water-regime-gis/outputs/imagery/sp/SP_3_5/2026-05-17/sentinel_true_color.tif
SKIP sp/SP_3_5/2026-05-20: /Users/korneev/Desktop/water-regime-gis/outputs/imagery/sp/SP_3_5/2026-05-20/sentinel_true_color.tif
SKIP sp/SP_3_5/2026-05-22: /Users/korneev/Desktop/water-regime-gis/outputs/imagery/sp/SP_3_5/2026-05-22/sentinel_true_color.tif
SKIP sp/SP_3_5/2026-06-06: /Users/korneev/Desktop/water-regime-gis/outputs/imagery/sp/SP_3_5/2026-06-06/sentinel_true_color.tif
SKIP sp/SP_3_5/2026-06-08: /Users/korneev/Desktop/water-regime-gis/outputs/imagery/sp/SP_3_5/2026-06-08/sentinel_true_color.tif
SKIP sp/SP_3_5/2026-06-09: /Users/korneev/Desktop/water-regime-gis/outputs/imagery/sp/SP_3_5/2026-06-09/sentinel_true_color.tif
SKIP sp/SP_3_5/2026-06-11: /Users/korneev/Desktop/water-regime-gis/outputs/imagery/sp/SP_3_5/2026-06-11/sentinel_true_color.tif
SKIP sp/SP_3_5/2026-07-14: /Users/korneev/Desktop/water-regime-gis/outputs/imagery/sp/SP_3_5/2026-07-14/sentinel_true_color.tif
SKIP sp/SP_3_5/2026-07-19: /Users/korneev/Desktop/water-regime-gis/outputs/imagery/sp/SP_3_5/2026-07-19/sentinel_true_color.tif
SKIP sp/SP_3_5/2026-07-28: /Users/korneev/Desktop/water-regime-gis/outputs/imagery/sp/SP_3_5/2026-07-28/sentinel_true_color.tif
SKIP sp/SP_3_5/2026-07-31: /Users/korneev/Desktop/water-regime-gis/outputs/imagery/sp/SP_3_5/2026-07-31/sentinel_true_color.tif
SKIP sp/SP_3_5/2026-08-10: /Users/korneev/Desktop/water-regime-gis/outputs/imagery/sp/SP_3_5/2026-08-10/sentinel_true_color.tif
SKIP sp/SP_3_3/2026-04-22: /Users/korneev/Desktop/water-regime-gis/outputs/imagery/sp/SP_3_3/2026-04-22/sentinel_true_color.tif
SKIP sp/SP_3_3/2026-05-05: /Users/korneev/Desktop/water-regime-gis/outputs/imagery/sp/SP_3_3/2026-05-05/sentinel_true_color.tif
SKIP sp/SP_3_3/2026-05-07: /Users/korneev/Desktop/water-regime-gis/outputs/imagery/sp/SP_3_3/2026-05-07/sentinel_true_color.tif
SKIP sp/SP_3_3/2026-05-17: /Users/korneev/Desktop/water-regime-gis/outputs/imagery/sp/SP_3_3/2026-05-17/sentinel_true_color.tif
SKIP sp/SP_3_3/2026-05-20: /Users/korneev/Desktop/water-regime-gis/outputs/imagery/sp/SP_3_3/2026-05-20/sentinel_true_color.tif
SKIP sp/SP_3_3/2026-05-22: /Users/korneev/Desktop/water-regime-gis/outputs/imagery/sp/SP_3_3/2026-05-22/sentinel_true_color.tif
SKIP sp/SP_3_3/2026-06-06: /Users/korneev/Desktop/water-regime-gis/outputs/imagery/sp/SP_3_3/2026-06-06/sentinel_true_color.tif
SKIP sp/SP_3_3/2026-06-08: /Users/korneev/Desktop/water-regime-gis/outputs/imagery/sp/SP_3_3/2026-06-08/sentinel_true_color.tif
SKIP sp/SP_3_3/2026-06-09: /Users/korneev/Desktop/water-regime-gis/outputs/imagery/sp/SP_3_3/2026-06-09/sentinel_true_color.tif
SKIP sp/SP_3_3/2026-06-11: /Users/korneev/Desktop/water-regime-gis/outputs/imagery/sp/SP_3_3/2026-06-11/sentinel_true_color.tif
SKIP sp/SP_3_3/2026-07-14: /Users/korneev/Desktop/water-regime-gis/outputs/imagery/sp/SP_3_3/2026-07-14/sentinel_true_color.tif
SKIP sp/SP_3_3/2026-07-19: /Users/korneev/Desktop/water-regime-gis/outputs/imagery/sp/SP_3_3/2026-07-19/sentinel_true_color.tif
SKIP sp/SP_3_3/2026-07-28: /Users/korneev/Desktop/water-regime-gis/outputs/imagery/sp/SP_3_3/2026-07-28/sentinel_true_color.tif
SKIP sp/SP_3_3/2026-07-31: /Users/korneev/Desktop/water-regime-gis/outputs/imagery/sp/SP_3_3/2026-07-31/sentinel_true_color.tif
SKIP sp/SP_3_3/2026-08-10: /Users/korneev/Desktop/water-regime-gis/outputs/imagery/sp/SP_3_3/2026-08-10/sentinel_true_color.tif
Finished: 1359 ready, 0 errors
Manifest: /Users/korneev/Desktop/water-regime-gis/outputs/imagery/download_manifest.json
