column,variant,unit,origin,meaning,sentinel2_relation
field_season_id,общий ключ,текст/безразмерная,прямой факт/атрибут КОРНИКС,Служебный атрибут воспроизводимости.,служебная
field_short_name,общий ключ,текст/безразмерная,прямой факт/атрибут КОРНИКС,Служебный атрибут воспроизводимости.,служебная
field_long_name,общий ключ,текст/безразмерная,прямой факт/атрибут КОРНИКС,Служебный атрибут воспроизводимости.,служебная
area_ha,общий ключ,текст/безразмерная,прямой факт/атрибут КОРНИКС,Служебный атрибут воспроизводимости.,служебная
day,общий ключ,текст/безразмерная,прямой факт/атрибут КОРНИКС,Служебный атрибут воспроизводимости.,служебная
method_code,общий ключ,текст/безразмерная,прямой факт/атрибут КОРНИКС,Служебный атрибут воспроизводимости.,служебная
method_version,общий ключ,текст/безразмерная,прямой факт/атрибут КОРНИКС,Служебный атрибут воспроизводимости.,служебная
published_calculation_run_id_65,междурядье 65 см; run cwr_manual_27b381469dc51d34566f36b20984ba4e,текст/безразмерная,прямой факт/атрибут КОРНИКС,Служебный атрибут воспроизводимости.,служебная
source_calculation_run_id_65,междурядье 65 см; run cwr_manual_27b381469dc51d34566f36b20984ba4e,текст/безразмерная,прямой факт/атрибут КОРНИКС,Служебный атрибут воспроизводимости.,служебная
lineage_depth_65,междурядье 65 см; run cwr_manual_27b381469dc51d34566f36b20984ba4e,текст/безразмерная,прямой факт/атрибут КОРНИКС,Служебный атрибут воспроизводимости.,служебная
parameter_snapshot_id_65,междурядье 65 см; run cwr_manual_27b381469dc51d34566f36b20984ba4e,текст/безразмерная,прямой факт/атрибут КОРНИКС,Служебный атрибут воспроизводимости.,служебная
weather_snapshot_id_65,междурядье 65 см; run cwr_manual_27b381469dc51d34566f36b20984ba4e,текст/безразмерная,прямой факт/атрибут КОРНИКС,Служебный атрибут воспроизводимости.,служебная
calculation_status_65,междурядье 65 см; run cwr_manual_27b381469dc51d34566f36b20984ba4e,текст/безразмерная,прямой факт/атрибут КОРНИКС,Служебный атрибут воспроизводимости.,служебная
input_completeness_status_65,междурядье 65 см; run cwr_manual_27b381469dc51d34566f36b20984ba4e,текст/безразмерная,прямой факт/атрибут КОРНИКС,Служебный атрибут воспроизводимости.,служебная
coverage_65,междурядье 65 см; run cwr_manual_27b381469dc51d34566f36b20984ba4e,текст/безразмерная,прямой факт/атрибут КОРНИКС,Служебный атрибут воспроизводимости.,служебная
crop_name_65,междурядье 65 см; run cwr_manual_27b381469dc51d34566f36b20984ba4e,текст/безразмерная,прямой факт/атрибут КОРНИКС,Служебный атрибут воспроизводимости.,служебная
soil_parameter_snapshot_hash_65,междурядье 65 см; run cwr_manual_27b381469dc51d34566f36b20984ba4e,текст/безразмерная,прямой факт/атрибут КОРНИКС,Служебный атрибут воспроизводимости.,служебная
crop_parameter_snapshot_hash_65,междурядье 65 см; run cwr_manual_27b381469dc51d34566f36b20984ba4e,текст/безразмерная,прямой факт/атрибут КОРНИКС,Служебный атрибут воспроизводимости.,служебная
method_parameter_snapshot_hash_65,междурядье 65 см; run cwr_manual_27b381469dc51d34566f36b20984ba4e,текст/безразмерная,прямой факт/атрибут КОРНИКС,Служебный атрибут воспроизводимости.,служебная
forcing_kind_65,междурядье 65 см; run cwr_manual_27b381469dc51d34566f36b20984ba4e,текст/безразмерная,прямой факт/атрибут КОРНИКС,Служебный атрибут воспроизводимости.,служебная
weather_source_kind_65,междурядье 65 см; run cwr_manual_27b381469dc51d34566f36b20984ba4e,текст/безразмерная,прямой факт/атрибут КОРНИКС,Служебный атрибут воспроизводимости.,служебная
weather_quality_status_65,междурядье 65 см; run cwr_manual_27b381469dc51d34566f36b20984ba4e,текст/безразмерная,прямой факт/атрибут КОРНИКС,Служебный атрибут воспроизводимости.,служебная
weather_source_hash_65,междурядье 65 см; run cwr_manual_27b381469dc51d34566f36b20984ba4e,текст/безразмерная,прямой факт/атрибут КОРНИКС,Служебный атрибут воспроизводимости.,служебная
crop_sowing_date_65,междурядье 65 см; run cwr_manual_27b381469dc51d34566f36b20984ba4e,текст/безразмерная,прямой факт/атрибут КОРНИКС,Служебный атрибут воспроизводимости.,служебная
air_temperature_min_c_65,междурядье 65 см; run cwr_manual_27b381469dc51d34566f36b20984ba4e,°C,прямой факт/атрибут КОРНИКС,Суточная температура forcing.,косвенная
air_temperature_mean_c_65,междурядье 65 см; run cwr_manual_27b381469dc51d34566f36b20984ba4e,°C,прямой факт/атрибут КОРНИКС,Суточная температура forcing.,косвенная
air_temperature_max_c_65,междурядье 65 см; run cwr_manual_27b381469dc51d34566f36b20984ba4e,°C,прямой факт/атрибут КОРНИКС,Суточная температура forcing.,косвенная
relative_humidity_min_pct_65,междурядье 65 см; run cwr_manual_27b381469dc51d34566f36b20984ba4e,%,прямой факт/атрибут КОРНИКС,Суточная влажность воздуха.,косвенная
relative_humidity_mean_pct_65,междурядье 65 см; run cwr_manual_27b381469dc51d34566f36b20984ba4e,%,прямой факт/атрибут КОРНИКС,Суточная влажность воздуха.,косвенная
relative_humidity_max_pct_65,междурядье 65 см; run cwr_manual_27b381469dc51d34566f36b20984ba4e,%,прямой факт/атрибут КОРНИКС,Суточная влажность воздуха.,косвенная
wind_mean_mps_65,междурядье 65 см; run cwr_manual_27b381469dc51d34566f36b20984ba4e,м/с,прямой факт/атрибут КОРНИКС,Суточный ветер.,косвенная через ET0
wind_max_gust_mps_65,междурядье 65 см; run cwr_manual_27b381469dc51d34566f36b20984ba4e,м/с,прямой факт/атрибут КОРНИКС,Суточный ветер.,косвенная через ET0
weather_precipitation_mm_65,междурядье 65 см; run cwr_manual_27b381469dc51d34566f36b20984ba4e,мм,прямой факт/атрибут КОРНИКС,"Суточные осадки: raw — вход метода, effective — вошедшая в баланс часть.",причинная: отклик почвы/полога
weather_precipitation_effective_input_mm_65,междурядье 65 см; run cwr_manual_27b381469dc51d34566f36b20984ba4e,мм,прямой факт/атрибут КОРНИКС,"Суточные осадки: raw — вход метода, effective — вошедшая в баланс часть.",причинная: отклик почвы/полога
shortwave_radiation_mj_m2_65,междурядье 65 см; run cwr_manual_27b381469dc51d34566f36b20984ba4e,МДж/м²/сут,прямой факт/атрибут КОРНИКС,Коротковолновая радиация.,средняя
eto_simple_weather_mm_65,междурядье 65 см; run cwr_manual_27b381469dc51d34566f36b20984ba4e,мм/сут или мм накопленно,прямой факт/атрибут КОРНИКС,Эвапотранспирация/ET0.,высокая с RS-ET; S2 alone косвенно
eto_aquacrop_weather_mm_65,междурядье 65 см; run cwr_manual_27b381469dc51d34566f36b20984ba4e,мм/сут или мм накопленно,прямой факт/атрибут КОРНИКС,Эвапотранспирация/ET0.,высокая с RS-ET; S2 alone косвенно
eto_reference_weather_mm_65,междурядье 65 см; run cwr_manual_27b381469dc51d34566f36b20984ba4e,мм/сут или мм накопленно,прямой факт/атрибут КОРНИКС,Эвапотранспирация/ET0.,высокая с RS-ET; S2 alone косвенно
productive_water_reserve_mm_65,междурядье 65 см; run cwr_manual_27b381469dc51d34566f36b20984ba4e,мм,прямой факт/атрибут КОРНИКС,"Запас, поток или дефицит воды.",служебная
available_water_mm_65,междурядье 65 см; run cwr_manual_27b381469dc51d34566f36b20984ba4e,мм,прямой факт/атрибут КОРНИКС,"Запас, поток или дефицит воды.",служебная
water_demand_mm_65,междурядье 65 см; run cwr_manual_27b381469dc51d34566f36b20984ba4e,мм,прямой факт/атрибут КОРНИКС,"Запас, поток или дефицит воды.",служебная
soil_water_content_profile_mm_65,междурядье 65 см; run cwr_manual_27b381469dc51d34566f36b20984ba4e,мм,прямой факт/атрибут КОРНИКС,"Запас, поток или дефицит воды.",служебная
actual_evapotranspiration_typed_mm_65,междурядье 65 см; run cwr_manual_27b381469dc51d34566f36b20984ba4e,доля,прямой или производный (см. имя),Безразмерное состояние влаги/стресса/реализации потока.,косвенная: спектральный/ET отклик
actual_evapotranspiration_cumulative_typed_mm_65,междурядье 65 см; run cwr_manual_27b381469dc51d34566f36b20984ba4e,доля,прямой или производный (см. имя),Безразмерное состояние влаги/стресса/реализации потока.,косвенная: спектральный/ET отклик
actual_transpiration_typed_mm_65,междурядье 65 см; run cwr_manual_27b381469dc51d34566f36b20984ba4e,доля,прямой или производный (см. имя),Безразмерное состояние влаги/стресса/реализации потока.,косвенная: спектральный/ET отклик
actual_transpiration_cumulative_typed_mm_65,междурядье 65 см; run cwr_manual_27b381469dc51d34566f36b20984ba4e,доля,прямой или производный (см. имя),Безразмерное состояние влаги/стресса/реализации потока.,косвенная: спектральный/ET отклик
actual_soil_evaporation_typed_mm_65,междурядье 65 см; run cwr_manual_27b381469dc51d34566f36b20984ba4e,доля,прямой или производный (см. имя),Безразмерное состояние влаги/стресса/реализации потока.,косвенная: спектральный/ET отклик
deep_percolation_typed_mm_65,междурядье 65 см; run cwr_manual_27b381469dc51d34566f36b20984ba4e,мм,прямой факт/атрибут КОРНИКС,"Запас, поток или дефицит воды.",служебная
runoff_typed_mm_65,междурядье 65 см; run cwr_manual_27b381469dc51d34566f36b20984ba4e,мм,прямой факт/атрибут КОРНИКС,"Запас, поток или дефицит воды.",служебная
positive_temperature_sum_from_sowing_c_day_65,междурядье 65 см; run cwr_manual_27b381469dc51d34566f36b20984ba4e,°C·сут,прямой факт/атрибут КОРНИКС,Накопленное тепло после посадки.,высокая: фенология
water_stress_coefficient_typed_ks_65,междурядье 65 см; run cwr_manual_27b381469dc51d34566f36b20984ba4e,доля,прямой или производный (см. имя),Безразмерное состояние влаги/стресса/реализации потока.,косвенная: спектральный/ET отклик
available_water_content_taw_typed_mm_65,междурядье 65 см; run cwr_manual_27b381469dc51d34566f36b20984ba4e,мм,прямой факт/атрибут КОРНИКС,"Запас, поток или дефицит воды.",служебная
current_available_water_typed_mm_65,междурядье 65 см; run cwr_manual_27b381469dc51d34566f36b20984ba4e,мм,прямой факт/атрибут КОРНИКС,"Запас, поток или дефицит воды.",служебная
eto_daily_mm_65,междурядье 65 см; run cwr_manual_27b381469dc51d34566f36b20984ba4e,мм/сут или мм накопленно,прямой факт/атрибут КОРНИКС,Эвапотранспирация/ET0.,высокая с RS-ET; S2 alone косвенно
potential_crop_evapotranspiration_mm_65,междурядье 65 см; run cwr_manual_27b381469dc51d34566f36b20984ba4e,доля,прямой или производный (см. имя),Безразмерное состояние влаги/стресса/реализации потока.,косвенная: спектральный/ET отклик
potential_transpiration_mm_65,междурядье 65 см; run cwr_manual_27b381469dc51d34566f36b20984ba4e,доля,прямой или производный (см. имя),Безразмерное состояние влаги/стресса/реализации потока.,косвенная: спектральный/ET отклик
potential_soil_evaporation_mm_65,междурядье 65 см; run cwr_manual_27b381469dc51d34566f36b20984ba4e,доля,прямой или производный (см. имя),Безразмерное состояние влаги/стресса/реализации потока.,косвенная: спектральный/ET отклик
actual_evapotranspiration_mm_65,междурядье 65 см; run cwr_manual_27b381469dc51d34566f36b20984ba4e,доля,прямой или производный (см. имя),Безразмерное состояние влаги/стресса/реализации потока.,косвенная: спектральный/ET отклик
actual_transpiration_mm_65,междурядье 65 см; run cwr_manual_27b381469dc51d34566f36b20984ba4e,доля,прямой или производный (см. имя),Безразмерное состояние влаги/стресса/реализации потока.,косвенная: спектральный/ET отклик
actual_soil_evaporation_mm_65,междурядье 65 см; run cwr_manual_27b381469dc51d34566f36b20984ba4e,доля,прямой или производный (см. имя),Безразмерное состояние влаги/стресса/реализации потока.,косвенная: спектральный/ET отклик
actual_evapotranspiration_native_cumulative_mm_65,междурядье 65 см; run cwr_manual_27b381469dc51d34566f36b20984ba4e,доля,прямой или производный (см. имя),Безразмерное состояние влаги/стресса/реализации потока.,косвенная: спектральный/ET отклик
crop_coefficient_kc_65,междурядье 65 см; run cwr_manual_27b381469dc51d34566f36b20984ba4e,безразмерная,прямой факт/атрибут КОРНИКС,Коэффициент культуры Kc/Kcb.,высокая/средняя: NDVI→Kcb/Kc
basal_crop_coefficient_kcb_65,междурядье 65 см; run cwr_manual_27b381469dc51d34566f36b20984ba4e,безразмерная,прямой факт/атрибут КОРНИКС,Коэффициент культуры Kc/Kcb.,высокая/средняя: NDVI→Kcb/Kc
soil_evaporation_coefficient_ke_65,междурядье 65 см; run cwr_manual_27b381469dc51d34566f36b20984ba4e,доля,прямой или производный (см. имя),Безразмерное состояние влаги/стресса/реализации потока.,косвенная: спектральный/ET отклик
surface_evaporation_reduction_kr_65,междурядье 65 см; run cwr_manual_27b381469dc51d34566f36b20984ba4e,доля,прямой или производный (см. имя),Безразмерное состояние влаги/стресса/реализации потока.,косвенная: спектральный/ET отклик
water_stress_coefficient_ks_65,междурядье 65 см; run cwr_manual_27b381469dc51d34566f36b20984ba4e,доля,прямой или производный (см. имя),Безразмерное состояние влаги/стресса/реализации потока.,косвенная: спектральный/ET отклик
precipitation_raw_daily_mm_65,междурядье 65 см; run cwr_manual_27b381469dc51d34566f36b20984ba4e,мм,прямой факт/атрибут КОРНИКС,"Суточные осадки: raw — вход метода, effective — вошедшая в баланс часть.",причинная: отклик почвы/полога
precipitation_effective_daily_mm_65,междурядье 65 см; run cwr_manual_27b381469dc51d34566f36b20984ba4e,мм,прямой факт/атрибут КОРНИКС,"Суточные осадки: raw — вход метода, effective — вошедшая в баланс часть.",причинная: отклик почвы/полога
irrigation_raw_daily_mm_65,междурядье 65 см; run cwr_manual_27b381469dc51d34566f36b20984ba4e,мм,прямой факт/атрибут КОРНИКС,"Суточный полив: raw — учёт/задание, effective — поступление в почву.",причинная: отклик почвы/ET
irrigation_effective_daily_mm_65,междурядье 65 см; run cwr_manual_27b381469dc51d34566f36b20984ba4e,мм,прямой факт/атрибут КОРНИКС,"Суточный полив: raw — учёт/задание, effective — поступление в почву.",причинная: отклик почвы/ET
soil_water_start_mm_65,междурядье 65 см; run cwr_manual_27b381469dc51d34566f36b20984ba4e,мм,прямой факт/атрибут КОРНИКС,"Запас, поток или дефицит воды.",служебная
soil_water_end_mm_65,междурядье 65 см; run cwr_manual_27b381469dc51d34566f36b20984ba4e,мм,прямой факт/атрибут КОРНИКС,"Запас, поток или дефицит воды.",служебная
soil_water_available_mm_65,междурядье 65 см; run cwr_manual_27b381469dc51d34566f36b20984ba4e,мм,прямой факт/атрибут КОРНИКС,"Запас, поток или дефицит воды.",служебная
soil_water_productive_mm_65,междурядье 65 см; run cwr_manual_27b381469dc51d34566f36b20984ba4e,мм,прямой факт/атрибут КОРНИКС,"Запас, поток или дефицит воды.",служебная
soil_water_depletion_mm_65,междурядье 65 см; run cwr_manual_27b381469dc51d34566f36b20984ba4e,мм,прямой diagnostic или производный,Запас воды либо дефицит геометрического/функционального слоя.,0–10 см перспективно; глубже косвенно
soil_water_depletion_fraction_taw_65,междурядье 65 см; run cwr_manual_27b381469dc51d34566f36b20984ba4e,мм,прямой diagnostic или производный,Запас воды либо дефицит геометрического/функционального слоя.,0–10 см перспективно; глубже косвенно
total_available_water_taw_mm_65,междурядье 65 см; run cwr_manual_27b381469dc51d34566f36b20984ba4e,мм,прямой факт/атрибут КОРНИКС,"Запас, поток или дефицит воды.",служебная
readily_available_water_raw_mm_65,междурядье 65 см; run cwr_manual_27b381469dc51d34566f36b20984ba4e,мм,прямой факт/атрибут КОРНИКС,"Запас, поток или дефицит воды.",служебная
deep_drainage_below_profile_mm_65,междурядье 65 см; run cwr_manual_27b381469dc51d34566f36b20984ba4e,мм,прямой факт/атрибут КОРНИКС,"Запас, поток или дефицит воды.",служебная
drainage_runoff_daily_mm_65,междурядье 65 см; run cwr_manual_27b381469dc51d34566f36b20984ba4e,мм,прямой факт/атрибут КОРНИКС,"Запас, поток или дефицит воды.",служебная
capillary_rise_to_surface_mm_65,междурядье 65 см; run cwr_manual_27b381469dc51d34566f36b20984ba4e,мм,прямой факт/атрибут КОРНИКС,"Запас, поток или дефицит воды.",служебная
root_zone_depth_m_65,междурядье 65 см; run cwr_manual_27b381469dc51d34566f36b20984ba4e,м,прямой факт/атрибут КОРНИКС,Глубина или мощность слоя.,служебная
profile_total_depth_m_65,междурядье 65 см; run cwr_manual_27b381469dc51d34566f36b20984ba4e,м,прямой факт/атрибут КОРНИКС,Глубина или мощность слоя.,служебная
thermal_time_after_sowing_gdd_65,междурядье 65 см; run cwr_manual_27b381469dc51d34566f36b20984ba4e,°C·сут,прямой факт/атрибут КОРНИКС,Накопленное тепло после посадки.,высокая: фенология
days_after_sowing_65,междурядье 65 см; run cwr_manual_27b381469dc51d34566f36b20984ba4e,сут,прямой факт/атрибут КОРНИКС,Сутки после посадки.,высокая: фенология
crop_stage_code_65,междурядье 65 см; run cwr_manual_27b381469dc51d34566f36b20984ba4e,код,прямой факт/атрибут КОРНИКС,Фенологическая стадия.,высокая: форма сезонной кривой
balance_residual_mm_65,междурядье 65 см; run cwr_manual_27b381469dc51d34566f36b20984ba4e,мм,прямой факт/атрибут КОРНИКС,"Запас, поток или дефицит воды.",служебная
soil_surface_0_10_depth_from_m_65,междурядье 65 см; run cwr_manual_27b381469dc51d34566f36b20984ba4e,м,прямой факт/атрибут КОРНИКС,Глубина или мощность слоя.,служебная
soil_surface_0_10_depth_to_m_65,междурядье 65 см; run cwr_manual_27b381469dc51d34566f36b20984ba4e,м,прямой факт/атрибут КОРНИКС,Глубина или мощность слоя.,служебная
soil_surface_0_10_thickness_m_65,междурядье 65 см; run cwr_manual_27b381469dc51d34566f36b20984ba4e,м,прямой факт/атрибут КОРНИКС,Глубина или мощность слоя.,служебная
soil_surface_0_10_stock_mm_65,междурядье 65 см; run cwr_manual_27b381469dc51d34566f36b20984ba4e,мм,прямой diagnostic или производный,Запас воды либо дефицит геометрического/функционального слоя.,0–10 см перспективно; глубже косвенно
soil_surface_0_10_theta_65,междурядье 65 см; run cwr_manual_27b381469dc51d34566f36b20984ba4e,м³/м³,прямой факт/атрибут КОРНИКС,Объёмная влажность или гидрофизический порог.,0–10 см: S1+S2; глубже: только косвенно
soil_surface_0_10_theta_fc_65,междурядье 65 см; run cwr_manual_27b381469dc51d34566f36b20984ba4e,м³/м³,прямой факт/атрибут КОРНИКС,Объёмная влажность или гидрофизический порог.,0–10 см: S1+S2; глубже: только косвенно
soil_surface_0_10_theta_wp_65,междурядье 65 см; run cwr_manual_27b381469dc51d34566f36b20984ba4e,м³/м³,прямой факт/атрибут КОРНИКС,Объёмная влажность или гидрофизический порог.,0–10 см: S1+S2; глубже: только косвенно
soil_surface_0_10_theta_sat_65,междурядье 65 см; run cwr_manual_27b381469dc51d34566f36b20984ba4e,м³/м³,прямой факт/атрибут КОРНИКС,Объёмная влажность или гидрофизический порог.,0–10 см: S1+S2; глубже: только косвенно
soil_surface_0_10_theta_mg_65,междурядье 65 см; run cwr_manual_27b381469dc51d34566f36b20984ba4e,м³/м³,прямой факт/атрибут КОРНИКС,Объёмная влажность или гидрофизический порог.,0–10 см: S1+S2; глубже: только косвенно
soil_surface_0_10_paw_fraction_wp_fc_65,междурядье 65 см; run cwr_manual_27b381469dc51d34566f36b20984ba4e,доля,прямой или производный (см. имя),Безразмерное состояние влаги/стресса/реализации потока.,косвенная: спектральный/ET отклик
soil_root_effective_10_zr_depth_from_m_65,междурядье 65 см; run cwr_manual_27b381469dc51d34566f36b20984ba4e,м,прямой факт/атрибут КОРНИКС,Глубина или мощность слоя.,служебная
soil_root_effective_10_zr_depth_to_m_65,междурядье 65 см; run cwr_manual_27b381469dc51d34566f36b20984ba4e,м,прямой факт/атрибут КОРНИКС,Глубина или мощность слоя.,служебная
soil_root_effective_10_zr_thickness_m_65,междурядье 65 см; run cwr_manual_27b381469dc51d34566f36b20984ba4e,м,прямой факт/атрибут КОРНИКС,Глубина или мощность слоя.,служебная
soil_root_effective_10_zr_stock_mm_65,междурядье 65 см; run cwr_manual_27b381469dc51d34566f36b20984ba4e,мм,прямой diagnostic или производный,Запас воды либо дефицит геометрического/функционального слоя.,0–10 см перспективно; глубже косвенно
soil_root_effective_10_zr_theta_65,междурядье 65 см; run cwr_manual_27b381469dc51d34566f36b20984ba4e,м³/м³,прямой факт/атрибут КОРНИКС,Объёмная влажность или гидрофизический порог.,0–10 см: S1+S2; глубже: только косвенно
soil_root_effective_10_zr_theta_fc_65,междурядье 65 см; run cwr_manual_27b381469dc51d34566f36b20984ba4e,м³/м³,прямой факт/атрибут КОРНИКС,Объёмная влажность или гидрофизический порог.,0–10 см: S1+S2; глубже: только косвенно
soil_root_effective_10_zr_theta_wp_65,междурядье 65 см; run cwr_manual_27b381469dc51d34566f36b20984ba4e,м³/м³,прямой факт/атрибут КОРНИКС,Объёмная влажность или гидрофизический порог.,0–10 см: S1+S2; глубже: только косвенно
soil_root_effective_10_zr_theta_sat_65,междурядье 65 см; run cwr_manual_27b381469dc51d34566f36b20984ba4e,м³/м³,прямой факт/атрибут КОРНИКС,Объёмная влажность или гидрофизический порог.,0–10 см: S1+S2; глубже: только косвенно
soil_root_effective_10_zr_theta_mg_65,междурядье 65 см; run cwr_manual_27b381469dc51d34566f36b20984ba4e,м³/м³,прямой факт/атрибут КОРНИКС,Объёмная влажность или гидрофизический порог.,0–10 см: S1+S2; глубже: только косвенно
soil_root_effective_10_zr_paw_fraction_wp_fc_65,междурядье 65 см; run cwr_manual_27b381469dc51d34566f36b20984ba4e,доля,прямой или производный (см. имя),Безразмерное состояние влаги/стресса/реализации потока.,косвенная: спектральный/ET отклик
soil_root_total_0_zr_depth_from_m_65,междурядье 65 см; run cwr_manual_27b381469dc51d34566f36b20984ba4e,м,прямой факт/атрибут КОРНИКС,Глубина или мощность слоя.,служебная
soil_root_total_0_zr_depth_to_m_65,междурядье 65 см; run cwr_manual_27b381469dc51d34566f36b20984ba4e,м,прямой факт/атрибут КОРНИКС,Глубина или мощность слоя.,служебная
soil_root_total_0_zr_thickness_m_65,междурядье 65 см; run cwr_manual_27b381469dc51d34566f36b20984ba4e,м,прямой факт/атрибут КОРНИКС,Глубина или мощность слоя.,служебная
soil_root_total_0_zr_stock_mm_65,междурядье 65 см; run cwr_manual_27b381469dc51d34566f36b20984ba4e,мм,прямой diagnostic или производный,Запас воды либо дефицит геометрического/функционального слоя.,0–10 см перспективно; глубже косвенно
soil_root_total_0_zr_theta_65,междурядье 65 см; run cwr_manual_27b381469dc51d34566f36b20984ba4e,м³/м³,прямой факт/атрибут КОРНИКС,Объёмная влажность или гидрофизический порог.,0–10 см: S1+S2; глубже: только косвенно
soil_root_total_0_zr_theta_fc_65,междурядье 65 см; run cwr_manual_27b381469dc51d34566f36b20984ba4e,м³/м³,прямой факт/атрибут КОРНИКС,Объёмная влажность или гидрофизический порог.,0–10 см: S1+S2; глубже: только косвенно
soil_root_total_0_zr_theta_wp_65,междурядье 65 см; run cwr_manual_27b381469dc51d34566f36b20984ba4e,м³/м³,прямой факт/атрибут КОРНИКС,Объёмная влажность или гидрофизический порог.,0–10 см: S1+S2; глубже: только косвенно
soil_root_total_0_zr_theta_sat_65,междурядье 65 см; run cwr_manual_27b381469dc51d34566f36b20984ba4e,м³/м³,прямой факт/атрибут КОРНИКС,Объёмная влажность или гидрофизический порог.,0–10 см: S1+S2; глубже: только косвенно
soil_root_total_0_zr_theta_mg_65,междурядье 65 см; run cwr_manual_27b381469dc51d34566f36b20984ba4e,м³/м³,прямой факт/атрибут КОРНИКС,Объёмная влажность или гидрофизический порог.,0–10 см: S1+S2; глубже: только косвенно
soil_root_total_0_zr_paw_fraction_wp_fc_65,междурядье 65 см; run cwr_manual_27b381469dc51d34566f36b20984ba4e,доля,прямой или производный (см. имя),Безразмерное состояние влаги/стресса/реализации потока.,косвенная: спектральный/ET отклик
soil_lower_zr_100_depth_from_m_65,междурядье 65 см; run cwr_manual_27b381469dc51d34566f36b20984ba4e,м,прямой факт/атрибут КОРНИКС,Глубина или мощность слоя.,служебная
soil_lower_zr_100_depth_to_m_65,междурядье 65 см; run cwr_manual_27b381469dc51d34566f36b20984ba4e,м,прямой факт/атрибут КОРНИКС,Глубина или мощность слоя.,служебная
soil_lower_zr_100_thickness_m_65,междурядье 65 см; run cwr_manual_27b381469dc51d34566f36b20984ba4e,м,прямой факт/атрибут КОРНИКС,Глубина или мощность слоя.,служебная
soil_lower_zr_100_stock_mm_65,междурядье 65 см; run cwr_manual_27b381469dc51d34566f36b20984ba4e,мм,прямой diagnostic или производный,Запас воды либо дефицит геометрического/функционального слоя.,0–10 см перспективно; глубже косвенно
soil_lower_zr_100_theta_65,междурядье 65 см; run cwr_manual_27b381469dc51d34566f36b20984ba4e,м³/м³,прямой факт/атрибут КОРНИКС,Объёмная влажность или гидрофизический порог.,0–10 см: S1+S2; глубже: только косвенно
soil_lower_zr_100_theta_fc_65,междурядье 65 см; run cwr_manual_27b381469dc51d34566f36b20984ba4e,м³/м³,прямой факт/атрибут КОРНИКС,Объёмная влажность или гидрофизический порог.,0–10 см: S1+S2; глубже: только косвенно
soil_lower_zr_100_theta_wp_65,междурядье 65 см; run cwr_manual_27b381469dc51d34566f36b20984ba4e,м³/м³,прямой факт/атрибут КОРНИКС,Объёмная влажность или гидрофизический порог.,0–10 см: S1+S2; глубже: только косвенно
soil_lower_zr_100_theta_sat_65,междурядье 65 см; run cwr_manual_27b381469dc51d34566f36b20984ba4e,м³/м³,прямой факт/атрибут КОРНИКС,Объёмная влажность или гидрофизический порог.,0–10 см: S1+S2; глубже: только косвенно
soil_lower_zr_100_theta_mg_65,междурядье 65 см; run cwr_manual_27b381469dc51d34566f36b20984ba4e,м³/м³,прямой факт/атрибут КОРНИКС,Объёмная влажность или гидрофизический порог.,0–10 см: S1+S2; глубже: только косвенно
soil_lower_zr_100_paw_fraction_wp_fc_65,междурядье 65 см; run cwr_manual_27b381469dc51d34566f36b20984ba4e,доля,прямой или производный (см. имя),Безразмерное состояние влаги/стресса/реализации потока.,косвенная: спектральный/ET отклик
soil_layer_0_10_stock_start_mm_65,междурядье 65 см; run cwr_manual_27b381469dc51d34566f36b20984ba4e,мм,прямой diagnostic или производный,Запас воды либо дефицит геометрического/функционального слоя.,0–10 см перспективно; глубже косвенно
soil_layer_0_10_stock_end_mm_65,междурядье 65 см; run cwr_manual_27b381469dc51d34566f36b20984ba4e,мм,прямой diagnostic или производный,Запас воды либо дефицит геометрического/функционального слоя.,0–10 см перспективно; глубже косвенно
soil_layer_0_10_stock_change_mm_65,междурядье 65 см; run cwr_manual_27b381469dc51d34566f36b20984ba4e,мм,прямой diagnostic или производный,Запас воды либо дефицит геометрического/функционального слоя.,0–10 см перспективно; глубже косвенно
soil_layer_0_10_theta_m3_m3_65,междурядье 65 см; run cwr_manual_27b381469dc51d34566f36b20984ba4e,м³/м³,прямой факт/атрибут КОРНИКС,Объёмная влажность или гидрофизический порог.,0–10 см: S1+S2; глубже: только косвенно
soil_layer_0_10_theta_fc_m3_m3_65,междурядье 65 см; run cwr_manual_27b381469dc51d34566f36b20984ba4e,м³/м³,прямой факт/атрибут КОРНИКС,Объёмная влажность или гидрофизический порог.,0–10 см: S1+S2; глубже: только косвенно
soil_layer_0_10_theta_wp_m3_m3_65,междурядье 65 см; run cwr_manual_27b381469dc51d34566f36b20984ba4e,м³/м³,прямой факт/атрибут КОРНИКС,Объёмная влажность или гидрофизический порог.,0–10 см: S1+S2; глубже: только косвенно
soil_layer_0_10_theta_sat_m3_m3_65,междурядье 65 см; run cwr_manual_27b381469dc51d34566f36b20984ba4e,м³/м³,прямой факт/атрибут КОРНИКС,Объёмная влажность или гидрофизический порог.,0–10 см: S1+S2; глубже: только косвенно
soil_layer_0_10_theta_mg_m3_m3_65,междурядье 65 см; run cwr_manual_27b381469dc51d34566f36b20984ba4e,м³/м³,прямой факт/атрибут КОРНИКС,Объёмная влажность или гидрофизический порог.,0–10 см: S1+S2; глубже: только косвенно
soil_layer_0_10_paw_mm_65,междурядье 65 см; run cwr_manual_27b381469dc51d34566f36b20984ba4e,мм,прямой diagnostic или производный,Запас воды либо дефицит геометрического/функционального слоя.,0–10 см перспективно; глубже косвенно
soil_layer_0_10_depletion_from_fc_mm_65,междурядье 65 см; run cwr_manual_27b381469dc51d34566f36b20984ba4e,мм,прямой diagnostic или производный,Запас воды либо дефицит геометрического/функционального слоя.,0–10 см перспективно; глубже косвенно
soil_layer_0_10_paw_fraction_wp_fc_65,междурядье 65 см; run cwr_manual_27b381469dc51d34566f36b20984ba4e,доля,прямой или производный (см. имя),Безразмерное состояние влаги/стресса/реализации потока.,косвенная: спектральный/ET отклик
soil_layer_0_10_root_uptake_mm_65,междурядье 65 см; run cwr_manual_27b381469dc51d34566f36b20984ba4e,мм,прямой факт/атрибут КОРНИКС,"Запас, поток или дефицит воды.",служебная
soil_layer_0_10_evaporation_mm_65,междурядье 65 см; run cwr_manual_27b381469dc51d34566f36b20984ba4e,доля,прямой или производный (см. имя),Безразмерное состояние влаги/стресса/реализации потока.,косвенная: спектральный/ET отклик
soil_layer_10_20_stock_start_mm_65,междурядье 65 см; run cwr_manual_27b381469dc51d34566f36b20984ba4e,мм,прямой diagnostic или производный,Запас воды либо дефицит геометрического/функционального слоя.,0–10 см перспективно; глубже косвенно
soil_layer_10_20_stock_end_mm_65,междурядье 65 см; run cwr_manual_27b381469dc51d34566f36b20984ba4e,мм,прямой diagnostic или производный,Запас воды либо дефицит геометрического/функционального слоя.,0–10 см перспективно; глубже косвенно
soil_layer_10_20_stock_change_mm_65,междурядье 65 см; run cwr_manual_27b381469dc51d34566f36b20984ba4e,мм,прямой diagnostic или производный,Запас воды либо дефицит геометрического/функционального слоя.,0–10 см перспективно; глубже косвенно
soil_layer_10_20_theta_m3_m3_65,междурядье 65 см; run cwr_manual_27b381469dc51d34566f36b20984ba4e,м³/м³,прямой факт/атрибут КОРНИКС,Объёмная влажность или гидрофизический порог.,0–10 см: S1+S2; глубже: только косвенно
soil_layer_10_20_theta_fc_m3_m3_65,междурядье 65 см; run cwr_manual_27b381469dc51d34566f36b20984ba4e,м³/м³,прямой факт/атрибут КОРНИКС,Объёмная влажность или гидрофизический порог.,0–10 см: S1+S2; глубже: только косвенно
soil_layer_10_20_theta_wp_m3_m3_65,междурядье 65 см; run cwr_manual_27b381469dc51d34566f36b20984ba4e,м³/м³,прямой факт/атрибут КОРНИКС,Объёмная влажность или гидрофизический порог.,0–10 см: S1+S2; глубже: только косвенно
soil_layer_10_20_theta_sat_m3_m3_65,междурядье 65 см; run cwr_manual_27b381469dc51d34566f36b20984ba4e,м³/м³,прямой факт/атрибут КОРНИКС,Объёмная влажность или гидрофизический порог.,0–10 см: S1+S2; глубже: только косвенно
soil_layer_10_20_theta_mg_m3_m3_65,междурядье 65 см; run cwr_manual_27b381469dc51d34566f36b20984ba4e,м³/м³,прямой факт/атрибут КОРНИКС,Объёмная влажность или гидрофизический порог.,0–10 см: S1+S2; глубже: только косвенно
soil_layer_10_20_paw_mm_65,междурядье 65 см; run cwr_manual_27b381469dc51d34566f36b20984ba4e,мм,прямой diagnostic или производный,Запас воды либо дефицит геометрического/функционального слоя.,0–10 см перспективно; глубже косвенно
soil_layer_10_20_depletion_from_fc_mm_65,междурядье 65 см; run cwr_manual_27b381469dc51d34566f36b20984ba4e,мм,прямой diagnostic или производный,Запас воды либо дефицит геометрического/функционального слоя.,0–10 см перспективно; глубже косвенно
soil_layer_10_20_paw_fraction_wp_fc_65,междурядье 65 см; run cwr_manual_27b381469dc51d34566f36b20984ba4e,доля,прямой или производный (см. имя),Безразмерное состояние влаги/стресса/реализации потока.,косвенная: спектральный/ET отклик
soil_layer_10_20_root_uptake_mm_65,междурядье 65 см; run cwr_manual_27b381469dc51d34566f36b20984ba4e,мм,прямой факт/атрибут КОРНИКС,"Запас, поток или дефицит воды.",служебная
soil_layer_10_20_evaporation_mm_65,междурядье 65 см; run cwr_manual_27b381469dc51d34566f36b20984ba4e,доля,прямой или производный (см. имя),Безразмерное состояние влаги/стресса/реализации потока.,косвенная: спектральный/ET отклик
soil_layer_20_30_stock_start_mm_65,междурядье 65 см; run cwr_manual_27b381469dc51d34566f36b20984ba4e,мм,прямой diagnostic или производный,Запас воды либо дефицит геометрического/функционального слоя.,0–10 см перспективно; глубже косвенно
soil_layer_20_30_stock_end_mm_65,междурядье 65 см; run cwr_manual_27b381469dc51d34566f36b20984ba4e,мм,прямой diagnostic или производный,Запас воды либо дефицит геометрического/функционального слоя.,0–10 см перспективно; глубже косвенно
soil_layer_20_30_stock_change_mm_65,междурядье 65 см; run cwr_manual_27b381469dc51d34566f36b20984ba4e,мм,прямой diagnostic или производный,Запас воды либо дефицит геометрического/функционального слоя.,0–10 см перспективно; глубже косвенно
soil_layer_20_30_theta_m3_m3_65,междурядье 65 см; run cwr_manual_27b381469dc51d34566f36b20984ba4e,м³/м³,прямой факт/атрибут КОРНИКС,Объёмная влажность или гидрофизический порог.,0–10 см: S1+S2; глубже: только косвенно
soil_layer_20_30_theta_fc_m3_m3_65,междурядье 65 см; run cwr_manual_27b381469dc51d34566f36b20984ba4e,м³/м³,прямой факт/атрибут КОРНИКС,Объёмная влажность или гидрофизический порог.,0–10 см: S1+S2; глубже: только косвенно
soil_layer_20_30_theta_wp_m3_m3_65,междурядье 65 см; run cwr_manual_27b381469dc51d34566f36b20984ba4e,м³/м³,прямой факт/атрибут КОРНИКС,Объёмная влажность или гидрофизический порог.,0–10 см: S1+S2; глубже: только косвенно
soil_layer_20_30_theta_sat_m3_m3_65,междурядье 65 см; run cwr_manual_27b381469dc51d34566f36b20984ba4e,м³/м³,прямой факт/атрибут КОРНИКС,Объёмная влажность или гидрофизический порог.,0–10 см: S1+S2; глубже: только косвенно
soil_layer_20_30_theta_mg_m3_m3_65,междурядье 65 см; run cwr_manual_27b381469dc51d34566f36b20984ba4e,м³/м³,прямой факт/атрибут КОРНИКС,Объёмная влажность или гидрофизический порог.,0–10 см: S1+S2; глубже: только косвенно
soil_layer_20_30_paw_mm_65,междурядье 65 см; run cwr_manual_27b381469dc51d34566f36b20984ba4e,мм,прямой diagnostic или производный,Запас воды либо дефицит геометрического/функционального слоя.,0–10 см перспективно; глубже косвенно
soil_layer_20_30_depletion_from_fc_mm_65,междурядье 65 см; run cwr_manual_27b381469dc51d34566f36b20984ba4e,мм,прямой diagnostic или производный,Запас воды либо дефицит геометрического/функционального слоя.,0–10 см перспективно; глубже косвенно
soil_layer_20_30_paw_fraction_wp_fc_65,междурядье 65 см; run cwr_manual_27b381469dc51d34566f36b20984ba4e,доля,прямой или производный (см. имя),Безразмерное состояние влаги/стресса/реализации потока.,косвенная: спектральный/ET отклик
soil_layer_20_30_root_uptake_mm_65,междурядье 65 см; run cwr_manual_27b381469dc51d34566f36b20984ba4e,мм,прямой факт/атрибут КОРНИКС,"Запас, поток или дефицит воды.",служебная
soil_layer_20_30_evaporation_mm_65,междурядье 65 см; run cwr_manual_27b381469dc51d34566f36b20984ba4e,доля,прямой или производный (см. имя),Безразмерное состояние влаги/стресса/реализации потока.,косвенная: спектральный/ET отклик
soil_layer_30_40_stock_start_mm_65,междурядье 65 см; run cwr_manual_27b381469dc51d34566f36b20984ba4e,мм,прямой diagnostic или производный,Запас воды либо дефицит геометрического/функционального слоя.,0–10 см перспективно; глубже косвенно
soil_layer_30_40_stock_end_mm_65,междурядье 65 см; run cwr_manual_27b381469dc51d34566f36b20984ba4e,мм,прямой diagnostic или производный,Запас воды либо дефицит геометрического/функционального слоя.,0–10 см перспективно; глубже косвенно
soil_layer_30_40_stock_change_mm_65,междурядье 65 см; run cwr_manual_27b381469dc51d34566f36b20984ba4e,мм,прямой diagnostic или производный,Запас воды либо дефицит геометрического/функционального слоя.,0–10 см перспективно; глубже косвенно
soil_layer_30_40_theta_m3_m3_65,междурядье 65 см; run cwr_manual_27b381469dc51d34566f36b20984ba4e,м³/м³,прямой факт/атрибут КОРНИКС,Объёмная влажность или гидрофизический порог.,0–10 см: S1+S2; глубже: только косвенно
soil_layer_30_40_theta_fc_m3_m3_65,междурядье 65 см; run cwr_manual_27b381469dc51d34566f36b20984ba4e,м³/м³,прямой факт/атрибут КОРНИКС,Объёмная влажность или гидрофизический порог.,0–10 см: S1+S2; глубже: только косвенно
soil_layer_30_40_theta_wp_m3_m3_65,междурядье 65 см; run cwr_manual_27b381469dc51d34566f36b20984ba4e,м³/м³,прямой факт/атрибут КОРНИКС,Объёмная влажность или гидрофизический порог.,0–10 см: S1+S2; глубже: только косвенно
soil_layer_30_40_theta_sat_m3_m3_65,междурядье 65 см; run cwr_manual_27b381469dc51d34566f36b20984ba4e,м³/м³,прямой факт/атрибут КОРНИКС,Объёмная влажность или гидрофизический порог.,0–10 см: S1+S2; глубже: только косвенно
soil_layer_30_40_theta_mg_m3_m3_65,междурядье 65 см; run cwr_manual_27b381469dc51d34566f36b20984ba4e,м³/м³,прямой факт/атрибут КОРНИКС,Объёмная влажность или гидрофизический порог.,0–10 см: S1+S2; глубже: только косвенно
soil_layer_30_40_paw_mm_65,междурядье 65 см; run cwr_manual_27b381469dc51d34566f36b20984ba4e,мм,прямой diagnostic или производный,Запас воды либо дефицит геометрического/функционального слоя.,0–10 см перспективно; глубже косвенно
soil_layer_30_40_depletion_from_fc_mm_65,междурядье 65 см; run cwr_manual_27b381469dc51d34566f36b20984ba4e,мм,прямой diagnostic или производный,Запас воды либо дефицит геометрического/функционального слоя.,0–10 см перспективно; глубже косвенно
soil_layer_30_40_paw_fraction_wp_fc_65,междурядье 65 см; run cwr_manual_27b381469dc51d34566f36b20984ba4e,доля,прямой или производный (см. имя),Безразмерное состояние влаги/стресса/реализации потока.,косвенная: спектральный/ET отклик
soil_layer_30_40_root_uptake_mm_65,междурядье 65 см; run cwr_manual_27b381469dc51d34566f36b20984ba4e,мм,прямой факт/атрибут КОРНИКС,"Запас, поток или дефицит воды.",служебная
soil_layer_30_40_evaporation_mm_65,междурядье 65 см; run cwr_manual_27b381469dc51d34566f36b20984ba4e,доля,прямой или производный (см. имя),Безразмерное состояние влаги/стресса/реализации потока.,косвенная: спектральный/ET отклик
soil_layer_40_50_stock_start_mm_65,междурядье 65 см; run cwr_manual_27b381469dc51d34566f36b20984ba4e,мм,прямой diagnostic или производный,Запас воды либо дефицит геометрического/функционального слоя.,0–10 см перспективно; глубже косвенно
soil_layer_40_50_stock_end_mm_65,междурядье 65 см; run cwr_manual_27b381469dc51d34566f36b20984ba4e,мм,прямой diagnostic или производный,Запас воды либо дефицит геометрического/функционального слоя.,0–10 см перспективно; глубже косвенно
soil_layer_40_50_stock_change_mm_65,междурядье 65 см; run cwr_manual_27b381469dc51d34566f36b20984ba4e,мм,прямой diagnostic или производный,Запас воды либо дефицит геометрического/функционального слоя.,0–10 см перспективно; глубже косвенно
soil_layer_40_50_theta_m3_m3_65,междурядье 65 см; run cwr_manual_27b381469dc51d34566f36b20984ba4e,м³/м³,прямой факт/атрибут КОРНИКС,Объёмная влажность или гидрофизический порог.,0–10 см: S1+S2; глубже: только косвенно
soil_layer_40_50_theta_fc_m3_m3_65,междурядье 65 см; run cwr_manual_27b381469dc51d34566f36b20984ba4e,м³/м³,прямой факт/атрибут КОРНИКС,Объёмная влажность или гидрофизический порог.,0–10 см: S1+S2; глубже: только косвенно
soil_layer_40_50_theta_wp_m3_m3_65,междурядье 65 см; run cwr_manual_27b381469dc51d34566f36b20984ba4e,м³/м³,прямой факт/атрибут КОРНИКС,Объёмная влажность или гидрофизический порог.,0–10 см: S1+S2; глубже: только косвенно
soil_layer_40_50_theta_sat_m3_m3_65,междурядье 65 см; run cwr_manual_27b381469dc51d34566f36b20984ba4e,м³/м³,прямой факт/атрибут КОРНИКС,Объёмная влажность или гидрофизический порог.,0–10 см: S1+S2; глубже: только косвенно
soil_layer_40_50_theta_mg_m3_m3_65,междурядье 65 см; run cwr_manual_27b381469dc51d34566f36b20984ba4e,м³/м³,прямой факт/атрибут КОРНИКС,Объёмная влажность или гидрофизический порог.,0–10 см: S1+S2; глубже: только косвенно
soil_layer_40_50_paw_mm_65,междурядье 65 см; run cwr_manual_27b381469dc51d34566f36b20984ba4e,мм,прямой diagnostic или производный,Запас воды либо дефицит геометрического/функционального слоя.,0–10 см перспективно; глубже косвенно
soil_layer_40_50_depletion_from_fc_mm_65,междурядье 65 см; run cwr_manual_27b381469dc51d34566f36b20984ba4e,мм,прямой diagnostic или производный,Запас воды либо дефицит геометрического/функционального слоя.,0–10 см перспективно; глубже косвенно
soil_layer_40_50_paw_fraction_wp_fc_65,междурядье 65 см; run cwr_manual_27b381469dc51d34566f36b20984ba4e,доля,прямой или производный (см. имя),Безразмерное состояние влаги/стресса/реализации потока.,косвенная: спектральный/ET отклик
soil_layer_40_50_root_uptake_mm_65,междурядье 65 см; run cwr_manual_27b381469dc51d34566f36b20984ba4e,мм,прямой факт/атрибут КОРНИКС,"Запас, поток или дефицит воды.",служебная
soil_layer_40_50_evaporation_mm_65,междурядье 65 см; run cwr_manual_27b381469dc51d34566f36b20984ba4e,доля,прямой или производный (см. имя),Безразмерное состояние влаги/стресса/реализации потока.,косвенная: спектральный/ET отклик
soil_layer_50_60_stock_start_mm_65,междурядье 65 см; run cwr_manual_27b381469dc51d34566f36b20984ba4e,мм,прямой diagnostic или производный,Запас воды либо дефицит геометрического/функционального слоя.,0–10 см перспективно; глубже косвенно
soil_layer_50_60_stock_end_mm_65,междурядье 65 см; run cwr_manual_27b381469dc51d34566f36b20984ba4e,мм,прямой diagnostic или производный,Запас воды либо дефицит геометрического/функционального слоя.,0–10 см перспективно; глубже косвенно
soil_layer_50_60_stock_change_mm_65,междурядье 65 см; run cwr_manual_27b381469dc51d34566f36b20984ba4e,мм,прямой diagnostic или производный,Запас воды либо дефицит геометрического/функционального слоя.,0–10 см перспективно; глубже косвенно
soil_layer_50_60_theta_m3_m3_65,междурядье 65 см; run cwr_manual_27b381469dc51d34566f36b20984ba4e,м³/м³,прямой факт/атрибут КОРНИКС,Объёмная влажность или гидрофизический порог.,0–10 см: S1+S2; глубже: только косвенно
soil_layer_50_60_theta_fc_m3_m3_65,междурядье 65 см; run cwr_manual_27b381469dc51d34566f36b20984ba4e,м³/м³,прямой факт/атрибут КОРНИКС,Объёмная влажность или гидрофизический порог.,0–10 см: S1+S2; глубже: только косвенно
soil_layer_50_60_theta_wp_m3_m3_65,междурядье 65 см; run cwr_manual_27b381469dc51d34566f36b20984ba4e,м³/м³,прямой факт/атрибут КОРНИКС,Объёмная влажность или гидрофизический порог.,0–10 см: S1+S2; глубже: только косвенно
soil_layer_50_60_theta_sat_m3_m3_65,междурядье 65 см; run cwr_manual_27b381469dc51d34566f36b20984ba4e,м³/м³,прямой факт/атрибут КОРНИКС,Объёмная влажность или гидрофизический порог.,0–10 см: S1+S2; глубже: только косвенно
soil_layer_50_60_theta_mg_m3_m3_65,междурядье 65 см; run cwr_manual_27b381469dc51d34566f36b20984ba4e,м³/м³,прямой факт/атрибут КОРНИКС,Объёмная влажность или гидрофизический порог.,0–10 см: S1+S2; глубже: только косвенно
soil_layer_50_60_paw_mm_65,междурядье 65 см; run cwr_manual_27b381469dc51d34566f36b20984ba4e,мм,прямой diagnostic или производный,Запас воды либо дефицит геометрического/функционального слоя.,0–10 см перспективно; глубже косвенно
soil_layer_50_60_depletion_from_fc_mm_65,междурядье 65 см; run cwr_manual_27b381469dc51d34566f36b20984ba4e,мм,прямой diagnostic или производный,Запас воды либо дефицит геометрического/функционального слоя.,0–10 см перспективно; глубже косвенно
soil_layer_50_60_paw_fraction_wp_fc_65,междурядье 65 см; run cwr_manual_27b381469dc51d34566f36b20984ba4e,доля,прямой или производный (см. имя),Безразмерное состояние влаги/стресса/реализации потока.,косвенная: спектральный/ET отклик
soil_layer_50_60_root_uptake_mm_65,междурядье 65 см; run cwr_manual_27b381469dc51d34566f36b20984ba4e,мм,прямой факт/атрибут КОРНИКС,"Запас, поток или дефицит воды.",служебная
soil_layer_50_60_evaporation_mm_65,междурядье 65 см; run cwr_manual_27b381469dc51d34566f36b20984ba4e,доля,прямой или производный (см. имя),Безразмерное состояние влаги/стресса/реализации потока.,косвенная: спектральный/ET отклик
soil_layer_60_80_stock_start_mm_65,междурядье 65 см; run cwr_manual_27b381469dc51d34566f36b20984ba4e,мм,прямой diagnostic или производный,Запас воды либо дефицит геометрического/функционального слоя.,0–10 см перспективно; глубже косвенно
soil_layer_60_80_stock_end_mm_65,междурядье 65 см; run cwr_manual_27b381469dc51d34566f36b20984ba4e,мм,прямой diagnostic или производный,Запас воды либо дефицит геометрического/функционального слоя.,0–10 см перспективно; глубже косвенно
soil_layer_60_80_stock_change_mm_65,междурядье 65 см; run cwr_manual_27b381469dc51d34566f36b20984ba4e,мм,прямой diagnostic или производный,Запас воды либо дефицит геометрического/функционального слоя.,0–10 см перспективно; глубже косвенно
soil_layer_60_80_theta_m3_m3_65,междурядье 65 см; run cwr_manual_27b381469dc51d34566f36b20984ba4e,м³/м³,прямой факт/атрибут КОРНИКС,Объёмная влажность или гидрофизический порог.,0–10 см: S1+S2; глубже: только косвенно
soil_layer_60_80_theta_fc_m3_m3_65,междурядье 65 см; run cwr_manual_27b381469dc51d34566f36b20984ba4e,м³/м³,прямой факт/атрибут КОРНИКС,Объёмная влажность или гидрофизический порог.,0–10 см: S1+S2; глубже: только косвенно
soil_layer_60_80_theta_wp_m3_m3_65,междурядье 65 см; run cwr_manual_27b381469dc51d34566f36b20984ba4e,м³/м³,прямой факт/атрибут КОРНИКС,Объёмная влажность или гидрофизический порог.,0–10 см: S1+S2; глубже: только косвенно
soil_layer_60_80_theta_sat_m3_m3_65,междурядье 65 см; run cwr_manual_27b381469dc51d34566f36b20984ba4e,м³/м³,прямой факт/атрибут КОРНИКС,Объёмная влажность или гидрофизический порог.,0–10 см: S1+S2; глубже: только косвенно
soil_layer_60_80_theta_mg_m3_m3_65,междурядье 65 см; run cwr_manual_27b381469dc51d34566f36b20984ba4e,м³/м³,прямой факт/атрибут КОРНИКС,Объёмная влажность или гидрофизический порог.,0–10 см: S1+S2; глубже: только косвенно
soil_layer_60_80_paw_mm_65,междурядье 65 см; run cwr_manual_27b381469dc51d34566f36b20984ba4e,мм,прямой diagnostic или производный,Запас воды либо дефицит геометрического/функционального слоя.,0–10 см перспективно; глубже косвенно
soil_layer_60_80_depletion_from_fc_mm_65,междурядье 65 см; run cwr_manual_27b381469dc51d34566f36b20984ba4e,мм,прямой diagnostic или производный,Запас воды либо дефицит геометрического/функционального слоя.,0–10 см перспективно; глубже косвенно
soil_layer_60_80_paw_fraction_wp_fc_65,междурядье 65 см; run cwr_manual_27b381469dc51d34566f36b20984ba4e,доля,прямой или производный (см. имя),Безразмерное состояние влаги/стресса/реализации потока.,косвенная: спектральный/ET отклик
soil_layer_60_80_root_uptake_mm_65,междурядье 65 см; run cwr_manual_27b381469dc51d34566f36b20984ba4e,мм,прямой факт/атрибут КОРНИКС,"Запас, поток или дефицит воды.",служебная
soil_layer_60_80_evaporation_mm_65,междурядье 65 см; run cwr_manual_27b381469dc51d34566f36b20984ba4e,доля,прямой или производный (см. имя),Безразмерное состояние влаги/стресса/реализации потока.,косвенная: спектральный/ET отклик
soil_layer_80_100_stock_start_mm_65,междурядье 65 см; run cwr_manual_27b381469dc51d34566f36b20984ba4e,мм,прямой diagnostic или производный,Запас воды либо дефицит геометрического/функционального слоя.,0–10 см перспективно; глубже косвенно
soil_layer_80_100_stock_end_mm_65,междурядье 65 см; run cwr_manual_27b381469dc51d34566f36b20984ba4e,мм,прямой diagnostic или производный,Запас воды либо дефицит геометрического/функционального слоя.,0–10 см перспективно; глубже косвенно
soil_layer_80_100_stock_change_mm_65,междурядье 65 см; run cwr_manual_27b381469dc51d34566f36b20984ba4e,мм,прямой diagnostic или производный,Запас воды либо дефицит геометрического/функционального слоя.,0–10 см перспективно; глубже косвенно
soil_layer_80_100_theta_m3_m3_65,междурядье 65 см; run cwr_manual_27b381469dc51d34566f36b20984ba4e,м³/м³,прямой факт/атрибут КОРНИКС,Объёмная влажность или гидрофизический порог.,0–10 см: S1+S2; глубже: только косвенно
soil_layer_80_100_theta_fc_m3_m3_65,междурядье 65 см; run cwr_manual_27b381469dc51d34566f36b20984ba4e,м³/м³,прямой факт/атрибут КОРНИКС,Объёмная влажность или гидрофизический порог.,0–10 см: S1+S2; глубже: только косвенно
soil_layer_80_100_theta_wp_m3_m3_65,междурядье 65 см; run cwr_manual_27b381469dc51d34566f36b20984ba4e,м³/м³,прямой факт/атрибут КОРНИКС,Объёмная влажность или гидрофизический порог.,0–10 см: S1+S2; глубже: только косвенно
soil_layer_80_100_theta_sat_m3_m3_65,междурядье 65 см; run cwr_manual_27b381469dc51d34566f36b20984ba4e,м³/м³,прямой факт/атрибут КОРНИКС,Объёмная влажность или гидрофизический порог.,0–10 см: S1+S2; глубже: только косвенно
soil_layer_80_100_theta_mg_m3_m3_65,междурядье 65 см; run cwr_manual_27b381469dc51d34566f36b20984ba4e,м³/м³,прямой факт/атрибут КОРНИКС,Объёмная влажность или гидрофизический порог.,0–10 см: S1+S2; глубже: только косвенно
soil_layer_80_100_paw_mm_65,междурядье 65 см; run cwr_manual_27b381469dc51d34566f36b20984ba4e,мм,прямой diagnostic или производный,Запас воды либо дефицит геометрического/функционального слоя.,0–10 см перспективно; глубже косвенно
soil_layer_80_100_depletion_from_fc_mm_65,междурядье 65 см; run cwr_manual_27b381469dc51d34566f36b20984ba4e,мм,прямой diagnostic или производный,Запас воды либо дефицит геометрического/функционального слоя.,0–10 см перспективно; глубже косвенно
soil_layer_80_100_paw_fraction_wp_fc_65,междурядье 65 см; run cwr_manual_27b381469dc51d34566f36b20984ba4e,доля,прямой или производный (см. имя),Безразмерное состояние влаги/стресса/реализации потока.,косвенная: спектральный/ET отклик
soil_layer_80_100_root_uptake_mm_65,междурядье 65 см; run cwr_manual_27b381469dc51d34566f36b20984ba4e,мм,прямой факт/атрибут КОРНИКС,"Запас, поток или дефицит воды.",служебная
soil_layer_80_100_evaporation_mm_65,междурядье 65 см; run cwr_manual_27b381469dc51d34566f36b20984ba4e,доля,прямой или производный (см. имя),Безразмерное состояние влаги/стресса/реализации потока.,косвенная: спектральный/ET отклик
canopy_cover_fraction_derived_65,междурядье 65 см; run cwr_manual_27b381469dc51d34566f36b20984ba4e,доля 0–1,производный,Физиологическое покрытие по DB-якорям культуры и GDD/DAS; не изменяется геометрической поправкой.,"наивысшая: развитие/LAI, не прямой FCover"
canopy_open_fraction_derived_65,междурядье 65 см; run cwr_manual_27b381469dc51d34566f36b20984ba4e,доля 0–1,производный,Открытая доля поверхности: 1 − canopy cover.,высокая: bare-soil fraction
row_spacing_m_65,междурядье 65 см; run cwr_manual_27b381469dc51d34566f36b20984ba4e,м,прямой факт/атрибут КОРНИКС,Глубина или мощность слоя.,служебная
row_closure_coefficient_65,междурядье 65 см; run cwr_manual_27b381469dc51d34566f36b20984ba4e,безразмерная,параметр snapshot,Коэффициент смыкания рядков: 1.0 возвращает прежнее физиологическое покрытие; меньше 1.0 замедляет только закрытие почвы.,калибруется по FCover
ground_cover_fraction_row_geometry_65,междурядье 65 см; run cwr_manual_27b381469dc51d34566f36b20984ba4e,доля 0–1,производный: row_geometry_lai,"Геометрическое закрытие почвы между рядками; влияет на few/Ke в новом run, но не на фенологию или Kcb.",наивысшая: Sentinel-2 FCover
satellite_fcover_expected_65,междурядье 65 см; run cwr_manual_27b381469dc51d34566f36b20984ba4e,доля 0–1,производный наблюдательный оператор,Ожидаемый FCover Sentinel-2 после отдельного affine-оператора над геометрическим покрытием.,прямая проверка: Sentinel-2 FCover
model_water_stress_index_1_minus_ks_65,междурядье 65 см; run cwr_manual_27b381469dc51d34566f36b20984ba4e,доля,прямой или производный (см. имя),Безразмерное состояние влаги/стресса/реализации потока.,косвенная: спектральный/ET отклик
actual_to_potential_et_ratio_65,междурядье 65 см; run cwr_manual_27b381469dc51d34566f36b20984ba4e,доля,прямой или производный (см. имя),Безразмерное состояние влаги/стресса/реализации потока.,косвенная: спектральный/ET отклик
actual_to_potential_transpiration_ratio_65,междурядье 65 см; run cwr_manual_27b381469dc51d34566f36b20984ba4e,доля,прямой или производный (см. имя),Безразмерное состояние влаги/стресса/реализации потока.,косвенная: спектральный/ET отклик
transpiration_fraction_of_actual_et_65,междурядье 65 см; run cwr_manual_27b381469dc51d34566f36b20984ba4e,доля,производный,Безразмерное состояние влаги/стресса/реализации потока.,косвенная: спектральный/ET отклик
evaporation_fraction_of_actual_et_65,междурядье 65 см; run cwr_manual_27b381469dc51d34566f36b20984ba4e,доля,производный,Безразмерное состояние влаги/стресса/реализации потока.,косвенная: спектральный/ET отклик
evapotranspiration_deficit_mm_65,междурядье 65 см; run cwr_manual_27b381469dc51d34566f36b20984ba4e,доля,производный,Безразмерное состояние влаги/стресса/реализации потока.,косвенная: спектральный/ET отклик
precipitation_raw_mm_cumulative_from_export_start_65,междурядье 65 см; run cwr_manual_27b381469dc51d34566f36b20984ba4e,мм,прямой факт/атрибут КОРНИКС,"Суточные осадки: raw — вход метода, effective — вошедшая в баланс часть.",причинная: отклик почвы/полога
precipitation_effective_mm_cumulative_from_export_start_65,междурядье 65 см; run cwr_manual_27b381469dc51d34566f36b20984ba4e,мм,прямой факт/атрибут КОРНИКС,"Суточные осадки: raw — вход метода, effective — вошедшая в баланс часть.",причинная: отклик почвы/полога
irrigation_raw_mm_cumulative_from_export_start_65,междурядье 65 см; run cwr_manual_27b381469dc51d34566f36b20984ba4e,мм,прямой факт/атрибут КОРНИКС,"Суточный полив: raw — учёт/задание, effective — поступление в почву.",причинная: отклик почвы/ET
irrigation_effective_mm_cumulative_from_export_start_65,междурядье 65 см; run cwr_manual_27b381469dc51d34566f36b20984ba4e,мм,прямой факт/атрибут КОРНИКС,"Суточный полив: raw — учёт/задание, effective — поступление в почву.",причинная: отклик почвы/ET
actual_evapotranspiration_mm_cumulative_from_export_start_65,междурядье 65 см; run cwr_manual_27b381469dc51d34566f36b20984ba4e,доля,прямой или производный (см. имя),Безразмерное состояние влаги/стресса/реализации потока.,косвенная: спектральный/ET отклик
actual_transpiration_mm_cumulative_from_export_start_65,междурядье 65 см; run cwr_manual_27b381469dc51d34566f36b20984ba4e,доля,прямой или производный (см. имя),Безразмерное состояние влаги/стресса/реализации потока.,косвенная: спектральный/ET отклик
actual_soil_evaporation_mm_cumulative_from_export_start_65,междурядье 65 см; run cwr_manual_27b381469dc51d34566f36b20984ba4e,доля,прямой или производный (см. имя),Безразмерное состояние влаги/стресса/реализации потока.,косвенная: спектральный/ET отклик
deep_drainage_below_profile_mm_cumulative_from_export_start_65,междурядье 65 см; run cwr_manual_27b381469dc51d34566f36b20984ba4e,мм,прямой факт/атрибут КОРНИКС,"Запас, поток или дефицит воды.",служебная
published_calculation_run_id_90,междурядье 90 см; run cwr_manual_54e2a0cfe23f2c8531a29f50ffecb54d,текст/безразмерная,прямой факт/атрибут КОРНИКС,Служебный атрибут воспроизводимости.,служебная
source_calculation_run_id_90,междурядье 90 см; run cwr_manual_54e2a0cfe23f2c8531a29f50ffecb54d,текст/безразмерная,прямой факт/атрибут КОРНИКС,Служебный атрибут воспроизводимости.,служебная
lineage_depth_90,междурядье 90 см; run cwr_manual_54e2a0cfe23f2c8531a29f50ffecb54d,текст/безразмерная,прямой факт/атрибут КОРНИКС,Служебный атрибут воспроизводимости.,служебная
parameter_snapshot_id_90,междурядье 90 см; run cwr_manual_54e2a0cfe23f2c8531a29f50ffecb54d,текст/безразмерная,прямой факт/атрибут КОРНИКС,Служебный атрибут воспроизводимости.,служебная
weather_snapshot_id_90,междурядье 90 см; run cwr_manual_54e2a0cfe23f2c8531a29f50ffecb54d,текст/безразмерная,прямой факт/атрибут КОРНИКС,Служебный атрибут воспроизводимости.,служебная
calculation_status_90,междурядье 90 см; run cwr_manual_54e2a0cfe23f2c8531a29f50ffecb54d,текст/безразмерная,прямой факт/атрибут КОРНИКС,Служебный атрибут воспроизводимости.,служебная
input_completeness_status_90,междурядье 90 см; run cwr_manual_54e2a0cfe23f2c8531a29f50ffecb54d,текст/безразмерная,прямой факт/атрибут КОРНИКС,Служебный атрибут воспроизводимости.,служебная
coverage_90,междурядье 90 см; run cwr_manual_54e2a0cfe23f2c8531a29f50ffecb54d,текст/безразмерная,прямой факт/атрибут КОРНИКС,Служебный атрибут воспроизводимости.,служебная
crop_name_90,междурядье 90 см; run cwr_manual_54e2a0cfe23f2c8531a29f50ffecb54d,текст/безразмерная,прямой факт/атрибут КОРНИКС,Служебный атрибут воспроизводимости.,служебная
soil_parameter_snapshot_hash_90,междурядье 90 см; run cwr_manual_54e2a0cfe23f2c8531a29f50ffecb54d,текст/безразмерная,прямой факт/атрибут КОРНИКС,Служебный атрибут воспроизводимости.,служебная
crop_parameter_snapshot_hash_90,междурядье 90 см; run cwr_manual_54e2a0cfe23f2c8531a29f50ffecb54d,текст/безразмерная,прямой факт/атрибут КОРНИКС,Служебный атрибут воспроизводимости.,служебная
method_parameter_snapshot_hash_90,междурядье 90 см; run cwr_manual_54e2a0cfe23f2c8531a29f50ffecb54d,текст/безразмерная,прямой факт/атрибут КОРНИКС,Служебный атрибут воспроизводимости.,служебная
forcing_kind_90,междурядье 90 см; run cwr_manual_54e2a0cfe23f2c8531a29f50ffecb54d,текст/безразмерная,прямой факт/атрибут КОРНИКС,Служебный атрибут воспроизводимости.,служебная
weather_source_kind_90,междурядье 90 см; run cwr_manual_54e2a0cfe23f2c8531a29f50ffecb54d,текст/безразмерная,прямой факт/атрибут КОРНИКС,Служебный атрибут воспроизводимости.,служебная
weather_quality_status_90,междурядье 90 см; run cwr_manual_54e2a0cfe23f2c8531a29f50ffecb54d,текст/безразмерная,прямой факт/атрибут КОРНИКС,Служебный атрибут воспроизводимости.,служебная
weather_source_hash_90,междурядье 90 см; run cwr_manual_54e2a0cfe23f2c8531a29f50ffecb54d,текст/безразмерная,прямой факт/атрибут КОРНИКС,Служебный атрибут воспроизводимости.,служебная
crop_sowing_date_90,междурядье 90 см; run cwr_manual_54e2a0cfe23f2c8531a29f50ffecb54d,текст/безразмерная,прямой факт/атрибут КОРНИКС,Служебный атрибут воспроизводимости.,служебная
air_temperature_min_c_90,междурядье 90 см; run cwr_manual_54e2a0cfe23f2c8531a29f50ffecb54d,°C,прямой факт/атрибут КОРНИКС,Суточная температура forcing.,косвенная
air_temperature_mean_c_90,междурядье 90 см; run cwr_manual_54e2a0cfe23f2c8531a29f50ffecb54d,°C,прямой факт/атрибут КОРНИКС,Суточная температура forcing.,косвенная
air_temperature_max_c_90,междурядье 90 см; run cwr_manual_54e2a0cfe23f2c8531a29f50ffecb54d,°C,прямой факт/атрибут КОРНИКС,Суточная температура forcing.,косвенная
relative_humidity_min_pct_90,междурядье 90 см; run cwr_manual_54e2a0cfe23f2c8531a29f50ffecb54d,%,прямой факт/атрибут КОРНИКС,Суточная влажность воздуха.,косвенная
relative_humidity_mean_pct_90,междурядье 90 см; run cwr_manual_54e2a0cfe23f2c8531a29f50ffecb54d,%,прямой факт/атрибут КОРНИКС,Суточная влажность воздуха.,косвенная
relative_humidity_max_pct_90,междурядье 90 см; run cwr_manual_54e2a0cfe23f2c8531a29f50ffecb54d,%,прямой факт/атрибут КОРНИКС,Суточная влажность воздуха.,косвенная
wind_mean_mps_90,междурядье 90 см; run cwr_manual_54e2a0cfe23f2c8531a29f50ffecb54d,м/с,прямой факт/атрибут КОРНИКС,Суточный ветер.,косвенная через ET0
wind_max_gust_mps_90,междурядье 90 см; run cwr_manual_54e2a0cfe23f2c8531a29f50ffecb54d,м/с,прямой факт/атрибут КОРНИКС,Суточный ветер.,косвенная через ET0
weather_precipitation_mm_90,междурядье 90 см; run cwr_manual_54e2a0cfe23f2c8531a29f50ffecb54d,мм,прямой факт/атрибут КОРНИКС,"Суточные осадки: raw — вход метода, effective — вошедшая в баланс часть.",причинная: отклик почвы/полога
weather_precipitation_effective_input_mm_90,междурядье 90 см; run cwr_manual_54e2a0cfe23f2c8531a29f50ffecb54d,мм,прямой факт/атрибут КОРНИКС,"Суточные осадки: raw — вход метода, effective — вошедшая в баланс часть.",причинная: отклик почвы/полога
shortwave_radiation_mj_m2_90,междурядье 90 см; run cwr_manual_54e2a0cfe23f2c8531a29f50ffecb54d,МДж/м²/сут,прямой факт/атрибут КОРНИКС,Коротковолновая радиация.,средняя
eto_simple_weather_mm_90,междурядье 90 см; run cwr_manual_54e2a0cfe23f2c8531a29f50ffecb54d,мм/сут или мм накопленно,прямой факт/атрибут КОРНИКС,Эвапотранспирация/ET0.,высокая с RS-ET; S2 alone косвенно
eto_aquacrop_weather_mm_90,междурядье 90 см; run cwr_manual_54e2a0cfe23f2c8531a29f50ffecb54d,мм/сут или мм накопленно,прямой факт/атрибут КОРНИКС,Эвапотранспирация/ET0.,высокая с RS-ET; S2 alone косвенно
eto_reference_weather_mm_90,междурядье 90 см; run cwr_manual_54e2a0cfe23f2c8531a29f50ffecb54d,мм/сут или мм накопленно,прямой факт/атрибут КОРНИКС,Эвапотранспирация/ET0.,высокая с RS-ET; S2 alone косвенно
productive_water_reserve_mm_90,междурядье 90 см; run cwr_manual_54e2a0cfe23f2c8531a29f50ffecb54d,мм,прямой факт/атрибут КОРНИКС,"Запас, поток или дефицит воды.",служебная
available_water_mm_90,междурядье 90 см; run cwr_manual_54e2a0cfe23f2c8531a29f50ffecb54d,мм,прямой факт/атрибут КОРНИКС,"Запас, поток или дефицит воды.",служебная
water_demand_mm_90,междурядье 90 см; run cwr_manual_54e2a0cfe23f2c8531a29f50ffecb54d,мм,прямой факт/атрибут КОРНИКС,"Запас, поток или дефицит воды.",служебная
soil_water_content_profile_mm_90,междурядье 90 см; run cwr_manual_54e2a0cfe23f2c8531a29f50ffecb54d,мм,прямой факт/атрибут КОРНИКС,"Запас, поток или дефицит воды.",служебная
actual_evapotranspiration_typed_mm_90,междурядье 90 см; run cwr_manual_54e2a0cfe23f2c8531a29f50ffecb54d,доля,прямой или производный (см. имя),Безразмерное состояние влаги/стресса/реализации потока.,косвенная: спектральный/ET отклик
actual_evapotranspiration_cumulative_typed_mm_90,междурядье 90 см; run cwr_manual_54e2a0cfe23f2c8531a29f50ffecb54d,доля,прямой или производный (см. имя),Безразмерное состояние влаги/стресса/реализации потока.,косвенная: спектральный/ET отклик
actual_transpiration_typed_mm_90,междурядье 90 см; run cwr_manual_54e2a0cfe23f2c8531a29f50ffecb54d,доля,прямой или производный (см. имя),Безразмерное состояние влаги/стресса/реализации потока.,косвенная: спектральный/ET отклик
actual_transpiration_cumulative_typed_mm_90,междурядье 90 см; run cwr_manual_54e2a0cfe23f2c8531a29f50ffecb54d,доля,прямой или производный (см. имя),Безразмерное состояние влаги/стресса/реализации потока.,косвенная: спектральный/ET отклик
actual_soil_evaporation_typed_mm_90,междурядье 90 см; run cwr_manual_54e2a0cfe23f2c8531a29f50ffecb54d,доля,прямой или производный (см. имя),Безразмерное состояние влаги/стресса/реализации потока.,косвенная: спектральный/ET отклик
deep_percolation_typed_mm_90,междурядье 90 см; run cwr_manual_54e2a0cfe23f2c8531a29f50ffecb54d,мм,прямой факт/атрибут КОРНИКС,"Запас, поток или дефицит воды.",служебная
runoff_typed_mm_90,междурядье 90 см; run cwr_manual_54e2a0cfe23f2c8531a29f50ffecb54d,мм,прямой факт/атрибут КОРНИКС,"Запас, поток или дефицит воды.",служебная
positive_temperature_sum_from_sowing_c_day_90,междурядье 90 см; run cwr_manual_54e2a0cfe23f2c8531a29f50ffecb54d,°C·сут,прямой факт/атрибут КОРНИКС,Накопленное тепло после посадки.,высокая: фенология
water_stress_coefficient_typed_ks_90,междурядье 90 см; run cwr_manual_54e2a0cfe23f2c8531a29f50ffecb54d,доля,прямой или производный (см. имя),Безразмерное состояние влаги/стресса/реализации потока.,косвенная: спектральный/ET отклик
available_water_content_taw_typed_mm_90,междурядье 90 см; run cwr_manual_54e2a0cfe23f2c8531a29f50ffecb54d,мм,прямой факт/атрибут КОРНИКС,"Запас, поток или дефицит воды.",служебная
current_available_water_typed_mm_90,междурядье 90 см; run cwr_manual_54e2a0cfe23f2c8531a29f50ffecb54d,мм,прямой факт/атрибут КОРНИКС,"Запас, поток или дефицит воды.",служебная
eto_daily_mm_90,междурядье 90 см; run cwr_manual_54e2a0cfe23f2c8531a29f50ffecb54d,мм/сут или мм накопленно,прямой факт/атрибут КОРНИКС,Эвапотранспирация/ET0.,высокая с RS-ET; S2 alone косвенно
potential_crop_evapotranspiration_mm_90,междурядье 90 см; run cwr_manual_54e2a0cfe23f2c8531a29f50ffecb54d,доля,прямой или производный (см. имя),Безразмерное состояние влаги/стресса/реализации потока.,косвенная: спектральный/ET отклик
potential_transpiration_mm_90,междурядье 90 см; run cwr_manual_54e2a0cfe23f2c8531a29f50ffecb54d,доля,прямой или производный (см. имя),Безразмерное состояние влаги/стресса/реализации потока.,косвенная: спектральный/ET отклик
potential_soil_evaporation_mm_90,междурядье 90 см; run cwr_manual_54e2a0cfe23f2c8531a29f50ffecb54d,доля,прямой или производный (см. имя),Безразмерное состояние влаги/стресса/реализации потока.,косвенная: спектральный/ET отклик
actual_evapotranspiration_mm_90,междурядье 90 см; run cwr_manual_54e2a0cfe23f2c8531a29f50ffecb54d,доля,прямой или производный (см. имя),Безразмерное состояние влаги/стресса/реализации потока.,косвенная: спектральный/ET отклик
actual_transpiration_mm_90,междурядье 90 см; run cwr_manual_54e2a0cfe23f2c8531a29f50ffecb54d,доля,прямой или производный (см. имя),Безразмерное состояние влаги/стресса/реализации потока.,косвенная: спектральный/ET отклик
actual_soil_evaporation_mm_90,междурядье 90 см; run cwr_manual_54e2a0cfe23f2c8531a29f50ffecb54d,доля,прямой или производный (см. имя),Безразмерное состояние влаги/стресса/реализации потока.,косвенная: спектральный/ET отклик
actual_evapotranspiration_native_cumulative_mm_90,междурядье 90 см; run cwr_manual_54e2a0cfe23f2c8531a29f50ffecb54d,доля,прямой или производный (см. имя),Безразмерное состояние влаги/стресса/реализации потока.,косвенная: спектральный/ET отклик
crop_coefficient_kc_90,междурядье 90 см; run cwr_manual_54e2a0cfe23f2c8531a29f50ffecb54d,безразмерная,прямой факт/атрибут КОРНИКС,Коэффициент культуры Kc/Kcb.,высокая/средняя: NDVI→Kcb/Kc
basal_crop_coefficient_kcb_90,междурядье 90 см; run cwr_manual_54e2a0cfe23f2c8531a29f50ffecb54d,безразмерная,прямой факт/атрибут КОРНИКС,Коэффициент культуры Kc/Kcb.,высокая/средняя: NDVI→Kcb/Kc
soil_evaporation_coefficient_ke_90,междурядье 90 см; run cwr_manual_54e2a0cfe23f2c8531a29f50ffecb54d,доля,прямой или производный (см. имя),Безразмерное состояние влаги/стресса/реализации потока.,косвенная: спектральный/ET отклик
surface_evaporation_reduction_kr_90,междурядье 90 см; run cwr_manual_54e2a0cfe23f2c8531a29f50ffecb54d,доля,прямой или производный (см. имя),Безразмерное состояние влаги/стресса/реализации потока.,косвенная: спектральный/ET отклик
water_stress_coefficient_ks_90,междурядье 90 см; run cwr_manual_54e2a0cfe23f2c8531a29f50ffecb54d,доля,прямой или производный (см. имя),Безразмерное состояние влаги/стресса/реализации потока.,косвенная: спектральный/ET отклик
precipitation_raw_daily_mm_90,междурядье 90 см; run cwr_manual_54e2a0cfe23f2c8531a29f50ffecb54d,мм,прямой факт/атрибут КОРНИКС,"Суточные осадки: raw — вход метода, effective — вошедшая в баланс часть.",причинная: отклик почвы/полога
precipitation_effective_daily_mm_90,междурядье 90 см; run cwr_manual_54e2a0cfe23f2c8531a29f50ffecb54d,мм,прямой факт/атрибут КОРНИКС,"Суточные осадки: raw — вход метода, effective — вошедшая в баланс часть.",причинная: отклик почвы/полога
irrigation_raw_daily_mm_90,междурядье 90 см; run cwr_manual_54e2a0cfe23f2c8531a29f50ffecb54d,мм,прямой факт/атрибут КОРНИКС,"Суточный полив: raw — учёт/задание, effective — поступление в почву.",причинная: отклик почвы/ET
irrigation_effective_daily_mm_90,междурядье 90 см; run cwr_manual_54e2a0cfe23f2c8531a29f50ffecb54d,мм,прямой факт/атрибут КОРНИКС,"Суточный полив: raw — учёт/задание, effective — поступление в почву.",причинная: отклик почвы/ET
soil_water_start_mm_90,междурядье 90 см; run cwr_manual_54e2a0cfe23f2c8531a29f50ffecb54d,мм,прямой факт/атрибут КОРНИКС,"Запас, поток или дефицит воды.",служебная
soil_water_end_mm_90,междурядье 90 см; run cwr_manual_54e2a0cfe23f2c8531a29f50ffecb54d,мм,прямой факт/атрибут КОРНИКС,"Запас, поток или дефицит воды.",служебная
soil_water_available_mm_90,междурядье 90 см; run cwr_manual_54e2a0cfe23f2c8531a29f50ffecb54d,мм,прямой факт/атрибут КОРНИКС,"Запас, поток или дефицит воды.",служебная
soil_water_productive_mm_90,междурядье 90 см; run cwr_manual_54e2a0cfe23f2c8531a29f50ffecb54d,мм,прямой факт/атрибут КОРНИКС,"Запас, поток или дефицит воды.",служебная
soil_water_depletion_mm_90,междурядье 90 см; run cwr_manual_54e2a0cfe23f2c8531a29f50ffecb54d,мм,прямой diagnostic или производный,Запас воды либо дефицит геометрического/функционального слоя.,0–10 см перспективно; глубже косвенно
soil_water_depletion_fraction_taw_90,междурядье 90 см; run cwr_manual_54e2a0cfe23f2c8531a29f50ffecb54d,мм,прямой diagnostic или производный,Запас воды либо дефицит геометрического/функционального слоя.,0–10 см перспективно; глубже косвенно
total_available_water_taw_mm_90,междурядье 90 см; run cwr_manual_54e2a0cfe23f2c8531a29f50ffecb54d,мм,прямой факт/атрибут КОРНИКС,"Запас, поток или дефицит воды.",служебная
readily_available_water_raw_mm_90,междурядье 90 см; run cwr_manual_54e2a0cfe23f2c8531a29f50ffecb54d,мм,прямой факт/атрибут КОРНИКС,"Запас, поток или дефицит воды.",служебная
deep_drainage_below_profile_mm_90,междурядье 90 см; run cwr_manual_54e2a0cfe23f2c8531a29f50ffecb54d,мм,прямой факт/атрибут КОРНИКС,"Запас, поток или дефицит воды.",служебная
drainage_runoff_daily_mm_90,междурядье 90 см; run cwr_manual_54e2a0cfe23f2c8531a29f50ffecb54d,мм,прямой факт/атрибут КОРНИКС,"Запас, поток или дефицит воды.",служебная
capillary_rise_to_surface_mm_90,междурядье 90 см; run cwr_manual_54e2a0cfe23f2c8531a29f50ffecb54d,мм,прямой факт/атрибут КОРНИКС,"Запас, поток или дефицит воды.",служебная
root_zone_depth_m_90,междурядье 90 см; run cwr_manual_54e2a0cfe23f2c8531a29f50ffecb54d,м,прямой факт/атрибут КОРНИКС,Глубина или мощность слоя.,служебная
profile_total_depth_m_90,междурядье 90 см; run cwr_manual_54e2a0cfe23f2c8531a29f50ffecb54d,м,прямой факт/атрибут КОРНИКС,Глубина или мощность слоя.,служебная
thermal_time_after_sowing_gdd_90,междурядье 90 см; run cwr_manual_54e2a0cfe23f2c8531a29f50ffecb54d,°C·сут,прямой факт/атрибут КОРНИКС,Накопленное тепло после посадки.,высокая: фенология
days_after_sowing_90,междурядье 90 см; run cwr_manual_54e2a0cfe23f2c8531a29f50ffecb54d,сут,прямой факт/атрибут КОРНИКС,Сутки после посадки.,высокая: фенология
crop_stage_code_90,междурядье 90 см; run cwr_manual_54e2a0cfe23f2c8531a29f50ffecb54d,код,прямой факт/атрибут КОРНИКС,Фенологическая стадия.,высокая: форма сезонной кривой
balance_residual_mm_90,междурядье 90 см; run cwr_manual_54e2a0cfe23f2c8531a29f50ffecb54d,мм,прямой факт/атрибут КОРНИКС,"Запас, поток или дефицит воды.",служебная
soil_surface_0_10_depth_from_m_90,междурядье 90 см; run cwr_manual_54e2a0cfe23f2c8531a29f50ffecb54d,м,прямой факт/атрибут КОРНИКС,Глубина или мощность слоя.,служебная
soil_surface_0_10_depth_to_m_90,междурядье 90 см; run cwr_manual_54e2a0cfe23f2c8531a29f50ffecb54d,м,прямой факт/атрибут КОРНИКС,Глубина или мощность слоя.,служебная
soil_surface_0_10_thickness_m_90,междурядье 90 см; run cwr_manual_54e2a0cfe23f2c8531a29f50ffecb54d,м,прямой факт/атрибут КОРНИКС,Глубина или мощность слоя.,служебная
soil_surface_0_10_stock_mm_90,междурядье 90 см; run cwr_manual_54e2a0cfe23f2c8531a29f50ffecb54d,мм,прямой diagnostic или производный,Запас воды либо дефицит геометрического/функционального слоя.,0–10 см перспективно; глубже косвенно
soil_surface_0_10_theta_90,междурядье 90 см; run cwr_manual_54e2a0cfe23f2c8531a29f50ffecb54d,м³/м³,прямой факт/атрибут КОРНИКС,Объёмная влажность или гидрофизический порог.,0–10 см: S1+S2; глубже: только косвенно
soil_surface_0_10_theta_fc_90,междурядье 90 см; run cwr_manual_54e2a0cfe23f2c8531a29f50ffecb54d,м³/м³,прямой факт/атрибут КОРНИКС,Объёмная влажность или гидрофизический порог.,0–10 см: S1+S2; глубже: только косвенно
soil_surface_0_10_theta_wp_90,междурядье 90 см; run cwr_manual_54e2a0cfe23f2c8531a29f50ffecb54d,м³/м³,прямой факт/атрибут КОРНИКС,Объёмная влажность или гидрофизический порог.,0–10 см: S1+S2; глубже: только косвенно
soil_surface_0_10_theta_sat_90,междурядье 90 см; run cwr_manual_54e2a0cfe23f2c8531a29f50ffecb54d,м³/м³,прямой факт/атрибут КОРНИКС,Объёмная влажность или гидрофизический порог.,0–10 см: S1+S2; глубже: только косвенно
soil_surface_0_10_theta_mg_90,междурядье 90 см; run cwr_manual_54e2a0cfe23f2c8531a29f50ffecb54d,м³/м³,прямой факт/атрибут КОРНИКС,Объёмная влажность или гидрофизический порог.,0–10 см: S1+S2; глубже: только косвенно
soil_surface_0_10_paw_fraction_wp_fc_90,междурядье 90 см; run cwr_manual_54e2a0cfe23f2c8531a29f50ffecb54d,доля,прямой или производный (см. имя),Безразмерное состояние влаги/стресса/реализации потока.,косвенная: спектральный/ET отклик
soil_root_effective_10_zr_depth_from_m_90,междурядье 90 см; run cwr_manual_54e2a0cfe23f2c8531a29f50ffecb54d,м,прямой факт/атрибут КОРНИКС,Глубина или мощность слоя.,служебная
soil_root_effective_10_zr_depth_to_m_90,междурядье 90 см; run cwr_manual_54e2a0cfe23f2c8531a29f50ffecb54d,м,прямой факт/атрибут КОРНИКС,Глубина или мощность слоя.,служебная
soil_root_effective_10_zr_thickness_m_90,междурядье 90 см; run cwr_manual_54e2a0cfe23f2c8531a29f50ffecb54d,м,прямой факт/атрибут КОРНИКС,Глубина или мощность слоя.,служебная
soil_root_effective_10_zr_stock_mm_90,междурядье 90 см; run cwr_manual_54e2a0cfe23f2c8531a29f50ffecb54d,мм,прямой diagnostic или производный,Запас воды либо дефицит геометрического/функционального слоя.,0–10 см перспективно; глубже косвенно
soil_root_effective_10_zr_theta_90,междурядье 90 см; run cwr_manual_54e2a0cfe23f2c8531a29f50ffecb54d,м³/м³,прямой факт/атрибут КОРНИКС,Объёмная влажность или гидрофизический порог.,0–10 см: S1+S2; глубже: только косвенно
soil_root_effective_10_zr_theta_fc_90,междурядье 90 см; run cwr_manual_54e2a0cfe23f2c8531a29f50ffecb54d,м³/м³,прямой факт/атрибут КОРНИКС,Объёмная влажность или гидрофизический порог.,0–10 см: S1+S2; глубже: только косвенно
soil_root_effective_10_zr_theta_wp_90,междурядье 90 см; run cwr_manual_54e2a0cfe23f2c8531a29f50ffecb54d,м³/м³,прямой факт/атрибут КОРНИКС,Объёмная влажность или гидрофизический порог.,0–10 см: S1+S2; глубже: только косвенно
soil_root_effective_10_zr_theta_sat_90,междурядье 90 см; run cwr_manual_54e2a0cfe23f2c8531a29f50ffecb54d,м³/м³,прямой факт/атрибут КОРНИКС,Объёмная влажность или гидрофизический порог.,0–10 см: S1+S2; глубже: только косвенно
soil_root_effective_10_zr_theta_mg_90,междурядье 90 см; run cwr_manual_54e2a0cfe23f2c8531a29f50ffecb54d,м³/м³,прямой факт/атрибут КОРНИКС,Объёмная влажность или гидрофизический порог.,0–10 см: S1+S2; глубже: только косвенно
soil_root_effective_10_zr_paw_fraction_wp_fc_90,междурядье 90 см; run cwr_manual_54e2a0cfe23f2c8531a29f50ffecb54d,доля,прямой или производный (см. имя),Безразмерное состояние влаги/стресса/реализации потока.,косвенная: спектральный/ET отклик
soil_root_total_0_zr_depth_from_m_90,междурядье 90 см; run cwr_manual_54e2a0cfe23f2c8531a29f50ffecb54d,м,прямой факт/атрибут КОРНИКС,Глубина или мощность слоя.,служебная
soil_root_total_0_zr_depth_to_m_90,междурядье 90 см; run cwr_manual_54e2a0cfe23f2c8531a29f50ffecb54d,м,прямой факт/атрибут КОРНИКС,Глубина или мощность слоя.,служебная
soil_root_total_0_zr_thickness_m_90,междурядье 90 см; run cwr_manual_54e2a0cfe23f2c8531a29f50ffecb54d,м,прямой факт/атрибут КОРНИКС,Глубина или мощность слоя.,служебная
soil_root_total_0_zr_stock_mm_90,междурядье 90 см; run cwr_manual_54e2a0cfe23f2c8531a29f50ffecb54d,мм,прямой diagnostic или производный,Запас воды либо дефицит геометрического/функционального слоя.,0–10 см перспективно; глубже косвенно
soil_root_total_0_zr_theta_90,междурядье 90 см; run cwr_manual_54e2a0cfe23f2c8531a29f50ffecb54d,м³/м³,прямой факт/атрибут КОРНИКС,Объёмная влажность или гидрофизический порог.,0–10 см: S1+S2; глубже: только косвенно
soil_root_total_0_zr_theta_fc_90,междурядье 90 см; run cwr_manual_54e2a0cfe23f2c8531a29f50ffecb54d,м³/м³,прямой факт/атрибут КОРНИКС,Объёмная влажность или гидрофизический порог.,0–10 см: S1+S2; глубже: только косвенно
soil_root_total_0_zr_theta_wp_90,междурядье 90 см; run cwr_manual_54e2a0cfe23f2c8531a29f50ffecb54d,м³/м³,прямой факт/атрибут КОРНИКС,Объёмная влажность или гидрофизический порог.,0–10 см: S1+S2; глубже: только косвенно
soil_root_total_0_zr_theta_sat_90,междурядье 90 см; run cwr_manual_54e2a0cfe23f2c8531a29f50ffecb54d,м³/м³,прямой факт/атрибут КОРНИКС,Объёмная влажность или гидрофизический порог.,0–10 см: S1+S2; глубже: только косвенно
soil_root_total_0_zr_theta_mg_90,междурядье 90 см; run cwr_manual_54e2a0cfe23f2c8531a29f50ffecb54d,м³/м³,прямой факт/атрибут КОРНИКС,Объёмная влажность или гидрофизический порог.,0–10 см: S1+S2; глубже: только косвенно
soil_root_total_0_zr_paw_fraction_wp_fc_90,междурядье 90 см; run cwr_manual_54e2a0cfe23f2c8531a29f50ffecb54d,доля,прямой или производный (см. имя),Безразмерное состояние влаги/стресса/реализации потока.,косвенная: спектральный/ET отклик
soil_lower_zr_100_depth_from_m_90,междурядье 90 см; run cwr_manual_54e2a0cfe23f2c8531a29f50ffecb54d,м,прямой факт/атрибут КОРНИКС,Глубина или мощность слоя.,служебная
soil_lower_zr_100_depth_to_m_90,междурядье 90 см; run cwr_manual_54e2a0cfe23f2c8531a29f50ffecb54d,м,прямой факт/атрибут КОРНИКС,Глубина или мощность слоя.,служебная
soil_lower_zr_100_thickness_m_90,междурядье 90 см; run cwr_manual_54e2a0cfe23f2c8531a29f50ffecb54d,м,прямой факт/атрибут КОРНИКС,Глубина или мощность слоя.,служебная
soil_lower_zr_100_stock_mm_90,междурядье 90 см; run cwr_manual_54e2a0cfe23f2c8531a29f50ffecb54d,мм,прямой diagnostic или производный,Запас воды либо дефицит геометрического/функционального слоя.,0–10 см перспективно; глубже косвенно
soil_lower_zr_100_theta_90,междурядье 90 см; run cwr_manual_54e2a0cfe23f2c8531a29f50ffecb54d,м³/м³,прямой факт/атрибут КОРНИКС,Объёмная влажность или гидрофизический порог.,0–10 см: S1+S2; глубже: только косвенно
soil_lower_zr_100_theta_fc_90,междурядье 90 см; run cwr_manual_54e2a0cfe23f2c8531a29f50ffecb54d,м³/м³,прямой факт/атрибут КОРНИКС,Объёмная влажность или гидрофизический порог.,0–10 см: S1+S2; глубже: только косвенно
soil_lower_zr_100_theta_wp_90,междурядье 90 см; run cwr_manual_54e2a0cfe23f2c8531a29f50ffecb54d,м³/м³,прямой факт/атрибут КОРНИКС,Объёмная влажность или гидрофизический порог.,0–10 см: S1+S2; глубже: только косвенно
soil_lower_zr_100_theta_sat_90,междурядье 90 см; run cwr_manual_54e2a0cfe23f2c8531a29f50ffecb54d,м³/м³,прямой факт/атрибут КОРНИКС,Объёмная влажность или гидрофизический порог.,0–10 см: S1+S2; глубже: только косвенно
soil_lower_zr_100_theta_mg_90,междурядье 90 см; run cwr_manual_54e2a0cfe23f2c8531a29f50ffecb54d,м³/м³,прямой факт/атрибут КОРНИКС,Объёмная влажность или гидрофизический порог.,0–10 см: S1+S2; глубже: только косвенно
soil_lower_zr_100_paw_fraction_wp_fc_90,междурядье 90 см; run cwr_manual_54e2a0cfe23f2c8531a29f50ffecb54d,доля,прямой или производный (см. имя),Безразмерное состояние влаги/стресса/реализации потока.,косвенная: спектральный/ET отклик
soil_layer_0_10_stock_start_mm_90,междурядье 90 см; run cwr_manual_54e2a0cfe23f2c8531a29f50ffecb54d,мм,прямой diagnostic или производный,Запас воды либо дефицит геометрического/функционального слоя.,0–10 см перспективно; глубже косвенно
soil_layer_0_10_stock_end_mm_90,междурядье 90 см; run cwr_manual_54e2a0cfe23f2c8531a29f50ffecb54d,мм,прямой diagnostic или производный,Запас воды либо дефицит геометрического/функционального слоя.,0–10 см перспективно; глубже косвенно
soil_layer_0_10_stock_change_mm_90,междурядье 90 см; run cwr_manual_54e2a0cfe23f2c8531a29f50ffecb54d,мм,прямой diagnostic или производный,Запас воды либо дефицит геометрического/функционального слоя.,0–10 см перспективно; глубже косвенно
soil_layer_0_10_theta_m3_m3_90,междурядье 90 см; run cwr_manual_54e2a0cfe23f2c8531a29f50ffecb54d,м³/м³,прямой факт/атрибут КОРНИКС,Объёмная влажность или гидрофизический порог.,0–10 см: S1+S2; глубже: только косвенно
soil_layer_0_10_theta_fc_m3_m3_90,междурядье 90 см; run cwr_manual_54e2a0cfe23f2c8531a29f50ffecb54d,м³/м³,прямой факт/атрибут КОРНИКС,Объёмная влажность или гидрофизический порог.,0–10 см: S1+S2; глубже: только косвенно
soil_layer_0_10_theta_wp_m3_m3_90,междурядье 90 см; run cwr_manual_54e2a0cfe23f2c8531a29f50ffecb54d,м³/м³,прямой факт/атрибут КОРНИКС,Объёмная влажность или гидрофизический порог.,0–10 см: S1+S2; глубже: только косвенно
soil_layer_0_10_theta_sat_m3_m3_90,междурядье 90 см; run cwr_manual_54e2a0cfe23f2c8531a29f50ffecb54d,м³/м³,прямой факт/атрибут КОРНИКС,Объёмная влажность или гидрофизический порог.,0–10 см: S1+S2; глубже: только косвенно
soil_layer_0_10_theta_mg_m3_m3_90,междурядье 90 см; run cwr_manual_54e2a0cfe23f2c8531a29f50ffecb54d,м³/м³,прямой факт/атрибут КОРНИКС,Объёмная влажность или гидрофизический порог.,0–10 см: S1+S2; глубже: только косвенно
soil_layer_0_10_paw_mm_90,междурядье 90 см; run cwr_manual_54e2a0cfe23f2c8531a29f50ffecb54d,мм,прямой diagnostic или производный,Запас воды либо дефицит геометрического/функционального слоя.,0–10 см перспективно; глубже косвенно
soil_layer_0_10_depletion_from_fc_mm_90,междурядье 90 см; run cwr_manual_54e2a0cfe23f2c8531a29f50ffecb54d,мм,прямой diagnostic или производный,Запас воды либо дефицит геометрического/функционального слоя.,0–10 см перспективно; глубже косвенно
soil_layer_0_10_paw_fraction_wp_fc_90,междурядье 90 см; run cwr_manual_54e2a0cfe23f2c8531a29f50ffecb54d,доля,прямой или производный (см. имя),Безразмерное состояние влаги/стресса/реализации потока.,косвенная: спектральный/ET отклик
soil_layer_0_10_root_uptake_mm_90,междурядье 90 см; run cwr_manual_54e2a0cfe23f2c8531a29f50ffecb54d,мм,прямой факт/атрибут КОРНИКС,"Запас, поток или дефицит воды.",служебная
soil_layer_0_10_evaporation_mm_90,междурядье 90 см; run cwr_manual_54e2a0cfe23f2c8531a29f50ffecb54d,доля,прямой или производный (см. имя),Безразмерное состояние влаги/стресса/реализации потока.,косвенная: спектральный/ET отклик
soil_layer_10_20_stock_start_mm_90,междурядье 90 см; run cwr_manual_54e2a0cfe23f2c8531a29f50ffecb54d,мм,прямой diagnostic или производный,Запас воды либо дефицит геометрического/функционального слоя.,0–10 см перспективно; глубже косвенно
soil_layer_10_20_stock_end_mm_90,междурядье 90 см; run cwr_manual_54e2a0cfe23f2c8531a29f50ffecb54d,мм,прямой diagnostic или производный,Запас воды либо дефицит геометрического/функционального слоя.,0–10 см перспективно; глубже косвенно
soil_layer_10_20_stock_change_mm_90,междурядье 90 см; run cwr_manual_54e2a0cfe23f2c8531a29f50ffecb54d,мм,прямой diagnostic или производный,Запас воды либо дефицит геометрического/функционального слоя.,0–10 см перспективно; глубже косвенно
soil_layer_10_20_theta_m3_m3_90,междурядье 90 см; run cwr_manual_54e2a0cfe23f2c8531a29f50ffecb54d,м³/м³,прямой факт/атрибут КОРНИКС,Объёмная влажность или гидрофизический порог.,0–10 см: S1+S2; глубже: только косвенно
soil_layer_10_20_theta_fc_m3_m3_90,междурядье 90 см; run cwr_manual_54e2a0cfe23f2c8531a29f50ffecb54d,м³/м³,прямой факт/атрибут КОРНИКС,Объёмная влажность или гидрофизический порог.,0–10 см: S1+S2; глубже: только косвенно
soil_layer_10_20_theta_wp_m3_m3_90,междурядье 90 см; run cwr_manual_54e2a0cfe23f2c8531a29f50ffecb54d,м³/м³,прямой факт/атрибут КОРНИКС,Объёмная влажность или гидрофизический порог.,0–10 см: S1+S2; глубже: только косвенно
soil_layer_10_20_theta_sat_m3_m3_90,междурядье 90 см; run cwr_manual_54e2a0cfe23f2c8531a29f50ffecb54d,м³/м³,прямой факт/атрибут КОРНИКС,Объёмная влажность или гидрофизический порог.,0–10 см: S1+S2; глубже: только косвенно
soil_layer_10_20_theta_mg_m3_m3_90,междурядье 90 см; run cwr_manual_54e2a0cfe23f2c8531a29f50ffecb54d,м³/м³,прямой факт/атрибут КОРНИКС,Объёмная влажность или гидрофизический порог.,0–10 см: S1+S2; глубже: только косвенно
soil_layer_10_20_paw_mm_90,междурядье 90 см; run cwr_manual_54e2a0cfe23f2c8531a29f50ffecb54d,мм,прямой diagnostic или производный,Запас воды либо дефицит геометрического/функционального слоя.,0–10 см перспективно; глубже косвенно
soil_layer_10_20_depletion_from_fc_mm_90,междурядье 90 см; run cwr_manual_54e2a0cfe23f2c8531a29f50ffecb54d,мм,прямой diagnostic или производный,Запас воды либо дефицит геометрического/функционального слоя.,0–10 см перспективно; глубже косвенно
soil_layer_10_20_paw_fraction_wp_fc_90,междурядье 90 см; run cwr_manual_54e2a0cfe23f2c8531a29f50ffecb54d,доля,прямой или производный (см. имя),Безразмерное состояние влаги/стресса/реализации потока.,косвенная: спектральный/ET отклик
soil_layer_10_20_root_uptake_mm_90,междурядье 90 см; run cwr_manual_54e2a0cfe23f2c8531a29f50ffecb54d,мм,прямой факт/атрибут КОРНИКС,"Запас, поток или дефицит воды.",служебная
soil_layer_10_20_evaporation_mm_90,междурядье 90 см; run cwr_manual_54e2a0cfe23f2c8531a29f50ffecb54d,доля,прямой или производный (см. имя),Безразмерное состояние влаги/стресса/реализации потока.,косвенная: спектральный/ET отклик
soil_layer_20_30_stock_start_mm_90,междурядье 90 см; run cwr_manual_54e2a0cfe23f2c8531a29f50ffecb54d,мм,прямой diagnostic или производный,Запас воды либо дефицит геометрического/функционального слоя.,0–10 см перспективно; глубже косвенно
soil_layer_20_30_stock_end_mm_90,междурядье 90 см; run cwr_manual_54e2a0cfe23f2c8531a29f50ffecb54d,мм,прямой diagnostic или производный,Запас воды либо дефицит геометрического/функционального слоя.,0–10 см перспективно; глубже косвенно
soil_layer_20_30_stock_change_mm_90,междурядье 90 см; run cwr_manual_54e2a0cfe23f2c8531a29f50ffecb54d,мм,прямой diagnostic или производный,Запас воды либо дефицит геометрического/функционального слоя.,0–10 см перспективно; глубже косвенно
soil_layer_20_30_theta_m3_m3_90,междурядье 90 см; run cwr_manual_54e2a0cfe23f2c8531a29f50ffecb54d,м³/м³,прямой факт/атрибут КОРНИКС,Объёмная влажность или гидрофизический порог.,0–10 см: S1+S2; глубже: только косвенно
soil_layer_20_30_theta_fc_m3_m3_90,междурядье 90 см; run cwr_manual_54e2a0cfe23f2c8531a29f50ffecb54d,м³/м³,прямой факт/атрибут КОРНИКС,Объёмная влажность или гидрофизический порог.,0–10 см: S1+S2; глубже: только косвенно
soil_layer_20_30_theta_wp_m3_m3_90,междурядье 90 см; run cwr_manual_54e2a0cfe23f2c8531a29f50ffecb54d,м³/м³,прямой факт/атрибут КОРНИКС,Объёмная влажность или гидрофизический порог.,0–10 см: S1+S2; глубже: только косвенно
soil_layer_20_30_theta_sat_m3_m3_90,междурядье 90 см; run cwr_manual_54e2a0cfe23f2c8531a29f50ffecb54d,м³/м³,прямой факт/атрибут КОРНИКС,Объёмная влажность или гидрофизический порог.,0–10 см: S1+S2; глубже: только косвенно
soil_layer_20_30_theta_mg_m3_m3_90,междурядье 90 см; run cwr_manual_54e2a0cfe23f2c8531a29f50ffecb54d,м³/м³,прямой факт/атрибут КОРНИКС,Объёмная влажность или гидрофизический порог.,0–10 см: S1+S2; глубже: только косвенно
soil_layer_20_30_paw_mm_90,междурядье 90 см; run cwr_manual_54e2a0cfe23f2c8531a29f50ffecb54d,мм,прямой diagnostic или производный,Запас воды либо дефицит геометрического/функционального слоя.,0–10 см перспективно; глубже косвенно
soil_layer_20_30_depletion_from_fc_mm_90,междурядье 90 см; run cwr_manual_54e2a0cfe23f2c8531a29f50ffecb54d,мм,прямой diagnostic или производный,Запас воды либо дефицит геометрического/функционального слоя.,0–10 см перспективно; глубже косвенно
soil_layer_20_30_paw_fraction_wp_fc_90,междурядье 90 см; run cwr_manual_54e2a0cfe23f2c8531a29f50ffecb54d,доля,прямой или производный (см. имя),Безразмерное состояние влаги/стресса/реализации потока.,косвенная: спектральный/ET отклик
soil_layer_20_30_root_uptake_mm_90,междурядье 90 см; run cwr_manual_54e2a0cfe23f2c8531a29f50ffecb54d,мм,прямой факт/атрибут КОРНИКС,"Запас, поток или дефицит воды.",служебная
soil_layer_20_30_evaporation_mm_90,междурядье 90 см; run cwr_manual_54e2a0cfe23f2c8531a29f50ffecb54d,доля,прямой или производный (см. имя),Безразмерное состояние влаги/стресса/реализации потока.,косвенная: спектральный/ET отклик
soil_layer_30_40_stock_start_mm_90,междурядье 90 см; run cwr_manual_54e2a0cfe23f2c8531a29f50ffecb54d,мм,прямой diagnostic или производный,Запас воды либо дефицит геометрического/функционального слоя.,0–10 см перспективно; глубже косвенно
soil_layer_30_40_stock_end_mm_90,междурядье 90 см; run cwr_manual_54e2a0cfe23f2c8531a29f50ffecb54d,мм,прямой diagnostic или производный,Запас воды либо дефицит геометрического/функционального слоя.,0–10 см перспективно; глубже косвенно
soil_layer_30_40_stock_change_mm_90,междурядье 90 см; run cwr_manual_54e2a0cfe23f2c8531a29f50ffecb54d,мм,прямой diagnostic или производный,Запас воды либо дефицит геометрического/функционального слоя.,0–10 см перспективно; глубже косвенно
soil_layer_30_40_theta_m3_m3_90,междурядье 90 см; run cwr_manual_54e2a0cfe23f2c8531a29f50ffecb54d,м³/м³,прямой факт/атрибут КОРНИКС,Объёмная влажность или гидрофизический порог.,0–10 см: S1+S2; глубже: только косвенно
soil_layer_30_40_theta_fc_m3_m3_90,междурядье 90 см; run cwr_manual_54e2a0cfe23f2c8531a29f50ffecb54d,м³/м³,прямой факт/атрибут КОРНИКС,Объёмная влажность или гидрофизический порог.,0–10 см: S1+S2; глубже: только косвенно
soil_layer_30_40_theta_wp_m3_m3_90,междурядье 90 см; run cwr_manual_54e2a0cfe23f2c8531a29f50ffecb54d,м³/м³,прямой факт/атрибут КОРНИКС,Объёмная влажность или гидрофизический порог.,0–10 см: S1+S2; глубже: только косвенно
soil_layer_30_40_theta_sat_m3_m3_90,междурядье 90 см; run cwr_manual_54e2a0cfe23f2c8531a29f50ffecb54d,м³/м³,прямой факт/атрибут КОРНИКС,Объёмная влажность или гидрофизический порог.,0–10 см: S1+S2; глубже: только косвенно
soil_layer_30_40_theta_mg_m3_m3_90,междурядье 90 см; run cwr_manual_54e2a0cfe23f2c8531a29f50ffecb54d,м³/м³,прямой факт/атрибут КОРНИКС,Объёмная влажность или гидрофизический порог.,0–10 см: S1+S2; глубже: только косвенно
soil_layer_30_40_paw_mm_90,междурядье 90 см; run cwr_manual_54e2a0cfe23f2c8531a29f50ffecb54d,мм,прямой diagnostic или производный,Запас воды либо дефицит геометрического/функционального слоя.,0–10 см перспективно; глубже косвенно
soil_layer_30_40_depletion_from_fc_mm_90,междурядье 90 см; run cwr_manual_54e2a0cfe23f2c8531a29f50ffecb54d,мм,прямой diagnostic или производный,Запас воды либо дефицит геометрического/функционального слоя.,0–10 см перспективно; глубже косвенно
soil_layer_30_40_paw_fraction_wp_fc_90,междурядье 90 см; run cwr_manual_54e2a0cfe23f2c8531a29f50ffecb54d,доля,прямой или производный (см. имя),Безразмерное состояние влаги/стресса/реализации потока.,косвенная: спектральный/ET отклик
soil_layer_30_40_root_uptake_mm_90,междурядье 90 см; run cwr_manual_54e2a0cfe23f2c8531a29f50ffecb54d,мм,прямой факт/атрибут КОРНИКС,"Запас, поток или дефицит воды.",служебная
soil_layer_30_40_evaporation_mm_90,междурядье 90 см; run cwr_manual_54e2a0cfe23f2c8531a29f50ffecb54d,доля,прямой или производный (см. имя),Безразмерное состояние влаги/стресса/реализации потока.,косвенная: спектральный/ET отклик
soil_layer_40_50_stock_start_mm_90,междурядье 90 см; run cwr_manual_54e2a0cfe23f2c8531a29f50ffecb54d,мм,прямой diagnostic или производный,Запас воды либо дефицит геометрического/функционального слоя.,0–10 см перспективно; глубже косвенно
soil_layer_40_50_stock_end_mm_90,междурядье 90 см; run cwr_manual_54e2a0cfe23f2c8531a29f50ffecb54d,мм,прямой diagnostic или производный,Запас воды либо дефицит геометрического/функционального слоя.,0–10 см перспективно; глубже косвенно
soil_layer_40_50_stock_change_mm_90,междурядье 90 см; run cwr_manual_54e2a0cfe23f2c8531a29f50ffecb54d,мм,прямой diagnostic или производный,Запас воды либо дефицит геометрического/функционального слоя.,0–10 см перспективно; глубже косвенно
soil_layer_40_50_theta_m3_m3_90,междурядье 90 см; run cwr_manual_54e2a0cfe23f2c8531a29f50ffecb54d,м³/м³,прямой факт/атрибут КОРНИКС,Объёмная влажность или гидрофизический порог.,0–10 см: S1+S2; глубже: только косвенно
soil_layer_40_50_theta_fc_m3_m3_90,междурядье 90 см; run cwr_manual_54e2a0cfe23f2c8531a29f50ffecb54d,м³/м³,прямой факт/атрибут КОРНИКС,Объёмная влажность или гидрофизический порог.,0–10 см: S1+S2; глубже: только косвенно
soil_layer_40_50_theta_wp_m3_m3_90,междурядье 90 см; run cwr_manual_54e2a0cfe23f2c8531a29f50ffecb54d,м³/м³,прямой факт/атрибут КОРНИКС,Объёмная влажность или гидрофизический порог.,0–10 см: S1+S2; глубже: только косвенно
soil_layer_40_50_theta_sat_m3_m3_90,междурядье 90 см; run cwr_manual_54e2a0cfe23f2c8531a29f50ffecb54d,м³/м³,прямой факт/атрибут КОРНИКС,Объёмная влажность или гидрофизический порог.,0–10 см: S1+S2; глубже: только косвенно
soil_layer_40_50_theta_mg_m3_m3_90,междурядье 90 см; run cwr_manual_54e2a0cfe23f2c8531a29f50ffecb54d,м³/м³,прямой факт/атрибут КОРНИКС,Объёмная влажность или гидрофизический порог.,0–10 см: S1+S2; глубже: только косвенно
soil_layer_40_50_paw_mm_90,междурядье 90 см; run cwr_manual_54e2a0cfe23f2c8531a29f50ffecb54d,мм,прямой diagnostic или производный,Запас воды либо дефицит геометрического/функционального слоя.,0–10 см перспективно; глубже косвенно
soil_layer_40_50_depletion_from_fc_mm_90,междурядье 90 см; run cwr_manual_54e2a0cfe23f2c8531a29f50ffecb54d,мм,прямой diagnostic или производный,Запас воды либо дефицит геометрического/функционального слоя.,0–10 см перспективно; глубже косвенно
soil_layer_40_50_paw_fraction_wp_fc_90,междурядье 90 см; run cwr_manual_54e2a0cfe23f2c8531a29f50ffecb54d,доля,прямой или производный (см. имя),Безразмерное состояние влаги/стресса/реализации потока.,косвенная: спектральный/ET отклик
soil_layer_40_50_root_uptake_mm_90,междурядье 90 см; run cwr_manual_54e2a0cfe23f2c8531a29f50ffecb54d,мм,прямой факт/атрибут КОРНИКС,"Запас, поток или дефицит воды.",служебная
soil_layer_40_50_evaporation_mm_90,междурядье 90 см; run cwr_manual_54e2a0cfe23f2c8531a29f50ffecb54d,доля,прямой или производный (см. имя),Безразмерное состояние влаги/стресса/реализации потока.,косвенная: спектральный/ET отклик
soil_layer_50_60_stock_start_mm_90,междурядье 90 см; run cwr_manual_54e2a0cfe23f2c8531a29f50ffecb54d,мм,прямой diagnostic или производный,Запас воды либо дефицит геометрического/функционального слоя.,0–10 см перспективно; глубже косвенно
soil_layer_50_60_stock_end_mm_90,междурядье 90 см; run cwr_manual_54e2a0cfe23f2c8531a29f50ffecb54d,мм,прямой diagnostic или производный,Запас воды либо дефицит геометрического/функционального слоя.,0–10 см перспективно; глубже косвенно
soil_layer_50_60_stock_change_mm_90,междурядье 90 см; run cwr_manual_54e2a0cfe23f2c8531a29f50ffecb54d,мм,прямой diagnostic или производный,Запас воды либо дефицит геометрического/функционального слоя.,0–10 см перспективно; глубже косвенно
soil_layer_50_60_theta_m3_m3_90,междурядье 90 см; run cwr_manual_54e2a0cfe23f2c8531a29f50ffecb54d,м³/м³,прямой факт/атрибут КОРНИКС,Объёмная влажность или гидрофизический порог.,0–10 см: S1+S2; глубже: только косвенно
soil_layer_50_60_theta_fc_m3_m3_90,междурядье 90 см; run cwr_manual_54e2a0cfe23f2c8531a29f50ffecb54d,м³/м³,прямой факт/атрибут КОРНИКС,Объёмная влажность или гидрофизический порог.,0–10 см: S1+S2; глубже: только косвенно
soil_layer_50_60_theta_wp_m3_m3_90,междурядье 90 см; run cwr_manual_54e2a0cfe23f2c8531a29f50ffecb54d,м³/м³,прямой факт/атрибут КОРНИКС,Объёмная влажность или гидрофизический порог.,0–10 см: S1+S2; глубже: только косвенно
soil_layer_50_60_theta_sat_m3_m3_90,междурядье 90 см; run cwr_manual_54e2a0cfe23f2c8531a29f50ffecb54d,м³/м³,прямой факт/атрибут КОРНИКС,Объёмная влажность или гидрофизический порог.,0–10 см: S1+S2; глубже: только косвенно
soil_layer_50_60_theta_mg_m3_m3_90,междурядье 90 см; run cwr_manual_54e2a0cfe23f2c8531a29f50ffecb54d,м³/м³,прямой факт/атрибут КОРНИКС,Объёмная влажность или гидрофизический порог.,0–10 см: S1+S2; глубже: только косвенно
soil_layer_50_60_paw_mm_90,междурядье 90 см; run cwr_manual_54e2a0cfe23f2c8531a29f50ffecb54d,мм,прямой diagnostic или производный,Запас воды либо дефицит геометрического/функционального слоя.,0–10 см перспективно; глубже косвенно
soil_layer_50_60_depletion_from_fc_mm_90,междурядье 90 см; run cwr_manual_54e2a0cfe23f2c8531a29f50ffecb54d,мм,прямой diagnostic или производный,Запас воды либо дефицит геометрического/функционального слоя.,0–10 см перспективно; глубже косвенно
soil_layer_50_60_paw_fraction_wp_fc_90,междурядье 90 см; run cwr_manual_54e2a0cfe23f2c8531a29f50ffecb54d,доля,прямой или производный (см. имя),Безразмерное состояние влаги/стресса/реализации потока.,косвенная: спектральный/ET отклик
soil_layer_50_60_root_uptake_mm_90,междурядье 90 см; run cwr_manual_54e2a0cfe23f2c8531a29f50ffecb54d,мм,прямой факт/атрибут КОРНИКС,"Запас, поток или дефицит воды.",служебная
soil_layer_50_60_evaporation_mm_90,междурядье 90 см; run cwr_manual_54e2a0cfe23f2c8531a29f50ffecb54d,доля,прямой или производный (см. имя),Безразмерное состояние влаги/стресса/реализации потока.,косвенная: спектральный/ET отклик
soil_layer_60_80_stock_start_mm_90,междурядье 90 см; run cwr_manual_54e2a0cfe23f2c8531a29f50ffecb54d,мм,прямой diagnostic или производный,Запас воды либо дефицит геометрического/функционального слоя.,0–10 см перспективно; глубже косвенно
soil_layer_60_80_stock_end_mm_90,междурядье 90 см; run cwr_manual_54e2a0cfe23f2c8531a29f50ffecb54d,мм,прямой diagnostic или производный,Запас воды либо дефицит геометрического/функционального слоя.,0–10 см перспективно; глубже косвенно
soil_layer_60_80_stock_change_mm_90,междурядье 90 см; run cwr_manual_54e2a0cfe23f2c8531a29f50ffecb54d,мм,прямой diagnostic или производный,Запас воды либо дефицит геометрического/функционального слоя.,0–10 см перспективно; глубже косвенно
soil_layer_60_80_theta_m3_m3_90,междурядье 90 см; run cwr_manual_54e2a0cfe23f2c8531a29f50ffecb54d,м³/м³,прямой факт/атрибут КОРНИКС,Объёмная влажность или гидрофизический порог.,0–10 см: S1+S2; глубже: только косвенно
soil_layer_60_80_theta_fc_m3_m3_90,междурядье 90 см; run cwr_manual_54e2a0cfe23f2c8531a29f50ffecb54d,м³/м³,прямой факт/атрибут КОРНИКС,Объёмная влажность или гидрофизический порог.,0–10 см: S1+S2; глубже: только косвенно
soil_layer_60_80_theta_wp_m3_m3_90,междурядье 90 см; run cwr_manual_54e2a0cfe23f2c8531a29f50ffecb54d,м³/м³,прямой факт/атрибут КОРНИКС,Объёмная влажность или гидрофизический порог.,0–10 см: S1+S2; глубже: только косвенно
soil_layer_60_80_theta_sat_m3_m3_90,междурядье 90 см; run cwr_manual_54e2a0cfe23f2c8531a29f50ffecb54d,м³/м³,прямой факт/атрибут КОРНИКС,Объёмная влажность или гидрофизический порог.,0–10 см: S1+S2; глубже: только косвенно
soil_layer_60_80_theta_mg_m3_m3_90,междурядье 90 см; run cwr_manual_54e2a0cfe23f2c8531a29f50ffecb54d,м³/м³,прямой факт/атрибут КОРНИКС,Объёмная влажность или гидрофизический порог.,0–10 см: S1+S2; глубже: только косвенно
soil_layer_60_80_paw_mm_90,междурядье 90 см; run cwr_manual_54e2a0cfe23f2c8531a29f50ffecb54d,мм,прямой diagnostic или производный,Запас воды либо дефицит геометрического/функционального слоя.,0–10 см перспективно; глубже косвенно
soil_layer_60_80_depletion_from_fc_mm_90,междурядье 90 см; run cwr_manual_54e2a0cfe23f2c8531a29f50ffecb54d,мм,прямой diagnostic или производный,Запас воды либо дефицит геометрического/функционального слоя.,0–10 см перспективно; глубже косвенно
soil_layer_60_80_paw_fraction_wp_fc_90,междурядье 90 см; run cwr_manual_54e2a0cfe23f2c8531a29f50ffecb54d,доля,прямой или производный (см. имя),Безразмерное состояние влаги/стресса/реализации потока.,косвенная: спектральный/ET отклик
soil_layer_60_80_root_uptake_mm_90,междурядье 90 см; run cwr_manual_54e2a0cfe23f2c8531a29f50ffecb54d,мм,прямой факт/атрибут КОРНИКС,"Запас, поток или дефицит воды.",служебная
soil_layer_60_80_evaporation_mm_90,междурядье 90 см; run cwr_manual_54e2a0cfe23f2c8531a29f50ffecb54d,доля,прямой или производный (см. имя),Безразмерное состояние влаги/стресса/реализации потока.,косвенная: спектральный/ET отклик
soil_layer_80_100_stock_start_mm_90,междурядье 90 см; run cwr_manual_54e2a0cfe23f2c8531a29f50ffecb54d,мм,прямой diagnostic или производный,Запас воды либо дефицит геометрического/функционального слоя.,0–10 см перспективно; глубже косвенно
soil_layer_80_100_stock_end_mm_90,междурядье 90 см; run cwr_manual_54e2a0cfe23f2c8531a29f50ffecb54d,мм,прямой diagnostic или производный,Запас воды либо дефицит геометрического/функционального слоя.,0–10 см перспективно; глубже косвенно
soil_layer_80_100_stock_change_mm_90,междурядье 90 см; run cwr_manual_54e2a0cfe23f2c8531a29f50ffecb54d,мм,прямой diagnostic или производный,Запас воды либо дефицит геометрического/функционального слоя.,0–10 см перспективно; глубже косвенно
soil_layer_80_100_theta_m3_m3_90,междурядье 90 см; run cwr_manual_54e2a0cfe23f2c8531a29f50ffecb54d,м³/м³,прямой факт/атрибут КОРНИКС,Объёмная влажность или гидрофизический порог.,0–10 см: S1+S2; глубже: только косвенно
soil_layer_80_100_theta_fc_m3_m3_90,междурядье 90 см; run cwr_manual_54e2a0cfe23f2c8531a29f50ffecb54d,м³/м³,прямой факт/атрибут КОРНИКС,Объёмная влажность или гидрофизический порог.,0–10 см: S1+S2; глубже: только косвенно
soil_layer_80_100_theta_wp_m3_m3_90,междурядье 90 см; run cwr_manual_54e2a0cfe23f2c8531a29f50ffecb54d,м³/м³,прямой факт/атрибут КОРНИКС,Объёмная влажность или гидрофизический порог.,0–10 см: S1+S2; глубже: только косвенно
soil_layer_80_100_theta_sat_m3_m3_90,междурядье 90 см; run cwr_manual_54e2a0cfe23f2c8531a29f50ffecb54d,м³/м³,прямой факт/атрибут КОРНИКС,Объёмная влажность или гидрофизический порог.,0–10 см: S1+S2; глубже: только косвенно
soil_layer_80_100_theta_mg_m3_m3_90,междурядье 90 см; run cwr_manual_54e2a0cfe23f2c8531a29f50ffecb54d,м³/м³,прямой факт/атрибут КОРНИКС,Объёмная влажность или гидрофизический порог.,0–10 см: S1+S2; глубже: только косвенно
soil_layer_80_100_paw_mm_90,междурядье 90 см; run cwr_manual_54e2a0cfe23f2c8531a29f50ffecb54d,мм,прямой diagnostic или производный,Запас воды либо дефицит геометрического/функционального слоя.,0–10 см перспективно; глубже косвенно
soil_layer_80_100_depletion_from_fc_mm_90,междурядье 90 см; run cwr_manual_54e2a0cfe23f2c8531a29f50ffecb54d,мм,прямой diagnostic или производный,Запас воды либо дефицит геометрического/функционального слоя.,0–10 см перспективно; глубже косвенно
soil_layer_80_100_paw_fraction_wp_fc_90,междурядье 90 см; run cwr_manual_54e2a0cfe23f2c8531a29f50ffecb54d,доля,прямой или производный (см. имя),Безразмерное состояние влаги/стресса/реализации потока.,косвенная: спектральный/ET отклик
soil_layer_80_100_root_uptake_mm_90,междурядье 90 см; run cwr_manual_54e2a0cfe23f2c8531a29f50ffecb54d,мм,прямой факт/атрибут КОРНИКС,"Запас, поток или дефицит воды.",служебная
soil_layer_80_100_evaporation_mm_90,междурядье 90 см; run cwr_manual_54e2a0cfe23f2c8531a29f50ffecb54d,доля,прямой или производный (см. имя),Безразмерное состояние влаги/стресса/реализации потока.,косвенная: спектральный/ET отклик
canopy_cover_fraction_derived_90,междурядье 90 см; run cwr_manual_54e2a0cfe23f2c8531a29f50ffecb54d,доля 0–1,производный,Физиологическое покрытие по DB-якорям культуры и GDD/DAS; не изменяется геометрической поправкой.,"наивысшая: развитие/LAI, не прямой FCover"
canopy_open_fraction_derived_90,междурядье 90 см; run cwr_manual_54e2a0cfe23f2c8531a29f50ffecb54d,доля 0–1,производный,Открытая доля поверхности: 1 − canopy cover.,высокая: bare-soil fraction
row_spacing_m_90,междурядье 90 см; run cwr_manual_54e2a0cfe23f2c8531a29f50ffecb54d,м,прямой факт/атрибут КОРНИКС,Глубина или мощность слоя.,служебная
row_closure_coefficient_90,междурядье 90 см; run cwr_manual_54e2a0cfe23f2c8531a29f50ffecb54d,безразмерная,параметр snapshot,Коэффициент смыкания рядков: 1.0 возвращает прежнее физиологическое покрытие; меньше 1.0 замедляет только закрытие почвы.,калибруется по FCover
ground_cover_fraction_row_geometry_90,междурядье 90 см; run cwr_manual_54e2a0cfe23f2c8531a29f50ffecb54d,доля 0–1,производный: row_geometry_lai,"Геометрическое закрытие почвы между рядками; влияет на few/Ke в новом run, но не на фенологию или Kcb.",наивысшая: Sentinel-2 FCover
satellite_fcover_expected_90,междурядье 90 см; run cwr_manual_54e2a0cfe23f2c8531a29f50ffecb54d,доля 0–1,производный наблюдательный оператор,Ожидаемый FCover Sentinel-2 после отдельного affine-оператора над геометрическим покрытием.,прямая проверка: Sentinel-2 FCover
model_water_stress_index_1_minus_ks_90,междурядье 90 см; run cwr_manual_54e2a0cfe23f2c8531a29f50ffecb54d,доля,прямой или производный (см. имя),Безразмерное состояние влаги/стресса/реализации потока.,косвенная: спектральный/ET отклик
actual_to_potential_et_ratio_90,междурядье 90 см; run cwr_manual_54e2a0cfe23f2c8531a29f50ffecb54d,доля,прямой или производный (см. имя),Безразмерное состояние влаги/стресса/реализации потока.,косвенная: спектральный/ET отклик
actual_to_potential_transpiration_ratio_90,междурядье 90 см; run cwr_manual_54e2a0cfe23f2c8531a29f50ffecb54d,доля,прямой или производный (см. имя),Безразмерное состояние влаги/стресса/реализации потока.,косвенная: спектральный/ET отклик
transpiration_fraction_of_actual_et_90,междурядье 90 см; run cwr_manual_54e2a0cfe23f2c8531a29f50ffecb54d,доля,производный,Безразмерное состояние влаги/стресса/реализации потока.,косвенная: спектральный/ET отклик
evaporation_fraction_of_actual_et_90,междурядье 90 см; run cwr_manual_54e2a0cfe23f2c8531a29f50ffecb54d,доля,производный,Безразмерное состояние влаги/стресса/реализации потока.,косвенная: спектральный/ET отклик
evapotranspiration_deficit_mm_90,междурядье 90 см; run cwr_manual_54e2a0cfe23f2c8531a29f50ffecb54d,доля,производный,Безразмерное состояние влаги/стресса/реализации потока.,косвенная: спектральный/ET отклик
precipitation_raw_mm_cumulative_from_export_start_90,междурядье 90 см; run cwr_manual_54e2a0cfe23f2c8531a29f50ffecb54d,мм,прямой факт/атрибут КОРНИКС,"Суточные осадки: raw — вход метода, effective — вошедшая в баланс часть.",причинная: отклик почвы/полога
precipitation_effective_mm_cumulative_from_export_start_90,междурядье 90 см; run cwr_manual_54e2a0cfe23f2c8531a29f50ffecb54d,мм,прямой факт/атрибут КОРНИКС,"Суточные осадки: raw — вход метода, effective — вошедшая в баланс часть.",причинная: отклик почвы/полога
irrigation_raw_mm_cumulative_from_export_start_90,междурядье 90 см; run cwr_manual_54e2a0cfe23f2c8531a29f50ffecb54d,мм,прямой факт/атрибут КОРНИКС,"Суточный полив: raw — учёт/задание, effective — поступление в почву.",причинная: отклик почвы/ET
irrigation_effective_mm_cumulative_from_export_start_90,междурядье 90 см; run cwr_manual_54e2a0cfe23f2c8531a29f50ffecb54d,мм,прямой факт/атрибут КОРНИКС,"Суточный полив: raw — учёт/задание, effective — поступление в почву.",причинная: отклик почвы/ET
actual_evapotranspiration_mm_cumulative_from_export_start_90,междурядье 90 см; run cwr_manual_54e2a0cfe23f2c8531a29f50ffecb54d,доля,прямой или производный (см. имя),Безразмерное состояние влаги/стресса/реализации потока.,косвенная: спектральный/ET отклик
actual_transpiration_mm_cumulative_from_export_start_90,междурядье 90 см; run cwr_manual_54e2a0cfe23f2c8531a29f50ffecb54d,доля,прямой или производный (см. имя),Безразмерное состояние влаги/стресса/реализации потока.,косвенная: спектральный/ET отклик
actual_soil_evaporation_mm_cumulative_from_export_start_90,междурядье 90 см; run cwr_manual_54e2a0cfe23f2c8531a29f50ffecb54d,доля,прямой или производный (см. имя),Безразмерное состояние влаги/стресса/реализации потока.,косвенная: спектральный/ET отклик
deep_drainage_below_profile_mm_cumulative_from_export_start_90,междурядье 90 см; run cwr_manual_54e2a0cfe23f2c8531a29f50ffecb54d,мм,прямой факт/атрибут КОРНИКС,"Запас, поток или дефицит воды.",служебная
