field_id,scene_date,NDMI,NDRE,SAVI,NDVI,NDWI,MNDWI,scene_id,analysis_raster
KAA_КУР-ГОР-0031-2,2026-04-12,,,,,,,S2A_MSIL2A_20260412T084501_R064_T37UDS_20260412T135001,/Users/korneev/Desktop/water-regime-gis/outputs/imagery/kaa/KAA_КУР-ГОР-0031-2/2026-04-12/sentinel_analysis.tif
KAA_КУР-ГОР-0031-2,2026-04-25,-0.285894095898,0.0626622438431,0.0477676317096,0.0789096727967,-0.112094111741,-0.385600537062,S2B_MSIL2A_20260425T083559_R064_T37UDS_20260425T123614,/Users/korneev/Desktop/water-regime-gis/outputs/imagery/kaa/KAA_КУР-ГОР-0031-2/2026-04-25/sentinel_analysis.tif
KAA_КУР-ГОР-0031-2,2026-05-05,-0.284982830286,0.0549596995115,0.049550589174,0.0770138949156,-0.10984018445,-0.382836580276,S2B_MSIL2A_20260505T083559_R064_T37UDS_20260505T123805,/Users/korneev/Desktop/water-regime-gis/outputs/imagery/kaa/KAA_КУР-ГОР-0031-2/2026-05-05/sentinel_analysis.tif
KAA_КУР-ГОР-0031-2,2026-05-07,-0.277529120445,0.0657347217202,0.0532436966896,0.0863810926676,-0.117140755057,-0.382237553596,S2C_MSIL2A_20260507T082651_R021_T37UDT_20260508T133027,/Users/korneev/Desktop/water-regime-gis/outputs/imagery/kaa/KAA_КУР-ГОР-0031-2/2026-05-07/sentinel_analysis.tif
KAA_КУР-ГОР-0031-2,2026-05-09,,,,,,,S2A_MSIL2A_20260509T083521_R021_T37UDS_20260509T133204,/Users/korneev/Desktop/water-regime-gis/outputs/imagery/kaa/KAA_КУР-ГОР-0031-2/2026-05-09/sentinel_analysis.tif
KAA_КУР-ГОР-0031-2,2026-05-20,-0.24465867877,0.086283095181,0.0822949334979,0.116770684719,-0.146651700139,-0.377745568752,S2C_MSIL2A_20260520T083601_R064_T37UDS_20260520T135803,/Users/korneev/Desktop/water-regime-gis/outputs/imagery/kaa/KAA_КУР-ГОР-0031-2/2026-05-20/sentinel_analysis.tif
KAA_КУР-ГОР-0031-2,2026-05-22,-0.27357763052,0.0710793435574,0.0720933154225,0.10591673851,-0.132063299417,-0.39148247242,S2B_MSIL2A_20260522T082559_R021_T37UDT_20260522T122936,/Users/korneev/Desktop/water-regime-gis/outputs/imagery/kaa/KAA_КУР-ГОР-0031-2/2026-05-22/sentinel_analysis.tif
KAA_КУР-ГОР-0031-2,2026-06-06,-0.261269837618,0.0726077109575,0.0663189888,0.102232724428,-0.120956502855,-0.370622009039,S2C_MSIL2A_20260606T082601_R021_T37UDS_20260606T135619,/Users/korneev/Desktop/water-regime-gis/outputs/imagery/kaa/KAA_КУР-ГОР-0031-2/2026-06-06/sentinel_analysis.tif
KAA_КУР-ГОР-0031-2,2026-06-08,-0.280710965395,0.0739143639803,0.0669544860721,0.10380076617,-0.136474937201,-0.401793986559,S2A_MSIL2A_20260608T082751_R021_T37UDS_20260608T120920,/Users/korneev/Desktop/water-regime-gis/outputs/imagery/kaa/KAA_КУР-ГОР-0031-2/2026-06-08/sentinel_analysis.tif
KAA_КУР-ГОР-0031-2,2026-06-09,-0.266671210527,0.075126811862,0.0658806040883,0.105153903365,-0.129115596414,-0.382523208857,S2C_MSIL2A_20260609T083601_R064_T37UDS_20260609T140015,/Users/korneev/Desktop/water-regime-gis/outputs/imagery/kaa/KAA_КУР-ГОР-0031-2/2026-06-09/sentinel_analysis.tif
KAA_КУР-ГОР-0031-2,2026-06-11,-0.247291296721,0.0832935720682,0.0797818899155,0.117342889309,-0.124599069357,-0.360883980989,S2A_MSIL2A_20260611T084501_R064_T37UDS_20260611T134710,/Users/korneev/Desktop/water-regime-gis/outputs/imagery/kaa/KAA_КУР-ГОР-0031-2/2026-06-11/sentinel_analysis.tif
KAA_КУР-ГОР-0031-2,2026-06-24,-0.17606203258,0.134717181325,0.133436381817,0.184635996819,-0.186473608017,-0.35063034296,S2B_MSIL2A_20260624T083559_R064_T37UDS_20260624T123843,/Users/korneev/Desktop/water-regime-gis/outputs/imagery/kaa/KAA_КУР-ГОР-0031-2/2026-06-24/sentinel_analysis.tif
KAA_КУР-ГОР-0031-2,2026-07-08,0.00803493149579,0.278841435909,0.260096609592,0.359885036945,-0.322433918715,-0.315367102623,S2A_MSIL2A_20260708T083531_R021_T37UDS_20260708T111910,/Users/korneev/Desktop/water-regime-gis/outputs/imagery/kaa/KAA_КУР-ГОР-0031-2/2026-07-08/sentinel_analysis.tif
KAA_КУР-ГОР-0031-2,2026-07-18,0.135082900524,0.399102300406,0.361769497395,0.487987756729,-0.445453852415,-0.331301987171,S2A_MSIL2A_20260718T083531_R021_T37UDT_20260718T112507,/Users/korneev/Desktop/water-regime-gis/outputs/imagery/kaa/KAA_КУР-ГОР-0031-2/2026-07-18/sentinel_analysis.tif
KAA_КУР-ГОР-0031-2,2026-07-19,0.139767974615,0.36100718379,0.359148830175,0.456266134977,-0.410704821348,-0.289579957724,S2C_MSIL2A_20260719T083601_R064_T37UDT_20260719T135608,/Users/korneev/Desktop/water-regime-gis/outputs/imagery/kaa/KAA_КУР-ГОР-0031-2/2026-07-19/sentinel_analysis.tif
KAA_КУР-ГОР-0031-2,2026-07-31,0.177110761404,0.386863946915,0.369966506958,0.471568107605,-0.416993021965,-0.259615302086,S2B_MSIL2A_20260731T082559_R021_T37UDS_20260731T123008,/Users/korneev/Desktop/water-regime-gis/outputs/imagery/kaa/KAA_КУР-ГОР-0031-2/2026-07-31/sentinel_analysis.tif
KAA_КУР-ГОР-0031-2,2026-08-03,0.188976034522,0.402195543051,0.366212874651,0.486166387796,-0.444145053625,-0.278769284487,S2B_MSIL2A_20260803T083559_R064_T37UDT_20260803T123557,/Users/korneev/Desktop/water-regime-gis/outputs/imagery/kaa/KAA_КУР-ГОР-0031-2/2026-08-03/sentinel_analysis.tif
KAA_КУР-ГОР-0031-2,2026-08-05,0.172197535634,0.36788842082,0.361383706331,0.470494866371,-0.427988797426,-0.276298671961,S2C_MSIL2A_20260805T082601_R021_T37UDS_20260805T135217,/Users/korneev/Desktop/water-regime-gis/outputs/imagery/kaa/KAA_КУР-ГОР-0031-2/2026-08-05/sentinel_analysis.tif
KAA_КУР-ГОР-0031-2,2026-08-07,0.157559037209,0.360536634922,0.338327884674,0.444371044636,-0.406802415848,-0.266480624676,S2A_MSIL2A_20260807T083531_R021_T37UDS_20260807T131912,/Users/korneev/Desktop/water-regime-gis/outputs/imagery/kaa/KAA_КУР-ГОР-0031-2/2026-08-07/sentinel_analysis.tif
KAA_КУР-ГОР-0031-2,2026-08-08,0.166626378894,0.355842709541,0.345886677504,0.45301631093,-0.411201149225,-0.262841254473,S2C_MSIL2A_20260808T083601_R064_T37UDT_20260808T140216,/Users/korneev/Desktop/water-regime-gis/outputs/imagery/kaa/KAA_КУР-ГОР-0031-2/2026-08-08/sentinel_analysis.tif
KAA_КУР-ГОР-0031-2,2026-08-10,0.205160647631,0.405833542347,0.371015042067,0.486831098795,-0.445737242699,-0.26508975029,S2B_MSIL2A_20260810T082559_R021_T37UDT_20260810T105805,/Users/korneev/Desktop/water-regime-gis/outputs/imagery/kaa/KAA_КУР-ГОР-0031-2/2026-08-10/sentinel_analysis.tif
KAA_КУР-ГОР-0056-02,2026-04-25,-0.279478311539,0.0601640567183,0.0430701859295,0.0762434974313,-0.115926846862,-0.382998675108,S2B_MSIL2A_20260425T083559_R064_T37UDT_20260425T123614,/Users/korneev/Desktop/water-regime-gis/outputs/imagery/kaa/KAA_КУР-ГОР-0056-02/2026-04-25/sentinel_analysis.tif
KAA_КУР-ГОР-0056-02,2026-05-05,-0.266611427069,0.048398155719,0.0397995263338,0.0665455982089,-0.09434158355,-0.352098762989,S2B_MSIL2A_20260505T083559_R064_T37UCT_20260505T123805,/Users/korneev/Desktop/water-regime-gis/outputs/imagery/kaa/KAA_КУР-ГОР-0056-02/2026-05-05/sentinel_analysis.tif
KAA_КУР-ГОР-0056-02,2026-05-07,-0.258712649345,0.0605657696724,0.049155395478,0.0795194432139,-0.109024420381,-0.357652068138,S2C_MSIL2A_20260507T082651_R021_T37UCT_20260508T133027,/Users/korneev/Desktop/water-regime-gis/outputs/imagery/kaa/KAA_КУР-ГОР-0056-02/2026-05-07/sentinel_analysis.tif
KAA_КУР-ГОР-0056-02,2026-05-20,-0.0443323850632,0.180905342102,0.183406382799,0.268526315689,-0.23947031796,-0.280830383301,S2C_MSIL2A_20260520T083601_R064_T37UCT_20260520T135803,/Users/korneev/Desktop/water-regime-gis/outputs/imagery/kaa/KAA_КУР-ГОР-0056-02/2026-05-20/sentinel_analysis.tif
KAA_КУР-ГОР-0056-02,2026-05-22,-0.0113125825301,0.234897330403,0.236836597323,0.332683891058,-0.287182241678,-0.297570377588,S2B_MSIL2A_20260522T082559_R021_T37UCT_20260522T122936,/Users/korneev/Desktop/water-regime-gis/outputs/imagery/kaa/KAA_КУР-ГОР-0056-02/2026-05-22/sentinel_analysis.tif
KAA_КУР-ГОР-0056-02,2026-06-08,0.344536393881,0.510600984097,0.546768069267,0.636137247086,-0.567787885666,-0.27759334445,S2A_MSIL2A_20260608T082751_R021_T37UCT_20260608T120920,/Users/korneev/Desktop/water-regime-gis/outputs/imagery/kaa/KAA_КУР-ГОР-0056-02/2026-06-08/sentinel_analysis.tif
KAA_КУР-ГОР-0056-02,2026-06-09,0.343163430691,0.485883563757,0.543448388577,0.630419552326,-0.563895523548,-0.273774325848,S2C_MSIL2A_20260609T083601_R064_T37UCT_20260609T140015,/Users/korneev/Desktop/water-regime-gis/outputs/imagery/kaa/KAA_КУР-ГОР-0056-02/2026-06-09/sentinel_analysis.tif
KAA_КУР-ГОР-0056-02,2026-06-11,,,,,,,S2A_MSIL2A_20260611T084501_R064_T37UCT_20260611T134710,/Users/korneev/Desktop/water-regime-gis/outputs/imagery/kaa/KAA_КУР-ГОР-0056-02/2026-06-11/sentinel_analysis.tif
KAA_КУР-ГОР-0056-02,2026-06-18,0.407222807407,0.559149324894,0.608888208866,0.67243283987,-0.610568344593,-0.270752251148,S2A_MSIL2A_20260618T083531_R021_T37UCT_20260618T133810,/Users/korneev/Desktop/water-regime-gis/outputs/imagery/kaa/KAA_КУР-ГОР-0056-02/2026-06-18/sentinel_analysis.tif
KAA_КУР-ГОР-0056-02,2026-07-01,0.382652550936,0.517528772354,0.570505976677,0.606888830662,-0.558189213276,-0.226677075028,S2B_MSIL2A_20260701T082559_R021_T37UCT_20260701T123005,/Users/korneev/Desktop/water-regime-gis/outputs/imagery/kaa/KAA_КУР-ГОР-0056-02/2026-07-01/sentinel_analysis.tif
KAA_КУР-ГОР-0056-02,2026-07-18,0.372725099325,0.503940343857,0.524988651276,0.617453217506,-0.568786084652,-0.248739376664,S2A_MSIL2A_20260718T083531_R021_T37UCT_20260718T112507,/Users/korneev/Desktop/water-regime-gis/outputs/imagery/kaa/KAA_КУР-ГОР-0056-02/2026-07-18/sentinel_analysis.tif
KAA_КУР-ГОР-0056-02,2026-07-19,0.367923229933,0.475388288498,0.529885828495,0.606421351433,-0.554238796234,-0.234174564481,S2C_MSIL2A_20260719T083601_R064_T37UCT_20260719T135608,/Users/korneev/Desktop/water-regime-gis/outputs/imagery/kaa/KAA_КУР-ГОР-0056-02/2026-07-19/sentinel_analysis.tif
KAA_КУР-ГОР-0056-02,2026-07-31,0.285808652639,0.333473294973,0.394659489393,0.458695977926,-0.431058555841,-0.165726780891,S2B_MSIL2A_20260731T082559_R021_T37UCT_20260731T123008,/Users/korneev/Desktop/water-regime-gis/outputs/imagery/kaa/KAA_КУР-ГОР-0056-02/2026-07-31/sentinel_analysis.tif
KAA_КУР-ГОР-0056-02,2026-08-03,0.194594532251,0.256034255028,0.285035312176,0.366099357605,-0.37032559514,-0.189356267452,S2B_MSIL2A_20260803T083559_R064_T37UDT_20260803T123557,/Users/korneev/Desktop/water-regime-gis/outputs/imagery/kaa/KAA_КУР-ГОР-0056-02/2026-08-03/sentinel_analysis.tif
KAA_КУР-ГОР-0056-02,2026-08-07,0.0416967906058,0.133917972445,0.173929557204,0.230335980654,-0.282115370035,-0.243334621191,S2A_MSIL2A_20260807T083531_R021_T37UCT_20260807T131912,/Users/korneev/Desktop/water-regime-gis/outputs/imagery/kaa/KAA_КУР-ГОР-0056-02/2026-08-07/sentinel_analysis.tif
KAA_КУР-ГОР-0056-02,2026-08-08,0.0406540520489,0.148700356483,0.191295176744,0.24142767489,-0.275824218988,-0.237876161933,S2C_MSIL2A_20260808T083601_R064_T37UDT_20260808T140216,/Users/korneev/Desktop/water-regime-gis/outputs/imagery/kaa/KAA_КУР-ГОР-0056-02/2026-08-08/sentinel_analysis.tif
KAA_КУР-ГОР-0056-02,2026-08-10,0.0343952961266,0.114577874541,0.145074471831,0.186449021101,-0.25204834342,-0.219585254788,S2B_MSIL2A_20260810T082559_R021_T37UDT_20260810T105805,/Users/korneev/Desktop/water-regime-gis/outputs/imagery/kaa/KAA_КУР-ГОР-0056-02/2026-08-10/sentinel_analysis.tif
KAA_КУР-ГОР-0057-02,2026-04-25,-0.282322257757,0.0570046044886,0.040893279016,0.0722940936685,-0.110801652074,-0.381194412708,S2B_MSIL2A_20260425T083559_R064_T37UDT_20260425T123614,/Users/korneev/Desktop/water-regime-gis/outputs/imagery/kaa/KAA_КУР-ГОР-0057-02/2026-04-25/sentinel_analysis.tif
KAA_КУР-ГОР-0057-02,2026-05-05,-0.279979705811,0.0510061196983,0.042963989079,0.0696630552411,-0.101006373763,-0.370511472225,S2B_MSIL2A_20260505T083559_R064_T37UCT_20260505T123805,/Users/korneev/Desktop/water-regime-gis/outputs/imagery/kaa/KAA_КУР-ГОР-0057-02/2026-05-05/sentinel_analysis.tif
KAA_КУР-ГОР-0057-02,2026-05-07,-0.272128492594,0.0618795752525,0.0518771186471,0.0816489830613,-0.113723129034,-0.374274849892,S2C_MSIL2A_20260507T082651_R021_T37UCT_20260508T133027,/Users/korneev/Desktop/water-regime-gis/outputs/imagery/kaa/KAA_КУР-ГОР-0057-02/2026-05-07/sentinel_analysis.tif
KAA_КУР-ГОР-0057-02,2026-05-20,-0.229229956865,0.0744129866362,0.0627391710877,0.0994689539075,-0.122907608747,-0.34247854352,S2C_MSIL2A_20260520T083601_R064_T37UCT_20260520T135803,/Users/korneev/Desktop/water-regime-gis/outputs/imagery/kaa/KAA_КУР-ГОР-0057-02/2026-05-20/sentinel_analysis.tif
KAA_КУР-ГОР-0057-02,2026-05-22,-0.256313890219,0.0523971393704,0.044705748558,0.0760584697127,-0.0861008018255,-0.33493617177,S2B_MSIL2A_20260522T082559_R021_T37UCT_20260522T122936,/Users/korneev/Desktop/water-regime-gis/outputs/imagery/kaa/KAA_КУР-ГОР-0057-02/2026-05-22/sentinel_analysis.tif
KAA_КУР-ГОР-0057-02,2026-06-08,-0.236594110727,0.11772416532,0.117467053235,0.169292613864,-0.194967925549,-0.412598580122,S2A_MSIL2A_20260608T082751_R021_T37UCT_20260608T120920,/Users/korneev/Desktop/water-regime-gis/outputs/imagery/kaa/KAA_КУР-ГОР-0057-02/2026-06-08/sentinel_analysis.tif
KAA_КУР-ГОР-0057-02,2026-06-09,-0.223162680864,0.121569059789,0.119395017624,0.181351065636,-0.192858368158,-0.398868203163,S2C_MSIL2A_20260609T083601_R064_T37UCT_20260609T140015,/Users/korneev/Desktop/water-regime-gis/outputs/imagery/kaa/KAA_КУР-ГОР-0057-02/2026-06-09/sentinel_analysis.tif
KAA_КУР-ГОР-0057-02,2026-06-11,,,,,,,S2A_MSIL2A_20260611T084501_R064_T37UCT_20260611T134710,/Users/korneev/Desktop/water-regime-gis/outputs/imagery/kaa/KAA_КУР-ГОР-0057-02/2026-06-11/sentinel_analysis.tif
KAA_КУР-ГОР-0057-02,2026-06-18,-0.0573806650937,0.217014595866,0.229863762856,0.333863228559,-0.291149228811,-0.342920273542,S2A_MSIL2A_20260618T083531_R021_T37UCT_20260618T133810,/Users/korneev/Desktop/water-regime-gis/outputs/imagery/kaa/KAA_КУР-ГОР-0057-02/2026-06-18/sentinel_analysis.tif
KAA_КУР-ГОР-0057-02,2026-07-01,,,,,,,S2B_MSIL2A_20260701T082559_R021_T37UCT_20260701T123005,/Users/korneev/Desktop/water-regime-gis/outputs/imagery/kaa/KAA_КУР-ГОР-0057-02/2026-07-01/sentinel_analysis.tif
KAA_КУР-ГОР-0057-02,2026-07-18,0.339042574167,0.583258628845,0.699910283089,0.729814231396,-0.665573835373,-0.422350913286,S2A_MSIL2A_20260718T083531_R021_T37UCT_20260718T112507,/Users/korneev/Desktop/water-regime-gis/outputs/imagery/kaa/KAA_КУР-ГОР-0057-02/2026-07-18/sentinel_analysis.tif
KAA_КУР-ГОР-0057-02,2026-07-19,0.323437273502,0.478456020355,0.610740602016,0.623676300049,-0.566003501415,-0.305337995291,S2C_MSIL2A_20260719T083601_R064_T37UCT_20260719T135608,/Users/korneev/Desktop/water-regime-gis/outputs/imagery/kaa/KAA_КУР-ГОР-0057-02/2026-07-19/sentinel_analysis.tif
KAA_КУР-ГОР-0057-02,2026-07-31,0.316313236952,0.523159086704,0.623318433762,0.637067139149,-0.582013487816,-0.329365611076,S2B_MSIL2A_20260731T082559_R021_T37UCT_20260731T123008,/Users/korneev/Desktop/water-regime-gis/outputs/imagery/kaa/KAA_КУР-ГОР-0057-02/2026-07-31/sentinel_analysis.tif
KAA_КУР-ГОР-0057-02,2026-08-03,0.326236695051,0.581691980362,0.646714568138,0.693756639957,-0.64081633091,-0.398299336433,S2B_MSIL2A_20260803T083559_R064_T37UDT_20260803T123557,/Users/korneev/Desktop/water-regime-gis/outputs/imagery/kaa/KAA_КУР-ГОР-0057-02/2026-08-03/sentinel_analysis.tif
KAA_КУР-ГОР-0057-02,2026-08-07,0.306428819895,0.569431066513,0.641268908978,0.689458847046,-0.639172673225,-0.414495319128,S2A_MSIL2A_20260807T083531_R021_T37UCT_20260807T131912,/Users/korneev/Desktop/water-regime-gis/outputs/imagery/kaa/KAA_КУР-ГОР-0057-02/2026-08-07/sentinel_analysis.tif
KAA_КУР-ГОР-0057-02,2026-08-08,0.318825751543,0.515486121178,0.631629526615,0.647280097008,-0.582277774811,-0.324074536562,S2C_MSIL2A_20260808T083601_R064_T37UDT_20260808T140216,/Users/korneev/Desktop/water-regime-gis/outputs/imagery/kaa/KAA_КУР-ГОР-0057-02/2026-08-08/sentinel_analysis.tif
KAA_КУР-ГОР-0057-02,2026-08-10,0.335161030293,0.577113747597,0.644826173782,0.690882623196,-0.634915232658,-0.38270804286,S2B_MSIL2A_20260810T082559_R021_T37UDT_20260810T105805,/Users/korneev/Desktop/water-regime-gis/outputs/imagery/kaa/KAA_КУР-ГОР-0057-02/2026-08-10/sentinel_analysis.tif
KAA_КУР-ГОР-0057-03,2026-04-25,-0.28957387805,0.0577606149018,0.0402328073978,0.0713472366333,-0.110129214823,-0.387339353561,S2B_MSIL2A_20260425T083559_R064_T37UDT_20260425T123614,/Users/korneev/Desktop/water-regime-gis/outputs/imagery/kaa/KAA_КУР-ГОР-0057-03/2026-04-25/sentinel_analysis.tif
KAA_КУР-ГОР-0057-03,2026-05-05,-0.269864797592,0.0460620075464,0.0366482958198,0.0621324889362,-0.0877683013678,-0.349350661039,S2B_MSIL2A_20260505T083559_R064_T37UCT_20260505T123805,/Users/korneev/Desktop/water-regime-gis/outputs/imagery/kaa/KAA_КУР-ГОР-0057-03/2026-05-05/sentinel_analysis.tif
KAA_КУР-ГОР-0057-03,2026-05-07,-0.264452069998,0.0564935281873,0.0449373349547,0.0737075060606,-0.10154607147,-0.356419831514,S2C_MSIL2A_20260507T082651_R021_T37UCT_20260508T133027,/Users/korneev/Desktop/water-regime-gis/outputs/imagery/kaa/KAA_КУР-ГОР-0057-03/2026-05-07/sentinel_analysis.tif
KAA_КУР-ГОР-0057-03,2026-05-20,-0.241166859865,0.08333081007,0.0703439116478,0.108460262418,-0.129660785198,-0.35959982872,S2C_MSIL2A_20260520T083601_R064_T37UCT_20260520T135803,/Users/korneev/Desktop/water-regime-gis/outputs/imagery/kaa/KAA_КУР-ГОР-0057-03/2026-05-20/sentinel_analysis.tif
KAA_КУР-ГОР-0057-03,2026-05-22,-0.273788034916,0.0586402267218,0.054213821888,0.0859820395708,-0.107773341238,-0.370623230934,S2B_MSIL2A_20260522T082559_R021_T37UCT_20260522T122936,/Users/korneev/Desktop/water-regime-gis/outputs/imagery/kaa/KAA_КУР-ГОР-0057-03/2026-05-22/sentinel_analysis.tif
KAA_КУР-ГОР-0057-03,2026-06-08,-0.288892745972,0.0808943882585,0.0725929960608,0.114109858871,-0.143756315112,-0.415392696857,S2A_MSIL2A_20260608T082751_R021_T37UCT_20260608T120920,/Users/korneev/Desktop/water-regime-gis/outputs/imagery/kaa/KAA_КУР-ГОР-0057-03/2026-06-08/sentinel_analysis.tif
KAA_КУР-ГОР-0057-03,2026-06-09,-0.258595973253,0.0843373164535,0.0757789537311,0.120648927987,-0.142352133989,-0.386683672667,S2C_MSIL2A_20260609T083601_R064_T37UCT_20260609T140015,/Users/korneev/Desktop/water-regime-gis/outputs/imagery/kaa/KAA_КУР-ГОР-0057-03/2026-06-09/sentinel_analysis.tif
KAA_КУР-ГОР-0057-03,2026-06-11,,,,,,,S2A_MSIL2A_20260611T084501_R064_T37UCT_20260611T134710,/Users/korneev/Desktop/water-regime-gis/outputs/imagery/kaa/KAA_КУР-ГОР-0057-03/2026-06-11/sentinel_analysis.tif
KAA_КУР-ГОР-0057-03,2026-06-18,-0.181428462267,0.123608492315,0.114073753357,0.176645219326,-0.170823037624,-0.341898232698,S2A_MSIL2A_20260618T083531_R021_T37UCT_20260618T133810,/Users/korneev/Desktop/water-regime-gis/outputs/imagery/kaa/KAA_КУР-ГОР-0057-03/2026-06-18/sentinel_analysis.tif
KAA_КУР-ГОР-0057-03,2026-07-01,-0.00352271087468,0.32145217061,0.292302191257,0.393331646919,-0.362588346004,-0.36631450057,S2B_MSIL2A_20260701T082559_R021_T37UCT_20260701T123005,/Users/korneev/Desktop/water-regime-gis/outputs/imagery/kaa/KAA_КУР-ГОР-0057-03/2026-07-01/sentinel_analysis.tif
KAA_КУР-ГОР-0057-03,2026-07-18,0.194494575262,0.441228896379,0.395616292953,0.519808351994,-0.483593851328,-0.322233140469,S2A_MSIL2A_20260718T083531_R021_T37UCT_20260718T112507,/Users/korneev/Desktop/water-regime-gis/outputs/imagery/kaa/KAA_КУР-ГОР-0057-03/2026-07-18/sentinel_analysis.tif
KAA_КУР-ГОР-0057-03,2026-07-19,0.227113038301,0.371720075607,0.377679914236,0.460356920958,-0.423186510801,-0.22191683948,S2C_MSIL2A_20260719T083601_R064_T37UCT_20260719T135608,/Users/korneev/Desktop/water-regime-gis/outputs/imagery/kaa/KAA_КУР-ГОР-0057-03/2026-07-19/sentinel_analysis.tif
KAA_КУР-ГОР-0057-03,2026-07-31,0.3269970119,0.523254275322,0.524713397026,0.604638636112,-0.553396522999,-0.276990145445,S2B_MSIL2A_20260731T082559_R021_T37UCT_20260731T123008,/Users/korneev/Desktop/water-regime-gis/outputs/imagery/kaa/KAA_КУР-ГОР-0057-03/2026-07-31/sentinel_analysis.tif
KAA_КУР-ГОР-0057-03,2026-08-03,0.217115789652,0.422513306141,0.397359699011,0.503789544106,-0.462227106094,-0.273633658886,S2B_MSIL2A_20260803T083559_R064_T37UDT_20260803T123557,/Users/korneev/Desktop/water-regime-gis/outputs/imagery/kaa/KAA_КУР-ГОР-0057-03/2026-08-03/sentinel_analysis.tif
KAA_КУР-ГОР-0057-03,2026-08-07,0.201397374272,0.400062054396,0.385764956474,0.490089297295,-0.454240620136,-0.279955774546,S2A_MSIL2A_20260807T083531_R021_T37UCT_20260807T131912,/Users/korneev/Desktop/water-regime-gis/outputs/imagery/kaa/KAA_КУР-ГОР-0057-03/2026-08-07/sentinel_analysis.tif
KAA_КУР-ГОР-0057-03,2026-08-08,0.201284885406,0.397715806961,0.431634604931,0.503987014294,-0.461075276136,-0.286406904459,S2C_MSIL2A_20260808T083601_R064_T37UDT_20260808T140216,/Users/korneev/Desktop/water-regime-gis/outputs/imagery/kaa/KAA_КУР-ГОР-0057-03/2026-08-08/sentinel_analysis.tif
KAA_КУР-ГОР-0057-03,2026-08-10,0.226369962096,0.424297809601,0.400483429432,0.504369318485,-0.464149951935,-0.266940683126,S2B_MSIL2A_20260810T082559_R021_T37UDT_20260810T105805,/Users/korneev/Desktop/water-regime-gis/outputs/imagery/kaa/KAA_КУР-ГОР-0057-03/2026-08-10/sentinel_analysis.tif
KAA_КУР-ГОР-0058-02,2026-04-25,-0.29292216897,0.0647505223751,0.0493704415858,0.0820949077606,-0.128131821752,-0.405820280313,S2B_MSIL2A_20260425T083559_R064_T37UDT_20260425T123614,/Users/korneev/Desktop/water-regime-gis/outputs/imagery/kaa/KAA_КУР-ГОР-0058-02/2026-04-25/sentinel_analysis.tif
KAA_КУР-ГОР-0058-02,2026-05-05,-0.272543638945,0.0481144823134,0.0394998043776,0.0656306371093,-0.0952623412013,-0.358495026827,S2B_MSIL2A_20260505T083559_R064_T37UCT_20260505T123805,/Users/korneev/Desktop/water-regime-gis/outputs/imagery/kaa/KAA_КУР-ГОР-0058-02/2026-05-05/sentinel_analysis.tif
KAA_КУР-ГОР-0058-02,2026-05-07,-0.267428278923,0.0581928752363,0.0477255918086,0.0768303871155,-0.108551219106,-0.3653691113,S2C_MSIL2A_20260507T082651_R021_T37UCT_20260508T133027,/Users/korneev/Desktop/water-regime-gis/outputs/imagery/kaa/KAA_КУР-ГОР-0058-02/2026-05-07/sentinel_analysis.tif
KAA_КУР-ГОР-0058-02,2026-05-20,,,,,,,S2C_MSIL2A_20260520T083601_R064_T37UCT_20260520T135803,/Users/korneev/Desktop/water-regime-gis/outputs/imagery/kaa/KAA_КУР-ГОР-0058-02/2026-05-20/sentinel_analysis.tif
KAA_КУР-ГОР-0058-02,2026-05-22,-0.030654290691,0.228310912848,0.23062171042,0.324104845524,-0.280792742968,-0.308837860823,S2B_MSIL2A_20260522T082559_R021_T37UCT_20260522T122936,/Users/korneev/Desktop/water-regime-gis/outputs/imagery/kaa/KAA_КУР-ГОР-0058-02/2026-05-22/sentinel_analysis.tif
KAA_КУР-ГОР-0058-02,2026-06-08,0.313335299492,0.490391254425,0.52235853672,0.617062747478,-0.547571122646,-0.282822996378,S2A_MSIL2A_20260608T082751_R021_T37UCT_20260608T120920,/Users/korneev/Desktop/water-regime-gis/outputs/imagery/kaa/KAA_КУР-ГОР-0058-02/2026-06-08/sentinel_analysis.tif
KAA_КУР-ГОР-0058-02,2026-06-09,0.313868045807,0.459733575583,0.516245245934,0.608605146408,-0.540261566639,-0.272691994905,S2C_MSIL2A_20260609T083601_R064_T37UCT_20260609T140015,/Users/korneev/Desktop/water-regime-gis/outputs/imagery/kaa/KAA_КУР-ГОР-0058-02/2026-06-09/sentinel_analysis.tif
KAA_КУР-ГОР-0058-02,2026-06-11,,,,,,,S2A_MSIL2A_20260611T084501_R064_T37UCT_20260611T134710,/Users/korneev/Desktop/water-regime-gis/outputs/imagery/kaa/KAA_КУР-ГОР-0058-02/2026-06-11/sentinel_analysis.tif
KAA_КУР-ГОР-0058-02,2026-06-18,0.333847224712,0.475230693817,0.501245439053,0.577988564968,-0.523775875568,-0.235027655959,S2A_MSIL2A_20260618T083531_R021_T37UCT_20260618T133810,/Users/korneev/Desktop/water-regime-gis/outputs/imagery/kaa/KAA_КУР-ГОР-0058-02/2026-06-18/sentinel_analysis.tif
KAA_КУР-ГОР-0058-02,2026-07-01,0.411487221718,0.559062838554,0.597489953041,0.651453852654,-0.597295224667,-0.246232554317,S2B_MSIL2A_20260701T082559_R021_T37UCT_20260701T123005,/Users/korneev/Desktop/water-regime-gis/outputs/imagery/kaa/KAA_КУР-ГОР-0058-02/2026-07-01/sentinel_analysis.tif
KAA_КУР-ГОР-0058-02,2026-07-18,0.342771530151,0.477763950825,0.494503587484,0.589774668217,-0.542686283588,-0.245586842299,S2A_MSIL2A_20260718T083531_R021_T37UCT_20260718T112507,/Users/korneev/Desktop/water-regime-gis/outputs/imagery/kaa/KAA_КУР-ГОР-0058-02/2026-07-18/sentinel_analysis.tif
KAA_КУР-ГОР-0058-02,2026-07-19,0.345532268286,0.446892619133,0.501839876175,0.577334821224,-0.527155041695,-0.223073944449,S2C_MSIL2A_20260719T083601_R064_T37UCT_20260719T135608,/Users/korneev/Desktop/water-regime-gis/outputs/imagery/kaa/KAA_КУР-ГОР-0058-02/2026-07-19/sentinel_analysis.tif
KAA_КУР-ГОР-0058-02,2026-07-31,0.224732801318,0.295095026493,0.336232692003,0.402135580778,-0.382529497147,-0.173432841897,S2B_MSIL2A_20260731T082559_R021_T37UCT_20260731T123008,/Users/korneev/Desktop/water-regime-gis/outputs/imagery/kaa/KAA_КУР-ГОР-0058-02/2026-07-31/sentinel_analysis.tif
KAA_КУР-ГОР-0058-02,2026-08-03,0.115828804672,0.208548441529,0.223991081119,0.301467627287,-0.318612098694,-0.210670977831,S2B_MSIL2A_20260803T083559_R064_T37UDT_20260803T123557,/Users/korneev/Desktop/water-regime-gis/outputs/imagery/kaa/KAA_КУР-ГОР-0058-02/2026-08-03/sentinel_analysis.tif
KAA_КУР-ГОР-0058-02,2026-08-07,-0.0251100212336,0.0995252802968,0.130428165197,0.175205036998,-0.239469513297,-0.263120651245,S2A_MSIL2A_20260807T083531_R021_T37UCT_20260807T131912,/Users/korneev/Desktop/water-regime-gis/outputs/imagery/kaa/KAA_КУР-ГОР-0058-02/2026-08-07/sentinel_analysis.tif
KAA_КУР-ГОР-0058-02,2026-08-08,0.0240107122809,0.164581567049,0.197326406837,0.241600856185,-0.270584017038,-0.247534960508,S2C_MSIL2A_20260808T083601_R064_T37UDT_20260808T140216,/Users/korneev/Desktop/water-regime-gis/outputs/imagery/kaa/KAA_КУР-ГОР-0058-02/2026-08-08/sentinel_analysis.tif
KAA_КУР-ГОР-0058-02,2026-08-10,-0.0248554609716,0.0981399342418,0.115703202784,0.151937052608,-0.223727941513,-0.247247666121,S2B_MSIL2A_20260810T082559_R021_T37UDT_20260810T105805,/Users/korneev/Desktop/water-regime-gis/outputs/imagery/kaa/KAA_КУР-ГОР-0058-02/2026-08-10/sentinel_analysis.tif
KAA_КУР-ГОР-0058-03,2026-04-25,-0.30012267828,0.0601974204183,0.042805980891,0.0736688300967,-0.111993357539,-0.398713707924,S2B_MSIL2A_20260425T083559_R064_T37UDT_20260425T123614,/Users/korneev/Desktop/water-regime-gis/outputs/imagery/kaa/KAA_КУР-ГОР-0058-03/2026-04-25/sentinel_analysis.tif
KAA_КУР-ГОР-0058-03,2026-05-05,-0.279397726059,0.0509626679122,0.0432555601001,0.0695670247078,-0.100115500391,-0.369181573391,S2B_MSIL2A_20260505T083559_R064_T37UCT_20260505T123805,/Users/korneev/Desktop/water-regime-gis/outputs/imagery/kaa/KAA_КУР-ГОР-0058-03/2026-05-05/sentinel_analysis.tif
KAA_КУР-ГОР-0058-03,2026-05-07,-0.270130038261,0.058833334595,0.0481297373772,0.0775521621108,-0.108434543014,-0.367778837681,S2C_MSIL2A_20260507T082651_R021_T37UCT_20260508T133027,/Users/korneev/Desktop/water-regime-gis/outputs/imagery/kaa/KAA_КУР-ГОР-0058-03/2026-05-07/sentinel_analysis.tif
KAA_КУР-ГОР-0058-03,2026-05-20,,,,,,,S2C_MSIL2A_20260520T083601_R064_T37UCT_20260520T135803,/Users/korneev/Desktop/water-regime-gis/outputs/imagery/kaa/KAA_КУР-ГОР-0058-03/2026-05-20/sentinel_analysis.tif
KAA_КУР-ГОР-0058-03,2026-05-22,-0.277172714472,0.0609498731792,0.0548515990376,0.0882830023766,-0.106516979635,-0.372664183378,S2B_MSIL2A_20260522T082559_R021_T37UCT_20260522T122936,/Users/korneev/Desktop/water-regime-gis/outputs/imagery/kaa/KAA_КУР-ГОР-0058-03/2026-05-22/sentinel_analysis.tif
KAA_КУР-ГОР-0058-03,2026-06-08,-0.266313970089,0.0839079022408,0.0737708583474,0.118967548013,-0.140919849277,-0.392497509718,S2A_MSIL2A_20260608T082751_R021_T37UCT_20260608T120920,/Users/korneev/Desktop/water-regime-gis/outputs/imagery/kaa/KAA_КУР-ГОР-0058-03/2026-06-08/sentinel_analysis.tif
KAA_КУР-ГОР-0058-03,2026-06-09,-0.2523458004,0.0854575112462,0.0757357999682,0.124955512583,-0.136900737882,-0.37622705102,S2C_MSIL2A_20260609T083601_R064_T37UCT_20260609T140015,/Users/korneev/Desktop/water-regime-gis/outputs/imagery/kaa/KAA_КУР-ГОР-0058-03/2026-06-09/sentinel_analysis.tif
KAA_КУР-ГОР-0058-03,2026-06-11,,,,,,,S2A_MSIL2A_20260611T084501_R064_T37UCT_20260611T134710,/Users/korneev/Desktop/water-regime-gis/outputs/imagery/kaa/KAA_КУР-ГОР-0058-03/2026-06-11/sentinel_analysis.tif
KAA_КУР-ГОР-0058-03,2026-06-18,-0.120582558215,0.133984535933,0.11857919395,0.195178061724,-0.172211959958,-0.286726921797,S2A_MSIL2A_20260618T083531_R021_T37UCT_20260618T133810,/Users/korneev/Desktop/water-regime-gis/outputs/imagery/kaa/KAA_КУР-ГОР-0058-03/2026-06-18/sentinel_analysis.tif
KAA_КУР-ГОР-0058-03,2026-07-01,0.0164503604174,0.280267477036,0.27886736393,0.355093121529,-0.321059793234,-0.305778622627,S2B_MSIL2A_20260701T082559_R021_T37UCT_20260701T123005,/Users/korneev/Desktop/water-regime-gis/outputs/imagery/kaa/KAA_КУР-ГОР-0058-03/2026-07-01/sentinel_analysis.tif
KAA_КУР-ГОР-0058-03,2026-07-18,0.248894616961,0.481661230326,0.448098808527,0.574338555336,-0.524941563606,-0.318109333515,S2A_MSIL2A_20260718T083531_R021_T37UCT_20260718T112507,/Users/korneev/Desktop/water-regime-gis/outputs/imagery/kaa/KAA_КУР-ГОР-0058-03/2026-07-18/sentinel_analysis.tif
KAA_КУР-ГОР-0058-03,2026-07-19,0.254076898098,0.453990638256,0.462205171585,0.572372496128,-0.515791475773,-0.301702529192,S2C_MSIL2A_20260719T083601_R064_T37UCT_20260719T135608,/Users/korneev/Desktop/water-regime-gis/outputs/imagery/kaa/KAA_КУР-ГОР-0058-03/2026-07-19/sentinel_analysis.tif
KAA_КУР-ГОР-0058-03,2026-07-31,0.272565722466,0.436940580606,0.441432505846,0.521337985992,-0.468655109406,-0.227672696114,S2B_MSIL2A_20260731T082559_R021_T37UCT_20260731T123008,/Users/korneev/Desktop/water-regime-gis/outputs/imagery/kaa/KAA_КУР-ГОР-0058-03/2026-07-31/sentinel_analysis.tif
KAA_КУР-ГОР-0058-03,2026-08-03,0.268936574459,0.464353233576,0.430095344782,0.546266555786,-0.495439052582,-0.26153498888,S2B_MSIL2A_20260803T083559_R064_T37UDT_20260803T123557,/Users/korneev/Desktop/water-regime-gis/outputs/imagery/kaa/KAA_КУР-ГОР-0058-03/2026-08-03/sentinel_analysis.tif
KAA_КУР-ГОР-0058-03,2026-08-07,0.246294930577,0.447894841433,0.429243594408,0.540798842907,-0.494500160217,-0.282832175493,S2A_MSIL2A_20260807T083531_R021_T37UCT_20260807T131912,/Users/korneev/Desktop/water-regime-gis/outputs/imagery/kaa/KAA_КУР-ГОР-0058-03/2026-08-07/sentinel_analysis.tif
KAA_КУР-ГОР-0058-03,2026-08-08,0.252793937922,0.388287037611,0.392605751753,0.479738473892,-0.425756335258,-0.195304110646,S2C_MSIL2A_20260808T083601_R064_T37UDT_20260808T140216,/Users/korneev/Desktop/water-regime-gis/outputs/imagery/kaa/KAA_КУР-ГОР-0058-03/2026-08-08/sentinel_analysis.tif
KAA_КУР-ГОР-0058-03,2026-08-10,0.27689191699,0.476186484098,0.449332088232,0.557664990425,-0.50690472126,-0.2677051723,S2B_MSIL2A_20260810T082559_R021_T37UDT_20260810T105805,/Users/korneev/Desktop/water-regime-gis/outputs/imagery/kaa/KAA_КУР-ГОР-0058-03/2026-08-10/sentinel_analysis.tif
KAA_КУР-ГОР-0058-04,2026-04-25,-0.299229413271,0.0627683997154,0.0464298278093,0.0781917646527,-0.121350005269,-0.405812680721,S2B_MSIL2A_20260425T083559_R064_T37UDT_20260425T123614,/Users/korneev/Desktop/water-regime-gis/outputs/imagery/kaa/KAA_КУР-ГОР-0058-04/2026-04-25/sentinel_analysis.tif
KAA_КУР-ГОР-0058-04,2026-05-05,-0.287701249123,0.0542261973023,0.0463331229985,0.0739571973681,-0.106013163924,-0.382050096989,S2B_MSIL2A_20260505T083559_R064_T37UCT_20260505T123805,/Users/korneev/Desktop/water-regime-gis/outputs/imagery/kaa/KAA_КУР-ГОР-0058-04/2026-05-05/sentinel_analysis.tif
KAA_КУР-ГОР-0058-04,2026-05-07,-0.28013715148,0.0630228742957,0.054404899478,0.0843776836991,-0.118252903223,-0.38560578227,S2C_MSIL2A_20260507T082651_R021_T37UCT_20260508T133027,/Users/korneev/Desktop/water-regime-gis/outputs/imagery/kaa/KAA_КУР-ГОР-0058-04/2026-05-07/sentinel_analysis.tif
KAA_КУР-ГОР-0058-04,2026-05-20,,,,,,,S2C_MSIL2A_20260520T083601_R064_T37UCT_20260520T135803,/Users/korneev/Desktop/water-regime-gis/outputs/imagery/kaa/KAA_КУР-ГОР-0058-04/2026-05-20/sentinel_analysis.tif
KAA_КУР-ГОР-0058-04,2026-05-22,-0.26777368784,0.0690446346998,0.0617420263588,0.0986327305436,-0.116222977638,-0.372389614582,S2B_MSIL2A_20260522T082559_R021_T37UCT_20260522T122936,/Users/korneev/Desktop/water-regime-gis/outputs/imagery/kaa/KAA_КУР-ГОР-0058-04/2026-05-22/sentinel_analysis.tif
KAA_КУР-ГОР-0058-04,2026-06-08,-0.139235958457,0.189368650317,0.187840521336,0.276786983013,-0.259871512651,-0.385181516409,S2A_MSIL2A_20260608T082751_R021_T37UCT_20260608T120920,/Users/korneev/Desktop/water-regime-gis/outputs/imagery/kaa/KAA_КУР-ГОР-0058-04/2026-06-08/sentinel_analysis.tif
KAA_КУР-ГОР-0058-04,2026-06-09,-0.112517654896,0.177074119449,0.188796386123,0.28372117877,-0.257474243641,-0.359537750483,S2C_MSIL2A_20260609T083601_R064_T37UCT_20260609T140015,/Users/korneev/Desktop/water-regime-gis/outputs/imagery/kaa/KAA_КУР-ГОР-0058-04/2026-06-09/sentinel_analysis.tif
KAA_КУР-ГОР-0058-04,2026-06-11,-0.0422933287919,0.234163686633,0.252081155777,0.351929068565,-0.308439195156,-0.346286058426,S2A_MSIL2A_20260611T084501_R064_T37UCT_20260611T134710,/Users/korneev/Desktop/water-regime-gis/outputs/imagery/kaa/KAA_КУР-ГОР-0058-04/2026-06-11/sentinel_analysis.tif
KAA_КУР-ГОР-0058-04,2026-06-18,0.0335368774831,0.215612307191,0.295093744993,0.349566757679,-0.294582247734,-0.264097183943,S2A_MSIL2A_20260618T083531_R021_T37UCT_20260618T133810,/Users/korneev/Desktop/water-regime-gis/outputs/imagery/kaa/KAA_КУР-ГОР-0058-04/2026-06-18/sentinel_analysis.tif
KAA_КУР-ГОР-0058-04,2026-07-01,,,,,,,S2B_MSIL2A_20260701T082559_R021_T37UCT_20260701T123005,/Users/korneev/Desktop/water-regime-gis/outputs/imagery/kaa/KAA_КУР-ГОР-0058-04/2026-07-01/sentinel_analysis.tif
KAA_КУР-ГОР-0058-04,2026-07-18,0.367522597313,0.580514192581,0.733464241028,0.751195371151,-0.669993698597,-0.401369512081,S2A_MSIL2A_20260718T083531_R021_T37UCT_20260718T112507,/Users/korneev/Desktop/water-regime-gis/outputs/imagery/kaa/KAA_КУР-ГОР-0058-04/2026-07-18/sentinel_analysis.tif
KAA_КУР-ГОР-0058-04,2026-07-19,0.367756307125,0.53876209259,0.738567173481,0.747112631798,-0.665119826794,-0.39371830225,S2C_MSIL2A_20260719T083601_R064_T37UCT_20260719T135608,/Users/korneev/Desktop/water-regime-gis/outputs/imagery/kaa/KAA_КУР-ГОР-0058-04/2026-07-19/sentinel_analysis.tif
KAA_КУР-ГОР-0058-04,2026-07-31,0.35692101717,0.547889232635,0.67533403635,0.706750154495,-0.621218800545,-0.342313498259,S2B_MSIL2A_20260731T082559_R021_T37UCT_20260731T123008,/Users/korneev/Desktop/water-regime-gis/outputs/imagery/kaa/KAA_КУР-ГОР-0058-04/2026-07-31/sentinel_analysis.tif
KAA_КУР-ГОР-0058-04,2026-08-03,0.347555160522,0.547839283943,0.653188169003,0.699544668198,-0.619098961353,-0.34601432085,S2B_MSIL2A_20260803T083559_R064_T37UDT_20260803T123557,/Users/korneev/Desktop/water-regime-gis/outputs/imagery/kaa/KAA_КУР-ГОР-0058-04/2026-08-03/sentinel_analysis.tif
KAA_КУР-ГОР-0058-04,2026-08-07,0.312383979559,0.512088119984,0.629605710506,0.683229029179,-0.600767672062,-0.355038613081,S2A_MSIL2A_20260807T083531_R021_T37UCT_20260807T131912,/Users/korneev/Desktop/water-regime-gis/outputs/imagery/kaa/KAA_КУР-ГОР-0058-04/2026-08-07/sentinel_analysis.tif
KAA_КУР-ГОР-0058-04,2026-08-08,0.279654622078,0.318739771843,0.323834896088,0.422134160995,-0.348619550467,-0.0763070732355,S2C_MSIL2A_20260808T083601_R064_T37UDT_20260808T140216,/Users/korneev/Desktop/water-regime-gis/outputs/imagery/kaa/KAA_КУР-ГОР-0058-04/2026-08-08/sentinel_analysis.tif
KAA_КУР-ГОР-0058-04,2026-08-10,0.335466235876,0.522454857826,0.645404160023,0.690771877766,-0.596877753735,-0.326886922121,S2B_MSIL2A_20260810T082559_R021_T37UDT_20260810T105805,/Users/korneev/Desktop/water-regime-gis/outputs/imagery/kaa/KAA_КУР-ГОР-0058-04/2026-08-10/sentinel_analysis.tif
KAA_КУР-ГОР-0059-02-3,2026-04-25,-0.294478774071,0.0608133673668,0.0436815880239,0.0765985026956,-0.114709950984,-0.395814090967,S2B_MSIL2A_20260425T083559_R064_T37UDT_20260425T123614,/Users/korneev/Desktop/water-regime-gis/outputs/imagery/kaa/KAA_КУР-ГОР-0059-02-3/2026-04-25/sentinel_analysis.tif
KAA_КУР-ГОР-0059-02-3,2026-05-05,-0.28440412879,0.0492321923375,0.0413962490857,0.0677281394601,-0.0971802473068,-0.37132370472,S2B_MSIL2A_20260505T083559_R064_T37UCT_20260505T123805,/Users/korneev/Desktop/water-regime-gis/outputs/imagery/kaa/KAA_КУР-ГОР-0059-02-3/2026-05-05/sentinel_analysis.tif
KAA_КУР-ГОР-0059-02-3,2026-05-07,-0.277578532696,0.0593168176711,0.0496956184506,0.0789228901267,-0.109660714865,-0.37580293417,S2C_MSIL2A_20260507T082651_R021_T37UCT_20260508T133027,/Users/korneev/Desktop/water-regime-gis/outputs/imagery/kaa/KAA_КУР-ГОР-0059-02-3/2026-05-07/sentinel_analysis.tif
KAA_КУР-ГОР-0059-02-3,2026-05-20,,,,,,,S2C_MSIL2A_20260520T083601_R064_T37UCT_20260520T135803,/Users/korneev/Desktop/water-regime-gis/outputs/imagery/kaa/KAA_КУР-ГОР-0059-02-3/2026-05-20/sentinel_analysis.tif
KAA_КУР-ГОР-0059-02-3,2026-05-22,-0.256047010422,0.0529428385198,0.0455153472722,0.0765231996775,-0.0876588970423,-0.335866838694,S2B_MSIL2A_20260522T082559_R021_T37UCT_20260522T122936,/Users/korneev/Desktop/water-regime-gis/outputs/imagery/kaa/KAA_КУР-ГОР-0059-02-3/2026-05-22/sentinel_analysis.tif
KAA_КУР-ГОР-0059-02-3,2026-06-08,-0.224592581391,0.1168711707,0.116504356265,0.176530122757,-0.187276989222,-0.395358353853,S2A_MSIL2A_20260608T082751_R021_T37UCT_20260608T120920,/Users/korneev/Desktop/water-regime-gis/outputs/imagery/kaa/KAA_КУР-ГОР-0059-02-3/2026-06-08/sentinel_analysis.tif
KAA_КУР-ГОР-0059-02-3,2026-06-09,-0.203794538975,0.115185983479,0.116705849767,0.182161003351,-0.182906627655,-0.372790694237,S2C_MSIL2A_20260609T083601_R064_T37UCT_20260609T140015,/Users/korneev/Desktop/water-regime-gis/outputs/imagery/kaa/KAA_КУР-ГОР-0059-02-3/2026-06-09/sentinel_analysis.tif
KAA_КУР-ГОР-0059-02-3,2026-06-11,0.0428706966341,0.0351087115705,0.0507542788982,0.0598003342748,-0.0765652507544,-0.0337164178491,S2A_MSIL2A_20260611T084501_R064_T37UCT_20260611T134710,/Users/korneev/Desktop/water-regime-gis/outputs/imagery/kaa/KAA_КУР-ГОР-0059-02-3/2026-06-11/sentinel_analysis.tif
KAA_КУР-ГОР-0059-02-3,2026-06-18,-0.0381242781878,0.165663689375,0.189681008458,0.284767985344,-0.231794118881,-0.267310768366,S2A_MSIL2A_20260618T083531_R021_T37UCT_20260618T133810,/Users/korneev/Desktop/water-regime-gis/outputs/imagery/kaa/KAA_КУР-ГОР-0059-02-3/2026-06-18/sentinel_analysis.tif
KAA_КУР-ГОР-0059-02-3,2026-07-01,0.185786932707,0.406473636627,0.54538589716,0.600484848022,-0.497641533613,-0.344455420971,S2B_MSIL2A_20260701T082559_R021_T37UCT_20260701T123005,/Users/korneev/Desktop/water-regime-gis/outputs/imagery/kaa/KAA_КУР-ГОР-0059-02-3/2026-07-01/sentinel_analysis.tif
KAA_КУР-ГОР-0059-02-3,2026-07-18,0.332697987556,0.543612599373,0.692912638187,0.728198170662,-0.642502307892,-0.394443511963,S2A_MSIL2A_20260718T083531_R021_T37UCT_20260718T112507,/Users/korneev/Desktop/water-regime-gis/outputs/imagery/kaa/KAA_КУР-ГОР-0059-02-3/2026-07-18/sentinel_analysis.tif
KAA_КУР-ГОР-0059-02-3,2026-07-19,0.335444718599,0.463554918766,0.623610854149,0.656042933464,-0.577188670635,-0.307431191206,S2C_MSIL2A_20260719T083601_R064_T37UCT_20260719T135608,/Users/korneev/Desktop/water-regime-gis/outputs/imagery/kaa/KAA_КУР-ГОР-0059-02-3/2026-07-19/sentinel_analysis.tif
KAA_КУР-ГОР-0059-02-3,2026-07-31,0.33878993988,0.558009982109,0.702461779118,0.723425209522,-0.638600647449,-0.382964998484,S2B_MSIL2A_20260731T082559_R021_T37UCT_20260731T123008,/Users/korneev/Desktop/water-regime-gis/outputs/imagery/kaa/KAA_КУР-ГОР-0059-02-3/2026-07-31/sentinel_analysis.tif
KAA_КУР-ГОР-0059-02-3,2026-08-03,0.337710887194,0.55231821537,0.650559842587,0.698496222496,-0.624705851078,-0.363975375891,S2B_MSIL2A_20260803T083559_R064_T37UDT_20260803T123557,/Users/korneev/Desktop/water-regime-gis/outputs/imagery/kaa/KAA_КУР-ГОР-0059-02-3/2026-08-03/sentinel_analysis.tif
KAA_КУР-ГОР-0059-02-3,2026-08-07,0.31638354063,0.539736151695,0.641173303127,0.693036019802,-0.621721804142,-0.38037905097,S2A_MSIL2A_20260807T083531_R021_T37UCT_20260807T131912,/Users/korneev/Desktop/water-regime-gis/outputs/imagery/kaa/KAA_КУР-ГОР-0059-02-3/2026-08-07/sentinel_analysis.tif
KAA_КУР-ГОР-0059-02-3,2026-08-08,,,,,,,S2C_MSIL2A_20260808T083601_R064_T37UDT_20260808T140216,/Users/korneev/Desktop/water-regime-gis/outputs/imagery/kaa/KAA_КУР-ГОР-0059-02-3/2026-08-08/sentinel_analysis.tif
KAA_КУР-ГОР-0059-02-3,2026-08-10,0.340054124594,0.550442934036,0.65654861927,0.700396955013,-0.620458126068,-0.355667501688,S2B_MSIL2A_20260810T082559_R021_T37UDT_20260810T105805,/Users/korneev/Desktop/water-regime-gis/outputs/imagery/kaa/KAA_КУР-ГОР-0059-02-3/2026-08-10/sentinel_analysis.tif
KAA_КУР-ГОР-0059-03,2026-04-25,-0.298029065132,0.0569914504886,0.0404496788979,0.07077152282,-0.109117649496,-0.394328981638,S2B_MSIL2A_20260425T083559_R064_T37UDT_20260425T123614,/Users/korneev/Desktop/water-regime-gis/outputs/imagery/kaa/KAA_КУР-ГОР-0059-03/2026-04-25/sentinel_analysis.tif
KAA_КУР-ГОР-0059-03,2026-05-05,-0.283689707518,0.0476230196655,0.0397569313645,0.0650952383876,-0.0933748111129,-0.3673440516,S2B_MSIL2A_20260505T083559_R064_T37UCT_20260505T123805,/Users/korneev/Desktop/water-regime-gis/outputs/imagery/kaa/KAA_КУР-ГОР-0059-03/2026-05-05/sentinel_analysis.tif
KAA_КУР-ГОР-0059-03,2026-05-07,-0.277635067701,0.0570283234119,0.0477664098144,0.0759555399418,-0.105588443577,-0.372320383787,S2C_MSIL2A_20260507T082651_R021_T37UCT_20260508T133027,/Users/korneev/Desktop/water-regime-gis/outputs/imagery/kaa/KAA_КУР-ГОР-0059-03/2026-05-07/sentinel_analysis.tif
KAA_КУР-ГОР-0059-03,2026-05-20,,,,,,,S2C_MSIL2A_20260520T083601_R064_T37UCT_20260520T135803,/Users/korneev/Desktop/water-regime-gis/outputs/imagery/kaa/KAA_КУР-ГОР-0059-03/2026-05-20/sentinel_analysis.tif
KAA_КУР-ГОР-0059-03,2026-05-22,-0.259638905525,0.0521327257156,0.0457274578512,0.0762220397592,-0.0875940620899,-0.339219421148,S2B_MSIL2A_20260522T082559_R021_T37UCT_20260522T122936,/Users/korneev/Desktop/water-regime-gis/outputs/imagery/kaa/KAA_КУР-ГОР-0059-03/2026-05-22/sentinel_analysis.tif
KAA_КУР-ГОР-0059-03,2026-06-08,-0.264715224504,0.0809359252453,0.0757792145014,0.121025711298,-0.140532031655,-0.390779972076,S2A_MSIL2A_20260608T082751_R021_T37UCT_20260608T120920,/Users/korneev/Desktop/water-regime-gis/outputs/imagery/kaa/KAA_КУР-ГОР-0059-03/2026-06-08/sentinel_analysis.tif
KAA_КУР-ГОР-0059-03,2026-06-09,-0.254478126764,0.0757366791368,0.0696438252926,0.112164929509,-0.132835194468,-0.374667972326,S2C_MSIL2A_20260609T083601_R064_T37UCT_20260609T140015,/Users/korneev/Desktop/water-regime-gis/outputs/imagery/kaa/KAA_КУР-ГОР-0059-03/2026-06-09/sentinel_analysis.tif
KAA_КУР-ГОР-0059-03,2026-06-11,,,,,,,S2A_MSIL2A_20260611T084501_R064_T37UCT_20260611T134710,/Users/korneev/Desktop/water-regime-gis/outputs/imagery/kaa/KAA_КУР-ГОР-0059-03/2026-06-11/sentinel_analysis.tif
KAA_КУР-ГОР-0059-03,2026-06-18,-0.175877809525,0.104774974287,0.0902322754264,0.152614444494,-0.142050683498,-0.310389280319,S2A_MSIL2A_20260618T083531_R021_T37UCT_20260618T133810,/Users/korneev/Desktop/water-regime-gis/outputs/imagery/kaa/KAA_КУР-ГОР-0059-03/2026-06-18/sentinel_analysis.tif
KAA_КУР-ГОР-0059-03,2026-07-01,,,,,,,S2B_MSIL2A_20260701T082559_R021_T37UCT_20260701T123005,/Users/korneev/Desktop/water-regime-gis/outputs/imagery/kaa/KAA_КУР-ГОР-0059-03/2026-07-01/sentinel_analysis.tif
KAA_КУР-ГОР-0059-03,2026-07-18,0.156522586942,0.429423779249,0.38008287549,0.509340524673,-0.474324285984,-0.345934659243,S2A_MSIL2A_20260718T083531_R021_T37UCT_20260718T112507,/Users/korneev/Desktop/water-regime-gis/outputs/imagery/kaa/KAA_КУР-ГОР-0059-03/2026-07-18/sentinel_analysis.tif
KAA_КУР-ГОР-0059-03,2026-07-19,0.199500367045,0.436289072037,0.431248307228,0.541889190674,-0.494450092316,-0.32913646102,S2C_MSIL2A_20260719T083601_R064_T37UCT_20260719T135608,/Users/korneev/Desktop/water-regime-gis/outputs/imagery/kaa/KAA_КУР-ГОР-0059-03/2026-07-19/sentinel_analysis.tif
KAA_КУР-ГОР-0059-03,2026-07-31,0.234877750278,0.455224007368,0.418863296509,0.532423377037,-0.484196305275,-0.283051401377,S2B_MSIL2A_20260731T082559_R021_T37UCT_20260731T123008,/Users/korneev/Desktop/water-regime-gis/outputs/imagery/kaa/KAA_КУР-ГОР-0059-03/2026-07-31/sentinel_analysis.tif
KAA_КУР-ГОР-0059-03,2026-08-03,0.206871554255,0.417650043964,0.3857640028,0.49766227603,-0.457516908646,-0.277869284153,S2B_MSIL2A_20260803T083559_R064_T37UDT_20260803T123557,/Users/korneev/Desktop/water-regime-gis/outputs/imagery/kaa/KAA_КУР-ГОР-0059-03/2026-08-03/sentinel_analysis.tif
KAA_КУР-ГОР-0059-03,2026-08-07,0.174981892109,0.393412590027,0.370949655771,0.479934632778,-0.449838221073,-0.299423396587,S2A_MSIL2A_20260807T083531_R021_T37UCT_20260807T131912,/Users/korneev/Desktop/water-regime-gis/outputs/imagery/kaa/KAA_КУР-ГОР-0059-03/2026-08-07/sentinel_analysis.tif
KAA_КУР-ГОР-0059-03,2026-08-08,0.135140731931,0.288666248322,0.288392722607,0.372457236052,-0.33689814806,-0.210956051946,S2C_MSIL2A_20260808T083601_R064_T37UDT_20260808T140216,/Users/korneev/Desktop/water-regime-gis/outputs/imagery/kaa/KAA_КУР-ГОР-0059-03/2026-08-08/sentinel_analysis.tif
KAA_КУР-ГОР-0059-03,2026-08-10,0.208692058921,0.420368045568,0.388809591532,0.496815770864,-0.460657656193,-0.279575169086,S2B_MSIL2A_20260810T082559_R021_T37UDT_20260810T105805,/Users/korneev/Desktop/water-regime-gis/outputs/imagery/kaa/KAA_КУР-ГОР-0059-03/2026-08-10/sentinel_analysis.tif
KAA_КУР-ГОР-0060-02,2026-04-25,-0.291904956102,0.0637959837914,0.0472404137254,0.0806472077966,-0.123609378934,-0.401064425707,S2B_MSIL2A_20260425T083559_R064_T37UDT_20260425T123614,/Users/korneev/Desktop/water-regime-gis/outputs/imagery/kaa/KAA_КУР-ГОР-0060-02/2026-04-25/sentinel_analysis.tif
KAA_КУР-ГОР-0060-02,2026-05-05,-0.275836735964,0.0504112690687,0.043682795018,0.0698729902506,-0.102867774665,-0.368271797895,S2B_MSIL2A_20260505T083559_R064_T37UCT_20260505T123805,/Users/korneev/Desktop/water-regime-gis/outputs/imagery/kaa/KAA_КУР-ГОР-0060-02/2026-05-05/sentinel_analysis.tif
KAA_КУР-ГОР-0060-02,2026-05-07,-0.266910642385,0.0620418936014,0.0527601465583,0.0819047838449,-0.116556614637,-0.37191349268,S2C_MSIL2A_20260507T082651_R021_T37UCT_20260508T133027,/Users/korneev/Desktop/water-regime-gis/outputs/imagery/kaa/KAA_КУР-ГОР-0060-02/2026-05-07/sentinel_analysis.tif
KAA_КУР-ГОР-0060-02,2026-05-20,-0.214690729976,0.0777320191264,0.06323441118,0.100969441235,-0.120543844998,-0.326726853848,S2C_MSIL2A_20260520T083601_R064_T37UCT_20260520T135803,/Users/korneev/Desktop/water-regime-gis/outputs/imagery/kaa/KAA_КУР-ГОР-0060-02/2026-05-20/sentinel_analysis.tif
KAA_КУР-ГОР-0060-02,2026-05-22,-0.253525793552,0.0549999065697,0.0501299835742,0.0819324180484,-0.0969686508179,-0.341884940863,S2B_MSIL2A_20260522T082559_R021_T37UCT_20260522T122936,/Users/korneev/Desktop/water-regime-gis/outputs/imagery/kaa/KAA_КУР-ГОР-0060-02/2026-05-22/sentinel_analysis.tif
KAA_КУР-ГОР-0060-02,2026-06-08,-0.217648178339,0.117683142424,0.12035036087,0.178672671318,-0.19336014986,-0.394413292408,S2A_MSIL2A_20260608T082751_R021_T37UCT_20260608T120920,/Users/korneev/Desktop/water-regime-gis/outputs/imagery/kaa/KAA_КУР-ГОР-0060-02/2026-06-08/sentinel_analysis.tif
KAA_КУР-ГОР-0060-02,2026-06-09,-0.197747215629,0.12003698945,0.124119699001,0.189686030149,-0.193683236837,-0.376943349838,S2C_MSIL2A_20260609T083601_R064_T37UCT_20260609T140015,/Users/korneev/Desktop/water-regime-gis/outputs/imagery/kaa/KAA_КУР-ГОР-0060-02/2026-06-09/sentinel_analysis.tif
KAA_КУР-ГОР-0060-02,2026-06-11,,,,,,,S2A_MSIL2A_20260611T084501_R064_T37UCT_20260611T134710,/Users/korneev/Desktop/water-regime-gis/outputs/imagery/kaa/KAA_КУР-ГОР-0060-02/2026-06-11/sentinel_analysis.tif
KAA_КУР-ГОР-0060-02,2026-06-18,-0.020499760285,0.198898911476,0.235860079527,0.345751255751,-0.276791363955,-0.29575625062,S2A_MSIL2A_20260618T083531_R021_T37UCT_20260618T133810,/Users/korneev/Desktop/water-regime-gis/outputs/imagery/kaa/KAA_КУР-ГОР-0060-02/2026-06-18/sentinel_analysis.tif
KAA_КУР-ГОР-0060-02,2026-07-01,0.159592777491,0.356608778238,0.448977649212,0.491348356009,-0.428666889668,-0.29128947854,S2B_MSIL2A_20260701T082559_R021_T37UCT_20260701T123005,/Users/korneev/Desktop/water-regime-gis/outputs/imagery/kaa/KAA_КУР-ГОР-0060-02/2026-07-01/sentinel_analysis.tif
KAA_КУР-ГОР-0060-02,2026-07-18,0.344992905855,0.545508563519,0.699396371841,0.732281029224,-0.645627677441,-0.387016654015,S2A_MSIL2A_20260718T083531_R021_T37UCT_20260718T112507,/Users/korneev/Desktop/water-regime-gis/outputs/imagery/kaa/KAA_КУР-ГОР-0060-02/2026-07-18/sentinel_analysis.tif
KAA_КУР-ГОР-0060-02,2026-07-19,0.350278377533,0.501664936543,0.697856247425,0.708757042885,-0.621912717819,-0.349222481251,S2C_MSIL2A_20260719T083601_R064_T37UCT_20260719T135608,/Users/korneev/Desktop/water-regime-gis/outputs/imagery/kaa/KAA_КУР-ГОР-0060-02/2026-07-19/sentinel_analysis.tif
KAA_КУР-ГОР-0060-02,2026-07-31,0.345809996128,0.55875056982,0.702004313469,0.72408592701,-0.639557003975,-0.377244919538,S2B_MSIL2A_20260731T082559_R021_T37UCT_20260731T123008,/Users/korneev/Desktop/water-regime-gis/outputs/imagery/kaa/KAA_КУР-ГОР-0060-02/2026-07-31/sentinel_analysis.tif
KAA_КУР-ГОР-0060-02,2026-08-03,0.342819929123,0.548332810402,0.648555874825,0.697645545006,-0.62342518568,-0.356948703527,S2B_MSIL2A_20260803T083559_R064_T37UDT_20260803T123557,/Users/korneev/Desktop/water-regime-gis/outputs/imagery/kaa/KAA_КУР-ГОР-0060-02/2026-08-03/sentinel_analysis.tif
KAA_КУР-ГОР-0060-02,2026-08-07,0.314877390862,0.532210588455,0.635786056519,0.687521398067,-0.615941286087,-0.373566091061,S2A_MSIL2A_20260807T083531_R021_T37UCT_20260807T131912,/Users/korneev/Desktop/water-regime-gis/outputs/imagery/kaa/KAA_КУР-ГОР-0060-02/2026-08-07/sentinel_analysis.tif
KAA_КУР-ГОР-0060-02,2026-08-08,0.261304348707,0.401088416576,0.516127049923,0.538797736168,-0.481932342052,-0.254362076521,S2C_MSIL2A_20260808T083601_R064_T37UDT_20260808T140216,/Users/korneev/Desktop/water-regime-gis/outputs/imagery/kaa/KAA_КУР-ГОР-0060-02/2026-08-08/sentinel_analysis.tif
KAA_КУР-ГОР-0060-02,2026-08-10,0.343014240265,0.547533631325,0.656145811081,0.700150072575,-0.619493067265,-0.35113632679,S2B_MSIL2A_20260810T082559_R021_T37UDT_20260810T105805,/Users/korneev/Desktop/water-regime-gis/outputs/imagery/kaa/KAA_КУР-ГОР-0060-02/2026-08-10/sentinel_analysis.tif
KAA_КУР-ГОР-0060-03,2026-04-25,-0.294858008623,0.0645804554224,0.0477413907647,0.0818810909986,-0.12299503386,-0.403231889009,S2B_MSIL2A_20260425T083559_R064_T37UDT_20260425T123614,/Users/korneev/Desktop/water-regime-gis/outputs/imagery/kaa/KAA_КУР-ГОР-0060-03/2026-04-25/sentinel_analysis.tif
KAA_КУР-ГОР-0060-03,2026-05-05,-0.270752906799,0.0505269058049,0.041015021503,0.0686922818422,-0.0950644686818,-0.356636792421,S2B_MSIL2A_20260505T083559_R064_T37UCT_20260505T123805,/Users/korneev/Desktop/water-regime-gis/outputs/imagery/kaa/KAA_КУР-ГОР-0060-03/2026-05-05/sentinel_analysis.tif
KAA_КУР-ГОР-0060-03,2026-05-07,-0.26505163312,0.0620428100228,0.0476750396192,0.0793616324663,-0.10413838923,-0.359221935272,S2C_MSIL2A_20260507T082651_R021_T37UCT_20260508T133027,/Users/korneev/Desktop/water-regime-gis/outputs/imagery/kaa/KAA_КУР-ГОР-0060-03/2026-05-07/sentinel_analysis.tif
KAA_КУР-ГОР-0060-03,2026-05-20,-0.226268768311,0.0930572673678,0.0836529880762,0.126726895571,-0.146932736039,-0.361170500517,S2C_MSIL2A_20260520T083601_R064_T37UCT_20260520T135803,/Users/korneev/Desktop/water-regime-gis/outputs/imagery/kaa/KAA_КУР-ГОР-0060-03/2026-05-20/sentinel_analysis.tif
KAA_КУР-ГОР-0060-03,2026-05-22,-0.257104605436,0.0810536146164,0.0791842341423,0.120486326516,-0.137118309736,-0.380821824074,S2B_MSIL2A_20260522T082559_R021_T37UCT_20260522T122936,/Users/korneev/Desktop/water-regime-gis/outputs/imagery/kaa/KAA_КУР-ГОР-0060-03/2026-05-22/sentinel_analysis.tif
KAA_КУР-ГОР-0060-03,2026-06-08,-0.172501936555,0.134536772966,0.151477992535,0.217924118042,-0.214705809951,-0.373540282249,S2A_MSIL2A_20260608T082751_R021_T37UCT_20260608T120920,/Users/korneev/Desktop/water-regime-gis/outputs/imagery/kaa/KAA_КУР-ГОР-0060-03/2026-06-08/sentinel_analysis.tif
KAA_КУР-ГОР-0060-03,2026-06-09,-0.192333638668,0.12269013375,0.125314176083,0.189624860883,-0.194411799312,-0.372784793377,S2C_MSIL2A_20260609T083601_R064_T37UCT_20260609T140015,/Users/korneev/Desktop/water-regime-gis/outputs/imagery/kaa/KAA_КУР-ГОР-0060-03/2026-06-09/sentinel_analysis.tif
KAA_КУР-ГОР-0060-03,2026-06-11,,,,,,,S2A_MSIL2A_20260611T084501_R064_T37UCT_20260611T134710,/Users/korneev/Desktop/water-regime-gis/outputs/imagery/kaa/KAA_КУР-ГОР-0060-03/2026-06-11/sentinel_analysis.tif
KAA_КУР-ГОР-0060-03,2026-06-18,-0.0817682743073,0.165303662419,0.146160796285,0.237262412906,-0.204232424498,-0.281500279903,S2A_MSIL2A_20260618T083531_R021_T37UCT_20260618T133810,/Users/korneev/Desktop/water-regime-gis/outputs/imagery/kaa/KAA_КУР-ГОР-0060-03/2026-06-18/sentinel_analysis.tif
KAA_КУР-ГОР-0060-03,2026-07-01,0.107901535928,0.376100927591,0.358574926853,0.463848024607,-0.406928896904,-0.313098698854,S2B_MSIL2A_20260701T082559_R021_T37UCT_20260701T123005,/Users/korneev/Desktop/water-regime-gis/outputs/imagery/kaa/KAA_КУР-ГОР-0060-03/2026-07-01/sentinel_analysis.tif
KAA_КУР-ГОР-0060-03,2026-07-18,0.288901865482,0.518334329128,0.482917904854,0.604031682014,-0.557139337063,-0.320065766573,S2A_MSIL2A_20260718T083531_R021_T37UCT_20260718T112507,/Users/korneev/Desktop/water-regime-gis/outputs/imagery/kaa/KAA_КУР-ГОР-0060-03/2026-07-18/sentinel_analysis.tif
KAA_КУР-ГОР-0060-03,2026-07-19,0.286046683788,0.455768555403,0.483031511307,0.559292018414,-0.505993247032,-0.260832875967,S2C_MSIL2A_20260719T083601_R064_T37UCT_20260719T135608,/Users/korneev/Desktop/water-regime-gis/outputs/imagery/kaa/KAA_КУР-ГОР-0060-03/2026-07-19/sentinel_analysis.tif
KAA_КУР-ГОР-0060-03,2026-07-31,0.29694750905,0.497544318438,0.49066016078,0.590005099773,-0.532316684723,-0.27975961566,S2B_MSIL2A_20260731T082559_R021_T37UCT_20260731T123008,/Users/korneev/Desktop/water-regime-gis/outputs/imagery/kaa/KAA_КУР-ГОР-0060-03/2026-07-31/sentinel_analysis.tif
KAA_КУР-ГОР-0060-03,2026-08-03,0.282147467136,0.468371838331,0.44582682848,0.556173026562,-0.505257964134,-0.260205328465,S2B_MSIL2A_20260803T083559_R064_T37UDT_20260803T123557,/Users/korneev/Desktop/water-regime-gis/outputs/imagery/kaa/KAA_КУР-ГОР-0060-03/2026-08-03/sentinel_analysis.tif
KAA_КУР-ГОР-0060-03,2026-08-07,0.245588511229,0.446953654289,0.44037091732,0.543230652809,-0.49675527215,-0.286129266024,S2A_MSIL2A_20260807T083531_R021_T37UCT_20260807T131912,/Users/korneev/Desktop/water-regime-gis/outputs/imagery/kaa/KAA_КУР-ГОР-0060-03/2026-08-07/sentinel_analysis.tif
KAA_КУР-ГОР-0060-03,2026-08-08,0.226156234741,0.364379286766,0.402774274349,0.463338315487,-0.414477497339,-0.208186641335,S2C_MSIL2A_20260808T083601_R064_T37UDT_20260808T140216,/Users/korneev/Desktop/water-regime-gis/outputs/imagery/kaa/KAA_КУР-ГОР-0060-03/2026-08-08/sentinel_analysis.tif
KAA_КУР-ГОР-0060-03,2026-08-10,0.287770658731,0.476108163595,0.463011175394,0.56488186121,-0.511563718319,-0.262477487326,S2B_MSIL2A_20260810T082559_R021_T37UDT_20260810T105805,/Users/korneev/Desktop/water-regime-gis/outputs/imagery/kaa/KAA_КУР-ГОР-0060-03/2026-08-10/sentinel_analysis.tif
KAA_КУР-ГОР-0060-04,2026-04-25,-0.292418181896,0.0628401860595,0.0456126928329,0.0795056819916,-0.118494324386,-0.397149473429,S2B_MSIL2A_20260425T083559_R064_T37UDT_20260425T123614,/Users/korneev/Desktop/water-regime-gis/outputs/imagery/kaa/KAA_КУР-ГОР-0060-04/2026-04-25/sentinel_analysis.tif
KAA_КУР-ГОР-0060-04,2026-05-05,-0.2823536098,0.0501450747252,0.0424721576273,0.0690836161375,-0.0988966599107,-0.370894759893,S2B_MSIL2A_20260505T083559_R064_T37UCT_20260505T123805,/Users/korneev/Desktop/water-regime-gis/outputs/imagery/kaa/KAA_КУР-ГОР-0060-04/2026-05-05/sentinel_analysis.tif
KAA_КУР-ГОР-0060-04,2026-05-07,-0.272822856903,0.0609004870057,0.0509427674115,0.08030308038,-0.111712686718,-0.373164087534,S2C_MSIL2A_20260507T082651_R021_T37UCT_20260508T133027,/Users/korneev/Desktop/water-regime-gis/outputs/imagery/kaa/KAA_КУР-ГОР-0060-04/2026-05-07/sentinel_analysis.tif
KAA_КУР-ГОР-0060-04,2026-05-20,,,,,,,S2C_MSIL2A_20260520T083601_R064_T37UCT_20260520T135803,/Users/korneev/Desktop/water-regime-gis/outputs/imagery/kaa/KAA_КУР-ГОР-0060-04/2026-05-20/sentinel_analysis.tif
KAA_КУР-ГОР-0060-04,2026-05-22,-0.255369603634,0.052678912878,0.0463971793652,0.077393360436,-0.0892966017127,-0.336712628603,S2B_MSIL2A_20260522T082559_R021_T37UCT_20260522T122936,/Users/korneev/Desktop/water-regime-gis/outputs/imagery/kaa/KAA_КУР-ГОР-0060-04/2026-05-22/sentinel_analysis.tif
KAA_КУР-ГОР-0060-04,2026-06-08,-0.292647987604,0.0697539076209,0.0662751123309,0.100948534906,-0.138634726405,-0.414474666119,S2A_MSIL2A_20260608T082751_R021_T37UCT_20260608T120920,/Users/korneev/Desktop/water-regime-gis/outputs/imagery/kaa/KAA_КУР-ГОР-0060-04/2026-06-08/sentinel_analysis.tif
KAA_КУР-ГОР-0060-04,2026-06-09,-0.281378477812,0.0740996748209,0.0702376887202,0.107489362359,-0.139446601272,-0.404938429594,S2C_MSIL2A_20260609T083601_R064_T37UCT_20260609T140015,/Users/korneev/Desktop/water-regime-gis/outputs/imagery/kaa/KAA_КУР-ГОР-0060-04/2026-06-09/sentinel_analysis.tif
KAA_КУР-ГОР-0060-04,2026-06-11,,,,,,,S2A_MSIL2A_20260611T084501_R064_T37UCT_20260611T134710,/Users/korneev/Desktop/water-regime-gis/outputs/imagery/kaa/KAA_КУР-ГОР-0060-04/2026-06-11/sentinel_analysis.tif
KAA_КУР-ГОР-0060-04,2026-06-18,-0.210530564189,0.0965110138059,0.0952459424734,0.153103873134,-0.150282487273,-0.349775016308,S2A_MSIL2A_20260618T083531_R021_T37UCT_20260618T133810,/Users/korneev/Desktop/water-regime-gis/outputs/imagery/kaa/KAA_КУР-ГОР-0060-04/2026-06-18/sentinel_analysis.tif
KAA_КУР-ГОР-0060-04,2026-07-01,,,,,,,S2B_MSIL2A_20260701T082559_R021_T37UCT_20260701T123005,/Users/korneev/Desktop/water-regime-gis/outputs/imagery/kaa/KAA_КУР-ГОР-0060-04/2026-07-01/sentinel_analysis.tif
KAA_КУР-ГОР-0060-04,2026-07-18,0.319167226553,0.460731178522,0.595115065575,0.658253848553,-0.54572147131,-0.274319946766,S2A_MSIL2A_20260718T083531_R021_T37UCT_20260718T112507,/Users/korneev/Desktop/water-regime-gis/outputs/imagery/kaa/KAA_КУР-ГОР-0060-04/2026-07-18/sentinel_analysis.tif
KAA_КУР-ГОР-0060-04,2026-07-19,0.288534879684,0.366727054119,0.501587927341,0.544155776501,-0.457473188639,-0.197150155902,S2C_MSIL2A_20260719T083601_R064_T37UCT_20260719T135608,/Users/korneev/Desktop/water-regime-gis/outputs/imagery/kaa/KAA_КУР-ГОР-0060-04/2026-07-19/sentinel_analysis.tif
KAA_КУР-ГОР-0060-04,2026-07-31,0.36519947648,0.503905713558,0.634260833263,0.67442381382,-0.570211946964,-0.258903801441,S2B_MSIL2A_20260731T082559_R021_T37UCT_20260731T123008,/Users/korneev/Desktop/water-regime-gis/outputs/imagery/kaa/KAA_КУР-ГОР-0060-04/2026-07-31/sentinel_analysis.tif
KAA_КУР-ГОР-0060-04,2026-08-03,0.347795128822,0.487011641264,0.594416022301,0.649373352528,-0.555199325085,-0.256990760565,S2B_MSIL2A_20260803T083559_R064_T37UDT_20260803T123557,/Users/korneev/Desktop/water-regime-gis/outputs/imagery/kaa/KAA_КУР-ГОР-0060-04/2026-08-03/sentinel_analysis.tif
KAA_КУР-ГОР-0060-04,2026-08-07,0.316927403212,0.461937397718,0.583564400673,0.633028566837,-0.54305523634,-0.273107588291,S2A_MSIL2A_20260807T083531_R021_T37UCT_20260807T131912,/Users/korneev/Desktop/water-regime-gis/outputs/imagery/kaa/KAA_КУР-ГОР-0060-04/2026-08-07/sentinel_analysis.tif
KAA_КУР-ГОР-0060-04,2026-08-08,0.266049921513,0.350950658321,0.469013988972,0.490766465664,-0.420897394419,-0.174824073911,S2C_MSIL2A_20260808T083601_R064_T37UDT_20260808T140216,/Users/korneev/Desktop/water-regime-gis/outputs/imagery/kaa/KAA_КУР-ГОР-0060-04/2026-08-08/sentinel_analysis.tif
KAA_КУР-ГОР-0060-04,2026-08-10,0.35765004158,0.473655194044,0.588239908218,0.631205379963,-0.54008191824,-0.226030766964,S2B_MSIL2A_20260810T082559_R021_T37UDT_20260810T105805,/Users/korneev/Desktop/water-regime-gis/outputs/imagery/kaa/KAA_КУР-ГОР-0060-04/2026-08-10/sentinel_analysis.tif
KAA_КУР-ГОР-0061-02,2026-04-25,-0.286486625671,0.0691025182605,0.0542832203209,0.0896005630493,-0.13891877234,-0.409134179354,S2B_MSIL2A_20260425T083559_R064_T37UDT_20260425T123614,/Users/korneev/Desktop/water-regime-gis/outputs/imagery/kaa/KAA_КУР-ГОР-0061-02/2026-04-25/sentinel_analysis.tif
KAA_КУР-ГОР-0061-02,2026-05-05,-0.273199737072,0.0557632632554,0.0507041364908,0.0787664651871,-0.118617117405,-0.379530489445,S2B_MSIL2A_20260505T083559_R064_T37UCT_20260505T123805,/Users/korneev/Desktop/water-regime-gis/outputs/imagery/kaa/KAA_КУР-ГОР-0061-02/2026-05-05/sentinel_analysis.tif
KAA_КУР-ГОР-0061-02,2026-05-07,-0.264213651419,0.0676315277815,0.0604168772697,0.0911613255739,-0.132280796766,-0.383113473654,S2C_MSIL2A_20260507T082651_R021_T37UCT_20260508T133027,/Users/korneev/Desktop/water-regime-gis/outputs/imagery/kaa/KAA_КУР-ГОР-0061-02/2026-05-07/sentinel_analysis.tif
KAA_КУР-ГОР-0061-02,2026-05-20,-0.23451782763,0.0760551095009,0.0668191164732,0.103408247232,-0.133443102241,-0.356800556183,S2C_MSIL2A_20260520T083601_R064_T37UCT_20260520T135803,/Users/korneev/Desktop/water-regime-gis/outputs/imagery/kaa/KAA_КУР-ГОР-0061-02/2026-05-20/sentinel_analysis.tif
KAA_КУР-ГОР-0061-02,2026-05-22,-0.251522153616,0.0608003810048,0.0576502867043,0.0912439599633,-0.112558871508,-0.353847950697,S2B_MSIL2A_20260522T082559_R021_T37UCT_20260522T122936,/Users/korneev/Desktop/water-regime-gis/outputs/imagery/kaa/KAA_КУР-ГОР-0061-02/2026-05-22/sentinel_analysis.tif
KAA_КУР-ГОР-0061-02,2026-06-08,-0.210875019431,0.122572936118,0.130923911929,0.188479289412,-0.206537351012,-0.399982213974,S2A_MSIL2A_20260608T082751_R021_T37UCT_20260608T120920,/Users/korneev/Desktop/water-regime-gis/outputs/imagery/kaa/KAA_КУР-ГОР-0061-02/2026-06-08/sentinel_analysis.tif
KAA_КУР-ГОР-0061-02,2026-06-09,-0.198314771056,0.120031617582,0.127266854048,0.188974127173,-0.199513167143,-0.382573932409,S2C_MSIL2A_20260609T083601_R064_T37UCT_20260609T140015,/Users/korneev/Desktop/water-regime-gis/outputs/imagery/kaa/KAA_КУР-ГОР-0061-02/2026-06-09/sentinel_analysis.tif
KAA_КУР-ГОР-0061-02,2026-06-11,,,,,,,S2A_MSIL2A_20260611T084501_R064_T37UCT_20260611T134710,/Users/korneev/Desktop/water-regime-gis/outputs/imagery/kaa/KAA_КУР-ГОР-0061-02/2026-06-11/sentinel_analysis.tif
KAA_КУР-ГОР-0061-02,2026-06-18,-0.116357013583,0.154968082905,0.165660604835,0.251616358757,-0.227586880326,-0.33510106802,S2A_MSIL2A_20260618T083531_R021_T37UCT_20260618T133810,/Users/korneev/Desktop/water-regime-gis/outputs/imagery/kaa/KAA_КУР-ГОР-0061-02/2026-06-18/sentinel_analysis.tif
KAA_КУР-ГОР-0061-02,2026-07-01,0.157127052546,0.389957726002,0.460994243622,0.541798532009,-0.470292508602,-0.338493704796,S2B_MSIL2A_20260701T082559_R021_T37UCT_20260701T123005,/Users/korneev/Desktop/water-regime-gis/outputs/imagery/kaa/KAA_КУР-ГОР-0061-02/2026-07-01/sentinel_analysis.tif
KAA_КУР-ГОР-0061-02,2026-07-18,0.324566185474,0.523874044418,0.659118592739,0.709400713444,-0.624556481838,-0.376523286104,S2A_MSIL2A_20260718T083531_R021_T37UCT_20260718T112507,/Users/korneev/Desktop/water-regime-gis/outputs/imagery/kaa/KAA_КУР-ГОР-0061-02/2026-07-18/sentinel_analysis.tif
KAA_КУР-ГОР-0061-02,2026-07-19,0.326004475355,0.47065192461,0.615135610104,0.668352544308,-0.587472856045,-0.327722072601,S2C_MSIL2A_20260719T083601_R064_T37UCT_20260719T135608,/Users/korneev/Desktop/water-regime-gis/outputs/imagery/kaa/KAA_КУР-ГОР-0061-02/2026-07-19/sentinel_analysis.tif
KAA_КУР-ГОР-0061-02,2026-07-31,0.342517346144,0.552375376225,0.687917351723,0.715260565281,-0.631769895554,-0.36924919486,S2B_MSIL2A_20260731T082559_R021_T37UCT_20260731T123008,/Users/korneev/Desktop/water-regime-gis/outputs/imagery/kaa/KAA_КУР-ГОР-0061-02/2026-07-31/sentinel_analysis.tif
KAA_КУР-ГОР-0061-02,2026-08-03,0.34053876996,0.543771028519,0.629907548428,0.687760174274,-0.617345273495,-0.350587069988,S2B_MSIL2A_20260803T083559_R064_T37UDT_20260803T123557,/Users/korneev/Desktop/water-regime-gis/outputs/imagery/kaa/KAA_КУР-ГОР-0061-02/2026-08-03/sentinel_analysis.tif
KAA_КУР-ГОР-0061-02,2026-08-07,0.317220836878,0.533435583115,0.617964327335,0.677907407284,-0.612944424152,-0.367220014334,S2A_MSIL2A_20260807T083531_R021_T37UCT_20260807T131912,/Users/korneev/Desktop/water-regime-gis/outputs/imagery/kaa/KAA_КУР-ГОР-0061-02/2026-08-07/sentinel_analysis.tif
KAA_КУР-ГОР-0061-02,2026-08-08,0.305418074131,0.470683515072,0.580108761787,0.625742197037,-0.560668289661,-0.308379173279,S2C_MSIL2A_20260808T083601_R064_T37UDT_20260808T140216,/Users/korneev/Desktop/water-regime-gis/outputs/imagery/kaa/KAA_КУР-ГОР-0061-02/2026-08-08/sentinel_analysis.tif
KAA_КУР-ГОР-0061-02,2026-08-10,0.349981874228,0.550307273865,0.641285002232,0.69242811203,-0.618475317955,-0.34276342392,S2B_MSIL2A_20260810T082559_R021_T37UDT_20260810T105805,/Users/korneev/Desktop/water-regime-gis/outputs/imagery/kaa/KAA_КУР-ГОР-0061-02/2026-08-10/sentinel_analysis.tif
KAA_КУР-ГОР-0061-03,2026-04-25,-0.287874281406,0.0658970102668,0.0484620071948,0.0825214460492,-0.123133443296,-0.396956890821,S2B_MSIL2A_20260425T083559_R064_T37UDT_20260425T123614,/Users/korneev/Desktop/water-regime-gis/outputs/imagery/kaa/KAA_КУР-ГОР-0061-03/2026-04-25/sentinel_analysis.tif
KAA_КУР-ГОР-0061-03,2026-05-05,-0.264455467463,0.0478385053575,0.0393972434103,0.0656234025955,-0.0892825648189,-0.345605134964,S2B_MSIL2A_20260505T083559_R064_T37UDT_20260505T123805,/Users/korneev/Desktop/water-regime-gis/outputs/imagery/kaa/KAA_КУР-ГОР-0061-03/2026-05-05/sentinel_analysis.tif
KAA_КУР-ГОР-0061-03,2026-05-07,-0.259232610464,0.0606165081263,0.0493572503328,0.0800509229302,-0.10950897634,-0.35862493515,S2C_MSIL2A_20260507T082651_R021_T37UDT_20260508T133027,/Users/korneev/Desktop/water-regime-gis/outputs/imagery/kaa/KAA_КУР-ГОР-0061-03/2026-05-07/sentinel_analysis.tif
KAA_КУР-ГОР-0061-03,2026-05-22,-0.261128842831,0.0617767721415,0.0567482188344,0.0901783183217,-0.108068779111,-0.359214484692,S2B_MSIL2A_20260522T082559_R021_T37UDT_20260522T122936,/Users/korneev/Desktop/water-regime-gis/outputs/imagery/kaa/KAA_КУР-ГОР-0061-03/2026-05-22/sentinel_analysis.tif
KAA_КУР-ГОР-0061-03,2026-06-08,-0.27778121829,0.0737461000681,0.0643972828984,0.101866416633,-0.13123382628,-0.394810080528,S2A_MSIL2A_20260608T082751_R021_T37UDT_20260608T120920,/Users/korneev/Desktop/water-regime-gis/outputs/imagery/kaa/KAA_КУР-ГОР-0061-03/2026-06-08/sentinel_analysis.tif
KAA_КУР-ГОР-0061-03,2026-06-11,,,,,,,S2B_MSIL2A_20260611T082559_R021_T37UDT_20260611T121655,/Users/korneev/Desktop/water-regime-gis/outputs/imagery/kaa/KAA_КУР-ГОР-0061-03/2026-06-11/sentinel_analysis.tif
KAA_КУР-ГОР-0061-03,2026-07-18,0.158542335033,0.383558988571,0.335181295872,0.469291210175,-0.423120826483,-0.284968316555,S2A_MSIL2A_20260718T083531_R021_T37UDT_20260718T112507,/Users/korneev/Desktop/water-regime-gis/outputs/imagery/kaa/KAA_КУР-ГОР-0061-03/2026-07-18/sentinel_analysis.tif
KAA_КУР-ГОР-0061-03,2026-07-19,0.128201141953,0.350211560726,0.345089554787,0.450634151697,-0.401561677456,-0.288781046867,S2C_MSIL2A_20260719T083601_R064_T37UDT_20260719T135608,/Users/korneev/Desktop/water-regime-gis/outputs/imagery/kaa/KAA_КУР-ГОР-0061-03/2026-07-19/sentinel_analysis.tif
KAA_КУР-ГОР-0061-03,2026-08-03,0.199667647481,0.394500374794,0.369737774134,0.485228091478,-0.439925998449,-0.264158666134,S2B_MSIL2A_20260803T083559_R064_T37UDT_20260803T123557,/Users/korneev/Desktop/water-regime-gis/outputs/imagery/kaa/KAA_КУР-ГОР-0061-03/2026-08-03/sentinel_analysis.tif
KAA_КУР-ГОР-0061-03,2026-08-07,0.170886218548,0.370559334755,0.359046459198,0.466017305851,-0.425538301468,-0.275069743395,S2A_MSIL2A_20260807T083531_R021_T37UDT_20260807T131912,/Users/korneev/Desktop/water-regime-gis/outputs/imagery/kaa/KAA_КУР-ГОР-0061-03/2026-08-07/sentinel_analysis.tif
KAA_КУР-ГОР-0061-03,2026-08-08,0.180198833346,0.351758420467,0.368318945169,0.457802832127,-0.41219112277,-0.250809401274,S2C_MSIL2A_20260808T083601_R064_T37UDT_20260808T140216,/Users/korneev/Desktop/water-regime-gis/outputs/imagery/kaa/KAA_КУР-ГОР-0061-03/2026-08-08/sentinel_analysis.tif
KAA_КУР-ГОР-0061-03,2026-08-10,0.218966498971,0.40422475338,0.381570905447,0.493302464485,-0.445171773434,-0.251056909561,S2B_MSIL2A_20260810T082559_R021_T37UDT_20260810T105805,/Users/korneev/Desktop/water-regime-gis/outputs/imagery/kaa/KAA_КУР-ГОР-0061-03/2026-08-10/sentinel_analysis.tif
KAA_КУР-ГОР-0062-02,2026-04-12,,,,,,,S2A_MSIL2A_20260412T084501_R064_T37UDS_20260412T135001,/Users/korneev/Desktop/water-regime-gis/outputs/imagery/kaa/KAA_КУР-ГОР-0062-02/2026-04-12/sentinel_analysis.tif
KAA_КУР-ГОР-0062-02,2026-04-25,-0.277854263783,0.0614777132869,0.0488184764981,0.0787566155195,-0.112799726427,-0.378826111555,S2B_MSIL2A_20260425T083559_R064_T37UDS_20260425T123614,/Users/korneev/Desktop/water-regime-gis/outputs/imagery/kaa/KAA_КУР-ГОР-0062-02/2026-04-25/sentinel_analysis.tif
KAA_КУР-ГОР-0062-02,2026-05-05,-0.271731853485,0.0508841462433,0.0482229813933,0.0733117759228,-0.108478710055,-0.369363725185,S2B_MSIL2A_20260505T083559_R064_T37UDS_20260505T123805,/Users/korneev/Desktop/water-regime-gis/outputs/imagery/kaa/KAA_КУР-ГОР-0062-02/2026-05-05/sentinel_analysis.tif
KAA_КУР-ГОР-0062-02,2026-05-07,-0.262873262167,0.0623191781342,0.0578194111586,0.0858916938305,-0.125153675675,-0.375688493252,S2C_MSIL2A_20260507T082651_R021_T37UDT_20260508T133027,/Users/korneev/Desktop/water-regime-gis/outputs/imagery/kaa/KAA_КУР-ГОР-0062-02/2026-05-07/sentinel_analysis.tif
KAA_КУР-ГОР-0062-02,2026-05-09,,,,,,,S2A_MSIL2A_20260509T083521_R021_T37UDS_20260509T133204,/Users/korneev/Desktop/water-regime-gis/outputs/imagery/kaa/KAA_КУР-ГОР-0062-02/2026-05-09/sentinel_analysis.tif
KAA_КУР-ГОР-0062-02,2026-05-20,-0.239534348249,0.0719512924552,0.0665465295315,0.098637484014,-0.126820340753,-0.355517864227,S2C_MSIL2A_20260520T083601_R064_T37UDS_20260520T135803,/Users/korneev/Desktop/water-regime-gis/outputs/imagery/kaa/KAA_КУР-ГОР-0062-02/2026-05-20/sentinel_analysis.tif
KAA_КУР-ГОР-0062-02,2026-05-22,-0.254665672779,0.0638923421502,0.0666233822703,0.0987930819392,-0.12340259552,-0.366520136595,S2B_MSIL2A_20260522T082559_R021_T37UDT_20260522T122936,/Users/korneev/Desktop/water-regime-gis/outputs/imagery/kaa/KAA_КУР-ГОР-0062-02/2026-05-22/sentinel_analysis.tif
KAA_КУР-ГОР-0062-02,2026-06-06,-0.195958614349,0.121309071779,0.142735421658,0.19415988028,-0.201843962073,-0.382348120213,S2C_MSIL2A_20260606T082601_R021_T37UDS_20260606T135619,/Users/korneev/Desktop/water-regime-gis/outputs/imagery/kaa/KAA_КУР-ГОР-0062-02/2026-06-06/sentinel_analysis.tif
KAA_КУР-ГОР-0062-02,2026-06-08,-0.185940757394,0.13638779521,0.147975727916,0.205569669604,-0.215996190906,-0.386350274086,S2A_MSIL2A_20260608T082751_R021_T37UDS_20260608T120920,/Users/korneev/Desktop/water-regime-gis/outputs/imagery/kaa/KAA_КУР-ГОР-0062-02/2026-06-08/sentinel_analysis.tif
KAA_КУР-ГОР-0062-02,2026-06-09,-0.166574805975,0.138634070754,0.152203246951,0.218486815691,-0.217971399426,-0.371010571718,S2C_MSIL2A_20260609T083601_R064_T37UDS_20260609T140015,/Users/korneev/Desktop/water-regime-gis/outputs/imagery/kaa/KAA_КУР-ГОР-0062-02/2026-06-09/sentinel_analysis.tif
KAA_КУР-ГОР-0062-02,2026-06-11,-0.125788599253,0.175612553954,0.203605011106,0.268876105547,-0.246768966317,-0.361410111189,S2A_MSIL2A_20260611T084501_R064_T37UDS_20260611T134710,/Users/korneev/Desktop/water-regime-gis/outputs/imagery/kaa/KAA_КУР-ГОР-0062-02/2026-06-11/sentinel_analysis.tif
KAA_КУР-ГОР-0062-02,2026-06-24,0.134230524302,0.340194642544,0.418368518353,0.50634598732,-0.422490209341,-0.305666297674,S2B_MSIL2A_20260624T083559_R064_T37UDS_20260624T123843,/Users/korneev/Desktop/water-regime-gis/outputs/imagery/kaa/KAA_КУР-ГОР-0062-02/2026-06-24/sentinel_analysis.tif
KAA_КУР-ГОР-0062-02,2026-07-08,0.251991957426,0.461253970861,0.594598948956,0.638981878757,-0.552276670933,-0.350062638521,S2A_MSIL2A_20260708T083531_R021_T37UDS_20260708T111910,/Users/korneev/Desktop/water-regime-gis/outputs/imagery/kaa/KAA_КУР-ГОР-0062-02/2026-07-08/sentinel_analysis.tif
KAA_КУР-ГОР-0062-02,2026-07-18,0.334894388914,0.535780012608,0.673605144024,0.713239252567,-0.629359185696,-0.374279260635,S2A_MSIL2A_20260718T083531_R021_T37UDT_20260718T112507,/Users/korneev/Desktop/water-regime-gis/outputs/imagery/kaa/KAA_КУР-ГОР-0062-02/2026-07-18/sentinel_analysis.tif
KAA_КУР-ГОР-0062-02,2026-07-19,0.308837383986,0.434962153435,0.566928207874,0.625876247883,-0.543047428131,-0.285942435265,S2C_MSIL2A_20260719T083601_R064_T37UDT_20260719T135608,/Users/korneev/Desktop/water-regime-gis/outputs/imagery/kaa/KAA_КУР-ГОР-0062-02/2026-07-19/sentinel_analysis.tif
KAA_КУР-ГОР-0062-02,2026-07-31,0.332879066467,0.532617270947,0.661970257759,0.692460477352,-0.607247233391,-0.344337403774,S2B_MSIL2A_20260731T082559_R021_T37UDS_20260731T123008,/Users/korneev/Desktop/water-regime-gis/outputs/imagery/kaa/KAA_КУР-ГОР-0062-02/2026-07-31/sentinel_analysis.tif
KAA_КУР-ГОР-0062-02,2026-08-03,0.329829573631,0.526202738285,0.623982489109,0.683728158474,-0.607343673706,-0.347504645586,S2B_MSIL2A_20260803T083559_R064_T37UDT_20260803T123557,/Users/korneev/Desktop/water-regime-gis/outputs/imagery/kaa/KAA_КУР-ГОР-0062-02/2026-08-03/sentinel_analysis.tif
KAA_КУР-ГОР-0062-02,2026-08-05,0.307406276464,0.474205195904,0.608140468597,0.665556848049,-0.586394488811,-0.340702563524,S2C_MSIL2A_20260805T082601_R021_T37UDS_20260805T135217,/Users/korneev/Desktop/water-regime-gis/outputs/imagery/kaa/KAA_КУР-ГОР-0062-02/2026-08-05/sentinel_analysis.tif
KAA_КУР-ГОР-0062-02,2026-08-07,0.283515453339,0.485554635525,0.572351396084,0.637041509151,-0.563439011574,-0.333476603031,S2A_MSIL2A_20260807T083531_R021_T37UDS_20260807T131912,/Users/korneev/Desktop/water-regime-gis/outputs/imagery/kaa/KAA_КУР-ГОР-0062-02/2026-08-07/sentinel_analysis.tif
KAA_КУР-ГОР-0062-02,2026-08-08,0.285424381495,0.450702488422,0.571954190731,0.630461990833,-0.554102897644,-0.320317208767,S2C_MSIL2A_20260808T083601_R064_T37UDT_20260808T140216,/Users/korneev/Desktop/water-regime-gis/outputs/imagery/kaa/KAA_КУР-ГОР-0062-02/2026-08-08/sentinel_analysis.tif
KAA_КУР-ГОР-0062-02,2026-08-10,0.326700121164,0.518748879433,0.627032697201,0.681236445904,-0.595062494278,-0.333449214697,S2B_MSIL2A_20260810T082559_R021_T37UDT_20260810T105805,/Users/korneev/Desktop/water-regime-gis/outputs/imagery/kaa/KAA_КУР-ГОР-0062-02/2026-08-10/sentinel_analysis.tif
KAA_КУР-ГОР-0062-03,2026-04-12,,,,,,,S2A_MSIL2A_20260412T084501_R064_T37UDS_20260412T135001,/Users/korneev/Desktop/water-regime-gis/outputs/imagery/kaa/KAA_КУР-ГОР-0062-03/2026-04-12/sentinel_analysis.tif
KAA_КУР-ГОР-0062-03,2026-04-25,-0.284886330366,0.0612682774663,0.0460948422551,0.0767989084125,-0.109877623618,-0.382799446583,S2B_MSIL2A_20260425T083559_R064_T37UDS_20260425T123614,/Users/korneev/Desktop/water-regime-gis/outputs/imagery/kaa/KAA_КУР-ГОР-0062-03/2026-04-25/sentinel_analysis.tif
KAA_КУР-ГОР-0062-03,2026-05-05,-0.281077206135,0.050425298512,0.0421685799956,0.0693950355053,-0.0969831869006,-0.368047237396,S2B_MSIL2A_20260505T083559_R064_T37UDS_20260505T123805,/Users/korneev/Desktop/water-regime-gis/outputs/imagery/kaa/KAA_КУР-ГОР-0062-03/2026-05-05/sentinel_analysis.tif
KAA_КУР-ГОР-0062-03,2026-05-07,-0.272519469261,0.063714645803,0.0537047460675,0.0852954611182,-0.119277752936,-0.379481494427,S2C_MSIL2A_20260507T082651_R021_T37UDT_20260508T133027,/Users/korneev/Desktop/water-regime-gis/outputs/imagery/kaa/KAA_КУР-ГОР-0062-03/2026-05-07/sentinel_analysis.tif
KAA_КУР-ГОР-0062-03,2026-05-09,-0.221898168325,0.0703515186906,0.0595895685256,0.0904259011149,-0.113530233502,-0.327135205269,S2A_MSIL2A_20260509T083521_R021_T37UDS_20260509T133204,/Users/korneev/Desktop/water-regime-gis/outputs/imagery/kaa/KAA_КУР-ГОР-0062-03/2026-05-09/sentinel_analysis.tif
KAA_КУР-ГОР-0062-03,2026-05-20,-0.228429809213,0.0726974084973,0.0650425478816,0.0993574112654,-0.122635982931,-0.341488420963,S2C_MSIL2A_20260520T083601_R064_T37UDS_20260520T135803,/Users/korneev/Desktop/water-regime-gis/outputs/imagery/kaa/KAA_КУР-ГОР-0062-03/2026-05-20/sentinel_analysis.tif
KAA_КУР-ГОР-0062-03,2026-05-22,-0.273211538792,0.0615510419011,0.061686001718,0.0936075970531,-0.118366390467,-0.379317194223,S2B_MSIL2A_20260522T082559_R021_T37UDT_20260522T122936,/Users/korneev/Desktop/water-regime-gis/outputs/imagery/kaa/KAA_КУР-ГОР-0062-03/2026-05-22/sentinel_analysis.tif
KAA_КУР-ГОР-0062-03,2026-06-06,-0.279589474201,0.082517594099,0.0860549733043,0.12374535948,-0.151589214802,-0.413648545742,S2C_MSIL2A_20260606T082601_R021_T37UDS_20260606T135619,/Users/korneev/Desktop/water-regime-gis/outputs/imagery/kaa/KAA_КУР-ГОР-0062-03/2026-06-06/sentinel_analysis.tif
KAA_КУР-ГОР-0062-03,2026-06-08,-0.270190089941,0.0850205421448,0.0865888223052,0.127046704292,-0.158169195056,-0.410819500685,S2A_MSIL2A_20260608T082751_R021_T37UDS_20260608T120920,/Users/korneev/Desktop/water-regime-gis/outputs/imagery/kaa/KAA_КУР-ГОР-0062-03/2026-06-08/sentinel_analysis.tif
KAA_КУР-ГОР-0062-03,2026-06-09,-0.25858938694,0.0881554633379,0.0919843241572,0.135151386261,-0.159477367997,-0.401532977819,S2C_MSIL2A_20260609T083601_R064_T37UDS_20260609T140015,/Users/korneev/Desktop/water-regime-gis/outputs/imagery/kaa/KAA_КУР-ГОР-0062-03/2026-06-09/sentinel_analysis.tif
KAA_КУР-ГОР-0062-03,2026-06-11,-0.235771432519,0.0896501913667,0.102252468467,0.138401195407,-0.145580932498,-0.368732005358,S2A_MSIL2A_20260611T084501_R064_T37UDS_20260611T134710,/Users/korneev/Desktop/water-regime-gis/outputs/imagery/kaa/KAA_КУР-ГОР-0062-03/2026-06-11/sentinel_analysis.tif
KAA_КУР-ГОР-0062-03,2026-06-24,-0.082581281662,0.222721382976,0.265815258026,0.332671940327,-0.305865168571,-0.379089236259,S2B_MSIL2A_20260624T083559_R064_T37UDS_20260624T123843,/Users/korneev/Desktop/water-regime-gis/outputs/imagery/kaa/KAA_КУР-ГОР-0062-03/2026-06-24/sentinel_analysis.tif
KAA_КУР-ГОР-0062-03,2026-07-08,0.198140770197,0.364376455545,0.432067990303,0.51901191473,-0.438558459282,-0.263385564089,S2A_MSIL2A_20260708T083531_R021_T37UDS_20260708T111910,/Users/korneev/Desktop/water-regime-gis/outputs/imagery/kaa/KAA_КУР-ГОР-0062-03/2026-07-08/sentinel_analysis.tif
KAA_КУР-ГОР-0062-03,2026-07-18,0.304263025522,0.436330616474,0.541508197784,0.618657469749,-0.527240037918,-0.265561372042,S2A_MSIL2A_20260718T083531_R021_T37UDT_20260718T112507,/Users/korneev/Desktop/water-regime-gis/outputs/imagery/kaa/KAA_КУР-ГОР-0062-03/2026-07-18/sentinel_analysis.tif
KAA_КУР-ГОР-0062-03,2026-07-19,,,,,,,S2C_MSIL2A_20260719T083601_R064_T37UDT_20260719T135608,/Users/korneev/Desktop/water-regime-gis/outputs/imagery/kaa/KAA_КУР-ГОР-0062-03/2026-07-19/sentinel_analysis.tif
KAA_КУР-ГОР-0062-03,2026-07-31,0.313664138317,0.4016456604,0.476615577936,0.550097286701,-0.466051876545,-0.179751321673,S2B_MSIL2A_20260731T082559_R021_T37UDS_20260731T123008,/Users/korneev/Desktop/water-regime-gis/outputs/imagery/kaa/KAA_КУР-ГОР-0062-03/2026-07-31/sentinel_analysis.tif
KAA_КУР-ГОР-0062-03,2026-08-03,0.280262976885,0.388624459505,0.428827226162,0.530159652233,-0.459731191397,-0.205841273069,S2B_MSIL2A_20260803T083559_R064_T37UDT_20260803T123557,/Users/korneev/Desktop/water-regime-gis/outputs/imagery/kaa/KAA_КУР-ГОР-0062-03/2026-08-03/sentinel_analysis.tif
KAA_КУР-ГОР-0062-03,2026-08-05,0.241770163178,0.334968864918,0.42305546999,0.508029401302,-0.437332242727,-0.218566015363,S2C_MSIL2A_20260805T082601_R021_T37UDS_20260805T135217,/Users/korneev/Desktop/water-regime-gis/outputs/imagery/kaa/KAA_КУР-ГОР-0062-03/2026-08-05/sentinel_analysis.tif
KAA_КУР-ГОР-0062-03,2026-08-07,0.207492575049,0.33369988203,0.383471548557,0.473841130733,-0.40991961956,-0.221178486943,S2A_MSIL2A_20260807T083531_R021_T37UDS_20260807T131912,/Users/korneev/Desktop/water-regime-gis/outputs/imagery/kaa/KAA_КУР-ГОР-0062-03/2026-08-07/sentinel_analysis.tif
KAA_КУР-ГОР-0062-03,2026-08-08,0.216338381171,0.301361143589,0.365043640137,0.458456367254,-0.390399187803,-0.190010756254,S2C_MSIL2A_20260808T083601_R064_T37UDT_20260808T140216,/Users/korneev/Desktop/water-regime-gis/outputs/imagery/kaa/KAA_КУР-ГОР-0062-03/2026-08-08/sentinel_analysis.tif
KAA_КУР-ГОР-0062-03,2026-08-10,0.25004914403,0.337947398424,0.383497208357,0.485282570124,-0.409184664488,-0.177158877254,S2B_MSIL2A_20260810T082559_R021_T37UDT_20260810T105805,/Users/korneev/Desktop/water-regime-gis/outputs/imagery/kaa/KAA_КУР-ГОР-0062-03/2026-08-10/sentinel_analysis.tif
KAA_КУР-ГОР-0062-04,2026-04-12,,,,,,,S2A_MSIL2A_20260412T084501_R064_T37UDS_20260412T135001,/Users/korneev/Desktop/water-regime-gis/outputs/imagery/kaa/KAA_КУР-ГОР-0062-04/2026-04-12/sentinel_analysis.tif
KAA_КУР-ГОР-0062-04,2026-04-25,-0.276979446411,0.0603588186204,0.0490463711321,0.0792409479618,-0.114679828286,-0.37963154912,S2B_MSIL2A_20260425T083559_R064_T37UDS_20260425T123614,/Users/korneev/Desktop/water-regime-gis/outputs/imagery/kaa/KAA_КУР-ГОР-0062-04/2026-04-25/sentinel_analysis.tif
KAA_КУР-ГОР-0062-04,2026-05-05,-0.281156867743,0.052943713963,0.0481843613088,0.0753485485911,-0.109039127827,-0.378610879183,S2B_MSIL2A_20260505T083559_R064_T37UDS_20260505T123805,/Users/korneev/Desktop/water-regime-gis/outputs/imagery/kaa/KAA_КУР-ГОР-0062-04/2026-05-05/sentinel_analysis.tif
KAA_КУР-ГОР-0062-04,2026-05-07,-0.272442311049,0.0628442913294,0.0522004440427,0.0844593569636,-0.115907177329,-0.376474618912,S2C_MSIL2A_20260507T082651_R021_T37UDT_20260508T133027,/Users/korneev/Desktop/water-regime-gis/outputs/imagery/kaa/KAA_КУР-ГОР-0062-04/2026-05-07/sentinel_analysis.tif
KAA_КУР-ГОР-0062-04,2026-05-09,,,,,,,S2A_MSIL2A_20260509T083521_R021_T37UDS_20260509T133204,/Users/korneev/Desktop/water-regime-gis/outputs/imagery/kaa/KAA_КУР-ГОР-0062-04/2026-05-09/sentinel_analysis.tif
KAA_КУР-ГОР-0062-04,2026-05-20,-0.240226373076,0.0791239589453,0.0721348151565,0.106998406351,-0.132675722241,-0.361366480589,S2C_MSIL2A_20260520T083601_R064_T37UDS_20260520T135803,/Users/korneev/Desktop/water-regime-gis/outputs/imagery/kaa/KAA_КУР-ГОР-0062-04/2026-05-20/sentinel_analysis.tif
KAA_КУР-ГОР-0062-04,2026-05-22,-0.259508937597,0.0588839538395,0.0543508604169,0.0877376273274,-0.101132258773,-0.351368576288,S2B_MSIL2A_20260522T082559_R021_T37UDT_20260522T122936,/Users/korneev/Desktop/water-regime-gis/outputs/imagery/kaa/KAA_КУР-ГОР-0062-04/2026-05-22/sentinel_analysis.tif
KAA_КУР-ГОР-0062-04,2026-06-06,-0.267534404993,0.0802707597613,0.0800684913993,0.117738567293,-0.141981691122,-0.394379347563,S2C_MSIL2A_20260606T082601_R021_T37UDS_20260606T135619,/Users/korneev/Desktop/water-regime-gis/outputs/imagery/kaa/KAA_КУР-ГОР-0062-04/2026-06-06/sentinel_analysis.tif
KAA_КУР-ГОР-0062-04,2026-06-08,-0.2741574049,0.0775424614549,0.0702582448721,0.111569061875,-0.138057589531,-0.397207587957,S2A_MSIL2A_20260608T082751_R021_T37UDS_20260608T120920,/Users/korneev/Desktop/water-regime-gis/outputs/imagery/kaa/KAA_КУР-ГОР-0062-04/2026-06-08/sentinel_analysis.tif
KAA_КУР-ГОР-0062-04,2026-06-09,-0.267189472914,0.0797996968031,0.0746775045991,0.116090938449,-0.140174552798,-0.392679423094,S2C_MSIL2A_20260609T083601_R064_T37UDS_20260609T140015,/Users/korneev/Desktop/water-regime-gis/outputs/imagery/kaa/KAA_КУР-ГОР-0062-04/2026-06-09/sentinel_analysis.tif
KAA_КУР-ГОР-0062-04,2026-06-11,-0.248481363058,0.0761106237769,0.0765966698527,0.106819100678,-0.119721934199,-0.357649892569,S2A_MSIL2A_20260611T084501_R064_T37UDS_20260611T134710,/Users/korneev/Desktop/water-regime-gis/outputs/imagery/kaa/KAA_КУР-ГОР-0062-04/2026-06-11/sentinel_analysis.tif
KAA_КУР-ГОР-0062-04,2026-06-24,-0.186275213957,0.158808648586,0.154663845897,0.220396101475,-0.212548211217,-0.383557140827,S2B_MSIL2A_20260624T083559_R064_T37UDS_20260624T123843,/Users/korneev/Desktop/water-regime-gis/outputs/imagery/kaa/KAA_КУР-ГОР-0062-04/2026-06-24/sentinel_analysis.tif
KAA_КУР-ГОР-0062-04,2026-07-08,0.0678483918309,0.321119219065,0.322428286076,0.420059353113,-0.367479979992,-0.307577818632,S2A_MSIL2A_20260708T083531_R021_T37UDS_20260708T111910,/Users/korneev/Desktop/water-regime-gis/outputs/imagery/kaa/KAA_КУР-ГОР-0062-04/2026-07-08/sentinel_analysis.tif
KAA_КУР-ГОР-0062-04,2026-07-18,0.194942936301,0.424031883478,0.404769301414,0.52723711729,-0.470390915871,-0.303600937128,S2A_MSIL2A_20260718T083531_R021_T37UDT_20260718T112507,/Users/korneev/Desktop/water-regime-gis/outputs/imagery/kaa/KAA_КУР-ГОР-0062-04/2026-07-18/sentinel_analysis.tif
KAA_КУР-ГОР-0062-04,2026-07-19,0.197208046913,0.389809072018,0.433201342821,0.510890960693,-0.448124676943,-0.276245743036,S2C_MSIL2A_20260719T083601_R064_T37UDT_20260719T135608,/Users/korneev/Desktop/water-regime-gis/outputs/imagery/kaa/KAA_КУР-ГОР-0062-04/2026-07-19/sentinel_analysis.tif
KAA_КУР-ГОР-0062-04,2026-07-31,0.252246707678,0.445780187845,0.436328470707,0.536612391472,-0.472567260265,-0.250280946493,S2B_MSIL2A_20260731T082559_R021_T37UDS_20260731T123008,/Users/korneev/Desktop/water-regime-gis/outputs/imagery/kaa/KAA_КУР-ГОР-0062-04/2026-07-31/sentinel_analysis.tif
KAA_КУР-ГОР-0062-04,2026-08-03,0.231635704637,0.437529921532,0.426615923643,0.534820556641,-0.481425911188,-0.281254082918,S2B_MSIL2A_20260803T083559_R064_T37UDT_20260803T123557,/Users/korneev/Desktop/water-regime-gis/outputs/imagery/kaa/KAA_КУР-ГОР-0062-04/2026-08-03/sentinel_analysis.tif
KAA_КУР-ГОР-0062-04,2026-08-05,0.219466760755,0.400042921305,0.413407236338,0.515369176865,-0.460078984499,-0.26763510704,S2C_MSIL2A_20260805T082601_R021_T37UDS_20260805T135217,/Users/korneev/Desktop/water-regime-gis/outputs/imagery/kaa/KAA_КУР-ГОР-0062-04/2026-08-05/sentinel_analysis.tif
KAA_КУР-ГОР-0062-04,2026-08-07,0.202096566558,0.399793356657,0.392714977264,0.492516458035,-0.443831503391,-0.265631735325,S2A_MSIL2A_20260807T083531_R021_T37UDS_20260807T131912,/Users/korneev/Desktop/water-regime-gis/outputs/imagery/kaa/KAA_КУР-ГОР-0062-04/2026-08-07/sentinel_analysis.tif
KAA_КУР-ГОР-0062-04,2026-08-08,0.206251338124,0.392096161842,0.407524049282,0.502369344234,-0.450182020664,-0.269044607878,S2C_MSIL2A_20260808T083601_R064_T37UDT_20260808T140216,/Users/korneev/Desktop/water-regime-gis/outputs/imagery/kaa/KAA_КУР-ГОР-0062-04/2026-08-08/sentinel_analysis.tif
KAA_КУР-ГОР-0062-04,2026-08-10,0.262001544237,0.449573993683,0.432803571224,0.540300011635,-0.484003484249,-0.254292905331,S2B_MSIL2A_20260810T082559_R021_T37UDT_20260810T105805,/Users/korneev/Desktop/water-regime-gis/outputs/imagery/kaa/KAA_КУР-ГОР-0062-04/2026-08-10/sentinel_analysis.tif
KAA_КУР-ГОР-0062-05-3,2026-04-25,-0.287316769361,0.0640704259276,0.0483465045691,0.0827295258641,-0.126812815666,-0.399415463209,S2B_MSIL2A_20260425T083559_R064_T37UDT_20260425T123614,/Users/korneev/Desktop/water-regime-gis/outputs/imagery/kaa/KAA_КУР-ГОР-0062-05-3/2026-04-25/sentinel_analysis.tif
KAA_КУР-ГОР-0062-05-3,2026-05-05,-0.273060053587,0.0502082668245,0.0437442623079,0.0706524848938,-0.100572481751,-0.363665342331,S2B_MSIL2A_20260505T083559_R064_T37UDT_20260505T123805,/Users/korneev/Desktop/water-regime-gis/outputs/imagery/kaa/KAA_КУР-ГОР-0062-05-3/2026-05-05/sentinel_analysis.tif
KAA_КУР-ГОР-0062-05-3,2026-05-07,-0.266096532345,0.0623910576105,0.0522227734327,0.0837116986513,-0.117021426558,-0.371560513973,S2C_MSIL2A_20260507T082651_R021_T37UDT_20260508T133027,/Users/korneev/Desktop/water-regime-gis/outputs/imagery/kaa/KAA_КУР-ГОР-0062-05-3/2026-05-07/sentinel_analysis.tif
KAA_КУР-ГОР-0062-05-3,2026-05-22,-0.259923398495,0.0580029822886,0.0540763698518,0.0869373008609,-0.10324447602,-0.353548586369,S2B_MSIL2A_20260522T082559_R021_T37UDT_20260522T122936,/Users/korneev/Desktop/water-regime-gis/outputs/imagery/kaa/KAA_КУР-ГОР-0062-05-3/2026-05-22/sentinel_analysis.tif
KAA_КУР-ГОР-0062-05-3,2026-06-08,-0.276867330074,0.0786704421043,0.0768718719482,0.115663088858,-0.150128424168,-0.409959703684,S2A_MSIL2A_20260608T082751_R021_T37UDT_20260608T120920,/Users/korneev/Desktop/water-regime-gis/outputs/imagery/kaa/KAA_КУР-ГОР-0062-05-3/2026-06-08/sentinel_analysis.tif
KAA_КУР-ГОР-0062-05-3,2026-06-11,,,,,,,S2B_MSIL2A_20260611T082559_R021_T37UDT_20260611T121655,/Users/korneev/Desktop/water-regime-gis/outputs/imagery/kaa/KAA_КУР-ГОР-0062-05-3/2026-06-11/sentinel_analysis.tif
KAA_КУР-ГОР-0062-05-3,2026-07-18,0.314918875694,0.44577050209,0.559131383896,0.631929695606,-0.537332832813,-0.26774585247,S2A_MSIL2A_20260718T083531_R021_T37UDT_20260718T112507,/Users/korneev/Desktop/water-regime-gis/outputs/imagery/kaa/KAA_КУР-ГОР-0062-05-3/2026-07-18/sentinel_analysis.tif
KAA_КУР-ГОР-0062-05-3,2026-07-19,0.331207722425,0.424290239811,0.573595166206,0.633111000061,-0.538230001926,-0.252430528402,S2C_MSIL2A_20260719T083601_R064_T37UDT_20260719T135608,/Users/korneev/Desktop/water-regime-gis/outputs/imagery/kaa/KAA_КУР-ГОР-0062-05-3/2026-07-19/sentinel_analysis.tif
KAA_КУР-ГОР-0062-05-3,2026-08-03,0.299968421459,0.404154330492,0.451012194157,0.548721194267,-0.475907325745,-0.205218970776,S2B_MSIL2A_20260803T083559_R064_T37UDT_20260803T123557,/Users/korneev/Desktop/water-regime-gis/outputs/imagery/kaa/KAA_КУР-ГОР-0062-05-3/2026-08-03/sentinel_analysis.tif
KAA_КУР-ГОР-0062-05-3,2026-08-07,0.235778301954,0.358391344547,0.420776307583,0.508450567722,-0.442315042019,-0.230596587062,S2A_MSIL2A_20260807T083531_R021_T37UDT_20260807T131912,/Users/korneev/Desktop/water-regime-gis/outputs/imagery/kaa/KAA_КУР-ГОР-0062-05-3/2026-08-07/sentinel_analysis.tif
KAA_КУР-ГОР-0062-05-3,2026-08-08,0.239023983479,0.315170586109,0.383150279522,0.473046064377,-0.404803365469,-0.18351842463,S2C_MSIL2A_20260808T083601_R064_T37UDT_20260808T140216,/Users/korneev/Desktop/water-regime-gis/outputs/imagery/kaa/KAA_КУР-ГОР-0062-05-3/2026-08-08/sentinel_analysis.tif
KAA_КУР-ГОР-0062-05-3,2026-08-10,0.272684395313,0.359501928091,0.41214415431,0.508738636971,-0.431437760592,-0.179935440421,S2B_MSIL2A_20260810T082559_R021_T37UDT_20260810T105805,/Users/korneev/Desktop/water-regime-gis/outputs/imagery/kaa/KAA_КУР-ГОР-0062-05-3/2026-08-10/sentinel_analysis.tif
KAA_КУР-ГОР-0063-02,2026-04-05,-0.202650502324,0.0549376234412,0.0448636300862,0.0685738176107,-0.100299179554,-0.294134020805,S2B_MSIL2A_20260405T083559_R064_T37UCS_20260405T125704,/Users/korneev/Desktop/water-regime-gis/outputs/imagery/kaa/KAA_КУР-ГОР-0063-02/2026-04-05/sentinel_analysis.tif
KAA_КУР-ГОР-0063-02,2026-04-12,,,,,,,S2A_MSIL2A_20260412T084501_R064_T37UDS_20260412T135001,/Users/korneev/Desktop/water-regime-gis/outputs/imagery/kaa/KAA_КУР-ГОР-0063-02/2026-04-12/sentinel_analysis.tif
KAA_КУР-ГОР-0063-02,2026-04-25,-0.302938342094,0.064472772181,0.0474377907813,0.0799484029412,-0.111346006393,-0.40075173974,S2B_MSIL2A_20260425T083559_R064_T37UDS_20260425T123614,/Users/korneev/Desktop/water-regime-gis/outputs/imagery/kaa/KAA_КУР-ГОР-0063-02/2026-04-25/sentinel_analysis.tif
KAA_КУР-ГОР-0063-02,2026-05-05,-0.287533760071,0.055357888341,0.0506299436092,0.076901473105,-0.113040916622,-0.387949198484,S2B_MSIL2A_20260505T083559_R064_T37UCT_20260505T123805,/Users/korneev/Desktop/water-regime-gis/outputs/imagery/kaa/KAA_КУР-ГОР-0063-02/2026-05-05/sentinel_analysis.tif
KAA_КУР-ГОР-0063-02,2026-05-07,-0.278662234545,0.0661994889379,0.0595601275563,0.0884305909276,-0.125014066696,-0.390085697174,S2C_MSIL2A_20260507T082651_R021_T37UCT_20260508T133027,/Users/korneev/Desktop/water-regime-gis/outputs/imagery/kaa/KAA_КУР-ГОР-0063-02/2026-05-07/sentinel_analysis.tif
KAA_КУР-ГОР-0063-02,2026-05-09,-0.27153635025,0.0684166997671,0.0663514733315,0.0964634120464,-0.126976072788,-0.385234296322,S2A_MSIL2A_20260509T083521_R021_T37UDS_20260509T133204,/Users/korneev/Desktop/water-regime-gis/outputs/imagery/kaa/KAA_КУР-ГОР-0063-02/2026-05-09/sentinel_analysis.tif
KAA_КУР-ГОР-0063-02,2026-05-20,-0.0448139794171,0.203423544765,0.209041655064,0.301494538784,-0.268656045198,-0.309787780046,S2C_MSIL2A_20260520T083601_R064_T37UDS_20260520T135803,/Users/korneev/Desktop/water-regime-gis/outputs/imagery/kaa/KAA_КУР-ГОР-0063-02/2026-05-20/sentinel_analysis.tif
KAA_КУР-ГОР-0063-02,2026-05-22,-0.006855616346,0.250376284122,0.255858153105,0.350981920958,-0.303973019123,-0.310247063637,S2B_MSIL2A_20260522T082559_R021_T37UCT_20260522T122936,/Users/korneev/Desktop/water-regime-gis/outputs/imagery/kaa/KAA_КУР-ГОР-0063-02/2026-05-22/sentinel_analysis.tif
KAA_КУР-ГОР-0063-02,2026-06-06,0.261597007513,0.439460486174,0.49411419034,0.577786684036,-0.511609733105,-0.288823395967,S2C_MSIL2A_20260606T082601_R021_T37UDS_20260606T135619,/Users/korneev/Desktop/water-regime-gis/outputs/imagery/kaa/KAA_КУР-ГОР-0063-02/2026-06-06/sentinel_analysis.tif
KAA_КУР-ГОР-0063-02,2026-06-08,0.279033958912,0.470990210772,0.499213784933,0.593667447567,-0.528022050858,-0.292240530252,S2A_MSIL2A_20260608T082751_R021_T37UDS_20260608T120920,/Users/korneev/Desktop/water-regime-gis/outputs/imagery/kaa/KAA_КУР-ГОР-0063-02/2026-06-08/sentinel_analysis.tif
KAA_КУР-ГОР-0063-02,2026-06-09,0.276527047157,0.442784011364,0.489503860474,0.584082484245,-0.518646001816,-0.282880097628,S2C_MSIL2A_20260609T083601_R064_T37UDS_20260609T140015,/Users/korneev/Desktop/water-regime-gis/outputs/imagery/kaa/KAA_КУР-ГОР-0063-02/2026-06-09/sentinel_analysis.tif
KAA_КУР-ГОР-0063-02,2026-06-11,0.324869215488,0.486421555281,0.524496674538,0.595948576927,-0.52918535471,-0.247212231159,S2A_MSIL2A_20260611T084501_R064_T37UCS_20260611T134710,/Users/korneev/Desktop/water-regime-gis/outputs/imagery/kaa/KAA_КУР-ГОР-0063-02/2026-06-11/sentinel_analysis.tif
KAA_КУР-ГОР-0063-02,2026-06-18,0.359597176313,0.495355367661,0.519062161446,0.608860135078,-0.549079954624,-0.236421942711,S2A_MSIL2A_20260618T083531_R021_T37UCT_20260618T133810,/Users/korneev/Desktop/water-regime-gis/outputs/imagery/kaa/KAA_КУР-ГОР-0063-02/2026-06-18/sentinel_analysis.tif
KAA_КУР-ГОР-0063-02,2026-06-24,,,,,,,S2B_MSIL2A_20260624T083559_R064_T37UDS_20260624T123843,/Users/korneev/Desktop/water-regime-gis/outputs/imagery/kaa/KAA_КУР-ГОР-0063-02/2026-06-24/sentinel_analysis.tif
KAA_КУР-ГОР-0063-02,2026-07-01,0.281240642071,0.434922486544,0.456250667572,0.532362818718,-0.484593242407,-0.238049447536,S2A_MSIL2A_20260701T084501_R064_T37UCS_20260701T134111,/Users/korneev/Desktop/water-regime-gis/outputs/imagery/kaa/KAA_КУР-ГОР-0063-02/2026-07-01/sentinel_analysis.tif
KAA_КУР-ГОР-0063-02,2026-07-08,0.225792780519,0.354317724705,0.402377963066,0.455482780933,-0.409572571516,-0.203034803271,S2A_MSIL2A_20260708T083531_R021_T37UDS_20260708T111910,/Users/korneev/Desktop/water-regime-gis/outputs/imagery/kaa/KAA_КУР-ГОР-0063-02/2026-07-08/sentinel_analysis.tif
KAA_КУР-ГОР-0063-02,2026-07-18,0.242643401027,0.374614328146,0.403904348612,0.506665229797,-0.461538821459,-0.246875673532,S2A_MSIL2A_20260718T083531_R021_T37UCT_20260718T112507,/Users/korneev/Desktop/water-regime-gis/outputs/imagery/kaa/KAA_КУР-ГОР-0063-02/2026-07-18/sentinel_analysis.tif
KAA_КУР-ГОР-0063-02,2026-07-19,,,,,,,S2C_MSIL2A_20260719T083601_R064_T37UCT_20260719T135608,/Users/korneev/Desktop/water-regime-gis/outputs/imagery/kaa/KAA_КУР-ГОР-0063-02/2026-07-19/sentinel_analysis.tif
KAA_КУР-ГОР-0063-02,2026-07-28,,,,,,,S2A_MSIL2A_20260728T082751_R021_T37UCS_20260728T120813,/Users/korneev/Desktop/water-regime-gis/outputs/imagery/kaa/KAA_КУР-ГОР-0063-02/2026-07-28/sentinel_analysis.tif
KAA_КУР-ГОР-0063-02,2026-07-31,0.0626933947206,0.148958176374,0.187443837523,0.23480835557,-0.252111464739,-0.192797601223,S2B_MSIL2A_20260731T082559_R021_T37UCS_20260731T123008,/Users/korneev/Desktop/water-regime-gis/outputs/imagery/kaa/KAA_КУР-ГОР-0063-02/2026-07-31/sentinel_analysis.tif
KAA_КУР-ГОР-0063-02,2026-08-03,-0.0598273165524,0.0996850579977,0.110059566796,0.159621372819,-0.210688471794,-0.267382472754,S2B_MSIL2A_20260803T083559_R064_T37UDT_20260803T123557,/Users/korneev/Desktop/water-regime-gis/outputs/imagery/kaa/KAA_КУР-ГОР-0063-02/2026-08-03/sentinel_analysis.tif
KAA_КУР-ГОР-0063-02,2026-08-05,-0.079687692225,0.0877860412002,0.107651300728,0.148425519466,-0.203136354685,-0.278415709734,S2C_MSIL2A_20260805T082601_R021_T37UDS_20260805T135217,/Users/korneev/Desktop/water-regime-gis/outputs/imagery/kaa/KAA_КУР-ГОР-0063-02/2026-08-05/sentinel_analysis.tif
KAA_КУР-ГОР-0063-02,2026-08-07,-0.0991331338882,0.0772062242031,0.0967695266008,0.13244612515,-0.189058586955,-0.282917112112,S2A_MSIL2A_20260807T083531_R021_T37UCS_20260807T131912,/Users/korneev/Desktop/water-regime-gis/outputs/imagery/kaa/KAA_КУР-ГОР-0063-02/2026-08-07/sentinel_analysis.tif
KAA_КУР-ГОР-0063-02,2026-08-08,-0.0494604669511,0.109107650816,0.131231188774,0.169542253017,-0.202518194914,-0.24945166707,S2C_MSIL2A_20260808T083601_R064_T37UCS_20260808T140216,/Users/korneev/Desktop/water-regime-gis/outputs/imagery/kaa/KAA_КУР-ГОР-0063-02/2026-08-08/sentinel_analysis.tif
KAA_КУР-ГОР-0063-02,2026-08-10,-0.0875021964312,0.0746940821409,0.0840854346752,0.117988236248,-0.191696450114,-0.274601250887,S2A_MSIL2A_20260810T083741_R064_T37UCS_20260810T135811,/Users/korneev/Desktop/water-regime-gis/outputs/imagery/kaa/KAA_КУР-ГОР-0063-02/2026-08-10/sentinel_analysis.tif
KAA_КУР-ГОР-0063-03,2026-04-25,-0.289419859648,0.0663104578853,0.0496570058167,0.0841806456447,-0.128676384687,-0.403084903955,S2B_MSIL2A_20260425T083559_R064_T37UDT_20260425T123614,/Users/korneev/Desktop/water-regime-gis/outputs/imagery/kaa/KAA_КУР-ГОР-0063-03/2026-04-25/sentinel_analysis.tif
KAA_КУР-ГОР-0063-03,2026-05-05,-0.285278260708,0.0531357116997,0.0447221398354,0.0726059600711,-0.103704251349,-0.377787947655,S2B_MSIL2A_20260505T083559_R064_T37UCT_20260505T123805,/Users/korneev/Desktop/water-regime-gis/outputs/imagery/kaa/KAA_КУР-ГОР-0063-03/2026-05-05/sentinel_analysis.tif
KAA_КУР-ГОР-0063-03,2026-05-07,-0.275985866785,0.0653874725103,0.0540501326323,0.0852452069521,-0.117563888431,-0.381168007851,S2C_MSIL2A_20260507T082651_R021_T37UCT_20260508T133027,/Users/korneev/Desktop/water-regime-gis/outputs/imagery/kaa/KAA_КУР-ГОР-0063-03/2026-05-07/sentinel_analysis.tif
KAA_КУР-ГОР-0063-03,2026-05-20,-0.0689157322049,0.187489196658,0.18866994977,0.278606981039,-0.253593474627,-0.317022264004,S2C_MSIL2A_20260520T083601_R064_T37UCT_20260520T135803,/Users/korneev/Desktop/water-regime-gis/outputs/imagery/kaa/KAA_КУР-ГОР-0063-03/2026-05-20/sentinel_analysis.tif
KAA_КУР-ГОР-0063-03,2026-05-22,-0.0382785238326,0.231750294566,0.235531046987,0.327621251345,-0.28631144762,-0.321128994226,S2B_MSIL2A_20260522T082559_R021_T37UCT_20260522T122936,/Users/korneev/Desktop/water-regime-gis/outputs/imagery/kaa/KAA_КУР-ГОР-0063-03/2026-05-22/sentinel_analysis.tif
KAA_КУР-ГОР-0063-03,2026-06-08,0.323572635651,0.505298733711,0.538141489029,0.628627598286,-0.562911391258,-0.292706519365,S2A_MSIL2A_20260608T082751_R021_T37UCT_20260608T120920,/Users/korneev/Desktop/water-regime-gis/outputs/imagery/kaa/KAA_КУР-ГОР-0063-03/2026-06-08/sentinel_analysis.tif
KAA_КУР-ГОР-0063-03,2026-06-09,0.321293562651,0.480009973049,0.532645463943,0.621273100376,-0.557166755199,-0.28737205267,S2C_MSIL2A_20260609T083601_R064_T37UCT_20260609T140015,/Users/korneev/Desktop/water-regime-gis/outputs/imagery/kaa/KAA_КУР-ГОР-0063-03/2026-06-09/sentinel_analysis.tif
KAA_КУР-ГОР-0063-03,2026-06-11,0.346854418516,0.507271289825,0.568486750126,0.610411584377,-0.548822164536,-0.249937787652,S2A_MSIL2A_20260611T084501_R064_T37UCT_20260611T134710,/Users/korneev/Desktop/water-regime-gis/outputs/imagery/kaa/KAA_КУР-ГОР-0063-03/2026-06-11/sentinel_analysis.tif
KAA_КУР-ГОР-0063-03,2026-06-18,0.398019522429,0.551346302032,0.594140708447,0.662483990192,-0.602649390697,-0.269486099482,S2A_MSIL2A_20260618T083531_R021_T37UCT_20260618T133810,/Users/korneev/Desktop/water-regime-gis/outputs/imagery/kaa/KAA_КУР-ГОР-0063-03/2026-06-18/sentinel_analysis.tif
KAA_КУР-ГОР-0063-03,2026-07-01,0.416488319635,0.556888103485,0.613801658154,0.651718497276,-0.600138664246,-0.246206343174,S2B_MSIL2A_20260701T082559_R021_T37UCT_20260701T123005,/Users/korneev/Desktop/water-regime-gis/outputs/imagery/kaa/KAA_КУР-ГОР-0063-03/2026-07-01/sentinel_analysis.tif
KAA_КУР-ГОР-0063-03,2026-07-18,0.349064230919,0.47872826457,0.499634355307,0.598806500435,-0.548521220684,-0.246703609824,S2A_MSIL2A_20260718T083531_R021_T37UCT_20260718T112507,/Users/korneev/Desktop/water-regime-gis/outputs/imagery/kaa/KAA_КУР-ГОР-0063-03/2026-07-18/sentinel_analysis.tif
KAA_КУР-ГОР-0063-03,2026-07-19,0.326005250216,0.434200078249,0.476311445236,0.56689286232,-0.518684148788,-0.232552990317,S2C_MSIL2A_20260719T083601_R064_T37UCT_20260719T135608,/Users/korneev/Desktop/water-regime-gis/outputs/imagery/kaa/KAA_КУР-ГОР-0063-03/2026-07-19/sentinel_analysis.tif
KAA_КУР-ГОР-0063-03,2026-07-31,0.243487462401,0.292010039091,0.35077881813,0.41589859128,-0.40532246232,-0.179401516914,S2B_MSIL2A_20260731T082559_R021_T37UCT_20260731T123008,/Users/korneev/Desktop/water-regime-gis/outputs/imagery/kaa/KAA_КУР-ГОР-0063-03/2026-07-31/sentinel_analysis.tif
KAA_КУР-ГОР-0063-03,2026-08-03,0.116024464369,0.199853882194,0.226182386279,0.300378620625,-0.323296278715,-0.215334057808,S2B_MSIL2A_20260803T083559_R064_T37UDT_20260803T123557,/Users/korneev/Desktop/water-regime-gis/outputs/imagery/kaa/KAA_КУР-ГОР-0063-03/2026-08-03/sentinel_analysis.tif
KAA_КУР-ГОР-0063-03,2026-08-07,-0.0169232971966,0.107033938169,0.138670936227,0.187400251627,-0.25106137991,-0.266983151436,S2A_MSIL2A_20260807T083531_R021_T37UCT_20260807T131912,/Users/korneev/Desktop/water-regime-gis/outputs/imagery/kaa/KAA_КУР-ГОР-0063-03/2026-08-07/sentinel_analysis.tif
KAA_КУР-ГОР-0063-03,2026-08-08,0.01621716097,0.135489627719,0.171385660768,0.214237704873,-0.245278373361,-0.22995634377,S2C_MSIL2A_20260808T083601_R064_T37UDT_20260808T140216,/Users/korneev/Desktop/water-regime-gis/outputs/imagery/kaa/KAA_КУР-ГОР-0063-03/2026-08-08/sentinel_analysis.tif
KAA_КУР-ГОР-0063-03,2026-08-10,-0.00610863510519,0.0972491502762,0.11925278604,0.15633110702,-0.229010418057,-0.234820634127,S2B_MSIL2A_20260810T082559_R021_T37UDT_20260810T105805,/Users/korneev/Desktop/water-regime-gis/outputs/imagery/kaa/KAA_КУР-ГОР-0063-03/2026-08-10/sentinel_analysis.tif
KAA_КУР-ГОР-0064-02,2026-04-12,,,,,,,S2A_MSIL2A_20260412T084501_R064_T37UDS_20260412T135001,/Users/korneev/Desktop/water-regime-gis/outputs/imagery/kaa/KAA_КУР-ГОР-0064-02/2026-04-12/sentinel_analysis.tif
KAA_КУР-ГОР-0064-02,2026-04-25,-0.291741222143,0.0604365728796,0.0426674410701,0.0740816891193,-0.102397106588,-0.38260871172,S2B_MSIL2A_20260425T083559_R064_T37UDS_20260425T123614,/Users/korneev/Desktop/water-regime-gis/outputs/imagery/kaa/KAA_КУР-ГОР-0064-02/2026-04-25/sentinel_analysis.tif
KAA_КУР-ГОР-0064-02,2026-05-05,-0.279727429152,0.0537190698087,0.0496098920703,0.075776129961,-0.111954621971,-0.379783153534,S2B_MSIL2A_20260505T083559_R064_T37UCT_20260505T123805,/Users/korneev/Desktop/water-regime-gis/outputs/imagery/kaa/KAA_КУР-ГОР-0064-02/2026-05-05/sentinel_analysis.tif
KAA_КУР-ГОР-0064-02,2026-05-07,-0.271401166916,0.0645349398255,0.058506693691,0.0871054157615,-0.124092228711,-0.382593512535,S2C_MSIL2A_20260507T082651_R021_T37UCT_20260508T133027,/Users/korneev/Desktop/water-regime-gis/outputs/imagery/kaa/KAA_КУР-ГОР-0064-02/2026-05-07/sentinel_analysis.tif
KAA_КУР-ГОР-0064-02,2026-05-09,-0.267036467791,0.0633468553424,0.0586591772735,0.0885672569275,-0.113703489304,-0.369491636753,S2A_MSIL2A_20260509T083521_R021_T37UDS_20260509T133204,/Users/korneev/Desktop/water-regime-gis/outputs/imagery/kaa/KAA_КУР-ГОР-0064-02/2026-05-09/sentinel_analysis.tif
KAA_КУР-ГОР-0064-02,2026-05-20,-0.0216930508614,0.209137305617,0.211064100266,0.309282183647,-0.270969510078,-0.290986955166,S2C_MSIL2A_20260520T083601_R064_T37UDS_20260520T135803,/Users/korneev/Desktop/water-regime-gis/outputs/imagery/kaa/KAA_КУР-ГОР-0064-02/2026-05-20/sentinel_analysis.tif
KAA_КУР-ГОР-0064-02,2026-05-22,-0.0265057589859,0.241067767143,0.249611467123,0.339524775743,-0.298207223415,-0.322287708521,S2B_MSIL2A_20260522T082559_R021_T37UCT_20260522T122936,/Users/korneev/Desktop/water-regime-gis/outputs/imagery/kaa/KAA_КУР-ГОР-0064-02/2026-05-22/sentinel_analysis.tif
KAA_КУР-ГОР-0064-02,2026-06-06,0.284631550312,0.45061609149,0.49784040451,0.583779871464,-0.519455015659,-0.276087760925,S2C_MSIL2A_20260606T082601_R021_T37UDS_20260606T135619,/Users/korneev/Desktop/water-regime-gis/outputs/imagery/kaa/KAA_КУР-ГОР-0064-02/2026-06-06/sentinel_analysis.tif
KAA_КУР-ГОР-0064-02,2026-06-08,0.306033968925,0.488964617252,0.509278893471,0.605379879475,-0.542712569237,-0.283784389496,S2A_MSIL2A_20260608T082751_R021_T37UDS_20260608T120920,/Users/korneev/Desktop/water-regime-gis/outputs/imagery/kaa/KAA_КУР-ГОР-0064-02/2026-06-08/sentinel_analysis.tif
KAA_КУР-ГОР-0064-02,2026-06-09,0.308041095734,0.46236294508,0.504797935486,0.598443686962,-0.534895241261,-0.271644532681,S2C_MSIL2A_20260609T083601_R064_T37UDS_20260609T140015,/Users/korneev/Desktop/water-regime-gis/outputs/imagery/kaa/KAA_КУР-ГОР-0064-02/2026-06-09/sentinel_analysis.tif
KAA_КУР-ГОР-0064-02,2026-06-11,0.328219115734,0.507561206818,0.547769725323,0.612027287483,-0.546268224716,-0.265953540802,S2A_MSIL2A_20260611T084501_R064_T37UDS_20260611T134710,/Users/korneev/Desktop/water-regime-gis/outputs/imagery/kaa/KAA_КУР-ГОР-0064-02/2026-06-11/sentinel_analysis.tif
KAA_КУР-ГОР-0064-02,2026-06-18,0.332737922668,0.482884854078,0.513662576675,0.595734417439,-0.538089334965,-0.250789761543,S2A_MSIL2A_20260618T083531_R021_T37UCT_20260618T133810,/Users/korneev/Desktop/water-regime-gis/outputs/imagery/kaa/KAA_КУР-ГОР-0064-02/2026-06-18/sentinel_analysis.tif
KAA_КУР-ГОР-0064-02,2026-06-24,,,,,,,S2B_MSIL2A_20260624T083559_R064_T37UDS_20260624T123843,/Users/korneev/Desktop/water-regime-gis/outputs/imagery/kaa/KAA_КУР-ГОР-0064-02/2026-06-24/sentinel_analysis.tif
KAA_КУР-ГОР-0064-02,2026-07-01,0.310808032751,0.47432628274,0.519054472446,0.570225179195,-0.521452069283,-0.255392104387,S2B_MSIL2A_20260701T082559_R021_T37UCT_20260701T123005,/Users/korneev/Desktop/water-regime-gis/outputs/imagery/kaa/KAA_КУР-ГОР-0064-02/2026-07-01/sentinel_analysis.tif
KAA_КУР-ГОР-0064-02,2026-07-08,0.311886072159,0.418209940195,0.426360309124,0.50831669569,-0.45184803009,-0.163066983223,S2A_MSIL2A_20260708T083531_R021_T37UDS_20260708T111910,/Users/korneev/Desktop/water-regime-gis/outputs/imagery/kaa/KAA_КУР-ГОР-0064-02/2026-07-08/sentinel_analysis.tif
KAA_КУР-ГОР-0064-02,2026-07-18,0.266617178917,0.407739430666,0.430064797401,0.532779037952,-0.489703029394,-0.256797075272,S2A_MSIL2A_20260718T083531_R021_T37UCT_20260718T112507,/Users/korneev/Desktop/water-regime-gis/outputs/imagery/kaa/KAA_КУР-ГОР-0064-02/2026-07-18/sentinel_analysis.tif
KAA_КУР-ГОР-0064-02,2026-07-19,0.200132742524,0.33665817976,0.373108863831,0.47124838829,-0.438295543194,-0.261076271534,S2C_MSIL2A_20260719T083601_R064_T37UCT_20260719T135608,/Users/korneev/Desktop/water-regime-gis/outputs/imagery/kaa/KAA_КУР-ГОР-0064-02/2026-07-19/sentinel_analysis.tif
KAA_КУР-ГОР-0064-02,2026-07-31,,,,,,,S2B_MSIL2A_20260731T082559_R021_T37UCT_20260731T123008,/Users/korneev/Desktop/water-regime-gis/outputs/imagery/kaa/KAA_КУР-ГОР-0064-02/2026-07-31/sentinel_analysis.tif
KAA_КУР-ГОР-0064-02,2026-08-03,-0.039116282016,0.116355605423,0.125501200557,0.181387007236,-0.229040905833,-0.266120493412,S2B_MSIL2A_20260803T083559_R064_T37UDT_20260803T123557,/Users/korneev/Desktop/water-regime-gis/outputs/imagery/kaa/KAA_КУР-ГОР-0064-02/2026-08-03/sentinel_analysis.tif
KAA_КУР-ГОР-0064-02,2026-08-05,0.00476157153025,0.125164180994,0.153665438294,0.206769391894,-0.250088095665,-0.245856970549,S2C_MSIL2A_20260805T082601_R021_T37UDS_20260805T135217,/Users/korneev/Desktop/water-regime-gis/outputs/imagery/kaa/KAA_КУР-ГОР-0064-02/2026-08-05/sentinel_analysis.tif
KAA_КУР-ГОР-0064-02,2026-08-07,-0.04156357795,0.0985699221492,0.12261287868,0.16519112885,-0.21624045074,-0.255613088608,S2A_MSIL2A_20260807T083531_R021_T37UDS_20260807T131912,/Users/korneev/Desktop/water-regime-gis/outputs/imagery/kaa/KAA_КУР-ГОР-0064-02/2026-08-07/sentinel_analysis.tif
KAA_КУР-ГОР-0064-02,2026-08-08,-0.0423216596246,0.102649591863,0.125316053629,0.163423761725,-0.194735258818,-0.234898388386,S2C_MSIL2A_20260808T083601_R064_T37UDT_20260808T140216,/Users/korneev/Desktop/water-regime-gis/outputs/imagery/kaa/KAA_КУР-ГОР-0064-02/2026-08-08/sentinel_analysis.tif
KAA_КУР-ГОР-0064-02,2026-08-10,-0.0712180957198,0.0820726081729,0.0954497158527,0.126504600048,-0.204453840852,-0.271668732166,S2B_MSIL2A_20260810T082559_R021_T37UDT_20260810T105805,/Users/korneev/Desktop/water-regime-gis/outputs/imagery/kaa/KAA_КУР-ГОР-0064-02/2026-08-10/sentinel_analysis.tif
KAA_КУР-ГОР-0064-03,2026-04-25,-0.298844844103,0.0708718970418,0.0561091974378,0.0920919179916,-0.138616293669,-0.419970810413,S2B_MSIL2A_20260425T083559_R064_T37UDT_20260425T123614,/Users/korneev/Desktop/water-regime-gis/outputs/imagery/kaa/KAA_КУР-ГОР-0064-03/2026-04-25/sentinel_analysis.tif
KAA_КУР-ГОР-0064-03,2026-05-05,-0.279193848372,0.0533667802811,0.0452970340848,0.0735770091414,-0.10295239836,-0.371510565281,S2B_MSIL2A_20260505T083559_R064_T37UCT_20260505T123805,/Users/korneev/Desktop/water-regime-gis/outputs/imagery/kaa/KAA_КУР-ГОР-0064-03/2026-05-05/sentinel_analysis.tif
KAA_КУР-ГОР-0064-03,2026-05-07,-0.270205706358,0.0653023198247,0.0548968799412,0.0862874984741,-0.117503374815,-0.375786930323,S2C_MSIL2A_20260507T082651_R021_T37UCT_20260508T133027,/Users/korneev/Desktop/water-regime-gis/outputs/imagery/kaa/KAA_КУР-ГОР-0064-03/2026-05-07/sentinel_analysis.tif
KAA_КУР-ГОР-0064-03,2026-05-20,-0.240696370602,0.0753205046058,0.064645126462,0.102299980819,-0.130899548531,-0.36019590497,S2C_MSIL2A_20260520T083601_R064_T37UCT_20260520T135803,/Users/korneev/Desktop/water-regime-gis/outputs/imagery/kaa/KAA_КУР-ГОР-0064-03/2026-05-20/sentinel_analysis.tif
KAA_КУР-ГОР-0064-03,2026-05-22,-0.272337049246,0.068633377552,0.067077755928,0.101410314441,-0.127483353019,-0.386412739754,S2B_MSIL2A_20260522T082559_R021_T37UCT_20260522T122936,/Users/korneev/Desktop/water-regime-gis/outputs/imagery/kaa/KAA_КУР-ГОР-0064-03/2026-05-22/sentinel_analysis.tif
KAA_КУР-ГОР-0064-03,2026-06-08,-0.236097976565,0.108747348189,0.117059409618,0.163368433714,-0.191666305065,-0.409213840961,S2A_MSIL2A_20260608T082751_R021_T37UCT_20260608T120920,/Users/korneev/Desktop/water-regime-gis/outputs/imagery/kaa/KAA_КУР-ГОР-0064-03/2026-06-08/sentinel_analysis.tif
KAA_КУР-ГОР-0064-03,2026-06-09,-0.227842286229,0.108836501837,0.119379982352,0.168202981353,-0.191837012768,-0.402134358883,S2C_MSIL2A_20260609T083601_R064_T37UCT_20260609T140015,/Users/korneev/Desktop/water-regime-gis/outputs/imagery/kaa/KAA_КУР-ГОР-0064-03/2026-06-09/sentinel_analysis.tif
KAA_КУР-ГОР-0064-03,2026-06-11,-0.188148036599,0.12751698494,0.142533183098,0.182929575443,-0.198399394751,-0.3726516366,S2A_MSIL2A_20260611T084501_R064_T37UCT_20260611T134710,/Users/korneev/Desktop/water-regime-gis/outputs/imagery/kaa/KAA_КУР-ГОР-0064-03/2026-06-11/sentinel_analysis.tif
KAA_КУР-ГОР-0064-03,2026-06-18,-0.124726615846,0.164949521422,0.1917232126,0.269436895847,-0.248974278569,-0.363716244698,S2A_MSIL2A_20260618T083531_R021_T37UCT_20260618T133810,/Users/korneev/Desktop/water-regime-gis/outputs/imagery/kaa/KAA_КУР-ГОР-0064-03/2026-06-18/sentinel_analysis.tif
KAA_КУР-ГОР-0064-03,2026-07-01,-0.0914734974504,0.162940382957,0.195207774639,0.247473925352,-0.25595626235,-0.339284837246,S2B_MSIL2A_20260701T082559_R021_T37UCT_20260701T123005,/Users/korneev/Desktop/water-regime-gis/outputs/imagery/kaa/KAA_КУР-ГОР-0064-03/2026-07-01/sentinel_analysis.tif
KAA_КУР-ГОР-0064-03,2026-07-18,0.203030273318,0.44082659483,0.55861312151,0.597272217274,-0.542865276337,-0.399142354727,S2A_MSIL2A_20260718T083531_R021_T37UCT_20260718T112507,/Users/korneev/Desktop/water-regime-gis/outputs/imagery/kaa/KAA_КУР-ГОР-0064-03/2026-07-18/sentinel_analysis.tif
KAA_КУР-ГОР-0064-03,2026-07-19,0.164607092738,0.378943115473,0.526200711727,0.549806118011,-0.500987112522,-0.383533626795,S2C_MSIL2A_20260719T083601_R064_T37UCT_20260719T135608,/Users/korneev/Desktop/water-regime-gis/outputs/imagery/kaa/KAA_КУР-ГОР-0064-03/2026-07-19/sentinel_analysis.tif
KAA_КУР-ГОР-0064-03,2026-07-31,0.335246115923,0.52982211113,0.66569018364,0.68755209446,-0.602702915668,-0.338193327188,S2B_MSIL2A_20260731T082559_R021_T37UCT_20260731T123008,/Users/korneev/Desktop/water-regime-gis/outputs/imagery/kaa/KAA_КУР-ГОР-0064-03/2026-07-31/sentinel_analysis.tif
KAA_КУР-ГОР-0064-03,2026-08-03,0.208142146468,0.44371175766,0.515008032322,0.565746128559,-0.519840240479,-0.364636957645,S2B_MSIL2A_20260803T083559_R064_T37UDT_20260803T123557,/Users/korneev/Desktop/water-regime-gis/outputs/imagery/kaa/KAA_КУР-ГОР-0064-03/2026-08-03/sentinel_analysis.tif
KAA_КУР-ГОР-0064-03,2026-08-07,0.188245356083,0.425918698311,0.503533661366,0.558054983616,-0.51226246357,-0.373802095652,S2A_MSIL2A_20260807T083531_R021_T37UCT_20260807T131912,/Users/korneev/Desktop/water-regime-gis/outputs/imagery/kaa/KAA_КУР-ГОР-0064-03/2026-08-07/sentinel_analysis.tif
KAA_КУР-ГОР-0064-03,2026-08-08,0.184498086572,0.384324043989,0.490764528513,0.529125273228,-0.478679656982,-0.331662476063,S2C_MSIL2A_20260808T083601_R064_T37UDT_20260808T140216,/Users/korneev/Desktop/water-regime-gis/outputs/imagery/kaa/KAA_КУР-ГОР-0064-03/2026-08-08/sentinel_analysis.tif
KAA_КУР-ГОР-0064-03,2026-08-10,0.206405580044,0.437928617001,0.52272683382,0.568991780281,-0.513561785221,-0.356925725937,S2B_MSIL2A_20260810T082559_R021_T37UDT_20260810T105805,/Users/korneev/Desktop/water-regime-gis/outputs/imagery/kaa/KAA_КУР-ГОР-0064-03/2026-08-10/sentinel_analysis.tif
KAA_КУР-СОЛ-0001-02,2026-05-05,-0.270407497883,0.0560383759439,0.0445493198931,0.0740073993802,-0.0979871079326,-0.358923822641,S2B_MSIL2A_20260505T083559_R064_T37UCT_20260505T123805,/Users/korneev/Desktop/water-regime-gis/outputs/imagery/kaa/KAA_КУР-СОЛ-0001-02/2026-05-05/sentinel_analysis.tif
KAA_КУР-СОЛ-0001-02,2026-05-20,-0.160684496164,0.152829557657,0.150077670813,0.226575493813,-0.215056851506,-0.363307118416,S2C_MSIL2A_20260520T083601_R064_T36UYC_20260520T135803,/Users/korneev/Desktop/water-regime-gis/outputs/imagery/kaa/KAA_КУР-СОЛ-0001-02/2026-05-20/sentinel_analysis.tif
KAA_КУР-СОЛ-0001-02,2026-05-22,-0.0448638647795,0.115138426423,0.0990045443177,0.167356774211,-0.142491966486,-0.18612319231,S2A_MSIL2A_20260522T084501_R064_T37UCT_20260522T134615,/Users/korneev/Desktop/water-regime-gis/outputs/imagery/kaa/KAA_КУР-СОЛ-0001-02/2026-05-22/sentinel_analysis.tif
KAA_КУР-СОЛ-0001-02,2026-06-09,0.213650494814,0.386666744947,0.41124945879,0.524684667587,-0.460526734591,-0.273986548185,S2C_MSIL2A_20260609T083601_R064_T36UYC_20260609T140015,/Users/korneev/Desktop/water-regime-gis/outputs/imagery/kaa/KAA_КУР-СОЛ-0001-02/2026-06-09/sentinel_analysis.tif
KAA_КУР-СОЛ-0001-02,2026-06-11,0.243111416698,0.436989873648,0.462797135115,0.547979772091,-0.487313181162,-0.277446985245,S2A_MSIL2A_20260611T084501_R064_T36UYC_20260611T134710,/Users/korneev/Desktop/water-regime-gis/outputs/imagery/kaa/KAA_КУР-СОЛ-0001-02/2026-06-11/sentinel_analysis.tif
KAA_КУР-СОЛ-0001-02,2026-07-01,,,,,,,S2A_MSIL2A_20260701T084501_R064_T36UYC_20260701T134111,/Users/korneev/Desktop/water-regime-gis/outputs/imagery/kaa/KAA_КУР-СОЛ-0001-02/2026-07-01/sentinel_analysis.tif
KAA_КУР-СОЛ-0001-02,2026-07-19,0.316824227571,0.429470360279,0.440290957689,0.548880875111,-0.513430058956,-0.235761404037,S2C_MSIL2A_20260719T083601_R064_T36UYC_20260719T135608,/Users/korneev/Desktop/water-regime-gis/outputs/imagery/kaa/KAA_КУР-СОЛ-0001-02/2026-07-19/sentinel_analysis.tif
KAA_КУР-СОЛ-0001-02,2026-07-31,0.265930384398,0.358272433281,0.37277674675,0.4831161201,-0.454123884439,-0.213980600238,S2A_MSIL2A_20260731T084501_R064_T37UCT_20260731T133010,/Users/korneev/Desktop/water-regime-gis/outputs/imagery/kaa/KAA_КУР-СОЛ-0001-02/2026-07-31/sentinel_analysis.tif
KAA_КУР-СОЛ-0001-02,2026-08-03,0.191493272781,0.2842707932,0.289267539978,0.392892122269,-0.385333001614,-0.209195584059,S2B_MSIL2A_20260803T083559_R064_T36UYC_20260803T123557,/Users/korneev/Desktop/water-regime-gis/outputs/imagery/kaa/KAA_КУР-СОЛ-0001-02/2026-08-03/sentinel_analysis.tif
KAA_КУР-СОЛ-0001-02,2026-08-10,0.0514308437705,0.142043158412,0.164622157812,0.224680796266,-0.279090851545,-0.23097038269,S2A_MSIL2A_20260810T083741_R064_T37UCT_20260810T135811,/Users/korneev/Desktop/water-regime-gis/outputs/imagery/kaa/KAA_КУР-СОЛ-0001-02/2026-08-10/sentinel_analysis.tif
KAA_КУР-СОЛ-0002-02,2026-05-05,-0.287509649992,0.0535991452634,0.0434828996658,0.0721772611141,-0.0972853004932,-0.374307990074,S2B_MSIL2A_20260505T083559_R064_T37UCT_20260505T123805,/Users/korneev/Desktop/water-regime-gis/outputs/imagery/kaa/KAA_КУР-СОЛ-0002-02/2026-05-05/sentinel_analysis.tif
KAA_КУР-СОЛ-0002-02,2026-05-20,-0.164461553097,0.145201966166,0.150305762887,0.223513439298,-0.211009934545,-0.36298584938,S2C_MSIL2A_20260520T083601_R064_T36UYC_20260520T135803,/Users/korneev/Desktop/water-regime-gis/outputs/imagery/kaa/KAA_КУР-СОЛ-0002-02/2026-05-20/sentinel_analysis.tif
KAA_КУР-СОЛ-0002-02,2026-05-22,-0.0658943429589,0.114619813859,0.10497225076,0.171709984541,-0.146465376019,-0.209972396493,S2A_MSIL2A_20260522T084501_R064_T37UCT_20260522T134615,/Users/korneev/Desktop/water-regime-gis/outputs/imagery/kaa/KAA_КУР-СОЛ-0002-02/2026-05-22/sentinel_analysis.tif
KAA_КУР-СОЛ-0002-02,2026-06-09,0.131117835641,0.342425137758,0.369235277176,0.479800879955,-0.420695126057,-0.30687519908,S2C_MSIL2A_20260609T083601_R064_T36UYC_20260609T140015,/Users/korneev/Desktop/water-regime-gis/outputs/imagery/kaa/KAA_КУР-СОЛ-0002-02/2026-06-09/sentinel_analysis.tif
KAA_КУР-СОЛ-0002-02,2026-06-11,0.16135789454,0.382850259542,0.404133021832,0.499611496925,-0.440261244774,-0.300681889057,S2A_MSIL2A_20260611T084501_R064_T36UYC_20260611T134710,/Users/korneev/Desktop/water-regime-gis/outputs/imagery/kaa/KAA_КУР-СОЛ-0002-02/2026-06-11/sentinel_analysis.tif
KAA_КУР-СОЛ-0002-02,2026-07-01,0.269699603319,0.430906355381,0.412518411875,0.519928455353,-0.47937092185,-0.242957562208,S2A_MSIL2A_20260701T084501_R064_T36UYC_20260701T134111,/Users/korneev/Desktop/water-regime-gis/outputs/imagery/kaa/KAA_КУР-СОЛ-0002-02/2026-07-01/sentinel_analysis.tif
KAA_КУР-СОЛ-0002-02,2026-07-19,0.213785514235,0.380584895611,0.38661184907,0.503248989582,-0.467614889145,-0.282202601433,S2C_MSIL2A_20260719T083601_R064_T36UYC_20260719T135608,/Users/korneev/Desktop/water-regime-gis/outputs/imagery/kaa/KAA_КУР-СОЛ-0002-02/2026-07-19/sentinel_analysis.tif
KAA_КУР-СОЛ-0002-02,2026-07-31,0.173519000411,0.276306629181,0.299308091402,0.394884258509,-0.376854002476,-0.218132287264,S2A_MSIL2A_20260731T084501_R064_T37UCT_20260731T133010,/Users/korneev/Desktop/water-regime-gis/outputs/imagery/kaa/KAA_КУР-СОЛ-0002-02/2026-07-31/sentinel_analysis.tif
KAA_КУР-СОЛ-0002-02,2026-08-03,0.0935464799404,0.226677983999,0.234859973192,0.326808661222,-0.329629361629,-0.243652150035,S2B_MSIL2A_20260803T083559_R064_T36UYC_20260803T123557,/Users/korneev/Desktop/water-regime-gis/outputs/imagery/kaa/KAA_КУР-СОЛ-0002-02/2026-08-03/sentinel_analysis.tif
KAA_КУР-СОЛ-0002-02,2026-08-10,-0.00186319753993,0.12091384083,0.140152186155,0.191523239017,-0.243465721607,-0.245230257511,S2A_MSIL2A_20260810T083741_R064_T37UCT_20260810T135811,/Users/korneev/Desktop/water-regime-gis/outputs/imagery/kaa/KAA_КУР-СОЛ-0002-02/2026-08-10/sentinel_analysis.tif
KAA_КУР-СОЛ-0005-02,2026-05-05,-0.289956390858,0.0521681532264,0.0462370328605,0.0723756328225,-0.101597435772,-0.380349308252,S2B_MSIL2A_20260505T083559_R064_T37UCT_20260505T123805,/Users/korneev/Desktop/water-regime-gis/outputs/imagery/kaa/KAA_КУР-СОЛ-0005-02/2026-05-05/sentinel_analysis.tif
KAA_КУР-СОЛ-0005-02,2026-05-20,-0.278827100992,0.0741911381483,0.0643564909697,0.100806899369,-0.127777978778,-0.392614096403,S2C_MSIL2A_20260520T083601_R064_T36UYC_20260520T135803,/Users/korneev/Desktop/water-regime-gis/outputs/imagery/kaa/KAA_КУР-СОЛ-0005-02/2026-05-20/sentinel_analysis.tif
KAA_КУР-СОЛ-0005-02,2026-05-22,-0.266355961561,0.0551430135965,0.0514549762011,0.0833241343498,-0.0976872891188,-0.354374587536,S2A_MSIL2A_20260522T084501_R064_T37UCT_20260522T134615,/Users/korneev/Desktop/water-regime-gis/outputs/imagery/kaa/KAA_КУР-СОЛ-0005-02/2026-05-22/sentinel_analysis.tif
KAA_КУР-СОЛ-0005-02,2026-06-09,-0.284568041563,0.0751057565212,0.0711016282439,0.108868308365,-0.135766297579,-0.404701709747,S2C_MSIL2A_20260609T083601_R064_T36UYC_20260609T140015,/Users/korneev/Desktop/water-regime-gis/outputs/imagery/kaa/KAA_КУР-СОЛ-0005-02/2026-06-09/sentinel_analysis.tif
KAA_КУР-СОЛ-0005-02,2026-06-11,-0.267606168985,0.083968795836,0.0874977633357,0.12514333427,-0.140508979559,-0.393321573734,S2A_MSIL2A_20260611T084501_R064_T36UYC_20260611T134710,/Users/korneev/Desktop/water-regime-gis/outputs/imagery/kaa/KAA_КУР-СОЛ-0005-02/2026-06-11/sentinel_analysis.tif
KAA_КУР-СОЛ-0005-02,2026-07-01,-0.0909320339561,0.200501680374,0.170840784907,0.266331255436,-0.240888848901,-0.324710190296,S2A_MSIL2A_20260701T084501_R064_T36UYC_20260701T134111,/Users/korneev/Desktop/water-regime-gis/outputs/imagery/kaa/KAA_КУР-СОЛ-0005-02/2026-07-01/sentinel_analysis.tif
KAA_КУР-СОЛ-0005-02,2026-07-19,0.139445528388,0.406937539577,0.388076215982,0.508132040501,-0.467146486044,-0.351013302803,S2C_MSIL2A_20260719T083601_R064_T36UYC_20260719T135608,/Users/korneev/Desktop/water-regime-gis/outputs/imagery/kaa/KAA_КУР-СОЛ-0005-02/2026-07-19/sentinel_analysis.tif
KAA_КУР-СОЛ-0005-02,2026-07-31,0.218917369843,0.43757095933,0.421354472637,0.535120546818,-0.486797124147,-0.300244957209,S2A_MSIL2A_20260731T084501_R064_T37UCT_20260731T133010,/Users/korneev/Desktop/water-regime-gis/outputs/imagery/kaa/KAA_КУР-СОЛ-0005-02/2026-07-31/sentinel_analysis.tif
KAA_КУР-СОЛ-0005-02,2026-08-03,0.185274586082,0.41720405221,0.391293853521,0.50401777029,-0.465156763792,-0.306402802467,S2B_MSIL2A_20260803T083559_R064_T36UYC_20260803T123557,/Users/korneev/Desktop/water-regime-gis/outputs/imagery/kaa/KAA_КУР-СОЛ-0005-02/2026-08-03/sentinel_analysis.tif
KAA_КУР-СОЛ-0005-02,2026-08-10,0.190670654178,0.415543228388,0.389922380447,0.498375117779,-0.458852291107,-0.294169157743,S2A_MSIL2A_20260810T083741_R064_T37UCT_20260810T135811,/Users/korneev/Desktop/water-regime-gis/outputs/imagery/kaa/KAA_КУР-СОЛ-0005-02/2026-08-10/sentinel_analysis.tif
KAA_КУР-СОЛ-0007-02,2026-05-05,-0.27406090498,0.0525229908526,0.044026773423,0.0721418187022,-0.0989710688591,-0.363183200359,S2B_MSIL2A_20260505T083559_R064_T37UCT_20260505T123805,/Users/korneev/Desktop/water-regime-gis/outputs/imagery/kaa/KAA_КУР-СОЛ-0007-02/2026-05-05/sentinel_analysis.tif
KAA_КУР-СОЛ-0007-02,2026-05-20,-0.0278196949512,0.159526914358,0.170697137713,0.230745062232,-0.209575861692,-0.235927283764,S2C_MSIL2A_20260520T083601_R064_T36UYC_20260520T135803,/Users/korneev/Desktop/water-regime-gis/outputs/imagery/kaa/KAA_КУР-СОЛ-0007-02/2026-05-20/sentinel_analysis.tif
KAA_КУР-СОЛ-0007-02,2026-05-22,-0.0772318989038,0.190004587173,0.207629144192,0.279842287302,-0.249629944563,-0.320694804192,S2A_MSIL2A_20260522T084501_R064_T37UCT_20260522T134615,/Users/korneev/Desktop/water-regime-gis/outputs/imagery/kaa/KAA_КУР-СОЛ-0007-02/2026-05-22/sentinel_analysis.tif
KAA_КУР-СОЛ-0007-02,2026-06-09,0.207246795297,0.398178219795,0.428573876619,0.534487605095,-0.474772840738,-0.296962916851,S2C_MSIL2A_20260609T083601_R064_T36UYC_20260609T140015,/Users/korneev/Desktop/water-regime-gis/outputs/imagery/kaa/KAA_КУР-СОЛ-0007-02/2026-06-09/sentinel_analysis.tif
KAA_КУР-СОЛ-0007-02,2026-06-11,0.223398402333,0.430368185043,0.450321912766,0.544008851051,-0.486546427011,-0.295537889004,S2A_MSIL2A_20260611T084501_R064_T36UYC_20260611T134710,/Users/korneev/Desktop/water-regime-gis/outputs/imagery/kaa/KAA_КУР-СОЛ-0007-02/2026-06-11/sentinel_analysis.tif
KAA_КУР-СОЛ-0007-02,2026-07-01,0.272191226482,0.430823773146,0.438309818506,0.528296113014,-0.487737715244,-0.25015348196,S2A_MSIL2A_20260701T084501_R064_T36UYC_20260701T134111,/Users/korneev/Desktop/water-regime-gis/outputs/imagery/kaa/KAA_КУР-СОЛ-0007-02/2026-07-01/sentinel_analysis.tif
KAA_КУР-СОЛ-0007-02,2026-07-19,0.240400671959,0.391288727522,0.396678090096,0.515595495701,-0.477392584085,-0.267945408821,S2C_MSIL2A_20260719T083601_R064_T36UYC_20260719T135608,/Users/korneev/Desktop/water-regime-gis/outputs/imagery/kaa/KAA_КУР-СОЛ-0007-02/2026-07-19/sentinel_analysis.tif
KAA_КУР-СОЛ-0007-02,2026-07-31,,,,,,,S2A_MSIL2A_20260731T084501_R064_T37UCT_20260731T133010,/Users/korneev/Desktop/water-regime-gis/outputs/imagery/kaa/KAA_КУР-СОЛ-0007-02/2026-07-31/sentinel_analysis.tif
KAA_КУР-СОЛ-0007-02,2026-08-03,0.0926848500967,0.222960859537,0.23512481153,0.322761595249,-0.331120491028,-0.246107473969,S2B_MSIL2A_20260803T083559_R064_T36UYC_20260803T123557,/Users/korneev/Desktop/water-regime-gis/outputs/imagery/kaa/KAA_КУР-СОЛ-0007-02/2026-08-03/sentinel_analysis.tif
KAA_КУР-СОЛ-0007-02,2026-08-10,0.00825967267156,0.1301638484,0.15905252099,0.20519554615,-0.258388578892,-0.250692099333,S2A_MSIL2A_20260810T083741_R064_T37UCT_20260810T135811,/Users/korneev/Desktop/water-regime-gis/outputs/imagery/kaa/KAA_КУР-СОЛ-0007-02/2026-08-10/sentinel_analysis.tif
KAA_КУР-СОЛ-0008-02,2026-05-05,-0.288909345865,0.0631954297423,0.0589905902743,0.0883388072252,-0.127200424671,-0.401322096586,S2B_MSIL2A_20260505T083559_R064_T37UCT_20260505T123805,/Users/korneev/Desktop/water-regime-gis/outputs/imagery/kaa/KAA_КУР-СОЛ-0008-02/2026-05-05/sentinel_analysis.tif
KAA_КУР-СОЛ-0008-02,2026-05-20,-0.276930242777,0.0826312229037,0.0731008350849,0.111359171569,-0.140856727958,-0.401942878962,S2C_MSIL2A_20260520T083601_R064_T36UYC_20260520T135803,/Users/korneev/Desktop/water-regime-gis/outputs/imagery/kaa/KAA_КУР-СОЛ-0008-02/2026-05-20/sentinel_analysis.tif
KAA_КУР-СОЛ-0008-02,2026-05-22,-0.286851465702,0.0631441026926,0.0629619136453,0.0962051078677,-0.122157782316,-0.395029246807,S2A_MSIL2A_20260522T084501_R064_T37UCT_20260522T134615,/Users/korneev/Desktop/water-regime-gis/outputs/imagery/kaa/KAA_КУР-СОЛ-0008-02/2026-05-22/sentinel_analysis.tif
KAA_КУР-СОЛ-0008-02,2026-06-09,-0.283536553383,0.0814766809344,0.0791969746351,0.119068570435,-0.151384696364,-0.416981816292,S2C_MSIL2A_20260609T083601_R064_T36UYC_20260609T140015,/Users/korneev/Desktop/water-regime-gis/outputs/imagery/kaa/KAA_КУР-СОЛ-0008-02/2026-06-09/sentinel_analysis.tif
KAA_КУР-СОЛ-0008-02,2026-06-11,-0.273662507534,0.089445643127,0.0966438129544,0.137163758278,-0.160400047898,-0.415674567223,S2A_MSIL2A_20260611T084501_R064_T36UYC_20260611T134710,/Users/korneev/Desktop/water-regime-gis/outputs/imagery/kaa/KAA_КУР-СОЛ-0008-02/2026-06-11/sentinel_analysis.tif
KAA_КУР-СОЛ-0008-02,2026-07-01,0.0401646830142,0.258013755083,0.301395624876,0.373155117035,-0.335765630007,-0.299409627914,S2A_MSIL2A_20260701T084501_R064_T36UYC_20260701T134111,/Users/korneev/Desktop/water-regime-gis/outputs/imagery/kaa/KAA_КУР-СОЛ-0008-02/2026-07-01/sentinel_analysis.tif
KAA_КУР-СОЛ-0008-02,2026-07-19,0.30961561203,0.44089320302,0.579056799412,0.645201861858,-0.561515510082,-0.30509480834,S2C_MSIL2A_20260719T083601_R064_T36UYC_20260719T135608,/Users/korneev/Desktop/water-regime-gis/outputs/imagery/kaa/KAA_КУР-СОЛ-0008-02/2026-07-19/sentinel_analysis.tif
KAA_КУР-СОЛ-0008-02,2026-07-31,0.367350161076,0.490948170424,0.606073141098,0.654636263847,-0.575534999371,-0.264057099819,S2A_MSIL2A_20260731T084501_R064_T37UCT_20260731T133010,/Users/korneev/Desktop/water-regime-gis/outputs/imagery/kaa/KAA_КУР-СОЛ-0008-02/2026-07-31/sentinel_analysis.tif
KAA_КУР-СОЛ-0008-02,2026-08-03,0.337239891291,0.483912855387,0.56603717804,0.628036975861,-0.557587206364,-0.271341115236,S2B_MSIL2A_20260803T083559_R064_T36UYC_20260803T123557,/Users/korneev/Desktop/water-regime-gis/outputs/imagery/kaa/KAA_КУР-СОЛ-0008-02/2026-08-03/sentinel_analysis.tif
KAA_КУР-СОЛ-0008-02,2026-08-10,0.328897565603,0.448669970036,0.538500368595,0.592878997326,-0.525427162647,-0.23796081543,S2A_MSIL2A_20260810T083741_R064_T37UCT_20260810T135811,/Users/korneev/Desktop/water-regime-gis/outputs/imagery/kaa/KAA_КУР-СОЛ-0008-02/2026-08-10/sentinel_analysis.tif
KAA_КУР-СОЛ-0010-02,2026-05-05,-0.279406249523,0.0566217564046,0.0501301139593,0.0778817608953,-0.110575020313,-0.378301352262,S2B_MSIL2A_20260505T083559_R064_T37UCT_20260505T123805,/Users/korneev/Desktop/water-regime-gis/outputs/imagery/kaa/KAA_КУР-СОЛ-0010-02/2026-05-05/sentinel_analysis.tif
KAA_КУР-СОЛ-0010-02,2026-05-20,-0.189106628299,0.105636037886,0.0987360626459,0.141452670097,-0.156697675586,-0.335732221603,S2C_MSIL2A_20260520T083601_R064_T36UYC_20260520T135803,/Users/korneev/Desktop/water-regime-gis/outputs/imagery/kaa/KAA_КУР-СОЛ-0010-02/2026-05-20/sentinel_analysis.tif
KAA_КУР-СОЛ-0010-02,2026-05-22,-0.235277593136,0.0762225985527,0.076936095953,0.11363632977,-0.130433231592,-0.354978919029,S2A_MSIL2A_20260522T084501_R064_T37UCT_20260522T134615,/Users/korneev/Desktop/water-regime-gis/outputs/imagery/kaa/KAA_КУР-СОЛ-0010-02/2026-05-22/sentinel_analysis.tif
KAA_КУР-СОЛ-0010-02,2026-06-09,-0.274393588305,0.0739258825779,0.0683561265469,0.105520226061,-0.13507924974,-0.394799083471,S2C_MSIL2A_20260609T083601_R064_T36UYC_20260609T140015,/Users/korneev/Desktop/water-regime-gis/outputs/imagery/kaa/KAA_КУР-СОЛ-0010-02/2026-06-09/sentinel_analysis.tif
KAA_КУР-СОЛ-0010-02,2026-06-11,-0.243170931935,0.0793673247099,0.0858157798648,0.124115504324,-0.138128042221,-0.368909686804,S2A_MSIL2A_20260611T084501_R064_T36UYC_20260611T134710,/Users/korneev/Desktop/water-regime-gis/outputs/imagery/kaa/KAA_КУР-СОЛ-0010-02/2026-06-11/sentinel_analysis.tif
KAA_КУР-СОЛ-0010-02,2026-07-01,-0.0213129706681,0.226234599948,0.275170922279,0.359152406454,-0.313333928585,-0.333195120096,S2A_MSIL2A_20260701T084501_R064_T36UYC_20260701T134111,/Users/korneev/Desktop/water-regime-gis/outputs/imagery/kaa/KAA_КУР-СОЛ-0010-02/2026-07-01/sentinel_analysis.tif
KAA_КУР-СОЛ-0010-02,2026-07-19,0.286708682775,0.413867652416,0.553997159004,0.626634597778,-0.5381103158,-0.297682315111,S2C_MSIL2A_20260719T083601_R064_T36UYC_20260719T135608,/Users/korneev/Desktop/water-regime-gis/outputs/imagery/kaa/KAA_КУР-СОЛ-0010-02/2026-07-19/sentinel_analysis.tif
KAA_КУР-СОЛ-0010-02,2026-07-31,0.35041514039,0.489196687937,0.596169114113,0.651215016842,-0.574305415154,-0.280827850103,S2A_MSIL2A_20260731T084501_R064_T37UCT_20260731T133010,/Users/korneev/Desktop/water-regime-gis/outputs/imagery/kaa/KAA_КУР-СОЛ-0010-02/2026-07-31/sentinel_analysis.tif
KAA_КУР-СОЛ-0010-02,2026-08-03,0.328094661236,0.485051363707,0.574979782104,0.633939146996,-0.561342597008,-0.286068767309,S2B_MSIL2A_20260803T083559_R064_T36UYC_20260803T123557,/Users/korneev/Desktop/water-regime-gis/outputs/imagery/kaa/KAA_КУР-СОЛ-0010-02/2026-08-03/sentinel_analysis.tif
KAA_КУР-СОЛ-0010-02,2026-08-10,0.339086085558,0.463955283165,0.569811403751,0.613951265812,-0.544138431549,-0.251584142447,S2A_MSIL2A_20260810T083741_R064_T37UCT_20260810T135811,/Users/korneev/Desktop/water-regime-gis/outputs/imagery/kaa/KAA_КУР-СОЛ-0010-02/2026-08-10/sentinel_analysis.tif
KAA_КУР-СОЛ-0011-03,2026-05-05,-0.274046510458,0.0554570443928,0.0513823330402,0.0787890553474,-0.112701259553,-0.37515386939,S2B_MSIL2A_20260505T083559_R064_T37UCT_20260505T123805,/Users/korneev/Desktop/water-regime-gis/outputs/imagery/kaa/KAA_КУР-СОЛ-0011-03/2026-05-05/sentinel_analysis.tif
KAA_КУР-СОЛ-0011-03,2026-05-20,-0.137048959732,0.109798774123,0.113157831132,0.153751417994,-0.167285636067,-0.297420829535,S2C_MSIL2A_20260520T083601_R064_T36UYC_20260520T135803,/Users/korneev/Desktop/water-regime-gis/outputs/imagery/kaa/KAA_КУР-СОЛ-0011-03/2026-05-20/sentinel_analysis.tif
KAA_КУР-СОЛ-0011-03,2026-05-22,-0.250560283661,0.0691010951996,0.0736023485661,0.108457773924,-0.12935526669,-0.367944777012,S2A_MSIL2A_20260522T084501_R064_T37UCT_20260522T134615,/Users/korneev/Desktop/water-regime-gis/outputs/imagery/kaa/KAA_КУР-СОЛ-0011-03/2026-05-22/sentinel_analysis.tif
KAA_КУР-СОЛ-0011-03,2026-06-09,-0.217300161719,0.102581366897,0.109422020614,0.163964524865,-0.172094777226,-0.375509917736,S2C_MSIL2A_20260609T083601_R064_T36UYC_20260609T140015,/Users/korneev/Desktop/water-regime-gis/outputs/imagery/kaa/KAA_КУР-СОЛ-0011-03/2026-06-09/sentinel_analysis.tif
KAA_КУР-СОЛ-0011-03,2026-06-11,-0.216384500265,0.103946112096,0.117909796536,0.167046502233,-0.173533335328,-0.375810265541,S2A_MSIL2A_20260611T084501_R064_T36UYC_20260611T134710,/Users/korneev/Desktop/water-regime-gis/outputs/imagery/kaa/KAA_КУР-СОЛ-0011-03/2026-06-11/sentinel_analysis.tif
KAA_КУР-СОЛ-0011-03,2026-07-01,-0.0398559458554,0.259215205908,0.251826494932,0.340049147606,-0.3160392344,-0.351657062769,S2A_MSIL2A_20260701T084501_R064_T36UYC_20260701T134111,/Users/korneev/Desktop/water-regime-gis/outputs/imagery/kaa/KAA_КУР-СОЛ-0011-03/2026-07-01/sentinel_analysis.tif
KAA_КУР-СОЛ-0011-03,2026-07-19,0.138439163566,0.387606978416,0.384741544724,0.503467440605,-0.457463651896,-0.34086805582,S2C_MSIL2A_20260719T083601_R064_T36UYC_20260719T135608,/Users/korneev/Desktop/water-regime-gis/outputs/imagery/kaa/KAA_КУР-СОЛ-0011-03/2026-07-19/sentinel_analysis.tif
KAA_КУР-СОЛ-0011-03,2026-07-31,0.177794888616,0.395773589611,0.392933875322,0.505807697773,-0.454877138138,-0.301851034164,S2A_MSIL2A_20260731T084501_R064_T37UCT_20260731T133010,/Users/korneev/Desktop/water-regime-gis/outputs/imagery/kaa/KAA_КУР-СОЛ-0011-03/2026-07-31/sentinel_analysis.tif
KAA_КУР-СОЛ-0011-03,2026-08-03,0.151428252459,0.381585806608,0.37444165349,0.48495477438,-0.437650591135,-0.306784123182,S2B_MSIL2A_20260803T083559_R064_T36UYC_20260803T123557,/Users/korneev/Desktop/water-regime-gis/outputs/imagery/kaa/KAA_КУР-СОЛ-0011-03/2026-08-03/sentinel_analysis.tif
KAA_КУР-СОЛ-0011-03,2026-08-10,0.119552351534,0.293839991093,0.354482322931,0.406318634748,-0.389145761728,-0.283125340939,S2A_MSIL2A_20260810T083741_R064_T37UCT_20260810T135811,/Users/korneev/Desktop/water-regime-gis/outputs/imagery/kaa/KAA_КУР-СОЛ-0011-03/2026-08-10/sentinel_analysis.tif
KAA_КУР-СОЛ-0011-04,2026-05-05,-0.260547608137,0.0655891150236,0.0647240877151,0.0955523923039,-0.133827283978,-0.38106995821,S2B_MSIL2A_20260505T083559_R064_T37UCT_20260505T123805,/Users/korneev/Desktop/water-regime-gis/outputs/imagery/kaa/KAA_КУР-СОЛ-0011-04/2026-05-05/sentinel_analysis.tif
KAA_КУР-СОЛ-0011-04,2026-05-20,-0.246256172657,0.0781077519059,0.0753251463175,0.110695235431,-0.143236160278,-0.37609282136,S2C_MSIL2A_20260520T083601_R064_T36UYC_20260520T135803,/Users/korneev/Desktop/water-regime-gis/outputs/imagery/kaa/KAA_КУР-СОЛ-0011-04/2026-05-20/sentinel_analysis.tif
KAA_КУР-СОЛ-0011-04,2026-05-22,-0.258112221956,0.0700524672866,0.0755986273289,0.109827697277,-0.138563320041,-0.382953494787,S2A_MSIL2A_20260522T084501_R064_T37UCT_20260522T134615,/Users/korneev/Desktop/water-regime-gis/outputs/imagery/kaa/KAA_КУР-СОЛ-0011-04/2026-05-22/sentinel_analysis.tif
KAA_КУР-СОЛ-0011-04,2026-06-09,-0.234224170446,0.0921609997749,0.0991557389498,0.142847344279,-0.167895019054,-0.386937588453,S2C_MSIL2A_20260609T083601_R064_T36UYC_20260609T140015,/Users/korneev/Desktop/water-regime-gis/outputs/imagery/kaa/KAA_КУР-СОЛ-0011-04/2026-06-09/sentinel_analysis.tif
KAA_КУР-СОЛ-0011-04,2026-06-11,-0.228040412068,0.0977173224092,0.113516911864,0.156886428595,-0.175530046225,-0.388116598129,S2A_MSIL2A_20260611T084501_R064_T36UYC_20260611T134710,/Users/korneev/Desktop/water-regime-gis/outputs/imagery/kaa/KAA_КУР-СОЛ-0011-04/2026-06-11/sentinel_analysis.tif
KAA_КУР-СОЛ-0011-04,2026-07-01,-0.0879810750484,0.211373820901,0.188677892089,0.283271253109,-0.265681326389,-0.345605790615,S2A_MSIL2A_20260701T084501_R064_T36UYC_20260701T134111,/Users/korneev/Desktop/water-regime-gis/outputs/imagery/kaa/KAA_КУР-СОЛ-0011-04/2026-07-01/sentinel_analysis.tif
KAA_КУР-СОЛ-0011-04,2026-07-19,0.102935425937,0.359982937574,0.353247344494,0.464596033096,-0.428561240435,-0.346419334412,S2C_MSIL2A_20260719T083601_R064_T36UYC_20260719T135608,/Users/korneev/Desktop/water-regime-gis/outputs/imagery/kaa/KAA_КУР-СОЛ-0011-04/2026-07-19/sentinel_analysis.tif
KAA_КУР-СОЛ-0011-04,2026-07-31,0.232513159513,0.438870787621,0.446231871843,0.544901907444,-0.497102826834,-0.302160590887,S2A_MSIL2A_20260731T084501_R064_T37UCT_20260731T133010,/Users/korneev/Desktop/water-regime-gis/outputs/imagery/kaa/KAA_КУР-СОЛ-0011-04/2026-07-31/sentinel_analysis.tif
KAA_КУР-СОЛ-0011-04,2026-08-03,0.160242035985,0.390756756067,0.380837231874,0.480457812548,-0.444772422314,-0.311197072268,S2B_MSIL2A_20260803T083559_R064_T36UYC_20260803T123557,/Users/korneev/Desktop/water-regime-gis/outputs/imagery/kaa/KAA_КУР-СОЛ-0011-04/2026-08-03/sentinel_analysis.tif
KAA_КУР-СОЛ-0011-04,2026-08-10,0.15641836822,0.346830368042,0.351859867573,0.43586114049,-0.408965319395,-0.271669477224,S2A_MSIL2A_20260810T083741_R064_T37UCT_20260810T135811,/Users/korneev/Desktop/water-regime-gis/outputs/imagery/kaa/KAA_КУР-СОЛ-0011-04/2026-08-10/sentinel_analysis.tif
KAA_КУР-СОЛ-0012-02,2026-05-05,-0.291434824467,0.0591457262635,0.050236903131,0.0800135210156,-0.112366743386,-0.391002804041,S2B_MSIL2A_20260505T083559_R064_T37UCT_20260505T123805,/Users/korneev/Desktop/water-regime-gis/outputs/imagery/kaa/KAA_КУР-СОЛ-0012-02/2026-05-05/sentinel_analysis.tif
KAA_КУР-СОЛ-0012-02,2026-05-20,-0.267381608486,0.0767349228263,0.0663558095694,0.104098156095,-0.135480433702,-0.388475775719,S2C_MSIL2A_20260520T083601_R064_T36UYC_20260520T135803,/Users/korneev/Desktop/water-regime-gis/outputs/imagery/kaa/KAA_КУР-СОЛ-0012-02/2026-05-20/sentinel_analysis.tif
KAA_КУР-СОЛ-0012-02,2026-05-22,-0.263939410448,0.0732701867819,0.0726923048496,0.109365917742,-0.12907230854,-0.380109459162,S2A_MSIL2A_20260522T084501_R064_T37UCT_20260522T134615,/Users/korneev/Desktop/water-regime-gis/outputs/imagery/kaa/KAA_КУР-СОЛ-0012-02/2026-05-22/sentinel_analysis.tif
KAA_КУР-СОЛ-0012-02,2026-06-09,-0.284960716963,0.0813630074263,0.0754911527038,0.116632170975,-0.145762830973,-0.413559854031,S2C_MSIL2A_20260609T083601_R064_T36UYC_20260609T140015,/Users/korneev/Desktop/water-regime-gis/outputs/imagery/kaa/KAA_КУР-СОЛ-0012-02/2026-06-09/sentinel_analysis.tif
KAA_КУР-СОЛ-0012-02,2026-06-11,-0.270852118731,0.082251265645,0.0805127695203,0.124344266951,-0.135538130999,-0.39183345437,S2A_MSIL2A_20260611T084501_R064_T36UYC_20260611T134710,/Users/korneev/Desktop/water-regime-gis/outputs/imagery/kaa/KAA_КУР-СОЛ-0012-02/2026-06-11/sentinel_analysis.tif
KAA_КУР-СОЛ-0012-02,2026-07-01,0.0197104252875,0.207252278924,0.223966062069,0.283574193716,-0.257292598486,-0.238093093038,S2A_MSIL2A_20260701T084501_R064_T36UYC_20260701T134111,/Users/korneev/Desktop/water-regime-gis/outputs/imagery/kaa/KAA_КУР-СОЛ-0012-02/2026-07-01/sentinel_analysis.tif
KAA_КУР-СОЛ-0012-02,2026-07-19,0.12291970849,0.368536025286,0.356119304895,0.477327108383,-0.435217350721,-0.331232041121,S2C_MSIL2A_20260719T083601_R064_T36UYC_20260719T135608,/Users/korneev/Desktop/water-regime-gis/outputs/imagery/kaa/KAA_КУР-СОЛ-0012-02/2026-07-19/sentinel_analysis.tif
KAA_КУР-СОЛ-0012-02,2026-07-31,0.246444389224,0.430617302656,0.420092344284,0.535202801228,-0.478320449591,-0.263795167208,S2A_MSIL2A_20260731T084501_R064_T37UCT_20260731T133010,/Users/korneev/Desktop/water-regime-gis/outputs/imagery/kaa/KAA_КУР-СОЛ-0012-02/2026-07-31/sentinel_analysis.tif
KAA_КУР-СОЛ-0012-02,2026-08-03,0.22334215045,0.422274500132,0.403047561646,0.517115950584,-0.469371289015,-0.275209873915,S2B_MSIL2A_20260803T083559_R064_T36UYC_20260803T123557,/Users/korneev/Desktop/water-regime-gis/outputs/imagery/kaa/KAA_КУР-СОЛ-0012-02/2026-08-03/sentinel_analysis.tif
KAA_КУР-СОЛ-0012-02,2026-08-10,0.240815028548,0.424643903971,0.412944018841,0.522571325302,-0.475306093693,-0.265143632889,S2A_MSIL2A_20260810T083741_R064_T37UCT_20260810T135811,/Users/korneev/Desktop/water-regime-gis/outputs/imagery/kaa/KAA_КУР-СОЛ-0012-02/2026-08-10/sentinel_analysis.tif
KAA_КУР-СОЛ-0013-02,2026-05-05,-0.282388627529,0.0552068501711,0.0450891219079,0.0746898651123,-0.101974926889,-0.373604625463,S2B_MSIL2A_20260505T083559_R064_T37UCT_20260505T123805,/Users/korneev/Desktop/water-regime-gis/outputs/imagery/kaa/KAA_КУР-СОЛ-0013-02/2026-05-05/sentinel_analysis.tif
KAA_КУР-СОЛ-0013-02,2026-05-20,-0.24466817081,0.0821783840656,0.0778230950236,0.117902897298,-0.147532194853,-0.377525508404,S2C_MSIL2A_20260520T083601_R064_T36UYC_20260520T135803,/Users/korneev/Desktop/water-regime-gis/outputs/imagery/kaa/KAA_КУР-СОЛ-0013-02/2026-05-20/sentinel_analysis.tif
KAA_КУР-СОЛ-0013-02,2026-05-22,-0.251188278198,0.0911414548755,0.0943669751287,0.138765260577,-0.154322609305,-0.390412211418,S2A_MSIL2A_20260522T084501_R064_T37UCT_20260522T134615,/Users/korneev/Desktop/water-regime-gis/outputs/imagery/kaa/KAA_КУР-СОЛ-0013-02/2026-05-22/sentinel_analysis.tif
KAA_КУР-СОЛ-0013-02,2026-06-09,0.306375265121,0.37996673584,0.49764251709,0.573733508587,-0.490376353264,-0.216272056103,S2C_MSIL2A_20260609T083601_R064_T36UYC_20260609T140015,/Users/korneev/Desktop/water-regime-gis/outputs/imagery/kaa/KAA_КУР-СОЛ-0013-02/2026-06-09/sentinel_analysis.tif
KAA_КУР-СОЛ-0013-02,2026-06-11,0.337671160698,0.439209759235,0.556646585464,0.597372233868,-0.517084300518,-0.217111825943,S2A_MSIL2A_20260611T084501_R064_T36UYC_20260611T134710,/Users/korneev/Desktop/water-regime-gis/outputs/imagery/kaa/KAA_КУР-СОЛ-0013-02/2026-06-11/sentinel_analysis.tif
KAA_КУР-СОЛ-0013-02,2026-07-01,0.458670526743,0.42866948247,0.535531282425,0.547020316124,-0.494148045778,-0.0455272234976,S2A_MSIL2A_20260701T084501_R064_T36UYC_20260701T134111,/Users/korneev/Desktop/water-regime-gis/outputs/imagery/kaa/KAA_КУР-СОЛ-0013-02/2026-07-01/sentinel_analysis.tif
KAA_КУР-СОЛ-0013-02,2026-07-19,0.511463105679,0.405140548944,0.604481756687,0.6521936059,-0.533586621284,-0.0298916958272,S2C_MSIL2A_20260719T083601_R064_T36UYC_20260719T135608,/Users/korneev/Desktop/water-regime-gis/outputs/imagery/kaa/KAA_КУР-СОЛ-0013-02/2026-07-19/sentinel_analysis.tif
KAA_КУР-СОЛ-0013-02,2026-07-31,0.453805565834,0.363592207432,0.54866284132,0.59470385313,-0.479834318161,-0.0327267348766,S2A_MSIL2A_20260731T084501_R064_T37UCT_20260731T133010,/Users/korneev/Desktop/water-regime-gis/outputs/imagery/kaa/KAA_КУР-СОЛ-0013-02/2026-07-31/sentinel_analysis.tif
KAA_КУР-СОЛ-0013-02,2026-08-03,0.412628352642,0.34596735239,0.490929186344,0.560277283192,-0.458097785711,-0.0557790100574,S2B_MSIL2A_20260803T083559_R064_T36UYC_20260803T123557,/Users/korneev/Desktop/water-regime-gis/outputs/imagery/kaa/KAA_КУР-СОЛ-0013-02/2026-08-03/sentinel_analysis.tif
KAA_КУР-СОЛ-0013-02,2026-08-10,0.308129221201,0.256991744041,0.416021853685,0.4773671031,-0.39469435811,-0.0983227565885,S2A_MSIL2A_20260810T083741_R064_T37UCT_20260810T135811,/Users/korneev/Desktop/water-regime-gis/outputs/imagery/kaa/KAA_КУР-СОЛ-0013-02/2026-08-10/sentinel_analysis.tif
KAA_КУР-СОЛ-0013-03,2026-05-05,-0.271776944399,0.0549760460854,0.0453186444938,0.0749899595976,-0.10260591656,-0.364226043224,S2B_MSIL2A_20260505T083559_R064_T37UCT_20260505T123805,/Users/korneev/Desktop/water-regime-gis/outputs/imagery/kaa/KAA_КУР-СОЛ-0013-03/2026-05-05/sentinel_analysis.tif
KAA_КУР-СОЛ-0013-03,2026-05-20,-0.230955436826,0.0894419401884,0.0873711109161,0.127922445536,-0.165492042899,-0.38166770339,S2C_MSIL2A_20260520T083601_R064_T36UYC_20260520T135803,/Users/korneev/Desktop/water-regime-gis/outputs/imagery/kaa/KAA_КУР-СОЛ-0013-03/2026-05-20/sentinel_analysis.tif
KAA_КУР-СОЛ-0013-03,2026-05-22,-0.264671504498,0.0822281762958,0.0864271968603,0.127666160464,-0.151186704636,-0.39984536171,S2A_MSIL2A_20260522T084501_R064_T37UCT_20260522T134615,/Users/korneev/Desktop/water-regime-gis/outputs/imagery/kaa/KAA_КУР-СОЛ-0013-03/2026-05-22/sentinel_analysis.tif
KAA_КУР-СОЛ-0013-03,2026-06-09,0.266735643148,0.351721823215,0.470913201571,0.550524532795,-0.465254753828,-0.226392939687,S2C_MSIL2A_20260609T083601_R064_T36UYC_20260609T140015,/Users/korneev/Desktop/water-regime-gis/outputs/imagery/kaa/KAA_КУР-СОЛ-0013-03/2026-06-09/sentinel_analysis.tif
KAA_КУР-СОЛ-0013-03,2026-06-11,0.333869725466,0.412500441074,0.533173978329,0.580038964748,-0.49013698101,-0.186671867967,S2A_MSIL2A_20260611T084501_R064_T36UYC_20260611T134710,/Users/korneev/Desktop/water-regime-gis/outputs/imagery/kaa/KAA_КУР-СОЛ-0013-03/2026-06-11/sentinel_analysis.tif
KAA_КУР-СОЛ-0013-03,2026-07-01,0.432760953903,0.402926743031,0.522464394569,0.52150708437,-0.471836030483,-0.0481374338269,S2A_MSIL2A_20260701T084501_R064_T36UYC_20260701T134111,/Users/korneev/Desktop/water-regime-gis/outputs/imagery/kaa/KAA_КУР-СОЛ-0013-03/2026-07-01/sentinel_analysis.tif
KAA_КУР-СОЛ-0013-03,2026-07-19,0.519855439663,0.4161670506,0.607344985008,0.657477498055,-0.540013790131,-0.0273475833237,S2C_MSIL2A_20260719T083601_R064_T36UYC_20260719T135608,/Users/korneev/Desktop/water-regime-gis/outputs/imagery/kaa/KAA_КУР-СОЛ-0013-03/2026-07-19/sentinel_analysis.tif
KAA_КУР-СОЛ-0013-03,2026-07-31,0.461241871119,0.380168110132,0.567538917065,0.592964828014,-0.482094436884,-0.0255352649838,S2A_MSIL2A_20260731T084501_R064_T37UCT_20260731T133010,/Users/korneev/Desktop/water-regime-gis/outputs/imagery/kaa/KAA_КУР-СОЛ-0013-03/2026-07-31/sentinel_analysis.tif
KAA_КУР-СОЛ-0013-03,2026-08-03,0.446493029594,0.368344277143,0.520447611809,0.586193919182,-0.474260866642,-0.034805316478,S2B_MSIL2A_20260803T083559_R064_T36UYC_20260803T123557,/Users/korneev/Desktop/water-regime-gis/outputs/imagery/kaa/KAA_КУР-СОЛ-0013-03/2026-08-03/sentinel_analysis.tif
KAA_КУР-СОЛ-0013-03,2026-08-10,0.332237154245,0.270813018084,0.435920596123,0.4895003438,-0.40259963274,-0.0806402415037,S2A_MSIL2A_20260810T083741_R064_T37UCT_20260810T135811,/Users/korneev/Desktop/water-regime-gis/outputs/imagery/kaa/KAA_КУР-СОЛ-0013-03/2026-08-10/sentinel_analysis.tif
KAA_КУР-СОЛ-0014-02,2026-05-05,-0.265838176012,0.0590406470001,0.0483980663121,0.0786464512348,-0.106919527054,-0.362468808889,S2B_MSIL2A_20260505T083559_R064_T37UCT_20260505T123805,/Users/korneev/Desktop/water-regime-gis/outputs/imagery/kaa/KAA_КУР-СОЛ-0014-02/2026-05-05/sentinel_analysis.tif
KAA_КУР-СОЛ-0014-02,2026-05-20,-0.132356375456,0.127902448177,0.120678193867,0.166508153081,-0.179335787892,-0.30451798439,S2C_MSIL2A_20260520T083601_R064_T36UYC_20260520T135803,/Users/korneev/Desktop/water-regime-gis/outputs/imagery/kaa/KAA_КУР-СОЛ-0014-02/2026-05-20/sentinel_analysis.tif
KAA_КУР-СОЛ-0014-02,2026-05-22,-0.264037162066,0.0749257057905,0.0728771314025,0.111309073865,-0.132997244596,-0.383684009314,S2A_MSIL2A_20260522T084501_R064_T37UCT_20260522T134615,/Users/korneev/Desktop/water-regime-gis/outputs/imagery/kaa/KAA_КУР-СОЛ-0014-02/2026-05-22/sentinel_analysis.tif
KAA_КУР-СОЛ-0014-02,2026-06-09,-0.244759768248,0.0903024673462,0.0856070742011,0.133970871568,-0.15346968174,-0.383758544922,S2C_MSIL2A_20260609T083601_R064_T36UYC_20260609T140015,/Users/korneev/Desktop/water-regime-gis/outputs/imagery/kaa/KAA_КУР-СОЛ-0014-02/2026-06-09/sentinel_analysis.tif
KAA_КУР-СОЛ-0014-02,2026-06-11,-0.249990195036,0.0860709249973,0.0883235111833,0.131262645125,-0.14750534296,-0.383469372988,S2A_MSIL2A_20260611T084501_R064_T36UYC_20260611T134710,/Users/korneev/Desktop/water-regime-gis/outputs/imagery/kaa/KAA_КУР-СОЛ-0014-02/2026-06-11/sentinel_analysis.tif
KAA_КУР-СОЛ-0014-02,2026-07-01,-0.182746201754,0.151013478637,0.140350580215,0.211592376232,-0.212267458439,-0.38181963563,S2A_MSIL2A_20260701T084501_R064_T36UYC_20260701T134111,/Users/korneev/Desktop/water-regime-gis/outputs/imagery/kaa/KAA_КУР-СОЛ-0014-02/2026-07-01/sentinel_analysis.tif
KAA_КУР-СОЛ-0014-02,2026-07-19,0.0535313002765,0.322910219431,0.32852306962,0.423048138618,-0.397671550512,-0.361715406179,S2C_MSIL2A_20260719T083601_R064_T36UYC_20260719T135608,/Users/korneev/Desktop/water-regime-gis/outputs/imagery/kaa/KAA_КУР-СОЛ-0014-02/2026-07-19/sentinel_analysis.tif
KAA_КУР-СОЛ-0014-02,2026-07-31,0.0834925845265,0.314329564571,0.338572233915,0.394940257072,-0.36510014534,-0.306259065866,S2A_MSIL2A_20260731T084501_R064_T37UCT_20260731T133010,/Users/korneev/Desktop/water-regime-gis/outputs/imagery/kaa/KAA_КУР-СОЛ-0014-02/2026-07-31/sentinel_analysis.tif
KAA_КУР-СОЛ-0014-02,2026-08-03,0.123331598938,0.369824498892,0.373970031738,0.458985537291,-0.428779423237,-0.331498175859,S2B_MSIL2A_20260803T083559_R064_T36UYC_20260803T123557,/Users/korneev/Desktop/water-regime-gis/outputs/imagery/kaa/KAA_КУР-СОЛ-0014-02/2026-08-03/sentinel_analysis.tif
KAA_КУР-СОЛ-0014-02,2026-08-10,0.131277427077,0.373946994543,0.387981712818,0.467751294374,-0.434231668711,-0.330459445715,S2A_MSIL2A_20260810T083741_R064_T37UCT_20260810T135811,/Users/korneev/Desktop/water-regime-gis/outputs/imagery/kaa/KAA_КУР-СОЛ-0014-02/2026-08-10/sentinel_analysis.tif
KAA_КУР-СОЛ-0014-03,2026-05-05,-0.264244228601,0.0571267008781,0.0482878088951,0.0776690840721,-0.108020044863,-0.361951619387,S2B_MSIL2A_20260505T083559_R064_T37UCT_20260505T123805,/Users/korneev/Desktop/water-regime-gis/outputs/imagery/kaa/KAA_КУР-СОЛ-0014-03/2026-05-05/sentinel_analysis.tif
KAA_КУР-СОЛ-0014-03,2026-05-20,-0.154911518097,0.125889480114,0.114027634263,0.16251142323,-0.178346678615,-0.323838382959,S2C_MSIL2A_20260520T083601_R064_T36UYC_20260520T135803,/Users/korneev/Desktop/water-regime-gis/outputs/imagery/kaa/KAA_КУР-СОЛ-0014-03/2026-05-20/sentinel_analysis.tif
KAA_КУР-СОЛ-0014-03,2026-05-22,-0.268710851669,0.0719238743186,0.0733551159501,0.109397299588,-0.136425450444,-0.390913158655,S2A_MSIL2A_20260522T084501_R064_T37UCT_20260522T134615,/Users/korneev/Desktop/water-regime-gis/outputs/imagery/kaa/KAA_КУР-СОЛ-0014-03/2026-05-22/sentinel_analysis.tif
KAA_КУР-СОЛ-0014-03,2026-06-09,-0.249109745026,0.0837062895298,0.0788785964251,0.123026065528,-0.147587820888,-0.38251516223,S2C_MSIL2A_20260609T083601_R064_T36UYC_20260609T140015,/Users/korneev/Desktop/water-regime-gis/outputs/imagery/kaa/KAA_КУР-СОЛ-0014-03/2026-06-09/sentinel_analysis.tif
KAA_КУР-СОЛ-0014-03,2026-06-11,-0.232460856438,0.0845315009356,0.084654763341,0.124759703875,-0.137804463506,-0.358791559935,S2A_MSIL2A_20260611T084501_R064_T36UYC_20260611T134710,/Users/korneev/Desktop/water-regime-gis/outputs/imagery/kaa/KAA_КУР-СОЛ-0014-03/2026-06-11/sentinel_analysis.tif
KAA_КУР-СОЛ-0014-03,2026-07-01,-0.194571003318,0.132455796003,0.123726926744,0.189590886235,-0.192249804735,-0.37350076437,S2A_MSIL2A_20260701T084501_R064_T36UYC_20260701T134111,/Users/korneev/Desktop/water-regime-gis/outputs/imagery/kaa/KAA_КУР-СОЛ-0014-03/2026-07-01/sentinel_analysis.tif
KAA_КУР-СОЛ-0014-03,2026-07-19,0.00934085994959,0.285473912954,0.274953842163,0.378070443869,-0.355503469706,-0.353124976158,S2C_MSIL2A_20260719T083601_R064_T36UYC_20260719T135608,/Users/korneev/Desktop/water-regime-gis/outputs/imagery/kaa/KAA_КУР-СОЛ-0014-03/2026-07-19/sentinel_analysis.tif
KAA_КУР-СОЛ-0014-03,2026-07-31,0.167416810989,0.36112383008,0.3813765347,0.459119766951,-0.417275190353,-0.275129586458,S2A_MSIL2A_20260731T084501_R064_T37UCT_20260731T133010,/Users/korneev/Desktop/water-regime-gis/outputs/imagery/kaa/KAA_КУР-СОЛ-0014-03/2026-07-31/sentinel_analysis.tif
KAA_КУР-СОЛ-0014-03,2026-08-03,0.119835779071,0.357029616833,0.351594895124,0.446508705616,-0.413387537003,-0.315176665783,S2B_MSIL2A_20260803T083559_R064_T36UYC_20260803T123557,/Users/korneev/Desktop/water-regime-gis/outputs/imagery/kaa/KAA_КУР-СОЛ-0014-03/2026-08-03/sentinel_analysis.tif
KAA_КУР-СОЛ-0014-03,2026-08-10,0.135852068663,0.369050472975,0.371676236391,0.461378246546,-0.428464323282,-0.317463338375,S2A_MSIL2A_20260810T083741_R064_T37UCT_20260810T135811,/Users/korneev/Desktop/water-regime-gis/outputs/imagery/kaa/KAA_КУР-СОЛ-0014-03/2026-08-10/sentinel_analysis.tif
KAA_КУР-СОЛ-0015-02,2026-05-05,-0.274430543184,0.0584306716919,0.0489318110049,0.0786588713527,-0.108066886663,-0.371466130018,S2B_MSIL2A_20260505T083559_R064_T37UCT_20260505T123805,/Users/korneev/Desktop/water-regime-gis/outputs/imagery/kaa/KAA_КУР-СОЛ-0015-02/2026-05-05/sentinel_analysis.tif
KAA_КУР-СОЛ-0015-02,2026-05-20,-0.131921082735,0.117132805288,0.115761689842,0.158820673823,-0.170634478331,-0.295435667038,S2C_MSIL2A_20260520T083601_R064_T36UYC_20260520T135803,/Users/korneev/Desktop/water-regime-gis/outputs/imagery/kaa/KAA_КУР-СОЛ-0015-02/2026-05-20/sentinel_analysis.tif
KAA_КУР-СОЛ-0015-02,2026-05-22,-0.245979890227,0.0863635763526,0.0860656350851,0.130645781755,-0.144823119044,-0.377368241549,S2A_MSIL2A_20260522T084501_R064_T37UCT_20260522T134615,/Users/korneev/Desktop/water-regime-gis/outputs/imagery/kaa/KAA_КУР-СОЛ-0015-02/2026-05-22/sentinel_analysis.tif
KAA_КУР-СОЛ-0015-02,2026-06-09,0.301854401827,0.372669249773,0.486485540867,0.566964566708,-0.482673674822,-0.211317867041,S2C_MSIL2A_20260609T083601_R064_T36UYC_20260609T140015,/Users/korneev/Desktop/water-regime-gis/outputs/imagery/kaa/KAA_КУР-СОЛ-0015-02/2026-06-09/sentinel_analysis.tif
KAA_КУР-СОЛ-0015-02,2026-06-11,0.345309972763,0.44018265605,0.555748701096,0.603141367435,-0.521080553532,-0.214297503233,S2A_MSIL2A_20260611T084501_R064_T36UYC_20260611T134710,/Users/korneev/Desktop/water-regime-gis/outputs/imagery/kaa/KAA_КУР-СОЛ-0015-02/2026-06-11/sentinel_analysis.tif
KAA_КУР-СОЛ-0015-02,2026-07-01,0.44748672843,0.404462844133,0.522231161594,0.531628847122,-0.474915623665,-0.034004304558,S2A_MSIL2A_20260701T084501_R064_T36UYC_20260701T134111,/Users/korneev/Desktop/water-regime-gis/outputs/imagery/kaa/KAA_КУР-СОЛ-0015-02/2026-07-01/sentinel_analysis.tif
KAA_КУР-СОЛ-0015-02,2026-07-19,0.503470718861,0.402890473604,0.604007661343,0.656664788723,-0.535627424717,-0.0430645234883,S2C_MSIL2A_20260719T083601_R064_T36UYC_20260719T135608,/Users/korneev/Desktop/water-regime-gis/outputs/imagery/kaa/KAA_КУР-СОЛ-0015-02/2026-07-19/sentinel_analysis.tif
KAA_КУР-СОЛ-0015-02,2026-07-31,0.466578364372,0.371629327536,0.560286223888,0.614237070084,-0.491529583931,-0.0319344624877,S2A_MSIL2A_20260731T084501_R064_T37UCT_20260731T133010,/Users/korneev/Desktop/water-regime-gis/outputs/imagery/kaa/KAA_КУР-СОЛ-0015-02/2026-07-31/sentinel_analysis.tif
KAA_КУР-СОЛ-0015-02,2026-08-03,0.415960788727,0.347401231527,0.504760205746,0.573799192905,-0.462576895952,-0.0571383833885,S2B_MSIL2A_20260803T083559_R064_T36UYC_20260803T123557,/Users/korneev/Desktop/water-regime-gis/outputs/imagery/kaa/KAA_КУР-СОЛ-0015-02/2026-08-03/sentinel_analysis.tif
KAA_КУР-СОЛ-0015-02,2026-08-10,0.303551197052,0.249297231436,0.418525010347,0.479171484709,-0.394147008657,-0.102466493845,S2A_MSIL2A_20260810T083741_R064_T37UCT_20260810T135811,/Users/korneev/Desktop/water-regime-gis/outputs/imagery/kaa/KAA_КУР-СОЛ-0015-02/2026-08-10/sentinel_analysis.tif
KAA_КУР-СОЛ-0016-02,2026-05-05,-0.265195250511,0.0555239059031,0.0456487946212,0.0749335438013,-0.103246487677,-0.358620613813,S2B_MSIL2A_20260505T083559_R064_T37UCT_20260505T123805,/Users/korneev/Desktop/water-regime-gis/outputs/imagery/kaa/KAA_КУР-СОЛ-0016-02/2026-05-05/sentinel_analysis.tif
KAA_КУР-СОЛ-0016-02,2026-05-20,-0.161068484187,0.114542834461,0.103258289397,0.147925049067,-0.164211764932,-0.316905081272,S2C_MSIL2A_20260520T083601_R064_T36UYC_20260520T135803,/Users/korneev/Desktop/water-regime-gis/outputs/imagery/kaa/KAA_КУР-СОЛ-0016-02/2026-05-20/sentinel_analysis.tif
KAA_КУР-СОЛ-0016-02,2026-05-22,-0.269068211317,0.068041652441,0.0658815801144,0.101046815515,-0.126304343343,-0.382416397333,S2A_MSIL2A_20260522T084501_R064_T37UCT_20260522T134615,/Users/korneev/Desktop/water-regime-gis/outputs/imagery/kaa/KAA_КУР-СОЛ-0016-02/2026-05-22/sentinel_analysis.tif
KAA_КУР-СОЛ-0016-02,2026-06-09,-0.274093270302,0.0790842548013,0.0728877186775,0.112102083862,-0.145134925842,-0.403267502785,S2C_MSIL2A_20260609T083601_R064_T36UYC_20260609T140015,/Users/korneev/Desktop/water-regime-gis/outputs/imagery/kaa/KAA_КУР-СОЛ-0016-02/2026-06-09/sentinel_analysis.tif
KAA_КУР-СОЛ-0016-02,2026-06-11,-0.273193120956,0.0809297934175,0.0817860737443,0.120121613145,-0.148355990648,-0.405181258917,S2A_MSIL2A_20260611T084501_R064_T36UYC_20260611T134710,/Users/korneev/Desktop/water-regime-gis/outputs/imagery/kaa/KAA_КУР-СОЛ-0016-02/2026-06-11/sentinel_analysis.tif
KAA_КУР-СОЛ-0016-02,2026-07-01,-0.213285565376,0.119638644159,0.118280149996,0.179776355624,-0.182818815112,-0.381596148014,S2A_MSIL2A_20260701T084501_R064_T36UYC_20260701T134111,/Users/korneev/Desktop/water-regime-gis/outputs/imagery/kaa/KAA_КУР-СОЛ-0016-02/2026-07-01/sentinel_analysis.tif
KAA_КУР-СОЛ-0016-02,2026-07-19,0.0158853847533,0.298905789852,0.304948419333,0.407091379166,-0.374498665333,-0.363330006599,S2C_MSIL2A_20260719T083601_R064_T36UYC_20260719T135608,/Users/korneev/Desktop/water-regime-gis/outputs/imagery/kaa/KAA_КУР-СОЛ-0016-02/2026-07-19/sentinel_analysis.tif
KAA_КУР-СОЛ-0016-02,2026-07-31,0.0917839035392,0.303545147181,0.304329425097,0.390167355537,-0.353375643492,-0.273276507854,S2A_MSIL2A_20260731T084501_R064_T37UCT_20260731T133010,/Users/korneev/Desktop/water-regime-gis/outputs/imagery/kaa/KAA_КУР-СОЛ-0016-02/2026-07-31/sentinel_analysis.tif
KAA_КУР-СОЛ-0016-02,2026-08-03,0.0855191797018,0.33627346158,0.333151847124,0.431125700474,-0.398245334625,-0.325765550137,S2B_MSIL2A_20260803T083559_R064_T36UYC_20260803T123557,/Users/korneev/Desktop/water-regime-gis/outputs/imagery/kaa/KAA_КУР-СОЛ-0016-02/2026-08-03/sentinel_analysis.tif
KAA_КУР-СОЛ-0016-02,2026-08-10,0.0664338842034,0.32270771265,0.322758406401,0.41539812088,-0.391719281673,-0.335895329714,S2A_MSIL2A_20260810T083741_R064_T37UCT_20260810T135811,/Users/korneev/Desktop/water-regime-gis/outputs/imagery/kaa/KAA_КУР-СОЛ-0016-02/2026-08-10/sentinel_analysis.tif
KAA_КУР-СОЛ-0016-03,2026-05-05,-0.267262578011,0.0571617856622,0.0468260683119,0.0767594352365,-0.10352755338,-0.360837429762,S2B_MSIL2A_20260505T083559_R064_T37UCT_20260505T123805,/Users/korneev/Desktop/water-regime-gis/outputs/imagery/kaa/KAA_КУР-СОЛ-0016-03/2026-05-05/sentinel_analysis.tif
KAA_КУР-СОЛ-0016-03,2026-05-20,-0.149342805147,0.159009322524,0.144224762917,0.193797916174,-0.20446036756,-0.343282371759,S2C_MSIL2A_20260520T083601_R064_T36UYC_20260520T135803,/Users/korneev/Desktop/water-regime-gis/outputs/imagery/kaa/KAA_КУР-СОЛ-0016-03/2026-05-20/sentinel_analysis.tif
KAA_КУР-СОЛ-0016-03,2026-05-22,-0.265331119299,0.0680644512177,0.0651100575924,0.0999589934945,-0.123769752681,-0.376788944006,S2A_MSIL2A_20260522T084501_R064_T37UCT_20260522T134615,/Users/korneev/Desktop/water-regime-gis/outputs/imagery/kaa/KAA_КУР-СОЛ-0016-03/2026-05-22/sentinel_analysis.tif
KAA_КУР-СОЛ-0016-03,2026-06-09,-0.244376078248,0.102095723152,0.0952074080706,0.146139651537,-0.166810840368,-0.395135551691,S2C_MSIL2A_20260609T083601_R064_T36UYC_20260609T140015,/Users/korneev/Desktop/water-regime-gis/outputs/imagery/kaa/KAA_КУР-СОЛ-0016-03/2026-06-09/sentinel_analysis.tif
KAA_КУР-СОЛ-0016-03,2026-06-11,,,,,,,S2A_MSIL2A_20260611T084501_R064_T36UYC_20260611T134710,/Users/korneev/Desktop/water-regime-gis/outputs/imagery/kaa/KAA_КУР-СОЛ-0016-03/2026-06-11/sentinel_analysis.tif
KAA_КУР-СОЛ-0016-03,2026-07-01,-0.0329668223858,0.24787850678,0.209052085876,0.314088314772,-0.292369365692,-0.322866648436,S2A_MSIL2A_20260701T084501_R064_T36UYC_20260701T134111,/Users/korneev/Desktop/water-regime-gis/outputs/imagery/kaa/KAA_КУР-СОЛ-0016-03/2026-07-01/sentinel_analysis.tif
KAA_КУР-СОЛ-0016-03,2026-07-19,0.182035371661,0.432887047529,0.393097192049,0.520757675171,-0.488092958927,-0.337282896042,S2C_MSIL2A_20260719T083601_R064_T36UYC_20260719T135608,/Users/korneev/Desktop/water-regime-gis/outputs/imagery/kaa/KAA_КУР-СОЛ-0016-03/2026-07-19/sentinel_analysis.tif
KAA_КУР-СОЛ-0016-03,2026-07-31,0.2218516469,0.430336356163,0.410901576281,0.510459601879,-0.474162638187,-0.28420946002,S2A_MSIL2A_20260731T084501_R064_T37UCT_20260731T133010,/Users/korneev/Desktop/water-regime-gis/outputs/imagery/kaa/KAA_КУР-СОЛ-0016-03/2026-07-31/sentinel_analysis.tif
KAA_КУР-СОЛ-0016-03,2026-08-03,0.188582271338,0.416021943092,0.375624388456,0.491450816393,-0.459945529699,-0.297752231359,S2B_MSIL2A_20260803T083559_R064_T36UYC_20260803T123557,/Users/korneev/Desktop/water-regime-gis/outputs/imagery/kaa/KAA_КУР-СОЛ-0016-03/2026-08-03/sentinel_analysis.tif
KAA_КУР-СОЛ-0016-03,2026-08-10,0.195388540626,0.420569837093,0.384013265371,0.497347325087,-0.464060634375,-0.296190917492,S2A_MSIL2A_20260810T083741_R064_T37UCT_20260810T135811,/Users/korneev/Desktop/water-regime-gis/outputs/imagery/kaa/KAA_КУР-СОЛ-0016-03/2026-08-10/sentinel_analysis.tif
KAA_КУР-СОЛ-0017-02,2026-05-05,-0.276370197535,0.0542125627398,0.0449043028057,0.0736436247826,-0.101692259312,-0.367729485035,S2B_MSIL2A_20260505T083559_R064_T37UCT_20260505T123805,/Users/korneev/Desktop/water-regime-gis/outputs/imagery/kaa/KAA_КУР-СОЛ-0017-02/2026-05-05/sentinel_analysis.tif
KAA_КУР-СОЛ-0017-02,2026-05-20,-0.0860160589218,0.166500717402,0.179702684283,0.250209927559,-0.235876247287,-0.314896702766,S2C_MSIL2A_20260520T083601_R064_T36UYC_20260520T135803,/Users/korneev/Desktop/water-regime-gis/outputs/imagery/kaa/KAA_КУР-СОЛ-0017-02/2026-05-20/sentinel_analysis.tif
KAA_КУР-СОЛ-0017-02,2026-05-22,-0.0919305533171,0.195927351713,0.202275425196,0.285384297371,-0.256344079971,-0.340412795544,S2A_MSIL2A_20260522T084501_R064_T37UCT_20260522T134615,/Users/korneev/Desktop/water-regime-gis/outputs/imagery/kaa/KAA_КУР-СОЛ-0017-02/2026-05-22/sentinel_analysis.tif
KAA_КУР-СОЛ-0017-02,2026-06-09,0.282535731792,0.450549870729,0.488732159138,0.588407814503,-0.524998486042,-0.284933894873,S2C_MSIL2A_20260609T083601_R064_T36UYC_20260609T140015,/Users/korneev/Desktop/water-regime-gis/outputs/imagery/kaa/KAA_КУР-СОЛ-0017-02/2026-06-09/sentinel_analysis.tif
KAA_КУР-СОЛ-0017-02,2026-06-11,0.311662584543,0.504242539406,0.535251379013,0.612030565739,-0.552605569363,-0.291389524937,S2A_MSIL2A_20260611T084501_R064_T36UYC_20260611T134710,/Users/korneev/Desktop/water-regime-gis/outputs/imagery/kaa/KAA_КУР-СОЛ-0017-02/2026-06-11/sentinel_analysis.tif
KAA_КУР-СОЛ-0017-02,2026-07-01,0.387500852346,0.524399161339,0.532625734806,0.614758849144,-0.570517838001,-0.23700492084,S2A_MSIL2A_20260701T084501_R064_T36UYC_20260701T134111,/Users/korneev/Desktop/water-regime-gis/outputs/imagery/kaa/KAA_КУР-СОЛ-0017-02/2026-07-01/sentinel_analysis.tif
KAA_КУР-СОЛ-0017-02,2026-07-19,0.328295379877,0.453433841467,0.46474057436,0.579448699951,-0.537285327911,-0.253709554672,S2C_MSIL2A_20260719T083601_R064_T36UYC_20260719T135608,/Users/korneev/Desktop/water-regime-gis/outputs/imagery/kaa/KAA_КУР-СОЛ-0017-02/2026-07-19/sentinel_analysis.tif
KAA_КУР-СОЛ-0017-02,2026-07-31,0.265883713961,0.352440387011,0.377472698689,0.476769685745,-0.446093052626,-0.205068349838,S2A_MSIL2A_20260731T084501_R064_T37UCT_20260731T133010,/Users/korneev/Desktop/water-regime-gis/outputs/imagery/kaa/KAA_КУР-СОЛ-0017-02/2026-07-31/sentinel_analysis.tif
KAA_КУР-СОЛ-0017-02,2026-08-03,0.19487439096,0.298556059599,0.305482894182,0.410241931677,-0.396697461605,-0.218696162105,S2B_MSIL2A_20260803T083559_R064_T36UYC_20260803T123557,/Users/korneev/Desktop/water-regime-gis/outputs/imagery/kaa/KAA_КУР-СОЛ-0017-02/2026-08-03/sentinel_analysis.tif
KAA_КУР-СОЛ-0017-02,2026-08-10,0.0201200023293,0.148342400789,0.174059137702,0.232721194625,-0.27797293663,-0.259195059538,S2A_MSIL2A_20260810T083741_R064_T37UCT_20260810T135811,/Users/korneev/Desktop/water-regime-gis/outputs/imagery/kaa/KAA_КУР-СОЛ-0017-02/2026-08-10/sentinel_analysis.tif
KAA_КУР-СОЛ-0017-03,2026-05-05,-0.266364008188,0.0559019111097,0.0448133684695,0.0746010690928,-0.098655320704,-0.355667054653,S2B_MSIL2A_20260505T083559_R064_T37UCT_20260505T123805,/Users/korneev/Desktop/water-regime-gis/outputs/imagery/kaa/KAA_КУР-СОЛ-0017-03/2026-05-05/sentinel_analysis.tif
KAA_КУР-СОЛ-0017-03,2026-05-20,-0.103448547423,0.173672020435,0.187289401889,0.258033305407,-0.241526260972,-0.336335688829,S2C_MSIL2A_20260520T083601_R064_T36UYC_20260520T135803,/Users/korneev/Desktop/water-regime-gis/outputs/imagery/kaa/KAA_КУР-СОЛ-0017-03/2026-05-20/sentinel_analysis.tif
KAA_КУР-СОЛ-0017-03,2026-05-22,-0.106136761606,0.174590528011,0.176081269979,0.256369590759,-0.229445889592,-0.327754616737,S2A_MSIL2A_20260522T084501_R064_T37UCT_20260522T134615,/Users/korneev/Desktop/water-regime-gis/outputs/imagery/kaa/KAA_КУР-СОЛ-0017-03/2026-05-22/sentinel_analysis.tif
KAA_КУР-СОЛ-0017-03,2026-06-09,0.262671142817,0.424992769957,0.454420745373,0.563562393188,-0.499594241381,-0.273179411888,S2C_MSIL2A_20260609T083601_R064_T36UYC_20260609T140015,/Users/korneev/Desktop/water-regime-gis/outputs/imagery/kaa/KAA_КУР-СОЛ-0017-03/2026-06-09/sentinel_analysis.tif
KAA_КУР-СОЛ-0017-03,2026-06-11,0.288307666779,0.473018527031,0.496120780706,0.583189666271,-0.524503529072,-0.278756201267,S2A_MSIL2A_20260611T084501_R064_T36UYC_20260611T134710,/Users/korneev/Desktop/water-regime-gis/outputs/imagery/kaa/KAA_КУР-СОЛ-0017-03/2026-06-11/sentinel_analysis.tif
KAA_КУР-СОЛ-0017-03,2026-07-01,0.394164085388,0.543794691563,0.558112382889,0.636902034283,-0.595572769642,-0.263097256422,S2A_MSIL2A_20260701T084501_R064_T36UYC_20260701T134111,/Users/korneev/Desktop/water-regime-gis/outputs/imagery/kaa/KAA_КУР-СОЛ-0017-03/2026-07-01/sentinel_analysis.tif
KAA_КУР-СОЛ-0017-03,2026-07-19,0.31240350008,0.457965642214,0.464987009764,0.579973459244,-0.542031884193,-0.276441723108,S2C_MSIL2A_20260719T083601_R064_T36UYC_20260719T135608,/Users/korneev/Desktop/water-regime-gis/outputs/imagery/kaa/KAA_КУР-СОЛ-0017-03/2026-07-19/sentinel_analysis.tif
KAA_КУР-СОЛ-0017-03,2026-07-31,0.26944822073,0.342235505581,0.399632662535,0.470800995827,-0.435067296028,-0.189548000693,S2A_MSIL2A_20260731T084501_R064_T37UCT_20260731T133010,/Users/korneev/Desktop/water-regime-gis/outputs/imagery/kaa/KAA_КУР-СОЛ-0017-03/2026-07-31/sentinel_analysis.tif
KAA_КУР-СОЛ-0017-03,2026-08-03,0.228571102023,0.312852203846,0.350775778294,0.438302844763,-0.42074483633,-0.212349310517,S2B_MSIL2A_20260803T083559_R064_T36UYC_20260803T123557,/Users/korneev/Desktop/water-regime-gis/outputs/imagery/kaa/KAA_КУР-СОЛ-0017-03/2026-08-03/sentinel_analysis.tif
KAA_КУР-СОЛ-0017-03,2026-08-10,0.061105594039,0.150613367558,0.204494431615,0.246699482203,-0.29631370306,-0.23956283927,S2A_MSIL2A_20260810T083741_R064_T37UCT_20260810T135811,/Users/korneev/Desktop/water-regime-gis/outputs/imagery/kaa/KAA_КУР-СОЛ-0017-03/2026-08-10/sentinel_analysis.tif
KAA_КУР-СОЛ-0019-02,2026-05-05,-0.288322329521,0.0631581768394,0.0572758801281,0.0869956761599,-0.122371770442,-0.396717131138,S2B_MSIL2A_20260505T083559_R064_T37UCT_20260505T123805,/Users/korneev/Desktop/water-regime-gis/outputs/imagery/kaa/KAA_КУР-СОЛ-0019-02/2026-05-05/sentinel_analysis.tif
KAA_КУР-СОЛ-0019-02,2026-05-20,0.0743638500571,0.169571280479,0.152376621962,0.181312337518,-0.161503329873,-0.087770961225,S2C_MSIL2A_20260520T083601_R064_T36UYC_20260520T135803,/Users/korneev/Desktop/water-regime-gis/outputs/imagery/kaa/KAA_КУР-СОЛ-0019-02/2026-05-20/sentinel_analysis.tif
KAA_КУР-СОЛ-0019-02,2026-05-22,-0.279739022255,0.0691632479429,0.0667073428631,0.102619759738,-0.123710006475,-0.389970451593,S2A_MSIL2A_20260522T084501_R064_T37UCT_20260522T134615,/Users/korneev/Desktop/water-regime-gis/outputs/imagery/kaa/KAA_КУР-СОЛ-0019-02/2026-05-22/sentinel_analysis.tif
KAA_КУР-СОЛ-0019-02,2026-06-09,-0.210723459721,0.13561744988,0.13588117063,0.19884134829,-0.211665436625,-0.404427707195,S2C_MSIL2A_20260609T083601_R064_T36UYC_20260609T140015,/Users/korneev/Desktop/water-regime-gis/outputs/imagery/kaa/KAA_КУР-СОЛ-0019-02/2026-06-09/sentinel_analysis.tif
KAA_КУР-СОЛ-0019-02,2026-06-11,-0.170665159822,0.145635157824,0.156029045582,0.211465880275,-0.210472851992,-0.367983371019,S2A_MSIL2A_20260611T084501_R064_T36UYC_20260611T134710,/Users/korneev/Desktop/water-regime-gis/outputs/imagery/kaa/KAA_КУР-СОЛ-0019-02/2026-06-11/sentinel_analysis.tif
KAA_КУР-СОЛ-0019-02,2026-07-01,0.171876192093,0.435849100351,0.507748544216,0.586562037468,-0.521589398384,-0.385480195284,S2A_MSIL2A_20260701T084501_R064_T36UYC_20260701T134111,/Users/korneev/Desktop/water-regime-gis/outputs/imagery/kaa/KAA_КУР-СОЛ-0019-02/2026-07-01/sentinel_analysis.tif
KAA_КУР-СОЛ-0019-02,2026-07-19,0.321975260973,0.532512784004,0.665334999561,0.710274457932,-0.641767919064,-0.403716623783,S2C_MSIL2A_20260719T083601_R064_T36UYC_20260719T135608,/Users/korneev/Desktop/water-regime-gis/outputs/imagery/kaa/KAA_КУР-СОЛ-0019-02/2026-07-19/sentinel_analysis.tif
KAA_КУР-СОЛ-0019-02,2026-07-31,0.350711792707,0.564633905888,0.673871099949,0.694851756096,-0.63687813282,-0.372944891453,S2A_MSIL2A_20260731T084501_R064_T37UCT_20260731T133010,/Users/korneev/Desktop/water-regime-gis/outputs/imagery/kaa/KAA_КУР-СОЛ-0019-02/2026-07-31/sentinel_analysis.tif
KAA_КУР-СОЛ-0019-02,2026-08-03,0.34327045083,0.592604100704,0.666302680969,0.706603884697,-0.653945863247,-0.40090316534,S2B_MSIL2A_20260803T083559_R064_T36UYC_20260803T123557,/Users/korneev/Desktop/water-regime-gis/outputs/imagery/kaa/KAA_КУР-СОЛ-0019-02/2026-08-03/sentinel_analysis.tif
KAA_КУР-СОЛ-0019-02,2026-08-10,0.353401720524,0.590637266636,0.671005964279,0.706076562405,-0.654842495918,-0.392556995153,S2A_MSIL2A_20260810T083741_R064_T37UCT_20260810T135811,/Users/korneev/Desktop/water-regime-gis/outputs/imagery/kaa/KAA_КУР-СОЛ-0019-02/2026-08-10/sentinel_analysis.tif
KAA_КУР-СОЛ-0020-02,2026-05-05,-0.285186141729,0.0579827353358,0.0519143715501,0.0805654451251,-0.113275043666,-0.385990142822,S2B_MSIL2A_20260505T083559_R064_T37UCT_20260505T123805,/Users/korneev/Desktop/water-regime-gis/outputs/imagery/kaa/KAA_КУР-СОЛ-0020-02/2026-05-05/sentinel_analysis.tif
KAA_КУР-СОЛ-0020-02,2026-05-20,-0.105926789343,0.127719283104,0.114781089127,0.160224184394,-0.162718370557,-0.263419866562,S2C_MSIL2A_20260520T083601_R064_T36UYC_20260520T135803,/Users/korneev/Desktop/water-regime-gis/outputs/imagery/kaa/KAA_КУР-СОЛ-0020-02/2026-05-20/sentinel_analysis.tif
KAA_КУР-СОЛ-0020-02,2026-05-22,-0.262068539858,0.0627744868398,0.0643115863204,0.096918694675,-0.116951197386,-0.367030054331,S2A_MSIL2A_20260522T084501_R064_T37UCT_20260522T134615,/Users/korneev/Desktop/water-regime-gis/outputs/imagery/kaa/KAA_КУР-СОЛ-0020-02/2026-05-22/sentinel_analysis.tif
KAA_КУР-СОЛ-0020-02,2026-06-09,-0.259935647249,0.0933173894882,0.0935992076993,0.138089627028,-0.163147494197,-0.406014919281,S2C_MSIL2A_20260609T083601_R064_T36UYC_20260609T140015,/Users/korneev/Desktop/water-regime-gis/outputs/imagery/kaa/KAA_КУР-СОЛ-0020-02/2026-06-09/sentinel_analysis.tif
KAA_КУР-СОЛ-0020-02,2026-06-11,-0.255063146353,0.0915331095457,0.0993635952473,0.140541210771,-0.154884800315,-0.394548535347,S2A_MSIL2A_20260611T084501_R064_T36UYC_20260611T134710,/Users/korneev/Desktop/water-regime-gis/outputs/imagery/kaa/KAA_КУР-СОЛ-0020-02/2026-06-11/sentinel_analysis.tif
KAA_КУР-СОЛ-0020-02,2026-07-01,-0.0909020453691,0.205106407404,0.191021710634,0.276396095753,-0.256250351667,-0.34070071578,S2A_MSIL2A_20260701T084501_R064_T36UYC_20260701T134111,/Users/korneev/Desktop/water-regime-gis/outputs/imagery/kaa/KAA_КУР-СОЛ-0020-02/2026-07-01/sentinel_analysis.tif
KAA_КУР-СОЛ-0020-02,2026-07-19,0.120547458529,0.380560368299,0.373309642076,0.487023085356,-0.448143929243,-0.346880197525,S2C_MSIL2A_20260719T083601_R064_T36UYC_20260719T135608,/Users/korneev/Desktop/water-regime-gis/outputs/imagery/kaa/KAA_КУР-СОЛ-0020-02/2026-07-19/sentinel_analysis.tif
KAA_КУР-СОЛ-0020-02,2026-07-31,0.175738930702,0.376409322023,0.376659542322,0.473846077919,-0.431246250868,-0.277519077063,S2A_MSIL2A_20260731T084501_R064_T37UCT_20260731T133010,/Users/korneev/Desktop/water-regime-gis/outputs/imagery/kaa/KAA_КУР-СОЛ-0020-02/2026-07-31/sentinel_analysis.tif
KAA_КУР-СОЛ-0020-02,2026-08-03,0.142730668187,0.374954849482,0.352886021137,0.464696496725,-0.426825076342,-0.302618205547,S2B_MSIL2A_20260803T083559_R064_T36UYC_20260803T123557,/Users/korneev/Desktop/water-regime-gis/outputs/imagery/kaa/KAA_КУР-СОЛ-0020-02/2026-08-03/sentinel_analysis.tif
KAA_КУР-СОЛ-0020-02,2026-08-10,0.121082790196,0.362906396389,0.360874176025,0.457616657019,-0.424496263266,-0.320143520832,S2A_MSIL2A_20260810T083741_R064_T37UCT_20260810T135811,/Users/korneev/Desktop/water-regime-gis/outputs/imagery/kaa/KAA_КУР-СОЛ-0020-02/2026-08-10/sentinel_analysis.tif
KAA_КУР-СОЛ-0021-02,2026-05-05,-0.28189343214,0.0553448274732,0.0460717529058,0.0753490254283,-0.103497095406,-0.374502748251,S2B_MSIL2A_20260505T083559_R064_T37UCT_20260505T123805,/Users/korneev/Desktop/water-regime-gis/outputs/imagery/kaa/KAA_КУР-СОЛ-0021-02/2026-05-05/sentinel_analysis.tif
KAA_КУР-СОЛ-0021-02,2026-05-20,-0.122138731182,0.152968987823,0.15821634233,0.232425555587,-0.223791256547,-0.336737185717,S2C_MSIL2A_20260520T083601_R064_T36UYC_20260520T135803,/Users/korneev/Desktop/water-regime-gis/outputs/imagery/kaa/KAA_КУР-СОЛ-0021-02/2026-05-20/sentinel_analysis.tif
KAA_КУР-СОЛ-0021-02,2026-05-22,-0.134327977896,0.176643654704,0.187580287457,0.262674629688,-0.243376836181,-0.36578732729,S2A_MSIL2A_20260522T084501_R064_T37UCT_20260522T134615,/Users/korneev/Desktop/water-regime-gis/outputs/imagery/kaa/KAA_КУР-СОЛ-0021-02/2026-05-22/sentinel_analysis.tif
KAA_КУР-СОЛ-0021-02,2026-06-09,0.286696910858,0.439211130142,0.477143377066,0.58049082756,-0.516138494015,-0.269653737545,S2C_MSIL2A_20260609T083601_R064_T36UYC_20260609T140015,/Users/korneev/Desktop/water-regime-gis/outputs/imagery/kaa/KAA_КУР-СОЛ-0021-02/2026-06-09/sentinel_analysis.tif
KAA_КУР-СОЛ-0021-02,2026-06-11,,,,,,,S2A_MSIL2A_20260611T084501_R064_T36UYC_20260611T134710,/Users/korneev/Desktop/water-regime-gis/outputs/imagery/kaa/KAA_КУР-СОЛ-0021-02/2026-06-11/sentinel_analysis.tif
KAA_КУР-СОЛ-0021-02,2026-07-01,0.344420999289,0.448674112558,0.469936162233,0.534044802189,-0.499197155237,-0.189749270678,S2A_MSIL2A_20260701T084501_R064_T36UYC_20260701T134111,/Users/korneev/Desktop/water-regime-gis/outputs/imagery/kaa/KAA_КУР-СОЛ-0021-02/2026-07-01/sentinel_analysis.tif
KAA_КУР-СОЛ-0021-02,2026-07-19,0.357930630445,0.492399811745,0.498492211103,0.607086360455,-0.569150447845,-0.26547279954,S2C_MSIL2A_20260719T083601_R064_T36UYC_20260719T135608,/Users/korneev/Desktop/water-regime-gis/outputs/imagery/kaa/KAA_КУР-СОЛ-0021-02/2026-07-19/sentinel_analysis.tif
KAA_КУР-СОЛ-0021-02,2026-07-31,0.155348181725,0.189328595996,0.240491703153,0.277665317059,-0.249096885324,-0.0972368940711,S2A_MSIL2A_20260731T084501_R064_T37UCT_20260731T133010,/Users/korneev/Desktop/water-regime-gis/outputs/imagery/kaa/KAA_КУР-СОЛ-0021-02/2026-07-31/sentinel_analysis.tif
KAA_КУР-СОЛ-0021-02,2026-08-03,0.279082924128,0.323987424374,0.401482105255,0.469127565622,-0.442572414875,-0.186257824302,S2B_MSIL2A_20260803T083559_R064_T36UYC_20260803T123557,/Users/korneev/Desktop/water-regime-gis/outputs/imagery/kaa/KAA_КУР-СОЛ-0021-02/2026-08-03/sentinel_analysis.tif
KAA_КУР-СОЛ-0021-02,2026-08-10,0.099692068994,0.166421100497,0.238825857639,0.28081291914,-0.33322134614,-0.241457641125,S2A_MSIL2A_20260810T083741_R064_T37UCT_20260810T135811,/Users/korneev/Desktop/water-regime-gis/outputs/imagery/kaa/KAA_КУР-СОЛ-0021-02/2026-08-10/sentinel_analysis.tif
KAA_КУР-СОЛ-0021-03,2026-05-05,-0.276319473982,0.0532334819436,0.0439503006637,0.0723981186748,-0.0999227687716,-0.366133511066,S2B_MSIL2A_20260505T083559_R064_T37UCT_20260505T123805,/Users/korneev/Desktop/water-regime-gis/outputs/imagery/kaa/KAA_КУР-СОЛ-0021-03/2026-05-05/sentinel_analysis.tif
KAA_КУР-СОЛ-0021-03,2026-05-20,-0.17016620934,0.131634756923,0.135387688875,0.201867222786,-0.198724225163,-0.356680631638,S2C_MSIL2A_20260520T083601_R064_T36UYC_20260520T135803,/Users/korneev/Desktop/water-regime-gis/outputs/imagery/kaa/KAA_КУР-СОЛ-0021-03/2026-05-20/sentinel_analysis.tif
KAA_КУР-СОЛ-0021-03,2026-05-22,-0.144750267267,0.159325316548,0.166513428092,0.240899518132,-0.221464946866,-0.354956448078,S2A_MSIL2A_20260522T084501_R064_T37UCT_20260522T134615,/Users/korneev/Desktop/water-regime-gis/outputs/imagery/kaa/KAA_КУР-СОЛ-0021-03/2026-05-22/sentinel_analysis.tif
KAA_КУР-СОЛ-0021-03,2026-06-09,0.313847899437,0.458609551191,0.515142858028,0.610133945942,-0.539185762405,-0.271315693855,S2C_MSIL2A_20260609T083601_R064_T36UYC_20260609T140015,/Users/korneev/Desktop/water-regime-gis/outputs/imagery/kaa/KAA_КУР-СОЛ-0021-03/2026-06-09/sentinel_analysis.tif
KAA_КУР-СОЛ-0021-03,2026-06-11,,,,,,,S2A_MSIL2A_20260611T084501_R064_T36UYC_20260611T134710,/Users/korneev/Desktop/water-regime-gis/outputs/imagery/kaa/KAA_КУР-СОЛ-0021-03/2026-06-11/sentinel_analysis.tif
KAA_КУР-СОЛ-0021-03,2026-07-01,0.453654825687,0.592619895935,0.624395608902,0.678372740746,-0.634516239166,-0.255112856627,S2A_MSIL2A_20260701T084501_R064_T36UYC_20260701T134111,/Users/korneev/Desktop/water-regime-gis/outputs/imagery/kaa/KAA_КУР-СОЛ-0021-03/2026-07-01/sentinel_analysis.tif
KAA_КУР-СОЛ-0021-03,2026-07-19,0.382984548807,0.516107857227,0.522251665592,0.627396166325,-0.588970661163,-0.265999227762,S2C_MSIL2A_20260719T083601_R064_T36UYC_20260719T135608,/Users/korneev/Desktop/water-regime-gis/outputs/imagery/kaa/KAA_КУР-СОЛ-0021-03/2026-07-19/sentinel_analysis.tif
KAA_КУР-СОЛ-0021-03,2026-07-31,,,,,,,S2A_MSIL2A_20260731T084501_R064_T37UCT_20260731T133010,/Users/korneev/Desktop/water-regime-gis/outputs/imagery/kaa/KAA_КУР-СОЛ-0021-03/2026-07-31/sentinel_analysis.tif
KAA_КУР-СОЛ-0021-03,2026-08-03,0.314838260412,0.357459545135,0.44867631793,0.511008024216,-0.473224133253,-0.185920462012,S2B_MSIL2A_20260803T083559_R064_T36UYC_20260803T123557,/Users/korneev/Desktop/water-regime-gis/outputs/imagery/kaa/KAA_КУР-СОЛ-0021-03/2026-08-03/sentinel_analysis.tif
KAA_КУР-СОЛ-0021-03,2026-08-10,0.150225088,0.191550076008,0.284375041723,0.324696391821,-0.36221909523,-0.224037975073,S2A_MSIL2A_20260810T083741_R064_T37UCT_20260810T135811,/Users/korneev/Desktop/water-regime-gis/outputs/imagery/kaa/KAA_КУР-СОЛ-0021-03/2026-08-10/sentinel_analysis.tif
KAA_КУР-СОЛ-0027-02,2026-05-05,-0.272490739822,0.0489296205342,0.0421346835792,0.0684078708291,-0.0927933752537,-0.35628926754,S2B_MSIL2A_20260505T083559_R064_T37UCT_20260505T123805,/Users/korneev/Desktop/water-regime-gis/outputs/imagery/kaa/KAA_КУР-СОЛ-0027-02/2026-05-05/sentinel_analysis.tif
KAA_КУР-СОЛ-0027-02,2026-05-20,-0.258352130651,0.0698720440269,0.0666501820087,0.098550260067,-0.131718993187,-0.377216011286,S2C_MSIL2A_20260520T083601_R064_T36UYC_20260520T135803,/Users/korneev/Desktop/water-regime-gis/outputs/imagery/kaa/KAA_КУР-СОЛ-0027-02/2026-05-20/sentinel_analysis.tif
KAA_КУР-СОЛ-0027-02,2026-05-22,-0.267604202032,0.0571561977267,0.0630080103874,0.0915260091424,-0.118720844388,-0.374410003424,S2A_MSIL2A_20260522T084501_R064_T37UCT_20260522T134615,/Users/korneev/Desktop/water-regime-gis/outputs/imagery/kaa/KAA_КУР-СОЛ-0027-02/2026-05-22/sentinel_analysis.tif
KAA_КУР-СОЛ-0027-02,2026-06-09,-0.26990622282,0.069957062602,0.067720964551,0.100875347853,-0.133136719465,-0.389030873775,S2C_MSIL2A_20260609T083601_R064_T36UYC_20260609T140015,/Users/korneev/Desktop/water-regime-gis/outputs/imagery/kaa/KAA_КУР-СОЛ-0027-02/2026-06-09/sentinel_analysis.tif
KAA_КУР-СОЛ-0027-02,2026-06-11,-0.268338233232,0.0638008117676,0.0725710764527,0.103194601834,-0.130331411958,-0.385188996792,S2A_MSIL2A_20260611T084501_R064_T36UYC_20260611T134710,/Users/korneev/Desktop/water-regime-gis/outputs/imagery/kaa/KAA_КУР-СОЛ-0027-02/2026-06-11/sentinel_analysis.tif
KAA_КУР-СОЛ-0027-02,2026-07-01,-0.0392718240619,0.220746934414,0.257370859385,0.338457018137,-0.304476320744,-0.338941425085,S2A_MSIL2A_20260701T084501_R064_T36UYC_20260701T134111,/Users/korneev/Desktop/water-regime-gis/outputs/imagery/kaa/KAA_КУР-СОЛ-0027-02/2026-07-01/sentinel_analysis.tif
KAA_КУР-СОЛ-0027-02,2026-07-19,0.264004170895,0.392535805702,0.493809610605,0.589860260487,-0.505854487419,-0.279790312052,S2C_MSIL2A_20260719T083601_R064_T36UYC_20260719T135608,/Users/korneev/Desktop/water-regime-gis/outputs/imagery/kaa/KAA_КУР-СОЛ-0027-02/2026-07-19/sentinel_analysis.tif
KAA_КУР-СОЛ-0027-02,2026-07-31,0.314244449139,0.426915079355,0.51225990057,0.585475802422,-0.507290899754,-0.231541335583,S2A_MSIL2A_20260731T084501_R064_T37UCT_20260731T133010,/Users/korneev/Desktop/water-regime-gis/outputs/imagery/kaa/KAA_КУР-СОЛ-0027-02/2026-07-31/sentinel_analysis.tif
KAA_КУР-СОЛ-0027-02,2026-08-03,0.313966810703,0.442888796329,0.498439282179,0.588662207127,-0.5138489604,-0.238314047456,S2B_MSIL2A_20260803T083559_R064_T36UYC_20260803T123557,/Users/korneev/Desktop/water-regime-gis/outputs/imagery/kaa/KAA_КУР-СОЛ-0027-02/2026-08-03/sentinel_analysis.tif
KAA_КУР-СОЛ-0027-02,2026-08-10,0.314023435116,0.400504678488,0.461269378662,0.546781599522,-0.475799977779,-0.189938396215,S2A_MSIL2A_20260810T083741_R064_T37UCT_20260810T135811,/Users/korneev/Desktop/water-regime-gis/outputs/imagery/kaa/KAA_КУР-СОЛ-0027-02/2026-08-10/sentinel_analysis.tif
KAA_КУР-СОЛ-0027-03,2026-05-05,-0.292652100325,0.0610620453954,0.052186910063,0.0834338441491,-0.114440836012,-0.393835842609,S2B_MSIL2A_20260505T083559_R064_T37UCT_20260505T123805,/Users/korneev/Desktop/water-regime-gis/outputs/imagery/kaa/KAA_КУР-СОЛ-0027-03/2026-05-05/sentinel_analysis.tif
KAA_КУР-СОЛ-0027-03,2026-05-20,-0.246276065707,0.0812663957477,0.0780516713858,0.116828657687,-0.149092331529,-0.381246864796,S2C_MSIL2A_20260520T083601_R064_T36UYC_20260520T135803,/Users/korneev/Desktop/water-regime-gis/outputs/imagery/kaa/KAA_КУР-СОЛ-0027-03/2026-05-20/sentinel_analysis.tif
KAA_КУР-СОЛ-0027-03,2026-05-22,-0.243219360709,0.0829544886947,0.0855166912079,0.128827616572,-0.145670264959,-0.37529861927,S2A_MSIL2A_20260522T084501_R064_T37UCT_20260522T134615,/Users/korneev/Desktop/water-regime-gis/outputs/imagery/kaa/KAA_КУР-СОЛ-0027-03/2026-05-22/sentinel_analysis.tif
KAA_КУР-СОЛ-0027-03,2026-06-09,0.166129246354,0.313417673111,0.393467754126,0.479766905308,-0.418605983257,-0.27125737071,S2C_MSIL2A_20260609T083601_R064_T36UYC_20260609T140015,/Users/korneev/Desktop/water-regime-gis/outputs/imagery/kaa/KAA_КУР-СОЛ-0027-03/2026-06-09/sentinel_analysis.tif
KAA_КУР-СОЛ-0027-03,2026-06-11,0.19252884388,0.356625944376,0.426660269499,0.500295221806,-0.437998861074,-0.268035173416,S2A_MSIL2A_20260611T084501_R064_T36UYC_20260611T134710,/Users/korneev/Desktop/water-regime-gis/outputs/imagery/kaa/KAA_КУР-СОЛ-0027-03/2026-06-11/sentinel_analysis.tif
KAA_КУР-СОЛ-0027-03,2026-07-01,0.387848615646,0.43149343133,0.509534299374,0.5494582057,-0.496879458427,-0.135806679726,S2A_MSIL2A_20260701T084501_R064_T36UYC_20260701T134111,/Users/korneev/Desktop/water-regime-gis/outputs/imagery/kaa/KAA_КУР-СОЛ-0027-03/2026-07-01/sentinel_analysis.tif
KAA_КУР-СОЛ-0027-03,2026-07-19,0.493915468454,0.437371343374,0.574257433414,0.634996533394,-0.547761142254,-0.0717139169574,S2C_MSIL2A_20260719T083601_R064_T36UYC_20260719T135608,/Users/korneev/Desktop/water-regime-gis/outputs/imagery/kaa/KAA_КУР-СОЛ-0027-03/2026-07-19/sentinel_analysis.tif
KAA_КУР-СОЛ-0027-03,2026-07-31,0.386319041252,0.375859081745,0.498182088137,0.567870855331,-0.477881222963,-0.111514292657,S2A_MSIL2A_20260731T084501_R064_T37UCT_20260731T133010,/Users/korneev/Desktop/water-regime-gis/outputs/imagery/kaa/KAA_КУР-СОЛ-0027-03/2026-07-31/sentinel_analysis.tif
KAA_КУР-СОЛ-0027-03,2026-08-03,0.301902770996,0.341266274452,0.428160965443,0.510129749775,-0.435867577791,-0.153616547585,S2B_MSIL2A_20260803T083559_R064_T36UYC_20260803T123557,/Users/korneev/Desktop/water-regime-gis/outputs/imagery/kaa/KAA_КУР-СОЛ-0027-03/2026-08-03/sentinel_analysis.tif
KAA_КУР-СОЛ-0027-03,2026-08-10,0.260409653187,0.27559030056,0.368429511786,0.453522354364,-0.384021103382,-0.137467831373,S2A_MSIL2A_20260810T083741_R064_T37UCT_20260810T135811,/Users/korneev/Desktop/water-regime-gis/outputs/imagery/kaa/KAA_КУР-СОЛ-0027-03/2026-08-10/sentinel_analysis.tif
KAA_КУР-СОЛ-0028-02,2026-05-05,-0.283443808556,0.0525848791003,0.0447571240366,0.0720974206924,-0.0991913080215,-0.372036486864,S2B_MSIL2A_20260505T083559_R064_T37UCT_20260505T123805,/Users/korneev/Desktop/water-regime-gis/outputs/imagery/kaa/KAA_КУР-СОЛ-0028-02/2026-05-05/sentinel_analysis.tif
KAA_КУР-СОЛ-0028-02,2026-05-20,-0.219244047999,0.0877845808864,0.0886299014091,0.125111475587,-0.150590389967,-0.358017325401,S2C_MSIL2A_20260520T083601_R064_T36UYC_20260520T135803,/Users/korneev/Desktop/water-regime-gis/outputs/imagery/kaa/KAA_КУР-СОЛ-0028-02/2026-05-20/sentinel_analysis.tif
KAA_КУР-СОЛ-0028-02,2026-05-22,-0.241805270314,0.0690097436309,0.0737297162414,0.109886400402,-0.125159680843,-0.356144666672,S2A_MSIL2A_20260522T084501_R064_T37UCT_20260522T134615,/Users/korneev/Desktop/water-regime-gis/outputs/imagery/kaa/KAA_КУР-СОЛ-0028-02/2026-05-22/sentinel_analysis.tif
KAA_КУР-СОЛ-0028-02,2026-06-09,0.0752073675394,0.263091534376,0.320321619511,0.401986062527,-0.358364522457,-0.292611688375,S2C_MSIL2A_20260609T083601_R064_T36UYC_20260609T140015,/Users/korneev/Desktop/water-regime-gis/outputs/imagery/kaa/KAA_КУР-СОЛ-0028-02/2026-06-09/sentinel_analysis.tif
KAA_КУР-СОЛ-0028-02,2026-06-11,0.112282730639,0.297564566135,0.354184120893,0.422217816114,-0.379481703043,-0.279711306095,S2A_MSIL2A_20260611T084501_R064_T36UYC_20260611T134710,/Users/korneev/Desktop/water-regime-gis/outputs/imagery/kaa/KAA_КУР-СОЛ-0028-02/2026-06-11/sentinel_analysis.tif
KAA_КУР-СОЛ-0028-02,2026-07-01,0.33354818821,0.39430770278,0.476299673319,0.529187738895,-0.467767119408,-0.155079752207,S2A_MSIL2A_20260701T084501_R064_T36UYC_20260701T134111,/Users/korneev/Desktop/water-regime-gis/outputs/imagery/kaa/KAA_КУР-СОЛ-0028-02/2026-07-01/sentinel_analysis.tif
KAA_КУР-СОЛ-0028-02,2026-07-19,0.43694037199,0.435171872377,0.567125141621,0.636470198631,-0.55053704977,-0.146917521954,S2C_MSIL2A_20260719T083601_R064_T36UYC_20260719T135608,/Users/korneev/Desktop/water-regime-gis/outputs/imagery/kaa/KAA_КУР-СОЛ-0028-02/2026-07-19/sentinel_analysis.tif
KAA_КУР-СОЛ-0028-02,2026-07-31,0.341592341661,0.395322531462,0.49592885375,0.568385541439,-0.490549743176,-0.1858099401,S2A_MSIL2A_20260731T084501_R064_T37UCT_20260731T133010,/Users/korneev/Desktop/water-regime-gis/outputs/imagery/kaa/KAA_КУР-СОЛ-0028-02/2026-07-31/sentinel_analysis.tif
KAA_КУР-СОЛ-0028-02,2026-08-03,0.284416764975,0.374339967966,0.452831298113,0.531511187553,-0.466218590736,-0.215977832675,S2B_MSIL2A_20260803T083559_R064_T36UYC_20260803T123557,/Users/korneev/Desktop/water-regime-gis/outputs/imagery/kaa/KAA_КУР-СОЛ-0028-02/2026-08-03/sentinel_analysis.tif
KAA_КУР-СОЛ-0028-02,2026-08-10,0.251993060112,0.332774072886,0.428599566221,0.501359939575,-0.441848367453,-0.22161449492,S2A_MSIL2A_20260810T083741_R064_T37UCT_20260810T135811,/Users/korneev/Desktop/water-regime-gis/outputs/imagery/kaa/KAA_КУР-СОЛ-0028-02/2026-08-10/sentinel_analysis.tif
KAA_КУР-СОЛ-0029-1,2026-05-05,-0.269586324692,0.0477306768298,0.0436574406922,0.0680171102285,-0.0963599905372,-0.356690496206,S2B_MSIL2A_20260505T083559_R064_T37UCT_20260505T123805,/Users/korneev/Desktop/water-regime-gis/outputs/imagery/kaa/KAA_КУР-СОЛ-0029-1/2026-05-05/sentinel_analysis.tif
KAA_КУР-СОЛ-0029-1,2026-05-20,-0.24374717474,0.0795364230871,0.0709536001086,0.109097190201,-0.132429093122,-0.364479959011,S2C_MSIL2A_20260520T083601_R064_T36UYC_20260520T135803,/Users/korneev/Desktop/water-regime-gis/outputs/imagery/kaa/KAA_КУР-СОЛ-0029-1/2026-05-20/sentinel_analysis.tif
KAA_КУР-СОЛ-0029-1,2026-05-22,-0.187782675028,0.0664127469063,0.0681015774608,0.0995449200273,-0.101010277867,-0.283520281315,S2A_MSIL2A_20260522T084501_R064_T37UCT_20260522T134615,/Users/korneev/Desktop/water-regime-gis/outputs/imagery/kaa/KAA_КУР-СОЛ-0029-1/2026-05-22/sentinel_analysis.tif
KAA_КУР-СОЛ-0029-1,2026-06-09,-0.228825315833,0.0925305187702,0.0882193595171,0.135247856379,-0.150813892484,-0.366988092661,S2C_MSIL2A_20260609T083601_R064_T36UYC_20260609T140015,/Users/korneev/Desktop/water-regime-gis/outputs/imagery/kaa/KAA_КУР-СОЛ-0029-1/2026-06-09/sentinel_analysis.tif
KAA_КУР-СОЛ-0029-1,2026-06-11,-0.233692839742,0.101015046239,0.104660831392,0.153106689453,-0.167172625661,-0.38580930233,S2A_MSIL2A_20260611T084501_R064_T36UYC_20260611T134710,/Users/korneev/Desktop/water-regime-gis/outputs/imagery/kaa/KAA_КУР-СОЛ-0029-1/2026-06-11/sentinel_analysis.tif
KAA_КУР-СОЛ-0029-1,2026-07-01,0.082183457911,0.31392121315,0.303048580885,0.395539104939,-0.360526323318,-0.286964803934,S2A_MSIL2A_20260701T084501_R064_T36UYC_20260701T134111,/Users/korneev/Desktop/water-regime-gis/outputs/imagery/kaa/KAA_КУР-СОЛ-0029-1/2026-07-01/sentinel_analysis.tif
KAA_КУР-СОЛ-0029-1,2026-07-19,0.216506585479,0.429884880781,0.431505382061,0.542710483074,-0.497656464577,-0.315360188484,S2C_MSIL2A_20260719T083601_R064_T36UYC_20260719T135608,/Users/korneev/Desktop/water-regime-gis/outputs/imagery/kaa/KAA_КУР-СОЛ-0029-1/2026-07-19/sentinel_analysis.tif
KAA_КУР-СОЛ-0029-1,2026-07-31,0.184939265251,0.349128782749,0.361431896687,0.438277125359,-0.405075132847,-0.239737093449,S2A_MSIL2A_20260731T084501_R064_T37UCT_20260731T133010,/Users/korneev/Desktop/water-regime-gis/outputs/imagery/kaa/KAA_КУР-СОЛ-0029-1/2026-07-31/sentinel_analysis.tif
KAA_КУР-СОЛ-0029-1,2026-08-03,0.197348326445,0.413646906614,0.385731607676,0.500240147114,-0.46195229888,-0.291243910789,S2B_MSIL2A_20260803T083559_R064_T36UYC_20260803T123557,/Users/korneev/Desktop/water-regime-gis/outputs/imagery/kaa/KAA_КУР-СОЛ-0029-1/2026-08-03/sentinel_analysis.tif
KAA_КУР-СОЛ-0029-1,2026-08-10,0.0922447964549,0.271111309528,0.304782211781,0.352951794863,-0.354003578424,-0.271139979362,S2A_MSIL2A_20260810T083741_R064_T37UCT_20260810T135811,/Users/korneev/Desktop/water-regime-gis/outputs/imagery/kaa/KAA_КУР-СОЛ-0029-1/2026-08-10/sentinel_analysis.tif
KAA_КУР-СОЛ-0029-12,2026-05-05,-0.265529841185,0.0523522980511,0.0510977655649,0.0764687880874,-0.109629295766,-0.364561378956,S2B_MSIL2A_20260505T083559_R064_T37UCT_20260505T123805,/Users/korneev/Desktop/water-regime-gis/outputs/imagery/kaa/KAA_КУР-СОЛ-0029-12/2026-05-05/sentinel_analysis.tif
KAA_КУР-СОЛ-0029-12,2026-05-20,-0.249047979712,0.0732835829258,0.0696447268128,0.1039525792,-0.133184105158,-0.369906067848,S2C_MSIL2A_20260520T083601_R064_T36UYC_20260520T135803,/Users/korneev/Desktop/water-regime-gis/outputs/imagery/kaa/KAA_КУР-СОЛ-0029-12/2026-05-20/sentinel_analysis.tif
KAA_КУР-СОЛ-0029-12,2026-05-22,-0.232965797186,0.0693569779396,0.0700287520885,0.102238982916,-0.112934611738,-0.336953371763,S2A_MSIL2A_20260522T084501_R064_T37UCT_20260522T134615,/Users/korneev/Desktop/water-regime-gis/outputs/imagery/kaa/KAA_КУР-СОЛ-0029-12/2026-05-22/sentinel_analysis.tif
KAA_КУР-СОЛ-0029-12,2026-06-09,-0.230944052339,0.0884446576238,0.0914858654141,0.133003264666,-0.155219659209,-0.37273272872,S2C_MSIL2A_20260609T083601_R064_T36UYC_20260609T140015,/Users/korneev/Desktop/water-regime-gis/outputs/imagery/kaa/KAA_КУР-СОЛ-0029-12/2026-06-09/sentinel_analysis.tif
KAA_КУР-СОЛ-0029-12,2026-06-11,-0.192717015743,0.0809991359711,0.0980195477605,0.133528664708,-0.154249444604,-0.336538016796,S2A_MSIL2A_20260611T084501_R064_T36UYC_20260611T134710,/Users/korneev/Desktop/water-regime-gis/outputs/imagery/kaa/KAA_КУР-СОЛ-0029-12/2026-06-11/sentinel_analysis.tif
KAA_КУР-СОЛ-0029-12,2026-07-01,0.0469132475555,0.216524943709,0.239971354604,0.28242868185,-0.255444973707,-0.211004540324,S2A_MSIL2A_20260701T084501_R064_T36UYC_20260701T134111,/Users/korneev/Desktop/water-regime-gis/outputs/imagery/kaa/KAA_КУР-СОЛ-0029-12/2026-07-01/sentinel_analysis.tif
KAA_КУР-СОЛ-0029-12,2026-07-19,0.265342533588,0.471858680248,0.475173681974,0.585655987263,-0.532661497593,-0.311793237925,S2C_MSIL2A_20260719T083601_R064_T36UYC_20260719T135608,/Users/korneev/Desktop/water-regime-gis/outputs/imagery/kaa/KAA_КУР-СОЛ-0029-12/2026-07-19/sentinel_analysis.tif
KAA_КУР-СОЛ-0029-12,2026-07-31,0.258513242006,0.407664269209,0.41729837656,0.503121256828,-0.460466533899,-0.231836363673,S2A_MSIL2A_20260731T084501_R064_T37UCT_20260731T133010,/Users/korneev/Desktop/water-regime-gis/outputs/imagery/kaa/KAA_КУР-СОЛ-0029-12/2026-07-31/sentinel_analysis.tif
KAA_КУР-СОЛ-0029-12,2026-08-03,0.242438241839,0.441260963678,0.426636993885,0.534194588661,-0.489885896444,-0.280933648348,S2B_MSIL2A_20260803T083559_R064_T36UYC_20260803T123557,/Users/korneev/Desktop/water-regime-gis/outputs/imagery/kaa/KAA_КУР-СОЛ-0029-12/2026-08-03/sentinel_analysis.tif
KAA_КУР-СОЛ-0029-12,2026-08-10,0.161326274276,0.357727140188,0.389208674431,0.453605204821,-0.425612539053,-0.284415453672,S2A_MSIL2A_20260810T083741_R064_T37UCT_20260810T135811,/Users/korneev/Desktop/water-regime-gis/outputs/imagery/kaa/KAA_КУР-СОЛ-0029-12/2026-08-10/sentinel_analysis.tif
KAA_КУР-СОЛ-0030-02,2026-05-05,-0.271346002817,0.0557354725897,0.0575833171606,0.0807451531291,-0.121086336672,-0.379914820194,S2B_MSIL2A_20260505T083559_R064_T37UCT_20260505T123805,/Users/korneev/Desktop/water-regime-gis/outputs/imagery/kaa/KAA_КУР-СОЛ-0030-02/2026-05-05/sentinel_analysis.tif
KAA_КУР-СОЛ-0030-02,2026-05-20,-0.249884292483,0.0749563872814,0.0701916217804,0.104200594127,-0.132949948311,-0.370413094759,S2C_MSIL2A_20260520T083601_R064_T36UYC_20260520T135803,/Users/korneev/Desktop/water-regime-gis/outputs/imagery/kaa/KAA_КУР-СОЛ-0030-02/2026-05-20/sentinel_analysis.tif
KAA_КУР-СОЛ-0030-02,2026-05-22,-0.273836910725,0.0649081543088,0.0702319219708,0.100893653929,-0.129942983389,-0.389809936285,S2A_MSIL2A_20260522T084501_R064_T37UCT_20260522T134615,/Users/korneev/Desktop/water-regime-gis/outputs/imagery/kaa/KAA_КУР-СОЛ-0030-02/2026-05-22/sentinel_analysis.tif
KAA_КУР-СОЛ-0030-02,2026-06-09,-0.182343885303,0.146948605776,0.151379048824,0.213376760483,-0.224532827735,-0.390978306532,S2C_MSIL2A_20260609T083601_R064_T36UYC_20260609T140015,/Users/korneev/Desktop/water-regime-gis/outputs/imagery/kaa/KAA_КУР-СОЛ-0030-02/2026-06-09/sentinel_analysis.tif
KAA_КУР-СОЛ-0030-02,2026-06-11,-0.173761963844,0.159279003739,0.165248215199,0.226642221212,-0.231627196074,-0.389859378338,S2A_MSIL2A_20260611T084501_R064_T36UYC_20260611T134710,/Users/korneev/Desktop/water-regime-gis/outputs/imagery/kaa/KAA_КУР-СОЛ-0030-02/2026-06-11/sentinel_analysis.tif
KAA_КУР-СОЛ-0030-02,2026-07-01,0.198735773563,0.462554842234,0.529062271118,0.605968534946,-0.544235646725,-0.388538807631,S2A_MSIL2A_20260701T084501_R064_T36UYC_20260701T134111,/Users/korneev/Desktop/water-regime-gis/outputs/imagery/kaa/KAA_КУР-СОЛ-0030-02/2026-07-01/sentinel_analysis.tif
KAA_КУР-СОЛ-0030-02,2026-07-19,0.346929341555,0.545165538788,0.664108932018,0.711641430855,-0.649953424931,-0.391831159592,S2C_MSIL2A_20260719T083601_R064_T36UYC_20260719T135608,/Users/korneev/Desktop/water-regime-gis/outputs/imagery/kaa/KAA_КУР-СОЛ-0030-02/2026-07-19/sentinel_analysis.tif
KAA_КУР-СОЛ-0030-02,2026-07-31,0.353853911161,0.560784578323,0.633203029633,0.683509707451,-0.632098734379,-0.361532837152,S2A_MSIL2A_20260731T084501_R064_T37UCT_20260731T133010,/Users/korneev/Desktop/water-regime-gis/outputs/imagery/kaa/KAA_КУР-СОЛ-0030-02/2026-07-31/sentinel_analysis.tif
KAA_КУР-СОЛ-0030-02,2026-08-03,0.359709739685,0.586997866631,0.652524769306,0.700735032558,-0.649696171284,-0.378893703222,S2B_MSIL2A_20260803T083559_R064_T36UYC_20260803T123557,/Users/korneev/Desktop/water-regime-gis/outputs/imagery/kaa/KAA_КУР-СОЛ-0030-02/2026-08-03/sentinel_analysis.tif
KAA_КУР-СОЛ-0030-02,2026-08-10,0.363109439611,0.571509301662,0.656310200691,0.698150753975,-0.641336202621,-0.363244861364,S2A_MSIL2A_20260810T083741_R064_T37UCT_20260810T135811,/Users/korneev/Desktop/water-regime-gis/outputs/imagery/kaa/KAA_КУР-СОЛ-0030-02/2026-08-10/sentinel_analysis.tif
KAA_КУР-СОЛ-0031-2,2026-05-05,-0.255016505718,0.0515468455851,0.0485406145453,0.0741826668382,-0.104979306459,-0.35055488348,S2B_MSIL2A_20260505T083559_R064_T37UCT_20260505T123805,/Users/korneev/Desktop/water-regime-gis/outputs/imagery/kaa/KAA_КУР-СОЛ-0031-2/2026-05-05/sentinel_analysis.tif
KAA_КУР-СОЛ-0031-2,2026-05-20,-0.0806462019682,0.182624533772,0.202820152044,0.279469966888,-0.256323039532,-0.330590814352,S2C_MSIL2A_20260520T083601_R064_T36UYC_20260520T135803,/Users/korneev/Desktop/water-regime-gis/outputs/imagery/kaa/KAA_КУР-СОЛ-0031-2/2026-05-20/sentinel_analysis.tif
KAA_КУР-СОЛ-0031-2,2026-05-22,-0.0495257861912,0.197676390409,0.215607747436,0.289555877447,-0.256514906883,-0.30251827836,S2A_MSIL2A_20260522T084501_R064_T37UCT_20260522T134615,/Users/korneev/Desktop/water-regime-gis/outputs/imagery/kaa/KAA_КУР-СОЛ-0031-2/2026-05-22/sentinel_analysis.tif
KAA_КУР-СОЛ-0031-2,2026-06-09,0.274204641581,0.438787192106,0.474087357521,0.574239730835,-0.515185952187,-0.281191021204,S2C_MSIL2A_20260609T083601_R064_T36UYC_20260609T140015,/Users/korneev/Desktop/water-regime-gis/outputs/imagery/kaa/KAA_КУР-СОЛ-0031-2/2026-06-09/sentinel_analysis.tif
KAA_КУР-СОЛ-0031-2,2026-06-11,0.30918598175,0.477251142263,0.49380466342,0.585204362869,-0.530491948128,-0.265113145113,S2A_MSIL2A_20260611T084501_R064_T36UYC_20260611T134710,/Users/korneev/Desktop/water-regime-gis/outputs/imagery/kaa/KAA_КУР-СОЛ-0031-2/2026-06-11/sentinel_analysis.tif
KAA_КУР-СОЛ-0031-2,2026-07-01,0.341038733721,0.485935300589,0.4641456604,0.566764712334,-0.531440556049,-0.234109595418,S2A_MSIL2A_20260701T084501_R064_T36UYC_20260701T134111,/Users/korneev/Desktop/water-regime-gis/outputs/imagery/kaa/KAA_КУР-СОЛ-0031-2/2026-07-01/sentinel_analysis.tif
KAA_КУР-СОЛ-0031-2,2026-07-19,0.28219345212,0.409713029861,0.419932365417,0.531390070915,-0.496540278196,-0.249973595142,S2C_MSIL2A_20260719T083601_R064_T36UYC_20260719T135608,/Users/korneev/Desktop/water-regime-gis/outputs/imagery/kaa/KAA_КУР-СОЛ-0031-2/2026-07-19/sentinel_analysis.tif
KAA_КУР-СОЛ-0031-2,2026-07-31,0.178571656346,0.217384114861,0.288223713636,0.351326853037,-0.355948358774,-0.189237713814,S2A_MSIL2A_20260731T084501_R064_T37UCT_20260731T133010,/Users/korneev/Desktop/water-regime-gis/outputs/imagery/kaa/KAA_КУР-СОЛ-0031-2/2026-07-31/sentinel_analysis.tif
KAA_КУР-СОЛ-0031-2,2026-08-03,0.0930465906858,0.173952504992,0.206488057971,0.27156201005,-0.303848862648,-0.21720033884,S2B_MSIL2A_20260803T083559_R064_T36UYC_20260803T123557,/Users/korneev/Desktop/water-regime-gis/outputs/imagery/kaa/KAA_КУР-СОЛ-0031-2/2026-08-03/sentinel_analysis.tif
KAA_КУР-СОЛ-0031-2,2026-08-10,,,,,,,S2A_MSIL2A_20260810T083741_R064_T37UCT_20260810T135811,/Users/korneev/Desktop/water-regime-gis/outputs/imagery/kaa/KAA_КУР-СОЛ-0031-2/2026-08-10/sentinel_analysis.tif
KAA_КУР-СОЛ-0031-3,2026-05-05,-0.26006129384,0.0458272695541,0.0412215143442,0.0652902573347,-0.0915487334132,-0.343442827463,S2B_MSIL2A_20260505T083559_R064_T37UCT_20260505T123805,/Users/korneev/Desktop/water-regime-gis/outputs/imagery/kaa/KAA_КУР-СОЛ-0031-3/2026-05-05/sentinel_analysis.tif
KAA_КУР-СОЛ-0031-3,2026-05-20,-0.0212138760835,0.225208938122,0.248408898711,0.342590987682,-0.299039840698,-0.318363398314,S2C_MSIL2A_20260520T083601_R064_T36UYC_20260520T135803,/Users/korneev/Desktop/water-regime-gis/outputs/imagery/kaa/KAA_КУР-СОЛ-0031-3/2026-05-20/sentinel_analysis.tif
KAA_КУР-СОЛ-0031-3,2026-05-22,0.0280454233289,0.254341304302,0.275563895702,0.365896522999,-0.313136935234,-0.287771850824,S2A_MSIL2A_20260522T084501_R064_T37UCT_20260522T134615,/Users/korneev/Desktop/water-regime-gis/outputs/imagery/kaa/KAA_КУР-СОЛ-0031-3/2026-05-22/sentinel_analysis.tif
KAA_КУР-СОЛ-0031-3,2026-06-09,0.285908192396,0.453332126141,0.512976944447,0.602490186691,-0.535836219788,-0.295645296574,S2C_MSIL2A_20260609T083601_R064_T36UYC_20260609T140015,/Users/korneev/Desktop/water-regime-gis/outputs/imagery/kaa/KAA_КУР-СОЛ-0031-3/2026-06-09/sentinel_analysis.tif
KAA_КУР-СОЛ-0031-3,2026-06-11,0.317875295877,0.479348778725,0.511034607887,0.595893740654,-0.536676645279,-0.264427483082,S2A_MSIL2A_20260611T084501_R064_T36UYC_20260611T134710,/Users/korneev/Desktop/water-regime-gis/outputs/imagery/kaa/KAA_КУР-СОЛ-0031-3/2026-06-11/sentinel_analysis.tif
KAA_КУР-СОЛ-0031-3,2026-07-01,0.292666137218,0.438733607531,0.416008025408,0.520940124989,-0.487595796585,-0.228273466229,S2A_MSIL2A_20260701T084501_R064_T36UYC_20260701T134111,/Users/korneev/Desktop/water-regime-gis/outputs/imagery/kaa/KAA_КУР-СОЛ-0031-3/2026-07-01/sentinel_analysis.tif
KAA_КУР-СОЛ-0031-3,2026-07-19,0.21167999506,0.327717423439,0.343092083931,0.452333271503,-0.425402879715,-0.235147118568,S2C_MSIL2A_20260719T083601_R064_T36UYC_20260719T135608,/Users/korneev/Desktop/water-regime-gis/outputs/imagery/kaa/KAA_КУР-СОЛ-0031-3/2026-07-19/sentinel_analysis.tif
KAA_КУР-СОЛ-0031-3,2026-07-31,0.102277137339,0.125083476305,0.202223569155,0.240611985326,-0.277217626572,-0.179648429155,S2A_MSIL2A_20260731T084501_R064_T37UCT_20260731T133010,/Users/korneev/Desktop/water-regime-gis/outputs/imagery/kaa/KAA_КУР-СОЛ-0031-3/2026-07-31/sentinel_analysis.tif
KAA_КУР-СОЛ-0031-3,2026-08-03,-0.00390276382677,0.0951067432761,0.124883949757,0.163127347827,-0.235052034259,-0.238714993,S2B_MSIL2A_20260803T083559_R064_T36UYC_20260803T123557,/Users/korneev/Desktop/water-regime-gis/outputs/imagery/kaa/KAA_КУР-СОЛ-0031-3/2026-08-03/sentinel_analysis.tif
KAA_КУР-СОЛ-0031-3,2026-08-10,,,,,,,S2A_MSIL2A_20260810T083741_R064_T37UCT_20260810T135811,/Users/korneev/Desktop/water-regime-gis/outputs/imagery/kaa/KAA_КУР-СОЛ-0031-3/2026-08-10/sentinel_analysis.tif
KAA_КУР-СОЛ-0032-02,2026-05-05,-0.288203090429,0.0573180690408,0.051721803844,0.0797221213579,-0.11464574188,-0.389967978001,S2B_MSIL2A_20260505T083559_R064_T37UCT_20260505T123805,/Users/korneev/Desktop/water-regime-gis/outputs/imagery/kaa/KAA_КУР-СОЛ-0032-02/2026-05-05/sentinel_analysis.tif
KAA_КУР-СОЛ-0032-02,2026-05-20,-0.271783649921,0.0750228241086,0.0652354881167,0.10266546905,-0.133064702153,-0.390723735094,S2C_MSIL2A_20260520T083601_R064_T36UYC_20260520T135803,/Users/korneev/Desktop/water-regime-gis/outputs/imagery/kaa/KAA_КУР-СОЛ-0032-02/2026-05-20/sentinel_analysis.tif
KAA_КУР-СОЛ-0032-02,2026-05-22,-0.248523905873,0.0682746767998,0.0700762346387,0.10503898561,-0.12500987947,-0.362328201532,S2A_MSIL2A_20260522T084501_R064_T37UCT_20260522T134615,/Users/korneev/Desktop/water-regime-gis/outputs/imagery/kaa/KAA_КУР-СОЛ-0032-02/2026-05-22/sentinel_analysis.tif
KAA_КУР-СОЛ-0032-02,2026-06-09,-0.150893181562,0.169424816966,0.170760914683,0.250802606344,-0.24669675529,-0.38342961669,S2C_MSIL2A_20260609T083601_R064_T36UYC_20260609T140015,/Users/korneev/Desktop/water-regime-gis/outputs/imagery/kaa/KAA_КУР-СОЛ-0032-02/2026-06-09/sentinel_analysis.tif
KAA_КУР-СОЛ-0032-02,2026-06-11,-0.124829702079,0.189158648252,0.195144608617,0.277159959078,-0.262910932302,-0.375575900078,S2A_MSIL2A_20260611T084501_R064_T36UYC_20260611T134710,/Users/korneev/Desktop/water-regime-gis/outputs/imagery/kaa/KAA_КУР-СОЛ-0032-02/2026-06-11/sentinel_analysis.tif
KAA_КУР-СОЛ-0032-02,2026-07-01,0.210039913654,0.43892788887,0.489057451487,0.574950575829,-0.514928281307,-0.343484163284,S2A_MSIL2A_20260701T084501_R064_T36UYC_20260701T134111,/Users/korneev/Desktop/water-regime-gis/outputs/imagery/kaa/KAA_КУР-СОЛ-0032-02/2026-07-01/sentinel_analysis.tif
KAA_КУР-СОЛ-0032-02,2026-07-19,0.354178100824,0.548285841942,0.669027268887,0.713389456272,-0.653429210186,-0.389923870564,S2C_MSIL2A_20260719T083601_R064_T36UYC_20260719T135608,/Users/korneev/Desktop/water-regime-gis/outputs/imagery/kaa/KAA_КУР-СОЛ-0032-02/2026-07-19/sentinel_analysis.tif
KAA_КУР-СОЛ-0032-02,2026-07-31,0.366827309132,0.598146438599,0.694139719009,0.725285410881,-0.670465409756,-0.402856260538,S2A_MSIL2A_20260731T084501_R064_T37UCT_20260731T133010,/Users/korneev/Desktop/water-regime-gis/outputs/imagery/kaa/KAA_КУР-СОЛ-0032-02/2026-07-31/sentinel_analysis.tif
KAA_КУР-СОЛ-0032-02,2026-08-03,0.361650407314,0.594479262829,0.65901350975,0.705573737621,-0.655353188515,-0.385081261396,S2B_MSIL2A_20260803T083559_R064_T36UYC_20260803T123557,/Users/korneev/Desktop/water-regime-gis/outputs/imagery/kaa/KAA_КУР-СОЛ-0032-02/2026-08-03/sentinel_analysis.tif
KAA_КУР-СОЛ-0032-02,2026-08-10,0.371492058039,0.586252510548,0.675017118454,0.704815864563,-0.651318371296,-0.369552373886,S2A_MSIL2A_20260810T083741_R064_T37UCT_20260810T135811,/Users/korneev/Desktop/water-regime-gis/outputs/imagery/kaa/KAA_КУР-СОЛ-0032-02/2026-08-10/sentinel_analysis.tif
KAA_КУР-СОЛ-0036-02,2026-05-05,-0.28375095129,0.0526528581977,0.0478670708835,0.0742530226707,-0.106038197875,-0.378397971392,S2B_MSIL2A_20260505T083559_R064_T37UCT_20260505T123805,/Users/korneev/Desktop/water-regime-gis/outputs/imagery/kaa/KAA_КУР-СОЛ-0036-02/2026-05-05/sentinel_analysis.tif
KAA_КУР-СОЛ-0036-02,2026-05-20,-0.2526499331,0.0761676579714,0.0681138262153,0.103474088013,-0.129110321403,-0.369683265686,S2C_MSIL2A_20260520T083601_R064_T36UYC_20260520T135803,/Users/korneev/Desktop/water-regime-gis/outputs/imagery/kaa/KAA_КУР-СОЛ-0036-02/2026-05-20/sentinel_analysis.tif
KAA_КУР-СОЛ-0036-02,2026-05-22,-0.266006737947,0.0572261698544,0.0596711486578,0.0906333178282,-0.113928169012,-0.368790686131,S2A_MSIL2A_20260522T084501_R064_T37UCT_20260522T134615,/Users/korneev/Desktop/water-regime-gis/outputs/imagery/kaa/KAA_КУР-СОЛ-0036-02/2026-05-22/sentinel_analysis.tif
KAA_КУР-СОЛ-0036-02,2026-06-09,-0.266744971275,0.0738977715373,0.0707466006279,0.109351828694,-0.136473447084,-0.38904902339,S2C_MSIL2A_20260609T083601_R064_T36UYC_20260609T140015,/Users/korneev/Desktop/water-regime-gis/outputs/imagery/kaa/KAA_КУР-СОЛ-0036-02/2026-06-09/sentinel_analysis.tif
KAA_КУР-СОЛ-0036-02,2026-06-11,-0.260932117701,0.0749890357256,0.0784528031945,0.117901526392,-0.138333454728,-0.385368913412,S2A_MSIL2A_20260611T084501_R064_T36UYC_20260611T134710,/Users/korneev/Desktop/water-regime-gis/outputs/imagery/kaa/KAA_КУР-СОЛ-0036-02/2026-06-11/sentinel_analysis.tif
KAA_КУР-СОЛ-0036-02,2026-07-01,0.0636540949345,0.285077929497,0.316376030445,0.414530783892,-0.362210661173,-0.305901616812,S2A_MSIL2A_20260701T084501_R064_T36UYC_20260701T134111,/Users/korneev/Desktop/water-regime-gis/outputs/imagery/kaa/KAA_КУР-СОЛ-0036-02/2026-07-01/sentinel_analysis.tif
KAA_КУР-СОЛ-0036-02,2026-07-19,0.327770382166,0.437226772308,0.544400691986,0.632000744343,-0.546938717365,-0.267166852951,S2C_MSIL2A_20260719T083601_R064_T36UYC_20260719T135608,/Users/korneev/Desktop/water-regime-gis/outputs/imagery/kaa/KAA_КУР-СОЛ-0036-02/2026-07-19/sentinel_analysis.tif
KAA_КУР-СОЛ-0036-02,2026-07-31,0.370792120695,0.484237492085,0.570936918259,0.641810238361,-0.560174584389,-0.239137724042,S2A_MSIL2A_20260731T084501_R064_T37UCT_20260731T133010,/Users/korneev/Desktop/water-regime-gis/outputs/imagery/kaa/KAA_КУР-СОЛ-0036-02/2026-07-31/sentinel_analysis.tif
KAA_КУР-СОЛ-0036-02,2026-08-03,0.357060372829,0.477237671614,0.533159255981,0.61333501339,-0.541253983974,-0.228282913566,S2B_MSIL2A_20260803T083559_R064_T36UYC_20260803T123557,/Users/korneev/Desktop/water-regime-gis/outputs/imagery/kaa/KAA_КУР-СОЛ-0036-02/2026-08-03/sentinel_analysis.tif
KAA_КУР-СОЛ-0036-02,2026-08-10,0.352752029896,0.430968821049,0.499148368835,0.570310354233,-0.50139850378,-0.180634200573,S2A_MSIL2A_20260810T083741_R064_T37UCT_20260810T135811,/Users/korneev/Desktop/water-regime-gis/outputs/imagery/kaa/KAA_КУР-СОЛ-0036-02/2026-08-10/sentinel_analysis.tif
KAA_КУР-СОЛ-0036-03,2026-05-05,-0.285338878632,0.049923915416,0.0448073484004,0.0697111412883,-0.0990637913346,-0.373825401068,S2B_MSIL2A_20260505T083559_R064_T37UCT_20260505T123805,/Users/korneev/Desktop/water-regime-gis/outputs/imagery/kaa/KAA_КУР-СОЛ-0036-03/2026-05-05/sentinel_analysis.tif
KAA_КУР-СОЛ-0036-03,2026-05-20,-0.271893054247,0.0655200853944,0.060537558049,0.0920167788863,-0.122466124594,-0.381624042988,S2C_MSIL2A_20260520T083601_R064_T36UYC_20260520T135803,/Users/korneev/Desktop/water-regime-gis/outputs/imagery/kaa/KAA_КУР-СОЛ-0036-03/2026-05-20/sentinel_analysis.tif
KAA_КУР-СОЛ-0036-03,2026-05-22,-0.18858987093,0.0394092090428,0.0369559414685,0.0630163550377,-0.0680447369814,-0.252686113119,S2A_MSIL2A_20260522T084501_R064_T37UCT_20260522T134615,/Users/korneev/Desktop/water-regime-gis/outputs/imagery/kaa/KAA_КУР-СОЛ-0036-03/2026-05-22/sentinel_analysis.tif
KAA_КУР-СОЛ-0036-03,2026-06-09,-0.270570009947,0.072221852839,0.0706357955933,0.108090944588,-0.133702293038,-0.390138328075,S2C_MSIL2A_20260609T083601_R064_T36UYC_20260609T140015,/Users/korneev/Desktop/water-regime-gis/outputs/imagery/kaa/KAA_КУР-СОЛ-0036-03/2026-06-09/sentinel_analysis.tif
KAA_КУР-СОЛ-0036-03,2026-06-11,-0.262290418148,0.0754202455282,0.0803050100803,0.119436718524,-0.137889742851,-0.386205166578,S2A_MSIL2A_20260611T084501_R064_T36UYC_20260611T134710,/Users/korneev/Desktop/water-regime-gis/outputs/imagery/kaa/KAA_КУР-СОЛ-0036-03/2026-06-11/sentinel_analysis.tif
KAA_КУР-СОЛ-0036-03,2026-07-01,0.118940077722,0.304592192173,0.350633591413,0.435068875551,-0.378029793501,-0.271680474281,S2A_MSIL2A_20260701T084501_R064_T36UYC_20260701T134111,/Users/korneev/Desktop/water-regime-gis/outputs/imagery/kaa/KAA_КУР-СОЛ-0036-03/2026-07-01/sentinel_analysis.tif
KAA_КУР-СОЛ-0036-03,2026-07-19,0.34506213665,0.454705774784,0.564259231091,0.646697580814,-0.563481450081,-0.271139979362,S2C_MSIL2A_20260719T083601_R064_T36UYC_20260719T135608,/Users/korneev/Desktop/water-regime-gis/outputs/imagery/kaa/KAA_КУР-СОЛ-0036-03/2026-07-19/sentinel_analysis.tif
KAA_КУР-СОЛ-0036-03,2026-07-31,0.371220529079,0.479632407427,0.579129934311,0.631543159485,-0.556013345718,-0.234606429935,S2A_MSIL2A_20260731T084501_R064_T37UCT_20260731T133010,/Users/korneev/Desktop/water-regime-gis/outputs/imagery/kaa/KAA_КУР-СОЛ-0036-03/2026-07-31/sentinel_analysis.tif
KAA_КУР-СОЛ-0036-03,2026-08-03,0.362109482288,0.479813039303,0.535059094429,0.612447679043,-0.54298132658,-0.225100889802,S2B_MSIL2A_20260803T083559_R064_T36UYC_20260803T123557,/Users/korneev/Desktop/water-regime-gis/outputs/imagery/kaa/KAA_КУР-СОЛ-0036-03/2026-08-03/sentinel_analysis.tif
KAA_КУР-СОЛ-0036-03,2026-08-10,0.351220846176,0.425026446581,0.494288593531,0.564352035522,-0.49682918191,-0.176518261433,S2A_MSIL2A_20260810T083741_R064_T37UCT_20260810T135811,/Users/korneev/Desktop/water-regime-gis/outputs/imagery/kaa/KAA_КУР-СОЛ-0036-03/2026-08-10/sentinel_analysis.tif
