field_id,day,row_spacing_variant,days_after_sowing,kornix_moisture_0_10,sentinel1_vv_db,sentinel1_vh_db,precipitation_3d_mm,irrigation_3d_mm,precipitation_7d_mm,irrigation_7d_mm
SP_1_1,2026-04-06,65,-44.0,0.28119080778372846,-7.553762730849388,-16.94837951490547,10.3,0.0,14.1,0.0
SP_1_1,2026-04-09,65,-41.0,0.2962750926777433,-4.461153796347899,-12.760619779254231,8.3,0.0,19.0,0.0
SP_1_1,2026-04-11,65,-39.0,0.29567260583345506,-3.250077616430201,-11.898729619440484,11.200000000000001,0.0,21.7,0.0
SP_1_1,2026-04-12,65,-38.0,0.28700834386840585,-4.179099793733478,-12.4117664375934,6.4,0.0,17.3,0.0
SP_1_1,2026-04-18,65,-32.0,0.2994561201690068,-4.281191720796274,-12.543383036665741,10.4,0.0,20.2,0.0
SP_1_1,2026-04-21,65,-29.0,0.29694915780074627,-4.167941099989159,-12.386207516322422,5.6000000000000005,0.0,19.7,0.0
SP_1_1,2026-04-23,65,-27.0,0.3128158332237734,-4.824099534471622,-14.139019021688279,10.5,0.0,17.6,0.0
SP_1_1,2026-04-24,65,-26.0,0.31469463956741,-4.022179221571488,-12.194749376146852,13.100000000000001,0.0,20.6,0.0
SP_1_1,2026-04-30,65,-20.0,0.3343046992039585,-5.505509881976667,-14.32384161441889,3.7,0.0,37.7,0.0
SP_1_1,2026-05-03,65,-17.0,0.2827404401345056,-9.85748645537389,-19.886663805418728,0.1,0.0,14.200000000000001,0.0
SP_1_1,2026-05-05,65,-15.0,0.22827510523642416,-8.772558606815016,-17.899542272298543,0.3,0.0,2.5,0.0
SP_1_1,2026-05-06,65,-14.0,0.19317778012085093,-10.368153476190551,-20.277943703455126,0.4,0.0,1.1,0.0
SP_1_1,2026-05-13,65,-7.0,0.23981567030919768,-4.201720201854716,-12.540312707123293,11.0,0.0,14.1,0.0
SP_1_1,2026-05-15,65,-5.0,0.21219462745902443,-10.67016556923986,-20.69273925620354,0.2,0.0,12.3,0.0
SP_1_1,2026-05-16,65,-4.0,0.19497324275202016,-11.007628651435969,-21.099797765059908,0.2,0.0,12.1,0.0
SP_1_1,2026-05-17,65,-3.0,0.1813206022867834,-9.059075955257939,-17.9724390987626,0.8,0.0,11.8,0.0
SP_1_1,2026-05-18,65,-2.0,0.15,-3.5636312335329485,-12.479872508107075,0.6,0.0,5.8,0.0
SP_1_1,2026-05-24,65,4.0,0.15,-9.817488473721617,-21.54859511901155,0.7,0.0,1.1,0.0
SP_1_1,2026-05-25,65,5.0,0.19771404014350683,-5.852569478460593,-20.135263572956767,6.6,0.0,7.1,0.0
SP_1_1,2026-05-27,65,7.0,0.25983602358027363,-4.727693059668205,-20.79040943483948,15.9,0.0,17.0,0.0
SP_1_1,2026-05-28,65,8.0,0.2589167815903892,-10.941041659041314,-22.855740317232794,11.5,0.0,18.2,0.0
SP_1_1,2026-05-29,65,9.0,0.27091382906252287,-7.4465745518108895,-20.747408688496204,11.2,0.0,21.4,0.0
SP_1_1,2026-05-30,65,10.0,0.2777624585091129,-7.699886032880956,-15.543765130573572,8.3,0.0,24.3,0.0
SP_1_1,2026-06-08,65,19.0,0.15,-10.287103942608312,-22.230663860595712,0.0,0.0,0.5,0.0
SP_1_1,2026-06-09,65,20.0,0.21117161127917544,-9.561900709251018,-21.725251989064166,0.1,10.0,0.6,10.0
SP_1_1,2026-06-11,65,22.0,0.15,-5.647463297739702,-19.96429223741777,0.1,10.0,0.6,10.0
SP_1_1,2026-06-18,65,29.0,0.2566657221700071,-8.384198320825222,-20.59328069401186,4.6000000000000005,0.0,24.3,0.0
SP_1_1,2026-06-21,65,32.0,0.22175679020016673,-8.212613342272546,-20.333819924173326,3.0,0.0,16.2,0.0
SP_1_1,2026-06-23,65,34.0,0.2147543051419238,-6.161047746852091,-16.290172396049236,3.5,0.0,10.0,0.0
SP_1_1,2026-06-27,65,38.0,0.19651761456507766,-6.149031987032732,-17.22126262983392,3.5,0.0,7.0,0.0
SP_1_1,2026-06-29,65,40.0,0.17763330097867797,-6.990501296993662,-15.96891074030528,1.8,0.0,3.8000000000000003,0.0
SP_1_1,2026-06-30,65,41.0,0.16758724397286429,-7.566333791863857,-15.835417669720064,0.2,0.0,3.7,0.0
SP_1_1,2026-07-03,65,44.0,0.23361805562379462,-2.8764543827324625,-14.788998561305595,11.0,0.0,12.799999999999999,0.0
SP_1_1,2026-07-05,65,46.0,0.337376076598037,-2.4040440640083043,-13.533878202571136,39.3,0.0,40.199999999999996,0.0
SP_1_1,2026-07-06,65,47.0,0.3163409549710649,-4.659757620536399,-14.444251489036215,33.6,0.0,44.6,0.0
SP_1_1,2026-07-09,65,50.0,0.29927884525094933,-4.8906818951728015,-14.160400097788079,9.1,0.0,52.9,0.0
SP_1_1,2026-07-11,65,52.0,0.3252491739188126,-3.993279986265579,-13.62785355342318,21.1,0.0,33.5,0.0
SP_1_1,2026-07-12,65,53.0,0.33317954220715457,-4.947084384480039,-12.952196467038897,23.3,0.0,36.9,0.0
SP_1_1,2026-07-15,65,56.0,0.29909024712480664,-5.370701788589834,-13.175448834434045,4.9,0.0,34.1,0.0
SP_1_1,2026-07-17,65,58.0,0.2790114293406461,-6.058198281892101,-13.269540941524387,4.1,0.0,28.4,0.0
SP_1_1,2026-07-18,65,59.0,0.26329284302526224,-7.130162305943704,-13.698791857732765,2.5,0.0,15.5,0.0
SP_1_1,2026-07-21,65,62.0,0.2679498494359963,-6.760809387251467,-12.790541498545206,6.4,0.0,10.5,0.0
SP_1_1,2026-07-23,65,64.0,0.2549812621082752,-5.397242598112612,-12.724681775897263,9.4,0.0,9.6,0.0
SP_1_1,2026-07-24,65,65.0,0.246732841001041,-6.544829374941155,-13.183131378035204,3.6,0.0,10.0,0.0
SP_1_1,2026-07-27,65,68.0,0.3118036463938541,-6.360050410751622,-12.753597460657657,26.200000000000003,0.0,36.0,0.0
SP_1_1,2026-07-29,65,70.0,0.3094963793827647,-5.962195106351435,-12.88985684682023,8.200000000000001,0.0,34.5,0.0
SP_1_1,2026-07-30,65,71.0,0.32363364558874447,-6.703448538969599,-13.449521901071758,15.4,0.0,42.0,0.0
SP_1_1,2026-08-02,65,74.0,0.26349010361385444,-6.326218230600792,-12.749228697368583,0.3,0.0,16.1,0.0
SP_1_1,2026-08-04,65,76.0,0.24822324741254842,-4.825120342316863,-12.445112015272457,1.5,0.0,14.1,0.0
SP_1_1,2026-08-05,65,77.0,0.236571240767379,-6.421916614399291,-13.319716161381756,1.5,0.0,9.4,0.0
SP_1_1,2026-08-08,65,80.0,0.27565092095354504,-6.338657201088827,-12.970584611392495,16.5,0.0,18.0,0.0
SP_1_1,2026-08-10,65,82.0,0.23410205626367214,-5.732979109486662,-12.999744602343775,1.4000000000000001,0.0,16.599999999999998,0.0
SP_1_1,2026-08-11,65,83.0,0.22261215415560284,-6.555689397568179,-13.547118960813428,0.25,0.0,16.75,0.0
SP_1_1,2026-08-14,65,86.0,0.29111172734935864,-7.090360686677668,-13.179141485715524,15.700000000000001,0.0,17.25,0.0
SP_1_1,2026-08-16,65,88.0,0.24162179505254183,-6.230386601530063,-13.092508367418784,15.0,0.0,16.45,0.0
SP_1_1,2026-08-17,65,89.0,0.21202398222287935,-6.988591903455221,-13.554289152223495,0.65,0.0,16.5,0.0
SP_1_1,2026-08-20,65,92.0,0.15129639270464595,-6.6924581404497765,-13.14257387521533,2.1,0.0,17.150000000000002,0.0
SP_1_1,2026-08-22,65,94.0,0.15,-6.074585120491501,-13.184766476176119,4.6,0.0,4.65,0.0
SP_1_1,2026-08-23,65,95.0,0.15,-6.572303548428878,-13.269899390286795,2.5,0.0,4.65,0.0
SP_1_1,2026-08-26,65,98.0,0.15,-6.822739357359829,-13.155410350951126,0.7,0.0,5.3,0.0
SP_1_11,2026-04-06,65,-46.0,0.2812555865542413,-8.438375606571249,-17.949341860918636,10.3,0.0,14.1,0.0
SP_1_11,2026-04-09,65,-43.0,0.29625044896942565,-4.871993713524482,-13.093359673115884,8.3,0.0,19.0,0.0
SP_1_11,2026-04-11,65,-41.0,0.29563646814514677,-3.7879633897359613,-12.573945482500033,11.200000000000001,0.0,21.7,0.0
SP_1_11,2026-04-12,65,-40.0,0.286938662660507,-4.726119586010444,-13.16431588345404,6.4,0.0,17.3,0.0
SP_1_11,2026-04-18,65,-34.0,0.29937605060812467,-4.681710404145399,-13.10403890971269,10.4,0.0,20.2,0.0
SP_1_11,2026-04-21,65,-31.0,0.2968279232640388,-4.347723632539297,-12.59261800595435,5.6000000000000005,0.0,19.7,0.0
SP_1_11,2026-04-23,65,-29.0,0.3126795627770111,-4.66830362320208,-14.144560695600648,10.5,0.0,17.6,0.0
SP_1_11,2026-04-24,65,-28.0,0.3145557889124997,-4.390942177315485,-12.747229483450607,13.100000000000001,0.0,20.6,0.0
SP_1_11,2026-04-30,65,-22.0,0.3341262207272521,-5.624127952538929,-14.54856392573574,3.7,0.0,37.7,0.0
SP_1_11,2026-05-03,65,-19.0,0.28238359146600445,-8.455746664447604,-17.703920544982985,0.1,0.0,14.200000000000001,0.0
SP_1_11,2026-05-05,65,-17.0,0.22755777145825692,-7.977340710789623,-17.747262738205013,0.3,0.0,2.5,0.0
SP_1_11,2026-05-06,65,-16.0,0.19213856368025403,-9.806386839454698,-19.183053945015704,0.4,0.0,1.1,0.0
SP_1_11,2026-05-13,65,-9.0,0.23968979549326952,-5.649837582947605,-14.803489744707182,11.0,0.0,14.1,0.0
SP_1_11,2026-05-15,65,-7.0,0.21188215573809394,-10.117632982127368,-20.054680527951497,0.2,0.0,12.3,0.0
SP_1_11,2026-05-16,65,-6.0,0.19453260228801575,-10.303649530816026,-20.342892893375147,0.2,0.0,12.1,0.0
SP_1_11,2026-05-17,65,-5.0,0.18073884591728398,-9.247399006424212,-18.66152283813126,0.8,0.0,11.8,0.0
SP_1_11,2026-05-18,65,-4.0,0.15,-4.113317471794364,-13.009259486131928,0.6,0.0,5.8,0.0
SP_1_11,2026-05-24,65,2.0,0.15,-9.935942364224756,-18.51361034730165,0.7,0.0,1.1,0.0
SP_1_11,2026-05-25,65,3.0,0.19763469068781855,-6.402926226723876,-14.696799129336203,6.6,0.0,7.1,0.0
SP_1_11,2026-05-27,65,5.0,0.2597491090896043,-5.664423928173972,-13.565171098293016,15.9,0.0,17.0,0.0
SP_1_11,2026-05-28,65,6.0,0.25880842184414976,-8.476784634923147,-16.568204586438448,11.5,0.0,18.2,0.0
SP_1_11,2026-05-29,65,7.0,0.27081199512148246,-6.5632449726445685,-15.047850138364767,11.2,0.0,21.4,0.0
SP_1_11,2026-05-30,65,8.0,0.27765810437201394,-8.89035463204646,-15.495464596143496,8.3,0.0,24.3,0.0
SP_1_11,2026-06-08,65,17.0,0.15,-11.447976260166744,-21.19676174572341,0.0,0.0,0.5,0.0
SP_1_11,2026-06-09,65,18.0,0.15,-11.311572823712181,-22.047756972007257,0.1,0.0,0.6,0.0
SP_1_11,2026-06-11,65,20.0,0.15,-12.148720783210473,-21.325402589119534,0.1,0.0,0.6,0.0
SP_1_11,2026-06-18,65,27.0,0.2575137882219563,-9.858248375239272,-20.637988358936738,4.6000000000000005,0.0,24.3,0.0
SP_1_11,2026-06-21,65,30.0,0.22064763357991676,-8.4605756104475,-21.480779988072314,3.0,0.0,16.2,0.0
SP_1_11,2026-06-23,65,32.0,0.2122007595191842,-5.51935563933716,-17.08109086065978,3.5,0.0,10.0,0.0
SP_1_11,2026-06-27,65,36.0,0.2501262129807382,-3.3184956798948093,-18.441173676792964,3.5,0.0,7.0,15.0
SP_1_11,2026-06-29,65,38.0,0.2218771583154315,-9.312990056811598,-18.623922460162397,1.8,0.0,3.8000000000000003,15.0
SP_1_11,2026-06-30,65,39.0,0.20646731223027706,-9.850999114035368,-18.571258283386165,0.2,0.0,3.7,15.0
SP_1_11,2026-07-03,65,42.0,0.25371658846619544,-2.414055215441339,-15.312795448287556,11.0,0.0,12.799999999999999,0.0
SP_1_11,2026-07-05,65,44.0,0.3265130614440917,-3.3467297421438684,-13.13217314011666,39.3,0.0,40.199999999999996,0.0
SP_1_11,2026-07-06,65,45.0,0.3167742035162043,-4.43436676273712,-14.364994479732475,33.6,0.0,44.6,0.0
SP_1_11,2026-07-09,65,48.0,0.305374352907436,-4.471585022129548,-14.353674049195453,9.1,0.0,52.9,0.0
SP_1_11,2026-07-11,65,50.0,0.33042358606356226,-3.874581374739565,-12.957519029677195,21.1,0.0,33.5,0.0
SP_1_11,2026-07-12,65,51.0,0.3393746827518989,-4.487841191131188,-12.559243442340371,23.3,0.0,36.9,0.0
SP_1_11,2026-07-15,65,54.0,0.305853969630941,-5.0786369450266955,-13.190126575215084,4.9,0.0,34.1,0.0
SP_1_11,2026-07-17,65,56.0,0.285206434980817,-6.256470833526384,-13.804776619688987,4.1,0.0,28.4,0.0
SP_1_11,2026-07-18,65,57.0,0.26941341097619587,-7.187417796232344,-13.893125780888012,2.5,0.0,15.5,0.0
SP_1_11,2026-07-21,65,60.0,0.27222353948637645,-5.225212692178923,-11.932875052280131,6.4,0.0,10.5,0.0
SP_1_11,2026-07-23,65,62.0,0.2587996506084528,-4.4087186135417795,-12.337723742436,9.4,0.0,9.6,0.0
SP_1_11,2026-07-24,65,63.0,0.2504805028968584,-5.960542646814905,-12.83332677236083,3.6,0.0,10.0,0.0
SP_1_11,2026-07-27,65,66.0,0.3136719220694308,-5.4342535865287225,-12.68936558720215,26.200000000000003,0.0,36.0,0.0
SP_1_11,2026-07-29,65,68.0,0.3115284585924244,-5.2684650119769785,-12.633964424917446,8.200000000000001,0.0,34.5,0.0
SP_1_11,2026-07-30,65,69.0,0.3255153909972502,-6.391071577652463,-13.316452368775298,15.4,0.0,42.0,0.0
SP_1_11,2026-08-02,65,72.0,0.26665737572350506,-5.958372460045917,-12.37971849546167,0.3,0.0,16.1,0.0
SP_1_11,2026-08-04,65,74.0,0.2515909345824456,-5.07976513275446,-12.283969974502828,1.5,0.0,14.1,0.0
SP_1_11,2026-08-05,65,75.0,0.24023156812080282,-6.240255460017966,-13.07831746409171,1.5,0.0,9.4,0.0
SP_1_11,2026-08-08,65,78.0,0.2778674353596291,-5.4430407980804505,-12.48716055813248,16.5,0.0,18.0,0.0
SP_1_11,2026-08-10,65,80.0,0.23729635021467563,-5.307077800394612,-12.724576414929638,1.4000000000000001,0.0,16.599999999999998,0.0
SP_1_11,2026-08-11,65,81.0,0.2261266893232934,-6.563749219916347,-13.3706808569712,0.25,0.0,16.75,0.0
SP_1_11,2026-08-14,65,84.0,0.2933943755850445,-6.841421031924765,-13.105890374870832,15.700000000000001,0.0,17.25,0.0
SP_1_11,2026-08-16,65,86.0,0.24527046822961038,-6.003290881808607,-12.920822944986217,15.0,0.0,16.45,0.0
SP_1_11,2026-08-17,65,87.0,0.2165334810035091,-7.02788171764308,-13.544555137533168,0.7,0.0,16.55,0.0
SP_1_11,2026-08-20,65,90.0,0.15988758161114722,-7.034034565761786,-13.303067056561105,2.1,0.0,17.2,0.0
SP_1_11,2026-08-22,65,92.0,0.15,-6.383156681195182,-13.443200232973272,4.6,0.0,4.7,0.0
SP_1_11,2026-08-23,65,93.0,0.15,-7.1243759481163496,-13.499567815871437,2.5,0.0,4.7,0.0
SP_1_11,2026-08-26,65,96.0,0.15,-6.882944853740788,-13.581421613077334,0.8,0.0,5.4,0.0
SP_1_3,2026-04-06,65,-47.0,0.28119080778372846,-8.20385786110259,-17.934400423094015,10.3,0.0,14.1,0.0
SP_1_3,2026-04-09,65,-44.0,0.2962634018534859,-4.748660432500592,-13.17229836489477,8.3,0.0,19.0,0.0
SP_1_3,2026-04-11,65,-42.0,0.2956653383009788,-3.4268899471772425,-12.180191998952125,11.200000000000001,0.0,21.7,0.0
SP_1_3,2026-04-12,65,-41.0,0.2870015971578976,-4.306500388500206,-12.725852102993843,6.4,0.0,17.3,0.0
SP_1_3,2026-04-18,65,-35.0,0.29945240173166304,-4.377551105808512,-12.752394496856096,10.4,0.0,20.2,0.0
SP_1_3,2026-04-21,65,-32.0,0.2969461794014604,-4.3442366189580675,-12.63212063993045,5.6000000000000005,0.0,19.7,0.0
SP_1_3,2026-04-23,65,-30.0,0.3128135820652647,-4.236290661655496,-13.391330760373618,10.5,0.0,17.6,0.0
SP_1_3,2026-04-24,65,-29.0,0.3146924782062976,-4.0427469809214935,-12.430782108553746,13.100000000000001,0.0,20.6,0.0
SP_1_3,2026-04-30,65,-23.0,0.334287612963146,-5.021977401745569,-13.8550502078919,3.7,0.0,37.7,0.0
SP_1_3,2026-05-03,65,-20.0,0.28266385157058815,-8.324573233811641,-17.70292802737534,0.1,0.0,14.200000000000001,0.0
SP_1_3,2026-05-05,65,-18.0,0.22819619804108612,-7.364434266296328,-16.5518492675734,0.3,0.0,2.5,0.0
SP_1_3,2026-05-06,65,-17.0,0.19288032593530008,-9.041346731103681,-18.53638374935946,0.4,0.0,1.1,0.0
SP_1_3,2026-05-13,65,-10.0,0.2398165347335669,-4.553691913105226,-13.319547012136326,11.0,0.0,14.1,0.0
SP_1_3,2026-05-15,65,-8.0,0.21219562613603526,-10.12702463126152,-19.86139812328642,0.2,0.0,12.3,0.0
SP_1_3,2026-05-16,65,-7.0,0.19497432883451274,-10.64633090723277,-20.382664685872953,0.2,0.0,12.1,0.0
SP_1_3,2026-05-17,65,-6.0,0.18132178028108725,-8.789362783010345,-17.899141846646607,0.8,0.0,11.8,0.0
SP_1_3,2026-05-18,65,-5.0,0.15,-4.02941752267728,-13.008744213676325,0.6,0.0,5.8,0.0
SP_1_3,2026-05-24,65,1.0,0.15,-10.190935058718411,-19.048431050874342,0.7,0.0,1.1,0.0
SP_1_3,2026-05-25,65,2.0,0.19771404020501493,-6.846484922213444,-15.402427409049826,6.6,0.0,7.1,0.0
SP_1_3,2026-05-27,65,4.0,0.25983602339092615,-6.6731226165195965,-15.015017391638883,15.9,0.0,17.0,0.0
SP_1_3,2026-05-28,65,5.0,0.2589167811873488,-9.404916785686218,-17.43031953642551,11.5,0.0,18.2,0.0
SP_1_3,2026-05-29,65,6.0,0.270913828522054,-7.30917971430485,-15.98505841063991,11.2,0.0,21.4,0.0
SP_1_3,2026-05-30,65,7.0,0.2777253736774344,-7.253574642620091,-15.379570114390091,8.3,0.0,24.3,0.0
SP_1_3,2026-06-08,65,16.0,0.15,-10.438406441061648,-21.92669052527499,0.0,0.0,0.5,0.0
SP_1_3,2026-06-09,65,17.0,0.15,-10.367570153623474,-22.353074764015645,0.1,0.0,0.6,0.0
SP_1_3,2026-06-11,65,19.0,0.15,-10.985089708331042,-21.5347267964624,0.1,0.0,0.6,0.0
SP_1_3,2026-06-18,65,26.0,0.2580063876519069,-9.467571572520065,-21.917188625978984,4.6000000000000005,0.0,24.3,0.0
SP_1_3,2026-06-21,65,29.0,0.22026199821046055,-7.515405234258209,-21.88260803857546,3.0,0.0,16.2,0.0
SP_1_3,2026-06-23,65,31.0,0.21104901536648943,-4.01317168925455,-17.32388906412461,3.5,0.0,10.0,0.0
SP_1_3,2026-06-27,65,35.0,0.18555083422911242,-5.341874149473754,-19.963244986911555,3.5,0.0,7.0,0.0
SP_1_3,2026-06-29,65,37.0,0.16258662294648463,-8.536849065268747,-18.756686599360737,1.8,0.0,3.8000000000000003,0.0
SP_1_3,2026-06-30,65,38.0,0.15,-9.170597624489172,-18.436002077333036,0.2,0.0,3.7,0.0
SP_1_3,2026-07-03,65,41.0,0.23079736349992705,-1.576577951220786,-15.411797246041903,11.0,0.0,12.799999999999999,0.0
SP_1_3,2026-07-05,65,43.0,0.3300477096547496,-1.6975886718113453,-13.448165577732517,39.3,0.0,40.199999999999996,0.0
SP_1_3,2026-07-06,65,44.0,0.31397522115788745,-3.164050369999228,-14.666336938994004,33.6,0.0,44.6,0.0
SP_1_3,2026-07-09,65,47.0,0.30016414848817496,-3.7978192255059264,-14.347588183923454,9.1,0.0,52.9,0.0
SP_1_3,2026-07-11,65,49.0,0.32640367319640357,-2.8433695229039184,-13.282590502928635,21.1,0.0,33.5,0.0
SP_1_3,2026-07-12,65,50.0,0.3346659891734356,-3.7912365796659655,-12.453711343836966,23.3,0.0,36.9,0.0
SP_1_3,2026-07-15,65,53.0,0.30115025222683306,-4.583919987206474,-12.939924900309233,4.9,0.0,34.1,0.0
SP_1_3,2026-07-17,65,55.0,0.28109875596353173,-5.293023619142382,-13.10999387087728,4.1,0.0,28.4,0.0
SP_1_3,2026-07-18,65,56.0,0.26541048492479996,-6.542211394162712,-13.524953438132295,2.5,0.0,15.5,0.0
SP_1_3,2026-07-21,65,59.0,0.2696795337543044,-6.604153138805049,-12.473177068971884,6.4,0.0,10.5,0.0
SP_1_3,2026-07-23,65,61.0,0.2567500319027255,-5.243422456003984,-12.71899675757358,9.4,0.0,9.6,0.0
SP_1_3,2026-07-24,65,62.0,0.24853525934884244,-6.291203568553718,-13.192451512415325,3.6,0.0,10.0,0.0
SP_1_3,2026-07-27,65,65.0,0.31280839324360293,-6.187218359741079,-12.869739099814177,26.200000000000003,0.0,36.0,0.0
SP_1_3,2026-07-29,65,67.0,0.310709173400654,-5.619552691062079,-12.977302546734652,8.200000000000001,0.0,34.5,0.0
SP_1_3,2026-07-30,65,68.0,0.32477103572967314,-6.460615714126929,-13.660630363833784,15.4,0.0,42.0,0.0
SP_1_3,2026-08-02,65,71.0,0.2662283112309129,-6.161439961006982,-12.655754546917802,0.3,0.0,16.1,0.0
SP_1_3,2026-08-04,65,73.0,0.2520721158577459,-4.486950375955203,-12.379474191443178,1.5,0.0,14.1,0.0
SP_1_3,2026-08-05,65,74.0,0.2411260162448134,-5.987495966962583,-13.173247370974464,1.5,0.0,9.4,0.0
SP_1_3,2026-08-08,65,77.0,0.2788815116654107,-5.916419743974424,-12.682413020425361,16.5,0.0,18.0,0.0
SP_1_3,2026-08-10,65,79.0,0.23930226166244498,-4.97835226528794,-12.593913004926296,1.4000000000000001,0.0,16.599999999999998,0.0
SP_1_3,2026-08-11,65,80.0,0.2284993276956257,-6.13723800095976,-13.284641096854454,0.25,0.0,16.75,0.0
SP_1_3,2026-08-14,65,83.0,0.2953848448960085,-6.774197349560854,-13.000496397672121,15.700000000000001,0.0,17.25,0.0
SP_1_3,2026-08-16,65,85.0,0.24582952320326112,-6.001270787527981,-12.972576408660693,15.0,0.0,16.45,0.0
SP_1_3,2026-08-17,65,86.0,0.21801287302372177,-6.787876280076438,-13.432459116860604,0.65,0.0,16.5,0.0
SP_1_3,2026-08-20,65,89.0,0.1694562475466321,-6.5151589817293605,-13.06148682761479,2.1,0.0,17.150000000000002,0.0
SP_1_3,2026-08-22,65,91.0,0.1590739732472014,-5.790776616481673,-13.229227625840894,4.6,0.0,4.65,0.0
SP_1_3,2026-08-23,65,92.0,0.15,-6.470728833720379,-13.407100292718532,2.5,0.0,4.65,0.0
SP_1_3,2026-08-26,65,95.0,0.15,-6.717327803329934,-13.116665235175272,0.6,0.0,5.2,0.0
SP_1_5,2026-04-06,65,-50.0,0.2812758571698333,-8.218075826672527,-17.823133538045827,10.3,0.0,14.1,0.0
SP_1_5,2026-04-09,65,-47.0,0.29625888847771864,-4.73057465870139,-13.12436067435842,8.3,0.0,19.0,0.0
SP_1_5,2026-04-11,65,-45.0,0.29564278773547065,-3.3331755969666723,-12.05647541325951,11.200000000000001,0.0,21.7,0.0
SP_1_5,2026-04-12,65,-44.0,0.28694477843243954,-4.309292832963699,-12.954299716719856,6.4,0.0,17.3,0.0
SP_1_5,2026-04-18,65,-38.0,0.29941801914751165,-4.315446554024295,-12.915116553218038,10.4,0.0,20.2,0.0
SP_1_5,2026-04-21,65,-35.0,0.29686882115897534,-4.4069496601514215,-12.690977990040633,5.6000000000000005,0.0,19.7,0.0
SP_1_5,2026-04-23,65,-33.0,0.3127733958082848,-3.7759300649701713,-13.134637546481061,10.5,0.0,17.6,0.0
SP_1_5,2026-04-24,65,-32.0,0.31462013340360556,-3.9964970748866344,-12.539948471005399,13.100000000000001,0.0,20.6,0.0
SP_1_5,2026-04-30,65,-26.0,0.33417603530741113,-4.886442481027181,-13.76920490055757,3.7,0.0,37.7,0.0
SP_1_5,2026-05-03,65,-23.0,0.28246376451188804,-8.002051554155688,-17.32028914357775,0.1,0.0,14.200000000000001,0.0
SP_1_5,2026-05-05,65,-21.0,0.22799830735369261,-7.125022753148139,-16.731251442638666,0.3,0.0,2.5,0.0
SP_1_5,2026-05-06,65,-20.0,0.19264784472859492,-9.006741799021917,-18.650774235878252,0.4,0.0,1.1,0.0
SP_1_5,2026-05-13,65,-13.0,0.23970500883700477,-4.751297930795635,-13.782503310666542,11.0,0.0,14.1,0.0
SP_1_5,2026-05-15,65,-11.0,0.21199301740459808,-10.143300533191175,-20.007450313171656,0.2,0.0,12.3,0.0
SP_1_5,2026-05-16,65,-10.0,0.19465096783274238,-10.697244006168216,-20.584446329350932,0.2,0.0,12.1,0.0
SP_1_5,2026-05-17,65,-9.0,0.18097304098533656,-8.748479376584179,-18.23779148319317,0.8,0.0,11.8,0.0
SP_1_5,2026-05-18,65,-8.0,0.15,-3.5551643535444386,-12.464070115330825,0.6,0.0,5.8,0.0
SP_1_5,2026-05-24,65,-2.0,0.15,-10.03191189786852,-18.92533030476076,0.7,0.0,1.1,0.0
SP_1_5,2026-05-25,65,-1.0,0.19763437836317074,-6.461971173766285,-15.051149910807824,6.6,0.0,7.1,0.0
SP_1_5,2026-05-27,65,1.0,0.2597479348310184,-6.9536225857827585,-15.315122754147307,15.9,0.0,17.0,0.0
SP_1_5,2026-05-28,65,2.0,0.25880704685056666,-9.082255266566104,-17.422023563371663,11.5,0.0,18.2,0.0
SP_1_5,2026-05-29,65,3.0,0.2708418144529035,-7.159990773473314,-15.873394805190571,11.2,0.0,21.4,0.0
SP_1_5,2026-05-30,65,4.0,0.27767423348501824,-6.726702690977897,-14.809657738896098,8.3,0.0,24.3,0.0
SP_1_5,2026-06-08,65,13.0,0.15,-10.553863141806968,-22.319459792193918,0.0,0.0,0.5,0.0
SP_1_5,2026-06-09,65,14.0,0.15,-10.573084598272896,-22.996622299988395,0.1,0.0,0.6,0.0
SP_1_5,2026-06-11,65,16.0,0.15,-12.790927018977651,-22.333286843773678,0.1,0.0,0.6,0.0
SP_1_5,2026-06-18,65,23.0,0.25841724179627795,-10.827720813311918,-22.292519420229574,4.6000000000000005,0.0,24.3,0.0
SP_1_5,2026-06-21,65,26.0,0.21881141064894616,-6.685512221249797,-22.28350332223098,3.0,0.0,16.2,0.0
SP_1_5,2026-06-23,65,28.0,0.20823061351565797,-6.122656821231471,-17.609420004605717,3.5,0.0,10.0,0.0
SP_1_5,2026-06-27,65,32.0,0.24790215894618828,-3.327637326294621,-19.855798776889042,3.5,0.0,7.0,15.0
SP_1_5,2026-06-29,65,34.0,0.21729131527949255,-10.376634555241607,-19.637300388760693,1.8,0.0,3.8000000000000003,15.0
SP_1_5,2026-06-30,65,35.0,0.1994670431724134,-10.717283345774664,-19.533720908017532,0.2,0.0,3.7,15.0
SP_1_5,2026-07-03,65,38.0,0.24286865503133395,-1.6094677567510562,-15.885269298905007,11.0,0.0,12.799999999999999,0.0
SP_1_5,2026-07-05,65,40.0,0.3245181336393895,-3.1610433478222815,-13.007704938591623,39.3,0.0,40.199999999999996,0.0
SP_1_5,2026-07-06,65,41.0,0.31606636157041534,-4.365703878756976,-14.311102357091372,33.6,0.0,44.6,0.0
SP_1_5,2026-07-09,65,44.0,0.3056081885873473,-3.5673172207034436,-14.272184425094931,9.1,0.0,52.9,0.0
SP_1_5,2026-07-11,65,46.0,0.3308582568562651,-3.548480931484488,-13.033181588751855,21.1,0.0,33.5,0.0
SP_1_5,2026-07-12,65,47.0,0.3400603621574472,-4.178387318678569,-12.228831659625696,23.3,0.0,36.9,0.0
SP_1_5,2026-07-15,65,50.0,0.3068921681616226,-4.222252027100476,-13.049081359935235,4.9,0.0,34.1,0.0
SP_1_5,2026-07-17,65,52.0,0.28648344600332837,-5.779270591585551,-13.28123108375841,4.1,0.0,28.4,0.0
SP_1_5,2026-07-18,65,53.0,0.27083148601533463,-6.453978306617648,-13.570780504192282,2.5,0.0,15.5,0.0
SP_1_5,2026-07-21,65,56.0,0.27349541238935166,-5.160073418030233,-11.919269556763716,6.4,0.0,10.5,0.0
SP_1_5,2026-07-23,65,58.0,0.26020474230611107,-4.042290316733143,-12.15314465385539,9.4,0.0,9.6,0.0
SP_1_5,2026-07-24,65,59.0,0.2519592636405553,-5.772517253055217,-12.732630993593034,3.6,0.0,10.0,0.0
SP_1_5,2026-07-27,65,62.0,0.3146285710612345,-5.3529387104595605,-12.560979457225343,26.200000000000003,0.0,36.0,0.0
SP_1_5,2026-07-29,65,64.0,0.31262841013089493,-5.311572460111197,-12.659529037267806,8.200000000000001,0.0,34.5,0.0
SP_1_5,2026-07-30,65,65.0,0.32655265976425113,-6.203949083526405,-13.331572103430338,15.4,0.0,42.0,0.0
SP_1_5,2026-08-02,65,68.0,0.2681956115676077,-5.651673086706701,-12.31283127822248,0.3,0.0,16.1,0.0
SP_1_5,2026-08-04,65,70.0,0.25431119933824475,-5.006443378287986,-12.146157118813592,1.5,0.0,14.1,0.0
SP_1_5,2026-08-05,65,71.0,0.24395723750162482,-5.8774211401549605,-12.666729647530266,1.5,0.0,9.4,0.0
SP_1_5,2026-08-08,65,74.0,0.28089433584915086,-5.012596732240414,-11.884377626487279,16.5,0.0,18.0,0.0
SP_1_5,2026-08-10,65,76.0,0.24229009612047891,-5.171259087059802,-12.275065305032967,1.4000000000000001,0.0,16.599999999999998,0.0
SP_1_5,2026-08-11,65,77.0,0.231860479222681,-6.223494955362177,-12.888976800729004,0.25,0.0,16.75,0.0
SP_1_5,2026-08-14,65,80.0,0.29763664819313074,-6.393872595248116,-12.693582993860254,15.700000000000001,0.0,17.25,0.0
SP_1_5,2026-08-16,65,82.0,0.24974420045080845,-5.919773595817195,-12.526477270945044,15.0,0.0,16.45,0.0
SP_1_5,2026-08-17,65,83.0,0.22319853772104467,-6.770770561600147,-13.266848556143549,0.7,0.0,16.55,0.0
SP_1_5,2026-08-20,65,86.0,0.1775730008073895,-6.3934018550107545,-13.17421494042941,2.1,0.0,17.2,0.0
SP_1_5,2026-08-22,65,88.0,0.17612084686554336,-6.0490063241480545,-13.266103339545833,4.6,0.0,4.7,0.0
SP_1_5,2026-08-23,65,89.0,0.16045625574215194,-6.757659660371093,-13.45250272357296,2.5,0.0,4.7,0.0
SP_1_5,2026-08-26,65,92.0,0.15,-6.6483614342194475,-13.441739374235265,0.8,0.0,5.4,0.0
SP_1_6,2026-04-06,65,-52.0,0.28119080778372846,-7.90099683444441,-16.940102552773823,10.3,0.0,14.1,0.0
SP_1_6,2026-04-09,65,-49.0,0.2962634018534859,-4.589202104084679,-12.902928389240317,8.3,0.0,19.0,0.0
SP_1_6,2026-04-11,65,-47.0,0.2956653383009788,-3.4476805214805735,-12.129186215847954,11.200000000000001,0.0,21.7,0.0
SP_1_6,2026-04-12,65,-46.0,0.2870015971578976,-4.418900890327518,-12.769827578404623,6.4,0.0,17.3,0.0
SP_1_6,2026-04-18,65,-40.0,0.29945240173166304,-4.378451961272775,-12.695179350013655,10.4,0.0,20.2,0.0
SP_1_6,2026-04-21,65,-37.0,0.2969461794014604,-4.37611227277409,-12.623063485083982,5.6000000000000005,0.0,19.7,0.0
SP_1_6,2026-04-23,65,-35.0,0.3128135820652647,-3.540385765496104,-12.517104354008097,10.5,0.0,17.6,0.0
SP_1_6,2026-04-24,65,-34.0,0.3146924782062976,-4.257763991413416,-12.553909823788313,13.100000000000001,0.0,20.6,0.0
SP_1_6,2026-04-30,65,-28.0,0.334287612963146,-4.70774125344042,-13.121117095937649,3.7,0.0,37.7,0.0
SP_1_6,2026-05-03,65,-25.0,0.28266385157058815,-5.546495819362667,-14.53442667703871,0.1,0.0,14.200000000000001,0.0
SP_1_6,2026-05-05,65,-23.0,0.22819619804108612,-4.635800817549686,-13.807987381360183,0.3,0.0,2.5,0.0
SP_1_6,2026-05-06,65,-22.0,0.19288032593530008,-6.474831759163974,-15.550464391746226,0.4,0.0,1.1,0.0
SP_1_6,2026-05-13,65,-15.0,0.2398165347335669,-4.642980411137625,-13.295518959657757,11.0,0.0,14.1,0.0
SP_1_6,2026-05-15,65,-13.0,0.21219562613603526,-8.165301027576026,-17.911266932931646,0.2,0.0,12.3,0.0
SP_1_6,2026-05-16,65,-12.0,0.19497432883451274,-9.024511476761907,-18.839995388784182,0.2,0.0,12.1,0.0
SP_1_6,2026-05-17,65,-11.0,0.18132178028108725,-7.127546006213156,-16.743488045614846,0.8,0.0,11.8,0.0
SP_1_6,2026-05-18,65,-10.0,0.15,-3.4559008978939336,-12.251834572087725,0.6,0.0,5.8,0.0
SP_1_6,2026-05-24,65,-4.0,0.15,-9.860811873653377,-19.221168820371695,0.7,0.0,1.1,0.0
SP_1_6,2026-05-25,65,-3.0,0.19771404020501493,-6.516801990736461,-15.258202989425625,6.6,0.0,7.1,0.0
SP_1_6,2026-05-27,65,-1.0,0.25983602339092615,-5.400146545723974,-13.895330098758539,15.9,0.0,17.0,0.0
SP_1_6,2026-05-28,65,0.0,0.2589167811873488,-8.147964505333649,-16.804538826090372,11.5,0.0,18.2,0.0
SP_1_6,2026-05-29,65,1.0,0.270913828522054,-5.9608861862885485,-15.39843423436003,11.2,0.0,21.4,0.0
SP_1_6,2026-05-30,65,2.0,0.2777253736774344,-6.933802971984323,-16.179788456340702,8.3,0.0,24.3,0.0
SP_1_6,2026-06-08,65,11.0,0.15,-11.594652466513779,-21.839505827359716,0.0,0.0,0.5,0.0
SP_1_6,2026-06-09,65,12.0,0.21306810479324137,-10.869285705229704,-21.917935973112066,0.1,10.0,0.6,10.0
SP_1_6,2026-06-11,65,14.0,0.15,-6.662534406268174,-20.211243977564717,0.1,10.0,0.6,10.0
SP_1_6,2026-06-18,65,21.0,0.2664749213760468,-7.031024266190191,-20.791248733607258,4.6000000000000005,0.0,24.3,10.0
SP_1_6,2026-06-21,65,24.0,0.2259602353638353,-9.513167812915537,-21.231325958741753,3.0,0.0,16.2,0.0
SP_1_6,2026-06-23,65,26.0,0.21446257427442186,-2.974669682078082,-16.66910391328227,3.5,0.0,10.0,0.0
SP_1_6,2026-06-27,65,30.0,0.2587860836074962,-5.557367277068295,-17.82682556625214,3.5,15.0,7.0,15.0
SP_1_6,2026-06-29,65,32.0,0.2260123883059422,-7.233931304494067,-17.355214131191662,1.8,0.0,3.8000000000000003,15.0
SP_1_6,2026-06-30,65,33.0,0.207536901294449,-7.777414597958009,-17.050288200525845,0.2,0.0,3.7,15.0
SP_1_6,2026-07-03,65,36.0,0.24651242585546324,-3.4474688635938904,-14.35474804071358,11.0,0.0,12.799999999999999,0.0
SP_1_6,2026-07-05,65,38.0,0.3251292279435776,-1.3447314694140826,-12.567175436435502,39.3,0.0,40.199999999999996,0.0
SP_1_6,2026-07-06,65,39.0,0.31748704887058854,-2.9229762545084026,-13.767142904255099,33.6,0.0,44.6,0.0
SP_1_6,2026-07-09,65,42.0,0.30727407478365265,-4.020715799902516,-13.317881586528227,9.1,0.0,52.9,0.0
SP_1_6,2026-07-11,65,44.0,0.33220415127813674,-3.0599481906384307,-13.120177430054182,21.1,0.0,33.5,0.0
SP_1_6,2026-07-12,65,45.0,0.3417430237373958,-4.439455645815565,-12.590791082121623,23.3,0.0,36.9,0.0
SP_1_6,2026-07-15,65,48.0,0.3085371638339915,-5.515001253418225,-12.997360637758451,4.9,0.0,34.1,0.0
SP_1_6,2026-07-17,65,50.0,0.2880334548931321,-5.911987040082812,-13.727721136422062,4.1,0.0,28.4,0.0
SP_1_6,2026-07-18,65,51.0,0.27240579851480634,-6.746434697725649,-13.844765462746778,2.5,0.0,15.5,0.0
SP_1_6,2026-07-21,65,54.0,0.27471087718002624,-6.197672255073697,-11.827415110978169,6.4,0.0,10.5,0.0
SP_1_6,2026-07-23,65,56.0,0.26136744646748516,-4.9792298309716125,-12.611959389363825,9.4,0.0,9.6,0.0
SP_1_6,2026-07-24,65,57.0,0.2531026745601346,-6.108966601634532,-12.949279201148602,3.6,0.0,10.0,0.0
SP_1_6,2026-07-27,65,60.0,0.3153300523091336,-6.029231816872289,-12.797266503105053,26.200000000000003,0.0,36.0,0.0
SP_1_6,2026-07-29,65,62.0,0.3133905792825451,-5.333235941147617,-12.818995314150518,8.200000000000001,0.0,34.5,0.0
SP_1_6,2026-07-30,65,63.0,0.3272643662834915,-6.038997229435407,-13.339050852961542,15.4,0.0,42.0,0.0
SP_1_6,2026-08-02,65,66.0,0.26911660379143637,-5.8793903435073105,-12.497480642066376,0.3,0.0,16.1,0.0
SP_1_6,2026-08-04,65,68.0,0.25513151283165714,-4.277964638351829,-12.182898818683842,1.5,0.0,14.1,0.0
SP_1_6,2026-08-05,65,69.0,0.24485166000253009,-5.824068513586711,-13.102178234033367,1.5,0.0,9.4,0.0
SP_1_6,2026-08-08,65,72.0,0.2818851482936412,-5.622046968165892,-12.455062781367193,16.5,0.0,18.0,0.0
SP_1_6,2026-08-10,65,74.0,0.24389517048692383,-4.782771955411745,-12.57581247348902,1.4000000000000001,0.0,16.599999999999998,0.0
SP_1_6,2026-08-11,65,75.0,0.23361058819617184,-5.943861409582928,-13.227415399384768,0.25,0.0,16.75,0.0
SP_1_6,2026-08-14,65,78.0,0.2986905397941607,-6.672633870023962,-12.910467905463745,15.700000000000001,0.0,17.25,0.0
SP_1_6,2026-08-16,65,80.0,0.24992427859505711,-5.776295831590516,-12.857132943225979,15.0,0.0,16.45,0.0
SP_1_6,2026-08-17,65,81.0,0.22360962743201981,-6.734776205951896,-13.416826681124252,0.65,0.0,16.5,0.0
SP_1_6,2026-08-20,65,84.0,0.1798475152213753,-6.398362707165744,-12.89798528064564,2.1,0.0,17.150000000000002,0.0
SP_1_6,2026-08-22,65,86.0,0.1788139652672779,-5.814573068235585,-13.037812743647777,4.6,0.0,4.65,0.0
SP_1_6,2026-08-23,65,87.0,0.1635521110229681,-6.489473730740002,-13.2985417091212,2.5,0.0,4.65,0.0
SP_1_6,2026-08-26,65,90.0,0.15,-6.603368642828624,-13.034399428826122,0.6,0.0,5.2,0.0
SP_2_1,2026-04-06,65,-54.0,0.2813057685485102,-6.55785645230527,-15.470002618150179,10.3,0.0,14.1,0.0
SP_2_1,2026-04-09,65,-51.0,0.2963086816844295,-4.243447051252111,-12.735582569142936,8.3,0.0,19.0,0.0
SP_2_1,2026-04-11,65,-49.0,0.2956725716394132,-3.5719474796340958,-12.1248760194252,11.200000000000001,0.0,21.7,0.0
SP_2_1,2026-04-12,65,-48.0,0.28701768695035684,-4.27836264398745,-12.54098134515046,6.4,0.0,17.3,0.0
SP_2_1,2026-04-18,65,-42.0,0.2994424992474007,-4.418262987184053,-12.753883486421651,10.4,0.0,20.2,0.0
SP_2_1,2026-04-21,65,-39.0,0.296888085855021,-4.16327642483878,-12.630551538489883,5.6000000000000005,0.0,19.7,0.0
SP_2_1,2026-04-23,65,-37.0,0.3127878747811593,-5.394101457241433,-14.92993553474628,10.5,0.0,17.6,0.0
SP_2_1,2026-04-24,65,-36.0,0.31467078925277675,-4.198359369265658,-12.4982351701804,13.100000000000001,0.0,20.6,0.0
SP_2_1,2026-04-30,65,-30.0,0.33423860714164744,-5.730741260789083,-14.85312161640222,3.7,0.0,37.7,0.0
SP_2_1,2026-05-03,65,-27.0,0.28262126017205486,-9.591325408025321,-20.031100230583867,0.1,0.0,14.200000000000001,0.0
SP_2_1,2026-05-05,65,-25.0,0.22814517545431953,-8.76327908094067,-18.31379914680237,0.3,0.0,2.5,0.0
SP_2_1,2026-05-06,65,-24.0,0.1928197471934956,-10.325793353878739,-20.453679339530574,0.4,0.0,1.1,0.0
SP_2_1,2026-05-13,65,-17.0,0.23970769856306695,-4.590722739854945,-13.328069466153954,11.0,0.0,14.1,0.0
SP_2_1,2026-05-15,65,-15.0,0.2120886995558526,-10.573463462266396,-20.544179106415864,0.2,0.0,12.3,0.0
SP_2_1,2026-05-16,65,-14.0,0.19485952409287663,-10.939035524850304,-20.95607526981993,0.2,0.0,12.1,0.0
SP_2_1,2026-05-17,65,-13.0,0.18119776366918716,-9.285946460733737,-19.055348947521605,0.8,0.0,11.8,0.0
SP_2_1,2026-05-18,65,-12.0,0.15,-4.059295131312103,-13.214277678739144,0.6,0.0,5.8,0.0
SP_2_1,2026-05-24,65,-6.0,0.15,-10.978507350553384,-20.239987358887447,0.7,0.0,1.1,0.0
SP_2_1,2026-05-25,65,-5.0,0.1976340200909736,-6.941223108291062,-15.730379131479443,6.6,0.0,7.1,0.0
SP_2_1,2026-05-27,65,-3.0,0.2597466010074688,-5.868266503552409,-15.609666472112323,15.9,0.0,17.0,0.0
SP_2_1,2026-05-28,65,-2.0,0.2588054905972359,-9.71144451273969,-19.673380351902512,11.5,0.0,18.2,0.0
SP_2_1,2026-05-29,65,-1.0,0.270840314161239,-7.295280135289258,-18.255846969401954,11.2,0.0,21.4,0.0
SP_2_1,2026-05-30,65,0.0,0.2776728339519903,-4.2686088602870695,-14.02610314926137,8.3,0.0,24.3,0.0
SP_2_1,2026-06-08,65,9.0,0.15,-9.78957004717814,-22.063827573266245,0.0,0.0,0.5,0.0
SP_2_1,2026-06-09,65,10.0,0.15,-9.718880240775677,-22.004732246680298,0.1,0.0,0.6,0.0
SP_2_1,2026-06-11,65,12.0,0.15,-9.916753977597615,-21.36022756654796,0.1,0.0,0.6,0.0
SP_2_1,2026-06-18,65,19.0,0.2586754565055696,-8.835390759474436,-21.75257052945417,4.6000000000000005,0.0,24.3,0.0
SP_2_1,2026-06-21,65,22.0,0.21854515405356978,-7.8432606133977245,-21.200238031827286,3.0,0.0,16.2,0.0
SP_2_1,2026-06-23,65,24.0,0.20751784522974495,-7.977784136709005,-18.163730718051987,3.5,0.0,10.0,0.0
SP_2_1,2026-06-27,65,28.0,0.17498444693574292,-7.084946459261969,-18.173277310412274,3.5,0.0,7.0,0.0
SP_2_1,2026-06-29,65,30.0,0.2683310275968121,-7.243528589685015,-16.570354647958265,1.8,15.0,3.8000000000000003,15.0
SP_2_1,2026-06-30,65,31.0,0.23920135962377775,-5.904350280552228,-15.741217473448943,0.2,15.0,3.7,15.0
SP_2_1,2026-07-03,65,34.0,0.2611879569877449,-4.4726428453279095,-14.757811967674177,11.0,0.0,12.799999999999999,15.0
SP_2_1,2026-07-05,65,36.0,0.3271732161897188,-2.442350519963275,-12.765151346058673,39.3,0.0,40.199999999999996,15.0
SP_2_1,2026-07-06,65,37.0,0.31887105559908807,-4.164185644542777,-13.973357396259846,33.6,0.0,44.6,0.0
SP_2_1,2026-07-09,65,40.0,0.307882699551026,-4.9767691422209195,-14.113853098624936,9.1,0.0,52.9,0.0
SP_2_1,2026-07-11,65,42.0,0.332527102808471,-3.669878238987293,-13.034370267938515,21.1,0.0,33.5,0.0
SP_2_1,2026-07-12,65,43.0,0.3420773336536276,-4.203677845433587,-12.77777391870526,23.3,0.0,36.9,0.0
SP_2_1,2026-07-15,65,46.0,0.30878659744901227,-4.9909105155997775,-13.131241001220513,4.9,0.0,34.1,0.0
SP_2_1,2026-07-17,65,48.0,0.2882499254257246,-5.621857260075007,-13.513626323838304,4.1,0.0,28.4,0.0
SP_2_1,2026-07-18,65,49.0,0.27261877914364324,-6.421158066120647,-13.713039118771935,2.5,0.0,15.5,0.0
SP_2_1,2026-07-21,65,52.0,0.27477211490028064,-5.457623829770931,-11.28245480869866,6.4,0.0,10.5,0.0
SP_2_1,2026-07-23,65,54.0,0.26142975919003125,-5.112749112512312,-12.550650300957667,9.4,0.0,9.6,0.0
SP_2_1,2026-07-24,65,55.0,0.2531655917099131,-6.086649553243061,-12.77492181508995,3.6,0.0,10.0,0.0
SP_2_1,2026-07-27,65,58.0,0.31531431083959893,-5.761472343775913,-12.607484547982608,26.200000000000003,0.0,36.0,0.0
SP_2_1,2026-07-29,65,60.0,0.31336826230176595,-5.566078125306096,-12.738248553529543,8.200000000000001,0.0,34.5,0.0
SP_2_1,2026-07-30,65,61.0,0.3272363157534402,-6.1238882564709,-13.349628755576708,15.4,0.0,42.0,0.0
SP_2_1,2026-08-02,65,64.0,0.2690958990080433,-5.9889472040766645,-12.398893057986866,0.3,0.0,16.1,0.0
SP_2_1,2026-08-04,65,66.0,0.2550797751988851,-4.384725066467007,-12.018521997120255,1.5,0.0,14.1,0.0
SP_2_1,2026-08-05,65,67.0,0.24480516215997575,-6.169441596086389,-13.107251096872108,1.5,0.0,9.4,0.0
SP_2_1,2026-08-08,65,70.0,0.28178744193745175,-5.59285535553725,-12.39620849179853,16.5,0.0,18.0,0.0
SP_2_1,2026-08-10,65,72.0,0.24377840788400576,-5.314377420823383,-12.660663215512555,1.4000000000000001,0.0,16.599999999999998,0.0
SP_2_1,2026-08-11,65,73.0,0.23348750190620216,-6.068233645188975,-13.17524279563571,0.25,0.0,16.75,0.0
SP_2_1,2026-08-14,65,76.0,0.29863017171171924,-6.628426262092627,-13.039491733215788,15.700000000000001,0.0,17.25,0.0
SP_2_1,2026-08-16,65,78.0,0.24983988190056547,-5.922306176277932,-12.864085444865925,15.0,0.0,16.45,0.0
SP_2_1,2026-08-17,65,79.0,0.2237999302947916,-6.820574497444935,-13.365014915534845,0.65,0.0,16.5,0.0
SP_2_1,2026-08-20,65,82.0,0.17982476021119773,-6.416391524525324,-13.179945078248974,2.1,0.0,17.150000000000002,0.0
SP_2_1,2026-08-22,65,84.0,0.17875492524177974,-5.810754038571968,-13.09788203338973,4.6,0.0,4.65,0.0
SP_2_1,2026-08-23,65,85.0,0.16339616411312136,-6.520459036790298,-13.399698229589598,2.5,0.0,4.65,0.0
SP_2_1,2026-08-26,65,88.0,0.15,-6.581603757085819,-13.19273227564683,0.6,0.0,5.2,0.0
SP_2_5,2026-04-06,65,-52.0,0.2813113023030101,-8.007367824391654,-17.375485618982612,10.3,0.0,14.1,0.0
SP_2_5,2026-04-09,65,-49.0,0.29631187909482465,-4.339935213722395,-12.82773352066092,8.3,0.0,19.0,0.0
SP_2_5,2026-04-11,65,-47.0,0.29567520536868075,-3.472206949840719,-11.782696161402095,11.200000000000001,0.0,21.7,0.0
SP_2_5,2026-04-12,65,-46.0,0.28702029789820643,-4.293075412057817,-12.43124047703125,6.4,0.0,17.3,0.0
SP_2_5,2026-04-18,65,-40.0,0.29945607145892755,-4.456079931668581,-12.608170412987343,10.4,0.0,20.2,0.0
SP_2_5,2026-04-21,65,-37.0,0.2969122862283681,-3.9488524217043057,-12.231917181693362,5.6000000000000005,0.0,19.7,0.0
SP_2_5,2026-04-23,65,-35.0,0.31280357930520614,-4.970158510175187,-13.792380562955586,10.5,0.0,17.6,0.0
SP_2_5,2026-04-24,65,-34.0,0.31468515882199793,-4.109547132342015,-12.139796893621588,13.100000000000001,0.0,20.6,0.0
SP_2_5,2026-04-30,65,-28.0,0.33426596130335595,-5.321945895613151,-14.139442827383231,3.7,0.0,37.7,0.0
SP_2_5,2026-05-03,65,-25.0,0.28264577359673043,-9.625964900228903,-19.921202683596178,0.1,0.0,14.200000000000001,0.0
SP_2_5,2026-05-05,65,-23.0,0.22817472374517409,-8.788453663302368,-17.669052477977182,0.3,0.0,2.5,0.0
SP_2_5,2026-05-06,65,-22.0,0.19285484987521526,-10.390171616829317,-20.17373462610123,0.4,0.0,1.1,0.0
SP_2_5,2026-05-13,65,-15.0,0.23979220144695737,-4.79244763745981,-13.22013287616188,11.0,0.0,14.1,0.0
SP_2_5,2026-05-15,65,-13.0,0.21217068474679412,-10.35597109810591,-20.754500853339554,0.2,0.0,12.3,0.0
SP_2_5,2026-05-16,65,-12.0,0.1949474008196077,-10.941727254025576,-21.08879701447325,0.2,0.0,12.1,0.0
SP_2_5,2026-05-17,65,-11.0,0.18129261720770143,-9.236155983395806,-17.99735246580374,0.8,0.0,11.8,0.0
SP_2_5,2026-05-18,65,-10.0,0.15,-4.266559775451332,-13.056254023417246,0.6,0.0,5.8,0.0
SP_2_5,2026-05-24,65,-4.0,0.15,-11.214140928228025,-20.567016126514254,0.7,0.0,1.1,0.0
SP_2_5,2026-05-25,65,-3.0,0.1977139387071455,-6.9990624916556685,-15.76811426468245,6.6,0.0,7.1,0.0
SP_2_5,2026-05-27,65,-1.0,0.25978997630799916,-6.832618592916438,-16.254353793686384,15.9,0.0,17.0,0.0
SP_2_5,2026-05-28,65,0.0,0.2588376018847671,-11.238092449803773,-19.79396759519053,11.5,0.0,18.2,0.0
SP_2_5,2026-05-29,65,1.0,0.2708631989438657,-8.081357252415511,-17.44273432018815,11.2,0.0,21.4,0.0
SP_2_5,2026-05-30,65,2.0,0.27768991036873397,-5.656891289152155,-14.242522408873885,8.3,0.0,24.3,0.0
SP_2_5,2026-06-08,65,11.0,0.15,-9.629158118900008,-22.173201302740857,0.0,0.0,0.5,0.0
SP_2_5,2026-06-09,65,12.0,0.15,-9.484475656887838,-22.463346915295798,0.1,0.0,0.6,0.0
SP_2_5,2026-06-11,65,14.0,0.15,-10.35856108020095,-21.49950014515295,0.1,0.0,0.6,0.0
SP_2_5,2026-06-18,65,21.0,0.2586792822948243,-9.90906549691294,-21.966211407005677,4.6000000000000005,0.0,24.3,0.0
SP_2_5,2026-06-21,65,24.0,0.2187736920274624,-7.837008680444092,-21.345056133093557,3.0,0.0,16.2,0.0
SP_2_5,2026-06-23,65,26.0,0.20779795682925936,-5.531580716669666,-16.704484123333227,3.5,0.0,10.0,0.0
SP_2_5,2026-06-27,65,30.0,0.17559773237529622,-6.265274545195393,-18.267044028833073,3.5,0.0,7.0,0.0
SP_2_5,2026-06-29,65,32.0,0.25012991656197486,-5.650319881947588,-16.225857337618482,1.8,15.0,3.8000000000000003,15.0
SP_2_5,2026-06-30,65,33.0,0.22738806589304722,-5.359175109155963,-15.237405482169475,0.2,15.0,3.7,15.0
SP_2_5,2026-07-03,65,36.0,0.25637847404791453,0.25049228856287825,-13.827210880243019,11.0,0.0,12.799999999999999,15.0
SP_2_5,2026-07-05,65,38.0,0.3264526333792077,0.15406904101274532,-12.803702316136738,39.3,0.0,40.199999999999996,0.0
SP_2_5,2026-07-06,65,39.0,0.3182168616206029,-2.628043370969416,-13.87211733203495,33.6,0.0,44.6,0.0
SP_2_5,2026-07-09,65,42.0,0.3074164918661541,-2.8496075882218337,-13.600423272645067,9.1,0.0,52.9,0.0
SP_2_5,2026-07-11,65,44.0,0.3321998996656734,-2.4245919877051323,-12.714630833067343,21.1,0.0,33.5,0.0
SP_2_5,2026-07-12,65,45.0,0.34168163640639776,-4.353771826804759,-12.688589573847375,23.3,0.0,36.9,0.0
SP_2_5,2026-07-15,65,48.0,0.30844820391246247,-4.931014736312427,-13.173633141756419,4.9,0.0,34.1,0.0
SP_2_5,2026-07-17,65,50.0,0.28793279024338236,-5.426118724661051,-13.542732831552822,4.1,0.0,28.4,0.0
SP_2_5,2026-07-18,65,51.0,0.27229831407262084,-6.468410503797541,-13.470828737476827,2.5,0.0,15.5,0.0
SP_2_5,2026-07-21,65,54.0,0.2745446037059635,-5.984346834108036,-11.857611584964488,6.4,0.0,10.5,0.0
SP_2_5,2026-07-23,65,56.0,0.2612200801613069,-4.855569236846273,-12.54458157181832,9.4,0.0,9.6,0.0
SP_2_5,2026-07-24,65,57.0,0.25295843810113133,-6.125105123115392,-12.770337014277155,3.6,0.0,10.0,0.0
SP_2_5,2026-07-27,65,60.0,0.31520792506607276,-5.82498040060189,-12.704908183606282,26.200000000000003,0.0,36.0,0.0
SP_2_5,2026-07-29,65,62.0,0.3132536843646422,-5.007536008736499,-12.766393482874479,8.200000000000001,0.0,34.5,0.0
SP_2_5,2026-07-30,65,63.0,0.32712963181699467,-6.089304173013098,-13.50349187032332,15.4,0.0,42.0,0.0
SP_2_5,2026-08-02,65,66.0,0.26896881587025806,-5.750863538149577,-12.79874605065894,0.3,0.0,16.1,0.0
SP_2_5,2026-08-04,65,68.0,0.25496994411056156,-4.126143877765679,-12.0077230036044,1.5,0.0,14.1,0.0
SP_2_5,2026-08-05,65,69.0,0.2447009346704263,-5.9447435654644645,-13.23870810721655,1.5,0.0,9.4,0.0
SP_2_5,2026-08-08,65,72.0,0.2816912756854666,-5.608438428184024,-12.716558644466577,16.5,0.0,18.0,0.0
SP_2_5,2026-08-10,65,74.0,0.24361708159779585,-4.935717537527976,-12.528589421187355,1.4000000000000001,0.0,16.599999999999998,0.0
SP_2_5,2026-08-11,65,75.0,0.233306159756062,-6.036388933050972,-13.187566658942488,0.25,0.0,16.75,0.0
SP_2_5,2026-08-14,65,78.0,0.2985088966222145,-6.422753053243811,-13.007629770026837,15.700000000000001,0.0,17.25,0.0
SP_2_5,2026-08-16,65,80.0,0.24974965966717252,-5.731814981059618,-12.759451890815043,15.0,0.0,16.45,0.0
SP_2_5,2026-08-17,65,81.0,0.22338957551125715,-6.771743904950098,-13.530644110779676,0.65,0.0,16.5,0.0
SP_2_5,2026-08-20,65,84.0,0.1792922583629655,-6.264603578760795,-13.149374395097036,2.1,0.0,17.150000000000002,0.0
SP_2_5,2026-08-22,65,86.0,0.178206131340699,-5.420033969458516,-12.843363893702438,4.6,0.0,4.65,0.0
SP_2_5,2026-08-23,65,87.0,0.16282252374185407,-6.200110289101588,-13.285491438806748,2.5,0.0,4.65,0.0
SP_2_5,2026-08-26,65,90.0,0.15,-6.264130164824459,-13.075317857677577,0.7,0.0,5.3,0.0
SP_2_6,2026-04-06,65,-51.0,0.28119080778372846,-7.196232302759343,-16.690952173731215,10.3,0.0,14.1,0.0
SP_2_6,2026-04-09,65,-48.0,0.2962634018534859,-4.318540880226596,-12.751787499841909,8.3,0.0,19.0,0.0
SP_2_6,2026-04-11,65,-46.0,0.2956653383009788,-2.9889788150721404,-11.861161420032133,11.200000000000001,0.0,21.7,0.0
SP_2_6,2026-04-12,65,-45.0,0.2870015971578976,-3.912830575998645,-12.51248328369879,6.4,0.0,17.3,0.0
SP_2_6,2026-04-18,65,-39.0,0.29945240173166304,-4.016714276546742,-12.591057527637945,10.4,0.0,20.2,0.0
SP_2_6,2026-04-21,65,-36.0,0.2969461794014604,-4.137993548857465,-12.342616592778437,5.6000000000000005,0.0,19.7,0.0
SP_2_6,2026-04-23,65,-34.0,0.3128135820652647,-3.5418917335942797,-13.028982968505563,10.5,0.0,17.6,0.0
SP_2_6,2026-04-24,65,-33.0,0.3146924782062976,-3.7973490850721348,-12.28008073927478,13.100000000000001,0.0,20.6,0.0
SP_2_6,2026-04-30,65,-27.0,0.334287612963146,-4.607262282946229,-13.59293548997046,3.7,0.0,37.7,0.0
SP_2_6,2026-05-03,65,-24.0,0.28266385157058815,-8.646399892504029,-18.3898250266344,0.1,0.0,14.200000000000001,0.0
SP_2_6,2026-05-05,65,-22.0,0.22819619804108612,-7.119457282389609,-17.001938702202324,0.3,0.0,2.5,0.0
SP_2_6,2026-05-06,65,-21.0,0.19288032593530008,-9.132127719555355,-19.429671802730923,0.4,0.0,1.1,0.0
SP_2_6,2026-05-13,65,-14.0,0.2398165347335669,-4.608074785896193,-13.694115255804038,11.0,0.0,14.1,0.0
SP_2_6,2026-05-15,65,-12.0,0.21219562613603526,-10.592475458047218,-20.640584819039745,0.2,0.0,12.3,0.0
SP_2_6,2026-05-16,65,-11.0,0.19497432883451274,-11.319688728802337,-21.307172997324535,0.2,0.0,12.1,0.0
SP_2_6,2026-05-17,65,-10.0,0.18132178028108725,-8.75120668327762,-18.226410837168153,0.8,0.0,11.8,0.0
SP_2_6,2026-05-18,65,-9.0,0.15,-3.8540525901912446,-13.179600281459553,0.6,0.0,5.8,0.0
SP_2_6,2026-05-24,65,-3.0,0.15,-11.437308274074914,-21.57459972488524,0.7,0.0,1.1,0.0
SP_2_6,2026-05-25,65,-2.0,0.19771404020501493,-6.88542378051821,-16.619671874943915,6.6,0.0,7.1,0.0
SP_2_6,2026-05-27,65,0.0,0.25983602339092615,-4.858531406783516,-19.50427696266798,15.9,0.0,17.0,0.0
SP_2_6,2026-05-28,65,1.0,0.2589167811873488,-9.05606705808094,-22.202336320053742,11.5,0.0,18.2,0.0
SP_2_6,2026-05-29,65,2.0,0.270913828522054,-6.397052269306277,-20.265940580139986,11.2,0.0,21.4,0.0
SP_2_6,2026-05-30,65,3.0,0.2777253736774344,-4.940422950030687,-13.972971415830923,8.3,0.0,24.3,0.0
SP_2_6,2026-06-08,65,12.0,0.15,-11.090578713145725,-22.84897050535161,0.0,0.0,0.5,0.0
SP_2_6,2026-06-09,65,13.0,0.15,-10.955472980978222,-23.17858956551113,0.1,0.0,0.6,0.0
SP_2_6,2026-06-11,65,15.0,0.15,-10.24281794915321,-22.234873432401486,0.1,0.0,0.6,0.0
SP_2_6,2026-06-18,65,22.0,0.25849161554538724,-8.057877764096688,-21.86757481315184,4.6000000000000005,0.0,24.3,0.0
SP_2_6,2026-06-21,65,25.0,0.2188000284171913,-10.260462506986002,-21.931893239561816,3.0,0.0,16.2,0.0
SP_2_6,2026-06-23,65,27.0,0.20794093046201914,-2.7835353384666672,-16.34211413519456,3.5,0.0,10.0,0.0
SP_2_6,2026-06-27,65,31.0,0.26621846245265923,-5.81545439265488,-17.47892200107972,3.5,15.0,7.0,15.0
SP_2_6,2026-06-29,65,33.0,0.22958629379921713,-3.3562148626679704,-15.72990248214094,1.8,0.0,3.8000000000000003,15.0
SP_2_6,2026-06-30,65,34.0,0.21060470074887327,-6.148375080560471,-16.168216159303668,0.2,0.0,3.7,15.0
SP_2_6,2026-07-03,65,37.0,0.24827489056495822,-1.2874506770776886,-13.271308997113202,11.0,0.0,12.799999999999999,0.0
SP_2_6,2026-07-05,65,39.0,0.32524688396865803,-0.2155973338542937,-12.587454410260897,39.3,0.0,40.199999999999996,0.0
SP_2_6,2026-07-06,65,40.0,0.3170701533738983,-2.3123953842109843,-13.534880780837268,33.6,0.0,44.6,0.0
SP_2_6,2026-07-09,65,43.0,0.30655073082410556,-2.861628007382737,-13.301350408920891,9.1,0.0,52.9,0.0
SP_2_6,2026-07-11,65,45.0,0.331589459038671,-2.5650196076977934,-12.753480171470956,21.1,0.0,33.5,0.0
SP_2_6,2026-07-12,65,46.0,0.3409475308988385,-4.127300868196049,-12.58821657927169,23.3,0.0,36.9,0.0
SP_2_6,2026-07-15,65,49.0,0.30781078040096305,-5.035728133203826,-12.897885922536858,4.9,0.0,34.1,0.0
SP_2_6,2026-07-17,65,51.0,0.2873471956259316,-5.121902083559906,-13.275837737994951,4.1,0.0,28.4,0.0
SP_2_6,2026-07-18,65,52.0,0.27171159990740545,-6.3008409538022825,-13.48654273556884,2.5,0.0,15.5,0.0
SP_2_6,2026-07-21,65,55.0,0.2742185396122032,-5.880576112621832,-11.79952398537845,6.4,0.0,10.5,0.0
SP_2_6,2026-07-23,65,57.0,0.26091587564648233,-5.024266032009872,-12.60508714563361,9.4,0.0,9.6,0.0
SP_2_6,2026-07-24,65,58.0,0.2526566445957912,-5.858395032522932,-12.845288102701662,3.6,0.0,10.0,0.0
SP_2_6,2026-07-27,65,61.0,0.3150760031691363,-5.577522622916956,-12.514899088068425,26.200000000000003,0.0,36.0,0.0
SP_2_6,2026-07-29,65,63.0,0.31312366098577016,-5.128835987916639,-12.690967203671983,8.200000000000001,0.0,34.5,0.0
SP_2_6,2026-07-30,65,64.0,0.3270167119023037,-5.9515337208360295,-13.250189302635123,15.4,0.0,42.0,0.0
SP_2_6,2026-08-02,65,67.0,0.2688260248896046,-5.711114596088578,-12.42986040483393,0.3,0.0,16.1,0.0
SP_2_6,2026-08-04,65,69.0,0.2548789571012701,-4.080120632183939,-11.88632816702147,1.5,0.0,14.1,0.0
SP_2_6,2026-08-05,65,70.0,0.24461149061461518,-5.621059808811212,-12.87507490239042,1.5,0.0,9.4,0.0
SP_2_6,2026-08-08,65,73.0,0.28162995434699456,-5.156727382400179,-12.237568866089267,16.5,0.0,18.0,0.0
SP_2_6,2026-08-10,65,75.0,0.2435009865162549,-4.524022666406271,-12.501487497353294,1.4000000000000001,0.0,16.599999999999998,0.0
SP_2_6,2026-08-11,65,76.0,0.2331738552700914,-5.347430666218884,-12.87884083798376,0.25,0.0,16.75,0.0
SP_2_6,2026-08-14,65,79.0,0.2984200840200834,-6.2815303943362295,-12.840868164174484,15.700000000000001,0.0,17.25,0.0
SP_2_6,2026-08-16,65,81.0,0.24957032295402753,-5.534003794381307,-12.697766177026871,15.0,0.0,16.45,0.0
SP_2_6,2026-08-17,65,82.0,0.22310637286860374,-6.414293383959279,-13.201501039785711,0.65,0.0,16.5,0.0
SP_2_6,2026-08-20,65,85.0,0.17894309180939402,-6.155399862433456,-13.141504271657281,2.1,0.0,17.150000000000002,0.0
SP_2_6,2026-08-22,65,87.0,0.17783141651109094,-5.54851811622187,-13.05726876949196,4.6,0.0,4.65,0.0
SP_2_6,2026-08-23,65,88.0,0.16249494104276985,-6.177634162325035,-13.205693832046085,2.5,0.0,4.65,0.0
SP_2_6,2026-08-26,65,91.0,0.15,-6.418976476153836,-13.301875593319473,0.6,0.0,5.2,0.0
SP_2_7,2026-04-06,65,-52.0,0.28129358909800883,-7.940648448893253,-16.734197551561568,10.4,0.0,14.0,0.0
SP_2_7,2026-04-09,65,-49.0,0.2981372396081741,-4.841821742114111,-13.307352870875707,8.600000000000001,0.0,19.2,0.0
SP_2_7,2026-04-11,65,-47.0,0.29740522845792144,-4.131380954991481,-12.554392888561809,12.3,0.0,22.6,0.0
SP_2_7,2026-04-12,65,-46.0,0.2868578828426358,-4.975227125918946,-13.041037316954196,6.4,0.0,17.7,0.0
SP_2_7,2026-04-18,65,-40.0,0.30559531308919724,-5.087213811566182,-13.187472216815742,11.9,0.0,22.400000000000002,0.0
SP_2_7,2026-04-21,65,-37.0,0.3038069070316629,-4.7487270384745885,-13.412174435504662,6.4,0.0,22.7,0.0
SP_2_7,2026-04-23,65,-35.0,0.31445933559843703,-4.121210220283361,-13.013942603138888,9.9,0.0,18.4,0.0
SP_2_7,2026-04-24,65,-34.0,0.32040181769745624,-5.038918944896542,-12.971842331787737,13.3,0.0,22.0,0.0
SP_2_7,2026-04-30,65,-28.0,0.33817400176768525,-5.227619293910419,-13.624343831369226,3.3000000000000003,0.0,39.2,0.0
SP_2_7,2026-05-03,65,-25.0,0.2869450594694528,-5.443224103073922,-14.420375353306996,0.1,0.0,14.0,0.0
SP_2_7,2026-05-05,65,-23.0,0.2322609256804843,-4.942481655022975,-14.01812428059165,0.2,0.0,2.0,0.0
SP_2_7,2026-05-06,65,-22.0,0.19686426709563942,-6.756434546848404,-15.744289315086963,0.30000000000000004,0.0,0.8,0.0
SP_2_7,2026-05-13,65,-15.0,0.2461064585165481,-5.42100878542363,-13.754659400081854,12.0,0.0,15.0,0.0
SP_2_7,2026-05-15,65,-13.0,0.21863957253431676,-8.170712581232394,-17.432081264301406,0.2,0.0,13.4,0.0
SP_2_7,2026-05-16,65,-12.0,0.20101653716797896,-9.05167016801973,-18.129527817683147,0.2,0.0,13.2,0.0
SP_2_7,2026-05-17,65,-11.0,0.18255542067332914,-7.8580686258598265,-16.382622604219485,0.4,0.0,12.4,0.0
SP_2_7,2026-05-18,65,-10.0,0.15,-4.386838616241604,-12.662757618039066,0.2,0.0,4.4,0.0
SP_2_7,2026-05-24,65,-4.0,0.15,-10.087906766200037,-17.785110822061483,1.0,0.0,1.1,0.0
SP_2_7,2026-05-25,65,-3.0,0.18005205822895967,-7.023141757228113,-14.736392013243984,5.4,0.0,5.5,0.0
SP_2_7,2026-05-27,65,-1.0,0.2502980646246855,-5.621277277587787,-13.454036759897484,14.5,0.0,15.600000000000001,0.0
SP_2_7,2026-05-28,65,0.0,0.2488365341422338,-7.247956485856317,-15.139864163388896,11.3,0.0,16.700000000000003,0.0
SP_2_7,2026-05-29,65,1.0,0.26604749474777956,-5.951386739265501,-14.21437827669167,10.8,0.0,20.400000000000002,0.0
SP_2_7,2026-05-30,65,2.0,0.27028189472332087,-8.601112684644326,-17.389982292805374,7.700000000000001,0.0,22.200000000000003,0.0
SP_2_7,2026-06-08,65,11.0,0.15,-5.117732845056388,-20.038056226392726,0.0,0.0,0.7999999999999999,0.0
SP_2_7,2026-06-09,65,12.0,0.15,-5.289333803382441,-20.44259239470806,0.1,0.0,0.7999999999999999,0.0
SP_2_7,2026-06-11,65,14.0,0.15,-12.487767919009418,-20.01371236223771,0.1,0.0,0.7999999999999999,0.0
SP_2_7,2026-06-18,65,21.0,0.24288220316003029,-11.890228938549093,-20.167904716594283,3.7,0.0,19.4,0.0
SP_2_7,2026-06-21,65,24.0,0.19444614240219393,-2.3656258928616785,-20.011278058843345,1.7000000000000002,0.0,13.0,0.0
SP_2_7,2026-06-23,65,26.0,0.188702699362038,-7.215284962765212,-16.463587855198853,4.0,0.0,8.7,0.0
SP_2_7,2026-06-27,65,30.0,0.25770703407055523,3.0529922787775066,-18.693038395496835,4.1,15.0,8.1,15.0
SP_2_7,2026-06-29,65,32.0,0.22012711512041389,-8.382956787899303,-18.4280334316804,2.0,0.0,4.3999999999999995,15.0
SP_2_7,2026-06-30,65,33.0,0.1997615881779148,-10.579901953153993,-18.917910224343903,0.30000000000000004,0.0,4.3999999999999995,15.0
SP_2_7,2026-07-03,65,36.0,0.22777370249032328,3.566607433902851,-15.79922326297954,9.5,0.0,11.5,0.0
SP_2_7,2026-07-05,65,38.0,0.32072108601062466,-4.440830809692502,-13.850926572003308,36.1,0.0,37.1,0.0
SP_2_7,2026-07-06,65,39.0,0.30712345218234577,-5.867246451422154,-15.053693301791808,30.9,0.0,40.4,0.0
SP_2_7,2026-07-09,65,42.0,0.2997408369939286,0.3891372430400955,-14.165366539084378,10.4,0.0,50.0,0.0
SP_2_7,2026-07-11,65,44.0,0.33240701285870694,-4.56039117038986,-13.448445245405798,22.900000000000002,0.0,37.1,0.0
SP_2_7,2026-07-12,65,45.0,0.3378080952021713,-5.243762066450463,-13.088713384607338,24.8,0.0,38.7,0.0
SP_2_7,2026-07-15,65,48.0,0.30698351862670453,-3.2444646540966664,-13.569699364999817,5.8,0.0,36.5,0.0
SP_2_7,2026-07-17,65,50.0,0.28747289313420843,-6.925787675033918,-14.143654221901977,4.5,0.0,31.7,0.0
SP_2_7,2026-07-18,65,51.0,0.27159534105083777,-7.611745290920413,-14.184208122010668,2.8,0.0,16.4,0.0
SP_2_7,2026-07-21,65,54.0,0.2812300057459563,-5.76742988431763,-11.913122104283207,8.0,0.0,12.5,0.0
SP_2_7,2026-07-23,65,56.0,0.2723942775699087,-5.60465644043636,-12.913446238414783,13.4,0.0,13.4,0.0
SP_2_7,2026-07-24,65,57.0,0.27145502433003427,-6.87212557287333,-13.151167254274094,7.2,0.0,15.200000000000001,0.0
SP_2_7,2026-07-27,65,60.0,0.3310933878219626,-6.230969711524135,-13.273390644498885,30.099999999999998,0.0,45.3,0.0
SP_2_7,2026-07-29,65,62.0,0.32877636902734914,-6.111659727072163,-13.039853132810343,8.9,0.0,40.8,0.0
SP_2_7,2026-07-30,65,63.0,0.3379698592789259,-6.959091060444566,-13.521565100941286,15.8,0.0,47.7,0.0
SP_2_7,2026-08-02,65,66.0,0.2805840137114692,-6.482783930556858,-12.883600274360914,0.5,0.0,16.3,0.0
SP_2_7,2026-08-04,65,68.0,0.2632602162873091,-5.553140201594541,-12.612160853549367,1.2,0.0,14.1,0.0
SP_2_7,2026-08-05,65,69.0,0.2528663052432256,-6.735603234630661,-13.405961774181103,1.2,0.0,8.6,0.0
SP_2_7,2026-08-08,65,72.0,0.2867156343887892,-5.792916569961601,-12.74667056988453,16.0,0.0,17.2,0.0
SP_2_7,2026-08-10,65,74.0,0.248696875491717,-5.962606041872815,-12.909813079863683,2.5,0.0,16.2,0.0
SP_2_7,2026-08-11,65,75.0,0.23830670872167745,-6.893804149512562,-13.564542212015496,0.35,0.0,16.35,0.0
SP_2_7,2026-08-14,65,78.0,0.2998475539987939,-6.898859881749004,-13.537148707161528,15.700000000000001,0.0,18.35,0.0
SP_2_7,2026-08-16,65,80.0,0.25231660255639915,-6.497772681549147,-13.204470522127545,15.0,0.0,16.45,0.0
SP_2_7,2026-08-17,65,81.0,0.22634950472641965,-7.753107134251093,-14.096054280729955,0.65,0.0,16.5,0.0
SP_2_7,2026-08-20,65,84.0,0.18050446643769244,-6.985960004251911,-13.67585084319436,2.0,0.0,17.05,0.0
SP_2_7,2026-08-22,65,86.0,0.17555948112726816,-6.483391159101057,-13.872275647074117,4.2,0.0,4.25,0.0
SP_2_7,2026-08-23,65,87.0,0.16030650104563507,-7.457043359939959,-13.995079363225205,2.2,0.0,4.25,0.0
SP_2_7,2026-08-26,65,90.0,0.15,-6.893132955652053,-13.867141573957847,0.6,0.0,4.8,0.0
SP_3_1,2026-04-06,65,-49.0,0.2834528323414902,-6.2231053266494785,-15.184663691129327,10.600000000000001,0.0,14.5,0.0
SP_3_1,2026-04-09,65,-46.0,0.3010821053173774,-3.8022047516518453,-12.304739848240287,9.2,0.0,19.900000000000002,0.0
SP_3_1,2026-04-11,65,-44.0,0.29800137216521216,-3.1850573788355243,-11.683126865542135,12.7,0.0,23.3,0.0
SP_3_1,2026-04-12,65,-43.0,0.2890041853101877,-4.040682613895759,-12.257195840780266,6.4,0.0,18.7,0.0
SP_3_1,2026-04-18,65,-37.0,0.3002781522045819,-4.108960317669631,-12.482017922716363,12.7,0.0,21.1,0.0
SP_3_1,2026-04-21,65,-34.0,0.2995670580238685,-3.929569820663981,-12.32188319933702,5.5,0.0,20.2,0.0
SP_3_1,2026-04-23,65,-32.0,0.30842538910829626,-4.576043069804111,-14.148187261531874,9.1,0.0,14.9,0.0
SP_3_1,2026-04-24,65,-31.0,0.3174892924294975,-3.907786466395833,-12.262621407615345,12.899999999999999,0.0,19.5,0.0
SP_3_1,2026-04-30,65,-25.0,0.33319428093881365,-5.291634804738417,-14.526858004128613,3.8000000000000003,0.0,38.3,0.0
SP_3_1,2026-05-03,65,-22.0,0.28136936363049664,-9.54337942157738,-19.820091808302035,0.0,0.0,13.3,0.0
SP_3_1,2026-05-05,65,-20.0,0.2267626610293163,-8.463498606607539,-18.125823273679035,0.3,0.0,2.8000000000000003,0.0
SP_3_1,2026-05-06,65,-19.0,0.18650922083531193,-9.957380980500686,-20.458194850659993,0.3,0.0,0.9000000000000001,0.0
SP_3_1,2026-05-13,65,-12.0,0.2628547386919915,-4.209686466797288,-12.892009356225076,16.3,0.0,18.7,0.0
SP_3_1,2026-05-15,65,-10.0,0.23258098864571675,-10.268981671270085,-20.057285508716372,0.1,0.0,18.400000000000002,0.0
SP_3_1,2026-05-16,65,-9.0,0.21667436405900195,-10.626716472929441,-20.547453181817303,0.1,0.0,17.5,0.0
SP_3_1,2026-05-17,65,-8.0,0.20385773358990922,-8.84370917645867,-18.80661847949099,0.7999999999999999,0.0,17.1,0.0
SP_3_1,2026-05-18,65,-7.0,0.1617595137249256,5.961043692918841,-14.083626362800437,0.7,0.0,5.2,0.0
SP_3_1,2026-05-24,65,-1.0,0.15,4.979247246657991,-21.476587366626724,1.4000000000000001,0.0,1.6,0.0
SP_3_1,2026-05-25,65,0.0,0.18208676662200582,8.73173812290148,-19.09809818516958,5.9,0.0,6.2,0.0
SP_3_1,2026-05-27,65,2.0,0.22588487853118855,-4.1270509959895945,-18.408277804672142,11.4,0.0,13.0,0.0
SP_3_1,2026-05-28,65,3.0,0.23334976618417186,-8.90202467373146,-21.40651992566677,8.5,0.0,14.5,0.0
SP_3_1,2026-05-29,65,4.0,0.2547374260708214,2.9444774795142576,-19.628277705314794,7.300000000000001,0.0,18.0,0.0
SP_3_1,2026-05-30,65,5.0,0.25790318264446904,-7.531786489265776,-14.744372048240376,7.4,0.0,18.8,0.0
SP_3_1,2026-06-08,65,14.0,0.2122329799589086,-8.442515115187577,-20.66218767818141,0.0,10.0,1.2999999999999998,10.0
SP_3_1,2026-06-09,65,15.0,0.171195235120002,-7.99257463038301,-20.75024878168246,0.0,10.0,1.2999999999999998,10.0
SP_3_1,2026-06-11,65,17.0,0.15,3.239248126026681,-19.531026276608316,0.0,0.0,0.7999999999999999,10.0
SP_3_1,2026-06-18,65,24.0,0.24147588345734727,3.452257080972471,-18.238097832528016,5.1,0.0,19.2,0.0
SP_3_1,2026-06-21,65,27.0,0.18208174102654667,-7.6379542245366485,-17.48517375046873,0.5,0.0,13.5,0.0
SP_3_1,2026-06-23,65,29.0,0.1765250206436098,4.300441643840856,-14.419959581260265,3.6,0.0,8.3,0.0
SP_3_1,2026-06-27,65,33.0,0.22486014061637807,-5.903850194024543,-15.190939417410828,2.1999999999999997,0.0,5.8,15.0
SP_3_1,2026-06-29,65,35.0,0.192323341324806,0.28985060314890365,-14.634599569937414,2.0,0.0,2.4,15.0
SP_3_1,2026-06-30,65,36.0,0.175115361914648,-4.022368144082786,-15.144365956003796,0.1,0.0,2.3,15.0
SP_3_1,2026-07-03,65,39.0,0.18803059876902817,-4.210293506230338,-13.811543035632614,5.8999999999999995,0.0,7.8999999999999995,0.0
SP_3_1,2026-07-05,65,41.0,0.31379855692918124,3.7112402988665583,-13.324855188386955,28.5,0.0,29.299999999999997,0.0
SP_3_1,2026-07-06,65,42.0,0.29802768018377407,-1.3148148100178538,-14.070885471429301,27.599999999999998,0.0,33.5,0.0
SP_3_1,2026-07-09,65,45.0,0.2932941014445596,-5.081963645234025,-13.475349804912028,11.4,0.0,44.1,0.0
SP_3_1,2026-07-11,65,47.0,0.31141988380201685,0.5038825756060183,-13.50225653265194,18.6,0.0,34.2,0.0
SP_3_1,2026-07-12,65,48.0,0.3012630751444105,-3.0197680659232566,-13.117174433861027,14.399999999999999,0.0,30.0,0.0
SP_3_1,2026-07-15,65,51.0,0.281680963492512,-5.269089574006458,-12.887896786213105,5.7,0.0,26.6,0.0
SP_3_1,2026-07-17,65,53.0,0.26394469985514896,-1.2930384603049,-13.608376405920591,4.800000000000001,0.0,21.7,0.0
SP_3_1,2026-07-18,65,54.0,0.24828632887424443,-6.049203175350137,-13.700217805210187,2.6,0.0,10.6,0.0
SP_3_1,2026-07-21,65,57.0,0.2749213360104284,-5.110473796534923,-11.39702479338212,9.9,0.0,14.700000000000001,0.0
SP_3_1,2026-07-23,65,59.0,0.2696655384558723,-3.5558752261356514,-12.531249098758433,17.5,0.0,17.5,0.0
SP_3_1,2026-07-24,65,60.0,0.2737650800972116,-5.770803844719462,-13.046275383389052,10.6,0.0,20.5,0.0
SP_3_1,2026-07-27,65,63.0,0.32372377334347624,-5.791759068394914,-12.51041363571341,28.7,0.0,49.2,0.0
SP_3_1,2026-07-29,65,65.0,0.31931204334159263,-4.551951808152823,-12.526904058854287,8.4,0.0,40.0,0.0
SP_3_1,2026-07-30,65,66.0,0.3321626213812152,-5.644106067146215,-13.069175879439442,16.1,0.0,47.8,0.0
SP_3_1,2026-08-02,65,69.0,0.27267325456263375,-6.228498330944568,-12.43998482165959,0.3,0.0,16.5,0.0
SP_3_1,2026-08-04,65,71.0,0.2617030584658171,-4.480748740557462,-12.291345669320304,2.4,0.0,15.299999999999999,0.0
SP_3_1,2026-08-05,65,72.0,0.24997072439056897,-6.0059545879496525,-13.26385354457922,2.4,0.0,10.5,0.0
SP_3_1,2026-08-08,65,75.0,0.2970573401140983,-6.083502176978403,-12.455204075432631,19.8,0.0,22.2,0.0
SP_3_1,2026-08-10,65,77.0,0.2561248862214169,-5.286097695606809,-12.702726475497602,5.1,0.0,21.0,0.0
SP_3_1,2026-08-11,65,78.0,0.24417128343240843,-5.991596184558441,-13.168713563523024,0.75,0.0,20.55,0.0
SP_3_1,2026-08-14,65,81.0,0.30006979083620644,-7.104968336262534,-13.120325780493118,15.700000000000001,0.0,20.95,0.0
SP_3_1,2026-08-16,65,83.0,0.2524611685933083,-5.827335782495739,-13.022727064426654,15.0,0.0,16.45,0.0
SP_3_1,2026-08-17,65,84.0,0.22531656430943298,-6.663279217252662,-13.486454155237587,0.65,0.0,16.5,0.0
SP_3_1,2026-08-20,65,87.0,0.16787122497168958,-6.873030947129885,-13.262623401424268,1.4,0.0,16.45,0.0
SP_3_1,2026-08-22,65,89.0,0.15,-5.851276982415553,-13.170233303073536,2.8,0.0,2.85,0.0
SP_3_1,2026-08-23,65,90.0,0.15,-6.308982615827338,-13.441400043508498,1.4000000000000001,0.0,2.85,0.0
SP_3_1,2026-08-26,65,93.0,0.15,-6.956882525177058,-13.294041628319551,0.6,0.0,3.4,0.0
SP_3_4,2026-04-06,65,-49.0,0.28118000028909684,-5.947587611157756,-14.954233980697518,10.4,0.0,14.0,0.0
SP_3_4,2026-04-09,65,-46.0,0.2980445312339946,-4.007595784817212,-12.204157383274135,8.600000000000001,0.0,19.2,0.0
SP_3_4,2026-04-11,65,-44.0,0.29731741304385606,-3.153110222700356,-11.62240616646078,12.3,0.0,22.6,0.0
SP_3_4,2026-04-12,65,-43.0,0.28673901445728306,-3.887429993298137,-12.259887720241432,6.4,0.0,17.7,0.0
SP_3_4,2026-04-18,65,-37.0,0.305415711156601,-3.987950630741181,-12.353459264938538,11.9,0.0,22.400000000000002,0.0
SP_3_4,2026-04-21,65,-34.0,0.303645920085424,-3.958997482174439,-12.209564998189217,6.4,0.0,22.7,0.0
SP_3_4,2026-04-23,65,-32.0,0.3142863130965028,-4.775771974197921,-14.409818291959137,9.9,0.0,18.4,0.0
SP_3_4,2026-04-24,65,-31.0,0.3202361980332945,-3.7629253229992616,-12.170189597912078,13.3,0.0,22.0,0.0
SP_3_4,2026-04-30,65,-25.0,0.33796647871969476,-5.2878988594676315,-14.344580934564966,3.3000000000000003,0.0,39.2,0.0
SP_3_4,2026-05-03,65,-22.0,0.28651463581786984,-9.765818312587704,-20.087806680148653,0.1,0.0,14.0,0.0
SP_3_4,2026-05-05,65,-20.0,0.23147004770098778,-8.68820821486471,-18.512062719296807,0.2,0.0,2.0,0.0
SP_3_4,2026-05-06,65,-19.0,0.19573033429110118,-10.12959619264571,-20.584746791532353,0.30000000000000004,0.0,0.8,0.0
SP_3_4,2026-05-13,65,-12.0,0.24594970641194916,-4.338728955141766,-13.12902903174274,12.0,0.0,15.0,0.0
SP_3_4,2026-05-15,65,-10.0,0.218305635952383,-10.764618006156294,-20.759843445219637,0.2,0.0,13.4,0.0
SP_3_4,2026-05-16,65,-9.0,0.20044204199625906,-11.071759846956109,-21.132590898405997,0.2,0.0,13.2,0.0
SP_3_4,2026-05-17,65,-8.0,0.1818230794583199,-9.158992875637065,-18.921394305250864,0.4,0.0,12.4,0.0
SP_3_4,2026-05-18,65,-7.0,0.15,-3.6871138348937493,-12.70463829884899,0.2,0.0,4.4,0.0
SP_3_4,2026-05-24,65,-1.0,0.15,-8.118433600568299,-22.51144631061454,1.0,0.0,1.1,0.0
SP_3_4,2026-05-25,65,0.0,0.17996795765512275,-3.7172844402704848,-20.12047710187384,5.4,0.0,5.5,0.0
SP_3_4,2026-05-27,65,2.0,0.25013050766561207,-2.467409050495675,-19.016784541780805,14.5,0.0,15.600000000000001,0.0
SP_3_4,2026-05-28,65,3.0,0.24865960147345986,-9.302612716066553,-21.89897496963976,11.3,0.0,16.700000000000003,0.0
SP_3_4,2026-05-29,65,4.0,0.265897044110852,-6.086906931466411,-19.981993188377366,10.8,0.0,20.400000000000002,0.0
SP_3_4,2026-05-30,65,5.0,0.2701339534594971,-9.36462692985607,-15.755298457309468,7.700000000000001,0.0,22.200000000000003,0.0
SP_3_4,2026-06-08,65,14.0,0.21467007751853498,-8.021257497618548,-21.306244129558984,0.0,10.0,0.7999999999999999,10.0
SP_3_4,2026-06-09,65,15.0,0.1779187246989037,-7.007933568914178,-20.796041192250865,0.1,10.0,0.7999999999999999,10.0
SP_3_4,2026-06-11,65,17.0,0.17489171100265938,-2.642130679998829,-18.429948677943763,0.1,7.0,0.7999999999999999,17.0
SP_3_4,2026-06-18,65,24.0,0.24192416919901927,-6.810011448431478,-19.69832954434731,3.7,0.0,19.4,0.0
SP_3_4,2026-06-21,65,27.0,0.19479341234282174,-6.835421223361528,-19.06094032235454,1.7000000000000002,0.0,13.0,0.0
SP_3_4,2026-06-23,65,29.0,0.19007929013135713,-3.0932630996182024,-15.526042179804136,4.0,0.0,8.7,0.0
SP_3_4,2026-06-27,65,33.0,0.2593156198032706,-3.7910391280355666,-15.869688558498048,4.1,15.0,8.1,15.0
SP_3_4,2026-06-29,65,35.0,0.22201414006853024,-2.353283335098108,-14.417118004731151,2.0,0.0,4.3999999999999995,15.0
SP_3_4,2026-06-30,65,36.0,0.2025869607655496,-4.984853572182261,-14.776710816966553,0.30000000000000004,0.0,4.3999999999999995,15.0
SP_3_4,2026-07-03,65,39.0,0.2328372179487333,-2.486803815659524,-14.322573917422348,9.5,0.0,11.5,0.0
SP_3_4,2026-07-05,65,41.0,0.3222724987916516,-1.5113347188898727,-13.34599739162548,36.1,0.0,37.1,0.0
SP_3_4,2026-07-06,65,42.0,0.3077078415873206,-3.800594369899657,-14.13254926244113,30.9,0.0,40.4,0.0
SP_3_4,2026-07-09,65,45.0,0.29952439055713603,-4.588583059436361,-13.446103237271895,10.4,0.0,50.0,0.0
SP_3_4,2026-07-11,65,47.0,0.33211214793266797,-3.912399289120003,-13.611737195335118,22.900000000000002,0.0,37.1,0.0
SP_3_4,2026-07-12,65,48.0,0.3373496252882323,-4.908141939241803,-13.056421696578845,24.8,0.0,38.7,0.0
SP_3_4,2026-07-15,65,51.0,0.30627770429572476,-5.5316836337849296,-13.010612454616727,5.8,0.0,36.5,0.0
SP_3_4,2026-07-17,65,53.0,0.28660910487178515,-5.767557994777293,-13.590689859258296,4.5,0.0,31.7,0.0
SP_3_4,2026-07-18,65,54.0,0.27060464495037406,-7.1699988728057695,-13.855448481169326,2.8,0.0,16.4,0.0
SP_3_4,2026-07-21,65,57.0,0.2803773143660977,-5.711878219400131,-11.72645716195317,8.0,0.0,12.5,0.0
SP_3_4,2026-07-23,65,59.0,0.2714888942212628,-5.374237406867853,-12.50599067880466,13.4,0.0,13.4,0.0
SP_3_4,2026-07-24,65,60.0,0.2705350380211798,-6.347025524681134,-12.947669777708999,7.2,0.0,15.200000000000001,0.0
SP_3_4,2026-07-27,65,63.0,0.33026266693680695,-6.116555475329374,-12.659729068800917,30.099999999999998,0.0,45.3,0.0
SP_3_4,2026-07-29,65,65.0,0.3279315902499207,-5.964488536015894,-12.847567824784964,8.9,0.0,40.8,0.0
SP_3_4,2026-07-30,65,66.0,0.33713019360929486,-6.499614044933048,-13.396656001249603,15.8,0.0,47.7,0.0
SP_3_4,2026-08-02,65,69.0,0.27949760814525876,-6.430503599313299,-12.662455267482688,0.5,0.0,16.3,0.0
SP_3_4,2026-08-04,65,71.0,0.262165359100576,-5.1643315505414575,-12.255412226585703,1.2,0.0,14.1,0.0
SP_3_4,2026-08-05,65,72.0,0.2513120843790395,-6.4868211366531545,-13.284666522433156,1.2,0.0,8.6,0.0
SP_3_4,2026-08-08,65,75.0,0.2851498977363288,-6.2983801909867445,-12.888483134971993,16.0,0.0,17.2,0.0
SP_3_4,2026-08-10,65,77.0,0.24609544910611883,-5.794964598874546,-12.931257058513177,2.5,0.0,16.2,0.0
SP_3_4,2026-08-11,65,78.0,0.2353725397192016,-6.606906305134375,-13.314386973606753,0.35,0.0,16.35,0.0
SP_3_4,2026-08-14,65,81.0,0.29791748273920976,-7.093357173483408,-13.497167633224024,15.700000000000001,0.0,18.35,0.0
SP_3_4,2026-08-16,65,83.0,0.24980242862186863,-6.292909365922061,-13.200624624068771,15.0,0.0,16.45,0.0
SP_3_4,2026-08-17,65,84.0,0.2231101060215549,-7.211489034944502,-13.693494942177953,0.65,0.0,16.5,0.0
SP_3_4,2026-08-20,65,87.0,0.17404754791232208,-6.9398893408656415,-13.317168767885605,2.0,0.0,17.05,0.0
SP_3_4,2026-08-22,65,89.0,0.16810319557851464,-6.1588771891743885,-13.19767661016302,4.2,0.0,4.25,0.0
SP_3_4,2026-08-23,65,90.0,0.15,-6.57923053871947,-13.295830850222508,2.2,0.0,4.25,0.0
SP_3_4,2026-08-26,65,93.0,0.15,-7.065961820174131,-13.460958606170871,0.6,0.0,4.8,0.0
SP_3_5,2026-04-06,65,-48.0,0.2812758571698333,-5.953133789023343,-14.842366808233953,10.3,0.0,14.1,0.0
SP_3_5,2026-04-09,65,-45.0,0.29625888847771864,-4.276561780774299,-12.471257728650663,8.3,0.0,19.0,0.0
SP_3_5,2026-04-11,65,-43.0,0.29564278773547065,-3.0723453236954072,-11.851767151621228,11.200000000000001,0.0,21.7,0.0
SP_3_5,2026-04-12,65,-42.0,0.28694477843243954,-4.040103802069733,-12.238822186415067,6.4,0.0,17.3,0.0
SP_3_5,2026-04-18,65,-36.0,0.29941801914751165,-4.220154875266855,-12.380267147934084,10.4,0.0,20.2,0.0
SP_3_5,2026-04-21,65,-33.0,0.29686882115897534,-4.026239736705002,-12.2517667667775,5.6000000000000005,0.0,19.7,0.0
SP_3_5,2026-04-23,65,-31.0,0.3127733958082848,-4.352669694129782,-13.791565402115387,10.5,0.0,17.6,0.0
SP_3_5,2026-04-24,65,-30.0,0.31462013340360556,-3.939892070039633,-12.155501839117926,13.100000000000001,0.0,20.6,0.0
SP_3_5,2026-04-30,65,-24.0,0.33417603530741113,-5.208714011473617,-14.011808149777698,3.7,0.0,37.7,0.0
SP_3_5,2026-05-03,65,-21.0,0.28246376451188804,-9.911226735068203,-20.147923374840616,0.1,0.0,14.200000000000001,0.0
SP_3_5,2026-05-05,65,-19.0,0.22799830735369261,-8.714113680348634,-17.920246443480586,0.3,0.0,2.5,0.0
SP_3_5,2026-05-06,65,-18.0,0.19264784472859492,-10.534463028964453,-20.678894013084182,0.4,0.0,1.1,0.0
SP_3_5,2026-05-13,65,-11.0,0.23970500883700477,-4.8300456540280745,-13.67098682674838,11.0,0.0,14.1,0.0
SP_3_5,2026-05-15,65,-9.0,0.21199301740459808,-10.909492026390723,-21.010887560674426,0.2,0.0,12.3,0.0
SP_3_5,2026-05-16,65,-8.0,0.19465096783274238,-11.244089560821509,-21.29587707847317,0.2,0.0,12.1,0.0
SP_3_5,2026-05-17,65,-7.0,0.18097304098533656,-9.309065551477401,-18.22217246630389,0.8,0.0,11.8,0.0
SP_3_5,2026-05-18,65,-6.0,0.15,-4.001479208187307,-12.993848822075007,0.6,0.0,5.8,0.0
SP_3_5,2026-05-24,65,0.0,0.15,-9.753344743418427,-22.985600622623675,0.7,0.0,1.1,0.0
SP_3_5,2026-05-25,65,1.0,0.19763437836317074,-5.1041346247357655,-20.526359923500806,6.6,0.0,7.1,0.0
SP_3_5,2026-05-27,65,3.0,0.2597479348310184,-2.740182992263507,-18.206022696077216,15.9,0.0,17.0,0.0
SP_3_5,2026-05-28,65,4.0,0.25880704685056666,-8.924873013741294,-22.02366180013991,11.5,0.0,18.2,0.0
SP_3_5,2026-05-29,65,5.0,0.2708418144529035,-5.793586456444686,-19.71733154620801,11.2,0.0,21.4,0.0
SP_3_5,2026-05-30,65,6.0,0.27767423348501824,-6.947683589534352,-14.185508355568588,8.3,0.0,24.3,0.0
SP_3_5,2026-06-08,65,15.0,0.15,-9.931267785322067,-22.294393709170727,0.0,0.0,0.5,0.0
SP_3_5,2026-06-09,65,16.0,0.15,-9.882199591123257,-22.36178454496656,0.1,0.0,0.6,0.0
SP_3_5,2026-06-11,65,18.0,0.15893396377146662,-5.57499880394123,-19.433960319718786,0.1,10.0,0.6,10.0
SP_3_5,2026-06-18,65,25.0,0.2580193900082338,-7.624308356856348,-18.53780336970692,4.6000000000000005,0.0,24.3,0.0
SP_3_5,2026-06-21,65,28.0,0.219462011076027,-7.2992588115349974,-18.197434893088897,3.0,0.0,16.2,0.0
SP_3_5,2026-06-23,65,30.0,0.2097828395154426,-3.377865706057605,-14.163709483748143,3.5,0.0,10.0,0.0
SP_3_5,2026-06-27,65,34.0,0.24872718776930594,-4.188426397296566,-15.09696649949525,3.5,0.0,7.0,15.0
SP_3_5,2026-06-29,65,36.0,0.21910510977412592,-5.813984178316135,-14.915311843047848,1.8,0.0,3.8000000000000003,15.0
SP_3_5,2026-06-30,65,37.0,0.20227248919163615,-6.930376818274892,-14.888263741879923,0.2,0.0,3.7,15.0
SP_3_5,2026-07-03,65,40.0,0.24742275399307243,-2.93193774283953,-13.739461287012269,11.0,0.0,12.799999999999999,0.0
SP_3_5,2026-07-05,65,42.0,0.3254008819528967,-2.64830270189573,-13.041663578453573,39.3,0.0,40.199999999999996,0.0
SP_3_5,2026-07-06,65,43.0,0.316397635727437,-4.307204860313551,-13.863877462432239,33.6,0.0,44.6,0.0
SP_3_5,2026-07-09,65,46.0,0.3055545578391925,-4.712098085134771,-13.254931541203536,9.1,0.0,52.9,0.0
SP_3_5,2026-07-11,65,48.0,0.33072211828246717,-4.461263184910335,-13.453476068522246,21.1,0.0,33.5,0.0
SP_3_5,2026-07-12,65,49.0,0.33983060605724336,-5.094666176764119,-12.84745178860037,23.3,0.0,36.9,0.0
SP_3_5,2026-07-15,65,52.0,0.30652319426609564,-5.368713943753191,-12.881168946881505,4.9,0.0,34.1,0.0
SP_3_5,2026-07-17,65,54.0,0.28603037823460203,-5.704856856000821,-13.536294191912472,4.1,0.0,28.4,0.0
SP_3_5,2026-07-18,65,55.0,0.27031703209888425,-7.081971021165061,-13.660106005132707,2.5,0.0,15.5,0.0
SP_3_5,2026-07-21,65,58.0,0.27302063669226995,-5.721530346458325,-11.70410312384564,6.4,0.0,10.5,0.0
SP_3_5,2026-07-23,65,60.0,0.2596875298878733,-4.83564524598764,-12.254674514191917,9.4,0.0,9.6,0.0
SP_3_5,2026-07-24,65,61.0,0.2514253526866119,-6.4437654773398325,-12.809457321685889,3.6,0.0,10.0,0.0
SP_3_5,2026-07-27,65,64.0,0.3142695702588514,-6.11748918657902,-12.414018457964879,26.200000000000003,0.0,36.0,0.0
SP_3_5,2026-07-29,65,66.0,0.31221552563750743,-5.570933555129413,-12.607744701652965,8.200000000000001,0.0,34.5,0.0
SP_3_5,2026-07-30,65,67.0,0.32616035757247863,-6.403162958841064,-13.18631189486692,15.4,0.0,42.0,0.0
SP_3_5,2026-08-02,65,70.0,0.26770216692894205,-6.021205477909433,-12.363290311774357,0.3,0.0,16.1,0.0
SP_3_5,2026-08-04,65,72.0,0.25363348201147123,-4.8412135378636085,-12.05315704872389,1.5,0.0,14.1,0.0
SP_3_5,2026-08-05,65,73.0,0.24280772293331718,-6.284023159562095,-13.128139578533737,1.5,0.0,9.4,0.0
SP_3_5,2026-08-08,65,76.0,0.2798019153445848,-5.962657734268908,-12.607203103320614,16.5,0.0,18.0,0.0
SP_3_5,2026-08-10,65,78.0,0.2404544382102934,-5.4724838259318105,-12.631075918023694,1.4000000000000001,0.0,16.599999999999998,0.0
SP_3_5,2026-08-11,65,79.0,0.2297805711049518,-6.36145353593709,-13.16663872707309,0.25,0.0,16.75,0.0
SP_3_5,2026-08-14,65,82.0,0.29610564794560845,-6.866785830547243,-12.988715038556112,15.700000000000001,0.0,17.25,0.0
SP_3_5,2026-08-16,65,84.0,0.24677684661186697,-6.184770426400177,-12.777649037006755,15.0,0.0,16.45,0.0
SP_3_5,2026-08-17,65,85.0,0.21979276885594545,-7.006982451824706,-13.304822024928292,0.65,0.0,16.5,0.0
SP_3_5,2026-08-20,65,88.0,0.17192232277751918,-6.828509550032212,-13.187721949742716,2.1,0.0,17.150000000000002,0.0
SP_3_5,2026-08-22,65,90.0,0.16623145528675143,-6.086535508014689,-13.260975147812351,4.6,0.0,4.65,0.0
SP_3_5,2026-08-23,65,91.0,0.15,-6.351534394373925,-12.980163260596791,2.5,0.0,4.65,0.0
SP_3_5,2026-08-26,65,94.0,0.15,-6.959010841286421,-13.155441280830804,0.6,0.0,5.2,0.0
SP_4_1,2026-04-06,65,-48.0,0.28342948520890254,-8.958993116060505,-18.15693319746093,10.600000000000001,0.0,14.5,0.0
SP_4_1,2026-04-09,65,-45.0,0.30107197551697124,-4.93044349676225,-13.416407705862802,9.2,0.0,19.900000000000002,0.0
SP_4_1,2026-04-11,65,-43.0,0.2979904339623943,-4.5615002623618786,-12.841081081477576,12.7,0.0,23.3,0.0
SP_4_1,2026-04-12,65,-42.0,0.28899406853477,-5.084012008500471,-13.191290421836566,6.4,0.0,18.7,0.0
SP_4_1,2026-04-18,65,-36.0,0.3002108482265738,-5.181336139276505,-13.18949929145373,12.7,0.0,21.1,0.0
SP_4_1,2026-04-21,65,-33.0,0.2995034158852658,-4.710651987340585,-13.212081780526514,5.5,0.0,20.2,0.0
SP_4_1,2026-04-23,65,-31.0,0.3083574007749154,-5.549500403523956,-14.328007211051565,9.1,0.0,14.9,0.0
SP_4_1,2026-04-24,65,-30.0,0.3174061583616331,-5.036530470975106,-13.061416031141553,12.899999999999999,0.0,19.5,0.0
SP_4_1,2026-04-30,65,-24.0,0.3331434299529642,-5.83867115335118,-14.292043924564348,3.8000000000000003,0.0,38.3,0.0
SP_4_1,2026-05-03,65,-21.0,0.2812269943363091,-9.51047222534797,-19.45704444901551,0.0,0.0,13.3,0.0
SP_4_1,2026-05-05,65,-19.0,0.2262549994360319,-8.779221369414742,-17.88977082883154,0.3,0.0,2.8000000000000003,0.0
SP_4_1,2026-05-06,65,-18.0,0.1857032334295356,-10.18274664699569,-19.669801726075548,0.3,0.0,0.9000000000000001,0.0
SP_4_1,2026-05-13,65,-11.0,0.2627807869373541,-5.696728158215172,-18.20818710649009,16.3,0.0,18.7,0.0
SP_4_1,2026-05-15,65,-9.0,0.23244147006263763,-4.144782769698313,-21.908143976390217,0.1,0.0,18.400000000000002,0.0
SP_4_1,2026-05-16,65,-8.0,0.2165321445365058,-4.633640837756664,-22.0390464034745,0.1,0.0,17.5,0.0
SP_4_1,2026-05-17,65,-7.0,0.20370806027248423,-10.020831831438123,-19.7995204023047,0.7999999999999999,0.0,17.1,0.0
SP_4_1,2026-05-18,65,-6.0,0.16159833794586256,-5.101711152713198,-16.630381565875567,0.7,0.0,5.2,0.0
SP_4_1,2026-05-24,65,0.0,0.15,-10.216914977310715,-21.384971661756502,1.4000000000000001,0.0,1.6,0.0
SP_4_1,2026-05-25,65,1.0,0.18208660408736863,-6.970839680917634,-19.057313566261115,5.9,0.0,6.2,0.0
SP_4_1,2026-05-27,65,3.0,0.22580745389876125,2.9865781590493667,-19.013456978995936,11.4,0.0,13.0,0.0
SP_4_1,2026-05-28,65,4.0,0.23323109938755013,-3.411468426655598,-20.84451962640806,8.5,0.0,14.5,0.0
SP_4_1,2026-05-29,65,5.0,0.2546568794815041,-7.845889421115025,-19.018891424586528,7.300000000000001,0.0,18.0,0.0
SP_4_1,2026-05-30,65,6.0,0.2577975560943392,-7.110437580127802,-15.741285398069877,7.4,0.0,18.8,0.0
SP_4_1,2026-06-08,65,15.0,0.15,-3.6920205896987697,-20.426846317200184,0.0,0.0,1.2999999999999998,0.0
SP_4_1,2026-06-09,65,16.0,0.24411955287137008,-2.5617252156203083,-19.684443991524304,0.0,15.0,1.2999999999999998,15.0
SP_4_1,2026-06-11,65,18.0,0.1528982491613362,-8.00649725564681,-17.56841490108833,0.0,15.0,0.7999999999999999,15.0
SP_4_1,2026-06-18,65,25.0,0.2426442562872811,-7.830508609468154,-16.07113421712189,5.1,0.0,19.2,0.0
SP_4_1,2026-06-21,65,28.0,0.1845828133575823,-3.0199826391182243,-15.684731637740427,0.5,0.0,13.5,0.0
SP_4_1,2026-06-23,65,30.0,0.18003935706670074,-5.32378292817474,-13.721507354181764,3.6,0.0,8.3,0.0
SP_4_1,2026-06-27,65,34.0,0.24819956521226139,-3.60776947201346,-14.28052613995223,2.1999999999999997,15.0,5.8,15.0
SP_4_1,2026-06-29,65,36.0,0.21052529013342572,-4.907417681124419,-13.564944939199776,2.0,0.0,2.4,15.0
SP_4_1,2026-06-30,65,37.0,0.19263090032420854,-6.02155601737051,-13.832978102504281,0.1,0.0,2.3,15.0
SP_4_1,2026-07-03,65,40.0,0.20147991531830073,-0.7974574249160202,-12.411068430607537,5.8999999999999995,0.0,7.8999999999999995,0.0
SP_4_1,2026-07-05,65,42.0,0.31517315795157425,-4.065441564677078,-12.517412781911457,28.5,0.0,29.299999999999997,0.0
SP_4_1,2026-07-06,65,43.0,0.2999645613502729,-5.422290815864656,-13.553176399643423,27.599999999999998,0.0,33.5,0.0
SP_4_1,2026-07-09,65,46.0,0.2943947077489874,-3.1210550481464017,-12.83541386960808,11.4,0.0,44.1,0.0
SP_4_1,2026-07-11,65,48.0,0.312153591440031,-4.679634961466564,-13.225632257662737,18.6,0.0,34.2,0.0
SP_4_1,2026-07-12,65,49.0,0.30199070852065857,-4.995054741884582,-12.873200616526022,14.399999999999999,0.0,30.0,0.0
SP_4_1,2026-07-15,65,52.0,0.2823025010062038,-4.273329751316658,-12.863935338801241,5.7,0.0,26.6,0.0
SP_4_1,2026-07-17,65,54.0,0.26447910282539233,-5.8412827566415135,-13.726098466159451,4.800000000000001,0.0,21.7,0.0
SP_4_1,2026-07-18,65,55.0,0.24873557482035374,-6.319966983310148,-13.605591141053901,2.6,0.0,10.6,0.0
SP_4_1,2026-07-21,65,58.0,0.2750344764473106,-4.905956880150823,-12.105958596718214,9.9,0.0,14.700000000000001,0.0
SP_4_1,2026-07-23,65,60.0,0.26971349504939673,-5.0074695019103785,-12.383024764821254,17.5,0.0,17.5,0.0
SP_4_1,2026-07-24,65,61.0,0.27379792563014876,-5.8425058904775105,-12.85010345308618,10.6,0.0,20.5,0.0
SP_4_1,2026-07-27,65,64.0,0.3236739543553319,-4.884586985838289,-12.584347606317284,28.7,0.0,49.2,0.0
SP_4_1,2026-07-29,65,66.0,0.31921276915876573,-5.567461083623443,-12.267094050366756,8.4,0.0,40.0,0.0
SP_4_1,2026-07-30,65,67.0,0.3320687236793811,-6.267004266885655,-13.112948682613151,16.1,0.0,47.8,0.0
SP_4_1,2026-08-02,65,70.0,0.2725444632783315,-5.200304385253968,-12.166252388312909,0.3,0.0,16.5,0.0
SP_4_1,2026-08-04,65,72.0,0.26099636972006496,-4.723613755881899,-11.77972955135187,2.4,0.0,15.299999999999999,0.0
SP_4_1,2026-08-05,65,73.0,0.24909733038026874,-5.818298125191297,-12.664430114150685,2.4,0.0,10.5,0.0
SP_4_1,2026-08-08,65,76.0,0.29641694144750486,-4.482208425338074,-11.997996287264476,19.8,0.0,22.2,0.0
SP_4_1,2026-08-10,65,78.0,0.25497814830167775,-5.22606264985244,-12.211429551226827,5.1,0.0,21.0,0.0
SP_4_1,2026-08-11,65,79.0,0.24238909129807096,-6.030270201063249,-12.544637713724931,0.75,0.0,20.55,0.0
SP_4_1,2026-08-14,65,82.0,0.31034639199041236,-6.00455812698265,-12.740209292697697,18.5,0.0,23.75,0.0
SP_4_1,2026-08-16,65,84.0,0.26008806639968174,-6.098545547427698,-12.53214611805779,17.8,0.0,19.25,0.0
SP_4_1,2026-08-17,65,85.0,0.2321879059415409,-6.844726211645006,-13.133888558815043,0.65,0.0,19.3,0.0
SP_4_1,2026-08-20,65,88.0,0.17692821912047127,-5.05688760102232,-12.64596786978688,2.0,0.0,19.849999999999998,0.0
SP_4_1,2026-08-22,65,90.0,0.15082292337284606,-7.271459581529528,-13.718259207221825,2.8,0.0,3.45,0.0
SP_4_1,2026-08-23,65,91.0,0.15,-7.8413152391038565,-14.04300451841017,1.4000000000000001,0.0,3.45,0.0
SP_4_1,2026-08-26,65,94.0,0.15,-4.863265602259278,-15.03521463688394,0.6,0.0,3.4,0.0
SP_4_11,2026-04-06,65,-49.0,0.2835121404708119,-9.554163012870266,-18.57799762589815,10.600000000000001,0.0,14.5,0.0
SP_4_11,2026-04-09,65,-46.0,0.3011727905718921,-5.0454618736105825,-13.612016895234769,9.2,0.0,19.900000000000002,0.0
SP_4_11,2026-04-11,65,-44.0,0.2980789194058073,-4.154170434795194,-12.907587783284,12.7,0.0,23.3,0.0
SP_4_11,2026-04-12,65,-43.0,0.28910962845456384,-5.090421605353784,-13.725396435432039,6.4,0.0,18.7,0.0
SP_4_11,2026-04-18,65,-37.0,0.30043323959402946,-5.214182244151151,-13.564401847898575,12.7,0.0,21.1,0.0
SP_4_11,2026-04-21,65,-34.0,0.29974277585457554,-4.851924023071302,-13.423607592031823,5.5,0.0,20.2,0.0
SP_4_11,2026-04-23,65,-32.0,0.30865170558140986,-5.807965505864553,-14.961328320369113,9.1,0.0,14.9,0.0
SP_4_11,2026-04-24,65,-31.0,0.31767697392809763,-5.0394913774780665,-13.591912989342735,12.899999999999999,0.0,19.5,0.0
SP_4_11,2026-04-30,65,-25.0,0.333459654464692,-6.3207698797431,-15.266066445977458,3.8000000000000003,0.0,38.3,0.0
SP_4_11,2026-05-03,65,-22.0,0.2813526577212297,-10.122813757994376,-20.279189205926688,0.0,0.0,13.3,0.0
SP_4_11,2026-05-05,65,-20.0,0.2271883053994238,-9.342439219503063,-18.595617601431897,0.3,0.0,2.8000000000000003,0.0
SP_4_11,2026-05-06,65,-19.0,0.1872237433962893,-10.417380250431869,-20.460990764412283,0.3,0.0,0.9000000000000001,0.0
SP_4_11,2026-05-13,65,-12.0,0.2624331581133415,-2.774004391429351,-18.623084149473684,16.3,0.0,18.7,0.0
SP_4_11,2026-05-15,65,-10.0,0.23244061732476395,-9.68703893497527,-23.01778651864189,0.1,0.0,18.400000000000002,0.0
SP_4_11,2026-05-16,65,-9.0,0.2167352517659014,-9.953480054928852,-23.190107318810995,0.1,0.0,17.5,0.0
SP_4_11,2026-05-17,65,-8.0,0.20414430408254108,-8.110192078411725,-20.440878280252463,0.7999999999999999,0.0,17.1,0.0
SP_4_11,2026-05-18,65,-7.0,0.16226464622365389,-2.8633483116817624,-17.726873517225687,0.7,0.0,5.2,0.0
SP_4_11,2026-05-24,65,-1.0,0.15,-9.443783066721462,-23.981199630689247,1.4000000000000001,0.0,1.6,0.0
SP_4_11,2026-05-25,65,0.0,0.18225488773725596,-7.3362541305380224,-22.594347401487184,5.9,0.0,6.2,0.0
SP_4_11,2026-05-27,65,2.0,0.22622540886035755,-3.974521738992227,-20.81612262568532,11.4,0.0,13.0,0.0
SP_4_11,2026-05-28,65,3.0,0.23368496864114763,-6.974111675218667,-22.498912988450513,8.5,0.0,14.5,0.0
SP_4_11,2026-05-29,65,4.0,0.2550394328470551,-6.196484486033571,-20.655343253035326,7.300000000000001,0.0,18.0,0.0
SP_4_11,2026-05-30,65,5.0,0.2581663670572021,-11.898722583569732,-21.221566200912363,7.4,0.0,18.8,0.0
SP_4_11,2026-06-08,65,14.0,0.15,-10.531510669909842,-21.677878735973767,0.0,0.0,1.2999999999999998,0.0
SP_4_11,2026-06-09,65,15.0,0.15,-10.32665487767516,-21.395192242225917,0.0,0.0,1.2999999999999998,0.0
SP_4_11,2026-06-11,65,17.0,0.1936880336919425,-7.323307217652894,-19.054027868705873,0.0,15.0,0.7999999999999999,15.0
SP_4_11,2026-06-18,65,24.0,0.24296325761472506,-5.086488540622559,-15.879240342971904,5.1,0.0,19.2,0.0
SP_4_11,2026-06-21,65,27.0,0.18365979394537038,-7.693650244359932,-16.263795799805536,0.5,0.0,13.5,0.0
SP_4_11,2026-06-23,65,29.0,0.17800126839718827,-4.998741666233641,-13.821877997794395,3.6,0.0,8.3,0.0
SP_4_11,2026-06-27,65,33.0,0.24737930343837256,-2.6526353686402615,-14.029546633879395,2.1999999999999997,15.0,5.8,15.0
SP_4_11,2026-06-29,65,35.0,0.2092777673659112,-2.328296668844558,-13.743158663691506,2.0,0.0,2.4,15.0
SP_4_11,2026-06-30,65,36.0,0.19037604340678688,-4.822524221864724,-14.036869845382045,0.1,0.0,2.3,15.0
SP_4_11,2026-07-03,65,39.0,0.19650048953175653,-1.686272148738501,-11.703394045853043,5.8999999999999995,0.0,7.8999999999999995,0.0
SP_4_11,2026-07-05,65,41.0,0.31203334777193015,-2.5818281007408332,-12.271697020346197,28.5,0.0,29.299999999999997,0.0
SP_4_11,2026-07-06,65,42.0,0.2988554766733122,-4.269560847216201,-12.831238284729647,27.599999999999998,0.0,33.5,0.0
SP_4_11,2026-07-09,65,45.0,0.29451785834723543,-3.487893697890885,-12.078155935271862,11.4,0.0,44.1,0.0
SP_4_11,2026-07-11,65,47.0,0.3124398938330819,-3.1337945172974258,-12.551534087243574,18.6,0.0,34.2,0.0
SP_4_11,2026-07-12,65,48.0,0.30241666469062506,-4.5061526306986455,-12.629783494624442,14.399999999999999,0.0,30.0,0.0
SP_4_11,2026-07-15,65,51.0,0.28303233050896,-4.446564827646676,-12.335419886848339,5.7,0.0,26.6,0.0
SP_4_11,2026-07-17,65,53.0,0.26538909653121967,-4.476308797478078,-13.187108088467461,4.800000000000001,0.0,21.7,0.0
SP_4_11,2026-07-18,65,54.0,0.24975678523486802,-5.832825567670107,-13.149501335663752,2.6,0.0,10.6,0.0
SP_4_11,2026-07-21,65,57.0,0.2756629102614876,-5.082606174018126,-12.347983338588591,9.9,0.0,14.700000000000001,0.0
SP_4_11,2026-07-23,65,59.0,0.2705070081974272,-4.6070753425264535,-12.483422436976777,17.5,0.0,17.5,0.0
SP_4_11,2026-07-24,65,60.0,0.2746273351890792,-5.548176530148538,-12.957141973031153,10.6,0.0,20.5,0.0
SP_4_11,2026-07-27,65,63.0,0.324495580560018,-5.055097088616069,-12.409457533551295,28.7,0.0,49.2,0.0
SP_4_11,2026-07-29,65,65.0,0.3201615307794672,-5.536595653617954,-12.400057122507619,8.4,0.0,40.0,0.0
SP_4_11,2026-07-30,65,66.0,0.33297465231534185,-6.129940534901587,-12.93564938104139,16.1,0.0,47.8,0.0
SP_4_11,2026-08-02,65,69.0,0.27371015272670024,-5.380300787869885,-12.196681259610306,0.3,0.0,16.5,0.0
SP_4_11,2026-08-04,65,71.0,0.2630320326249798,-4.676056563309838,-11.84271090939647,2.4,0.0,15.299999999999999,0.0
SP_4_11,2026-08-05,65,72.0,0.25149979101493236,-5.89222449818612,-12.834172167219078,2.4,0.0,10.5,0.0
SP_4_11,2026-08-08,65,75.0,0.2980082473966532,-4.990051377085797,-12.082324252868737,19.8,0.0,22.2,0.0
SP_4_11,2026-08-10,65,77.0,0.2576531192165572,-5.2408067212637475,-12.27833300466309,5.1,0.0,21.0,0.0
SP_4_11,2026-08-11,65,78.0,0.2454005196359567,-6.097015198237207,-12.895472371705427,0.75,0.0,20.55,0.0
SP_4_11,2026-08-14,65,81.0,0.31197717390907476,-6.359633769499881,-13.088771831472775,18.5,0.0,23.75,0.0
SP_4_11,2026-08-16,65,83.0,0.2628640096688381,-6.2849822633824095,-12.95814568785001,17.8,0.0,19.25,0.0
SP_4_11,2026-08-17,65,84.0,0.2361269470893653,-6.9125869360405865,-13.518838928832217,0.65,0.0,19.3,0.0
SP_4_11,2026-08-20,65,87.0,0.18409029743371857,-6.411392741715266,-13.624167722879879,2.0,0.0,19.849999999999998,0.0
SP_4_11,2026-08-22,65,89.0,0.16792315519254683,-6.968825259537556,-14.102686204683238,2.8,0.0,3.45,0.0
SP_4_11,2026-08-23,65,90.0,0.15,-7.599072669959215,-14.354948759947865,1.4000000000000001,0.0,3.45,0.0
SP_4_11,2026-08-26,65,93.0,0.15,-6.7938064662170365,-15.013141852443896,0.6,0.0,3.4,0.0
SP_4_15,2026-04-06,65,-48.0,0.2835347337051223,-8.537356768843939,-17.186700917555022,10.600000000000001,0.0,14.5,0.0
SP_4_15,2026-04-09,65,-45.0,0.3011936740791664,-4.849580459253419,-13.20529974110665,9.2,0.0,19.900000000000002,0.0
SP_4_15,2026-04-11,65,-43.0,0.29811594997684837,-4.159049864596755,-12.500702741062007,12.7,0.0,23.3,0.0
SP_4_15,2026-04-12,65,-42.0,0.2891787815665829,-5.040744373409838,-13.353329883929588,6.4,0.0,18.7,0.0
SP_4_15,2026-04-18,65,-36.0,0.30053607658928894,-5.0989936928646165,-13.116675806602206,12.7,0.0,21.1,0.0
SP_4_15,2026-04-21,65,-33.0,0.2997954623594897,-4.764967307436248,-13.041520212533843,5.5,0.0,20.2,0.0
SP_4_15,2026-04-23,65,-31.0,0.3086902496037225,-5.49522867879242,-14.320992277949692,9.1,0.0,14.9,0.0
SP_4_15,2026-04-24,65,-30.0,0.31774269272656286,-4.875641668018541,-12.9267559958671,12.899999999999999,0.0,19.5,0.0
SP_4_15,2026-04-30,65,-24.0,0.3335505646670461,-6.084273736701048,-14.802811684075898,3.8000000000000003,0.0,38.3,0.0
SP_4_15,2026-05-03,65,-21.0,0.28155287499229964,-10.002692380022918,-19.847497155292334,0.0,0.0,13.3,0.0
SP_4_15,2026-05-05,65,-19.0,0.22738660567505065,-9.073810823413314,-17.849543683397403,0.3,0.0,2.8000000000000003,0.0
SP_4_15,2026-05-06,65,-18.0,0.18745604799121218,-10.550675253113642,-20.060665808770995,0.3,0.0,0.9000000000000001,0.0
SP_4_15,2026-05-13,65,-11.0,0.26246138692796966,-2.269721323428091,-16.500164899728208,16.3,0.0,18.7,0.0
SP_4_15,2026-05-15,65,-9.0,0.2325594611437002,-7.675860412741704,-22.06786651358656,0.1,0.0,18.400000000000002,0.0
SP_4_15,2026-05-16,65,-8.0,0.2168560227957282,-9.175243460712371,-22.688146441525138,0.1,0.0,17.5,0.0
SP_4_15,2026-05-17,65,-7.0,0.20427131736171233,-7.469643344536686,-19.543508263083602,0.7999999999999999,0.0,17.1,0.0
SP_4_15,2026-05-18,65,-6.0,0.16259903612540566,-3.378900556919734,-16.478982616451624,0.7,0.0,5.2,0.0
SP_4_15,2026-05-24,65,0.0,0.15,-8.006864537274158,-23.407167090261378,1.4000000000000001,0.0,1.6,0.0
SP_4_15,2026-05-25,65,1.0,0.1822550222161568,-5.964816264766193,-21.783100664418175,5.9,0.0,6.2,0.0
SP_4_15,2026-05-27,65,3.0,0.2262265570877046,-3.3390620758312464,-20.590724612886383,11.4,0.0,13.0,0.0
SP_4_15,2026-05-28,65,4.0,0.233740665545909,-7.3064001810885575,-22.577201455475876,8.5,0.0,14.5,0.0
SP_4_15,2026-05-29,65,5.0,0.2550766293357756,-6.341800465003942,-20.795450834472913,7.300000000000001,0.0,18.0,0.0
SP_4_15,2026-05-30,65,6.0,0.258193562007072,-10.839662121928392,-19.08503629448054,7.4,0.0,18.8,0.0
SP_4_15,2026-06-08,65,15.0,0.15,-9.715199316570558,-22.257464556927555,0.0,0.0,1.2999999999999998,10.0
SP_4_15,2026-06-09,65,16.0,0.15,-9.550167256665262,-22.1363029009521,0.0,0.0,1.2999999999999998,10.0
SP_4_15,2026-06-11,65,18.0,0.19550647563047285,-5.437550432864809,-19.14307813351685,0.0,15.0,0.7999999999999999,15.0
SP_4_15,2026-06-18,65,25.0,0.24408844673859587,-5.4902840390245995,-17.170906917153275,5.1,0.0,19.2,0.0
SP_4_15,2026-06-21,65,28.0,0.18613557404204645,-7.088111239995737,-17.121476868318172,0.5,0.0,13.5,0.0
SP_4_15,2026-06-23,65,30.0,0.18130632275599645,-4.972983408468193,-14.639485853594458,3.6,0.0,8.3,0.0
SP_4_15,2026-06-27,65,34.0,0.2738538126433656,-4.290683222544127,-14.87574481014763,2.1999999999999997,15.0,5.8,15.0
SP_4_15,2026-06-29,65,36.0,0.22545281119775165,-3.5140808128837464,-14.401030039942928,2.0,15.0,2.4,15.0
SP_4_15,2026-06-30,65,37.0,0.20547073046891795,-5.465707234594364,-14.75362800312328,0.1,0.0,2.3,15.0
SP_4_15,2026-07-03,65,40.0,0.20826916591103,-1.7688161969226044,-11.848169984395959,5.8999999999999995,0.0,7.8999999999999995,15.0
SP_4_15,2026-07-05,65,42.0,0.31221120819226494,-1.9002040513019391,-12.453017199848277,28.5,0.0,29.299999999999997,0.0
SP_4_15,2026-07-06,65,43.0,0.30039291789160627,-2.842262250260648,-13.267756732455965,27.599999999999998,0.0,33.5,0.0
SP_4_15,2026-07-09,65,46.0,0.2957971350042768,-2.495611841116097,-12.505077539582615,11.4,0.0,44.1,0.0
SP_4_15,2026-07-11,65,48.0,0.3134077511338831,-2.200402561450261,-12.926243225125608,18.6,0.0,34.2,0.0
SP_4_15,2026-07-12,65,49.0,0.30346132656416847,-3.282551010728646,-12.877073170061344,14.399999999999999,0.0,30.0,0.0
SP_4_15,2026-07-15,65,52.0,0.2840357931203584,-3.731579711700077,-12.827993931857344,5.7,0.0,26.6,0.0
SP_4_15,2026-07-17,65,54.0,0.26633440862895763,-3.7771481399543654,-13.349262059023681,4.800000000000001,0.0,21.7,0.0
SP_4_15,2026-07-18,65,55.0,0.2506716316811232,-4.9878509865443,-13.316626217312383,2.6,0.0,10.6,0.0
SP_4_15,2026-07-21,65,58.0,0.27614556881986246,-4.022779625161689,-12.286992468387435,9.9,0.0,14.700000000000001,0.0
SP_4_15,2026-07-23,65,60.0,0.27087389519654326,-3.7259247048096404,-12.642190070859606,17.5,0.0,17.5,0.0
SP_4_15,2026-07-24,65,61.0,0.27496964929768075,-4.975637346313168,-12.947166249492048,10.6,0.0,20.5,0.0
SP_4_15,2026-07-27,65,64.0,0.32477090982174045,-4.37922135796717,-12.729316730421106,28.7,0.0,49.2,0.0
SP_4_15,2026-07-29,65,66.0,0.32041222627909394,-4.270296597694576,-12.63023538178035,8.4,0.0,40.0,0.0
SP_4_15,2026-07-30,65,67.0,0.33320323986024336,-5.181973764627496,-13.189652868706885,16.1,0.0,47.8,0.0
SP_4_15,2026-08-02,65,70.0,0.27398904722539646,-4.735621202225646,-12.580016895124345,0.3,0.0,16.5,0.0
SP_4_15,2026-08-04,65,72.0,0.26300221370222393,-3.7668502267406536,-11.948537948640539,2.4,0.0,15.299999999999999,0.0
SP_4_15,2026-08-05,65,73.0,0.2513318671476109,-5.541002200955446,-13.206868481222374,2.4,0.0,10.5,0.0
SP_4_15,2026-08-08,65,76.0,0.2978466925258317,-4.6816214761116814,-12.240985385243924,19.8,0.0,22.2,0.0
SP_4_15,2026-08-10,65,78.0,0.25724366474910554,-4.658513044047016,-12.21552933208207,5.1,0.0,21.0,0.0
SP_4_15,2026-08-11,65,79.0,0.2449600818313667,-5.88375857986792,-12.850551047669681,0.75,0.0,20.55,0.0
SP_4_15,2026-08-14,65,82.0,0.31160058871020613,-6.369529633831373,-13.122731041432514,18.5,0.0,23.75,0.0
SP_4_15,2026-08-16,65,84.0,0.26244959159334824,-5.943426306061589,-12.792222235340597,17.8,0.0,19.25,0.0
SP_4_15,2026-08-17,65,85.0,0.2354918963835306,-6.773593967740062,-13.218428250432716,0.65,0.0,19.3,0.0
SP_4_15,2026-08-20,65,88.0,0.1824859782419743,-6.414135241439705,-13.306497167136849,2.0,0.0,19.849999999999998,0.0
SP_4_15,2026-08-22,65,90.0,0.16208306834114278,-6.19882474333194,-13.112007176941328,2.8,0.0,3.45,0.0
SP_4_15,2026-08-23,65,91.0,0.15,-6.549696678027964,-13.248374375191649,1.4000000000000001,0.0,3.45,0.0
SP_4_15,2026-08-26,65,94.0,0.15,-5.703648044075632,-13.156752551441521,0.6,0.0,3.4,0.0
SP_4_16,2026-04-06,65,-54.0,0.2835347337051223,-7.674136459766193,-16.380282780106963,10.600000000000001,0.0,14.5,0.0
SP_4_16,2026-04-09,65,-51.0,0.3011936740791664,-5.119139360488219,-13.542900872491197,9.2,0.0,19.900000000000002,0.0
SP_4_16,2026-04-11,65,-49.0,0.2981188758137009,-4.1228633493493,-12.749271481517184,12.7,0.0,23.3,0.0
SP_4_16,2026-04-12,65,-48.0,0.289181039631396,-4.9465774300582765,-13.524837111493246,6.4,0.0,18.7,0.0
SP_4_16,2026-04-18,65,-42.0,0.30054646625356574,-5.090525277281406,-13.466468017345537,12.7,0.0,21.1,0.0
SP_4_16,2026-04-21,65,-39.0,0.299802381884287,-4.974726434260492,-13.51233965781335,5.5,0.0,20.2,0.0
SP_4_16,2026-04-23,65,-37.0,0.3087288794040736,-5.4749618885340725,-14.54832588862752,9.1,0.0,14.9,0.0
SP_4_16,2026-04-24,65,-36.0,0.3177698120133614,-4.93018982971536,-13.38772058141178,12.899999999999999,0.0,19.5,0.0
SP_4_16,2026-04-30,65,-30.0,0.33356830513611213,-5.7500691315041506,-14.566616007375945,3.8000000000000003,0.0,38.3,0.0
SP_4_16,2026-05-03,65,-27.0,0.28156903766305297,-8.757325115450485,-18.408271883341726,0.0,0.0,13.3,0.0
SP_4_16,2026-05-05,65,-25.0,0.22740629580768346,-7.93840482267856,-17.08361389695746,0.3,0.0,2.8000000000000003,0.0
SP_4_16,2026-05-06,65,-24.0,0.1874793640852387,-9.65316416295019,-19.248081448936464,0.3,0.0,0.9000000000000001,0.0
SP_4_16,2026-05-13,65,-17.0,0.26246344748281575,-5.151989703864658,-13.663592634087454,16.3,0.0,18.7,0.0
SP_4_16,2026-05-15,65,-15.0,0.23264301827777983,-10.670854227433304,-20.540803655524996,0.1,0.0,18.400000000000002,0.0
SP_4_16,2026-05-16,65,-14.0,0.21694059053548867,-11.188479140756867,-21.02349685032168,0.1,0.0,17.5,0.0
SP_4_16,2026-05-17,65,-13.0,0.20435990513201144,-9.497338855512055,-18.711420578275963,0.7999999999999999,0.0,17.1,0.0
SP_4_16,2026-05-18,65,-12.0,0.16269443142325,-4.75754511295286,-13.986182337030879,0.7,0.0,5.2,0.0
SP_4_16,2026-05-24,65,-6.0,0.15,-10.890754277709844,-20.078612515112123,1.4000000000000001,0.0,1.6,0.0
SP_4_16,2026-05-25,65,-5.0,0.18225507733942234,-7.9249303234164135,-16.35937506464037,5.9,0.0,6.2,0.0
SP_4_16,2026-05-27,65,-3.0,0.22622701352605978,-6.410381505039636,-16.50834595892334,11.4,0.0,13.0,0.0
SP_4_16,2026-05-28,65,-2.0,0.23374125162078957,-9.643684379557246,-19.29516178583212,8.5,0.0,14.5,0.0
SP_4_16,2026-05-29,65,-1.0,0.2550772369955108,-8.346320499684047,-18.30266260361671,7.300000000000001,0.0,18.0,0.0
SP_4_16,2026-05-30,65,0.0,0.258194174754926,-10.02315401664145,-17.35044751716615,7.4,0.0,18.8,0.0
SP_4_16,2026-06-08,65,9.0,0.15,-11.633230362143943,-22.79363615859517,0.0,0.0,1.2999999999999998,10.0
SP_4_16,2026-06-09,65,10.0,0.15,-11.86250538155817,-23.094668864819845,0.0,0.0,1.2999999999999998,10.0
SP_4_16,2026-06-11,65,12.0,0.15,-10.534583705631565,-22.07922220793874,0.0,0.0,0.7999999999999999,10.0
SP_4_16,2026-06-18,65,19.0,0.26713200350569954,-6.395037467224429,-21.441853603055222,5.1,0.0,19.2,10.0
SP_4_16,2026-06-21,65,22.0,0.2068612639293687,-9.717510168536936,-21.97564623736912,0.5,0.0,13.5,10.0
SP_4_16,2026-06-23,65,24.0,0.19891040982983813,-6.455282942462613,-18.233593245841174,3.6,0.0,8.3,0.0
SP_4_16,2026-06-27,65,28.0,0.25360951961523115,-6.951941353820028,-17.97541532201295,2.1999999999999997,15.0,5.8,15.0
SP_4_16,2026-06-29,65,30.0,0.21519875425820742,-5.231756372108705,-16.024339615521725,2.0,0.0,2.4,15.0
SP_4_16,2026-06-30,65,31.0,0.19480379959382918,-6.776468649625097,-16.16607852326012,0.1,0.0,2.3,15.0
SP_4_16,2026-07-03,65,34.0,0.1954122561289092,-3.312155101806344,-13.136825853423375,5.8999999999999995,0.0,7.8999999999999995,0.0
SP_4_16,2026-07-05,65,36.0,0.30663876006083596,-1.79331423053113,-12.205947818474016,28.5,0.0,29.299999999999997,0.0
SP_4_16,2026-07-06,65,37.0,0.29829206667860214,-2.737975559274913,-12.930678858099505,27.599999999999998,0.0,33.5,0.0
SP_4_16,2026-07-09,65,40.0,0.29612132502553434,-3.486504926698146,-12.528550730115334,11.4,0.0,44.1,0.0
SP_4_16,2026-07-11,65,42.0,0.3140398145959187,-3.140208351053398,-12.498826248175403,18.6,0.0,34.2,0.0
SP_4_16,2026-07-12,65,43.0,0.3043361706192653,-4.474971805416454,-12.750592090606599,14.399999999999999,0.0,30.0,0.0
SP_4_16,2026-07-15,65,46.0,0.2852891514254503,-5.456586366730657,-12.93169893372324,5.7,0.0,26.6,0.0
SP_4_16,2026-07-17,65,48.0,0.267736079238572,-5.987216648931225,-13.619778586371865,4.800000000000001,0.0,21.7,0.0
SP_4_16,2026-07-18,65,49.0,0.25210645911721224,-6.433888400935366,-13.483337026751878,2.6,0.0,10.6,0.0
SP_4_16,2026-07-21,65,52.0,0.2771517781012322,-5.69132296144263,-12.517186910535996,9.9,0.0,14.700000000000001,0.0
SP_4_16,2026-07-23,65,54.0,0.27193874971051957,-5.610612610366621,-13.325916760623997,17.5,0.0,17.5,0.0
SP_4_16,2026-07-24,65,55.0,0.276043789233457,-6.358478886208251,-13.400962602508738,10.6,0.0,20.5,0.0
SP_4_16,2026-07-27,65,58.0,0.32584716379428896,-6.144237367453533,-12.915239133394039,28.7,0.0,49.2,0.0
SP_4_16,2026-07-29,65,60.0,0.32158644165777395,-5.581624568766764,-13.09138366878024,8.4,0.0,40.0,0.0
SP_4_16,2026-07-30,65,61.0,0.3343137110358528,-6.26432967073888,-13.494467566331618,16.1,0.0,47.8,0.0
SP_4_16,2026-08-02,65,64.0,0.2752592224110655,-5.939396040628622,-12.646734749239467,0.3,0.0,16.5,0.0
SP_4_16,2026-08-04,65,66.0,0.26452442264615034,-4.398239966701457,-12.315323320752986,2.4,0.0,15.299999999999999,0.0
SP_4_16,2026-08-05,65,67.0,0.25303762401036894,-5.935780403641061,-13.235319265566936,2.4,0.0,10.5,0.0
SP_4_16,2026-08-08,65,70.0,0.2992335082800009,-5.589157815092234,-12.45223033396851,19.8,0.0,22.2,0.0
SP_4_16,2026-08-10,65,72.0,0.25960913223060905,-5.1628461542747575,-12.811618700974217,5.1,0.0,21.0,0.0
SP_4_16,2026-08-11,65,73.0,0.24766735438068094,-6.029814334095568,-13.13705322138222,0.75,0.0,20.55,0.0
SP_4_16,2026-08-14,65,76.0,0.3076693287781762,-6.543656491402072,-13.013808190781441,17.1,0.0,22.35,0.0
SP_4_16,2026-08-16,65,78.0,0.2599233148358073,-5.977775867605278,-12.974047691789671,16.400000000000002,0.0,17.85,0.0
SP_4_16,2026-08-17,65,79.0,0.23439507771533344,-6.738703859808856,-13.352665759755013,0.65,0.0,17.900000000000002,0.0
SP_4_16,2026-08-20,65,82.0,0.181302582254757,-6.4440306900914806,-13.16004660810746,1.4,0.0,17.85,0.0
SP_4_16,2026-08-22,65,84.0,0.16695425254174012,-5.813394313126828,-13.061389682871148,2.8,0.0,2.85,0.0
SP_4_16,2026-08-23,65,85.0,0.15120232802175942,-6.171769438643771,-13.203019683290814,1.4000000000000001,0.0,2.85,0.0
SP_4_16,2026-08-26,65,88.0,0.15,-6.401014873962776,-13.004557811288803,0.6,0.0,3.4,0.0
SP_4_3,2026-04-06,65,-36.0,0.2835186566969644,-9.592911984820121,-18.5470467365869,10.600000000000001,0.0,14.5,0.0
SP_4_3,2026-04-09,65,-33.0,0.30111993948858407,-7.507082167766939,-15.37451117287311,9.2,0.0,19.900000000000002,0.0
SP_4_3,2026-04-11,65,-31.0,0.29802942800642956,-5.042546778412084,-14.777807122683999,12.7,0.0,23.3,0.0
SP_4_3,2026-04-12,65,-30.0,0.28903141853730013,-7.082813489416263,-15.57376863633374,6.4,0.0,18.7,0.0
SP_4_3,2026-04-18,65,-24.0,0.30030722329788895,-7.33658955056255,-15.97926389884336,12.7,0.0,21.1,0.0
SP_4_3,2026-04-21,65,-21.0,0.2996022139630207,-7.5549009588061224,-16.902762447139786,5.5,0.0,20.2,0.0
SP_4_3,2026-04-23,65,-19.0,0.30849089313202105,-5.824655667981581,-17.575364244202984,9.1,0.0,14.9,0.0
SP_4_3,2026-04-24,65,-18.0,0.3175299054277063,-7.179977504999522,-15.646587514089433,12.899999999999999,0.0,19.5,0.0
SP_4_3,2026-04-30,65,-12.0,0.33326546917603667,-8.606760778150427,-19.184077396963602,3.8000000000000003,0.0,38.3,0.0
SP_4_3,2026-05-03,65,-9.0,0.28141971212022826,-12.59481710338678,-22.66446100849563,0.0,0.0,13.3,0.0
SP_4_3,2026-05-05,65,-7.0,0.22682301398544072,-10.07574060473621,-20.176565571918346,0.3,0.0,2.8000000000000003,0.0
SP_4_3,2026-05-06,65,-6.0,0.18658051319091634,-13.109539578729475,-22.845081633350716,0.3,0.0,0.9000000000000001,0.0
SP_4_3,2026-05-13,65,1.0,0.26287202836993234,-8.120813968904452,-18.203882362094262,16.3,0.0,18.7,0.0
SP_4_3,2026-05-15,65,3.0,0.23259933793301768,-13.273510053484019,-23.09966646462088,0.1,0.0,18.400000000000002,0.0
SP_4_3,2026-05-16,65,4.0,0.21679744829704464,-13.52302554186136,-23.262524637574092,0.1,0.0,17.5,0.0
SP_4_3,2026-05-17,65,5.0,0.20409970288352441,-10.090698201854453,-20.25504840461213,0.7999999999999999,0.0,17.1,0.0
SP_4_3,2026-05-18,65,6.0,0.1620196472973292,-4.668542875522227,-16.289224623218097,0.7,0.0,5.2,0.0
SP_4_3,2026-05-24,65,12.0,0.15,-10.938067301261746,-21.721942917175966,1.4000000000000001,0.0,1.6,0.0
SP_4_3,2026-05-25,65,13.0,0.18160567600750002,-7.737581873015197,-18.48788593709693,5.9,0.0,6.2,0.0
SP_4_3,2026-05-27,65,15.0,0.22365970374500727,-7.8234574081324295,-18.70262185067226,11.4,0.0,13.0,0.0
SP_4_3,2026-05-28,65,16.0,0.23061420094480906,-12.122417915740398,-21.95859376712776,8.5,0.0,14.5,0.0
SP_4_3,2026-05-29,65,17.0,0.2520881426189774,-8.808707858294804,-19.636808151997066,7.300000000000001,0.0,18.0,0.0
SP_4_3,2026-05-30,65,18.0,0.25518414556349595,-9.235516291565233,-15.766183447665922,7.4,0.0,18.8,0.0
SP_4_3,2026-06-08,65,27.0,0.15,-11.717654032743841,-21.098781039457958,0.0,0.0,1.2999999999999998,0.0
SP_4_3,2026-06-09,65,28.0,0.15,-11.628387564380972,-21.032521997433705,0.0,0.0,1.2999999999999998,0.0
SP_4_3,2026-06-11,65,30.0,0.20552958210256345,-11.005736576063676,-20.02301936200452,0.0,15.0,0.7999999999999999,15.0
SP_4_3,2026-06-18,65,37.0,0.24639514177700172,-11.30096780314913,-19.201026502289608,5.1,0.0,19.2,0.0
SP_4_3,2026-06-21,65,40.0,0.20445765362111895,-10.682695574100666,-17.692484787671763,0.5,0.0,13.5,0.0
SP_4_3,2026-06-23,65,42.0,0.20757269580425508,-7.591344447635931,-14.546383088553123,3.6,0.0,8.3,0.0
SP_4_3,2026-06-27,65,46.0,0.27275996220310594,-9.705244572076065,-16.04481185354883,2.1999999999999997,15.0,5.8,15.0
SP_4_3,2026-06-29,65,48.0,0.22927501483694446,-9.310972673865356,-16.258158396666737,2.0,0.0,2.4,15.0
SP_4_3,2026-06-30,65,49.0,0.21266853868106445,-9.422095138653702,-16.038354484302822,0.1,0.0,2.3,15.0
SP_4_3,2026-07-03,65,52.0,0.21851542148033598,-7.892600074480265,-13.867601288727503,5.8999999999999995,0.0,7.8999999999999995,0.0
SP_4_3,2026-07-05,65,54.0,0.3238742974944177,-6.951851229818747,-13.357437447028381,28.5,0.0,29.299999999999997,0.0
SP_4_3,2026-07-06,65,55.0,0.3037141436066516,-8.518849290329571,-14.48222126698196,27.599999999999998,0.0,33.5,0.0
SP_4_3,2026-07-09,65,58.0,0.2935107132876224,-7.950384143334731,-13.947653498750077,11.4,0.0,44.1,0.0
SP_4_3,2026-07-11,65,60.0,0.31034661900785926,-8.039542198103529,-14.364944034801034,18.6,0.0,34.2,0.0
SP_4_3,2026-07-12,65,61.0,0.29957672946614333,-8.099499985875415,-14.04933098750931,14.399999999999999,0.0,30.0,0.0
SP_4_3,2026-07-15,65,64.0,0.2789068719130607,-9.053460318431526,-14.777902617338686,5.7,0.0,26.6,0.0
SP_4_3,2026-07-17,65,66.0,0.2607393067599654,-7.770152227908428,-12.198970460322094,4.800000000000001,0.0,21.7,0.0
SP_4_3,2026-07-18,65,67.0,0.24493088150089176,-9.3149747825044,-13.053006124407876,2.6,0.0,10.6,0.0
SP_4_3,2026-07-21,65,70.0,0.27325317284997086,-7.6506805650195,-11.596275175339843,9.9,0.0,14.700000000000001,0.0
SP_4_3,2026-07-23,65,72.0,0.2666941167870542,-7.883100407515682,-12.732448722091473,17.5,0.0,17.5,0.0
SP_4_3,2026-07-24,65,73.0,0.27035330658027357,-8.621379963658594,-13.232477243503158,10.6,0.0,20.5,0.0
SP_4_3,2026-07-27,65,76.0,0.3198626811621683,-7.92170823389646,-12.24619651073678,28.7,0.0,49.2,0.0
SP_4_3,2026-07-29,65,78.0,0.3150455981237254,-7.539847876807149,-12.113904586244903,8.4,0.0,40.0,0.0
SP_4_3,2026-07-30,65,79.0,0.3283045001750209,-8.45422307635921,-13.147714841784948,16.1,0.0,47.8,0.0
SP_4_3,2026-08-02,65,82.0,0.2613916805869207,-8.27644871608589,-13.12122303284233,0.3,0.0,16.5,0.0
SP_4_3,2026-08-04,65,84.0,0.24860116786855666,-7.28221396485122,-12.841116065852724,2.4,0.0,15.299999999999999,0.0
SP_4_3,2026-08-05,65,85.0,0.23515978780438027,-8.791159867598031,-14.173640673697168,2.4,0.0,10.5,0.0
SP_4_3,2026-08-08,65,88.0,0.2897555648296173,-9.259296897517071,-14.01351913169979,19.8,0.0,22.2,0.0
SP_4_3,2026-08-10,65,90.0,0.24780951508489885,-7.7529692711958855,-14.026947485025635,5.1,0.0,21.0,0.0
SP_4_3,2026-08-11,65,91.0,0.23505531652381614,-9.697025490949642,-15.219743938983193,0.75,0.0,20.55,0.0
SP_4_3,2026-08-14,65,94.0,0.30676000081989285,-8.281725903756586,-11.15015433923109,18.5,0.0,23.75,0.0
SP_4_3,2026-08-16,65,96.0,0.2636425051539476,-8.530125890466081,-12.454686441783844,17.8,0.0,19.25,0.0
SP_4_3,2026-08-17,65,97.0,0.23535801948570303,-9.687514725071567,-13.01400762243329,0.65,0.0,19.3,0.0
SP_4_3,2026-08-20,65,100.0,0.16691263441812024,-8.21020371373868,-11.859080389403271,2.0,0.0,19.849999999999998,0.0
SP_4_3,2026-08-22,65,102.0,0.15,-8.662705412933306,-13.06210468958816,2.8,0.0,3.45,0.0
SP_4_3,2026-08-23,65,103.0,0.15,-9.516247740870538,-13.50579201957932,1.4000000000000001,0.0,3.45,0.0
SP_4_3,2026-08-26,65,106.0,0.15,-8.481849466415138,-12.539115675655761,0.6,0.0,3.4,0.0
SP_4_6,2026-04-06,65,-37.0,0.28342623990811705,-9.519557886323174,-18.568172509726427,10.600000000000001,0.0,14.5,0.0
SP_4_6,2026-04-09,65,-34.0,0.3011034781005258,-7.485372107245172,-15.200059279093342,9.2,0.0,19.900000000000002,0.0
SP_4_6,2026-04-11,65,-32.0,0.29803180638436166,-5.0081555017773605,-14.38760405703708,12.7,0.0,23.3,0.0
SP_4_6,2026-04-12,65,-31.0,0.28906461366143765,-7.081595241079977,-15.445243021578523,6.4,0.0,18.7,0.0
SP_4_6,2026-04-18,65,-25.0,0.3003937490900415,-7.412401205473143,-15.789353993878457,12.7,0.0,21.1,0.0
SP_4_6,2026-04-21,65,-22.0,0.2996867490465518,-7.594407604451857,-16.8573210909168,5.5,0.0,20.2,0.0
SP_4_6,2026-04-23,65,-20.0,0.3085720441275933,-6.133926058874383,-17.219241052389783,9.1,0.0,14.9,0.0
SP_4_6,2026-04-24,65,-19.0,0.3176240020755045,-7.282241929563391,-15.381081658640259,12.899999999999999,0.0,19.5,0.0
SP_4_6,2026-04-30,65,-13.0,0.3333728004284874,-8.450136961239444,-18.684898447877593,3.8000000000000003,0.0,38.3,0.0
SP_4_6,2026-05-03,65,-10.0,0.2812541476904621,-12.266213481895793,-22.13422212677562,0.0,0.0,13.3,0.0
SP_4_6,2026-05-05,65,-8.0,0.22672383267044086,-10.049804624403208,-19.743816171458942,0.3,0.0,2.8000000000000003,0.0
SP_4_6,2026-05-06,65,-7.0,0.18646830113828322,-12.766271127032823,-22.367553536809098,0.3,0.0,0.9000000000000001,0.0
SP_4_6,2026-05-13,65,0.0,0.2629002101899469,-8.352048286142978,-17.733935484653088,16.3,0.0,18.7,0.0
SP_4_6,2026-05-15,65,2.0,0.23279897870591035,-12.70986515139121,-22.007199985252306,0.1,0.0,18.400000000000002,0.0
SP_4_6,2026-05-16,65,3.0,0.21699960713382876,-12.826761087540177,-22.150634659820298,0.1,0.0,17.5,0.0
SP_4_6,2026-05-17,65,4.0,0.2043117967413646,-10.552747230028992,-19.268290663684446,0.7999999999999999,0.0,17.1,0.0
SP_4_6,2026-05-18,65,5.0,0.1624459881161604,-4.969916561576576,-14.761452412247252,0.7,0.0,5.2,0.0
SP_4_6,2026-05-24,65,11.0,0.15,-11.720316334888272,-21.807411038680673,1.4000000000000001,0.0,1.6,0.0
SP_4_6,2026-05-25,65,12.0,0.18155729397196885,-8.209513282306311,-18.48182892092494,5.9,0.0,6.2,0.0
SP_4_6,2026-05-27,65,14.0,0.22356953996383946,-8.40306927988591,-18.3221926388799,11.4,0.0,13.0,0.0
SP_4_6,2026-05-28,65,15.0,0.23060183467903259,-12.264405660607103,-21.455004603461116,8.5,0.0,14.5,0.0
SP_4_6,2026-05-29,65,16.0,0.252110058319919,-9.649525771252009,-19.510097919319012,7.300000000000001,0.0,18.0,0.0
SP_4_6,2026-05-30,65,17.0,0.2552087905463839,-9.92008255190415,-17.17398084110439,7.4,0.0,18.8,0.0
SP_4_6,2026-06-08,65,26.0,0.15,-12.158550422334184,-20.85007743846781,0.0,0.0,1.2999999999999998,0.0
SP_4_6,2026-06-09,65,27.0,0.24719844644956016,-12.068774446197308,-20.523568297976347,0.0,15.0,1.2999999999999998,15.0
SP_4_6,2026-06-11,65,29.0,0.17585874476616506,-11.399237933439093,-19.573526641884804,0.0,15.0,0.7999999999999999,15.0
SP_4_6,2026-06-18,65,36.0,0.2431208172381836,-11.21439341931394,-18.92157079119389,5.1,0.0,19.2,0.0
SP_4_6,2026-06-21,65,39.0,0.2011977046284893,-10.798855349992792,-17.261282450897188,0.5,0.0,13.5,0.0
SP_4_6,2026-06-23,65,41.0,0.20535456123669804,-7.111870371038399,-13.717882137546756,3.6,0.0,8.3,0.0
SP_4_6,2026-06-27,65,45.0,0.18575225536117407,-7.5756772336154645,-13.92927481711965,2.1999999999999997,0.0,5.8,0.0
SP_4_6,2026-06-29,65,47.0,0.293271266735423,-9.002791855355976,-15.52865251449388,2.0,15.0,2.4,15.0
SP_4_6,2026-06-30,65,48.0,0.2574128307702962,-9.122655681117225,-15.222610219401055,0.1,15.0,2.3,15.0
SP_4_6,2026-07-03,65,51.0,0.23727642652863312,-7.207059493723804,-13.221097925840317,5.8999999999999995,0.0,7.8999999999999995,15.0
SP_4_6,2026-07-05,65,53.0,0.31937499558039417,-6.962734422411506,-13.256788361949702,28.5,0.0,29.299999999999997,15.0
SP_4_6,2026-07-06,65,54.0,0.3045051579298631,-8.48565243295041,-14.443337184684378,27.599999999999998,0.0,33.5,0.0
SP_4_6,2026-07-09,65,57.0,0.2948971190557606,-7.733967590951098,-13.842220730019317,11.4,0.0,44.1,0.0
SP_4_6,2026-07-11,65,59.0,0.311528196975015,-8.077727668796294,-14.291266094259703,18.6,0.0,34.2,0.0
SP_4_6,2026-07-12,65,60.0,0.30093490327393974,-8.252032075910412,-14.281326286555071,14.399999999999999,0.0,30.0,0.0
SP_4_6,2026-07-15,65,63.0,0.28041071297296705,-8.629098561086813,-12.7835013175069,5.7,0.0,26.6,0.0
SP_4_6,2026-07-17,65,65.0,0.26221321516070345,-7.43026047786263,-12.314956897069944,4.800000000000001,0.0,21.7,0.0
SP_4_6,2026-07-18,65,66.0,0.24639870297889882,-8.873169678966429,-13.170854536785946,2.6,0.0,10.6,0.0
SP_4_6,2026-07-21,65,69.0,0.2738896270182989,-7.7169278859552985,-11.607526644330719,9.9,0.0,14.700000000000001,0.0
SP_4_6,2026-07-23,65,71.0,0.26765147987764126,-7.772501299311136,-12.479191497980906,17.5,0.0,17.5,0.0
SP_4_6,2026-07-24,65,72.0,0.27134018926847775,-8.517804999884966,-13.111754762524237,10.6,0.0,20.5,0.0
SP_4_6,2026-07-27,65,75.0,0.32071544687938425,-8.080165229888198,-12.108023622820618,28.7,0.0,49.2,0.0
SP_4_6,2026-07-29,65,77.0,0.3159331735837379,-7.61562466925923,-12.210479302652853,8.4,0.0,40.0,0.0
SP_4_6,2026-07-30,65,78.0,0.3290897803508485,-8.500054268889949,-13.033461554028975,16.1,0.0,47.8,0.0
SP_4_6,2026-08-02,65,81.0,0.26298942250649565,-8.238761386384134,-12.810572386343422,0.3,0.0,16.5,0.0
SP_4_6,2026-08-04,65,83.0,0.2501574827098941,-7.25024874227008,-12.750711782642973,2.4,0.0,15.299999999999999,0.0
SP_4_6,2026-08-05,65,84.0,0.2368347211630844,-8.699854272675191,-13.981212031351157,2.4,0.0,10.5,0.0
SP_4_6,2026-08-08,65,87.0,0.2900981413987186,-9.335657841174381,-14.262231544700866,19.8,0.0,22.2,0.0
SP_4_6,2026-08-10,65,89.0,0.24711362766442618,-7.6894349915827505,-13.982768840299117,5.1,0.0,21.0,0.0
SP_4_6,2026-08-11,65,90.0,0.23422170281007076,-9.438587450974804,-14.963629889427763,0.75,0.0,20.55,0.0
SP_4_6,2026-08-14,65,93.0,0.30626861585234066,-8.238671425359216,-10.923034578116788,18.5,0.0,23.75,0.0
SP_4_6,2026-08-16,65,95.0,0.2631471616480776,-8.496032717328587,-12.340077443861588,17.8,0.0,19.25,0.0
SP_4_6,2026-08-17,65,96.0,0.23435688801921412,-9.234940132882318,-12.445039197379435,0.65,0.0,19.3,0.0
SP_4_6,2026-08-20,65,99.0,0.16560967807918187,-8.348829935930945,-11.492725882134389,2.0,0.0,19.849999999999998,0.0
SP_4_6,2026-08-22,65,101.0,0.15,-8.43501921269979,-12.95899542579938,2.8,0.0,3.45,0.0
SP_4_6,2026-08-23,65,102.0,0.15,-9.308603325080858,-13.315622673148011,1.4000000000000001,0.0,3.45,0.0
SP_4_6,2026-08-26,65,105.0,0.15,-10.00673817182294,-15.31013190632942,0.6,0.0,3.4,0.0
SP_4_8,2026-04-06,65,-51.0,0.2835186566969644,-8.991282617101557,-17.936732903073633,10.600000000000001,0.0,14.5,0.0
SP_4_8,2026-04-09,65,-48.0,0.3011529663820033,-4.969786842631512,-13.451482203934237,9.2,0.0,19.900000000000002,0.0
SP_4_8,2026-04-11,65,-46.0,0.2980457114756102,-4.412069746018953,-12.712195638005877,12.7,0.0,23.3,0.0
SP_4_8,2026-04-12,65,-45.0,0.28908888726736115,-5.226083805549885,-13.553303123283001,6.4,0.0,18.7,0.0
SP_4_8,2026-04-18,65,-39.0,0.3003238898914678,-5.324325228874787,-13.533776560379314,12.7,0.0,21.1,0.0
SP_4_8,2026-04-21,65,-36.0,0.2996276045384644,-4.7370259517753786,-13.239342390830661,5.5,0.0,20.2,0.0
SP_4_8,2026-04-23,65,-34.0,0.3085086424566548,-5.8450065425098785,-14.537274700911698,9.1,0.0,14.9,0.0
SP_4_8,2026-04-24,65,-33.0,0.31754537547772527,-5.231808006717445,-13.469382289534444,12.899999999999999,0.0,19.5,0.0
SP_4_8,2026-04-30,65,-27.0,0.3332985853363021,-6.522270573370742,-15.53131049590283,3.8000000000000003,0.0,38.3,0.0
SP_4_8,2026-05-03,65,-24.0,0.2811278305483153,-9.848591148802177,-20.212488451114066,0.0,0.0,13.3,0.0
SP_4_8,2026-05-05,65,-22.0,0.22658302994530927,-9.235074800320342,-17.84517085370239,0.3,0.0,2.8000000000000003,0.0
SP_4_8,2026-05-06,65,-21.0,0.186302679757798,-10.717288956209437,-20.175332888320288,0.3,0.0,0.9000000000000001,0.0
SP_4_8,2026-05-13,65,-14.0,0.26288998142296366,-3.1090305639328526,-20.132278248976743,16.3,0.0,18.7,0.0
SP_4_8,2026-05-15,65,-12.0,0.232705114821311,-10.892991322184608,-23.01526971312473,0.1,0.0,18.400000000000002,0.0
SP_4_8,2026-05-16,65,-11.0,0.2169035112130606,-11.302444785883466,-23.00145872216255,0.1,0.0,17.5,0.0
SP_4_8,2026-05-17,65,-10.0,0.20421038368845107,-9.372662753463844,-19.538650271894685,0.7999999999999999,0.0,17.1,0.0
SP_4_8,2026-05-18,65,-9.0,0.16213869028166047,-3.6577700967122273,-17.52154498986349,0.7,0.0,5.2,0.0
SP_4_8,2026-05-24,65,-3.0,0.15,-9.012541717082943,-23.47170905582502,1.4000000000000001,0.0,1.6,0.0
SP_4_8,2026-05-25,65,-2.0,0.18217119558801886,-5.665626532608533,-21.54361865679003,5.9,0.0,6.2,0.0
SP_4_8,2026-05-27,65,0.0,0.22601967529603026,-3.8048106571365166,-20.508961061533153,11.4,0.0,13.0,0.0
SP_4_8,2026-05-28,65,1.0,0.23346220988525918,-9.070676807244745,-22.450964584647075,8.5,0.0,14.5,0.0
SP_4_8,2026-05-29,65,2.0,0.2548523905549922,-7.998396605843288,-20.9094162983676,7.300000000000001,0.0,18.0,0.0
SP_4_8,2026-05-30,65,3.0,0.25798616341796815,-7.831744870491449,-19.131871862754522,7.4,0.0,18.8,0.0
SP_4_8,2026-06-08,65,12.0,0.15,-10.30365971488218,-21.755031237956167,0.0,0.0,1.2999999999999998,10.0
SP_4_8,2026-06-09,65,13.0,0.15,-10.266732792601172,-21.597203894874212,0.0,0.0,1.2999999999999998,0.0
SP_4_8,2026-06-11,65,15.0,0.23924274689590194,-8.90198970941501,-19.902351330288756,0.0,15.0,0.7999999999999999,15.0
SP_4_8,2026-06-18,65,22.0,0.2511984230154675,-7.019122300903858,-17.18487751676553,5.1,0.0,19.2,0.0
SP_4_8,2026-06-21,65,25.0,0.19089436022474163,-7.811155487625369,-16.52775784159828,0.5,0.0,13.5,0.0
SP_4_8,2026-06-23,65,27.0,0.18407760459367137,-5.788119572315509,-14.614128289228203,3.6,0.0,8.3,0.0
SP_4_8,2026-06-27,65,31.0,0.27239138122350365,-5.793419705639007,-15.236133061476531,2.1999999999999997,15.0,5.8,15.0
SP_4_8,2026-06-29,65,33.0,0.22476368613401843,-3.4348698880791977,-14.476863826154458,2.0,15.0,2.4,15.0
SP_4_8,2026-06-30,65,34.0,0.20372607595649367,-5.887343645059751,-14.608138577703452,0.1,0.0,2.3,15.0
SP_4_8,2026-07-03,65,37.0,0.20321092386038458,-3.0364368477435884,-12.552082138203755,5.8999999999999995,0.0,7.8999999999999995,15.0
SP_4_8,2026-07-05,65,39.0,0.30941324693672795,-2.3748716539086816,-12.714114237967662,28.5,0.0,29.299999999999997,0.0
SP_4_8,2026-07-06,65,40.0,0.299433559434998,-4.34707331171155,-13.628287638288853,27.599999999999998,0.0,33.5,0.0
SP_4_8,2026-07-09,65,43.0,0.29597904331758407,-4.26947447059602,-12.63642566397577,11.4,0.0,44.1,0.0
SP_4_8,2026-07-11,65,45.0,0.31369731335453716,-3.587433577684949,-13.202048218869646,18.6,0.0,34.2,0.0
SP_4_8,2026-07-12,65,46.0,0.3038847050994153,-4.795272458032401,-12.997022417328612,14.399999999999999,0.0,30.0,0.0
SP_4_8,2026-07-15,65,49.0,0.28460758001005226,-5.257040335873504,-12.692441234294867,5.7,0.0,26.6,0.0
SP_4_8,2026-07-17,65,51.0,0.26691971210500015,-4.980336068599626,-13.384026156647653,4.800000000000001,0.0,21.7,0.0
SP_4_8,2026-07-18,65,52.0,0.25123622633923537,-6.535958641614269,-13.643061012938041,2.6,0.0,10.6,0.0
SP_4_8,2026-07-21,65,55.0,0.2764173305260128,-5.373726334421098,-12.482539741223066,9.9,0.0,14.700000000000001,0.0
SP_4_8,2026-07-23,65,57.0,0.2711965464941988,-5.102961129257961,-12.763137970863461,17.5,0.0,17.5,0.0
SP_4_8,2026-07-24,65,58.0,0.27530458720418705,-6.147644046309311,-13.239496506698858,10.6,0.0,20.5,0.0
SP_4_8,2026-07-27,65,61.0,0.3251265798137263,-5.682060525491695,-12.559989559050848,28.7,0.0,49.2,0.0
SP_4_8,2026-07-29,65,63.0,0.32078984340836464,-5.631181009873105,-12.564126932764228,8.4,0.0,40.0,0.0
SP_4_8,2026-07-30,65,64.0,0.3335630722275125,-6.366677270173011,-13.337777619818587,16.1,0.0,47.8,0.0
SP_4_8,2026-08-02,65,67.0,0.2742654417586754,-6.0165417836023245,-12.519835349584936,0.3,0.0,16.5,0.0
SP_4_8,2026-08-04,65,69.0,0.2636394908498141,-5.193196498168784,-12.269176740029701,2.4,0.0,15.299999999999999,0.0
SP_4_8,2026-08-05,65,70.0,0.2521676598242474,-6.315091607895709,-13.101256603746858,2.4,0.0,10.5,0.0
SP_4_8,2026-08-08,65,73.0,0.2983506645819107,-5.984577930339859,-12.583709906562309,19.8,0.0,22.2,0.0
SP_4_8,2026-08-10,65,75.0,0.25810887318567377,-5.711699672989166,-12.65592072176785,5.1,0.0,21.0,0.0
SP_4_8,2026-08-11,65,76.0,0.24595071741106392,-6.720980584995467,-13.277897017480672,0.75,0.0,20.55,0.0
SP_4_8,2026-08-14,65,79.0,0.312328434800875,-6.955936734681729,-13.236837084023506,18.5,0.0,23.75,0.0
SP_4_8,2026-08-16,65,81.0,0.26266852292043574,-6.525589693299128,-12.961451403371356,17.8,0.0,19.25,0.0
SP_4_8,2026-08-17,65,82.0,0.23582191806462585,-7.3224976657606975,-13.63991888716819,0.65,0.0,19.3,0.0
SP_4_8,2026-08-20,65,85.0,0.18446278848953895,-6.90470216581343,-13.217496190172282,2.0,0.0,19.849999999999998,0.0
SP_4_8,2026-08-22,65,87.0,0.16850025209784245,-6.501547060293497,-13.062702663739529,2.8,0.0,3.45,0.0
SP_4_8,2026-08-23,65,88.0,0.15,-6.900300245584562,-13.226159034132678,1.4000000000000001,0.0,3.45,0.0
SP_4_8,2026-08-26,65,91.0,0.15,-6.6367379086738545,-12.956936602934109,0.6,0.0,3.4,0.0
SP_6_1,2026-04-06,65,-36.0,0.28485555025768905,-7.315796259227087,-15.574099897227413,11.3,0.0,15.5,0.0
SP_6_1,2026-04-09,65,-33.0,0.2996152907124916,-4.62711060621194,-12.77831806251385,8.299999999999999,0.0,19.599999999999998,0.0
SP_6_1,2026-04-11,65,-31.0,0.29809356384406793,-3.855976932371564,-11.989856075657519,13.0,0.0,22.5,0.0
SP_6_1,2026-04-12,65,-30.0,0.2864751449379416,-5.04449854396324,-12.985072627551467,6.300000000000001,0.0,17.6,0.0
SP_6_1,2026-04-18,65,-24.0,0.30530010375741773,-4.596142236873931,-12.294585131855193,14.2,0.0,23.0,0.0
SP_6_1,2026-04-21,65,-21.0,0.3056821783696489,-4.792836438291534,-13.225747761373812,6.5,0.0,23.8,0.0
SP_6_1,2026-04-23,65,-19.0,0.3070284761691462,-5.454403147836079,-14.885320196062215,7.7,0.0,15.1,0.0
SP_6_1,2026-04-24,65,-18.0,0.3182478958292368,-5.024168367408283,-12.892290999288502,11.600000000000001,0.0,19.400000000000002,0.0
SP_6_1,2026-04-30,65,-12.0,0.3338705513497369,-5.900787394246318,-14.757692778543154,3.5,0.0,38.6,0.0
SP_6_1,2026-05-03,65,-9.0,0.28197676824014895,-9.337514373613956,-18.88654500434167,0.0,0.0,13.2,0.0
SP_6_1,2026-05-05,65,-7.0,0.22508781959505852,-7.946919329636407,-17.86459654998751,0.1,0.0,2.3000000000000003,0.0
SP_6_1,2026-05-06,65,-6.0,0.1843895825874623,-9.636461060910301,-18.137496574636913,0.1,0.0,0.6,0.0
SP_6_1,2026-05-13,65,1.0,0.2627610745011012,-8.163555965498988,-17.57033460799468,16.4,0.0,19.4,0.0
SP_6_1,2026-05-15,65,3.0,0.23445849112641656,-10.48802353162553,-20.44390456161586,0.2,0.0,19.1,0.0
SP_6_1,2026-05-16,65,4.0,0.21746750984547258,-11.065776620955809,-21.23255913241774,0.2,0.0,18.0,0.0
SP_6_1,2026-05-17,65,5.0,0.20030195230959735,-7.088518950033168,-20.54328242736102,0.6000000000000001,0.0,17.0,0.0
SP_6_1,2026-05-18,65,6.0,0.15685440196156958,-7.659651543307956,-20.995828494766762,0.4,0.0,4.8,0.0
SP_6_1,2026-05-24,65,12.0,0.15,-10.452878378195994,-21.62406964807669,2.8000000000000003,0.0,3.2,0.0
SP_6_1,2026-05-25,65,13.0,0.25772492471547886,-5.26568845444077,-18.765246806174467,6.4,10.0,6.800000000000001,10.0
SP_6_1,2026-05-27,65,15.0,0.2690039899737307,-4.448777057239173,-18.902491433708338,11.0,10.0,14.200000000000001,10.0
SP_6_1,2026-05-28,65,16.0,0.26407472250669306,-9.788571980037059,-21.246026035274134,8.6,0.0,15.0,10.0
SP_6_1,2026-05-29,65,17.0,0.27591157149208256,-5.145700838787569,-20.28593780526277,7.2,0.0,18.5,10.0
SP_6_1,2026-05-30,65,18.0,0.27529375397368494,-11.192560211548745,-18.117416993622726,7.0,0.0,18.1,10.0
SP_6_1,2026-06-08,65,27.0,0.1772574253353895,-11.142115545120566,-21.175815059970716,0.0,10.0,1.1,10.0
SP_6_1,2026-06-09,65,28.0,0.15,-11.055190272923854,-21.409432457176592,0.0,0.0,1.1,10.0
SP_6_1,2026-06-11,65,30.0,0.24555897971319104,-5.269429246833739,-20.625627395477203,0.0,15.0,1.0,25.0
SP_6_1,2026-06-18,65,37.0,0.2486901756247517,-5.820826032456086,-16.29926684189838,4.7,0.0,16.599999999999998,0.0
SP_6_1,2026-06-21,65,40.0,0.2068908501533521,-7.707025773360052,-16.831932140230073,0.5,0.0,11.7,0.0
SP_6_1,2026-06-23,65,42.0,0.21332931309422254,1.625404333463031,-14.609921648103818,4.3999999999999995,0.0,9.2,0.0
SP_6_1,2026-06-27,65,46.0,0.3094011240296599,-7.3255936540996185,-15.71334347931344,2.4,15.0,6.8,15.0
SP_6_1,2026-06-29,65,48.0,0.24509222015223295,0.6984785355927449,-13.51076538813913,2.1999999999999997,15.0,2.8,15.0
SP_6_1,2026-06-30,65,49.0,0.22473458650590902,-5.037789428747544,-13.630184261463832,0.30000000000000004,0.0,2.7,15.0
SP_6_1,2026-07-03,65,52.0,0.25118683116146157,-4.2427959434820055,-12.583899112138834,4.9,10.0,7.1,25.0
SP_6_1,2026-07-05,65,54.0,0.31932064080718786,-1.4224082411177186,-12.369340167709815,27.8,0.0,28.6,10.0
SP_6_1,2026-07-06,65,55.0,0.30644093247996185,-4.715191546059041,-13.070728525112651,27.7,0.0,32.6,10.0
SP_6_1,2026-07-09,65,58.0,0.2912914979596685,-5.229517829625253,-12.856453360262316,10.1,0.0,42.0,0.0
SP_6_1,2026-07-11,65,60.0,0.31693073407613914,-3.2031805639371598,-13.081599045957166,18.7,0.0,36.8,0.0
SP_6_1,2026-07-12,65,61.0,0.3045161406074462,-5.407222706957669,-13.215063539612636,15.700000000000001,0.0,29.9,0.0
SP_6_1,2026-07-15,65,64.0,0.2830190777843815,-6.460019658143585,-13.290028319308028,5.4,0.0,26.2,0.0
SP_6_1,2026-07-17,65,66.0,0.265895330425313,-5.959212869590903,-14.020125963425677,4.8,0.0,23.1,0.0
SP_6_1,2026-07-18,65,67.0,0.2498331266719487,-6.68714028408909,-13.661980729245311,2.8,0.0,10.3,0.0
SP_6_1,2026-07-21,65,70.0,0.2797364846545389,-7.085112384823237,-13.63101556452083,10.7,0.0,15.5,0.0
SP_6_1,2026-07-23,65,72.0,0.3228048332772038,-5.383183595142106,-12.962521178404012,20.6,20.0,20.6,20.0
SP_6_1,2026-07-24,65,73.0,0.32275098498175886,-6.567545171857967,-13.278502166634158,15.3,20.0,26.0,20.0
SP_6_1,2026-07-27,65,76.0,0.36239927573023,-6.359513453075002,-13.003888854511292,29.900000000000002,0.0,55.9,20.0
SP_6_1,2026-07-29,65,78.0,0.34847039312589606,-5.400520316350158,-13.192060041066412,7.9,0.0,43.2,0.0
SP_6_1,2026-07-30,65,79.0,0.3594968460999214,-6.030446510006167,-13.394764460202545,15.6,0.0,50.9,0.0
SP_6_1,2026-08-02,65,82.0,0.2917654142950696,-6.6252520421489525,-13.158386041655978,0.7,0.0,16.3,0.0
SP_6_1,2026-08-04,65,84.0,0.27248967907513383,-4.95540809106693,-12.391847078998026,2.2,0.0,14.5,0.0
SP_6_1,2026-08-05,65,85.0,0.25927309957945516,-6.481264375696623,-13.353531850148881,2.2,0.0,10.6,0.0
SP_6_1,2026-08-08,65,88.0,0.3075162302662592,-6.024718019862972,-12.192563275198955,19.7,0.0,21.9,0.0
SP_6_1,2026-08-10,65,90.0,0.27143206398442904,-5.6018479619176205,-12.633171789099757,7.800000000000001,0.0,21.4,0.0
SP_6_1,2026-08-11,65,91.0,0.2595178085434251,-6.126556387069053,-12.89024479810677,1.75,0.0,21.45,0.0
SP_6_1,2026-08-14,65,94.0,0.31443703449919924,-7.268160079743521,-13.36795277002041,17.65,0.0,25.6,0.0
SP_6_1,2026-08-16,65,96.0,0.2743096182682638,-6.221393969761493,-12.90593115104555,15.6,0.0,18.4,0.0
SP_6_1,2026-08-17,65,97.0,0.2468237808688164,-7.199454009837436,-13.463722971897996,0.65,0.0,18.45,0.0
SP_6_1,2026-08-20,65,100.0,0.1880113088980999,-7.013532172720503,-13.238777456724701,1.7999999999999998,0.0,17.45,0.0
SP_6_1,2026-08-22,65,102.0,0.15780017572604602,-6.467715119809178,-13.087964455793795,2.1,0.0,2.75,0.0
SP_6_1,2026-08-23,65,103.0,0.15,-6.397101524697499,-12.915625330157328,0.9,0.0,2.75,0.0
SP_6_1,2026-08-26,65,106.0,0.15,-6.850336287960287,-13.073081626409413,0.30000000000000004,0.0,2.4,0.0
SP_6_2,2026-04-06,65,-38.0,0.284962566870646,-7.466895465382045,-15.988007745492547,11.3,0.0,15.5,0.0
SP_6_2,2026-04-09,65,-35.0,0.29971879126209194,-4.924509840986878,-12.87208675810308,8.299999999999999,0.0,19.599999999999998,0.0
SP_6_2,2026-04-11,65,-33.0,0.2981876245474537,-3.8714952315911138,-12.044288574975361,13.0,0.0,22.5,0.0
SP_6_2,2026-04-12,65,-32.0,0.28664085735708933,-5.014538122533977,-13.146916262640243,6.300000000000001,0.0,17.6,0.0
SP_6_2,2026-04-18,65,-26.0,0.30547812508138306,-4.5120920857864935,-12.444970737655616,14.2,0.0,23.0,0.0
SP_6_2,2026-04-21,65,-23.0,0.3058422222289539,-4.932343430071208,-13.285522823313343,6.5,0.0,23.8,0.0
SP_6_2,2026-04-23,65,-21.0,0.30721914923895466,-5.854196768581474,-15.338451702091875,7.7,0.0,15.1,0.0
SP_6_2,2026-04-24,65,-20.0,0.31841521294947184,-5.131623404210842,-13.399206497611793,11.600000000000001,0.0,19.400000000000002,0.0
SP_6_2,2026-04-30,65,-14.0,0.3340838319762341,-6.181977289432843,-15.395839417951816,3.5,0.0,38.6,0.0
SP_6_2,2026-05-03,65,-11.0,0.2823662846022246,-9.619320046821736,-19.392334416044783,0.0,0.0,13.2,0.0
SP_6_2,2026-05-05,65,-9.0,0.22586915255610646,-8.414506135110994,-18.594193927185984,0.1,0.0,2.3000000000000003,0.0
SP_6_2,2026-05-06,65,-8.0,0.185516863724041,-10.04876973331352,-18.916678674538602,0.1,0.0,0.6,0.0
SP_6_2,2026-05-13,65,-1.0,0.26288228296900656,-7.926704832408697,-19.27617673288083,16.4,0.0,19.4,0.0
SP_6_2,2026-05-15,65,1.0,0.2347273785683364,-11.727084088381263,-22.49566775177478,0.2,0.0,19.1,0.0
SP_6_2,2026-05-16,65,2.0,0.21784796411437296,-11.855326901820098,-22.386734178749794,0.2,0.0,18.0,0.0
SP_6_2,2026-05-17,65,3.0,0.20082516172161557,-7.437185283543761,-21.778778130800664,0.6000000000000001,0.0,17.0,0.0
SP_6_2,2026-05-18,65,4.0,0.1576173819306609,-7.8096564133425295,-21.934785828704296,0.4,0.0,4.8,0.0
SP_6_2,2026-05-24,65,10.0,0.15,-6.5847909198822965,-22.372835536183754,2.8000000000000003,0.0,3.2,0.0
SP_6_2,2026-05-25,65,11.0,0.2580131426791645,-0.8628529852872564,-19.162673715213185,6.4,10.0,6.800000000000001,10.0
SP_6_2,2026-05-27,65,13.0,0.2694012001770707,-5.556691971982345,-19.20280122803121,11.0,10.0,14.200000000000001,10.0
SP_6_2,2026-05-28,65,14.0,0.26455985953525196,-11.225883935724319,-22.13532139238819,8.6,0.0,15.0,10.0
SP_6_2,2026-05-29,65,15.0,0.2763563988123378,-5.173134292845844,-21.1220744460166,7.2,0.0,18.5,10.0
SP_6_2,2026-05-30,65,16.0,0.2757071494018076,-10.542206621254591,-18.6000305105385,7.0,0.0,18.1,10.0
SP_6_2,2026-06-08,65,25.0,0.1733251078648235,-11.679436633753554,-22.160687274072146,0.0,10.0,1.1,10.0
SP_6_2,2026-06-09,65,26.0,0.15,-11.54697455079421,-22.077510183437102,0.0,0.0,1.1,10.0
SP_6_2,2026-06-11,65,28.0,0.24467278843629414,-5.0707399095917784,-20.783919515966105,0.0,15.0,1.0,25.0
SP_6_2,2026-06-18,65,35.0,0.24802829758915568,-5.007088019626065,-16.212579030478782,4.7,0.0,16.599999999999998,0.0
SP_6_2,2026-06-21,65,38.0,0.20405193869876215,-8.266636397036482,-16.56605387173813,0.5,0.0,11.7,0.0
SP_6_2,2026-06-23,65,40.0,0.21163657384032797,0.25164249957994733,-14.734925701421261,4.3999999999999995,0.0,9.2,0.0
SP_6_2,2026-06-27,65,44.0,0.30742235885381747,-7.490721934087174,-15.761845387997129,2.4,15.0,6.8,15.0
SP_6_2,2026-06-29,65,46.0,0.244417547869481,-1.1409965220803935,-14.015611124165869,2.1999999999999997,15.0,2.8,15.0
SP_6_2,2026-06-30,65,47.0,0.22423708118948185,-4.1754320734085235,-13.833761655983327,0.30000000000000004,0.0,2.7,15.0
SP_6_2,2026-07-03,65,50.0,0.2512377903005501,-4.406355198139018,-12.673650103967454,4.9,10.0,7.1,25.0
SP_6_2,2026-07-05,65,52.0,0.3193160945621665,-1.3431642743391787,-12.382785252655871,27.8,0.0,28.6,10.0
SP_6_2,2026-07-06,65,53.0,0.30679664520049416,-3.7021842889094363,-13.047595898423168,27.7,0.0,32.6,10.0
SP_6_2,2026-07-09,65,56.0,0.29209618651482083,-4.950616220844546,-12.764857918242352,10.1,0.0,42.0,0.0
SP_6_2,2026-07-11,65,58.0,0.3176111951812708,-2.848340773291287,-13.000003400707769,18.7,0.0,36.8,0.0
SP_6_2,2026-07-12,65,59.0,0.30532666213280185,-4.4926821334713996,-13.155042906880833,15.700000000000001,0.0,29.9,0.0
SP_6_2,2026-07-15,65,62.0,0.28403533881421433,-6.295930244791435,-13.076093382546341,5.4,0.0,26.2,0.0
SP_6_2,2026-07-17,65,64.0,0.2670663116339382,-5.6749679562965305,-13.809703665515551,4.8,0.0,23.1,0.0
SP_6_2,2026-07-18,65,65.0,0.25100468106021345,-6.238470041805466,-13.416011069492761,2.8,0.0,10.3,0.0
SP_6_2,2026-07-21,65,68.0,0.2805632887190325,-6.884076114182319,-13.533433670794704,10.7,0.0,15.5,0.0
SP_6_2,2026-07-23,65,70.0,0.32399873396332757,-5.04146877857361,-12.646243410640917,20.6,20.0,20.6,20.0
SP_6_2,2026-07-24,65,71.0,0.32397916855605535,-6.118904272821803,-13.10897035809745,15.3,20.0,26.0,20.0
SP_6_2,2026-07-27,65,74.0,0.36389894204951057,-6.2366376713900795,-12.789122912590116,29.900000000000002,0.0,55.9,20.0
SP_6_2,2026-07-29,65,76.0,0.34986581705960546,-5.122372219315521,-12.853005501443413,7.9,0.0,43.2,0.0
SP_6_2,2026-07-30,65,77.0,0.36085557235850557,-5.804134105075657,-13.033335034397702,15.6,0.0,50.9,0.0
SP_6_2,2026-08-02,65,80.0,0.2940609838762879,-6.525664680041009,-12.982109802588917,0.7,0.0,16.3,0.0
SP_6_2,2026-08-04,65,82.0,0.27474363443085287,-4.805622343832591,-12.189115147572549,2.2,0.0,14.5,0.0
SP_6_2,2026-08-05,65,83.0,0.26104109189628205,-6.319142900387268,-13.36503669294961,2.2,0.0,10.6,0.0
SP_6_2,2026-08-08,65,86.0,0.30557075652715177,-6.107470141403471,-12.318062724764916,19.7,0.0,21.9,0.0
SP_6_2,2026-08-10,65,88.0,0.2682673655787206,-5.313594314063748,-12.480991365853383,7.800000000000001,0.0,21.4,0.0
SP_6_2,2026-08-11,65,89.0,0.25611758407197616,-6.131576598094563,-12.875741293739576,1.75,0.0,21.45,0.0
SP_6_2,2026-08-14,65,92.0,0.31265833142365695,-7.150906997606534,-13.291017224183502,17.65,0.0,25.6,0.0
SP_6_2,2026-08-16,65,94.0,0.27239503328850023,-6.235256808733352,-12.67420210756313,15.6,0.0,18.4,0.0
SP_6_2,2026-08-17,65,95.0,0.24475633887229467,-7.1325521400972915,-13.208054616827628,0.65,0.0,18.45,0.0
SP_6_2,2026-08-20,65,98.0,0.18508374962695723,-7.236208355996395,-13.033500550604941,1.7999999999999998,0.0,17.45,0.0
SP_6_2,2026-08-22,65,100.0,0.15460675307383898,-6.3429578713769965,-12.798189141046738,2.1,0.0,2.75,0.0
SP_6_2,2026-08-23,65,101.0,0.15,-6.2569626237485725,-12.585258852148112,0.9,0.0,2.75,0.0
SP_6_2,2026-08-26,65,104.0,0.15,-6.989166134556194,-13.047321169196156,0.30000000000000004,0.0,2.4,0.0
SP_6_3,2026-04-06,65,-41.0,0.284962566870646,-7.034536552589735,-15.772222923757253,11.3,0.0,15.5,0.0
SP_6_3,2026-04-09,65,-38.0,0.2997089479559152,-5.0133828600738095,-13.181213969371893,8.299999999999999,0.0,19.599999999999998,0.0
SP_6_3,2026-04-11,65,-36.0,0.298184062490007,-3.4482085168241756,-12.08530438539919,13.0,0.0,22.5,0.0
SP_6_3,2026-04-12,65,-35.0,0.286595642476369,-4.902186862722221,-13.150401798381369,6.300000000000001,0.0,17.6,0.0
SP_6_3,2026-04-18,65,-29.0,0.3054416365337805,-4.394613031922686,-12.428520149342345,14.2,0.0,23.0,0.0
SP_6_3,2026-04-21,65,-26.0,0.30580779912423667,-5.249303401009168,-13.783918002434008,6.5,0.0,23.8,0.0
SP_6_3,2026-04-23,65,-24.0,0.3071943349326831,-5.340467132386189,-15.212570183156624,7.7,0.0,15.1,0.0
SP_6_3,2026-04-24,65,-23.0,0.3183943799692509,-5.052501655496467,-13.442672525118686,11.600000000000001,0.0,19.400000000000002,0.0
SP_6_3,2026-04-30,65,-17.0,0.33406741458214234,-6.056145355540185,-15.306698710245083,3.5,0.0,38.6,0.0
SP_6_3,2026-05-03,65,-14.0,0.2823512526702922,-10.043099454631175,-19.795411135724205,0.0,0.0,13.2,0.0
SP_6_3,2026-05-05,65,-12.0,0.22585039610746677,-8.409092178941185,-18.68719505504133,0.1,0.0,2.3000000000000003,0.0
SP_6_3,2026-05-06,65,-11.0,0.1854946805209676,-10.203352638212708,-18.98190616284814,0.1,0.0,0.6,0.0
SP_6_3,2026-05-13,65,-4.0,0.262880353589037,-9.4317359545919,-19.09060219227765,16.4,0.0,19.4,0.0
SP_6_3,2026-05-15,65,-2.0,0.23472495469442534,-10.791070741445164,-20.559027917316868,0.2,0.0,19.1,0.0
SP_6_3,2026-05-16,65,-1.0,0.21784525708093255,-10.829990032404233,-20.514665584298868,0.2,0.0,18.0,0.0
SP_6_3,2026-05-17,65,0.0,0.20082213621761916,-9.168777587284566,-19.492423058340812,0.6000000000000001,0.0,17.0,0.0
SP_6_3,2026-05-18,65,1.0,0.1576140996570284,-9.705801176795871,-19.973940422391323,0.4,0.0,4.8,0.0
SP_6_3,2026-05-24,65,7.0,0.15,-11.03884371677401,-22.395080486293544,2.8000000000000003,0.0,3.2,0.0
SP_6_3,2026-05-25,65,8.0,0.25913812219504556,-5.244287325336358,-19.641900369467958,6.4,10.0,6.800000000000001,10.0
SP_6_3,2026-05-27,65,10.0,0.26997886084969414,-3.2381042524224313,-19.611240299370248,11.0,10.0,14.200000000000001,10.0
SP_6_3,2026-05-28,65,11.0,0.2650340380662342,-9.330198490576041,-22.278557207574647,8.6,0.0,15.0,10.0
SP_6_3,2026-05-29,65,12.0,0.27678382621724207,-7.2112779807312934,-20.95784492198401,7.2,0.0,18.5,10.0
SP_6_3,2026-05-30,65,13.0,0.27606464144057963,-10.322581672750326,-18.55952625019685,7.0,0.0,18.1,10.0
SP_6_3,2026-06-08,65,22.0,0.16706158072582028,-10.456193032256811,-22.123077392715643,0.0,10.0,1.1,10.0
SP_6_3,2026-06-09,65,23.0,0.15,-10.61368091613138,-22.446813494504894,0.0,0.0,1.1,10.0
SP_6_3,2026-06-11,65,25.0,0.15,-8.627406278517679,-21.968242153453815,0.0,0.0,1.0,10.0
SP_6_3,2026-06-18,65,32.0,0.25505907875429407,-7.263036534271632,-19.078658298554753,4.7,0.0,16.599999999999998,15.0
SP_6_3,2026-06-21,65,35.0,0.20716789889743709,-9.574182471440688,-18.973573035804726,0.5,0.0,11.7,0.0
SP_6_3,2026-06-23,65,37.0,0.21213584316571665,-6.123218903021698,-17.50794125637812,4.3999999999999995,0.0,9.2,0.0
SP_6_3,2026-06-27,65,41.0,0.19101497126101083,-6.6528638992975715,-17.785157603768784,2.4,0.0,6.8,0.0
SP_6_3,2026-06-29,65,43.0,0.17460648554254316,-6.890485392490358,-16.58558952753273,2.1999999999999997,0.0,2.8,0.0
SP_6_3,2026-06-30,65,44.0,0.2829367677375938,-8.016637522604137,-16.43093471842426,0.30000000000000004,15.0,2.7,15.0
SP_6_3,2026-07-03,65,47.0,0.23903265297959553,-2.8963899321772786,-13.880427486680006,4.9,0.0,7.1,15.0
SP_6_3,2026-07-05,65,49.0,0.3202286044623264,-1.7030373139643442,-13.10546020146039,27.8,0.0,28.6,15.0
SP_6_3,2026-07-06,65,50.0,0.3051838266524364,-3.666149698992381,-13.225573190396853,27.7,0.0,32.6,15.0
SP_6_3,2026-07-09,65,53.0,0.2892132966485249,-4.060090647841496,-13.050398208180782,10.1,0.0,42.0,0.0
SP_6_3,2026-07-11,65,55.0,0.31556179280904617,-3.0903100310018248,-13.147886964504938,18.7,0.0,36.8,0.0
SP_6_3,2026-07-12,65,56.0,0.30289161169020906,-4.522584532767395,-12.841325228767207,15.700000000000001,0.0,29.9,0.0
SP_6_3,2026-07-15,65,59.0,0.28152630398428985,-5.742037229776528,-13.04668354147986,5.4,0.0,26.2,0.0
SP_6_3,2026-07-17,65,61.0,0.2646970155719128,-5.654692311581392,-13.4280593716766,4.8,0.0,23.1,0.0
SP_6_3,2026-07-18,65,62.0,0.24870837847640806,-6.463341805593574,-13.572797595298622,2.8,0.0,10.3,0.0
SP_6_3,2026-07-21,65,65.0,0.27938695173601624,-6.97474912103624,-13.396238403377394,10.7,0.0,15.5,0.0
SP_6_3,2026-07-23,65,67.0,0.32323207065946064,-5.763962927862848,-13.106800673752769,20.6,20.0,20.6,20.0
SP_6_3,2026-07-24,65,68.0,0.3231576050373344,-6.699791841682535,-13.468996114719232,15.3,20.0,26.0,20.0
SP_6_3,2026-07-27,65,71.0,0.3629207442903449,-6.140898355984895,-12.743292802503381,29.900000000000002,0.0,55.9,20.0
SP_6_3,2026-07-29,65,73.0,0.3490946663649468,-5.984266642952731,-13.233266723050821,7.9,0.0,43.2,0.0
SP_6_3,2026-07-30,65,74.0,0.36011736660732313,-6.381285705237424,-13.266700074559958,15.6,0.0,50.9,0.0
SP_6_3,2026-08-02,65,77.0,0.2945164421404073,-6.565095065462288,-13.041283670993401,0.7,0.0,16.3,0.0
SP_6_3,2026-08-04,65,79.0,0.27552444026867934,-5.306377540403,-12.583817259817536,2.2,0.0,14.5,0.0
SP_6_3,2026-08-05,65,80.0,0.2626572185540643,-6.799980043073473,-13.484091337120516,2.2,0.0,10.6,0.0
SP_6_3,2026-08-08,65,83.0,0.3061251313757364,-6.271350962378918,-12.592587642344045,19.7,0.0,21.9,0.0
SP_6_3,2026-08-10,65,85.0,0.26643956783430434,-5.815780830144851,-12.843818703445166,7.800000000000001,0.0,21.4,0.0
SP_6_3,2026-08-11,65,86.0,0.2524561632134051,-6.514300748932112,-13.18383631816302,1.75,0.0,21.45,0.0
SP_6_3,2026-08-14,65,89.0,0.30914784141923757,-7.341054228939702,-13.60393979836402,17.75,0.0,25.7,0.0
SP_6_3,2026-08-16,65,91.0,0.2682047406873432,-6.419690444841523,-13.145393642585121,15.6,0.0,18.5,0.0
SP_6_3,2026-08-17,65,92.0,0.2400072577893383,-7.295532319161422,-13.606509810467948,0.65,0.0,18.55,0.0
SP_6_3,2026-08-20,65,95.0,0.17825483668502615,-7.161040475108983,-13.09560488379046,1.7999999999999998,0.0,17.45,0.0
SP_6_3,2026-08-22,65,97.0,0.15,-6.53375556850627,-13.321154950031797,2.1,0.0,2.75,0.0
SP_6_3,2026-08-23,65,98.0,0.15,-6.761889612902667,-13.28295489512164,0.9,0.0,2.75,0.0
SP_6_3,2026-08-26,65,101.0,0.15,-6.990864966155997,-13.232535501292567,0.30000000000000004,0.0,2.4,0.0
SP_6_4,2026-04-06,65,-44.0,0.2850206595422644,-6.519609404848876,-15.177781209750794,11.3,0.0,15.5,0.0
SP_6_4,2026-04-11,65,-39.0,0.29825101967623907,-3.795465017529451,-12.097436466118879,13.0,0.0,22.5,0.0
SP_6_4,2026-04-12,65,-38.0,0.28669301123370006,-5.021067281761588,-13.062497788974007,6.300000000000001,0.0,17.6,0.0
SP_6_4,2026-04-18,65,-32.0,0.3055379002259033,-4.666231989500232,-12.520081213300884,14.2,0.0,23.0,0.0
SP_6_4,2026-04-23,65,-27.0,0.3073333193893467,-5.9566787064455315,-15.670908133983517,7.7,0.0,15.1,0.0
SP_6_4,2026-04-24,65,-26.0,0.31851909464637757,-5.032521059559336,-13.27147188578297,11.600000000000001,0.0,19.400000000000002,0.0
SP_6_4,2026-04-30,65,-20.0,0.3341577291163433,-6.239382849501084,-15.648600945060272,3.5,0.0,38.6,0.0
SP_6_4,2026-05-05,65,-15.0,0.2262023744157765,-8.544221313727384,-18.93735594781803,0.1,0.0,2.3000000000000003,0.0
SP_6_4,2026-05-06,65,-14.0,0.1859054330796846,-9.953903348694704,-19.142940700995716,0.1,0.0,0.6,0.0
SP_6_4,2026-05-13,65,-7.0,0.26290497791317646,-6.825211093237286,-18.56532124807304,16.4,0.0,19.4,0.0
SP_6_4,2026-05-17,65,-3.0,0.20125634315132276,-9.687470287002851,-20.669083493494718,0.6000000000000001,0.0,17.0,0.0
SP_6_4,2026-05-18,65,-2.0,0.15828130977568367,-10.227713704997365,-20.90380622516018,0.4,0.0,4.8,0.0
SP_6_4,2026-05-24,65,4.0,0.15,-9.882288894109532,-22.167504819968503,2.8000000000000003,0.0,3.2,0.0
SP_6_4,2026-05-25,65,5.0,0.2592022061822003,-5.413393997619077,-19.600374379563977,6.4,10.0,6.800000000000001,10.0
SP_6_4,2026-05-29,65,9.0,0.27851380029103795,-7.791840797836,-20.782688460478305,7.2,0.0,18.5,10.0
SP_6_4,2026-05-30,65,10.0,0.27798148846085285,-10.057643571623062,-17.916184269326024,7.0,0.0,18.1,10.0
SP_6_4,2026-06-11,65,22.0,0.2424502143744574,-8.670323088748702,-20.455062485395203,0.0,15.0,1.0,25.0
SP_6_4,2026-06-18,65,29.0,0.2740564131995551,-5.5294442457081585,-16.914184790348553,4.7,10.0,16.599999999999998,10.0
SP_6_4,2026-06-23,65,34.0,0.218859999063168,-2.399357507176463,-15.588724096297003,4.3999999999999995,0.0,9.2,0.0
SP_6_4,2026-06-29,65,40.0,0.23439341075189116,-4.0740129783385575,-15.155785576132994,2.1999999999999997,10.0,2.8,10.0
SP_6_4,2026-06-30,65,41.0,0.21579757521067047,-6.389151161166153,-15.286370269495562,0.30000000000000004,10.0,2.7,10.0
SP_6_4,2026-07-05,65,46.0,0.3190455471417191,-2.527908750350829,-13.130788400931706,27.8,0.0,28.6,10.0
SP_6_4,2026-07-06,65,47.0,0.30742332113135784,-4.422972890835348,-13.471714917537573,27.7,0.0,32.6,10.0
SP_6_4,2026-07-11,65,52.0,0.31934471943101533,-3.3233475531246603,-13.254387661591377,18.7,0.0,36.8,0.0
SP_6_4,2026-07-12,65,53.0,0.3073790443059239,-4.682464364553398,-13.22248891844316,15.700000000000001,0.0,29.9,0.0
SP_6_4,2026-07-17,65,58.0,0.26969087232224737,-6.043854310772055,-13.959010930917636,4.8,0.0,23.1,0.0
SP_6_4,2026-07-18,65,59.0,0.2536385321269661,-6.945959755379802,-13.890838856450568,2.8,0.0,10.3,0.0
SP_6_4,2026-07-23,65,64.0,0.28032412292753395,-5.882467726190258,-13.58234459330861,20.6,0.0,20.6,0.0
SP_6_4,2026-07-24,65,65.0,0.2933014866032437,-7.010366714614646,-14.019936060905549,15.3,0.0,26.0,0.0
SP_6_4,2026-07-29,65,70.0,0.3284209988369023,-5.698416355302354,-13.276931429674121,7.9,0.0,43.2,0.0
SP_6_4,2026-07-30,65,71.0,0.34031497511604125,-6.156099453879129,-13.325827441309212,15.6,0.0,50.9,0.0
SP_6_4,2026-08-04,65,76.0,0.26444221612149643,-5.410535628713303,-12.579575543331789,2.2,0.0,14.5,0.0
SP_6_4,2026-08-05,65,77.0,0.2517159544290404,-6.98471370397863,-13.660546658816695,2.2,0.0,10.6,0.0
SP_6_4,2026-08-10,65,82.0,0.2616409386713911,-5.961870841020586,-12.975971122351284,7.800000000000001,0.0,21.4,0.0
SP_6_4,2026-08-11,65,83.0,0.24795661410071168,-6.73876272884943,-13.637196609404025,1.75,0.0,21.45,0.0
SP_6_4,2026-08-16,65,88.0,0.25891253179411305,-6.753637277995668,-13.373539900241166,15.6,0.0,18.4,0.0
SP_6_4,2026-08-17,65,89.0,0.22836686239771747,-7.561053038981954,-13.785347908722771,0.65,0.0,18.45,0.0
SP_6_4,2026-08-22,65,94.0,0.15,-6.835398188863241,-13.425446521602876,2.1,0.0,2.75,0.0
SP_6_4,2026-08-23,65,95.0,0.15,-6.917019081361762,-13.550128094539264,0.9,0.0,2.75,0.0
SP_6_5,2026-04-06,65,-46.0,0.2850691341317299,-5.918299455036596,-14.00928860321086,11.3,0.0,15.5,0.0
SP_6_5,2026-04-09,65,-43.0,0.2998021748924135,-4.995195348352114,-12.956912419448429,8.299999999999999,0.0,19.599999999999998,0.0
SP_6_5,2026-04-11,65,-41.0,0.29827422543913046,-3.6571583452271073,-12.03859658862305,13.0,0.0,22.5,0.0
SP_6_5,2026-04-12,65,-40.0,0.28671568398107733,-4.937721676022887,-12.72903536554515,6.300000000000001,0.0,17.6,0.0
SP_6_5,2026-04-18,65,-34.0,0.30559129947758545,-4.8706858452895,-12.555317213188557,14.2,0.0,23.0,0.0
SP_6_5,2026-04-21,65,-31.0,0.3059508747183372,-5.181576930003111,-13.293141075511253,6.5,0.0,23.8,0.0
SP_6_5,2026-04-23,65,-29.0,0.3073712918115503,-4.884763719149796,-14.039089633210216,7.7,0.0,15.1,0.0
SP_6_5,2026-04-24,65,-28.0,0.31854999328298983,-5.250615352185769,-13.12965625652862,11.600000000000001,0.0,19.400000000000002,0.0
SP_6_5,2026-04-30,65,-22.0,0.3342524817993563,-5.097256100785269,-13.316696013402288,3.5,0.0,38.6,0.0
SP_6_5,2026-05-03,65,-19.0,0.2825950919504868,-7.541442438379139,-16.37974409363909,0.0,0.0,13.2,0.0
SP_6_5,2026-05-05,65,-17.0,0.22628729515648702,-6.10575228692821,-15.885463548548959,0.1,0.0,2.3000000000000003,0.0
SP_6_5,2026-05-06,65,-16.0,0.18622401007126796,-8.648674287571858,-17.395992740635798,0.1,0.0,0.6,0.0
SP_6_5,2026-05-13,65,-9.0,0.2629094416657452,-7.1755757304070675,-16.213944238375962,16.4,0.0,19.4,0.0
SP_6_5,2026-05-15,65,-7.0,0.23492081978473814,-10.519378917961411,-19.979390804434033,0.2,0.0,19.1,0.0
SP_6_5,2026-05-16,65,-6.0,0.21815009249869244,-10.608499858036167,-19.724066619076982,0.2,0.0,18.0,0.0
SP_6_5,2026-05-17,65,-5.0,0.2012635865697176,-8.907222297773183,-18.54611085282196,0.6000000000000001,0.0,17.0,0.0
SP_6_5,2026-05-18,65,-4.0,0.15828918084530794,-9.733983992447047,-19.14444389755831,0.4,0.0,4.8,0.0
SP_6_5,2026-05-24,65,2.0,0.15,5.349780879391246,-21.184948577877208,2.8000000000000003,0.0,3.2,0.0
SP_6_5,2026-05-25,65,3.0,0.17142403470635126,9.619011803045263,-18.74990124617929,6.4,0.0,6.800000000000001,0.0
SP_6_5,2026-05-27,65,5.0,0.22174873438498452,-8.683089922769065,-19.763318284158625,11.0,0.0,14.200000000000001,0.0
SP_6_5,2026-05-28,65,6.0,0.2251185570302175,-12.49269700861937,-21.946783107120677,8.6,0.0,15.0,0.0
SP_6_5,2026-05-29,65,7.0,0.24798048633280115,0.7600512983772046,-20.92340710969396,7.2,0.0,18.5,0.0
SP_6_5,2026-05-30,65,8.0,0.2538741252115288,-9.740063776294328,-16.355602504711758,7.0,0.0,18.1,0.0
SP_6_5,2026-06-08,65,17.0,0.15,-13.417647930286849,-22.015484840570558,0.0,0.0,1.1,0.0
SP_6_5,2026-06-09,65,18.0,0.15,-13.31928995335984,-22.05967360743553,0.0,0.0,1.1,0.0
SP_6_5,2026-06-11,65,20.0,0.1989325196181693,5.330670080402839,-19.648466681063997,0.0,15.0,1.0,15.0
SP_6_5,2026-06-18,65,27.0,0.26631913530940193,-0.04463067120312236,-20.84416175773532,4.7,10.0,16.599999999999998,10.0
SP_6_5,2026-06-21,65,30.0,0.20805262430602905,-12.798822558541193,-21.799167361408152,0.5,0.0,11.7,10.0
SP_6_5,2026-06-23,65,32.0,0.2075031337134538,9.730736268336939,-18.132227838383468,4.3999999999999995,0.0,9.2,0.0
SP_6_5,2026-06-27,65,36.0,0.17093082248692526,-11.968268949231685,-20.133888302704072,2.4,0.0,6.8,0.0
SP_6_5,2026-06-29,65,38.0,0.22291715024926753,8.187763097914546,-16.656798957884188,2.1999999999999997,10.0,2.8,10.0
SP_6_5,2026-06-30,65,39.0,0.20413554291301408,1.7846249501416414,-16.89528678842506,0.30000000000000004,10.0,2.7,10.0
SP_6_5,2026-07-03,65,42.0,0.24422717279046402,-6.592475137132992,-15.104447620011483,4.9,10.0,7.1,20.0
SP_6_5,2026-07-05,65,44.0,0.3184799806885412,10.976373427111671,-14.029031561286143,27.8,0.0,28.6,10.0
SP_6_5,2026-07-06,65,45.0,0.3064648726766441,3.6735244298958487,-14.26596224954496,27.7,0.0,32.6,10.0
SP_6_5,2026-07-09,65,48.0,0.2932605787657746,-6.081518606253958,-13.876040617990162,10.1,0.0,42.0,0.0
SP_6_5,2026-07-11,65,50.0,0.318946699755217,7.9287972171202945,-13.953245895361599,18.7,0.0,36.8,0.0
SP_6_5,2026-07-12,65,51.0,0.30695952054352926,1.106620891958644,-13.087865230691847,15.700000000000001,0.0,29.9,0.0
SP_6_5,2026-07-15,65,54.0,0.28624692721570333,-6.444228952964151,-13.382335489883097,5.4,0.0,26.2,0.0
SP_6_5,2026-07-17,65,56.0,0.2695930418153123,0.7585773282539042,-13.824761842189083,4.8,0.0,23.1,0.0
SP_6_5,2026-07-18,65,57.0,0.2536456432667715,-6.165833202931421,-13.97535185826396,2.8,0.0,10.3,0.0
SP_6_5,2026-07-21,65,60.0,0.28202671000665125,-7.5899057114307675,-13.57855226373745,10.7,0.0,15.5,0.0
SP_6_5,2026-07-23,65,62.0,0.2806095072406935,-3.798504421439097,-13.67338110785159,20.6,0.0,20.6,0.0
SP_6_5,2026-07-24,65,63.0,0.29363775527131086,-6.938607190867154,-14.350446249307575,15.3,0.0,26.0,0.0
SP_6_5,2026-07-27,65,66.0,0.3376976827871524,-6.458198421666514,-13.109206897261165,29.900000000000002,0.0,55.9,0.0
SP_6_5,2026-07-29,65,68.0,0.3288814069048794,-4.078591910942328,-13.601369406947905,7.9,0.0,43.2,0.0
SP_6_5,2026-07-30,65,69.0,0.3408392432659717,-6.181277651048065,-13.35167352496606,15.6,0.0,50.9,0.0
SP_6_5,2026-08-02,65,72.0,0.28230493221089614,-7.043653397448298,-13.438001491802773,0.7,0.0,16.3,0.0
SP_6_5,2026-08-04,65,74.0,0.26680983169245936,-5.08453090718565,-13.1980417282841,2.2,0.0,14.5,0.0
SP_6_5,2026-08-05,65,75.0,0.2544990618642718,-6.909626752388016,-13.959666413390213,2.2,0.0,10.6,0.0
SP_6_5,2026-08-08,65,78.0,0.3027474346469966,-6.662369704073016,-12.4507974538263,19.7,0.0,21.9,0.0
SP_6_5,2026-08-10,65,80.0,0.26406946597416936,-6.038938651718589,-13.227495529133062,7.800000000000001,0.0,21.4,0.0
SP_6_5,2026-08-11,65,81.0,0.25063651315082053,-7.049758507467444,-13.581653477279552,1.75,0.0,21.45,0.0
SP_6_5,2026-08-14,65,84.0,0.3068869645536982,-7.8867382280130585,-13.865417325202527,17.65,0.0,25.6,0.0
SP_6_5,2026-08-16,65,86.0,0.26085878609273705,-6.636804176161375,-13.472512397372828,15.6,0.0,18.4,0.0
SP_6_5,2026-08-17,65,87.0,0.23275257785881134,-7.187972897939675,-13.80196550953416,0.65,0.0,18.45,0.0
SP_6_5,2026-08-20,65,90.0,0.16792268294623344,-7.452163984307538,-13.343943233391826,1.7999999999999998,0.0,17.45,0.0
SP_6_5,2026-08-22,65,92.0,0.15,-6.781364387111993,-13.59924561051822,2.1,0.0,2.75,0.0
SP_6_5,2026-08-23,65,93.0,0.15,-6.7220752797940015,-13.464023669223735,0.9,0.0,2.75,0.0
SP_6_5,2026-08-26,65,96.0,0.15,-7.788392368284885,-13.813250399557456,0.30000000000000004,0.0,2.4,0.0
SP_6_6,2026-04-06,65,-54.0,0.284962566870646,-7.851380719096329,-18.548480482048525,11.3,0.0,15.5,0.0
SP_6_6,2026-04-09,65,-51.0,0.2997089479559152,-7.222959079660237,-16.521486714786604,8.299999999999999,0.0,19.599999999999998,0.0
SP_6_6,2026-04-11,65,-49.0,0.298184062490007,-4.652372830793623,-15.340477969452602,13.0,0.0,22.5,0.0
SP_6_6,2026-04-12,65,-48.0,0.286595642476369,-6.81411959407998,-17.611774663042404,6.300000000000001,0.0,17.6,0.0
SP_6_6,2026-04-18,65,-42.0,0.3054416365337805,-6.650820487529119,-16.54143398193893,14.2,0.0,23.0,0.0
SP_6_6,2026-04-21,65,-39.0,0.3058199123604437,-7.735165391264982,-19.162779922568646,6.5,0.0,23.8,0.0
SP_6_6,2026-04-23,65,-37.0,0.30720148636518163,-7.0649160370452115,-19.77875192347934,7.7,0.0,15.1,0.0
SP_6_6,2026-04-24,65,-36.0,0.318400066619678,-7.125477319053982,-16.673750173130685,11.600000000000001,0.0,19.400000000000002,0.0
SP_6_6,2026-04-30,65,-30.0,0.3340715036421527,-8.622339878164453,-20.276065915166836,3.5,0.0,38.6,0.0
SP_6_6,2026-05-03,65,-27.0,0.28235497862305453,-10.828224120168166,-21.427861084609525,0.0,0.0,13.2,0.0
SP_6_6,2026-05-05,65,-25.0,0.22585504080842475,-8.928088217728202,-21.01504773289185,0.1,0.0,2.3000000000000003,0.0
SP_6_6,2026-05-06,65,-24.0,0.18550017324042278,-11.418257813731268,-20.478710322702653,0.1,0.0,0.6,0.0
SP_6_6,2026-05-13,65,-17.0,0.26288082817615144,-11.083263702327713,-20.608319783962624,16.4,0.0,19.4,0.0
SP_6_6,2026-05-15,65,-15.0,0.2347255509756187,-12.569746146699343,-21.60345084176023,0.2,0.0,19.1,0.0
SP_6_6,2026-05-16,65,-14.0,0.21784592298395045,-12.511746185622483,-21.29521324074911,0.2,0.0,18.0,0.0
SP_6_6,2026-05-17,65,-13.0,0.20082288042949106,-10.828597370873325,-20.94135110422662,0.6000000000000001,0.0,17.0,0.0
SP_6_6,2026-05-18,65,-12.0,0.1576149070184804,-11.526147730163295,-21.08744662565246,0.4,0.0,4.8,0.0
SP_6_6,2026-05-24,65,-6.0,0.15,-11.552509848790704,-19.66210919162867,2.8000000000000003,0.0,3.2,0.0
SP_6_6,2026-05-25,65,-5.0,0.1714239900923299,-7.574019578393724,-15.302853071207602,6.4,0.0,6.800000000000001,0.0
SP_6_6,2026-05-27,65,-3.0,0.22159591166563422,-8.157215198607803,-16.14622719563823,11.0,0.0,14.200000000000001,0.0
SP_6_6,2026-05-28,65,-2.0,0.22492303125556518,-11.085391067960998,-18.16810340772178,8.6,0.0,15.0,0.0
SP_6_6,2026-05-29,65,-1.0,0.2478002047793103,-8.238231933712548,-16.37389866585886,7.2,0.0,18.5,0.0
SP_6_6,2026-05-30,65,0.0,0.2536945739818178,-9.0322669334199,-18.77463592920406,7.0,0.0,18.1,0.0
SP_6_6,2026-06-08,65,9.0,0.15,-10.466765385398629,-15.99181432329715,0.0,0.0,1.1,0.0
SP_6_6,2026-06-09,65,10.0,0.15,-10.225841514936286,-15.892216433716529,0.0,0.0,1.1,0.0
SP_6_6,2026-06-11,65,12.0,0.19933651182838233,-8.879398689534318,-15.390618389098137,0.0,15.0,1.0,15.0
SP_6_6,2026-06-18,65,19.0,0.26645630932364023,-9.30717120524007,-15.082415247632984,4.7,10.0,16.599999999999998,10.0
SP_6_6,2026-06-21,65,22.0,0.20331715404906744,-9.744421042103813,-15.043766837889551,0.5,0.0,11.7,10.0
SP_6_6,2026-06-23,65,24.0,0.20009062594637686,-8.286668062933195,-15.735226421880267,4.3999999999999995,0.0,9.2,0.0
SP_6_6,2026-06-27,65,28.0,0.1553017520093738,-11.296501567992125,-19.096437377312903,2.4,0.0,6.8,0.0
SP_6_6,2026-06-29,65,30.0,0.15,-9.733565836017515,-18.73376984343257,2.1999999999999997,0.0,2.8,0.0
SP_6_6,2026-06-30,65,31.0,0.2548971013152819,-11.153535370749166,-19.407471297573768,0.30000000000000004,15.0,2.7,15.0
SP_6_6,2026-07-03,65,34.0,0.22192217189039565,-5.6734045345569,-16.49645105913767,4.9,0.0,7.1,15.0
SP_6_6,2026-07-05,65,36.0,0.3149737986140105,-4.25264645627344,-15.156156148373798,27.8,0.0,28.6,15.0
SP_6_6,2026-07-06,65,37.0,0.3034751049869591,-6.29462701504322,-16.21258213894958,27.7,0.0,32.6,15.0
SP_6_6,2026-07-09,65,40.0,0.29135540238794144,-6.952347674679825,-16.649808217947864,10.1,0.0,42.0,0.0
SP_6_6,2026-07-11,65,42.0,0.3179451803075033,-5.203559255010494,-16.069828169898525,18.7,0.0,36.8,0.0
SP_6_6,2026-07-12,65,43.0,0.30605769315320625,-6.911125887626488,-14.76336413882713,15.700000000000001,0.0,29.9,0.0
SP_6_6,2026-07-15,65,46.0,0.28575323749667136,-10.275660775806765,-17.414685687395295,5.4,0.0,26.2,0.0
SP_6_6,2026-07-17,65,48.0,0.26934416229871516,-9.586760190595998,-17.975890466271753,4.8,0.0,23.1,0.0
SP_6_6,2026-07-18,65,49.0,0.253438027454316,-10.951728738374513,-18.097402353332203,2.8,0.0,10.3,0.0
SP_6_6,2026-07-21,65,52.0,0.2819705051533335,-12.553177968188196,-21.02023222218898,10.7,0.0,15.5,0.0
SP_6_6,2026-07-23,65,54.0,0.28090784122857054,-10.642251452229885,-20.350241564812496,20.6,0.0,20.6,0.0
SP_6_6,2026-07-24,65,55.0,0.2939771028429887,-12.896863099582847,-21.42793090453538,15.3,0.0,26.0,0.0
SP_6_6,2026-07-27,65,58.0,0.3383340398776798,-10.921652178418098,-19.72547835718664,29.900000000000002,0.0,55.9,0.0
SP_6_6,2026-07-29,65,60.0,0.32957311996928523,-5.657889995904073,-16.365105668484436,7.9,0.0,43.2,0.0
SP_6_6,2026-07-30,65,61.0,0.34156216689377644,-7.517251295477822,-17.214602069987023,15.6,0.0,50.9,0.0
SP_6_6,2026-08-02,65,64.0,0.2835206189028656,-12.454723927592903,-21.019425300028267,0.7,0.0,16.3,0.0
SP_6_6,2026-08-04,65,66.0,0.2692843954339155,-9.86372363730858,-19.870225006108917,2.2,0.0,14.5,0.0
SP_6_6,2026-08-05,65,67.0,0.2580490245477848,-12.747592237050059,-21.1354197319504,2.2,0.0,10.6,0.0
SP_6_6,2026-08-08,65,70.0,0.3047991618227489,-8.226255147177612,-18.210243210156385,19.7,0.0,21.9,0.0
SP_6_6,2026-08-10,65,72.0,0.2674300228435628,-9.102520338838882,-18.918947291106008,7.800000000000001,0.0,21.4,0.0
SP_6_6,2026-08-11,65,73.0,0.2544396061338676,-12.440361073821029,-20.445545562381987,1.75,0.0,21.45,0.0
SP_6_6,2026-08-14,65,76.0,0.3093426599223945,-9.047966457933281,-18.413042089991677,17.75,0.0,25.7,0.0
SP_6_6,2026-08-16,65,78.0,0.26372550773774767,-8.99880129497969,-18.193315157792295,15.6,0.0,18.5,0.0
SP_6_6,2026-08-17,65,79.0,0.23730151927136234,-10.377922252859033,-19.059690044472248,0.65,0.0,18.55,0.0
SP_6_6,2026-08-20,65,82.0,0.18817805778367727,-10.543481559977598,-18.712996547438593,1.7999999999999998,0.0,17.45,0.0
SP_6_6,2026-08-22,65,84.0,0.16675878554143383,-9.396029141002568,-18.453674099824873,2.1,0.0,2.75,0.0
SP_6_6,2026-08-23,65,85.0,0.15,-9.912604355477688,-18.541505769967177,0.9,0.0,2.75,0.0
SP_6_6,2026-08-26,65,88.0,0.15,-10.854055757270677,-18.664048959764234,0.30000000000000004,0.0,2.4,0.0
SP_6_7,2026-04-06,65,-51.0,0.284962566870646,-8.45785626721791,-18.709144666933092,11.3,0.0,15.5,0.0
SP_6_7,2026-04-11,65,-46.0,0.2981876245474537,-4.553584506652545,-15.582527296195765,13.0,0.0,22.5,0.0
SP_6_7,2026-04-12,65,-45.0,0.2865988162904289,-7.093984156307713,-17.80553479668733,6.300000000000001,0.0,17.6,0.0
SP_6_7,2026-04-18,65,-39.0,0.30546986975097373,-6.815677090991054,-16.61361522026539,14.2,0.0,23.0,0.0
SP_6_7,2026-04-23,65,-34.0,0.30721414261779645,-7.188343067969401,-20.182209092188724,7.7,0.0,15.1,0.0
SP_6_7,2026-04-24,65,-33.0,0.3184108659671898,-7.226826354929019,-16.68840461887074,11.600000000000001,0.0,19.400000000000002,0.0
SP_6_7,2026-04-30,65,-27.0,0.33408021045824726,-9.208113996007622,-20.814502570058636,3.5,0.0,38.6,0.0
SP_6_7,2026-05-05,65,-22.0,0.22586500120455588,-9.882868419065176,-21.527785411009823,0.1,0.0,2.3000000000000003,0.0
SP_6_7,2026-05-06,65,-21.0,0.1855119536821278,-12.227797191813954,-20.955509137013667,0.1,0.0,0.6,0.0
SP_6_7,2026-05-13,65,-14.0,0.26288185455325325,-11.521050879418668,-21.10150331974271,16.4,0.0,19.4,0.0
SP_6_7,2026-05-17,65,-10.0,0.200824489999207,-10.714914407849182,-21.3284043382422,0.6000000000000001,0.0,17.0,0.0
SP_6_7,2026-05-18,65,-9.0,0.15761665319271137,-11.15224761098654,-21.477578896660702,0.4,0.0,4.8,0.0
SP_6_7,2026-05-24,65,-3.0,0.15,-11.276746566869257,-19.770660414993305,2.8000000000000003,0.0,3.2,0.0
SP_6_7,2026-05-25,65,-2.0,0.1714240006646777,-7.340903072158026,-15.116062727506293,6.4,0.0,6.800000000000001,0.0
SP_6_7,2026-05-29,65,2.0,0.24780040510098827,-7.712160360925877,-16.230819684939625,7.2,0.0,18.5,0.0
SP_6_7,2026-05-30,65,3.0,0.2536947780980663,-8.958738246702731,-21.93127810636767,7.0,0.0,18.1,0.0
SP_6_7,2026-06-11,65,15.0,0.19686948275369548,-8.645069410317292,-15.17458034102301,0.0,15.0,1.0,15.0
SP_6_7,2026-06-18,65,22.0,0.26637838141341075,-9.00914676014728,-14.757279381421373,4.7,10.0,16.599999999999998,10.0
SP_6_7,2026-06-23,65,27.0,0.23287583140129578,-7.998928797622375,-13.96292504444861,4.3999999999999995,0.0,9.2,10.0
SP_6_7,2026-06-29,65,33.0,0.15661842770835865,-10.107684498442215,-18.5133700331675,2.1999999999999997,0.0,2.8,0.0
SP_6_7,2026-06-30,65,34.0,0.15,-11.570621467414288,-19.013724624477156,0.30000000000000004,0.0,2.7,0.0
SP_6_7,2026-07-05,65,39.0,0.31330686083070763,-4.422266708223392,-15.300764728096796,27.8,0.0,28.6,0.0
SP_6_7,2026-07-06,65,40.0,0.2975007705869887,-6.418552352628739,-16.354837062811786,27.7,0.0,32.6,0.0
SP_6_7,2026-07-11,65,45.0,0.3144761690910327,-5.207706331464864,-16.756742920891853,18.7,0.0,36.8,0.0
SP_6_7,2026-07-12,65,46.0,0.30209140886591807,-6.679855484098935,-14.67131068613504,15.700000000000001,0.0,29.9,0.0
SP_6_7,2026-07-17,65,51.0,0.2653999146389047,-9.118753382690535,-18.390662309100474,4.8,0.0,23.1,0.0
SP_6_7,2026-07-18,65,52.0,0.24954742162531499,-11.098680888337967,-18.69553664470747,2.8,0.0,10.3,0.0
SP_6_7,2026-07-23,65,57.0,0.2790647408772363,-10.376667625603702,-20.013158369702385,20.6,0.0,20.6,0.0
SP_6_7,2026-07-24,65,58.0,0.35599695706075957,-12.773406372632154,-21.10129566008274,15.3,20.0,26.0,20.0
SP_6_7,2026-07-29,65,63.0,0.3582321682040064,-5.124187040335375,-15.878972669774143,7.9,0.0,43.2,20.0
SP_6_7,2026-07-30,65,64.0,0.36860293931657945,-7.406287062550523,-16.847632249850683,15.6,0.0,50.9,20.0
SP_6_7,2026-08-04,65,69.0,0.28611487864035334,-9.657546566703704,-19.964577924531135,2.2,0.0,14.5,0.0
SP_6_7,2026-08-05,65,70.0,0.2737163153764208,-12.902363092249471,-21.247856149111964,2.2,0.0,10.6,0.0
SP_6_7,2026-08-10,65,75.0,0.2755111195055745,-9.032815040138807,-19.572282935105072,7.800000000000001,0.0,21.4,0.0
SP_6_7,2026-08-11,65,76.0,0.26259484184765564,-12.747775987270701,-20.99978397938375,1.75,0.0,21.45,0.0
SP_6_7,2026-08-16,65,81.0,0.2682560403627173,-8.625503686151205,-18.20003912760381,15.6,0.0,18.5,0.0
SP_6_7,2026-08-17,65,82.0,0.24176137160077021,-9.664036722628772,-18.409726870404906,0.65,0.0,18.55,0.0
SP_6_7,2026-08-22,65,87.0,0.17030180909958445,-9.38204549460532,-18.532357924023835,2.1,0.0,2.75,0.0
SP_6_7,2026-08-23,65,88.0,0.15,-9.853089035175502,-18.662409171549406,0.9,0.0,2.75,0.0
SP_7_10,2026-04-06,65,-41.0,0.2850691341317299,-6.648735918522655,-14.864468537596444,11.3,0.0,15.5,0.0
SP_7_10,2026-04-09,65,-38.0,0.2998021748924135,-4.6606986348479,-12.602319794689024,8.299999999999999,0.0,19.599999999999998,0.0
SP_7_10,2026-04-11,65,-36.0,0.29827422543913046,-3.6610793911885384,-12.005450209923033,13.0,0.0,22.5,0.0
SP_7_10,2026-04-12,65,-35.0,0.28671568398107733,-4.398690190721918,-12.526556998015657,6.300000000000001,0.0,17.6,0.0
SP_7_10,2026-04-18,65,-29.0,0.30559129947758545,-4.726477277691161,-12.853104083348963,14.2,0.0,23.0,0.0
SP_7_10,2026-04-21,65,-26.0,0.3059508747183372,-4.7206963693145205,-13.078230800811074,6.5,0.0,23.8,0.0
SP_7_10,2026-04-23,65,-24.0,0.3073712918115503,-4.299859649467232,-12.977320142895575,7.7,0.0,15.1,0.0
SP_7_10,2026-04-24,65,-23.0,0.31854999328298983,-4.50131107728513,-12.584295456669405,11.600000000000001,0.0,19.400000000000002,0.0
SP_7_10,2026-04-30,65,-17.0,0.33427087038440917,-4.803921288550855,-13.107439474488867,3.5,0.0,38.6,0.0
SP_7_10,2026-05-03,65,-14.0,0.2827302363117494,-6.257625108849486,-14.998361479480668,0.0,0.0,13.2,0.0
SP_7_10,2026-05-05,65,-12.0,0.22661495025171743,-5.19885505740148,-14.14603967326546,0.1,0.0,2.3000000000000003,0.0
SP_7_10,2026-05-06,65,-11.0,0.1866024735519858,-7.222671714040656,-16.101929374333665,0.1,0.0,0.6,0.0
SP_7_10,2026-05-13,65,-4.0,0.26290706716750895,-6.328734369156378,-15.451584932272386,16.4,0.0,19.4,0.0
SP_7_10,2026-05-15,65,-2.0,0.23491807636649809,-9.619059747253553,-18.96377611041268,0.2,0.0,19.1,0.0
SP_7_10,2026-05-16,65,-1.0,0.21814708999265853,-10.040514609953718,-19.184475458318474,0.2,0.0,18.0,0.0
SP_7_10,2026-05-17,65,0.0,0.20126026810024342,-8.28040779988491,-16.91754918800244,0.6000000000000001,0.0,17.0,0.0
SP_7_10,2026-05-18,65,1.0,0.15828558610306517,-9.024850102314376,-17.29097942291673,0.4,0.0,4.8,0.0
SP_7_10,2026-05-24,65,7.0,0.15,-11.280245644787552,-21.57695925628223,2.8000000000000003,0.0,3.2,0.0
SP_7_10,2026-05-25,65,8.0,0.1714240178786803,-10.38460144237147,-21.17444998856407,6.4,0.0,6.800000000000001,0.0
SP_7_10,2026-05-27,65,10.0,0.2197393353369588,1.0087731877613373,-19.073778625969492,11.0,0.0,14.200000000000001,0.0
SP_7_10,2026-05-28,65,11.0,0.22253819179514953,-3.0752772522723437,-21.09663187341834,8.6,0.0,15.0,0.0
SP_7_10,2026-05-29,65,12.0,0.24551951335882405,-7.598022228353285,-20.12233346736589,7.2,0.0,18.5,0.0
SP_7_10,2026-05-30,65,13.0,0.2513684280381269,-12.047004243475929,-16.545701390359042,7.0,0.0,18.1,0.0
SP_7_10,2026-06-08,65,22.0,0.15,-6.95414865393987,-21.132038468233915,0.0,0.0,1.1,0.0
SP_7_10,2026-06-09,65,23.0,0.15,-6.8376940593905635,-21.415961074259116,0.0,0.0,1.1,0.0
SP_7_10,2026-06-11,65,25.0,0.15,-9.779871125631265,-20.61353983969382,0.0,0.0,1.0,0.0
SP_7_10,2026-06-18,65,32.0,0.23144483406135927,-10.750030941030275,-20.90403565222198,4.7,0.0,16.599999999999998,0.0
SP_7_10,2026-06-21,65,35.0,0.24628157144384766,-6.246533946347622,-19.30276005668322,0.5,15.0,11.7,15.0
SP_7_10,2026-06-23,65,37.0,0.29382895912250867,-2.438055745196907,-15.254308127225915,4.3999999999999995,14.0,9.2,29.0
SP_7_10,2026-06-27,65,41.0,0.24103226673018416,-5.9053793188698736,-17.7642789452975,2.4,0.0,6.8,14.0
SP_7_10,2026-06-29,65,43.0,0.2160040388257661,-6.9931698375342535,-16.785371449703376,2.1999999999999997,0.0,2.8,7.0
SP_7_10,2026-06-30,65,44.0,0.20170526528484423,-8.249642428036575,-16.544193948826614,0.30000000000000004,0.0,2.7,0.0
SP_7_10,2026-07-03,65,47.0,0.20526435566818063,0.22949686754582527,-13.530946224765586,4.9,0.0,7.1,0.0
SP_7_10,2026-07-05,65,49.0,0.3202464607225957,-1.7297387358761425,-12.961836508941136,27.8,0.0,28.6,0.0
SP_7_10,2026-07-06,65,50.0,0.3019277051235722,-4.06638108400879,-13.840675238676528,27.7,0.0,32.6,0.0
SP_7_10,2026-07-09,65,53.0,0.28740213308426465,-1.2101556547073007,-13.144538718446961,10.1,0.0,42.0,0.0
SP_7_10,2026-07-11,65,55.0,0.31462175681965243,-2.6607324977956193,-13.056457564607387,18.7,0.0,36.8,0.0
SP_7_10,2026-07-12,65,56.0,0.3018976887082625,-4.560910274358662,-12.921270246320448,15.700000000000001,0.0,29.9,0.0
SP_7_10,2026-07-15,65,59.0,0.2806905527934783,-4.502455601818116,-13.009406552395928,5.4,0.0,26.2,0.0
SP_7_10,2026-07-17,65,61.0,0.26403201849243624,-5.164902179477753,-13.623794703440886,4.8,0.0,23.1,0.0
SP_7_10,2026-07-18,65,62.0,0.248109759532091,-6.78997738733127,-13.824577109900982,2.8,0.0,10.3,0.0
SP_7_10,2026-07-21,65,65.0,0.27920221833870895,-5.120308618434174,-12.814438041419397,10.7,0.0,15.5,0.0
SP_7_10,2026-07-23,65,67.0,0.27758527246829817,-5.084719745524665,-13.365068354961133,20.6,0.0,20.6,0.0
SP_7_10,2026-07-24,65,68.0,0.29075235941143834,-6.459070478006924,-13.511573497362031,15.3,0.0,26.0,0.0
SP_7_10,2026-07-27,65,71.0,0.33369418107445237,-5.793476139950775,-13.084601636999247,29.900000000000002,0.0,55.9,0.0
SP_7_10,2026-07-29,65,73.0,0.3250001459043642,-5.889209809153931,-13.353798104432279,7.9,0.0,43.2,0.0
SP_7_10,2026-07-30,65,74.0,0.33699395704876023,-6.731286673518149,-13.65348802041493,15.6,0.0,50.9,0.0
SP_7_10,2026-08-02,65,77.0,0.27532566211243004,-6.350005065319163,-12.982036595835089,0.7,0.0,16.3,0.0
SP_7_10,2026-08-04,65,79.0,0.25942231017463047,-5.367503372542676,-12.684302545033923,2.2,0.0,14.5,0.0
SP_7_10,2026-08-05,65,80.0,0.24628681950117767,-6.80061161828468,-13.808510613591125,2.2,0.0,10.6,0.0
SP_7_10,2026-08-08,65,83.0,0.2985672855332808,-6.201099378234682,-12.792999566826499,19.7,0.0,21.9,0.0
SP_7_10,2026-08-10,65,85.0,0.2582113517962136,-6.164606047806735,-13.015547319659035,7.800000000000001,0.0,21.4,0.0
SP_7_10,2026-08-11,65,86.0,0.24420484919806323,-6.940062645695414,-13.578838781583421,1.75,0.0,21.45,0.0
SP_7_10,2026-08-14,65,89.0,0.30527053872049753,-7.23952757100673,-13.50053975480894,18.099999999999998,0.0,26.05,0.0
SP_7_10,2026-08-16,65,91.0,0.2611006262005779,-6.5991207744119755,-13.455357483033927,16.2,0.0,18.849999999999998,0.0
SP_7_10,2026-08-17,65,92.0,0.23301011398288551,-6.94061288536928,-13.615081021142101,0.65,0.0,18.9,0.0
SP_7_10,2026-08-20,65,95.0,0.16379134013304586,-7.0446581530063135,-13.572352109696062,1.7999999999999998,0.0,18.05,0.0
SP_7_10,2026-08-22,65,97.0,0.15,-6.396523101843102,-13.34236090180704,2.1,0.0,2.75,0.0
SP_7_10,2026-08-23,65,98.0,0.15,-6.741096571549479,-13.500033684971156,0.9,0.0,2.75,0.0
SP_7_10,2026-08-26,65,101.0,0.15,-7.185747733045832,-13.652048426732843,0.8,0.0,2.9,0.0
SP_7_11,2026-04-06,65,-42.0,0.28503180115548465,-6.382918928763051,-14.621660871621447,11.3,0.0,15.5,0.0
SP_7_11,2026-04-09,65,-39.0,0.2997847212746859,-4.46999679699944,-12.564855227950886,8.299999999999999,0.0,19.599999999999998,0.0
SP_7_11,2026-04-11,65,-37.0,0.2982606658465167,-3.749936414509838,-12.05182480572251,13.0,0.0,22.5,0.0
SP_7_11,2026-04-12,65,-36.0,0.28670206668276704,-4.628768695711065,-12.654706910049761,6.300000000000001,0.0,17.6,0.0
SP_7_11,2026-04-18,65,-30.0,0.305543224174045,-5.0106597819151455,-12.941856450826961,14.2,0.0,23.0,0.0
SP_7_11,2026-04-21,65,-27.0,0.3058900006945368,-4.633526157197049,-13.177288430166264,6.5,0.0,23.8,0.0
SP_7_11,2026-04-23,65,-25.0,0.30733682260437456,-4.90540543550315,-13.452896809798274,7.7,0.0,15.1,0.0
SP_7_11,2026-04-24,65,-24.0,0.31852215910051795,-4.724011934783174,-12.60387833618493,11.600000000000001,0.0,19.400000000000002,0.0
SP_7_11,2026-04-30,65,-18.0,0.33419718303958895,-5.042518075829639,-13.20359907677278,3.5,0.0,38.6,0.0
SP_7_11,2026-05-03,65,-15.0,0.28255894676698606,-6.475543932832734,-15.331116963268997,0.0,0.0,13.2,0.0
SP_7_11,2026-05-05,65,-13.0,0.22624332249417836,-6.020329808568859,-14.67745790652369,0.1,0.0,2.3000000000000003,0.0
SP_7_11,2026-05-06,65,-12.0,0.1859538303723017,-7.926563865647798,-16.795266387174117,0.1,0.0,0.6,0.0
SP_7_11,2026-05-13,65,-5.0,0.2629084002925561,-6.995158640630757,-15.873235224157305,16.4,0.0,19.4,0.0
SP_7_11,2026-05-15,65,-3.0,0.2349193800449718,-9.824232913269098,-19.152046065799297,0.2,0.0,19.1,0.0
SP_7_11,2026-05-16,65,-2.0,0.2181484520040694,-10.173127040657079,-19.40323113296366,0.2,0.0,18.0,0.0
SP_7_11,2026-05-17,65,-1.0,0.20126173352399884,-8.701915095700455,-17.185932236966362,0.6000000000000001,0.0,17.0,0.0
SP_7_11,2026-05-18,65,0.0,0.15828716377396937,-9.299504280936567,-17.539134972172686,0.4,0.0,4.8,0.0
SP_7_11,2026-05-24,65,6.0,0.15,-9.79127296305913,-18.151181588041744,2.8000000000000003,0.0,3.2,0.0
SP_7_11,2026-05-25,65,7.0,0.17142405548727283,-8.22163935732018,-16.29332041283999,6.4,0.0,6.800000000000001,0.0
SP_7_11,2026-05-27,65,9.0,0.22174887620761016,-3.7929982292001494,-14.272665500514174,11.0,0.0,14.200000000000001,0.0
SP_7_11,2026-05-28,65,10.0,0.22511871913313122,-7.51189620722874,-16.68961794149003,8.6,0.0,15.0,0.0
SP_7_11,2026-05-29,65,11.0,0.24798063095205664,-7.480905737148374,-15.948916009421275,7.2,0.0,18.5,0.0
SP_7_11,2026-05-30,65,12.0,0.2538742456701408,-9.7271412145472,-15.89059412314356,7.0,0.0,18.1,0.0
SP_7_11,2026-06-08,65,21.0,0.15,-8.631368874009063,-15.436513397379692,0.0,0.0,1.1,0.0
SP_7_11,2026-06-09,65,22.0,0.15,-8.711159763725188,-15.43629846610109,0.0,0.0,1.1,0.0
SP_7_11,2026-06-11,65,24.0,0.15,-9.640118153518873,-16.100400853636824,0.0,0.0,1.0,0.0
SP_7_11,2026-06-18,65,31.0,0.2315252539862019,-13.13421138643365,-22.155056203254155,4.7,0.0,16.599999999999998,0.0
SP_7_11,2026-06-21,65,34.0,0.24575810573197057,-8.852013441099665,-20.75425973847054,0.5,15.0,11.7,15.0
SP_7_11,2026-06-23,65,36.0,0.23557528714850168,-7.758003180280105,-16.89178031393256,4.3999999999999995,0.0,9.2,15.0
SP_7_11,2026-06-27,65,40.0,0.20517601994306292,-10.028207488333914,-21.02535941491841,2.4,0.0,6.8,0.0
SP_7_11,2026-06-29,65,42.0,0.18635376498008183,-10.849935214761635,-19.87927491021292,2.1999999999999997,0.0,2.8,0.0
SP_7_11,2026-06-30,65,43.0,0.1748323779194406,-11.433095932996478,-20.187763759112993,0.30000000000000004,0.0,2.7,0.0
SP_7_11,2026-07-03,65,46.0,0.18697281979016542,-3.658154456680063,-16.453926399795755,4.9,0.0,7.1,0.0
SP_7_11,2026-07-05,65,48.0,0.35119937931081807,-4.658530468282799,-13.66341881491502,27.8,0.0,28.6,0.0
SP_7_11,2026-07-06,65,49.0,0.311036138799419,-6.429043655566458,-15.197943505876307,27.7,0.0,32.6,0.0
SP_7_11,2026-07-09,65,52.0,0.2849896775336833,-3.908186101248536,-15.26832074720197,10.1,0.0,42.0,0.0
SP_7_11,2026-07-11,65,54.0,0.3123050385946484,-5.252550826412059,-13.92464076060901,18.7,0.0,36.8,0.0
SP_7_11,2026-07-12,65,55.0,0.2986871795263347,-5.648226120031002,-13.508380193607973,15.700000000000001,0.0,29.9,0.0
SP_7_11,2026-07-15,65,58.0,0.276749419767708,-6.226941269616314,-15.051604036748898,5.4,0.0,26.2,0.0
SP_7_11,2026-07-17,65,60.0,0.26026512061207,-7.097605416474371,-14.772940350876588,4.8,0.0,23.1,0.0
SP_7_11,2026-07-18,65,61.0,0.24429417390799496,-8.016232094114326,-15.184172783359235,2.8,0.0,10.3,0.0
SP_7_11,2026-07-21,65,64.0,0.27747948946661694,-4.230760561495915,-12.61033225210888,10.7,0.0,15.5,0.0
SP_7_11,2026-07-23,65,66.0,0.2760977458063714,-5.042227959049931,-13.005710808163233,20.6,0.0,20.6,0.0
SP_7_11,2026-07-24,65,67.0,0.2893288918821685,-6.068760592810971,-13.163278263169031,15.3,0.0,26.0,0.0
SP_7_11,2026-07-27,65,70.0,0.3319043704311285,-5.139304596463344,-12.936237915144302,29.900000000000002,0.0,55.9,0.0
SP_7_11,2026-07-29,65,72.0,0.3233552152005463,-5.789854730271946,-12.58976730344642,7.9,0.0,43.2,0.0
SP_7_11,2026-07-30,65,73.0,0.3354493537171003,-6.472068742643032,-13.20538260863881,15.6,0.0,50.9,0.0
SP_7_11,2026-08-02,65,76.0,0.27417031312113915,-6.33887175494932,-12.94324626261436,0.7,0.0,16.3,0.0
SP_7_11,2026-08-04,65,78.0,0.2586480163215889,-4.748149270506833,-12.339057489577572,2.2,0.0,14.5,0.0
SP_7_11,2026-08-05,65,79.0,0.2456141270799396,-6.318774902809924,-13.224997963111793,2.2,0.0,10.6,0.0
SP_7_11,2026-08-08,65,82.0,0.29824121773439527,-6.083446725675649,-12.549545408564104,19.7,0.0,21.9,0.0
SP_7_11,2026-08-10,65,84.0,0.25792249193743577,-5.674569509502085,-12.833469019722257,7.800000000000001,0.0,21.4,0.0
SP_7_11,2026-08-11,65,85.0,0.2439128213397588,-6.417196702668785,-13.194890866878788,1.75,0.0,21.45,0.0
SP_7_11,2026-08-14,65,88.0,0.3051733396407161,-7.071497368637109,-13.41258921828603,18.099999999999998,0.0,26.05,0.0
SP_7_11,2026-08-16,65,90.0,0.2592321991632204,-6.267133592331482,-12.963939966112488,16.2,0.0,18.849999999999998,0.0
SP_7_11,2026-08-17,65,91.0,0.2307910913342594,-6.825224380126138,-13.475417184879397,0.65,0.0,18.9,0.0
SP_7_11,2026-08-20,65,94.0,0.16070466539958064,-6.6911034712902016,-13.431360186739221,1.7999999999999998,0.0,18.05,0.0
SP_7_11,2026-08-22,65,96.0,0.15,-5.811107051102425,-13.15549871308627,2.1,0.0,2.75,0.0
SP_7_11,2026-08-23,65,97.0,0.15,-6.210706414155773,-13.232455079685373,0.9,0.0,2.75,0.0
SP_7_11,2026-08-26,65,100.0,0.15,-6.666584696323135,-13.271883523598673,0.8,0.0,2.9,0.0
SP_7_12,2026-04-06,65,-43.0,0.2850691341317299,-7.640372493329306,-16.287173338847346,11.3,0.0,15.5,0.0
SP_7_12,2026-04-09,65,-40.0,0.2998021748924135,-4.682427982749325,-13.008346613976443,8.299999999999999,0.0,19.599999999999998,0.0
SP_7_12,2026-04-11,65,-38.0,0.29827422543913046,-4.0506410113091365,-12.574537182550394,13.0,0.0,22.5,0.0
SP_7_12,2026-04-12,65,-37.0,0.28671568398107733,-5.154459868223787,-13.372939904525953,6.300000000000001,0.0,17.6,0.0
SP_7_12,2026-04-18,65,-31.0,0.30555187178358073,-5.392948065966624,-13.406686546931034,14.2,0.0,23.0,0.0
SP_7_12,2026-04-21,65,-28.0,0.3059080351616622,-5.101205207939544,-13.743014099907784,6.5,0.0,23.8,0.0
SP_7_12,2026-04-23,65,-26.0,0.30735020268812,-6.298186144525565,-15.288726930380573,7.7,0.0,15.1,0.0
SP_7_12,2026-04-24,65,-25.0,0.318533445107391,-4.913117345859796,-13.04676014322151,11.600000000000001,0.0,19.400000000000002,0.0
SP_7_12,2026-04-30,65,-19.0,0.3342406249795301,-6.378322965866127,-14.788596179755853,3.5,0.0,38.6,0.0
SP_7_12,2026-05-03,65,-16.0,0.2825843072869145,-8.499160092478848,-17.57730808881391,0.0,0.0,13.2,0.0
SP_7_12,2026-05-05,65,-14.0,0.2262738784247875,-7.687704494210671,-16.919732085709914,0.1,0.0,2.3000000000000003,0.0
SP_7_12,2026-05-06,65,-13.0,0.1862081290750488,-9.578964468018249,-18.39688089263823,0.1,0.0,0.6,0.0
SP_7_12,2026-05-13,65,-6.0,0.2629081547835728,-7.802069764154536,-16.985844754752016,16.4,0.0,19.4,0.0
SP_7_12,2026-05-15,65,-4.0,0.23491919641797257,-9.974602542901899,-19.43653299041412,0.2,0.0,19.1,0.0
SP_7_12,2026-05-16,65,-3.0,0.21814827843526022,-10.255440013974656,-19.680008221841263,0.2,0.0,18.0,0.0
SP_7_12,2026-05-17,65,-2.0,0.20126155861081638,-9.064047740825552,-18.2090892308212,0.6000000000000001,0.0,17.0,0.0
SP_7_12,2026-05-18,65,-1.0,0.15828697843225195,-9.249676396091361,-18.19434461615653,0.4,0.0,4.8,0.0
SP_7_12,2026-05-24,65,5.0,0.15,-11.916280008612347,-22.37513979344569,2.8000000000000003,0.0,3.2,0.0
SP_7_12,2026-05-25,65,6.0,0.17142402361579376,-10.749996887831347,-21.772368465068585,6.4,0.0,6.800000000000001,0.0
SP_7_12,2026-05-27,65,8.0,0.22174858510194403,3.489082555092986,-19.32062059219612,11.0,0.0,14.200000000000001,0.0
SP_7_12,2026-05-28,65,9.0,0.22511835165542865,-1.7127356728482859,-21.88697085942996,8.6,0.0,15.0,0.0
SP_7_12,2026-05-29,65,10.0,0.24798025504260812,-9.0253026189508,-20.39044397114916,7.2,0.0,18.5,0.0
SP_7_12,2026-05-30,65,11.0,0.2538738875751645,-10.09641298924955,-16.737803894348083,7.0,0.0,18.1,0.0
SP_7_12,2026-06-08,65,20.0,0.15,-4.74987528673573,-21.3795235822184,0.0,0.0,1.1,0.0
SP_7_12,2026-06-09,65,21.0,0.15,-4.746841190482597,-21.80164305799227,0.0,0.0,1.1,0.0
SP_7_12,2026-06-11,65,23.0,0.15,-9.569185703265822,-20.788110919654113,0.0,0.0,1.0,0.0
SP_7_12,2026-06-18,65,30.0,0.2316069082709565,-10.301609781839115,-20.393384425726488,4.7,0.0,16.599999999999998,0.0
SP_7_12,2026-06-21,65,33.0,0.24509304144517954,-3.9632801086112956,-18.95181329109277,0.5,15.0,11.7,15.0
SP_7_12,2026-06-23,65,35.0,0.30723798284959614,-3.719362258287066,-15.29872885101982,4.3999999999999995,15.0,9.2,30.0
SP_7_12,2026-06-27,65,39.0,0.24446393137094805,-3.675274168285937,-17.115216219117634,2.4,0.0,6.8,15.0
SP_7_12,2026-06-29,65,41.0,0.21914819779312186,-7.045886200679509,-16.012780831439766,2.1999999999999997,0.0,2.8,15.0
SP_7_12,2026-06-30,65,42.0,0.20451872293543377,-7.582700284823409,-15.88086379561058,0.30000000000000004,0.0,2.7,0.0
SP_7_12,2026-07-03,65,45.0,0.2067350149123412,2.3170697685626154,-13.487727505404052,4.9,0.0,7.1,0.0
SP_7_12,2026-07-05,65,47.0,0.3171016390356968,-2.4406520712450845,-12.676042999281261,27.8,0.0,28.6,0.0
SP_7_12,2026-07-06,65,48.0,0.301759134130973,-4.46180670360448,-13.696487837935818,27.7,0.0,32.6,0.0
SP_7_12,2026-07-09,65,51.0,0.28846746733491324,0.7541925621465168,-12.807349340493133,10.1,0.0,42.0,0.0
SP_7_12,2026-07-11,65,53.0,0.3155267698328037,-3.4442643269550306,-12.999772840402413,18.7,0.0,36.8,0.0
SP_7_12,2026-07-12,65,54.0,0.30303604038891335,-4.848144488396636,-12.776529870974754,15.700000000000001,0.0,29.9,0.0
SP_7_12,2026-07-15,65,57.0,0.28202575561463566,-3.557614991814775,-13.196304746655244,5.4,0.0,26.2,0.0
SP_7_12,2026-07-17,65,59.0,0.2654133504428591,-5.686212495362129,-13.322843655674399,4.8,0.0,23.1,0.0
SP_7_12,2026-07-18,65,60.0,0.24943568672774327,-7.0071766895458145,-13.671280904127393,2.8,0.0,10.3,0.0
SP_7_12,2026-07-21,65,63.0,0.2798545996917743,-4.158395378342052,-12.555701205801224,10.7,0.0,15.5,0.0
SP_7_12,2026-07-23,65,65.0,0.278327438556509,-5.353464207149083,-13.266157374120166,20.6,0.0,20.6,0.0
SP_7_12,2026-07-24,65,66.0,0.29146521837343997,-6.457405635862111,-13.34799629172003,15.3,0.0,26.0,0.0
SP_7_12,2026-07-27,65,69.0,0.33487727254404903,-5.020040395869911,-12.80090572995398,29.900000000000002,0.0,55.9,0.0
SP_7_12,2026-07-29,65,71.0,0.3261972374461825,-6.03862976321348,-12.904217208513714,7.9,0.0,43.2,0.0
SP_7_12,2026-07-30,65,72.0,0.3381144655806472,-6.745184946228716,-13.492288105997488,15.6,0.0,50.9,0.0
SP_7_12,2026-08-02,65,75.0,0.2776031298084285,-5.830597340463823,-12.711437688598664,0.7,0.0,16.3,0.0
SP_7_12,2026-08-04,65,77.0,0.26188895825776454,-5.339491850484448,-12.574090418877654,2.2,0.0,14.5,0.0
SP_7_12,2026-08-05,65,78.0,0.24901777704322858,-6.8011360394638825,-13.580791001872257,2.2,0.0,10.6,0.0
SP_7_12,2026-08-08,65,81.0,0.29984733894257315,-5.903001852823317,-12.687582658971303,19.7,0.0,21.9,0.0
SP_7_12,2026-08-10,65,83.0,0.25994126337121215,-6.1638814781305395,-12.935963695347326,7.800000000000001,0.0,21.4,0.0
SP_7_12,2026-08-11,65,84.0,0.24618150554444906,-6.895672635061983,-13.3171226306883,1.75,0.0,21.45,0.0
SP_7_12,2026-08-14,65,87.0,0.30616790966455965,-6.92881854840604,-13.497561977874428,18.099999999999998,0.0,26.05,0.0
SP_7_12,2026-08-16,65,89.0,0.2580301222373384,-6.388828384539505,-13.07240436152783,16.2,0.0,18.849999999999998,0.0
SP_7_12,2026-08-17,65,90.0,0.2291654190058691,-7.210001017047453,-13.595172413723258,0.65,0.0,18.9,0.0
SP_7_12,2026-08-20,65,93.0,0.15840573331237218,-6.543990039265319,-13.36441092122805,1.7999999999999998,0.0,18.05,0.0
SP_7_12,2026-08-22,65,95.0,0.15,-6.298386622568351,-13.080860039796423,2.1,0.0,2.75,0.0
SP_7_12,2026-08-23,65,96.0,0.15,-6.617935277956548,-13.220746871868714,0.9,0.0,2.75,0.0
SP_7_12,2026-08-26,65,99.0,0.15,-6.601496846801598,-13.148772673626903,0.8,0.0,2.9,0.0
SP_7_13,2026-04-06,65,-39.0,0.2850206595422644,-6.3790555320387305,-14.333186737098863,11.3,0.0,15.5,0.0
SP_7_13,2026-04-09,65,-36.0,0.29976533152427615,-4.52686490627813,-12.345555996921709,8.299999999999999,0.0,19.599999999999998,0.0
SP_7_13,2026-04-11,65,-34.0,0.2982172436381807,-3.9381236433100906,-11.952697208238469,13.0,0.0,22.5,0.0
SP_7_13,2026-04-12,65,-33.0,0.2866695874071307,-4.622977183310013,-12.530084279738452,6.300000000000001,0.0,17.6,0.0
SP_7_13,2026-04-18,65,-27.0,0.30551642576189886,-5.087919431328356,-12.84207300688208,14.2,0.0,23.0,0.0
SP_7_13,2026-04-21,65,-24.0,0.30586982226433973,-4.72436737460977,-12.90343644127688,6.5,0.0,23.8,0.0
SP_7_13,2026-04-23,65,-22.0,0.30728563912117735,-4.732375144693818,-13.400162518025581,7.7,0.0,15.1,0.0
SP_7_13,2026-04-24,65,-21.0,0.3184554444544208,-4.775942941257967,-12.423821097594521,11.600000000000001,0.0,19.400000000000002,0.0
SP_7_13,2026-04-30,65,-15.0,0.33412606218269075,-5.076402021138194,-12.79604925309898,3.5,0.0,38.6,0.0
SP_7_13,2026-05-03,65,-12.0,0.28240387427590663,-5.295845868448143,-13.64629586511329,0.0,0.0,13.2,0.0
SP_7_13,2026-05-05,65,-10.0,0.22606680646340707,-5.018179379580746,-13.668844327522896,0.1,0.0,2.3000000000000003,0.0
SP_7_13,2026-05-06,65,-9.0,0.1857461334081494,-7.157121754738469,-15.232461441322648,0.1,0.0,0.6,0.0
SP_7_13,2026-05-13,65,-2.0,0.2628845710293924,-6.874393941973044,-15.23580060062817,16.4,0.0,19.4,0.0
SP_7_13,2026-05-15,65,0.0,0.23480710905473515,-9.55560739900503,-18.93010635963789,0.2,0.0,19.1,0.0
SP_7_13,2026-05-16,65,1.0,0.21803506470610234,-10.169513240004566,-19.379274483126203,0.2,0.0,18.0,0.0
SP_7_13,2026-05-17,65,2.0,0.20114092637782605,-8.931177229322794,-17.480930582217983,0.6000000000000001,0.0,17.0,0.0
SP_7_13,2026-05-18,65,3.0,0.15795595093868642,-9.497967433066968,-17.772700304242115,0.4,0.0,4.8,0.0
SP_7_13,2026-05-24,65,9.0,0.15,-9.620275835105161,-17.34357278501418,2.8000000000000003,0.0,3.2,0.0
SP_7_13,2026-05-25,65,10.0,0.1706676963618154,-8.266418639215178,-15.800238499188524,6.4,0.0,6.800000000000001,0.0
SP_7_13,2026-05-27,65,12.0,0.21911989228263112,-5.2791471673545365,-13.20506526814512,11.0,0.0,14.200000000000001,0.0
SP_7_13,2026-05-28,65,13.0,0.22198247907011978,-7.331945427296506,-15.147689529048536,8.6,0.0,15.0,0.0
SP_7_13,2026-05-29,65,14.0,0.24502102777098636,-6.855756175635318,-14.364195835129694,7.2,0.0,18.5,0.0
SP_7_13,2026-05-30,65,15.0,0.25091018889723476,-8.195281398386193,-20.20578091493097,7.0,0.0,18.1,0.0
SP_7_13,2026-06-08,65,24.0,0.15,-8.540495752152292,-14.220052896167044,0.0,0.0,1.1,0.0
SP_7_13,2026-06-09,65,25.0,0.15,-8.669663157218508,-14.945628130049872,0.0,0.0,1.1,0.0
SP_7_13,2026-06-11,65,27.0,0.15,-13.241260890662547,-20.120861059724263,0.0,0.0,1.0,0.0
SP_7_13,2026-06-18,65,34.0,0.23146804770536294,-14.025425369789971,-22.506815875874658,4.7,0.0,16.599999999999998,0.0
SP_7_13,2026-06-21,65,37.0,0.24727464766943652,-7.937024945418862,-21.24711152343346,0.5,15.0,11.7,15.0
SP_7_13,2026-06-23,65,39.0,0.2633599630755719,-8.69665618851711,-16.785337702080003,4.3999999999999995,7.0,9.2,22.0
SP_7_13,2026-06-27,65,43.0,0.2247140712757273,-8.43656502392312,-21.8882453877978,2.4,0.0,6.8,7.0
SP_7_13,2026-06-29,65,45.0,0.20208057165826745,-12.650600620872392,-20.54246711348774,2.1999999999999997,0.0,2.8,0.0
SP_7_13,2026-06-30,65,46.0,0.29373179757380435,-13.474418737266117,-21.268592978127614,0.30000000000000004,15.0,2.7,15.0
SP_7_13,2026-07-03,65,49.0,0.24458535642815296,-0.6255790569047771,-16.65352628353858,4.9,0.0,7.1,15.0
SP_7_13,2026-07-05,65,51.0,0.31828892379293966,-5.976406770839007,-13.80133957415731,27.8,0.0,28.6,15.0
SP_7_13,2026-07-06,65,52.0,0.30640238859671715,-7.481112084738342,-15.526055125649483,27.7,0.0,32.6,15.0
SP_7_13,2026-07-09,65,55.0,0.29251796147166265,-1.3771813331839025,-15.069223067630533,10.1,0.0,42.0,0.0
SP_7_13,2026-07-11,65,57.0,0.31808542834721093,-5.843832273605525,-13.92676098580279,18.7,0.0,36.8,0.0
SP_7_13,2026-07-12,65,58.0,0.30590600185775996,-5.54051635373035,-13.219997477517325,15.700000000000001,0.0,29.9,0.0
SP_7_13,2026-07-15,65,61.0,0.2847269070307005,-4.087333108524468,-14.060433766367703,5.4,0.0,26.2,0.0
SP_7_13,2026-07-17,65,63.0,0.2677707324751005,-6.310553052615221,-14.199090858872816,4.8,0.0,23.1,0.0
SP_7_13,2026-07-18,65,64.0,0.2517040768899294,-6.972948885507815,-14.0357346282215,2.8,0.0,10.3,0.0
SP_7_13,2026-07-21,65,67.0,0.2808843926525378,-3.1840635471992433,-11.424459616890559,10.7,0.0,15.5,0.0
SP_7_13,2026-07-23,65,69.0,0.27905255731856987,-4.86795258730435,-12.392957754215379,20.6,0.0,20.6,0.0
SP_7_13,2026-07-24,65,70.0,0.29195696525697895,-5.861171277301974,-12.659571681060592,15.3,0.0,26.0,0.0
SP_7_13,2026-07-27,65,73.0,0.3350308776232416,-5.123852588550988,-12.76253071791643,29.900000000000002,0.0,55.9,0.0
SP_7_13,2026-07-29,65,75.0,0.32618746435123547,-5.486812682579024,-12.731735435366154,7.9,0.0,43.2,0.0
SP_7_13,2026-07-30,65,76.0,0.33812519490371046,-6.841910648983048,-13.198531076868555,15.6,0.0,50.9,0.0
SP_7_13,2026-08-02,65,79.0,0.2752544019210772,-6.1295936097427495,-12.842217559282041,0.7,0.0,16.3,0.0
SP_7_13,2026-08-04,65,81.0,0.2588496503691168,-4.479013557402433,-12.424468048991645,2.2,0.0,14.5,0.0
SP_7_13,2026-08-05,65,82.0,0.24537921279426844,-6.385090546133831,-13.571074835628206,2.2,0.0,10.6,0.0
SP_7_13,2026-08-08,65,85.0,0.2982564573372386,-6.051395932193703,-12.77744173440807,19.7,0.0,21.9,0.0
SP_7_13,2026-08-10,65,87.0,0.25747183479014657,-5.0125236927139385,-12.6446058295938,7.800000000000001,0.0,21.4,0.0
SP_7_13,2026-08-11,65,88.0,0.2431994808241527,-6.466071493177873,-13.492689825527197,1.75,0.0,21.45,0.0
SP_7_13,2026-08-14,65,91.0,0.30678395500227734,-6.892416622788837,-13.408490452465,18.099999999999998,0.0,26.05,0.0
SP_7_13,2026-08-16,65,93.0,0.2644551786170479,-5.723935612746855,-12.931207875006205,16.2,0.0,18.849999999999998,0.0
SP_7_13,2026-08-17,65,94.0,0.23678585697183827,-6.698596313600596,-13.513162777174905,0.65,0.0,18.9,0.0
SP_7_13,2026-08-20,65,97.0,0.1688448514549861,-6.488270621742825,-13.53689488479673,1.7999999999999998,0.0,18.05,0.0
SP_7_13,2026-08-22,65,99.0,0.15,-5.5359003085207545,-13.101356053913747,2.1,0.0,2.75,0.0
SP_7_13,2026-08-23,65,100.0,0.15,-6.460227313625925,-13.212421961828895,0.9,0.0,2.75,0.0
SP_7_13,2026-08-26,65,103.0,0.15,-6.697281064126141,-13.209236105878336,0.6000000000000001,0.0,2.7,0.0
SP_7_14,2026-04-06,65,-37.0,0.2850691341317299,-7.3613345508053225,-15.565644128918532,11.3,0.0,15.5,0.0
SP_7_14,2026-04-09,65,-34.0,0.2998021748924135,-4.710938216186457,-12.654193086816829,8.299999999999999,0.0,19.599999999999998,0.0
SP_7_14,2026-04-11,65,-32.0,0.29827422543913046,-4.128931855548992,-12.088053934659282,13.0,0.0,22.5,0.0
SP_7_14,2026-04-12,65,-31.0,0.2864336452579651,-4.7061209271346325,-12.714910646326567,6.300000000000001,0.0,17.6,0.0
SP_7_14,2026-04-18,65,-25.0,0.30556251322720657,-5.074329343000571,-12.81581797898118,14.2,0.0,23.0,0.0
SP_7_14,2026-04-21,65,-22.0,0.30593690019815867,-4.692632635873176,-13.157459999976442,6.5,0.0,23.8,0.0
SP_7_14,2026-04-23,65,-20.0,0.3073564613705831,-4.9556318485611435,-13.654661787643931,7.7,0.0,15.1,0.0
SP_7_14,2026-04-24,65,-19.0,0.31853640134954836,-4.631099570019283,-12.456145509615714,11.600000000000001,0.0,19.400000000000002,0.0
SP_7_14,2026-04-30,65,-13.0,0.33425868604675996,-5.1615985048747675,-13.286825024219645,3.5,0.0,38.6,0.0
SP_7_14,2026-05-03,65,-10.0,0.2827190037144122,-6.851937493844355,-15.735118920816385,0.0,0.0,13.2,0.0
SP_7_14,2026-05-05,65,-8.0,0.22660095611750328,-6.445313760745369,-15.252291510574306,0.1,0.0,2.3000000000000003,0.0
SP_7_14,2026-05-06,65,-7.0,0.18658589935170347,-8.42645958894398,-17.07130859416521,0.1,0.0,0.6,0.0
SP_7_14,2026-05-13,65,0.0,0.2629976027944744,-6.6259255854171375,-15.342135540771519,16.4,0.0,19.4,0.0
SP_7_14,2026-05-15,65,2.0,0.23498816704695774,-9.778594364065004,-19.136522008427143,0.2,0.0,19.1,0.0
SP_7_14,2026-05-16,65,3.0,0.21821873874835573,-10.02384315785347,-19.310031902559288,0.2,0.0,18.0,0.0
SP_7_14,2026-05-17,65,4.0,0.20133682777840345,-8.672913337574492,-17.54898888226022,0.6000000000000001,0.0,17.0,0.0
SP_7_14,2026-05-18,65,5.0,0.1583679430482571,-9.222506663036727,-17.726544964110364,0.4,0.0,4.8,0.0
SP_7_14,2026-05-24,65,11.0,0.15,-9.30217683309327,-17.319056448184924,2.8000000000000003,0.0,3.2,0.0
SP_7_14,2026-05-25,65,12.0,0.171055995663622,-8.201916723127642,-15.976009877883131,6.4,0.0,6.800000000000001,0.0
SP_7_14,2026-05-27,65,14.0,0.219575308017418,-4.052093334982686,-14.946930680963167,11.0,0.0,14.200000000000001,0.0
SP_7_14,2026-05-28,65,15.0,0.22234884643737074,-6.6248960864480955,-16.898833982449702,8.6,0.0,15.0,0.0
SP_7_14,2026-05-29,65,16.0,0.24515420741161706,-7.770719875404193,-15.736342681888525,7.2,0.0,18.5,0.0
SP_7_14,2026-05-30,65,17.0,0.25098791369223256,-9.264517349225022,-19.719426768587333,7.0,0.0,18.1,0.0
SP_7_14,2026-06-08,65,26.0,0.15,-8.771832710002103,-16.07104172505304,0.0,0.0,1.1,0.0
SP_7_14,2026-06-09,65,27.0,0.15,-3.7445151537609482,-19.317587895832652,0.0,0.0,1.1,0.0
SP_7_14,2026-06-11,65,29.0,0.15,-13.19240123912454,-21.046099465714562,0.0,0.0,1.0,0.0
SP_7_14,2026-06-18,65,36.0,0.23191148392325972,-12.776266746903426,-21.586337125553637,4.7,0.0,16.599999999999998,0.0
SP_7_14,2026-06-21,65,39.0,0.24841398188237376,-2.830391839880197,-20.103157443612055,0.5,15.0,11.7,15.0
SP_7_14,2026-06-23,65,41.0,0.3099170874379061,-7.029438803060215,-15.268448936824413,4.3999999999999995,15.0,9.2,30.0
SP_7_14,2026-06-27,65,45.0,0.24520106208088627,-2.2762876147648745,-18.323668494960373,2.4,0.0,6.8,15.0
SP_7_14,2026-06-29,65,47.0,0.21916055208729635,-8.943737984712882,-16.784244338391208,2.1999999999999997,0.0,2.8,15.0
SP_7_14,2026-06-30,65,48.0,0.297187662810685,-9.448983366567191,-16.740143301583583,0.30000000000000004,15.0,2.7,15.0
SP_7_14,2026-07-03,65,51.0,0.2497254268052624,2.5900871295524173,-12.731128272150404,4.9,0.0,7.1,15.0
SP_7_14,2026-07-05,65,53.0,0.31959648577140654,-4.6242777271914175,-12.523870536516561,27.8,0.0,28.6,15.0
SP_7_14,2026-07-06,65,54.0,0.308946575676527,-5.960917627514978,-13.812730085099199,27.7,0.0,32.6,15.0
SP_7_14,2026-07-09,65,57.0,0.2955534930479721,1.300854641323783,-13.19908487570389,10.1,0.0,42.0,0.0
SP_7_14,2026-07-11,65,59.0,0.32025040392858173,-4.80865671070606,-12.907139948610716,18.7,0.0,36.8,0.0
SP_7_14,2026-07-12,65,60.0,0.30839604943321414,-5.3493575602461005,-12.864407941818127,15.700000000000001,0.0,29.9,0.0
SP_7_14,2026-07-15,65,63.0,0.2873088436729406,-2.9448694905531902,-13.445079971944251,5.4,0.0,26.2,0.0
SP_7_14,2026-07-17,65,65.0,0.2701534702599347,-6.576918790032372,-13.662703619769214,4.8,0.0,23.1,0.0
SP_7_14,2026-07-18,65,66.0,0.25406704076207876,-6.96818372505391,-13.803191038030437,2.8,0.0,10.3,0.0
SP_7_14,2026-07-21,65,69.0,0.28215377931636654,-5.190711044682263,-12.415083702935213,10.7,0.0,15.5,0.0
SP_7_14,2026-07-23,65,71.0,0.27980195219539944,-5.620382894663286,-13.108965698807557,20.6,0.0,20.6,0.0
SP_7_14,2026-07-24,65,72.0,0.2926360095243768,-6.335367455601888,-13.329009607983764,15.3,0.0,26.0,0.0
SP_7_14,2026-07-27,65,75.0,0.3359955456275802,-6.20362491230524,-13.066874169988319,29.900000000000002,0.0,55.9,0.0
SP_7_14,2026-07-29,65,77.0,0.32703719225091965,-5.688894806279654,-13.31630229232201,7.9,0.0,43.2,0.0
SP_7_14,2026-07-30,65,78.0,0.3389885913558626,-6.640908831421511,-13.316166526864688,15.6,0.0,50.9,0.0
SP_7_14,2026-08-02,65,81.0,0.27556672186177644,-6.098523683882395,-12.997602358622387,0.7,0.0,16.3,0.0
SP_7_14,2026-08-04,65,83.0,0.2589926261807231,-4.5649695642455494,-12.377236201543298,2.2,0.0,14.5,0.0
SP_7_14,2026-08-05,65,84.0,0.24544963495970984,-6.359035645096416,-13.395183970193806,2.2,0.0,10.6,0.0
SP_7_14,2026-08-08,65,87.0,0.29830533986541014,-6.07401252474888,-12.560488181524631,19.7,0.0,21.9,0.0
SP_7_14,2026-08-10,65,89.0,0.25985128734209845,-5.21964526626064,-12.703028130605095,7.800000000000001,0.0,21.4,0.0
SP_7_14,2026-08-11,65,90.0,0.2471877858624806,-6.670739490127138,-13.413060689185928,1.75,0.0,21.45,0.0
SP_7_14,2026-08-14,65,93.0,0.30947374980112186,-6.919402359751549,-13.297910321133068,18.099999999999998,0.0,26.05,0.0
SP_7_14,2026-08-16,65,95.0,0.26703788712412935,-6.217800141134359,-12.820533297515347,16.2,0.0,18.849999999999998,0.0
SP_7_14,2026-08-17,65,96.0,0.2404505130439165,-6.667677545207566,-13.36118777818121,0.725,0.0,18.974999999999998,0.0
SP_7_14,2026-08-20,65,99.0,0.1740682852133512,-6.590606447188462,-13.366033360259381,1.7999999999999998,0.0,18.125,0.0
SP_7_14,2026-08-22,65,101.0,0.15,-5.944799835785682,-13.147617996216132,2.1,0.0,2.825,0.0
SP_7_14,2026-08-23,65,102.0,0.15,-6.3620600773964675,-13.240460126357888,0.9,0.0,2.825,0.0
SP_7_14,2026-08-26,65,105.0,0.15,-6.558372663784695,-13.37075604694278,0.8,0.0,2.9,0.0
SP_7_17,2026-04-06,65,-41.0,0.28512699248726264,-8.498196546740843,-17.17140322237055,11.3,0.0,15.5,0.0
SP_7_17,2026-04-09,65,-38.0,0.2998583007281236,-4.946376414310699,-12.844282360625236,8.299999999999999,0.0,19.599999999999998,0.0
SP_7_17,2026-04-11,65,-36.0,0.2983072702101772,-3.990122811702567,-12.248480049238708,13.0,0.0,22.5,0.0
SP_7_17,2026-04-12,65,-35.0,0.2865092318810307,-4.954496718805573,-12.860077801567689,6.300000000000001,0.0,17.6,0.0
SP_7_17,2026-04-18,65,-29.0,0.3056108280820203,-5.036910033147959,-12.852560398683831,14.2,0.0,23.0,0.0
SP_7_17,2026-04-21,65,-26.0,0.30597197342885524,-4.9337606195651595,-13.2379046587114,6.5,0.0,23.8,0.0
SP_7_17,2026-04-23,65,-24.0,0.30742889938950635,-4.933505382118087,-13.711646060208642,7.7,0.0,15.1,0.0
SP_7_17,2026-04-24,65,-23.0,0.3186109923800029,-4.600603055264365,-12.288894707547907,11.600000000000001,0.0,19.400000000000002,0.0
SP_7_17,2026-04-30,65,-17.0,0.3343134581511042,-5.311902506975221,-13.561511729858273,3.5,0.0,38.6,0.0
SP_7_17,2026-05-03,65,-14.0,0.28286023277242617,-8.688065094533643,-17.486649175434216,0.0,0.0,13.2,0.0
SP_7_17,2026-05-05,65,-12.0,0.226909958164,-7.417705441849028,-16.410320636872243,0.1,0.0,2.3000000000000003,0.0
SP_7_17,2026-05-06,65,-11.0,0.1869461072849754,-9.277424902044638,-18.021989496196547,0.1,0.0,0.6,0.0
SP_7_17,2026-05-13,65,-4.0,0.263006080684032,-7.352073116682018,-16.38305152043898,16.4,0.0,19.4,0.0
SP_7_17,2026-05-15,65,-2.0,0.23507526050430466,-10.89945042185951,-21.65055042934743,0.2,0.0,19.1,0.0
SP_7_17,2026-05-16,65,-1.0,0.21841360358737558,-10.51558118896078,-21.953260584826253,0.2,0.0,18.0,0.0
SP_7_17,2026-05-17,65,0.0,0.20166068916977434,-11.082888951920095,-19.801114050962305,0.6000000000000001,0.0,17.0,0.0
SP_7_17,2026-05-18,65,1.0,0.158715551420067,-11.500690809044745,-20.009801259733287,0.4,0.0,4.8,0.0
SP_7_17,2026-05-24,65,7.0,0.15,-11.53170538148202,-22.482896277829852,2.8000000000000003,0.0,3.2,0.0
SP_7_17,2026-05-25,65,8.0,0.17150800375694286,-10.090217204905045,-21.681302512044482,6.4,0.0,6.800000000000001,0.0
SP_7_17,2026-05-27,65,10.0,0.21996558360001373,-2.2365298884292875,-18.440576465096044,11.0,0.0,14.200000000000001,0.0
SP_7_17,2026-05-28,65,11.0,0.22280168067454087,-5.03347571232161,-20.55609974211969,8.6,0.0,15.0,0.0
SP_7_17,2026-05-29,65,12.0,0.24575419391511827,-7.055481508692547,-19.330090482840813,7.2,0.0,18.5,0.0
SP_7_17,2026-05-30,65,13.0,0.2515910231662312,-10.612110441962553,-16.36943093493926,7.0,0.0,18.1,0.0
SP_7_17,2026-06-08,65,22.0,0.15,-9.242894456722462,-20.244125495667106,0.0,0.0,1.1,0.0
SP_7_17,2026-06-09,65,23.0,0.15,-9.251261167773864,-20.915106008368426,0.0,0.0,1.1,0.0
SP_7_17,2026-06-11,65,25.0,0.2428432820955039,-9.227891010668861,-20.085447819743077,0.0,15.0,1.0,15.0
SP_7_17,2026-06-18,65,32.0,0.24496025306788013,-7.504386338252482,-17.283734884249522,4.7,0.0,16.599999999999998,0.0
SP_7_17,2026-06-21,65,35.0,0.19739006880175278,-7.415156259954574,-16.74441418442955,0.5,0.0,11.7,0.0
SP_7_17,2026-06-23,65,37.0,0.20403727070813152,-2.866390245045665,-13.444123062310883,4.3999999999999995,0.0,9.2,0.0
SP_7_17,2026-06-27,65,41.0,0.18432710948976616,-6.651578524250418,-15.657319750863923,2.4,0.0,6.8,0.0
SP_7_17,2026-06-29,65,43.0,0.16906535888387336,-7.14821008444105,-15.40461914968973,2.1999999999999997,0.0,2.8,0.0
SP_7_17,2026-06-30,65,44.0,0.24052795919903583,-7.206353644524311,-15.337142264428827,0.30000000000000004,10.0,2.7,10.0
SP_7_17,2026-07-03,65,47.0,0.22253125001340848,-1.4038061022245736,-12.121125091473967,4.9,0.0,7.1,10.0
SP_7_17,2026-07-05,65,49.0,0.3429577572808942,-2.7452267242142865,-12.437185574359855,27.8,0.0,28.6,10.0
SP_7_17,2026-07-06,65,50.0,0.3088738440981958,-4.595977960049542,-13.235691093392859,27.7,0.0,32.6,10.0
SP_7_17,2026-07-09,65,53.0,0.28726539290068404,-3.239916370330864,-12.284352478951154,10.1,0.0,42.0,0.0
SP_7_17,2026-07-11,65,55.0,0.31382363649558426,-3.521452016844782,-12.616801669226094,18.7,0.0,36.8,0.0
SP_7_17,2026-07-12,65,56.0,0.3005884356532398,-5.067510944434373,-12.668492574098975,15.700000000000001,0.0,29.9,0.0
SP_7_17,2026-07-15,65,59.0,0.27887680754986144,-5.1551851240288435,-13.093566690559404,5.4,0.0,26.2,0.0
SP_7_17,2026-07-17,65,61.0,0.2623334563492654,-5.539122771470886,-13.435712371827302,4.8,0.0,23.1,0.0
SP_7_17,2026-07-18,65,62.0,0.2463955521066591,-6.497769802048215,-13.380283363703196,2.8,0.0,10.3,0.0
SP_7_17,2026-07-21,65,65.0,0.27851598716875564,-5.697951506649954,-12.260863243122671,10.7,0.0,15.5,0.0
SP_7_17,2026-07-23,65,67.0,0.2769984278656118,-5.191636132550101,-12.599725767119205,20.6,0.0,20.6,0.0
SP_7_17,2026-07-24,65,68.0,0.29016150828830023,-6.002879998567547,-13.113330528808635,15.3,0.0,26.0,0.0
SP_7_17,2026-07-27,65,71.0,0.33293854488586894,-6.076710759807393,-12.726414378906416,29.900000000000002,0.0,55.9,0.0
SP_7_17,2026-07-29,65,73.0,0.32435106736231367,-6.056592035741131,-13.022968138092496,7.9,0.0,43.2,0.0
SP_7_17,2026-07-30,65,74.0,0.336384336077884,-6.471124947980255,-13.31628845975408,15.6,0.0,50.9,0.0
SP_7_17,2026-08-02,65,77.0,0.2749844842898983,-6.429776124985992,-12.76599764449032,0.7,0.0,16.3,0.0
SP_7_17,2026-08-04,65,79.0,0.25934594509040276,-5.013114016872739,-12.280117057763423,2.2,0.0,14.5,0.0
SP_7_17,2026-08-05,65,80.0,0.24627927653983256,-6.499121814631238,-13.341967470281908,2.2,0.0,10.6,0.0
SP_7_17,2026-08-08,65,83.0,0.2986412268056426,-6.1424258967765075,-12.708658913377581,19.7,0.0,21.9,0.0
SP_7_17,2026-08-10,65,85.0,0.2584279041367212,-5.790183383418798,-12.698591116703755,7.800000000000001,0.0,21.4,0.0
SP_7_17,2026-08-11,65,86.0,0.24445100517046076,-6.532053375898164,-13.132487209887048,1.75,0.0,21.45,0.0
SP_7_17,2026-08-14,65,89.0,0.30532297935562963,-7.101080346864617,-13.40270658627773,18.099999999999998,0.0,26.05,0.0
SP_7_17,2026-08-16,65,91.0,0.2617676201747008,-6.414815231764686,-13.064036428299126,16.2,0.0,18.849999999999998,0.0
SP_7_17,2026-08-17,65,92.0,0.2343046825312428,-6.8041000679316035,-13.487289520270151,0.725,0.0,18.974999999999998,0.0
SP_7_17,2026-08-20,65,95.0,0.1653167944108663,-6.960141145935318,-13.371399347557665,1.7999999999999998,0.0,18.125,0.0
SP_7_17,2026-08-22,65,97.0,0.15,-5.984466156859481,-12.85416664124119,2.1,0.0,2.825,0.0
SP_7_17,2026-08-23,65,98.0,0.15,-6.501093279666713,-13.164561555335839,0.9,0.0,2.825,0.0
SP_7_17,2026-08-26,65,101.0,0.15,-6.912686096163298,-13.316114932072987,0.8,0.0,2.9,0.0
SP_7_18,2026-04-06,65,-68.0,0.284962566870646,-5.846089140762426,-14.594130151553014,11.3,0.0,15.5,0.0
SP_7_18,2026-04-09,65,-65.0,0.29971879126209194,-4.87310181830598,-13.104804182181066,8.299999999999999,0.0,19.599999999999998,0.0
SP_7_18,2026-04-11,65,-63.0,0.2981876245474537,-3.6348480683036617,-12.62150820351179,13.0,0.0,22.5,0.0
SP_7_18,2026-04-12,65,-62.0,0.2865988162904289,-4.674350732880088,-13.101884153612495,6.300000000000001,0.0,17.6,0.0
SP_7_18,2026-04-18,65,-56.0,0.30546986975097373,-4.867856020734655,-13.316638504012907,14.2,0.0,23.0,0.0
SP_7_18,2026-04-21,65,-53.0,0.3058361117485219,-5.4367947020983465,-14.174359627552937,6.5,0.0,23.8,0.0
SP_7_18,2026-04-23,65,-51.0,0.30721414261779645,-5.267837791178422,-14.902170651565317,7.7,0.0,15.1,0.0
SP_7_18,2026-04-24,65,-50.0,0.3184108659671898,-4.589452211047796,-12.966853405307411,11.600000000000001,0.0,19.400000000000002,0.0
SP_7_18,2026-04-30,65,-44.0,0.33408021045824726,-5.632459113125585,-14.421039536494826,3.5,0.0,38.6,0.0
SP_7_18,2026-05-03,65,-41.0,0.2823629609899289,-7.757570160112463,-16.19879349449138,0.0,0.0,13.2,0.0
SP_7_18,2026-05-05,65,-39.0,0.22586500120455588,-6.739618683130123,-16.048757855284432,0.1,0.0,2.3000000000000003,0.0
SP_7_18,2026-05-06,65,-38.0,0.1855119536821278,-8.368263714024508,-17.053844536655824,0.1,0.0,0.6,0.0
SP_7_18,2026-05-13,65,-31.0,0.26288185455325325,-7.946809256623756,-16.85550713788418,16.4,0.0,19.4,0.0
SP_7_18,2026-05-15,65,-29.0,0.23472684048137044,-10.163339877442487,-19.021738024457655,0.2,0.0,19.1,0.0
SP_7_18,2026-05-16,65,-28.0,0.2178473631309096,-10.526302442213364,-19.07870933482989,0.2,0.0,18.0,0.0
SP_7_18,2026-05-17,65,-27.0,0.200824489999207,-8.910947072948991,-17.93484595759209,0.6000000000000001,0.0,17.0,0.0
SP_7_18,2026-05-18,65,-26.0,0.15761665319271137,-9.232394432743277,-18.15738326710366,0.4,0.0,4.8,0.0
SP_7_18,2026-05-24,65,-20.0,0.15,-9.96574308978381,-17.608337859441377,2.8000000000000003,0.0,3.2,0.0
SP_7_18,2026-05-25,65,-19.0,0.1714240006646777,-8.506011515504323,-15.9303950069914,6.4,0.0,6.800000000000001,0.0
SP_7_18,2026-05-27,65,-17.0,0.2215960439809178,-6.031137807576748,-13.354541359392067,11.0,0.0,14.200000000000001,0.0
SP_7_18,2026-05-28,65,-16.0,0.22492321112632752,-7.436842905195774,-14.75783062116265,8.6,0.0,15.0,0.0
SP_7_18,2026-05-29,65,-15.0,0.24780040510098827,-6.291186180068093,-14.30856755662067,7.2,0.0,18.5,0.0
SP_7_18,2026-05-30,65,-14.0,0.2536947780980663,-12.08921641827622,-18.020329275084848,7.0,0.0,18.1,0.0
SP_7_18,2026-06-08,65,-5.0,0.15,-9.261547911479465,-14.091563959557456,0.0,0.0,1.1,0.0
SP_7_18,2026-06-09,65,-4.0,0.15,-9.263720103842708,-14.522101277240704,0.0,0.0,1.1,0.0
SP_7_18,2026-06-11,65,-2.0,0.15,-8.595101872468943,-14.00705968423779,0.0,0.0,1.0,0.0
SP_7_18,2026-06-18,65,5.0,0.23459023972739884,-13.069503123300962,-19.41530587831336,4.7,0.0,16.599999999999998,0.0
SP_7_18,2026-06-21,65,8.0,0.24359899804602733,-12.78872702566322,-19.998296703125554,0.5,15.0,11.7,15.0
SP_7_18,2026-06-23,65,10.0,0.22847201109175042,-9.975022648681533,-15.538901438713594,4.3999999999999995,0.0,9.2,15.0
SP_7_18,2026-06-27,65,14.0,0.15,-14.1709307607191,-21.052963456858155,2.4,0.0,6.8,0.0
SP_7_18,2026-06-29,65,16.0,0.15,-14.31221713770447,-21.063398621451515,2.1999999999999997,0.0,2.8,0.0
SP_7_18,2026-06-30,65,17.0,0.25159756418814583,-14.835208692077092,-21.296261670205535,0.30000000000000004,15.0,2.7,15.0
SP_7_18,2026-07-03,65,20.0,0.2001299046562768,-7.944382201118845,-15.46205573391397,4.9,0.0,7.1,15.0
SP_7_18,2026-07-05,65,22.0,0.3097384449833585,-8.009213091522142,-13.833676733657434,27.8,0.0,28.6,15.0
SP_7_18,2026-07-06,65,23.0,0.3019271707983534,-9.198551957508943,-14.487176113417455,27.7,0.0,32.6,15.0
SP_7_18,2026-07-09,65,26.0,0.2913435659514329,-7.703821511116579,-15.027683917560086,10.1,0.0,42.0,0.0
SP_7_18,2026-07-11,65,28.0,0.3191078779669705,-6.940199608514107,-12.992733030957162,18.7,0.0,36.8,0.0
SP_7_18,2026-07-12,65,29.0,0.30865260264665295,-7.4776219218858575,-12.980382867303842,15.700000000000001,0.0,29.9,0.0
SP_7_18,2026-07-15,65,32.0,0.2888419575666402,-8.037569556370665,-14.801670436235199,5.4,0.0,26.2,0.0
SP_7_18,2026-07-17,65,34.0,0.2725645215850027,-8.112019030508517,-14.814596540535732,4.8,0.0,23.1,0.0
SP_7_18,2026-07-18,65,35.0,0.25653032191937636,-8.698695730901465,-14.791902520157844,2.8,0.0,10.3,0.0
SP_7_18,2026-07-21,65,38.0,0.2841322636878288,-5.385798766438312,-11.491473962654608,10.7,0.0,15.5,0.0
SP_7_18,2026-07-23,65,40.0,0.28446386774225885,-5.701674957478378,-12.577628000529382,20.6,0.0,20.6,0.0
SP_7_18,2026-07-24,65,41.0,0.2976025977018176,-6.49039913313473,-12.91164069818667,15.3,0.0,26.0,0.0
SP_7_18,2026-07-27,65,44.0,0.34374489831137967,-6.749657137710158,-12.76488108662006,29.900000000000002,0.0,55.9,0.0
SP_7_18,2026-07-29,65,46.0,0.334980475592737,-6.177587746220681,-13.157080520609576,7.9,0.0,43.2,0.0
SP_7_18,2026-07-30,65,47.0,0.34714705886578656,-6.906230008798904,-13.41152445769605,15.6,0.0,50.9,0.0
SP_7_18,2026-08-02,65,50.0,0.28984337125693665,-6.921849322879447,-12.860619057679656,0.7,0.0,16.3,0.0
SP_7_18,2026-08-04,65,52.0,0.27529958934801235,-5.169830679803082,-12.737870364845516,2.2,0.0,14.5,0.0
SP_7_18,2026-08-05,65,53.0,0.2639705442565268,-6.603409021421408,-13.754284492936552,2.2,0.0,10.6,0.0
SP_7_18,2026-08-08,65,56.0,0.30944479147470316,-6.795090174894466,-12.846220922416764,19.7,0.0,21.9,0.0
SP_7_18,2026-08-10,65,58.0,0.2752084683089814,-5.8373040597456,-13.037658034867752,7.800000000000001,0.0,21.4,0.0
SP_7_18,2026-08-11,65,59.0,0.26356627978236863,-6.780270666455195,-13.476863800516515,1.75,0.0,21.45,0.0
SP_7_18,2026-08-14,65,62.0,0.3169373146105431,-7.457134334227096,-13.399712561375265,18.099999999999998,0.0,26.05,0.0
SP_7_18,2026-08-16,65,64.0,0.27407260624872765,-6.330820349586065,-13.165126351407427,16.2,0.0,18.849999999999998,0.0
SP_7_18,2026-08-17,65,65.0,0.253825914757828,-7.027395275093785,-13.806457186293795,0.65,0.0,18.9,0.0
SP_7_18,2026-08-20,65,68.0,0.21838667424577707,-7.072407611134795,-13.636246204393899,1.7999999999999998,0.0,18.05,0.0
SP_7_18,2026-08-22,65,70.0,0.20328203841115275,-5.9118522443194275,-13.340952994870213,2.1,0.0,2.75,0.0
SP_7_18,2026-08-23,65,71.0,0.19115036731509288,-6.388836026655692,-13.60885827530365,0.9,0.0,2.75,0.0
SP_7_18,2026-08-26,65,74.0,0.17216689418305794,-6.953851940653076,-13.429149583122825,0.5,0.0,2.6,0.0
SP_7_3,2026-04-06,65,-71.0,0.2835376040650133,-8.071303878051324,-15.481771203585616,10.600000000000001,0.0,14.5,0.0
SP_7_3,2026-04-09,65,-68.0,0.3011621560603007,-6.001842502562233,-12.988554615862977,9.2,0.0,19.900000000000002,0.0
SP_7_3,2026-04-11,65,-66.0,0.2980775420148715,-5.296634453008703,-12.54975967915049,12.7,0.0,23.3,0.0
SP_7_3,2026-04-12,65,-65.0,0.2891106553033278,-6.238685189551737,-13.4409287970999,6.4,0.0,18.7,0.0
SP_7_3,2026-04-18,65,-59.0,0.3003454062747181,-6.580924970947341,-13.527583472465015,12.7,0.0,21.1,0.0
SP_7_3,2026-04-21,65,-56.0,0.29964334667989384,-6.278999096318953,-14.068624188322367,5.5,0.0,20.2,0.0
SP_7_3,2026-04-23,65,-54.0,0.3085207855452654,-6.161336015531385,-13.825860850699936,9.1,0.0,14.9,0.0
SP_7_3,2026-04-24,65,-53.0,0.31755627998596764,-6.189733130675358,-13.050477776597717,12.899999999999999,0.0,19.5,0.0
SP_7_3,2026-04-30,65,-47.0,0.33332379090113773,-6.930832887909845,-14.551664691190744,3.8000000000000003,0.0,38.3,0.0
SP_7_3,2026-05-03,65,-44.0,0.28115048447014634,-7.173656650308702,-15.690595219706506,0.0,0.0,13.3,0.0
SP_7_3,2026-05-05,65,-42.0,0.22661062672955187,-6.9464040750654386,-14.904788712339807,0.3,0.0,2.8000000000000003,0.0
SP_7_3,2026-05-06,65,-41.0,0.1863353073266291,-8.386239979048213,-16.42287007910056,0.3,0.0,0.9000000000000001,0.0
SP_7_3,2026-05-13,65,-34.0,0.26289280026089723,-8.133939200367813,-15.789584535552647,16.3,0.0,18.7,0.0
SP_7_3,2026-05-15,65,-32.0,0.2327086932951676,-9.326358347073695,-17.15315276610844,0.1,0.0,18.400000000000002,0.0
SP_7_3,2026-05-16,65,-31.0,0.21690751679210302,-9.673979620419724,-17.478073680332976,0.1,0.0,17.5,0.0
SP_7_3,2026-05-17,65,-30.0,0.2042148307438786,-8.56620893275729,-15.609419330142257,0.7999999999999999,0.0,17.1,0.0
SP_7_3,2026-05-18,65,-29.0,0.16214354096491465,-9.055544104753228,-15.866576441407458,0.7,0.0,5.2,0.0
SP_7_3,2026-05-24,65,-23.0,0.15,-9.572144563712765,-16.311138833892333,1.4000000000000001,0.0,1.6,0.0
SP_7_3,2026-05-25,65,-22.0,0.18217125106743992,-8.881162631076498,-15.519293085018415,5.9,0.0,6.2,0.0
SP_7_3,2026-05-27,65,-20.0,0.22602011965893395,-7.832301507818043,-14.595616491246176,11.4,0.0,13.0,0.0
SP_7_3,2026-05-28,65,-19.0,0.23346277569251864,-9.162258760162892,-15.62247732582315,8.5,0.0,14.5,0.0
SP_7_3,2026-05-29,65,-18.0,0.254852972543035,-8.547846621153834,-15.206036199057237,7.300000000000001,0.0,18.0,0.0
SP_7_3,2026-05-30,65,-17.0,0.25798674614742967,-11.519887815286028,-15.953681692173431,7.4,0.0,18.8,0.0
SP_7_3,2026-06-08,65,-8.0,0.15,-10.18738215059707,-15.01837889670583,0.0,0.0,1.2999999999999998,0.0
SP_7_3,2026-06-09,65,-7.0,0.15,-10.227987833971143,-15.287574582458703,0.0,0.0,1.2999999999999998,0.0
SP_7_3,2026-06-11,65,-5.0,0.15,-9.844669522772536,-14.666610439501168,0.0,0.0,0.7999999999999999,0.0
SP_7_3,2026-06-18,65,2.0,0.24491295409426173,-10.218368750285267,-15.189938330863288,5.1,0.0,19.2,0.0
SP_7_3,2026-06-21,65,5.0,0.1796768744325625,-7.460771463239867,-13.607807417667466,0.5,0.0,13.5,0.0
SP_7_3,2026-06-23,65,7.0,0.16519051195786585,-9.688790306321241,-13.928040449727167,3.6,0.0,8.3,0.0
SP_7_3,2026-06-27,65,11.0,0.15,-6.53906060777104,-12.41975328938653,2.1999999999999997,0.0,5.8,0.0
SP_7_3,2026-06-29,65,13.0,0.15,-10.05463848831961,-14.66196723446332,2.0,0.0,2.4,0.0
SP_7_3,2026-06-30,65,14.0,0.15,-10.283456540774981,-14.836019092764609,0.1,0.0,2.3,0.0
SP_7_3,2026-07-03,65,17.0,0.17517736403414133,-6.176253664302643,-11.193315019124725,5.8999999999999995,0.0,7.8999999999999995,0.0
SP_7_3,2026-07-05,65,19.0,0.2988839881053401,-8.396838236937919,-13.207542094738367,28.5,0.0,29.299999999999997,0.0
SP_7_3,2026-07-06,65,20.0,0.2943172521555285,-9.534125292865777,-14.396527996517817,27.599999999999998,0.0,33.5,0.0
SP_7_3,2026-07-09,65,23.0,0.29366267038712385,-6.360630765514036,-11.512600908564615,11.4,0.0,44.1,0.0
SP_7_3,2026-07-11,65,25.0,0.2520506796959022,-8.721302926446475,-13.666439457964017,7.5,0.0,23.1,0.0
SP_7_3,2026-07-12,65,26.0,0.26166654736355877,-8.80597962451245,-13.649965646050555,5.75,0.0,21.35,0.0
SP_7_3,2026-07-15,65,29.0,0.2615961157985049,-6.950324643583485,-12.163472116233462,5.7,0.0,17.95,0.0
SP_7_3,2026-07-17,65,31.0,0.24769607857897738,-9.784792496745288,-14.662943458346025,4.800000000000001,0.0,13.05,0.0
SP_7_3,2026-07-18,65,32.0,0.2316729737220008,-9.847271497209642,-14.594003260718653,2.6,0.0,13.05,0.0
SP_7_3,2026-07-21,65,35.0,0.26484893932348164,-6.815898491978137,-12.286490832320958,9.9,0.0,14.700000000000001,0.0
SP_7_3,2026-07-23,65,37.0,0.3386836787185171,-7.684730256756788,-13.971110085658015,32.25,0.0,32.25,0.0
SP_7_3,2026-07-24,65,38.0,0.31300307266207633,-9.388207416904017,-15.027708282637285,26.700000000000003,0.0,36.6,0.0
SP_7_3,2026-07-27,65,41.0,0.26727816992509956,-8.424890644884833,-13.90799218865517,2.65,0.0,39.25,0.0
SP_7_3,2026-07-29,65,43.0,0.2901258988409938,-6.9013924529831545,-13.751077040222619,8.4,0.0,36.9,0.0
SP_7_3,2026-07-30,65,44.0,0.31034659583585766,-8.086782764952996,-14.341403527070987,16.1,0.0,23.099999999999998,0.0
SP_7_3,2026-08-02,65,47.0,0.252927439447849,-8.681439715349038,-14.485103990554258,0.3,0.0,16.5,0.0
SP_7_3,2026-08-04,65,49.0,0.24629486533094877,-8.437842475261757,-15.038215947245083,2.4,0.0,15.299999999999999,0.0
SP_7_3,2026-08-05,65,50.0,0.23596808135807945,-10.295217947959312,-16.487077383002838,2.4,0.0,10.5,0.0
SP_7_3,2026-08-08,65,53.0,0.29337492683043903,-7.721398239264575,-14.318278383553146,19.8,0.0,22.2,0.0
SP_7_3,2026-08-10,65,55.0,0.255370194588044,-9.047758089030111,-15.741176376920114,5.1,0.0,21.0,0.0
SP_7_3,2026-08-11,65,56.0,0.24455099898715857,-10.10264835331631,-16.207547484683317,0.75,0.0,20.55,0.0
SP_7_3,2026-08-14,65,59.0,0.3117145019471029,-9.627500261324474,-16.301582106682897,18.099999999999998,0.0,23.349999999999998,0.0
SP_7_3,2026-08-16,65,61.0,0.2641918120128995,-9.259380932362397,-16.136553231700677,16.2,0.0,18.849999999999998,0.0
SP_7_3,2026-08-17,65,62.0,0.2440442196444293,-9.966322192398934,-16.89056661116196,0.65,0.0,18.9,0.0
SP_7_3,2026-08-20,65,65.0,0.21332141911828487,-9.275019665543361,-15.981868311825355,2.0,0.0,18.25,0.0
SP_7_3,2026-08-22,65,67.0,0.20330741713336997,-8.53111854716363,-15.50977353850014,2.8,0.0,3.45,0.0
SP_7_3,2026-08-23,65,68.0,0.19151126378074929,-9.203252047202502,-16.13227158421121,1.4000000000000001,0.0,3.45,0.0
SP_7_3,2026-08-26,65,71.0,0.17408429432260733,-11.068469900454868,-18.50279492270831,0.6,0.0,3.4,0.0
SP_7_5,2026-04-06,65,-40.0,0.2850206595422644,-6.7781889185537425,-15.447970023995811,11.3,0.0,15.5,0.0
SP_7_5,2026-04-09,65,-37.0,0.29977773012537057,-4.521898724340444,-12.872065689874182,8.299999999999999,0.0,19.599999999999998,0.0
SP_7_5,2026-04-11,65,-35.0,0.29825101967623907,-3.552298615160903,-12.194302994560198,13.0,0.0,22.5,0.0
SP_7_5,2026-04-12,65,-34.0,0.28669301123370006,-4.379763236848852,-12.721500435934125,6.300000000000001,0.0,17.6,0.0
SP_7_5,2026-04-18,65,-28.0,0.3055379002259033,-4.777624755595963,-13.211652837688128,14.2,0.0,23.0,0.0
SP_7_5,2026-04-21,65,-25.0,0.305885799091262,-4.640061723632022,-13.364163118059027,6.5,0.0,23.8,0.0
SP_7_5,2026-04-23,65,-23.0,0.3073333193893467,-4.786548329658053,-13.733497199198348,7.7,0.0,15.1,0.0
SP_7_5,2026-04-24,65,-22.0,0.31851909464637757,-4.442290688385087,-12.61504365508567,11.600000000000001,0.0,19.400000000000002,0.0
SP_7_5,2026-04-30,65,-16.0,0.3341577291163433,-5.07150921349878,-13.91423963263687,3.5,0.0,38.6,0.0
SP_7_5,2026-05-03,65,-13.0,0.2825255628796455,-7.419227151968705,-16.489229713756117,0.0,0.0,13.2,0.0
SP_7_5,2026-05-05,65,-11.0,0.2262023744157765,-6.315173402737681,-15.492888183104935,0.1,0.0,2.3000000000000003,0.0
SP_7_5,2026-05-06,65,-10.0,0.1859054330796846,-7.904095117182676,-16.917938546803203,0.1,0.0,0.6,0.0
SP_7_5,2026-05-13,65,-3.0,0.26290497791317646,-7.150974432404361,-16.578436918937054,16.4,0.0,19.4,0.0
SP_7_5,2026-05-15,65,-1.0,0.2349150645066054,-9.86033853173856,-19.17222120255387,0.2,0.0,19.1,0.0
SP_7_5,2026-05-16,65,0.0,0.2181436299948977,-10.113015478966101,-19.58056383475145,0.2,0.0,18.0,0.0
SP_7_5,2026-05-17,65,1.0,0.20125634315132276,-8.478737309556102,-17.478248176291494,0.6000000000000001,0.0,17.0,0.0
SP_7_5,2026-05-18,65,2.0,0.15828130977568367,-9.101459439750608,-17.686567136261836,0.4,0.0,4.8,0.0
SP_7_5,2026-05-24,65,8.0,0.15,-9.962617113447164,-18.64458241584674,2.8000000000000003,0.0,3.2,0.0
SP_7_5,2026-05-25,65,9.0,0.17050312271125595,-8.033836873514238,-16.636126661721804,6.4,0.0,6.800000000000001,0.0
SP_7_5,2026-05-27,65,11.0,0.21901487063420086,-4.990409037093222,-14.197134529105476,11.0,0.0,14.200000000000001,0.0
SP_7_5,2026-05-28,65,12.0,0.2219022039786975,-8.701698355329803,-17.272046294957242,8.6,0.0,15.0,0.0
SP_7_5,2026-05-29,65,13.0,0.245026683051037,-6.880728514000455,-15.797470705938576,7.2,0.0,18.5,0.0
SP_7_5,2026-05-30,65,14.0,0.25099885143934525,-8.534935472621934,-15.497798015496917,7.0,0.0,18.1,0.0
SP_7_5,2026-06-08,65,23.0,0.15,-8.874078521202595,-16.26340247392173,0.0,0.0,1.1,0.0
SP_7_5,2026-06-09,65,24.0,0.15,-10.533515372592406,-20.66180118640915,0.0,0.0,1.1,0.0
SP_7_5,2026-06-11,65,26.0,0.15,-10.918348021217515,-21.10220738116886,0.0,0.0,1.0,0.0
SP_7_5,2026-06-18,65,33.0,0.23147332424970235,-10.861853120290455,-21.237429740160657,4.7,0.0,16.599999999999998,0.0
SP_7_5,2026-06-21,65,36.0,0.24681444613356848,-9.164330085780824,-21.085911217738257,0.5,15.0,11.7,15.0
SP_7_5,2026-06-23,65,38.0,0.23705215066916,-3.087943829351012,-16.54295102395674,4.3999999999999995,0.0,9.2,15.0
SP_7_5,2026-06-27,65,42.0,0.2080877665317726,-8.621212779765736,-20.840829595051478,2.4,0.0,6.8,0.0
SP_7_5,2026-06-29,65,44.0,0.1885869817777404,-8.533795749933597,-20.600916295650453,2.1999999999999997,0.0,2.8,0.0
SP_7_5,2026-06-30,65,45.0,0.17692634040735022,-10.472031998108115,-20.793253040552454,0.30000000000000004,0.0,2.7,0.0
SP_7_5,2026-07-03,65,48.0,0.18867748498421918,-1.019407768678168,-15.979109413330663,4.9,0.0,7.1,0.0
SP_7_5,2026-07-05,65,50.0,0.3560617594397788,-1.7318707794346704,-14.299991622387207,27.8,0.0,28.6,0.0
SP_7_5,2026-07-06,65,51.0,0.3143578953419139,-3.3308985862267706,-15.468931592703687,27.7,0.0,32.6,0.0
SP_7_5,2026-07-09,65,54.0,0.28500272179714736,-1.7609442476147743,-14.33218962207544,10.1,0.0,42.0,0.0
SP_7_5,2026-07-11,65,56.0,0.3120778923065272,-1.7893684612561223,-13.183339530610521,18.7,0.0,36.8,0.0
SP_7_5,2026-07-12,65,57.0,0.29827929116974977,-2.9532018217361506,-12.56946513653093,15.700000000000001,0.0,29.9,0.0
SP_7_5,2026-07-15,65,60.0,0.2760522719662603,-4.257162251573869,-13.42248034423948,5.4,0.0,26.2,0.0
SP_7_5,2026-07-17,65,62.0,0.25952130091598236,-4.499264506639247,-13.469272044986994,4.8,0.0,23.1,0.0
SP_7_5,2026-07-18,65,63.0,0.24352845110325055,-6.172023698523511,-13.870993165498454,2.8,0.0,10.3,0.0
SP_7_5,2026-07-21,65,66.0,0.2771733038607189,-4.211180818181521,-12.153420647347456,10.7,0.0,15.5,0.0
SP_7_5,2026-07-23,65,68.0,0.2757661959492397,-3.7829509839135396,-12.990558602741334,20.6,0.0,20.6,0.0
SP_7_5,2026-07-24,65,69.0,0.2889481801726487,-5.535311754971417,-13.177166722768002,15.3,0.0,26.0,0.0
SP_7_5,2026-07-27,65,72.0,0.3310517485960425,-5.715385269588197,-12.9932102504454,29.900000000000002,0.0,55.9,0.0
SP_7_5,2026-07-29,65,74.0,0.3225135027419616,-5.107294277010829,-13.305746307429446,7.9,0.0,43.2,0.0
SP_7_5,2026-07-30,65,75.0,0.3346873378398188,-6.340898267190288,-13.839074927909818,15.6,0.0,50.9,0.0
SP_7_5,2026-08-02,65,78.0,0.272340173193289,-6.413252057419222,-12.886240569442242,0.7,0.0,16.3,0.0
SP_7_5,2026-08-04,65,80.0,0.25661604773682334,-4.4318655258836674,-12.738194575059204,2.2,0.0,14.5,0.0
SP_7_5,2026-08-05,65,81.0,0.24327274190633008,-6.087916151696086,-13.568136356073738,2.2,0.0,10.6,0.0
SP_7_5,2026-08-08,65,84.0,0.2972114683728088,-6.106920913426857,-12.701950962992496,19.7,0.0,21.9,0.0
SP_7_5,2026-08-10,65,86.0,0.2564509980803494,-5.223096768736207,-12.899005236878285,7.800000000000001,0.0,21.4,0.0
SP_7_5,2026-08-11,65,87.0,0.24222230855746074,-6.219246772432325,-13.542143154836854,1.75,0.0,21.45,0.0
SP_7_5,2026-08-14,65,90.0,0.3051636387210311,-7.104356823317845,-13.494278164361273,18.099999999999998,0.0,26.05,0.0
SP_7_5,2026-08-16,65,92.0,0.26155705320083317,-6.0297852025129135,-13.224821520909645,16.2,0.0,18.849999999999998,0.0
SP_7_5,2026-08-17,65,93.0,0.23425907782144095,-6.688908329170694,-13.740483221064366,0.725,0.0,18.974999999999998,0.0
SP_7_5,2026-08-20,65,96.0,0.16543007832015896,-6.719768461984988,-13.512682075915212,1.7999999999999998,0.0,18.125,0.0
SP_7_5,2026-08-22,65,98.0,0.15,-5.459820225740946,-13.199561112182735,2.1,0.0,2.825,0.0
SP_7_5,2026-08-23,65,99.0,0.15,-6.338609150454429,-13.639366947211888,0.9,0.0,2.825,0.0
SP_7_5,2026-08-26,65,102.0,0.15,-6.5374987014501675,-13.454339519751315,0.8,0.0,2.9,0.0
SP_7_8,2026-04-06,65,-38.0,0.28512699248726264,-8.69008877835859,-17.321886780926032,11.3,0.0,15.5,0.0
SP_7_8,2026-04-09,65,-35.0,0.2998583007281236,-5.351159528247034,-13.424740178605063,8.299999999999999,0.0,19.599999999999998,0.0
SP_7_8,2026-04-11,65,-33.0,0.2983072702101772,-4.168253820916795,-12.71350879904401,13.0,0.0,22.5,0.0
SP_7_8,2026-04-12,65,-32.0,0.2865092318810307,-5.1850660298265385,-13.325278114552823,6.300000000000001,0.0,17.6,0.0
SP_7_8,2026-04-18,65,-26.0,0.3056108280820203,-5.312956654273368,-13.381876732251134,14.2,0.0,23.0,0.0
SP_7_8,2026-04-21,65,-23.0,0.30597197342885524,-5.240219121976063,-13.772839961069103,6.5,0.0,23.8,0.0
SP_7_8,2026-04-23,65,-21.0,0.30742889938950635,-5.230129302187317,-13.994655557168807,7.7,0.0,15.1,0.0
SP_7_8,2026-04-24,65,-20.0,0.3185818852185451,-4.933587515936144,-12.661675754903868,11.600000000000001,0.0,19.400000000000002,0.0
SP_7_8,2026-04-30,65,-14.0,0.33430526456672505,-5.667468859373081,-14.172147077605747,3.5,0.0,38.6,0.0
SP_7_8,2026-05-03,65,-11.0,0.28276052247717276,-8.80852934404365,-17.950615507948715,0.0,0.0,13.2,0.0
SP_7_8,2026-05-05,65,-9.0,0.2268020029433854,-7.66855236031163,-16.28298695941031,0.1,0.0,2.3000000000000003,0.0
SP_7_8,2026-05-06,65,-8.0,0.18681934420955584,-9.38228319150833,-18.04651903523598,0.1,0.0,0.6,0.0
SP_7_8,2026-05-13,65,-1.0,0.2630004603106865,-7.610050416468334,-16.283768424715298,16.4,0.0,19.4,0.0
SP_7_8,2026-05-15,65,1.0,0.2349918951637582,-6.804119633558754,-19.410755633059946,0.2,0.0,19.1,0.0
SP_7_8,2026-05-16,65,2.0,0.21832940747192434,-2.202878636511793,-20.39302687015529,0.2,0.0,18.0,0.0
SP_7_8,2026-05-17,65,3.0,0.20157115545848228,-10.251413984934816,-17.69860090629255,0.6000000000000001,0.0,17.0,0.0
SP_7_8,2026-05-18,65,4.0,0.15861926886818895,-10.920190748070555,-18.185393997632833,0.4,0.0,4.8,0.0
SP_7_8,2026-05-24,65,10.0,0.15,-12.097716969459459,-20.139763631625165,2.8000000000000003,0.0,3.2,0.0
SP_7_8,2026-05-25,65,11.0,0.17089577552154264,-10.506376658130971,-18.791707407142635,6.4,0.0,6.800000000000001,0.0
SP_7_8,2026-05-27,65,13.0,0.21953644862682198,7.778432197560937,-15.943995561316072,11.0,0.0,14.200000000000001,0.0
SP_7_8,2026-05-28,65,14.0,0.22241647469099565,4.001622001773196,-17.705985439419283,8.6,0.0,15.0,0.0
SP_7_8,2026-05-29,65,15.0,0.2453391061516782,-7.898164978567249,-16.977715683279996,7.2,0.0,18.5,0.0
SP_7_8,2026-05-30,65,16.0,0.25117772097579655,-10.769024990770104,-17.057385615824767,7.0,0.0,18.1,0.0
SP_7_8,2026-06-08,65,25.0,0.15,-0.1943325669133023,-18.56999472770334,0.0,0.0,1.1,0.0
SP_7_8,2026-06-09,65,26.0,0.15,-0.1544918439713534,-19.118279640428767,0.0,0.0,1.1,0.0
SP_7_8,2026-06-11,65,28.0,0.15,-11.475362055118891,-19.87960430934571,0.0,0.0,1.0,0.0
SP_7_8,2026-06-18,65,35.0,0.2532435514414046,-9.9728318785456,-17.9910572598097,4.7,0.0,16.599999999999998,15.0
SP_7_8,2026-06-21,65,38.0,0.2075947914211062,-0.351642371019844,-17.773941542480514,0.5,0.0,11.7,0.0
SP_7_8,2026-06-23,65,40.0,0.2139797381118746,-4.893643220638253,-13.567105424029196,4.3999999999999995,0.0,9.2,0.0
SP_7_8,2026-06-27,65,44.0,0.19333856867847227,-1.0775102921035111,-16.7157137376656,2.4,0.0,6.8,0.0
SP_7_8,2026-06-29,65,46.0,0.17659210028139288,-8.546938609075145,-16.41178426028248,2.1999999999999997,0.0,2.8,0.0
SP_7_8,2026-06-30,65,47.0,0.16628873685040332,-8.811043645518629,-16.410336276245317,0.30000000000000004,0.0,2.7,0.0
SP_7_8,2026-07-03,65,50.0,0.18186586210314878,1.3593924725768125,-11.644903418632195,4.9,0.0,7.1,0.0
SP_7_8,2026-07-05,65,52.0,0.37004847145294933,-4.290435393057369,-12.887789653099478,27.8,0.0,28.6,0.0
SP_7_8,2026-07-06,65,53.0,0.34804392702410064,-5.844742877157243,-13.762758350317428,27.7,0.0,32.6,0.0
SP_7_8,2026-07-09,65,56.0,0.2863240861536098,-1.7053602095743892,-12.36602076374746,10.1,0.0,42.0,0.0
SP_7_8,2026-07-11,65,58.0,0.3117686565936719,-4.590085100753036,-12.811754277184225,18.7,0.0,36.8,0.0
SP_7_8,2026-07-12,65,59.0,0.297285923606318,-5.586482335974936,-12.874092621360651,15.700000000000001,0.0,29.9,0.0
SP_7_8,2026-07-15,65,62.0,0.2742696421460219,-4.594032196821204,-12.840302436428665,5.4,0.0,26.2,0.0
SP_7_8,2026-07-17,65,64.0,0.2577235745686299,-6.3153523273723,-13.556375170564321,4.8,0.0,23.1,0.0
SP_7_8,2026-07-18,65,65.0,0.2417244523440558,-7.292378918898432,-13.935278411804315,2.8,0.0,10.3,0.0
SP_7_8,2026-07-21,65,68.0,0.276466483057612,-5.381007785170753,-11.982418443908875,10.7,0.0,15.5,0.0
SP_7_8,2026-07-23,65,70.0,0.2751174280050076,-5.92382176021474,-13.161119320510915,20.6,0.0,20.6,0.0
SP_7_8,2026-07-24,65,71.0,0.2881256683855668,-6.778910022127689,-13.440060209311351,15.3,0.0,26.0,0.0
SP_7_8,2026-07-27,65,74.0,0.3298075168136114,-6.265685570803293,-12.800564794882721,29.900000000000002,0.0,55.9,0.0
SP_7_8,2026-07-29,65,76.0,0.32134079059375154,-6.0281820394440455,-13.28811692592566,7.9,0.0,43.2,0.0
SP_7_8,2026-07-30,65,77.0,0.33360352040462865,-6.909143733095363,-13.714192490047473,15.6,0.0,50.9,0.0
SP_7_8,2026-08-02,65,80.0,0.2706572211563067,-6.497820309588189,-13.029918707940194,0.7,0.0,16.3,0.0
SP_7_8,2026-08-04,65,82.0,0.2548943701246576,-5.718953406049751,-13.006473930420592,2.2,0.0,14.5,0.0
SP_7_8,2026-08-05,65,83.0,0.2414721742540856,-7.005390549102264,-13.859627387607041,2.2,0.0,10.6,0.0
SP_7_8,2026-08-08,65,86.0,0.29648336966860495,-6.249995172051936,-13.010144950650135,19.7,0.0,21.9,0.0
SP_7_8,2026-08-10,65,88.0,0.25580591918767953,-6.309515045910647,-13.259921084713856,7.800000000000001,0.0,21.4,0.0
SP_7_8,2026-08-11,65,89.0,0.24241916786881323,-7.227819575086933,-13.786622035757865,1.75,0.0,21.45,0.0
SP_7_8,2026-08-14,65,92.0,0.3067211634595381,-7.389284457755627,-13.945760408370294,18.099999999999998,0.0,26.05,0.0
SP_7_8,2026-08-16,65,94.0,0.263812726480381,-6.999665298409569,-13.74772480837242,16.2,0.0,18.849999999999998,0.0
SP_7_8,2026-08-17,65,95.0,0.23685864603646017,-7.621572032945804,-14.21458744212272,0.725,0.0,18.974999999999998,0.0
SP_7_8,2026-08-20,65,98.0,0.16901905464422906,-7.083734109497314,-13.949676863295736,1.7999999999999998,0.0,18.125,0.0
SP_7_8,2026-08-22,65,100.0,0.15,-6.7859599606645515,-13.662979888157736,2.1,0.0,2.825,0.0
SP_7_8,2026-08-23,65,101.0,0.15,-7.267598902481711,-13.954035792063648,0.9,0.0,2.825,0.0
SP_7_8,2026-08-26,65,104.0,0.15,-6.8914037882506936,-13.873793286049477,0.8,0.0,2.9,0.0
SP_7_9,2026-04-06,65,-66.0,0.28512699248726264,-7.819553004350702,-16.05190062145469,11.3,0.0,15.5,0.0
SP_7_9,2026-04-09,65,-63.0,0.2998583007281236,-4.670277415891395,-12.75469263468613,8.299999999999999,0.0,19.599999999999998,0.0
SP_7_9,2026-04-11,65,-61.0,0.2983072702101772,-4.029512677893589,-12.197075624053966,13.0,0.0,22.5,0.0
SP_7_9,2026-04-12,65,-60.0,0.2865092318810307,-4.655946604340458,-12.790183954971203,6.300000000000001,0.0,17.6,0.0
SP_7_9,2026-04-18,65,-54.0,0.30560145185919935,-4.916918894267122,-12.86004068892754,14.2,0.0,23.0,0.0
SP_7_9,2026-04-21,65,-51.0,0.3059661683111258,-4.7145529294372714,-13.259105607707673,6.5,0.0,23.8,0.0
SP_7_9,2026-04-23,65,-49.0,0.3074243438799959,-5.065956840634964,-13.608555201257724,7.7,0.0,15.1,0.0
SP_7_9,2026-04-24,65,-48.0,0.31857798785791663,-4.444306970216806,-12.572971083680113,11.600000000000001,0.0,19.400000000000002,0.0
SP_7_9,2026-04-30,65,-42.0,0.3342865297196161,-5.368208866434985,-13.92722547430555,3.5,0.0,38.6,0.0
SP_7_9,2026-05-03,65,-39.0,0.2827443130224965,-7.409852917471031,-16.665745148827,0.0,0.0,13.2,0.0
SP_7_9,2026-05-05,65,-37.0,0.2266324031703186,-6.684762607942581,-15.436734535683064,0.1,0.0,2.3000000000000003,0.0
SP_7_9,2026-05-06,65,-36.0,0.18662313659365715,-8.455288834109856,-17.2752100435588,0.1,0.0,0.6,0.0
SP_7_9,2026-05-13,65,-29.0,0.2630008297236839,-6.841030756954282,-15.963739826834074,16.4,0.0,19.4,0.0
SP_7_9,2026-05-15,65,-27.0,0.2349922169743661,-9.623988943022146,-19.064979340328517,0.2,0.0,19.1,0.0
SP_7_9,2026-05-16,65,-26.0,0.21822325923917474,-9.885860807261954,-19.32555850999398,0.2,0.0,18.0,0.0
SP_7_9,2026-05-17,65,-25.0,0.20134187832158257,-8.26164826885184,-16.86275233209065,0.6000000000000001,0.0,17.0,0.0
SP_7_9,2026-05-18,65,-24.0,0.15837342817805516,-8.983787350052685,-17.189834159548404,0.4,0.0,4.8,0.0
SP_7_9,2026-05-24,65,-18.0,0.15,-9.713295222880776,-19.9032757039067,2.8000000000000003,0.0,3.2,0.0
SP_7_9,2026-05-25,65,-17.0,0.1715080288748097,-9.87542400630423,-20.505582461594244,6.4,0.0,6.800000000000001,0.0
SP_7_9,2026-05-27,65,-15.0,0.2218239864006218,-4.01635227537016,-18.33413774593169,11.0,0.0,14.200000000000001,0.0
SP_7_9,2026-05-28,65,-14.0,0.22524531486087088,-7.037331227832056,-20.365576069944726,8.6,0.0,15.0,0.0
SP_7_9,2026-05-29,65,-13.0,0.24807125884851858,-6.335409226370339,-19.308313053923417,7.2,0.0,18.5,0.0
SP_7_9,2026-05-30,65,-12.0,0.2539408278910213,-9.71069862846279,-16.212029068388198,7.0,0.0,18.1,0.0
SP_7_9,2026-06-08,65,-3.0,0.15,-10.399876877675037,-20.971116764220664,0.0,0.0,1.1,0.0
SP_7_9,2026-06-09,65,-2.0,0.15,-10.500315706521832,-21.374785083477846,0.0,0.0,1.1,0.0
SP_7_9,2026-06-11,65,0.0,0.15,-9.94430957571508,-20.653718340799113,0.0,0.0,1.0,0.0
SP_7_9,2026-06-18,65,7.0,0.23483312507797505,-10.365816955448592,-21.236912987562384,4.7,0.0,16.599999999999998,0.0
SP_7_9,2026-06-21,65,10.0,0.2439357968466024,-10.251102374520713,-20.57786797036698,0.5,15.0,11.7,15.0
SP_7_9,2026-06-23,65,12.0,0.22587650939776682,-3.6580400872027967,-15.800876401584546,4.3999999999999995,0.0,9.2,15.0
SP_7_9,2026-06-27,65,16.0,0.1513747045901557,-9.289883869862736,-18.397415426376295,2.4,0.0,6.8,0.0
SP_7_9,2026-06-29,65,18.0,0.15,-7.299837525598402,-16.71238127989628,2.1999999999999997,0.0,2.8,0.0
SP_7_9,2026-06-30,65,19.0,0.15,-8.094225551103962,-16.494649883196363,0.30000000000000004,0.0,2.7,0.0
SP_7_9,2026-07-03,65,22.0,0.17049834149497073,-3.3697913871254217,-13.166440340961117,4.9,0.0,7.1,0.0
SP_7_9,2026-07-05,65,24.0,0.30221714885467976,-2.052563391880498,-12.357525622175496,27.8,0.0,28.6,0.0
SP_7_9,2026-07-06,65,25.0,0.29503793736567635,-3.838723436766855,-13.561961995812371,27.7,0.0,32.6,0.0
SP_7_9,2026-07-09,65,28.0,0.2864238054903226,-3.8193742884481114,-13.206347069295866,10.1,0.0,42.0,0.0
SP_7_9,2026-07-11,65,30.0,0.31585176222044037,-3.1491102299116576,-12.723017764954367,18.7,0.0,36.8,0.0
SP_7_9,2026-07-12,65,31.0,0.3049051405787529,-4.949177923356549,-12.839017565715949,15.700000000000001,0.0,29.9,0.0
SP_7_9,2026-07-15,65,34.0,0.2855895802661744,-5.976223731281443,-13.19145403241639,5.4,0.0,26.2,0.0
SP_7_9,2026-07-17,65,36.0,0.2700350326568028,-6.05865149943778,-13.58811157632826,4.8,0.0,23.1,0.0
SP_7_9,2026-07-18,65,37.0,0.2541737472756233,-7.00439799021347,-13.646023644337506,2.8,0.0,10.3,0.0
SP_7_9,2026-07-21,65,40.0,0.28265617900587187,-6.115095483167053,-12.946214392106288,10.7,0.0,15.5,0.0
SP_7_9,2026-07-23,65,42.0,0.28287746715397105,-5.40927220440455,-13.370397817464998,20.6,0.0,20.6,0.0
SP_7_9,2026-07-24,65,43.0,0.296067379729912,-6.435323466286269,-13.62178428346018,15.3,0.0,26.0,0.0
SP_7_9,2026-07-27,65,46.0,0.3415834746006169,-6.33869090991526,-13.19541300830544,29.900000000000002,0.0,55.9,0.0
SP_7_9,2026-07-29,65,48.0,0.33295468474601636,-5.626691247116935,-13.36590493239597,7.9,0.0,43.2,0.0
SP_7_9,2026-07-30,65,49.0,0.345106147747006,-6.538174182468303,-13.776795186156285,15.6,0.0,50.9,0.0
SP_7_9,2026-08-02,65,52.0,0.2879608412274251,-6.571638911378617,-13.140118154035852,0.7,0.0,16.3,0.0
SP_7_9,2026-08-04,65,54.0,0.2736293023770181,-4.564996353654712,-12.712624679274022,2.2,0.0,14.5,0.0
SP_7_9,2026-08-05,65,55.0,0.26230846081420844,-6.386905337725517,-13.746450103857033,2.2,0.0,10.6,0.0
SP_7_9,2026-08-08,65,58.0,0.3086005397055577,-6.517932969583185,-13.058906697635535,19.7,0.0,21.9,0.0
SP_7_9,2026-08-10,65,60.0,0.2742201057519908,-5.476594912780639,-12.975081181225846,7.800000000000001,0.0,21.4,0.0
SP_7_9,2026-08-11,65,61.0,0.26256443222307385,-6.549559741237044,-13.704045089725046,1.75,0.0,21.45,0.0
SP_7_9,2026-08-14,65,64.0,0.3165523032630308,-7.591352844255079,-13.959080758172135,18.099999999999998,0.0,26.05,0.0
SP_7_9,2026-08-16,65,66.0,0.272646475551063,-6.195072020813485,-13.451259064065969,16.2,0.0,18.849999999999998,0.0
SP_7_9,2026-08-17,65,67.0,0.25192018070343847,-6.849484084249192,-13.918145150006637,0.725,0.0,18.974999999999998,0.0
SP_7_9,2026-08-20,65,70.0,0.21400646062951634,-6.940011094312552,-13.817452470700601,1.7999999999999998,0.0,18.125,0.0
SP_7_9,2026-08-22,65,72.0,0.19827180270468514,-5.897714763865953,-13.443168487975436,2.1,0.0,2.825,0.0
SP_7_9,2026-08-23,65,73.0,0.18549097920029733,-6.63598381053216,-13.672749152889828,0.9,0.0,2.825,0.0
SP_7_9,2026-08-26,65,76.0,0.16785242311106066,-7.051365571995221,-13.87396094685733,0.8,0.0,2.9,0.0
