field_id,day,days_after_sowing,kornix_moisture_0_10,sentinel1_vv_db,sentinel1_vh_db,precipitation_3d_mm,irrigation_3d_mm,precipitation_7d_mm,irrigation_7d_mm
SP_1_1,2026-04-06,0.0,0.263269612913582,-7.553762730849388,-16.94837951490547,10.3,0.0,14.1,0.0
SP_1_1,2026-04-09,0.0,0.27520348999570965,-4.461153796347899,-12.760619779254231,8.3,0.0,19.0,0.0
SP_1_1,2026-04-11,0.0,0.2773207931586582,-3.250077616430201,-11.898729619440484,11.200000000000001,0.0,21.7,0.0
SP_1_1,2026-04-12,0.0,0.2713627666721954,-4.179099793733478,-12.4117664375934,6.4,0.0,17.3,0.0
SP_1_1,2026-04-18,0.0,0.2874184673648158,-4.281191720796274,-12.543383036665741,10.4,0.0,20.2,0.0
SP_1_1,2026-04-21,0.0,0.2870303783117145,-4.167941099989159,-12.386207516322422,5.6000000000000005,0.0,19.7,0.0
SP_1_1,2026-04-23,0.0,0.30280106994654005,-4.824099534471622,-14.139019021688279,10.5,0.0,17.6,0.0
SP_1_1,2026-04-24,0.0,0.30733125637513437,-4.022179221571488,-12.194749376146852,13.100000000000001,0.0,20.6,0.0
SP_1_1,2026-04-30,0.0,0.34014144825891807,-5.505509881976667,-14.32384161441889,3.7,0.0,37.7,0.0
SP_1_1,2026-05-03,0.0,0.30077765813519497,-9.85748645537389,-19.886663805418728,0.1,0.0,14.200000000000001,0.0
SP_1_1,2026-05-05,0.0,0.26845367145104493,-8.772558606815016,-17.899542272298543,0.3,0.0,2.5,0.0
SP_1_1,2026-05-06,0.0,0.2531438868544867,-10.368153476190551,-20.277943703455126,0.4,0.0,1.1,0.0
SP_1_1,2026-05-13,0.0,0.2800166156823579,-4.201720201854716,-12.540312707123293,11.0,0.0,14.1,0.0
SP_1_1,2026-05-15,0.0,0.2657056856458492,-10.67016556923986,-20.69273925620354,0.2,0.0,12.3,0.0
SP_1_1,2026-05-16,0.0,0.258175399428104,-11.007628651435969,-21.099797765059908,0.2,0.0,12.1,0.0
SP_1_1,2026-05-17,0.0,0.25373357977749045,-9.059075955257939,-17.9724390987626,0.8,0.0,11.8,0.0
SP_1_1,2026-05-18,0.0,0.2293366092430013,-3.5636312335329485,-12.479872508107075,0.6,0.0,5.8,0.0
SP_1_1,2026-05-24,0.0,0.15,-9.817488473721617,-21.54859511901155,0.7,0.0,1.1,0.0
SP_1_1,2026-05-25,0.0,0.20969122752899227,-5.852569478460593,-20.135263572956767,6.6,0.0,7.1,0.0
SP_1_1,2026-05-27,0.0,0.26699679211312777,-4.727693059668205,-20.79040943483948,15.9,0.0,17.0,0.0
SP_1_1,2026-05-28,0.0,0.2671214233838581,-10.941041659041314,-22.855740317232794,11.5,0.0,18.2,0.0
SP_1_1,2026-05-29,0.0,0.2753811459414204,-7.4465745518108895,-20.747408688496204,11.2,0.0,21.4,0.0
SP_1_1,2026-05-30,0.0,0.2805426155945854,-7.699886032880956,-15.543765130573572,8.3,0.0,24.3,0.0
SP_1_1,2026-06-08,0.0,0.15,-10.287103942608312,-22.230663860595712,0.0,0.0,0.5,0.0
SP_1_1,2026-06-09,0.0,0.21757207293490408,-9.561900709251018,-21.725251989064166,0.1,10.0,0.6,10.0
SP_1_1,2026-06-11,0.0,0.15,-5.647463297739702,-19.96429223741777,0.1,10.0,0.6,10.0
SP_1_1,2026-06-18,0.0,0.25451542391728343,-8.384198320825222,-20.59328069401186,4.6000000000000005,0.0,24.3,0.0
SP_1_1,2026-06-21,0.0,0.22612334954297364,-8.212613342272546,-20.333819924173326,3.0,0.0,16.2,0.0
SP_1_1,2026-06-23,0.0,0.21874301218402034,-6.161047746852091,-16.290172396049236,3.5,0.0,10.0,0.0
SP_1_1,2026-06-27,0.0,0.205331781947259,-6.149031987032732,-17.22126262983392,3.5,0.0,7.0,0.0
SP_1_1,2026-06-29,0.0,0.18463797024713055,-6.990501296993662,-15.96891074030528,1.8,0.0,3.8000000000000003,0.0
SP_1_1,2026-06-30,0.0,0.1709334505155804,-7.566333791863857,-15.835417669720064,0.2,0.0,3.7,0.0
SP_1_1,2026-07-03,0.0,0.22185612338953825,-2.8764543827324625,-14.788998561305595,11.0,0.0,12.799999999999999,0.0
SP_1_1,2026-07-05,0.0,0.29221319786001204,-2.4040440640083043,-13.533878202571136,39.3,0.0,40.199999999999996,0.0
SP_1_1,2026-07-06,0.0,0.289654259848022,-4.659757620536399,-14.444251489036215,33.6,0.0,44.6,0.0
SP_1_1,2026-07-09,0.0,0.2791746425726004,-4.8906818951728015,-14.160400097788079,9.1,0.0,52.9,0.0
SP_1_1,2026-07-11,0.0,0.3062623920245922,-3.993279986265579,-13.62785355342318,21.1,0.0,33.5,0.0
SP_1_1,2026-07-12,0.0,0.3207843773508551,-4.947084384480039,-12.952196467038897,23.3,0.0,36.9,0.0
SP_1_1,2026-07-15,0.0,0.28879915277846147,-5.370701788589834,-13.175448834434045,4.9,0.0,34.1,0.0
SP_1_1,2026-07-17,0.0,0.2703643577611659,-6.058198281892101,-13.269540941524387,4.1,0.0,28.4,0.0
SP_1_1,2026-07-18,0.0,0.2569824124760414,-7.130162305943704,-13.698791857732765,2.5,0.0,15.5,0.0
SP_1_1,2026-07-21,0.0,0.25596741309127924,-6.760809387251467,-12.790541498545206,6.4,0.0,10.5,0.0
SP_1_1,2026-07-23,0.0,0.24717358674215253,-5.397242598112612,-12.724681775897263,9.4,0.0,9.6,0.0
SP_1_1,2026-07-24,0.0,0.24211761183939495,-6.544829374941155,-13.183131378035204,3.6,0.0,10.0,0.0
SP_1_1,2026-07-27,0.0,0.30398008602409565,-6.360050410751622,-12.753597460657657,26.200000000000003,0.0,36.0,0.0
SP_1_1,2026-07-29,0.0,0.30340155317480244,-5.962195106351435,-12.88985684682023,8.200000000000001,0.0,34.5,0.0
SP_1_1,2026-07-30,0.0,0.31939880381571556,-6.703448538969599,-13.449521901071758,15.4,0.0,42.0,0.0
SP_1_1,2026-08-02,0.0,0.2648199564759084,-6.326218230600792,-12.749228697368583,0.3,0.0,16.1,0.0
SP_1_1,2026-08-04,0.0,0.2515519427103356,-4.825120342316863,-12.445112015272457,1.5,0.0,14.1,0.0
SP_1_1,2026-08-05,0.0,0.24283993647962415,-6.421916614399291,-13.319716161381756,1.5,0.0,9.4,0.0
SP_1_1,2026-08-08,0.0,0.2684276655179594,-6.338657201088827,-12.970584611392495,16.5,0.0,18.0,0.0
SP_1_1,2026-08-10,0.0,0.23720426729126526,-5.732979109486662,-12.999744602343775,1.4000000000000001,0.0,16.599999999999998,0.0
SP_1_1,2026-08-11,0.0,0.2297753995516909,-6.555689397568179,-13.547118960813428,0.25,0.0,16.75,0.0
SP_1_1,2026-08-14,0.0,0.27312042826693556,-7.090360686677668,-13.179141485715524,15.700000000000001,0.0,17.25,0.0
SP_1_1,2026-08-16,0.0,0.24056815385566976,-6.230386601530063,-13.092508367418784,15.0,0.0,16.45,0.0
SP_1_1,2026-08-17,0.0,0.21303329762725343,-6.988591903455221,-13.554289152223495,0.65,0.0,16.5,0.0
SP_1_1,2026-08-20,0.0,0.15286717080476572,-6.6924581404497765,-13.14257387521533,2.1,0.0,17.150000000000002,0.0
SP_1_1,2026-08-22,0.0,0.15,-6.074585120491501,-13.184766476176119,4.6,0.0,4.65,0.0
SP_1_1,2026-08-23,0.0,0.15,-6.572303548428878,-13.269899390286795,2.5,0.0,4.65,0.0
SP_1_1,2026-08-26,0.0,0.15,-6.822739357359829,-13.155410350951126,0.7,0.0,5.3,0.0
SP_1_11,2026-04-06,0.0,0.2633146508684675,-8.438375606571249,-17.949341860918636,10.3,0.0,14.1,0.0
SP_1_11,2026-04-09,0.0,0.2751856778560513,-4.871993713524482,-13.093359673115884,8.3,0.0,19.0,0.0
SP_1_11,2026-04-11,0.0,0.27728945708781766,-3.7879633897359613,-12.573945482500033,11.200000000000001,0.0,21.7,0.0
SP_1_11,2026-04-12,0.0,0.2713045543024971,-4.726119586010444,-13.16431588345404,6.4,0.0,17.3,0.0
SP_1_11,2026-04-18,0.0,0.28733115561086525,-4.681710404145399,-13.10403890971269,10.4,0.0,20.2,0.0
SP_1_11,2026-04-21,0.0,0.2869081927829662,-4.347723632539297,-12.59261800595435,5.6000000000000005,0.0,19.7,0.0
SP_1_11,2026-04-23,0.0,0.3026444929762313,-4.66830362320208,-14.144560695600648,10.5,0.0,17.6,0.0
SP_1_11,2026-04-24,0.0,0.30716722243086314,-4.390942177315485,-12.747229483450607,13.100000000000001,0.0,20.6,0.0
SP_1_11,2026-04-30,0.0,0.339937818175604,-5.624127952538929,-14.54856392573574,3.7,0.0,37.7,0.0
SP_1_11,2026-05-03,0.0,0.30048537389545477,-8.455746664447604,-17.703920544982985,0.1,0.0,14.200000000000001,0.0
SP_1_11,2026-05-05,0.0,0.2679650050219519,-7.977340710789623,-17.747262738205013,0.3,0.0,2.5,0.0
SP_1_11,2026-05-06,0.0,0.2525146300256834,-9.806386839454698,-19.183053945015704,0.4,0.0,1.1,0.0
SP_1_11,2026-05-13,0.0,0.2795427258005105,-5.649837582947605,-14.803489744707182,11.0,0.0,14.1,0.0
SP_1_11,2026-05-15,0.0,0.26519053010124477,-10.117632982127368,-20.054680527951497,0.2,0.0,12.3,0.0
SP_1_11,2026-05-16,0.0,0.2576177827607209,-10.303649530816026,-20.342892893375147,0.2,0.0,12.1,0.0
SP_1_11,2026-05-17,0.0,0.25315126817439904,-9.247399006424212,-18.66152283813126,0.8,0.0,11.8,0.0
SP_1_11,2026-05-18,0.0,0.22850641296879518,-4.113317471794364,-13.009259486131928,0.6,0.0,5.8,0.0
SP_1_11,2026-05-24,0.0,0.15,-9.935942364224756,-18.51361034730165,0.7,0.0,1.1,0.0
SP_1_11,2026-05-25,0.0,0.20956190203274744,-6.402926226723876,-14.696799129336203,6.6,0.0,7.1,0.0
SP_1_11,2026-05-27,0.0,0.2668385306043726,-5.664423928173972,-13.565171098293016,15.9,0.0,17.0,0.0
SP_1_11,2026-05-28,0.0,0.26692880761742627,-8.476784634923147,-16.568204586438448,11.5,0.0,18.2,0.0
SP_1_11,2026-05-29,0.0,0.2751864305645357,-6.5632449726445685,-15.047850138364767,11.2,0.0,21.4,0.0
SP_1_11,2026-05-30,0.0,0.28033263881867454,-8.89035463204646,-15.495464596143496,8.3,0.0,24.3,0.0
SP_1_11,2026-06-08,0.0,0.15,-11.447976260166744,-21.19676174572341,0.0,0.0,0.5,0.0
SP_1_11,2026-06-09,0.0,0.15,-11.311572823712181,-22.047756972007257,0.1,0.0,0.6,0.0
SP_1_11,2026-06-11,0.0,0.15,-12.148720783210473,-21.325402589119534,0.1,0.0,0.6,0.0
SP_1_11,2026-06-18,0.0,0.2570917858044494,-9.858248375239272,-20.637988358936738,4.6000000000000005,0.0,24.3,0.0
SP_1_11,2026-06-21,0.0,0.2280665516910914,-8.4605756104475,-21.480779988072314,3.0,0.0,16.2,0.0
SP_1_11,2026-06-23,0.0,0.21991696660788784,-5.51935563933716,-17.08109086065978,3.5,0.0,10.0,0.0
SP_1_11,2026-06-27,0.0,0.2479243748845411,-3.3184956798948093,-18.441173676792964,3.5,0.0,7.0,15.0
SP_1_11,2026-06-29,0.0,0.22598020759987986,-9.312990056811598,-18.623922460162397,1.8,0.0,3.8000000000000003,15.0
SP_1_11,2026-06-30,0.0,0.211822611955087,-9.850999114035368,-18.571258283386165,0.2,0.0,3.7,15.0
SP_1_11,2026-07-03,0.0,0.2401742885873615,-2.414055215441339,-15.312795448287556,11.0,0.0,12.799999999999999,0.0
SP_1_11,2026-07-05,0.0,0.31036145350049227,-3.3467297421438684,-13.13217314011666,39.3,0.0,40.199999999999996,0.0
SP_1_11,2026-07-06,0.0,0.3075568526818499,-4.43436676273712,-14.364994479732475,33.6,0.0,44.6,0.0
SP_1_11,2026-07-09,0.0,0.2955309834497099,-4.471585022129548,-14.353674049195453,9.1,0.0,52.9,0.0
SP_1_11,2026-07-11,0.0,0.3230097159328419,-3.874581374739565,-12.957519029677195,21.1,0.0,33.5,0.0
SP_1_11,2026-07-12,0.0,0.337660399937685,-4.487841191131188,-12.559243442340371,23.3,0.0,36.9,0.0
SP_1_11,2026-07-15,0.0,0.3051036023883872,-5.0786369450266955,-13.190126575215084,4.9,0.0,34.1,0.0
SP_1_11,2026-07-17,0.0,0.28644066525774003,-6.256470833526384,-13.804776619688987,4.1,0.0,28.4,0.0
SP_1_11,2026-07-18,0.0,0.2730839345965988,-7.187417796232344,-13.893125780888012,2.5,0.0,15.5,0.0
SP_1_11,2026-07-21,0.0,0.26942647017365773,-5.225212692178923,-11.932875052280131,6.4,0.0,10.5,0.0
SP_1_11,2026-07-23,0.0,0.26132780811790346,-4.4087186135417795,-12.337723742436,9.4,0.0,9.6,0.0
SP_1_11,2026-07-24,0.0,0.25636006872383676,-5.960542646814905,-12.83332677236083,3.6,0.0,10.0,0.0
SP_1_11,2026-07-27,0.0,0.3183083568806351,-5.4342535865287225,-12.68936558720215,26.200000000000003,0.0,36.0,0.0
SP_1_11,2026-07-29,0.0,0.31750346097549653,-5.2684650119769785,-12.633964424917446,8.200000000000001,0.0,34.5,0.0
SP_1_11,2026-07-30,0.0,0.3335425162889587,-6.391071577652463,-13.316452368775298,15.4,0.0,42.0,0.0
SP_1_11,2026-08-02,0.0,0.27937427310516005,-5.958372460045917,-12.37971849546167,0.3,0.0,16.1,0.0
SP_1_11,2026-08-04,0.0,0.26584718800617263,-5.07976513275446,-12.283969974502828,1.5,0.0,14.1,0.0
SP_1_11,2026-08-05,0.0,0.2575501379541212,-6.240255460017966,-13.07831746409171,1.5,0.0,9.4,0.0
SP_1_11,2026-08-08,0.0,0.2812974745160788,-5.4430407980804505,-12.48716055813248,16.5,0.0,18.0,0.0
SP_1_11,2026-08-10,0.0,0.2517867903043795,-5.307077800394612,-12.724576414929638,1.4000000000000001,0.0,16.599999999999998,0.0
SP_1_11,2026-08-11,0.0,0.24503278121910319,-6.563749219916347,-13.3706808569712,0.25,0.0,16.75,0.0
SP_1_11,2026-08-14,0.0,0.28433495365889966,-6.841421031924765,-13.105890374870832,15.700000000000001,0.0,17.25,0.0
SP_1_11,2026-08-16,0.0,0.2546336757668624,-6.003290881808607,-12.920822944986217,15.0,0.0,16.45,0.0
SP_1_11,2026-08-17,0.0,0.22908234549779138,-7.02788171764308,-13.544555137533168,0.7,0.0,16.55,0.0
SP_1_11,2026-08-20,0.0,0.17241277545235947,-7.034034565761786,-13.303067056561105,2.1,0.0,17.2,0.0
SP_1_11,2026-08-22,0.0,0.17030188055989345,-6.383156681195182,-13.443200232973272,4.6,0.0,4.7,0.0
SP_1_11,2026-08-23,0.0,0.15024208247141296,-7.1243759481163496,-13.499567815871437,2.5,0.0,4.7,0.0
SP_1_11,2026-08-26,0.0,0.15,-6.882944853740788,-13.581421613077334,0.8,0.0,5.4,0.0
SP_1_3,2026-04-06,0.0,0.263269612913582,-8.20385786110259,-17.934400423094015,10.3,0.0,14.1,0.0
SP_1_3,2026-04-09,0.0,0.2751935311262875,-4.748660432500592,-13.17229836489477,8.3,0.0,19.0,0.0
SP_1_3,2026-04-11,0.0,0.2773130407737305,-3.4268899471772425,-12.180191998952125,11.200000000000001,0.0,21.7,0.0
SP_1_3,2026-04-12,0.0,0.271355617518756,-4.306500388500206,-12.725852102993843,6.4,0.0,17.3,0.0
SP_1_3,2026-04-18,0.0,0.2874132162647365,-4.377551105808512,-12.752394496856096,10.4,0.0,20.2,0.0
SP_1_3,2026-04-21,0.0,0.2870254953981372,-4.3442366189580675,-12.63212063993045,5.6000000000000005,0.0,19.7,0.0
SP_1_3,2026-04-23,0.0,0.3027962880107324,-4.236290661655496,-13.391330760373618,10.5,0.0,17.6,0.0
SP_1_3,2026-04-24,0.0,0.3073265097963209,-4.0427469809214935,-12.430782108553746,13.100000000000001,0.0,20.6,0.0
SP_1_3,2026-04-30,0.0,0.34012171791045054,-5.021977401745569,-13.8550502078919,3.7,0.0,37.7,0.0
SP_1_3,2026-05-03,0.0,0.3007241559938443,-8.324573233811641,-17.70292802737534,0.1,0.0,14.200000000000001,0.0
SP_1_3,2026-05-05,0.0,0.2684021454181034,-7.364434266296328,-16.5518492675734,0.3,0.0,2.5,0.0
SP_1_3,2026-05-06,0.0,0.2529394307370672,-9.041346731103681,-18.53638374935946,0.4,0.0,1.1,0.0
SP_1_3,2026-05-13,0.0,0.27995312969768077,-4.553691913105226,-13.319547012136326,11.0,0.0,14.1,0.0
SP_1_3,2026-05-15,0.0,0.26564621792863674,-10.12702463126152,-19.86139812328642,0.2,0.0,12.3,0.0
SP_1_3,2026-05-16,0.0,0.2581158374169755,-10.64633090723277,-20.382664685872953,0.2,0.0,12.1,0.0
SP_1_3,2026-05-17,0.0,0.25367527659978334,-8.789362783010345,-17.899141846646607,0.8,0.0,11.8,0.0
SP_1_3,2026-05-18,0.0,0.22926657679228918,-4.02941752267728,-13.008744213676325,0.6,0.0,5.8,0.0
SP_1_3,2026-05-24,0.0,0.15,-10.190935058718411,-19.048431050874342,0.7,0.0,1.1,0.0
SP_1_3,2026-05-25,0.0,0.20968419289420684,-6.846484922213444,-15.402427409049826,6.6,0.0,7.1,0.0
SP_1_3,2026-05-27,0.0,0.26697883937951905,-6.6731226165195965,-15.015017391638883,15.9,0.0,17.0,0.0
SP_1_3,2026-05-28,0.0,0.26710180491645585,-9.404916785686218,-17.43031953642551,11.5,0.0,18.2,0.0
SP_1_3,2026-05-29,0.0,0.2753612072638993,-7.30917971430485,-15.98505841063991,11.2,0.0,21.4,0.0
SP_1_3,2026-05-30,0.0,0.2804946378783773,-7.253574642620091,-15.379570114390091,8.3,0.0,24.3,0.0
SP_1_3,2026-06-08,0.0,0.15,-10.438406441061648,-21.92669052527499,0.0,0.0,0.5,0.0
SP_1_3,2026-06-09,0.0,0.15,-10.367570153623474,-22.353074764015645,0.1,0.0,0.6,0.0
SP_1_3,2026-06-11,0.0,0.15,-10.985089708331042,-21.5347267964624,0.1,0.0,0.6,0.0
SP_1_3,2026-06-18,0.0,0.2579363348356767,-9.467571572520065,-21.917188625978984,4.6000000000000005,0.0,24.3,0.0
SP_1_3,2026-06-21,0.0,0.22880109280143335,-7.515405234258209,-21.88260803857546,3.0,0.0,16.2,0.0
SP_1_3,2026-06-23,0.0,0.2204097915660115,-4.01317168925455,-17.32388906412461,3.5,0.0,10.0,0.0
SP_1_3,2026-06-27,0.0,0.2041453864052631,-5.341874149473754,-19.963244986911555,3.5,0.0,7.0,0.0
SP_1_3,2026-06-29,0.0,0.179905139636797,-8.536849065268747,-18.756686599360737,1.8,0.0,3.8000000000000003,0.0
SP_1_3,2026-06-30,0.0,0.16251854153662512,-9.170597624489172,-18.436002077333036,0.2,0.0,3.7,0.0
SP_1_3,2026-07-03,0.0,0.22394354264740143,-1.576577951220786,-15.411797246041903,11.0,0.0,12.799999999999999,0.0
SP_1_3,2026-07-05,0.0,0.2965307377938034,-1.6975886718113453,-13.448165577732517,39.3,0.0,40.199999999999996,0.0
SP_1_3,2026-07-06,0.0,0.2944791201266357,-3.164050369999228,-14.666336938994004,33.6,0.0,44.6,0.0
SP_1_3,2026-07-09,0.0,0.28416928001837016,-3.7978192255059264,-14.347588183923454,9.1,0.0,52.9,0.0
SP_1_3,2026-07-11,0.0,0.3118419946711139,-2.8433695229039184,-13.282590502928635,21.1,0.0,33.5,0.0
SP_1_3,2026-07-12,0.0,0.3265016598471425,-3.7912365796659655,-12.453711343836966,23.3,0.0,36.9,0.0
SP_1_3,2026-07-15,0.0,0.29471083225978717,-4.583919987206474,-12.939924900309233,4.9,0.0,34.1,0.0
SP_1_3,2026-07-17,0.0,0.2763696022139818,-5.293023619142382,-13.10999387087728,4.1,0.0,28.4,0.0
SP_1_3,2026-07-18,0.0,0.26304603182898584,-6.542211394162712,-13.524953438132295,2.5,0.0,15.5,0.0
SP_1_3,2026-07-21,0.0,0.2612038077109193,-6.604153138805049,-12.473177068971884,6.4,0.0,10.5,0.0
SP_1_3,2026-07-23,0.0,0.2529088673012096,-5.243422456003984,-12.71899675757358,9.4,0.0,9.6,0.0
SP_1_3,2026-07-24,0.0,0.24798073683259897,-6.291203568553718,-13.192451512415325,3.6,0.0,10.0,0.0
SP_1_3,2026-07-27,0.0,0.3100079361974539,-6.187218359741079,-12.869739099814177,26.200000000000003,0.0,36.0,0.0
SP_1_3,2026-07-29,0.0,0.30943270402030254,-5.619552691062079,-12.977302546734652,8.200000000000001,0.0,34.5,0.0
SP_1_3,2026-07-30,0.0,0.32543866472802446,-6.460615714126929,-13.660630363833784,15.4,0.0,42.0,0.0
SP_1_3,2026-08-02,0.0,0.27182040117275946,-6.161439961006982,-12.655754546917802,0.3,0.0,16.1,0.0
SP_1_3,2026-08-04,0.0,0.2590082110287994,-4.486950375955203,-12.379474191443178,1.5,0.0,14.1,0.0
SP_1_3,2026-08-05,0.0,0.25084785639391816,-5.987495966962583,-13.173247370974464,1.5,0.0,9.4,0.0
SP_1_3,2026-08-08,0.0,0.2752067782511091,-5.916419743974424,-12.682413020425361,16.5,0.0,18.0,0.0
SP_1_3,2026-08-10,0.0,0.2458004607650098,-4.97835226528794,-12.593913004926296,1.4000000000000001,0.0,16.599999999999998,0.0
SP_1_3,2026-08-11,0.0,0.2388944147082873,-6.13723800095976,-13.284641096854454,0.25,0.0,16.75,0.0
SP_1_3,2026-08-14,0.0,0.2791044185743431,-6.774197349560854,-13.000496397672121,15.700000000000001,0.0,17.25,0.0
SP_1_3,2026-08-16,0.0,0.2474614973069275,-6.001270787527981,-12.972576408660693,15.0,0.0,16.45,0.0
SP_1_3,2026-08-17,0.0,0.22202474426640278,-6.787876280076438,-13.432459116860604,0.65,0.0,16.5,0.0
SP_1_3,2026-08-20,0.0,0.16471121578314407,-6.5151589817293605,-13.06148682761479,2.1,0.0,17.150000000000002,0.0
SP_1_3,2026-08-22,0.0,0.15884458516559166,-5.790776616481673,-13.229227625840894,4.6,0.0,4.65,0.0
SP_1_3,2026-08-23,0.0,0.15,-6.470728833720379,-13.407100292718532,2.5,0.0,4.65,0.0
SP_1_3,2026-08-26,0.0,0.15,-6.717327803329934,-13.116665235175272,0.6,0.0,5.2,0.0
SP_1_5,2026-04-06,0.0,0.26332956458599427,-8.218075826672527,-17.823133538045827,10.3,0.0,14.1,0.0
SP_1_5,2026-04-09,0.0,0.2751938896452688,-4.73057465870139,-13.12436067435842,8.3,0.0,19.0,0.0
SP_1_5,2026-04-11,0.0,0.2772965740631281,-3.3331755969666723,-12.05647541325951,11.200000000000001,0.0,21.7,0.0
SP_1_5,2026-04-12,0.0,0.2713113638414989,-4.309292832963699,-12.954299716719856,6.4,0.0,17.3,0.0
SP_1_5,2026-04-18,0.0,0.2873737903456754,-4.315446554024295,-12.915116553218038,10.4,0.0,20.2,0.0
SP_1_5,2026-04-21,0.0,0.2869515054163766,-4.4069496601514215,-12.690977990040633,5.6000000000000005,0.0,19.7,0.0
SP_1_5,2026-04-23,0.0,0.30274295506326654,-3.7759300649701713,-13.134637546481061,10.5,0.0,17.6,0.0
SP_1_5,2026-04-24,0.0,0.30724639815444393,-3.9964970748866344,-12.539948471005399,13.100000000000001,0.0,20.6,0.0
SP_1_5,2026-04-30,0.0,0.3399997350515416,-4.886442481027181,-13.76920490055757,3.7,0.0,37.7,0.0
SP_1_5,2026-05-03,0.0,0.3005643897729275,-8.002051554155688,-17.32028914357775,0.1,0.0,14.200000000000001,0.0
SP_1_5,2026-05-05,0.0,0.2682543594427301,-7.125022753148139,-16.731251442638666,0.3,0.0,2.5,0.0
SP_1_5,2026-05-06,0.0,0.25278021650366567,-9.006741799021917,-18.650774235878252,0.4,0.0,1.1,0.0
SP_1_5,2026-05-13,0.0,0.27970068733321257,-4.751297930795635,-13.782503310666542,11.0,0.0,14.1,0.0
SP_1_5,2026-05-15,0.0,0.265375369170177,-10.143300533191175,-20.007450313171656,0.2,0.0,12.3,0.0
SP_1_5,2026-05-16,0.0,0.2577974849503999,-10.697244006168216,-20.584446329350932,0.2,0.0,12.1,0.0
SP_1_5,2026-05-17,0.0,0.25339694712855004,-8.748479376584179,-18.23779148319317,0.8,0.0,11.8,0.0
SP_1_5,2026-05-18,0.0,0.22877659223725588,-3.5551643535444386,-12.464070115330825,0.6,0.0,5.8,0.0
SP_1_5,2026-05-24,0.0,0.15,-10.03191189786852,-18.92533030476076,0.7,0.0,1.1,0.0
SP_1_5,2026-05-25,0.0,0.20957651315063539,-6.461971173766285,-15.051149910807824,6.6,0.0,7.1,0.0
SP_1_5,2026-05-27,0.0,0.26687803908705726,-6.9536225857827585,-15.315122754147307,15.9,0.0,17.0,0.0
SP_1_5,2026-05-28,0.0,0.26697255725685937,-9.082255266566104,-17.422023563371663,11.5,0.0,18.2,0.0
SP_1_5,2026-05-29,0.0,0.27525387136038765,-7.159990773473314,-15.873394805190571,11.2,0.0,21.4,0.0
SP_1_5,2026-05-30,0.0,0.28039194363510883,-6.726702690977897,-14.809657738896098,8.3,0.0,24.3,0.0
SP_1_5,2026-06-08,0.0,0.15,-10.553863141806968,-22.319459792193918,0.0,0.0,0.5,0.0
SP_1_5,2026-06-09,0.0,0.15,-10.573084598272896,-22.996622299988395,0.1,0.0,0.6,0.0
SP_1_5,2026-06-11,0.0,0.15,-12.790927018977651,-22.333286843773678,0.1,0.0,0.6,0.0
SP_1_5,2026-06-18,0.0,0.25883721436215656,-10.827720813311918,-22.292519420229574,4.6000000000000005,0.0,24.3,0.0
SP_1_5,2026-06-21,0.0,0.22911482587571586,-6.685512221249797,-22.28350332223098,3.0,0.0,16.2,0.0
SP_1_5,2026-06-23,0.0,0.2203385516003486,-6.122656821231471,-17.609420004605717,3.5,0.0,10.0,0.0
SP_1_5,2026-06-27,0.0,0.24926940915323548,-3.327637326294621,-19.855798776889042,3.5,0.0,7.0,15.0
SP_1_5,2026-06-29,0.0,0.22642335630384525,-10.376634555241607,-19.637300388760693,1.8,0.0,3.8000000000000003,15.0
SP_1_5,2026-06-30,0.0,0.2106789126520347,-10.717283345774664,-19.533720908017532,0.2,0.0,3.7,15.0
SP_1_5,2026-07-03,0.0,0.23779445494439527,-1.6094677567510562,-15.885269298905007,11.0,0.0,12.799999999999999,0.0
SP_1_5,2026-07-05,0.0,0.31193442235423624,-3.1610433478222815,-13.007704938591623,39.3,0.0,40.199999999999996,0.0
SP_1_5,2026-07-06,0.0,0.3095255200859181,-4.365703878756976,-14.311102357091372,33.6,0.0,44.6,0.0
SP_1_5,2026-07-09,0.0,0.2982271657354585,-3.5673172207034436,-14.272184425094931,9.1,0.0,52.9,0.0
SP_1_5,2026-07-11,0.0,0.3260025126887489,-3.548480931484488,-13.033181588751855,21.1,0.0,33.5,0.0
SP_1_5,2026-07-12,0.0,0.340766491760864,-4.178387318678569,-12.228831659625696,23.3,0.0,36.9,0.0
SP_1_5,2026-07-15,0.0,0.3084953507552186,-4.222252027100476,-13.049081359935235,4.9,0.0,34.1,0.0
SP_1_5,2026-07-17,0.0,0.29017748056135867,-5.779270591585551,-13.28123108375841,4.1,0.0,28.4,0.0
SP_1_5,2026-07-18,0.0,0.2769667524329933,-6.453978306617648,-13.570780504192282,2.5,0.0,15.5,0.0
SP_1_5,2026-07-21,0.0,0.27317114523312214,-5.160073418030233,-11.919269556763716,6.4,0.0,10.5,0.0
SP_1_5,2026-07-23,0.0,0.26538333629687194,-4.042290316733143,-12.15314465385539,9.4,0.0,9.6,0.0
SP_1_5,2026-07-24,0.0,0.26048942793795793,-5.772517253055217,-12.732630993593034,3.6,0.0,10.0,0.0
SP_1_5,2026-07-27,0.0,0.32244287291181256,-5.3529387104595605,-12.560979457225343,26.200000000000003,0.0,36.0,0.0
SP_1_5,2026-07-29,0.0,0.3217103912845805,-5.311572460111197,-12.659529037267806,8.200000000000001,0.0,34.5,0.0
SP_1_5,2026-07-30,0.0,0.3377634632448634,-6.203949083526405,-13.331572103430338,15.4,0.0,42.0,0.0
SP_1_5,2026-08-02,0.0,0.2838759080028099,-5.651673086706701,-12.31283127822248,0.3,0.0,16.1,0.0
SP_1_5,2026-08-04,0.0,0.271020713566786,-5.006443378287986,-12.146157118813592,1.5,0.0,14.1,0.0
SP_1_5,2026-08-05,0.0,0.26328111307805746,-5.8774211401549605,-12.666729647530266,1.5,0.0,9.4,0.0
SP_1_5,2026-08-08,0.0,0.2866481227477282,-5.012596732240414,-11.884377626487279,16.5,0.0,18.0,0.0
SP_1_5,2026-08-10,0.0,0.25820858773943756,-5.171259087059802,-12.275065305032967,1.4000000000000001,0.0,16.599999999999998,0.0
SP_1_5,2026-08-11,0.0,0.25167530457090864,-6.223494955362177,-12.888976800729004,0.25,0.0,16.75,0.0
SP_1_5,2026-08-14,0.0,0.2894637935393549,-6.393872595248116,-12.693582993860254,15.700000000000001,0.0,17.25,0.0
SP_1_5,2026-08-16,0.0,0.2602250097406176,-5.919773595817195,-12.526477270945044,15.0,0.0,16.45,0.0
SP_1_5,2026-08-17,0.0,0.23670008999037193,-6.770770561600147,-13.266848556143549,0.7,0.0,16.55,0.0
SP_1_5,2026-08-20,0.0,0.18961563731428238,-6.3934018550107545,-13.17421494042941,2.1,0.0,17.2,0.0
SP_1_5,2026-08-22,0.0,0.1917366312434369,-6.0490063241480545,-13.266103339545833,4.6,0.0,4.7,0.0
SP_1_5,2026-08-23,0.0,0.17458062586057455,-6.757659660371093,-13.45250272357296,2.5,0.0,4.7,0.0
SP_1_5,2026-08-26,0.0,0.15,-6.6483614342194475,-13.441739374235265,0.8,0.0,5.4,0.0
SP_1_6,2026-04-06,0.0,0.263269612913582,-7.90099683444441,-16.940102552773823,10.3,0.0,14.1,0.0
SP_1_6,2026-04-09,0.0,0.2751935311262875,-4.589202104084679,-12.902928389240317,8.3,0.0,19.0,0.0
SP_1_6,2026-04-11,0.0,0.2773130407737305,-3.4476805214805735,-12.129186215847954,11.200000000000001,0.0,21.7,0.0
SP_1_6,2026-04-12,0.0,0.271355617518756,-4.418900890327518,-12.769827578404623,6.4,0.0,17.3,0.0
SP_1_6,2026-04-18,0.0,0.2874132162647365,-4.378451961272775,-12.695179350013655,10.4,0.0,20.2,0.0
SP_1_6,2026-04-21,0.0,0.2870254953981372,-4.37611227277409,-12.623063485083982,5.6000000000000005,0.0,19.7,0.0
SP_1_6,2026-04-23,0.0,0.3027962880107324,-3.540385765496104,-12.517104354008097,10.5,0.0,17.6,0.0
SP_1_6,2026-04-24,0.0,0.3073265097963209,-4.257763991413416,-12.553909823788313,13.100000000000001,0.0,20.6,0.0
SP_1_6,2026-04-30,0.0,0.34012171791045054,-4.70774125344042,-13.121117095937649,3.7,0.0,37.7,0.0
SP_1_6,2026-05-03,0.0,0.3007241559938443,-5.546495819362667,-14.53442667703871,0.1,0.0,14.200000000000001,0.0
SP_1_6,2026-05-05,0.0,0.2684021454181034,-4.635800817549686,-13.807987381360183,0.3,0.0,2.5,0.0
SP_1_6,2026-05-06,0.0,0.2529394307370672,-6.474831759163974,-15.550464391746226,0.4,0.0,1.1,0.0
SP_1_6,2026-05-13,0.0,0.27995312969768077,-4.642980411137625,-13.295518959657757,11.0,0.0,14.1,0.0
SP_1_6,2026-05-15,0.0,0.26564621792863674,-8.165301027576026,-17.911266932931646,0.2,0.0,12.3,0.0
SP_1_6,2026-05-16,0.0,0.2581158374169755,-9.024511476761907,-18.839995388784182,0.2,0.0,12.1,0.0
SP_1_6,2026-05-17,0.0,0.25367527659978334,-7.127546006213156,-16.743488045614846,0.8,0.0,11.8,0.0
SP_1_6,2026-05-18,0.0,0.22926657679228918,-3.4559008978939336,-12.251834572087725,0.6,0.0,5.8,0.0
SP_1_6,2026-05-24,0.0,0.15,-9.860811873653377,-19.221168820371695,0.7,0.0,1.1,0.0
SP_1_6,2026-05-25,0.0,0.20968419289420684,-6.516801990736461,-15.258202989425625,6.6,0.0,7.1,0.0
SP_1_6,2026-05-27,0.0,0.26697883937951905,-5.400146545723974,-13.895330098758539,15.9,0.0,17.0,0.0
SP_1_6,2026-05-28,0.0,0.26710180491645585,-8.147964505333649,-16.804538826090372,11.5,0.0,18.2,0.0
SP_1_6,2026-05-29,0.0,0.2753612072638993,-5.9608861862885485,-15.39843423436003,11.2,0.0,21.4,0.0
SP_1_6,2026-05-30,0.0,0.2804946378783773,-6.933802971984323,-16.179788456340702,8.3,0.0,24.3,0.0
SP_1_6,2026-06-08,0.0,0.15,-11.594652466513779,-21.839505827359716,0.0,0.0,0.5,0.0
SP_1_6,2026-06-09,0.0,0.22054643522869177,-10.869285705229704,-21.917935973112066,0.1,10.0,0.6,10.0
SP_1_6,2026-06-11,0.0,0.15,-6.662534406268174,-20.211243977564717,0.1,10.0,0.6,10.0
SP_1_6,2026-06-18,0.0,0.26474159098625366,-7.031024266190191,-20.791248733607258,4.6000000000000005,0.0,24.3,10.0
SP_1_6,2026-06-21,0.0,0.23439451219295165,-9.513167812915537,-21.231325958741753,3.0,0.0,16.2,0.0
SP_1_6,2026-06-23,0.0,0.2248468815466216,-2.974669682078082,-16.66910391328227,3.5,0.0,10.0,0.0
SP_1_6,2026-06-27,0.0,0.25686640922659504,-5.557367277068295,-17.82682556625214,3.5,15.0,7.0,15.0
SP_1_6,2026-06-29,0.0,0.23326419121826772,-7.233931304494067,-17.355214131191662,1.8,0.0,3.8000000000000003,15.0
SP_1_6,2026-06-30,0.0,0.21756367650399974,-7.777414597958009,-17.050288200525845,0.2,0.0,3.7,15.0
SP_1_6,2026-07-03,0.0,0.2413299949044916,-3.4474688635938904,-14.35474804071358,11.0,0.0,12.799999999999999,0.0
SP_1_6,2026-07-05,0.0,0.3155557034736857,-1.3447314694140826,-12.567175436435502,39.3,0.0,40.199999999999996,0.0
SP_1_6,2026-07-06,0.0,0.3130373071495716,-2.9229762545084026,-13.767142904255099,33.6,0.0,44.6,0.0
SP_1_6,2026-07-09,0.0,0.3015027748920819,-4.020715799902516,-13.317881586528227,9.1,0.0,52.9,0.0
SP_1_6,2026-07-11,0.0,0.3292653633398936,-3.0599481906384307,-13.120177430054182,21.1,0.0,33.5,0.0
SP_1_6,2026-07-12,0.0,0.34403831740014174,-4.439455645815565,-12.590791082121623,23.3,0.0,36.9,0.0
SP_1_6,2026-07-15,0.0,0.31171278626298227,-5.515001253418225,-12.997360637758451,4.9,0.0,34.1,0.0
SP_1_6,2026-07-17,0.0,0.29342953411943656,-5.911987040082812,-13.727721136422062,4.1,0.0,28.4,0.0
SP_1_6,2026-07-18,0.0,0.280228000033592,-6.746434697725649,-13.844765462746778,2.5,0.0,15.5,0.0
SP_1_6,2026-07-21,0.0,0.276178135613554,-6.197672255073697,-11.827415110978169,6.4,0.0,10.5,0.0
SP_1_6,2026-07-23,0.0,0.2685279529050449,-4.9792298309716125,-12.611959389363825,9.4,0.0,9.6,0.0
SP_1_6,2026-07-24,0.0,0.26361392890505114,-6.108966601634532,-12.949279201148602,3.6,0.0,10.0,0.0
SP_1_6,2026-07-27,0.0,0.32558762890575316,-6.029231816872289,-12.797266503105053,26.200000000000003,0.0,36.0,0.0
SP_1_6,2026-07-29,0.0,0.3248731405759843,-5.333235941147617,-12.818995314150518,8.200000000000001,0.0,34.5,0.0
SP_1_6,2026-07-30,0.0,0.3409393221635733,-6.038997229435407,-13.339050852961542,15.4,0.0,42.0,0.0
SP_1_6,2026-08-02,0.0,0.2871322364866736,-5.8793903435073105,-12.497480642066376,0.3,0.0,16.1,0.0
SP_1_6,2026-08-04,0.0,0.27414494206354106,-4.277964638351829,-12.182898818683842,1.5,0.0,14.1,0.0
SP_1_6,2026-08-05,0.0,0.2664826309852464,-5.824068513586711,-13.102178234033367,1.5,0.0,9.4,0.0
SP_1_6,2026-08-08,0.0,0.2899876491626998,-5.622046968165892,-12.455062781367193,16.5,0.0,18.0,0.0
SP_1_6,2026-08-10,0.0,0.26193667738224885,-4.782771955411745,-12.57581247348902,1.4000000000000001,0.0,16.599999999999998,0.0
SP_1_6,2026-08-11,0.0,0.2553769242037921,-5.943861409582928,-13.227415399384768,0.25,0.0,16.75,0.0
SP_1_6,2026-08-14,0.0,0.29259292713663,-6.672633870023962,-12.910467905463745,15.700000000000001,0.0,17.25,0.0
SP_1_6,2026-08-16,0.0,0.2623277135932326,-5.776295831590516,-12.857132943225979,15.0,0.0,16.45,0.0
SP_1_6,2026-08-17,0.0,0.23925272707133136,-6.734776205951896,-13.416826681124252,0.65,0.0,16.5,0.0
SP_1_6,2026-08-20,0.0,0.19524725498395276,-6.398362707165744,-12.89798528064564,2.1,0.0,17.150000000000002,0.0
SP_1_6,2026-08-22,0.0,0.19864437666028156,-5.814573068235585,-13.037812743647777,4.6,0.0,4.65,0.0
SP_1_6,2026-08-23,0.0,0.18271472830539773,-6.489473730740002,-13.2985417091212,2.5,0.0,4.65,0.0
SP_1_6,2026-08-26,0.0,0.15,-6.603368642828624,-13.034399428826122,0.6,0.0,5.2,0.0
SP_2_1,2026-04-06,0.0,0.2633531396833419,-6.55785645230527,-15.470002618150179,10.3,0.0,14.1,0.0
SP_2_1,2026-04-09,0.0,0.27523724227365565,-4.243447051252111,-12.735582569142936,8.3,0.0,19.0,0.0
SP_2_1,2026-04-11,0.0,0.2773291713229744,-3.5719474796340958,-12.1248760194252,11.200000000000001,0.0,21.7,0.0
SP_2_1,2026-04-12,0.0,0.27137816471942117,-4.27836264398745,-12.54098134515046,6.4,0.0,17.3,0.0
SP_2_1,2026-04-18,0.0,0.2874083847897756,-4.418262987184053,-12.753883486421651,10.4,0.0,20.2,0.0
SP_2_1,2026-04-21,0.0,0.2869828522402156,-4.16327642483878,-12.630551538489883,5.6000000000000005,0.0,19.7,0.0
SP_2_1,2026-04-23,0.0,0.30277352262686874,-5.394101457241433,-14.92993553474628,10.5,0.0,17.6,0.0
SP_2_1,2026-04-24,0.0,0.30730723356133666,-4.198359369265658,-12.4982351701804,13.100000000000001,0.0,20.6,0.0
SP_2_1,2026-04-30,0.0,0.3400765168894385,-5.730741260789083,-14.85312161640222,3.7,0.0,37.7,0.0
SP_2_1,2026-05-03,0.0,0.30069005956521944,-9.591325408025321,-20.031100230583867,0.1,0.0,14.200000000000001,0.0
SP_2_1,2026-05-05,0.0,0.2683638296432039,-8.76327908094067,-18.31379914680237,0.3,0.0,2.5,0.0
SP_2_1,2026-05-06,0.0,0.2528971743165831,-10.325793353878739,-20.453679339530574,0.4,0.0,1.1,0.0
SP_2_1,2026-05-13,0.0,0.279835640749507,-4.590722739854945,-13.328069466153954,11.0,0.0,14.1,0.0
SP_2_1,2026-05-15,0.0,0.26555909583343407,-10.573463462266396,-20.544179106415864,0.2,0.0,12.3,0.0
SP_2_1,2026-05-16,0.0,0.2580317793445312,-10.939035524850304,-20.95607526981993,0.2,0.0,12.1,0.0
SP_2_1,2026-05-17,0.0,0.25359547615276834,-9.285946460733737,-19.055348947521605,0.8,0.0,11.8,0.0
SP_2_1,2026-05-18,0.0,0.22917244673665974,-4.059295131312103,-13.214277678739144,0.6,0.0,5.8,0.0
SP_2_1,2026-05-24,0.0,0.15,-10.978507350553384,-20.239987358887447,0.7,0.0,1.1,0.0
SP_2_1,2026-05-25,0.0,0.20958745961967118,-6.941223108291062,-15.730379131479443,6.6,0.0,7.1,0.0
SP_2_1,2026-05-27,0.0,0.2669088578887278,-5.868266503552409,-15.609666472112323,15.9,0.0,17.0,0.0
SP_2_1,2026-05-28,0.0,0.2670069701972403,-9.71144451273969,-19.673380351902512,11.5,0.0,18.2,0.0
SP_2_1,2026-05-29,0.0,0.27528936709239965,-7.295280135289258,-18.255846969401954,11.2,0.0,21.4,0.0
SP_2_1,2026-05-30,0.0,0.2804291802386765,-4.2686088602870695,-14.02610314926137,8.3,0.0,24.3,0.0
SP_2_1,2026-06-08,0.0,0.15,-9.78957004717814,-22.063827573266245,0.0,0.0,0.5,0.0
SP_2_1,2026-06-09,0.0,0.15,-9.718880240775677,-22.004732246680298,0.1,0.0,0.6,0.0
SP_2_1,2026-06-11,0.0,0.15,-9.916753977597615,-21.36022756654796,0.1,0.0,0.6,0.0
SP_2_1,2026-06-18,0.0,0.2592355364532554,-8.835390759474436,-21.75257052945417,4.6000000000000005,0.0,24.3,0.0
SP_2_1,2026-06-21,0.0,0.22942591852952987,-7.8432606133977245,-21.200238031827286,3.0,0.0,16.2,0.0
SP_2_1,2026-06-23,0.0,0.2205601555964904,-7.977784136709005,-18.163730718051987,3.5,0.0,10.0,0.0
SP_2_1,2026-06-27,0.0,0.2014822798977351,-7.084946459261969,-18.173277310412274,3.5,0.0,7.0,0.0
SP_2_1,2026-06-29,0.0,0.26101664951628767,-7.243528589685015,-16.570354647958265,1.8,15.0,3.8000000000000003,15.0
SP_2_1,2026-06-30,0.0,0.2380215974660134,-5.904350280552228,-15.741217473448943,0.2,15.0,3.7,15.0
SP_2_1,2026-07-03,0.0,0.24760455065829948,-4.4726428453279095,-14.757811967674177,11.0,0.0,12.799999999999999,15.0
SP_2_1,2026-07-05,0.0,0.3177235580750072,-2.442350519963275,-12.765151346058673,39.3,0.0,40.199999999999996,15.0
SP_2_1,2026-07-06,0.0,0.31419453736281033,-4.164185644542777,-13.973357396259846,33.6,0.0,44.6,0.0
SP_2_1,2026-07-09,0.0,0.30107196178739604,-4.9767691422209195,-14.113853098624936,9.1,0.0,52.9,0.0
SP_2_1,2026-07-11,0.0,0.3283373546771261,-3.669878238987293,-13.034370267938515,21.1,0.0,33.5,0.0
SP_2_1,2026-07-12,0.0,0.3429323155060103,-4.203677845433587,-12.77777391870526,23.3,0.0,36.9,0.0
SP_2_1,2026-07-15,0.0,0.3103970077064526,-4.9909105155997775,-13.131241001220513,4.9,0.0,34.1,0.0
SP_2_1,2026-07-17,0.0,0.2920359539548434,-5.621857260075007,-13.513626323838304,4.1,0.0,28.4,0.0
SP_2_1,2026-07-18,0.0,0.27882220539846536,-6.421158066120647,-13.713039118771935,2.5,0.0,15.5,0.0
SP_2_1,2026-07-21,0.0,0.27482038926495056,-5.457623829770931,-11.28245480869866,6.4,0.0,10.5,0.0
SP_2_1,2026-07-23,0.0,0.26714309937297204,-5.112749112512312,-12.550650300957667,9.4,0.0,9.6,0.0
SP_2_1,2026-07-24,0.0,0.2622375143145405,-6.086649553243061,-12.77492181508995,3.6,0.0,10.0,0.0
SP_2_1,2026-07-27,0.0,0.32416089452758606,-5.761472343775913,-12.607484547982608,26.200000000000003,0.0,36.0,0.0
SP_2_1,2026-07-29,0.0,0.32345063292091847,-5.566078125306096,-12.738248553529543,8.200000000000001,0.0,34.5,0.0
SP_2_1,2026-07-30,0.0,0.33950358463137276,-6.1238882564709,-13.349628755576708,15.4,0.0,42.0,0.0
SP_2_1,2026-08-02,0.0,0.2857470403738612,-5.9889472040766645,-12.398893057986866,0.3,0.0,16.1,0.0
SP_2_1,2026-08-04,0.0,0.2727838595815458,-4.384725066467007,-12.018521997120255,1.5,0.0,14.1,0.0
SP_2_1,2026-08-05,0.0,0.2651285990366595,-6.169441596086389,-13.107251096872108,1.5,0.0,9.4,0.0
SP_2_1,2026-08-08,0.0,0.2886313858048009,-5.59285535553725,-12.39620849179853,16.5,0.0,18.0,0.0
SP_2_1,2026-08-10,0.0,0.2605614237635144,-5.314377420823383,-12.660663215512555,1.4000000000000001,0.0,16.599999999999998,0.0
SP_2_1,2026-08-11,0.0,0.25401100986133635,-6.068233645188975,-13.17524279563571,0.25,0.0,16.75,0.0
SP_2_1,2026-08-14,0.0,0.2913932234566788,-6.628426262092627,-13.039491733215788,15.700000000000001,0.0,17.25,0.0
SP_2_1,2026-08-16,0.0,0.26108328719176377,-5.922306176277932,-12.864085444865925,15.0,0.0,16.45,0.0
SP_2_1,2026-08-17,0.0,0.23826329889184825,-6.820574497444935,-13.365014915534845,0.65,0.0,16.5,0.0
SP_2_1,2026-08-20,0.0,0.1934258573448872,-6.416391524525324,-13.179945078248974,2.1,0.0,17.150000000000002,0.0
SP_2_1,2026-08-22,0.0,0.1964707427423767,-5.810754038571968,-13.09788203338973,4.6,0.0,4.65,0.0
SP_2_1,2026-08-23,0.0,0.18014870425399976,-6.520459036790298,-13.399698229589598,2.5,0.0,4.65,0.0
SP_2_1,2026-08-26,0.0,0.15,-6.581603757085819,-13.19273227564683,0.6,0.0,5.2,0.0
SP_2_5,2026-04-06,0.0,0.2633575442820692,-8.007367824391654,-17.375485618982612,10.3,0.0,14.1,0.0
SP_2_5,2026-04-09,0.0,0.27524047277737107,-4.339935213722395,-12.82773352066092,8.3,0.0,19.0,0.0
SP_2_5,2026-04-11,0.0,0.27733223869305323,-3.472206949840719,-11.782696161402095,11.200000000000001,0.0,21.7,0.0
SP_2_5,2026-04-12,0.0,0.27138120599107757,-4.293075412057817,-12.43124047703125,6.4,0.0,17.3,0.0
SP_2_5,2026-04-18,0.0,0.28742486730344313,-4.456079931668581,-12.608170412987343,10.4,0.0,20.2,0.0
SP_2_5,2026-04-21,0.0,0.287009747162251,-3.9488524217043057,-12.231917181693362,5.6000000000000005,0.0,19.7,0.0
SP_2_5,2026-04-23,0.0,0.30279618240443995,-4.970158510175187,-13.792380562955586,10.5,0.0,17.6,0.0
SP_2_5,2026-04-24,0.0,0.30732854318187197,-4.109547132342015,-12.139796893621588,13.100000000000001,0.0,20.6,0.0
SP_2_5,2026-04-30,0.0,0.34011079200379746,-5.321945895613151,-14.139442827383231,3.7,0.0,37.7,0.0
SP_2_5,2026-05-03,0.0,0.3007192131735729,-9.625964900228903,-19.921202683596178,0.1,0.0,14.200000000000001,0.0
SP_2_5,2026-05-05,0.0,0.2683980714963933,-8.788453663302368,-17.669052477977182,0.3,0.0,2.5,0.0
SP_2_5,2026-05-06,0.0,0.25293544404436796,-10.390171616829317,-20.17373462610123,0.4,0.0,1.1,0.0
SP_2_5,2026-05-13,0.0,0.27991229951497903,-4.79244763745981,-13.22013287616188,11.0,0.0,14.1,0.0
SP_2_5,2026-05-15,0.0,0.2656121975812524,-10.35597109810591,-20.754500853339554,0.2,0.0,12.3,0.0
SP_2_5,2026-05-16,0.0,0.2580831808186955,-10.941727254025576,-21.08879701447325,0.2,0.0,12.1,0.0
SP_2_5,2026-05-17,0.0,0.25364447299340864,-9.236155983395806,-17.99735246580374,0.8,0.0,11.8,0.0
SP_2_5,2026-05-18,0.0,0.2292303979424519,-4.266559775451332,-13.056254023417246,0.6,0.0,5.8,0.0
SP_2_5,2026-05-24,0.0,0.15,-11.214140928228025,-20.567016126514254,0.7,0.0,1.1,0.0
SP_2_5,2026-05-25,0.0,0.20968137048748017,-6.9990624916556685,-15.76811426468245,6.6,0.0,7.1,0.0
SP_2_5,2026-05-27,0.0,0.2669458351752312,-6.832618592916438,-16.254353793686384,15.9,0.0,17.0,0.0
SP_2_5,2026-05-28,0.0,0.26704043265563887,-11.238092449803773,-19.79396759519053,11.5,0.0,18.2,0.0
SP_2_5,2026-05-29,0.0,0.27531951422108164,-8.081357252415511,-17.44273432018815,11.2,0.0,21.4,0.0
SP_2_5,2026-05-30,0.0,0.28045800636886353,-5.656891289152155,-14.242522408873885,8.3,0.0,24.3,0.0
SP_2_5,2026-06-08,0.0,0.15,-9.629158118900008,-22.173201302740857,0.0,0.0,0.5,0.0
SP_2_5,2026-06-09,0.0,0.15,-9.484475656887838,-22.463346915295798,0.1,0.0,0.6,0.0
SP_2_5,2026-06-11,0.0,0.15,-10.35856108020095,-21.49950014515295,0.1,0.0,0.6,0.0
SP_2_5,2026-06-18,0.0,0.2592195528728945,-9.90906549691294,-21.966211407005677,4.6000000000000005,0.0,24.3,0.0
SP_2_5,2026-06-21,0.0,0.2295555929267585,-7.837008680444092,-21.345056133093557,3.0,0.0,16.2,0.0
SP_2_5,2026-06-23,0.0,0.22065416788744827,-5.531580716669666,-16.704484123333227,3.5,0.0,10.0,0.0
SP_2_5,2026-06-27,0.0,0.20173583396234382,-6.265274545195393,-18.267044028833073,3.5,0.0,7.0,0.0
SP_2_5,2026-06-29,0.0,0.24781271421382686,-5.650319881947588,-16.225857337618482,1.8,15.0,3.8000000000000003,15.0
SP_2_5,2026-06-30,0.0,0.2296278190810855,-5.359175109155963,-15.237405482169475,0.2,15.0,3.7,15.0
SP_2_5,2026-07-03,0.0,0.24498124745179006,0.25049228856287825,-13.827210880243019,11.0,0.0,12.799999999999999,15.0
SP_2_5,2026-07-05,0.0,0.3161996757265613,0.15406904101274532,-12.803702316136738,39.3,0.0,40.199999999999996,0.0
SP_2_5,2026-07-06,0.0,0.31301080563870104,-2.628043370969416,-13.87211733203495,33.6,0.0,44.6,0.0
SP_2_5,2026-07-09,0.0,0.30044819437128956,-2.8496075882218337,-13.600423272645067,9.1,0.0,52.9,0.0
SP_2_5,2026-07-11,0.0,0.3278792252341348,-2.4245919877051323,-12.714630833067343,21.1,0.0,33.5,0.0
SP_2_5,2026-07-12,0.0,0.34252526828108365,-4.353771826804759,-12.688589573847375,23.3,0.0,36.9,0.0
SP_2_5,2026-07-15,0.0,0.3100923905264905,-4.931014736312427,-13.173633141756419,4.9,0.0,34.1,0.0
SP_2_5,2026-07-17,0.0,0.29174565513114376,-5.426118724661051,-13.542732831552822,4.1,0.0,28.4,0.0
SP_2_5,2026-07-18,0.0,0.27853528850166576,-6.468410503797541,-13.470828737476827,2.5,0.0,15.5,0.0
SP_2_5,2026-07-21,0.0,0.2745693258389329,-5.984346834108036,-11.857611584964488,6.4,0.0,10.5,0.0
SP_2_5,2026-07-23,0.0,0.2668848602519435,-4.855569236846273,-12.54458157181832,9.4,0.0,9.6,0.0
SP_2_5,2026-07-24,0.0,0.26197975365920295,-6.125105123115392,-12.770337014277155,3.6,0.0,10.0,0.0
SP_2_5,2026-07-27,0.0,0.3239278639306699,-5.82498040060189,-12.704908183606282,26.200000000000003,0.0,36.0,0.0
SP_2_5,2026-07-29,0.0,0.32321310898596495,-5.007536008736499,-12.766393482874479,8.200000000000001,0.0,34.5,0.0
SP_2_5,2026-07-30,0.0,0.33926415745796085,-6.089304173013098,-13.50349187032332,15.4,0.0,42.0,0.0
SP_2_5,2026-08-02,0.0,0.2854963304116655,-5.750863538149577,-12.79874605065894,0.3,0.0,16.1,0.0
SP_2_5,2026-08-04,0.0,0.27254505900816334,-4.126143877765679,-12.0077230036044,1.5,0.0,14.1,0.0
SP_2_5,2026-08-05,0.0,0.2648904729701252,-5.9447435654644645,-13.23870810721655,1.5,0.0,9.4,0.0
SP_2_5,2026-08-08,0.0,0.2883995285029565,-5.608438428184024,-12.716558644466577,16.5,0.0,18.0,0.0
SP_2_5,2026-08-10,0.0,0.2602915444719863,-4.935717537527976,-12.528589421187355,1.4000000000000001,0.0,16.599999999999998,0.0
SP_2_5,2026-08-11,0.0,0.253737614425231,-6.036388933050972,-13.187566658942488,0.25,0.0,16.75,0.0
SP_2_5,2026-08-14,0.0,0.29115890806911127,-6.422753053243811,-13.007629770026837,15.700000000000001,0.0,17.25,0.0
SP_2_5,2026-08-16,0.0,0.26089077589234083,-5.731814981059618,-12.759451890815043,15.0,0.0,16.45,0.0
SP_2_5,2026-08-17,0.0,0.23769698812691636,-6.771743904950098,-13.530644110779676,0.65,0.0,16.5,0.0
SP_2_5,2026-08-20,0.0,0.19252696135772346,-6.264603578760795,-13.149374395097036,2.1,0.0,17.150000000000002,0.0
SP_2_5,2026-08-22,0.0,0.19544218646087783,-5.420033969458516,-12.843363893702438,4.6,0.0,4.65,0.0
SP_2_5,2026-08-23,0.0,0.1789771879089408,-6.200110289101588,-13.285491438806748,2.5,0.0,4.65,0.0
SP_2_5,2026-08-26,0.0,0.15,-6.264130164824459,-13.075317857677577,0.7,0.0,5.3,0.0
SP_2_6,2026-04-06,0.0,0.263269612913582,-7.196232302759343,-16.690952173731215,10.3,0.0,14.1,0.0
SP_2_6,2026-04-09,0.0,0.2751935311262875,-4.318540880226596,-12.751787499841909,8.3,0.0,19.0,0.0
SP_2_6,2026-04-11,0.0,0.2773130407737305,-2.9889788150721404,-11.861161420032133,11.200000000000001,0.0,21.7,0.0
SP_2_6,2026-04-12,0.0,0.271355617518756,-3.912830575998645,-12.51248328369879,6.4,0.0,17.3,0.0
SP_2_6,2026-04-18,0.0,0.2874132162647365,-4.016714276546742,-12.591057527637945,10.4,0.0,20.2,0.0
SP_2_6,2026-04-21,0.0,0.2870254953981372,-4.137993548857465,-12.342616592778437,5.6000000000000005,0.0,19.7,0.0
SP_2_6,2026-04-23,0.0,0.3027962880107324,-3.5418917335942797,-13.028982968505563,10.5,0.0,17.6,0.0
SP_2_6,2026-04-24,0.0,0.3073265097963209,-3.7973490850721348,-12.28008073927478,13.100000000000001,0.0,20.6,0.0
SP_2_6,2026-04-30,0.0,0.34012171791045054,-4.607262282946229,-13.59293548997046,3.7,0.0,37.7,0.0
SP_2_6,2026-05-03,0.0,0.3007241559938443,-8.646399892504029,-18.3898250266344,0.1,0.0,14.200000000000001,0.0
SP_2_6,2026-05-05,0.0,0.2684021454181034,-7.119457282389609,-17.001938702202324,0.3,0.0,2.5,0.0
SP_2_6,2026-05-06,0.0,0.2529394307370672,-9.132127719555355,-19.429671802730923,0.4,0.0,1.1,0.0
SP_2_6,2026-05-13,0.0,0.27995312969768077,-4.608074785896193,-13.694115255804038,11.0,0.0,14.1,0.0
SP_2_6,2026-05-15,0.0,0.26564621792863674,-10.592475458047218,-20.640584819039745,0.2,0.0,12.3,0.0
SP_2_6,2026-05-16,0.0,0.2581158374169755,-11.319688728802337,-21.307172997324535,0.2,0.0,12.1,0.0
SP_2_6,2026-05-17,0.0,0.25367527659978334,-8.75120668327762,-18.226410837168153,0.8,0.0,11.8,0.0
SP_2_6,2026-05-18,0.0,0.22926657679228918,-3.8540525901912446,-13.179600281459553,0.6,0.0,5.8,0.0
SP_2_6,2026-05-24,0.0,0.15,-11.437308274074914,-21.57459972488524,0.7,0.0,1.1,0.0
SP_2_6,2026-05-25,0.0,0.20968419289420684,-6.88542378051821,-16.619671874943915,6.6,0.0,7.1,0.0
SP_2_6,2026-05-27,0.0,0.26697883937951905,-4.858531406783516,-19.50427696266798,15.9,0.0,17.0,0.0
SP_2_6,2026-05-28,0.0,0.26710180491645585,-9.05606705808094,-22.202336320053742,11.5,0.0,18.2,0.0
SP_2_6,2026-05-29,0.0,0.2753612072638993,-6.397052269306277,-20.265940580139986,11.2,0.0,21.4,0.0
SP_2_6,2026-05-30,0.0,0.2804946378783773,-4.940422950030687,-13.972971415830923,8.3,0.0,24.3,0.0
SP_2_6,2026-06-08,0.0,0.15,-11.090578713145725,-22.84897050535161,0.0,0.0,0.5,0.0
SP_2_6,2026-06-09,0.0,0.15,-10.955472980978222,-23.17858956551113,0.1,0.0,0.6,0.0
SP_2_6,2026-06-11,0.0,0.15,-10.24281794915321,-22.234873432401486,0.1,0.0,0.6,0.0
SP_2_6,2026-06-18,0.0,0.25902638533210576,-8.057877764096688,-21.86757481315184,4.6000000000000005,0.0,24.3,0.0
SP_2_6,2026-06-21,0.0,0.22943498496263925,-10.260462506986002,-21.931893239561816,3.0,0.0,16.2,0.0
SP_2_6,2026-06-23,0.0,0.2205490919402644,-2.7835353384666672,-16.34211413519456,3.5,0.0,10.0,0.0
SP_2_6,2026-06-27,0.0,0.2602685753457781,-5.81545439265488,-17.47892200107972,3.5,15.0,7.0,15.0
SP_2_6,2026-06-29,0.0,0.23440864953623927,-3.3562148626679704,-15.72990248214094,1.8,0.0,3.8000000000000003,15.0
SP_2_6,2026-06-30,0.0,0.21825734963433963,-6.148375080560471,-16.168216159303668,0.2,0.0,3.7,15.0
SP_2_6,2026-07-03,0.0,0.24079094744503943,-1.2874506770776886,-13.271308997113202,11.0,0.0,12.799999999999999,0.0
SP_2_6,2026-07-05,0.0,0.3138185483371477,-0.2155973338542937,-12.587454410260897,39.3,0.0,40.199999999999996,0.0
SP_2_6,2026-07-06,0.0,0.31115381667088593,-2.3123953842109843,-13.534880780837268,33.6,0.0,44.6,0.0
SP_2_6,2026-07-09,0.0,0.2993951758049555,-2.861628007382737,-13.301350408920891,9.1,0.0,52.9,0.0
SP_2_6,2026-07-11,0.0,0.3270621860979688,-2.5650196076977934,-12.753480171470956,21.1,0.0,33.5,0.0
SP_2_6,2026-07-12,0.0,0.3417916453906275,-4.127300868196049,-12.58821657927169,23.3,0.0,36.9,0.0
SP_2_6,2026-07-15,0.0,0.3095072745285939,-5.035728133203826,-12.897885922536858,4.9,0.0,34.1,0.0
SP_2_6,2026-07-17,0.0,0.2911867106955152,-5.121902083559906,-13.275837737994951,4.1,0.0,28.4,0.0
SP_2_6,2026-07-18,0.0,0.27798415128386245,-6.3008409538022825,-13.48654273556884,2.5,0.0,15.5,0.0
SP_2_6,2026-07-21,0.0,0.2741812870005336,-5.880576112621832,-11.79952398537845,6.4,0.0,10.5,0.0
SP_2_6,2026-07-23,0.0,0.26646805722949424,-5.024266032009872,-12.60508714563361,9.4,0.0,9.6,0.0
SP_2_6,2026-07-24,0.0,0.2615587948692912,-5.858395032522932,-12.845288102701662,3.6,0.0,10.0,0.0
SP_2_6,2026-07-27,0.0,0.32355001667369304,-5.577522622916956,-12.514899088068425,26.200000000000003,0.0,36.0,0.0
SP_2_6,2026-07-29,0.0,0.32285528858160945,-5.128835987916639,-12.690967203671983,8.200000000000001,0.0,34.5,0.0
SP_2_6,2026-07-30,0.0,0.3389136048095616,-5.9515337208360295,-13.250189302635123,15.4,0.0,42.0,0.0
SP_2_6,2026-08-02,0.0,0.2851223816617074,-5.711114596088578,-12.42986040483393,0.3,0.0,16.1,0.0
SP_2_6,2026-08-04,0.0,0.272214453224816,-4.080120632183939,-11.88632816702147,1.5,0.0,14.1,0.0
SP_2_6,2026-08-05,0.0,0.2645541990516145,-5.621059808811212,-12.87507490239042,1.5,0.0,9.4,0.0
SP_2_6,2026-08-08,0.0,0.2880864483641124,-5.156727382400179,-12.237568866089267,16.5,0.0,18.0,0.0
SP_2_6,2026-08-10,0.0,0.25993882732693313,-4.524022666406271,-12.501487497353294,1.4000000000000001,0.0,16.599999999999998,0.0
SP_2_6,2026-08-11,0.0,0.25338028744722,-5.347430666218884,-12.87884083798376,0.25,0.0,16.75,0.0
SP_2_6,2026-08-14,0.0,0.290843768158994,-6.2815303943362295,-12.840868164174484,15.700000000000001,0.0,17.25,0.0
SP_2_6,2026-08-16,0.0,0.2604802637024927,-5.534003794381307,-12.697766177026871,15.0,0.0,16.45,0.0
SP_2_6,2026-08-17,0.0,0.23716826592251042,-6.414293383959279,-13.201501039785711,0.65,0.0,16.5,0.0
SP_2_6,2026-08-20,0.0,0.19172813001360678,-6.155399862433456,-13.141504271657281,2.1,0.0,17.150000000000002,0.0
SP_2_6,2026-08-22,0.0,0.1944956994305694,-5.54851811622187,-13.05726876949196,4.6,0.0,4.65,0.0
SP_2_6,2026-08-23,0.0,0.17800187207890064,-6.177634162325035,-13.205693832046085,2.5,0.0,4.65,0.0
SP_2_6,2026-08-26,0.0,0.15,-6.418976476153836,-13.301875593319473,0.6,0.0,5.2,0.0
SP_2_7,2026-04-06,0.0,0.2633030266732219,-7.940648448893253,-16.734197551561568,10.4,0.0,14.0,0.0
SP_2_7,2026-04-09,0.0,0.27657150578653383,-4.841821742114111,-13.307352870875707,8.600000000000001,0.0,19.2,0.0
SP_2_7,2026-04-11,0.0,0.2789858858842177,-4.131380954991481,-12.554392888561809,12.3,0.0,22.6,0.0
SP_2_7,2026-04-12,0.0,0.2716450624473935,-4.975227125918946,-13.041037316954196,6.4,0.0,17.7,0.0
SP_2_7,2026-04-18,0.0,0.293948732232143,-5.087213811566182,-13.187472216815742,11.9,0.0,22.400000000000002,0.0
SP_2_7,2026-04-21,0.0,0.2944437059739755,-4.7487270384745885,-13.412174435504662,6.4,0.0,22.7,0.0
SP_2_7,2026-04-23,0.0,0.3061304195592478,-4.121210220283361,-13.013942603138888,9.9,0.0,18.4,0.0
SP_2_7,2026-04-24,0.0,0.3144041752214017,-5.038918944896542,-12.971842331787737,13.3,0.0,22.0,0.0
SP_2_7,2026-04-30,0.0,0.3455728168436218,-5.227619293910419,-13.624343831369226,3.3000000000000003,0.0,39.2,0.0
SP_2_7,2026-05-03,0.0,0.3061716726813562,-5.443224103073922,-14.420375353306996,0.1,0.0,14.0,0.0
SP_2_7,2026-05-05,0.0,0.2743008922421562,-4.942481655022975,-14.01812428059165,0.2,0.0,2.0,0.0
SP_2_7,2026-05-06,0.0,0.25888978055788997,-6.756434546848404,-15.744289315086963,0.30000000000000004,0.0,0.8,0.0
SP_2_7,2026-05-13,0.0,0.2855247612831176,-5.42100878542363,-13.754659400081854,12.0,0.0,15.0,0.0
SP_2_7,2026-05-15,0.0,0.2711664769132798,-8.170712581232394,-17.432081264301406,0.2,0.0,13.4,0.0
SP_2_7,2026-05-16,0.0,0.2631807245988012,-9.05167016801973,-18.129527817683147,0.2,0.0,13.2,0.0
SP_2_7,2026-05-17,0.0,0.25626648815664543,-7.8580686258598265,-16.382622604219485,0.4,0.0,12.4,0.0
SP_2_7,2026-05-18,0.0,0.23333890346700795,-4.386838616241604,-12.662757618039066,0.2,0.0,4.4,0.0
SP_2_7,2026-05-24,0.0,0.15,-10.087906766200037,-17.785110822061483,1.0,0.0,1.1,0.0
SP_2_7,2026-05-25,0.0,0.18747650070134536,-7.023141757228113,-14.736392013243984,5.4,0.0,5.5,0.0
SP_2_7,2026-05-27,0.0,0.2628451318788534,-5.621277277587787,-13.454036759897484,14.5,0.0,15.600000000000001,0.0
SP_2_7,2026-05-28,0.0,0.2627802734856883,-7.247956485856317,-15.139864163388896,11.3,0.0,16.700000000000003,0.0
SP_2_7,2026-05-29,0.0,0.27378544362805823,-5.951386739265501,-14.21437827669167,10.8,0.0,20.400000000000002,0.0
SP_2_7,2026-05-30,0.0,0.276867440379351,-8.601112684644326,-17.389982292805374,7.700000000000001,0.0,22.200000000000003,0.0
SP_2_7,2026-06-08,0.0,0.15,-5.117732845056388,-20.038056226392726,0.0,0.0,0.7999999999999999,0.0
SP_2_7,2026-06-09,0.0,0.15,-5.289333803382441,-20.44259239470806,0.1,0.0,0.7999999999999999,0.0
SP_2_7,2026-06-11,0.0,0.15,-12.487767919009418,-20.01371236223771,0.1,0.0,0.7999999999999999,0.0
SP_2_7,2026-06-18,0.0,0.24780877025512413,-11.890228938549093,-20.167904716594283,3.7,0.0,19.4,0.0
SP_2_7,2026-06-21,0.0,0.21175166796674771,-2.3656258928616785,-20.011278058843345,1.7000000000000002,0.0,13.0,0.0
SP_2_7,2026-06-23,0.0,0.20707065944623357,-7.215284962765212,-16.463587855198853,4.0,0.0,8.7,0.0
SP_2_7,2026-06-27,0.0,0.25217744569792927,3.0529922787775066,-18.693038395496835,4.1,15.0,8.1,15.0
SP_2_7,2026-06-29,0.0,0.22439931602151228,-8.382956787899303,-18.4280334316804,2.0,0.0,4.3999999999999995,15.0
SP_2_7,2026-06-30,0.0,0.20596882736304978,-10.579901953153993,-18.917910224343903,0.30000000000000004,0.0,4.3999999999999995,15.0
SP_2_7,2026-07-03,0.0,0.2229815699259858,3.566607433902851,-15.79922326297954,9.5,0.0,11.5,0.0
SP_2_7,2026-07-05,0.0,0.2977768169038666,-4.440830809692502,-13.850926572003308,36.1,0.0,37.1,0.0
SP_2_7,2026-07-06,0.0,0.29236862264926594,-5.867246451422154,-15.053693301791808,30.9,0.0,40.4,0.0
SP_2_7,2026-07-09,0.0,0.28585952091905026,0.3891372430400955,-14.165366539084378,10.4,0.0,50.0,0.0
SP_2_7,2026-07-11,0.0,0.3210732342875419,-4.56039117038986,-13.448445245405798,22.900000000000002,0.0,37.1,0.0
SP_2_7,2026-07-12,0.0,0.333066921060412,-5.243762066450463,-13.088713384607338,24.8,0.0,38.7,0.0
SP_2_7,2026-07-15,0.0,0.3035514296931952,-3.2444646540966664,-13.569699364999817,5.8,0.0,36.5,0.0
SP_2_7,2026-07-17,0.0,0.28569371976915664,-6.925787675033918,-14.143654221901977,4.5,0.0,31.7,0.0
SP_2_7,2026-07-18,0.0,0.272099350708518,-7.611745290920413,-14.184208122010668,2.8,0.0,16.4,0.0
SP_2_7,2026-07-21,0.0,0.2732601857871218,-5.76742988431763,-11.913122104283207,8.0,0.0,12.5,0.0
SP_2_7,2026-07-23,0.0,0.2701362237652624,-5.60465644043636,-12.913446238414783,13.4,0.0,13.4,0.0
SP_2_7,2026-07-24,0.0,0.2701397476106838,-6.87212557287333,-13.151167254274094,7.2,0.0,15.200000000000001,0.0
SP_2_7,2026-07-27,0.0,0.3383564640645987,-6.230969711524135,-13.273390644498885,30.099999999999998,0.0,45.3,0.0
SP_2_7,2026-07-29,0.0,0.33746891142851565,-6.111659727072163,-13.039853132810343,8.9,0.0,40.8,0.0
SP_2_7,2026-07-30,0.0,0.3490206111478104,-6.959091060444566,-13.521565100941286,15.8,0.0,47.7,0.0
SP_2_7,2026-08-02,0.0,0.29373587715288957,-6.482783930556858,-12.883600274360914,0.5,0.0,16.3,0.0
SP_2_7,2026-08-04,0.0,0.2784025277773202,-5.553140201594541,-12.612160853549367,1.2,0.0,14.1,0.0
SP_2_7,2026-08-05,0.0,0.2707570938732377,-6.735603234630661,-13.405961774181103,1.2,0.0,8.6,0.0
SP_2_7,2026-08-08,0.0,0.29358420006567043,-5.792916569961601,-12.74667056988453,16.0,0.0,17.2,0.0
SP_2_7,2026-08-10,0.0,0.2655469474627691,-5.962606041872815,-12.909813079863683,2.5,0.0,16.2,0.0
SP_2_7,2026-08-11,0.0,0.25890074897802856,-6.893804149512562,-13.564542212015496,0.35,0.0,16.35,0.0
SP_2_7,2026-08-14,0.0,0.29568015563376276,-6.898859881749004,-13.537148707161528,15.700000000000001,0.0,18.35,0.0
SP_2_7,2026-08-16,0.0,0.26549374263947256,-6.497772681549147,-13.204470522127545,15.0,0.0,16.45,0.0
SP_2_7,2026-08-17,0.0,0.24291665314448374,-7.753107134251093,-14.096054280729955,0.65,0.0,16.5,0.0
SP_2_7,2026-08-20,0.0,0.19870714668192416,-6.985960004251911,-13.67585084319436,2.0,0.0,17.05,0.0
SP_2_7,2026-08-22,0.0,0.19820745172388418,-6.483391159101057,-13.872275647074117,4.2,0.0,4.25,0.0
SP_2_7,2026-08-23,0.0,0.18217930545075023,-7.457043359939959,-13.995079363225205,2.2,0.0,4.25,0.0
SP_2_7,2026-08-26,0.0,0.15,-6.893132955652053,-13.867141573957847,0.6,0.0,4.8,0.0
SP_3_1,2026-04-06,0.0,0.2648795635871351,-6.2231053266494785,-15.184663691129327,10.600000000000001,0.0,14.5,0.0
SP_3_1,2026-04-09,0.0,0.27913878148820487,-3.8022047516518453,-12.304739848240287,9.2,0.0,19.900000000000002,0.0
SP_3_1,2026-04-11,0.0,0.2799764640749821,-3.1850573788355243,-11.683126865542135,12.7,0.0,23.3,0.0
SP_3_1,2026-04-12,0.0,0.2736997637517711,-4.040682613895759,-12.257195840780266,6.4,0.0,18.7,0.0
SP_3_1,2026-04-18,0.0,0.2900728331832466,-4.108960317669631,-12.482017922716363,12.7,0.0,21.1,0.0
SP_3_1,2026-04-21,0.0,0.2904565982390617,-3.929569820663981,-12.32188319933702,5.5,0.0,20.2,0.0
SP_3_1,2026-04-23,0.0,0.3000086986919593,-4.576043069804111,-14.148187261531874,9.1,0.0,14.9,0.0
SP_3_1,2026-04-24,0.0,0.3108569941849621,-3.907786466395833,-12.262621407615345,12.899999999999999,0.0,19.5,0.0
SP_3_1,2026-04-30,0.0,0.3403113861469499,-5.291634804738417,-14.526858004128613,3.8000000000000003,0.0,38.3,0.0
SP_3_1,2026-05-03,0.0,0.30104194555607405,-9.54337942157738,-19.820091808302035,0.0,0.0,13.3,0.0
SP_3_1,2026-05-05,0.0,0.26917688188304545,-8.463498606607539,-18.125823273679035,0.3,0.0,2.8000000000000003,0.0
SP_3_1,2026-05-06,0.0,0.2505592926125413,-9.957380980500686,-20.458194850659993,0.3,0.0,0.9000000000000001,0.0
SP_3_1,2026-05-13,0.0,0.2883250262387311,-4.209686466797288,-12.892009356225076,16.3,0.0,18.7,0.0
SP_3_1,2026-05-15,0.0,0.2715115072180075,-10.268981671270085,-20.057285508716372,0.1,0.0,18.400000000000002,0.0
SP_3_1,2026-05-16,0.0,0.26387878923822355,-10.626716472929441,-20.547453181817303,0.1,0.0,17.5,0.0
SP_3_1,2026-05-17,0.0,0.25839922307510915,-8.84370917645867,-18.80661847949099,0.7999999999999999,0.0,17.1,0.0
SP_3_1,2026-05-18,0.0,0.23334007921883282,5.961043692918841,-14.083626362800437,0.7,0.0,5.2,0.0
SP_3_1,2026-05-24,0.0,0.15,4.979247246657991,-21.476587366626724,1.4000000000000001,0.0,1.6,0.0
SP_3_1,2026-05-25,0.0,0.19005087731779086,8.73173812290148,-19.09809818516958,5.9,0.0,6.2,0.0
SP_3_1,2026-05-27,0.0,0.2486745853163179,-4.1270509959895945,-18.408277804672142,11.4,0.0,13.0,0.0
SP_3_1,2026-05-28,0.0,0.2549475898916771,-8.90202467373146,-21.40651992566677,8.5,0.0,14.5,0.0
SP_3_1,2026-05-29,0.0,0.26726478782356694,2.9444774795142576,-19.628277705314794,7.300000000000001,0.0,18.0,0.0
SP_3_1,2026-05-30,0.0,0.26868511545061086,-7.531786489265776,-14.744372048240376,7.4,0.0,18.8,0.0
SP_3_1,2026-06-08,0.0,0.22513717813454495,-8.442515115187577,-20.66218767818141,0.0,10.0,1.2999999999999998,10.0
SP_3_1,2026-06-09,0.0,0.19134747688183842,-7.99257463038301,-20.75024878168246,0.0,10.0,1.2999999999999998,10.0
SP_3_1,2026-06-11,0.0,0.15,3.239248126026681,-19.531026276608316,0.0,0.0,0.7999999999999999,10.0
SP_3_1,2026-06-18,0.0,0.24335703065030564,3.452257080972471,-18.238097832528016,5.1,0.0,19.2,0.0
SP_3_1,2026-06-21,0.0,0.19613228957806775,-7.6379542245366485,-17.48517375046873,0.5,0.0,13.5,0.0
SP_3_1,2026-06-23,0.0,0.19258332346850487,4.300441643840856,-14.419959581260265,3.6,0.0,8.3,0.0
SP_3_1,2026-06-27,0.0,0.22566924892153706,-5.903850194024543,-15.190939417410828,2.1999999999999997,0.0,5.8,15.0
SP_3_1,2026-06-29,0.0,0.1963209829763319,0.28985060314890365,-14.634599569937414,2.0,0.0,2.4,15.0
SP_3_1,2026-06-30,0.0,0.17657183681931415,-4.022368144082786,-15.144365956003796,0.1,0.0,2.3,15.0
SP_3_1,2026-07-03,0.0,0.1861200116299883,-4.210293506230338,-13.811543035632614,5.8999999999999995,0.0,7.8999999999999995,0.0
SP_3_1,2026-07-05,0.0,0.2716774548954787,3.7112402988665583,-13.324855188386955,28.5,0.0,29.299999999999997,0.0
SP_3_1,2026-07-06,0.0,0.2702930210963701,-1.3148148100178538,-14.070885471429301,27.599999999999998,0.0,33.5,0.0
SP_3_1,2026-07-09,0.0,0.2700525303775486,-5.081963645234025,-13.475349804912028,11.4,0.0,44.1,0.0
SP_3_1,2026-07-11,0.0,0.28691455008891725,0.5038825756060183,-13.50225653265194,18.6,0.0,34.2,0.0
SP_3_1,2026-07-12,0.0,0.28177564985701203,-3.0197680659232566,-13.117174433861027,14.399999999999999,0.0,30.0,0.0
SP_3_1,2026-07-15,0.0,0.2662810110127981,-5.269089574006458,-12.887896786213105,5.7,0.0,26.6,0.0
SP_3_1,2026-07-17,0.0,0.25094943459911523,-1.2930384603049,-13.608376405920591,4.800000000000001,0.0,21.7,0.0
SP_3_1,2026-07-18,0.0,0.23755018064250183,-6.049203175350137,-13.700217805210187,2.6,0.0,10.6,0.0
SP_3_1,2026-07-21,0.0,0.25198811227387097,-5.110473796534923,-11.39702479338212,9.9,0.0,14.700000000000001,0.0
SP_3_1,2026-07-23,0.0,0.25039841720763384,-3.5558752261356514,-12.531249098758433,17.5,0.0,17.5,0.0
SP_3_1,2026-07-24,0.0,0.25532059756970743,-5.770803844719462,-13.046275383389052,10.6,0.0,20.5,0.0
SP_3_1,2026-07-27,0.0,0.3136633938636173,-5.791759068394914,-12.51041363571341,28.7,0.0,49.2,0.0
SP_3_1,2026-07-29,0.0,0.3100479411759244,-4.551951808152823,-12.526904058854287,8.4,0.0,40.0,0.0
SP_3_1,2026-07-30,0.0,0.32496162046519245,-5.644106067146215,-13.069175879439442,16.1,0.0,47.8,0.0
SP_3_1,2026-08-02,0.0,0.26841426236071336,-6.228498330944568,-12.43998482165959,0.3,0.0,16.5,0.0
SP_3_1,2026-08-04,0.0,0.25751285022720244,-4.480748740557462,-12.291345669320304,2.4,0.0,15.299999999999999,0.0
SP_3_1,2026-08-05,0.0,0.24893423993578165,-6.0059545879496525,-13.26385354457922,2.4,0.0,10.5,0.0
SP_3_1,2026-08-08,0.0,0.2848107083239472,-6.083502176978403,-12.455204075432631,19.8,0.0,22.2,0.0
SP_3_1,2026-08-10,0.0,0.2540891994195075,-5.286097695606809,-12.702726475497602,5.1,0.0,21.0,0.0
SP_3_1,2026-08-11,0.0,0.2458921872837816,-5.991596184558441,-13.168713563523024,0.75,0.0,20.55,0.0
SP_3_1,2026-08-14,0.0,0.2822253586782335,-7.104968336262534,-13.120325780493118,15.700000000000001,0.0,20.95,0.0
SP_3_1,2026-08-16,0.0,0.250106107152927,-5.827335782495739,-13.022727064426654,15.0,0.0,16.45,0.0
SP_3_1,2026-08-17,0.0,0.22540672819106009,-6.663279217252662,-13.486454155237587,0.65,0.0,16.5,0.0
SP_3_1,2026-08-20,0.0,0.15981107565432962,-6.873030947129885,-13.262623401424268,1.4,0.0,16.45,0.0
SP_3_1,2026-08-22,0.0,0.15,-5.851276982415553,-13.170233303073536,2.8,0.0,2.85,0.0
SP_3_1,2026-08-23,0.0,0.15,-6.308982615827338,-13.441400043508498,1.4000000000000001,0.0,2.85,0.0
SP_3_1,2026-08-26,0.0,0.15,-6.956882525177058,-13.294041628319551,0.6,0.0,3.4,0.0
SP_3_4,2026-04-06,0.0,0.2632140677152135,-5.947587611157756,-14.954233980697518,10.4,0.0,14.0,0.0
SP_3_4,2026-04-09,0.0,0.27648691748678317,-4.007595784817212,-12.204157383274135,8.600000000000001,0.0,19.2,0.0
SP_3_4,2026-04-11,0.0,0.27889557860228364,-3.153110222700356,-11.62240616646078,12.3,0.0,22.6,0.0
SP_3_4,2026-04-12,0.0,0.27153215661712204,-3.887429993298137,-12.259887720241432,6.4,0.0,17.7,0.0
SP_3_4,2026-04-18,0.0,0.29375738401740364,-3.987950630741181,-12.353459264938538,11.9,0.0,22.400000000000002,0.0
SP_3_4,2026-04-21,0.0,0.29425636666707244,-3.958997482174439,-12.209564998189217,6.4,0.0,22.7,0.0
SP_3_4,2026-04-23,0.0,0.30591243249421574,-4.775771974197921,-14.409818291959137,9.9,0.0,18.4,0.0
SP_3_4,2026-04-24,0.0,0.31418260641885665,-3.7629253229992616,-12.170189597912078,13.3,0.0,22.0,0.0
SP_3_4,2026-04-30,0.0,0.34531060325811497,-5.2878988594676315,-14.344580934564966,3.3000000000000003,0.0,39.2,0.0
SP_3_4,2026-05-03,0.0,0.30578766811998986,-9.765818312587704,-20.087806680148653,0.1,0.0,14.0,0.0
SP_3_4,2026-05-05,0.0,0.2737331329383572,-8.68820821486471,-18.512062719296807,0.2,0.0,2.0,0.0
SP_3_4,2026-05-06,0.0,0.25818779213766324,-10.12959619264571,-20.584746791532353,0.30000000000000004,0.0,0.8,0.0
SP_3_4,2026-05-13,0.0,0.28528677219902077,-4.338728955141766,-13.12902903174274,12.0,0.0,15.0,0.0
SP_3_4,2026-05-15,0.0,0.27085794457900053,-10.764618006156294,-20.759843445219637,0.2,0.0,13.4,0.0
SP_3_4,2026-05-16,0.0,0.26275205052583744,-11.071759846956109,-21.132590898405997,0.2,0.0,13.2,0.0
SP_3_4,2026-05-17,0.0,0.2558137177022114,-9.158992875637065,-18.921394305250864,0.4,0.0,12.4,0.0
SP_3_4,2026-05-18,0.0,0.23267863377750359,-3.6871138348937493,-12.70463829884899,0.2,0.0,4.4,0.0
SP_3_4,2026-05-24,0.0,0.15,-8.118433600568299,-22.51144631061454,1.0,0.0,1.1,0.0
SP_3_4,2026-05-25,0.0,0.18737302366308864,-3.7172844402704848,-20.12047710187384,5.4,0.0,5.5,0.0
SP_3_4,2026-05-27,0.0,0.26268546078977123,-2.467409050495675,-19.016784541780805,14.5,0.0,15.600000000000001,0.0
SP_3_4,2026-05-28,0.0,0.2626097830499034,-9.302612716066553,-21.89897496963976,11.3,0.0,16.700000000000003,0.0
SP_3_4,2026-05-29,0.0,0.2736243801721349,-6.086906931466411,-19.981993188377366,10.8,0.0,20.400000000000002,0.0
SP_3_4,2026-05-30,0.0,0.27669270057970147,-9.36462692985607,-15.755298457309468,7.700000000000001,0.0,22.200000000000003,0.0
SP_3_4,2026-06-08,0.0,0.2295660514563661,-8.021257497618548,-21.306244129558984,0.0,10.0,0.7999999999999999,10.0
SP_3_4,2026-06-09,0.0,0.20098104859071805,-7.007933568914178,-20.796041192250865,0.1,10.0,0.7999999999999999,10.0
SP_3_4,2026-06-11,0.0,0.19326083848088987,-2.642130679998829,-18.429948677943763,0.1,7.0,0.7999999999999999,17.0
SP_3_4,2026-06-18,0.0,0.24387830228935606,-6.810011448431478,-19.69832954434731,3.7,0.0,19.4,0.0
SP_3_4,2026-06-21,0.0,0.20706321638673703,-6.835421223361528,-19.06094032235454,1.7000000000000002,0.0,13.0,0.0
SP_3_4,2026-06-23,0.0,0.20277719350375067,-3.0932630996182024,-15.526042179804136,4.0,0.0,8.7,0.0
SP_3_4,2026-06-27,0.0,0.24900645671928365,-3.7910391280355666,-15.869688558498048,4.1,15.0,8.1,15.0
SP_3_4,2026-06-29,0.0,0.22089177789912823,-2.353283335098108,-14.417118004731151,2.0,0.0,4.3999999999999995,15.0
SP_3_4,2026-06-30,0.0,0.2027391877719907,-4.984853572182261,-14.776710816966553,0.30000000000000004,0.0,4.3999999999999995,15.0
SP_3_4,2026-07-03,0.0,0.22185222605205848,-2.486803815659524,-14.322573917422348,9.5,0.0,11.5,0.0
SP_3_4,2026-07-05,0.0,0.29453823705273535,-1.5113347188898727,-13.34599739162548,36.1,0.0,37.1,0.0
SP_3_4,2026-07-06,0.0,0.28895826828425303,-3.800594369899657,-14.13254926244113,30.9,0.0,40.4,0.0
SP_3_4,2026-07-09,0.0,0.2822299916406072,-4.588583059436361,-13.446103237271895,10.4,0.0,50.0,0.0
SP_3_4,2026-07-11,0.0,0.3171650436422539,-3.912399289120003,-13.611737195335118,22.900000000000002,0.0,37.1,0.0
SP_3_4,2026-07-12,0.0,0.32908796502792464,-4.908141939241803,-13.056421696578845,24.8,0.0,38.7,0.0
SP_3_4,2026-07-15,0.0,0.299513101687897,-5.5316836337849296,-13.010612454616727,5.8,0.0,36.5,0.0
SP_3_4,2026-07-17,0.0,0.28146918834310236,-5.767557994777293,-13.590689859258296,4.5,0.0,31.7,0.0
SP_3_4,2026-07-18,0.0,0.267741476147002,-7.1699988728057695,-13.855448481169326,2.8,0.0,16.4,0.0
SP_3_4,2026-07-21,0.0,0.2692989055321195,-5.711878219400131,-11.72645716195317,8.0,0.0,12.5,0.0
SP_3_4,2026-07-23,0.0,0.2659068545383743,-5.374237406867853,-12.50599067880466,13.4,0.0,13.4,0.0
SP_3_4,2026-07-24,0.0,0.26605678237742403,-6.347025524681134,-12.947669777708999,7.2,0.0,15.200000000000001,0.0
SP_3_4,2026-07-27,0.0,0.33403432908999275,-6.116555475329374,-12.659729068800917,30.099999999999998,0.0,45.3,0.0
SP_3_4,2026-07-29,0.0,0.3331027565504982,-5.964488536015894,-12.847567824784964,8.9,0.0,40.8,0.0
SP_3_4,2026-07-30,0.0,0.3446475714263608,-6.499614044933048,-13.396656001249603,15.8,0.0,47.7,0.0
SP_3_4,2026-08-02,0.0,0.2892106369523956,-6.430503599313299,-12.662455267482688,0.5,0.0,16.3,0.0
SP_3_4,2026-08-04,0.0,0.2739387492239307,-5.1643315505414575,-12.255412226585703,1.2,0.0,14.1,0.0
SP_3_4,2026-08-05,0.0,0.26594763685458367,-6.4868211366531545,-13.284666522433156,1.2,0.0,8.6,0.0
SP_3_4,2026-08-08,0.0,0.28874778214962565,-6.2983801909867445,-12.888483134971993,16.0,0.0,17.2,0.0
SP_3_4,2026-08-10,0.0,0.2601221727900701,-5.794964598874546,-12.931257058513177,2.5,0.0,16.2,0.0
SP_3_4,2026-08-11,0.0,0.2534361993237013,-6.606906305134375,-13.314386973606753,0.35,0.0,16.35,0.0
SP_3_4,2026-08-14,0.0,0.29100413040252554,-7.093357173483408,-13.497167633224024,15.700000000000001,0.0,18.35,0.0
SP_3_4,2026-08-16,0.0,0.26041257089299935,-6.292909365922061,-13.200624624068771,15.0,0.0,16.45,0.0
SP_3_4,2026-08-17,0.0,0.23720615908421824,-7.211489034944502,-13.693494942177953,0.65,0.0,16.5,0.0
SP_3_4,2026-08-20,0.0,0.1871474086030741,-6.9398893408656415,-13.317168767885605,2.0,0.0,17.05,0.0
SP_3_4,2026-08-22,0.0,0.18343123199424882,-6.1588771891743885,-13.19767661016302,4.2,0.0,4.25,0.0
SP_3_4,2026-08-23,0.0,0.16487119600937294,-6.57923053871947,-13.295830850222508,2.2,0.0,4.25,0.0
SP_3_4,2026-08-26,0.0,0.15,-7.065961820174131,-13.460958606170871,0.6,0.0,4.8,0.0
SP_3_5,2026-04-06,0.0,0.26332956458599427,-5.953133789023343,-14.842366808233953,10.3,0.0,14.1,0.0
SP_3_5,2026-04-09,0.0,0.2751938896452688,-4.276561780774299,-12.471257728650663,8.3,0.0,19.0,0.0
SP_3_5,2026-04-11,0.0,0.2772965740631281,-3.0723453236954072,-11.851767151621228,11.200000000000001,0.0,21.7,0.0
SP_3_5,2026-04-12,0.0,0.2713113638414989,-4.040103802069733,-12.238822186415067,6.4,0.0,17.3,0.0
SP_3_5,2026-04-18,0.0,0.2873737903456754,-4.220154875266855,-12.380267147934084,10.4,0.0,20.2,0.0
SP_3_5,2026-04-21,0.0,0.2869515054163766,-4.026239736705002,-12.2517667667775,5.6000000000000005,0.0,19.7,0.0
SP_3_5,2026-04-23,0.0,0.30274295506326654,-4.352669694129782,-13.791565402115387,10.5,0.0,17.6,0.0
SP_3_5,2026-04-24,0.0,0.30724639815444393,-3.939892070039633,-12.155501839117926,13.100000000000001,0.0,20.6,0.0
SP_3_5,2026-04-30,0.0,0.3399997350515416,-5.208714011473617,-14.011808149777698,3.7,0.0,37.7,0.0
SP_3_5,2026-05-03,0.0,0.3005643897729275,-9.911226735068203,-20.147923374840616,0.1,0.0,14.200000000000001,0.0
SP_3_5,2026-05-05,0.0,0.2682543594427301,-8.714113680348634,-17.920246443480586,0.3,0.0,2.5,0.0
SP_3_5,2026-05-06,0.0,0.25278021650366567,-10.534463028964453,-20.678894013084182,0.4,0.0,1.1,0.0
SP_3_5,2026-05-13,0.0,0.27970068733321257,-4.8300456540280745,-13.67098682674838,11.0,0.0,14.1,0.0
SP_3_5,2026-05-15,0.0,0.265375369170177,-10.909492026390723,-21.010887560674426,0.2,0.0,12.3,0.0
SP_3_5,2026-05-16,0.0,0.2577974849503999,-11.244089560821509,-21.29587707847317,0.2,0.0,12.1,0.0
SP_3_5,2026-05-17,0.0,0.25339694712855004,-9.309065551477401,-18.22217246630389,0.8,0.0,11.8,0.0
SP_3_5,2026-05-18,0.0,0.22877659223725588,-4.001479208187307,-12.993848822075007,0.6,0.0,5.8,0.0
SP_3_5,2026-05-24,0.0,0.15,-9.753344743418427,-22.985600622623675,0.7,0.0,1.1,0.0
SP_3_5,2026-05-25,0.0,0.20957651315063539,-5.1041346247357655,-20.526359923500806,6.6,0.0,7.1,0.0
SP_3_5,2026-05-27,0.0,0.26687803908705726,-2.740182992263507,-18.206022696077216,15.9,0.0,17.0,0.0
SP_3_5,2026-05-28,0.0,0.26697255725685937,-8.924873013741294,-22.02366180013991,11.5,0.0,18.2,0.0
SP_3_5,2026-05-29,0.0,0.27525387136038765,-5.793586456444686,-19.71733154620801,11.2,0.0,21.4,0.0
SP_3_5,2026-05-30,0.0,0.28039194363510883,-6.947683589534352,-14.185508355568588,8.3,0.0,24.3,0.0
SP_3_5,2026-06-08,0.0,0.15,-9.931267785322067,-22.294393709170727,0.0,0.0,0.5,0.0
SP_3_5,2026-06-09,0.0,0.15,-9.882199591123257,-22.36178454496656,0.1,0.0,0.6,0.0
SP_3_5,2026-06-11,0.0,0.17055691053082134,-5.57499880394123,-19.433960319718786,0.1,10.0,0.6,10.0
SP_3_5,2026-06-18,0.0,0.25656870510487173,-7.624308356856348,-18.53780336970692,4.6000000000000005,0.0,24.3,0.0
SP_3_5,2026-06-21,0.0,0.22686676565770295,-7.2992588115349974,-18.197434893088897,3.0,0.0,16.2,0.0
SP_3_5,2026-06-23,0.0,0.21840490415391012,-3.377865706057605,-14.163709483748143,3.5,0.0,10.0,0.0
SP_3_5,2026-06-27,0.0,0.24732837419678455,-4.188426397296566,-15.09696649949525,3.5,0.0,7.0,15.0
SP_3_5,2026-06-29,0.0,0.2246218114528202,-5.813984178316135,-14.915311843047848,1.8,0.0,3.8000000000000003,15.0
SP_3_5,2026-06-30,0.0,0.20932841992548623,-6.930376818274892,-14.888263741879923,0.2,0.0,3.7,15.0
SP_3_5,2026-07-03,0.0,0.2377473454810917,-2.93193774283953,-13.739461287012269,11.0,0.0,12.799999999999999,0.0
SP_3_5,2026-07-05,0.0,0.31013053666276164,-2.64830270189573,-13.041663578453573,39.3,0.0,40.199999999999996,0.0
SP_3_5,2026-07-06,0.0,0.30755912929140433,-4.307204860313551,-13.863877462432239,33.6,0.0,44.6,0.0
SP_3_5,2026-07-09,0.0,0.29603513240791013,-4.712098085134771,-13.254931541203536,9.1,0.0,52.9,0.0
SP_3_5,2026-07-11,0.0,0.32371479666377806,-4.461263184910335,-13.453476068522246,21.1,0.0,33.5,0.0
SP_3_5,2026-07-12,0.0,0.3384299501219151,-5.094666176764119,-12.84745178860037,23.3,0.0,36.9,0.0
SP_3_5,2026-07-15,0.0,0.30609677363864646,-5.368713943753191,-12.881168946881505,4.9,0.0,34.1,0.0
SP_3_5,2026-07-17,0.0,0.2876641247405741,-5.704856856000821,-13.536294191912472,4.1,0.0,28.4,0.0
SP_3_5,2026-07-18,0.0,0.2743956133499274,-7.081971021165061,-13.660106005132707,2.5,0.0,15.5,0.0
SP_3_5,2026-07-21,0.0,0.2707876513608998,-5.721530346458325,-11.70410312384564,6.4,0.0,10.5,0.0
SP_3_5,2026-07-23,0.0,0.26286343215214875,-4.83564524598764,-12.254674514191917,9.4,0.0,9.6,0.0
SP_3_5,2026-07-24,0.0,0.2579542324259213,-6.4437654773398325,-12.809457321685889,3.6,0.0,10.0,0.0
SP_3_5,2026-07-27,0.0,0.3199112083306869,-6.11748918657902,-12.414018457964879,26.200000000000003,0.0,36.0,0.0
SP_3_5,2026-07-29,0.0,0.3191618213568395,-5.570933555129413,-12.607744701652965,8.200000000000001,0.0,34.5,0.0
SP_3_5,2026-07-30,0.0,0.33520457888735355,-6.403162958841064,-13.18631189486692,15.4,0.0,42.0,0.0
SP_3_5,2026-08-02,0.0,0.2812887048309187,-6.021205477909433,-12.363290311774357,0.3,0.0,16.1,0.0
SP_3_5,2026-08-04,0.0,0.2683420174762076,-4.8412135378636085,-12.05315704872389,1.5,0.0,14.1,0.0
SP_3_5,2026-08-05,0.0,0.2602839381572185,-6.284023159562095,-13.128139578533737,1.5,0.0,9.4,0.0
SP_3_5,2026-08-08,0.0,0.28376854363341436,-5.962657734268908,-12.607203103320614,16.5,0.0,18.0,0.0
SP_3_5,2026-08-10,0.0,0.25490825088171104,-5.4724838259318105,-12.631075918023694,1.4000000000000001,0.0,16.599999999999998,0.0
SP_3_5,2026-08-11,0.0,0.248328644587938,-6.36145353593709,-13.16663872707309,0.25,0.0,16.75,0.0
SP_3_5,2026-08-14,0.0,0.28675522492037847,-6.866785830547243,-12.988715038556112,15.700000000000001,0.0,17.25,0.0
SP_3_5,2026-08-16,0.0,0.255895839212228,-6.184770426400177,-12.777649037006755,15.0,0.0,16.45,0.0
SP_3_5,2026-08-17,0.0,0.23220623962988093,-7.006982451824706,-13.304822024928292,0.65,0.0,16.5,0.0
SP_3_5,2026-08-20,0.0,0.18064105763320815,-6.828509550032212,-13.187721949742716,2.1,0.0,17.150000000000002,0.0
SP_3_5,2026-08-22,0.0,0.1804038495747339,-6.086535508014689,-13.260975147812351,4.6,0.0,4.65,0.0
SP_3_5,2026-08-23,0.0,0.16162609125969374,-6.351534394373925,-12.980163260596791,2.5,0.0,4.65,0.0
SP_3_5,2026-08-26,0.0,0.15,-6.959010841286421,-13.155441280830804,0.6,0.0,5.2,0.0
SP_4_1,2026-04-06,0.0,0.264861761194425,-8.958993116060505,-18.15693319746093,10.600000000000001,0.0,14.5,0.0
SP_4_1,2026-04-09,0.0,0.27912819215987345,-4.93044349676225,-13.416407705862802,9.2,0.0,19.900000000000002,0.0
SP_4_1,2026-04-11,0.0,0.279964511022508,-4.5615002623618786,-12.841081081477576,12.7,0.0,23.3,0.0
SP_4_1,2026-04-12,0.0,0.2736886369284335,-5.084012008500471,-13.191290421836566,6.4,0.0,18.7,0.0
SP_4_1,2026-04-18,0.0,0.2900105826461048,-5.181336139276505,-13.18949929145373,12.7,0.0,21.1,0.0
SP_4_1,2026-04-21,0.0,0.2903942802668864,-4.710651987340585,-13.212081780526514,5.5,0.0,20.2,0.0
SP_4_1,2026-04-23,0.0,0.2999320699892985,-5.549500403523956,-14.328007211051565,9.1,0.0,14.9,0.0
SP_4_1,2026-04-24,0.0,0.3107617956566035,-5.036530470975106,-13.061416031141553,12.899999999999999,0.0,19.5,0.0
SP_4_1,2026-04-30,0.0,0.3402467211823289,-5.83867115335118,-14.292043924564348,3.8000000000000003,0.0,38.3,0.0
SP_4_1,2026-05-03,0.0,0.3009227780736501,-9.51047222534797,-19.45704444901551,0.0,0.0,13.3,0.0
SP_4_1,2026-05-05,0.0,0.26885241799071774,-8.779221369414742,-17.88977082883154,0.3,0.0,2.8000000000000003,0.0
SP_4_1,2026-05-06,0.0,0.2500781237703568,-10.18274664699569,-19.669801726075548,0.3,0.0,0.9000000000000001,0.0
SP_4_1,2026-05-13,0.0,0.28805717478553666,-5.696728158215172,-18.20818710649009,16.3,0.0,18.7,0.0
SP_4_1,2026-05-15,0.0,0.27125596585514644,-4.144782769698313,-21.908143976390217,0.1,0.0,18.400000000000002,0.0
SP_4_1,2026-05-16,0.0,0.26363623463095776,-4.633640837756664,-22.0390464034745,0.1,0.0,17.5,0.0
SP_4_1,2026-05-17,0.0,0.2581692106590012,-10.020831831438123,-19.7995204023047,0.7999999999999999,0.0,17.1,0.0
SP_4_1,2026-05-18,0.0,0.2330677570619799,-5.101711152713198,-16.630381565875567,0.7,0.0,5.2,0.0
SP_4_1,2026-05-24,0.0,0.15,-10.216914977310715,-21.384971661756502,1.4000000000000001,0.0,1.6,0.0
SP_4_1,2026-05-25,0.0,0.19004033302380696,-6.970839680917634,-19.057313566261115,5.9,0.0,6.2,0.0
SP_4_1,2026-05-27,0.0,0.24855401313131995,2.9865781590493667,-19.013456978995936,11.4,0.0,13.0,0.0
SP_4_1,2026-05-28,0.0,0.2548120514987184,-3.411468426655598,-20.84451962640806,8.5,0.0,14.5,0.0
SP_4_1,2026-05-29,0.0,0.26716178695567694,-7.845889421115025,-19.018891424586528,7.300000000000001,0.0,18.0,0.0
SP_4_1,2026-05-30,0.0,0.26855299745092037,-7.110437580127802,-15.741285398069877,7.4,0.0,18.8,0.0
SP_4_1,2026-06-08,0.0,0.15,-3.6920205896987697,-20.426846317200184,0.0,0.0,1.2999999999999998,0.0
SP_4_1,2026-06-09,0.0,0.24128992323512635,-2.5617252156203083,-19.684443991524304,0.0,15.0,1.2999999999999998,15.0
SP_4_1,2026-06-11,0.0,0.16155318308533065,-8.00649725564681,-17.56841490108833,0.0,15.0,0.7999999999999999,15.0
SP_4_1,2026-06-18,0.0,0.24434970644434606,-7.830508609468154,-16.07113421712189,5.1,0.0,19.2,0.0
SP_4_1,2026-06-21,0.0,0.19808968112309353,-3.0199826391182243,-15.684731637740427,0.5,0.0,13.5,0.0
SP_4_1,2026-06-23,0.0,0.1950508905796169,-5.32378292817474,-13.721507354181764,3.6,0.0,8.3,0.0
SP_4_1,2026-06-27,0.0,0.2394542547518608,-3.60776947201346,-14.28052613995223,2.1999999999999997,15.0,5.8,15.0
SP_4_1,2026-06-29,0.0,0.20873258606071787,-4.907417681124419,-13.564944939199776,2.0,0.0,2.4,15.0
SP_4_1,2026-06-30,0.0,0.19008355056296042,-6.02155601737051,-13.832978102504281,0.1,0.0,2.3,15.0
SP_4_1,2026-07-03,0.0,0.18900995971554882,-0.7974574249160202,-12.411068430607537,5.8999999999999995,0.0,7.8999999999999995,0.0
SP_4_1,2026-07-05,0.0,0.27161770750744146,-4.065441564677078,-12.517412781911457,28.5,0.0,29.299999999999997,0.0
SP_4_1,2026-07-06,0.0,0.27003031033333974,-5.422290815864656,-13.553176399643423,27.599999999999998,0.0,33.5,0.0
SP_4_1,2026-07-09,0.0,0.26949918789449095,-3.1210550481464017,-12.83541386960808,11.4,0.0,44.1,0.0
SP_4_1,2026-07-11,0.0,0.28622685115317154,-4.679634961466564,-13.225632257662737,18.6,0.0,34.2,0.0
SP_4_1,2026-07-12,0.0,0.28102363610814873,-4.995054741884582,-12.873200616526022,14.399999999999999,0.0,30.0,0.0
SP_4_1,2026-07-15,0.0,0.2654442086360736,-4.273329751316658,-12.863935338801241,5.7,0.0,26.6,0.0
SP_4_1,2026-07-17,0.0,0.2500461428499673,-5.8412827566415135,-13.726098466159451,4.800000000000001,0.0,21.7,0.0
SP_4_1,2026-07-18,0.0,0.2365122298166321,-6.319966983310148,-13.605591141053901,2.6,0.0,10.6,0.0
SP_4_1,2026-07-21,0.0,0.25108495825791943,-4.905956880150823,-12.105958596718214,9.9,0.0,14.700000000000001,0.0
SP_4_1,2026-07-23,0.0,0.24937148146297633,-5.0074695019103785,-12.383024764821254,17.5,0.0,17.5,0.0
SP_4_1,2026-07-24,0.0,0.2543532747045551,-5.8425058904775105,-12.85010345308618,10.6,0.0,20.5,0.0
SP_4_1,2026-07-27,0.0,0.31244121424702326,-4.884586985838289,-12.584347606317284,28.7,0.0,49.2,0.0
SP_4_1,2026-07-29,0.0,0.3087796794707003,-5.567461083623443,-12.267094050366756,8.4,0.0,40.0,0.0
SP_4_1,2026-07-30,0.0,0.3236949373080195,-6.267004266885655,-13.112948682613151,16.1,0.0,47.8,0.0
SP_4_1,2026-08-02,0.0,0.26717381654874944,-5.200304385253968,-12.166252388312909,0.3,0.0,16.5,0.0
SP_4_1,2026-08-04,0.0,0.2558536180810178,-4.723613755881899,-11.77972955135187,2.4,0.0,15.299999999999999,0.0
SP_4_1,2026-08-05,0.0,0.24715129025525376,-5.818298125191297,-12.664430114150685,2.4,0.0,10.5,0.0
SP_4_1,2026-08-08,0.0,0.28324908659642567,-4.482208425338074,-11.997996287264476,19.8,0.0,22.2,0.0
SP_4_1,2026-08-10,0.0,0.2521577325198391,-5.22606264985244,-12.211429551226827,5.1,0.0,21.0,0.0
SP_4_1,2026-08-11,0.0,0.24333649027002305,-6.030270201063249,-12.544637713724931,0.75,0.0,20.55,0.0
SP_4_1,2026-08-14,0.0,0.2900221058200658,-6.00455812698265,-12.740209292697697,18.5,0.0,23.75,0.0
SP_4_1,2026-08-16,0.0,0.2568183536592353,-6.098545547427698,-12.53214611805779,17.8,0.0,19.25,0.0
SP_4_1,2026-08-17,0.0,0.23196012027604074,-6.844726211645006,-13.133888558815043,0.65,0.0,19.3,0.0
SP_4_1,2026-08-20,0.0,0.17364493939149997,-5.05688760102232,-12.64596786978688,2.0,0.0,19.849999999999998,0.0
SP_4_1,2026-08-22,0.0,0.15155300968803637,-7.271459581529528,-13.718259207221825,2.8,0.0,3.45,0.0
SP_4_1,2026-08-23,0.0,0.15,-7.8413152391038565,-14.04300451841017,1.4000000000000001,0.0,3.45,0.0
SP_4_1,2026-08-26,0.0,0.15,-4.863265602259278,-15.03521463688394,0.6,0.0,3.4,0.0
SP_4_11,2026-04-06,0.0,0.26492696314924025,-9.554163012870266,-18.57799762589815,10.600000000000001,0.0,14.5,0.0
SP_4_11,2026-04-09,0.0,0.2792165494367229,-5.0454618736105825,-13.612016895234769,9.2,0.0,19.900000000000002,0.0
SP_4_11,2026-04-11,0.0,0.28005350417288666,-4.154170434795194,-12.907587783284,12.7,0.0,23.3,0.0
SP_4_11,2026-04-12,0.0,0.27379679473679963,-5.090421605353784,-13.725396435432039,6.4,0.0,18.7,0.0
SP_4_11,2026-04-18,0.0,0.2902318765127099,-5.214182244151151,-13.564401847898575,12.7,0.0,21.1,0.0
SP_4_11,2026-04-21,0.0,0.29064372722599097,-4.851924023071302,-13.423607592031823,5.5,0.0,20.2,0.0
SP_4_11,2026-04-23,0.0,0.30025790534516617,-5.807965505864553,-14.961328320369113,9.1,0.0,14.9,0.0
SP_4_11,2026-04-24,0.0,0.31109454171255385,-5.0394913774780665,-13.591912989342735,12.899999999999999,0.0,19.5,0.0
SP_4_11,2026-04-30,0.0,0.3406196027757136,-6.3207698797431,-15.266066445977458,3.8000000000000003,0.0,38.3,0.0
SP_4_11,2026-05-03,0.0,0.301139561426489,-10.122813757994376,-20.279189205926688,0.0,0.0,13.3,0.0
SP_4_11,2026-05-05,0.0,0.269567803373049,-9.342439219503063,-18.595617601431897,0.3,0.0,2.8000000000000003,0.0
SP_4_11,2026-05-06,0.0,0.25112599650329115,-10.417380250431869,-20.460990764412283,0.3,0.0,0.9000000000000001,0.0
SP_4_11,2026-05-13,0.0,0.28859503024199223,-2.774004391429351,-18.623084149473684,16.3,0.0,18.7,0.0
SP_4_11,2026-05-15,0.0,0.27194188253819723,-9.68703893497527,-23.01778651864189,0.1,0.0,18.400000000000002,0.0
SP_4_11,2026-05-16,0.0,0.26441714352907697,-9.953480054928852,-23.190107318810995,0.1,0.0,17.5,0.0
SP_4_11,2026-05-17,0.0,0.2590219147222564,-8.110192078411725,-20.440878280252463,0.7999999999999999,0.0,17.1,0.0
SP_4_11,2026-05-18,0.0,0.23419157942375457,-2.8633483116817624,-17.726873517225687,0.7,0.0,5.2,0.0
SP_4_11,2026-05-24,0.0,0.15,-9.443783066721462,-23.981199630689247,1.4000000000000001,0.0,1.6,0.0
SP_4_11,2026-05-25,0.0,0.19025584089046635,-7.3362541305380224,-22.594347401487184,5.9,0.0,6.2,0.0
SP_4_11,2026-05-27,0.0,0.24896715881190792,-3.974521738992227,-20.81612262568532,11.4,0.0,13.0,0.0
SP_4_11,2026-05-28,0.0,0.2552097819259075,-6.974111675218667,-22.498912988450513,8.5,0.0,14.5,0.0
SP_4_11,2026-05-29,0.0,0.267519443413768,-6.196484486033571,-20.655343253035326,7.300000000000001,0.0,18.0,0.0
SP_4_11,2026-05-30,0.0,0.2689387138317353,-11.898722583569732,-21.221566200912363,7.4,0.0,18.8,0.0
SP_4_11,2026-06-08,0.0,0.15,-10.531510669909842,-21.677878735973767,0.0,0.0,1.2999999999999998,0.0
SP_4_11,2026-06-09,0.0,0.15,-10.32665487767516,-21.395192242225917,0.0,0.0,1.2999999999999998,0.0
SP_4_11,2026-06-11,0.0,0.20020261321544366,-7.323307217652894,-19.054027868705873,0.0,15.0,0.7999999999999999,15.0
SP_4_11,2026-06-18,0.0,0.24477218743743318,-5.086488540622559,-15.879240342971904,5.1,0.0,19.2,0.0
SP_4_11,2026-06-21,0.0,0.1984111785120369,-7.693650244359932,-16.263795799805536,0.5,0.0,13.5,0.0
SP_4_11,2026-06-23,0.0,0.1951187319862713,-4.998741666233641,-13.821877997794395,3.6,0.0,8.3,0.0
SP_4_11,2026-06-27,0.0,0.2392443099364433,-2.6526353686402615,-14.029546633879395,2.1999999999999997,15.0,5.8,15.0
SP_4_11,2026-06-29,0.0,0.2083304528596648,-2.328296668844558,-13.743158663691506,2.0,0.0,2.4,15.0
SP_4_11,2026-06-30,0.0,0.18886161746674757,-4.822524221864724,-14.036869845382045,0.1,0.0,2.3,15.0
SP_4_11,2026-07-03,0.0,0.18590136229274015,-1.686272148738501,-11.703394045853043,5.8999999999999995,0.0,7.8999999999999995,0.0
SP_4_11,2026-07-05,0.0,0.272033327972559,-2.5818281007408332,-12.271697020346197,28.5,0.0,29.299999999999997,0.0
SP_4_11,2026-07-06,0.0,0.27075099052265966,-4.269560847216201,-12.831238284729647,27.599999999999998,0.0,33.5,0.0
SP_4_11,2026-07-09,0.0,0.2706132167066802,-3.487893697890885,-12.078155935271862,11.4,0.0,44.1,0.0
SP_4_11,2026-07-11,0.0,0.28756098933821594,-3.1337945172974258,-12.551534087243574,18.6,0.0,34.2,0.0
SP_4_11,2026-07-12,0.0,0.2824112776904279,-4.5061526306986455,-12.629783494624442,14.399999999999999,0.0,30.0,0.0
SP_4_11,2026-07-15,0.0,0.2670315164068333,-4.446564827646676,-12.335419886848339,5.7,0.0,26.6,0.0
SP_4_11,2026-07-17,0.0,0.2518422200431924,-4.476308797478078,-13.187108088467461,4.800000000000001,0.0,21.7,0.0
SP_4_11,2026-07-18,0.0,0.23851693217812941,-5.832825567670107,-13.149501335663752,2.6,0.0,10.6,0.0
SP_4_11,2026-07-21,0.0,0.25255564810315934,-5.082606174018126,-12.347983338588591,9.9,0.0,14.700000000000001,0.0
SP_4_11,2026-07-23,0.0,0.2512358719145266,-4.6070753425264535,-12.483422436976777,17.5,0.0,17.5,0.0
SP_4_11,2026-07-24,0.0,0.25614382988349654,-5.548176530148538,-12.957141973031153,10.6,0.0,20.5,0.0
SP_4_11,2026-07-27,0.0,0.31462561766674674,-5.055097088616069,-12.409457533551295,28.7,0.0,49.2,0.0
SP_4_11,2026-07-29,0.0,0.3110745675026754,-5.536595653617954,-12.400057122507619,8.4,0.0,40.0,0.0
SP_4_11,2026-07-30,0.0,0.3260084122972103,-6.129940534901587,-12.93564938104139,16.1,0.0,47.8,0.0
SP_4_11,2026-08-02,0.0,0.2696025857085377,-5.380300787869885,-12.196681259610306,0.3,0.0,16.5,0.0
SP_4_11,2026-08-04,0.0,0.25902415283403313,-4.676056563309838,-11.84271090939647,2.4,0.0,15.299999999999999,0.0
SP_4_11,2026-08-05,0.0,0.25062097527615584,-5.89222449818612,-12.834172167219078,2.4,0.0,10.5,0.0
SP_4_11,2026-08-08,0.0,0.2862859202874366,-4.990051377085797,-12.082324252868737,19.8,0.0,22.2,0.0
SP_4_11,2026-08-10,0.0,0.25594523757209975,-5.2408067212637475,-12.27833300466309,5.1,0.0,21.0,0.0
SP_4_11,2026-08-11,0.0,0.24730728956540274,-6.097015198237207,-12.895472371705427,0.75,0.0,20.55,0.0
SP_4_11,2026-08-14,0.0,0.29306328804441856,-6.359633769499881,-13.088771831472775,18.5,0.0,23.75,0.0
SP_4_11,2026-08-16,0.0,0.2607197672127611,-6.2849822633824095,-12.95814568785001,17.8,0.0,19.25,0.0
SP_4_11,2026-08-17,0.0,0.23699738240182394,-6.9125869360405865,-13.518838928832217,0.65,0.0,19.3,0.0
SP_4_11,2026-08-20,0.0,0.18389461408770277,-6.411392741715266,-13.624167722879879,2.0,0.0,19.849999999999998,0.0
SP_4_11,2026-08-22,0.0,0.16559971668343476,-6.968825259537556,-14.102686204683238,2.8,0.0,3.45,0.0
SP_4_11,2026-08-23,0.0,0.15,-7.599072669959215,-14.354948759947865,1.4000000000000001,0.0,3.45,0.0
SP_4_11,2026-08-26,0.0,0.15,-6.7938064662170365,-15.013141852443896,0.6,0.0,3.4,0.0
SP_4_15,2026-04-06,0.0,0.2649449095757546,-8.537356768843939,-17.186700917555022,10.600000000000001,0.0,14.5,0.0
SP_4_15,2026-04-09,0.0,0.2792363692931866,-4.849580459253419,-13.20529974110665,9.2,0.0,19.900000000000002,0.0
SP_4_15,2026-04-11,0.0,0.28008760041807507,-4.159049864596755,-12.500702741062007,12.7,0.0,23.3,0.0
SP_4_15,2026-04-12,0.0,0.2738559268954306,-5.040744373409838,-13.353329883929588,6.4,0.0,18.7,0.0
SP_4_15,2026-04-18,0.0,0.2903303606989053,-5.0989936928646165,-13.116675806602206,12.7,0.0,21.1,0.0
SP_4_15,2026-04-21,0.0,0.2907082898408384,-4.764967307436248,-13.041520212533843,5.5,0.0,20.2,0.0
SP_4_15,2026-04-23,0.0,0.30031509616857155,-5.49522867879242,-14.320992277949692,9.1,0.0,14.9,0.0
SP_4_15,2026-04-24,0.0,0.31117669166863743,-4.875641668018541,-12.9267559958671,12.899999999999999,0.0,19.5,0.0
SP_4_15,2026-04-30,0.0,0.3407329394472877,-6.084273736701048,-14.802811684075898,3.8000000000000003,0.0,38.3,0.0
SP_4_15,2026-05-03,0.0,0.30130616275328864,-10.002692380022918,-19.847497155292334,0.0,0.0,13.3,0.0
SP_4_15,2026-05-05,0.0,0.26972206645786784,-9.073810823413314,-17.849543683397403,0.3,0.0,2.8000000000000003,0.0
SP_4_15,2026-05-06,0.0,0.2512976466188699,-10.550675253113642,-20.060665808770995,0.3,0.0,0.9000000000000001,0.0
SP_4_15,2026-05-13,0.0,0.2887935834963722,-2.269721323428091,-16.500164899728208,16.3,0.0,18.7,0.0
SP_4_15,2026-05-15,0.0,0.2721735881309069,-7.675860412741704,-22.06786651358656,0.1,0.0,18.400000000000002,0.0
SP_4_15,2026-05-16,0.0,0.26462404031144443,-9.175243460712371,-22.688146441525138,0.1,0.0,17.5,0.0
SP_4_15,2026-05-17,0.0,0.25921637242218354,-7.469643344536686,-19.543508263083602,0.7999999999999999,0.0,17.1,0.0
SP_4_15,2026-05-18,0.0,0.23458949626851314,-3.378900556919734,-16.478982616451624,0.7,0.0,5.2,0.0
SP_4_15,2026-05-24,0.0,0.15,-8.006864537274158,-23.407167090261378,1.4000000000000001,0.0,1.6,0.0
SP_4_15,2026-05-25,0.0,0.19026295255596132,-5.964816264766193,-21.783100664418175,5.9,0.0,6.2,0.0
SP_4_15,2026-05-27,0.0,0.24901205719239847,-3.3390620758312464,-20.590724612886383,11.4,0.0,13.0,0.0
SP_4_15,2026-05-28,0.0,0.2552958047028647,-7.3064001810885575,-22.577201455475876,8.5,0.0,14.5,0.0
SP_4_15,2026-05-29,0.0,0.2675844234361508,-6.341800465003942,-20.795450834472913,7.300000000000001,0.0,18.0,0.0
SP_4_15,2026-05-30,0.0,0.2690022665540427,-10.839662121928392,-19.08503629448054,7.4,0.0,18.8,0.0
SP_4_15,2026-06-08,0.0,0.18345872565713744,-9.715199316570558,-22.257464556927555,0.0,0.0,1.2999999999999998,10.0
SP_4_15,2026-06-09,0.0,0.15,-9.550167256665262,-22.1363029009521,0.0,0.0,1.2999999999999998,10.0
SP_4_15,2026-06-11,0.0,0.20316940777997708,-5.437550432864809,-19.14307813351685,0.0,15.0,0.7999999999999999,15.0
SP_4_15,2026-06-18,0.0,0.24750582966091467,-5.4902840390245995,-17.170906917153275,5.1,0.0,19.2,0.0
SP_4_15,2026-06-21,0.0,0.2032619033664392,-7.088111239995737,-17.121476868318172,0.5,0.0,13.5,0.0
SP_4_15,2026-06-23,0.0,0.2004244210037079,-4.972983408468193,-14.639485853594458,3.6,0.0,8.3,0.0
SP_4_15,2026-06-27,0.0,0.25402876186217316,-4.290683222544127,-14.87574481014763,2.1999999999999997,15.0,5.8,15.0
SP_4_15,2026-06-29,0.0,0.2197214940736317,-3.5140808128837464,-14.401030039942928,2.0,15.0,2.4,15.0
SP_4_15,2026-06-30,0.0,0.20120560933845505,-5.465707234594364,-14.75362800312328,0.1,0.0,2.3,15.0
SP_4_15,2026-07-03,0.0,0.19714337570739138,-1.7688161969226044,-11.848169984395959,5.8999999999999995,0.0,7.8999999999999995,15.0
SP_4_15,2026-07-05,0.0,0.27546306862293896,-1.9002040513019391,-12.453017199848277,28.5,0.0,29.299999999999997,0.0
SP_4_15,2026-07-06,0.0,0.2740538022732538,-2.842262250260648,-13.267756732455965,27.599999999999998,0.0,33.5,0.0
SP_4_15,2026-07-09,0.0,0.2732164051558648,-2.495611841116097,-12.505077539582615,11.4,0.0,44.1,0.0
SP_4_15,2026-07-11,0.0,0.29017824971223377,-2.200402561450261,-12.926243225125608,18.6,0.0,34.2,0.0
SP_4_15,2026-07-12,0.0,0.28496683281840257,-3.282551010728646,-12.877073170061344,14.399999999999999,0.0,30.0,0.0
SP_4_15,2026-07-15,0.0,0.2693879152778853,-3.731579711700077,-12.827993931857344,5.7,0.0,26.6,0.0
SP_4_15,2026-07-17,0.0,0.25418978999277003,-3.7771481399543654,-13.349262059023681,4.800000000000001,0.0,21.7,0.0
SP_4_15,2026-07-18,0.0,0.2409119464709209,-4.9878509865443,-13.316626217312383,2.6,0.0,10.6,0.0
SP_4_15,2026-07-21,0.0,0.25415520143292913,-4.022779625161689,-12.286992468387435,9.9,0.0,14.700000000000001,0.0
SP_4_15,2026-07-23,0.0,0.2530667988791158,-3.7259247048096404,-12.642190070859606,17.5,0.0,17.5,0.0
SP_4_15,2026-07-24,0.0,0.25783767157472987,-4.975637346313168,-12.947166249492048,10.6,0.0,20.5,0.0
SP_4_15,2026-07-27,0.0,0.3166008211636916,-4.37922135796717,-12.729316730421106,28.7,0.0,49.2,0.0
SP_4_15,2026-07-29,0.0,0.31300524552119746,-4.270296597694576,-12.63023538178035,8.4,0.0,40.0,0.0
SP_4_15,2026-07-30,0.0,0.3279484093111783,-5.181973764627496,-13.189652868706885,16.1,0.0,47.8,0.0
SP_4_15,2026-08-02,0.0,0.2715233548235803,-4.735621202225646,-12.580016895124345,0.3,0.0,16.5,0.0
SP_4_15,2026-08-04,0.0,0.26057937033080975,-3.7668502267406536,-11.948537948640539,2.4,0.0,15.299999999999999,0.0
SP_4_15,2026-08-05,0.0,0.2521537516145457,-5.541002200955446,-13.206868481222374,2.4,0.0,10.5,0.0
SP_4_15,2026-08-08,0.0,0.28779571908705365,-4.6816214761116814,-12.240985385243924,19.8,0.0,22.2,0.0
SP_4_15,2026-08-10,0.0,0.25735587983479846,-4.658513044047016,-12.21552933208207,5.1,0.0,21.0,0.0
SP_4_15,2026-08-11,0.0,0.24878365450767098,-5.88375857986792,-12.850551047669681,0.75,0.0,20.55,0.0
SP_4_15,2026-08-14,0.0,0.29441846163194413,-6.369529633831373,-13.122731041432514,18.5,0.0,23.75,0.0
SP_4_15,2026-08-16,0.0,0.2620918692572927,-5.943426306061589,-12.792222235340597,17.8,0.0,19.25,0.0
SP_4_15,2026-08-17,0.0,0.23836333029901666,-6.773593967740062,-13.218428250432716,0.65,0.0,19.3,0.0
SP_4_15,2026-08-20,0.0,0.18517357304085985,-6.414135241439705,-13.306497167136849,2.0,0.0,19.849999999999998,0.0
SP_4_15,2026-08-22,0.0,0.16698755749204827,-6.19882474333194,-13.112007176941328,2.8,0.0,3.45,0.0
SP_4_15,2026-08-23,0.0,0.15,-6.549696678027964,-13.248374375191649,1.4000000000000001,0.0,3.45,0.0
SP_4_15,2026-08-26,0.0,0.15,-5.703648044075632,-13.156752551441521,0.6,0.0,3.4,0.0
SP_4_16,2026-04-06,0.0,0.2649449095757546,-7.674136459766193,-16.380282780106963,10.600000000000001,0.0,14.5,0.0
SP_4_16,2026-04-09,0.0,0.2792363692931866,-5.119139360488219,-13.542900872491197,9.2,0.0,19.900000000000002,0.0
SP_4_16,2026-04-11,0.0,0.2800901422605393,-4.1228633493493,-12.749271481517184,12.7,0.0,23.3,0.0
SP_4_16,2026-04-12,0.0,0.27385803584522667,-4.9465774300582765,-13.524837111493246,6.4,0.0,18.7,0.0
SP_4_16,2026-04-18,0.0,0.29034187443498344,-5.090525277281406,-13.466468017345537,12.7,0.0,21.1,0.0
SP_4_16,2026-04-21,0.0,0.2907167091905369,-4.974726434260492,-13.51233965781335,5.5,0.0,20.2,0.0
SP_4_16,2026-04-23,0.0,0.3003544333027782,-5.4749618885340725,-14.54832588862752,9.1,0.0,14.9,0.0
SP_4_16,2026-04-24,0.0,0.31121021141161787,-4.93018982971536,-13.38772058141178,12.899999999999999,0.0,19.5,0.0
SP_4_16,2026-04-30,0.0,0.34075475779063047,-5.7500691315041506,-14.566616007375945,3.8000000000000003,0.0,38.3,0.0
SP_4_16,2026-05-03,0.0,0.30132524016307044,-8.757325115450485,-18.408271883341726,0.0,0.0,13.3,0.0
SP_4_16,2026-05-05,0.0,0.269744490849329,-7.93840482267856,-17.08361389695746,0.3,0.0,2.8000000000000003,0.0
SP_4_16,2026-05-06,0.0,0.2513234887058529,-9.65316416295019,-19.248081448936464,0.3,0.0,0.9000000000000001,0.0
SP_4_16,2026-05-13,0.0,0.2888135045881407,-5.151989703864658,-13.663592634087454,16.3,0.0,18.7,0.0
SP_4_16,2026-05-15,0.0,0.2722281028960341,-10.670854227433304,-20.540803655524996,0.1,0.0,18.400000000000002,0.0
SP_4_16,2026-05-16,0.0,0.2646731352671117,-11.188479140756867,-21.02349685032168,0.1,0.0,17.5,0.0
SP_4_16,2026-05-17,0.0,0.25926154120317696,-9.497338855512055,-18.711420578275963,0.7999999999999999,0.0,17.1,0.0
SP_4_16,2026-05-18,0.0,0.23464183288901352,-4.75754511295286,-13.986182337030879,0.7,0.0,5.2,0.0
SP_4_16,2026-05-24,0.0,0.15,-10.890754277709844,-20.078612515112123,1.4000000000000001,0.0,1.6,0.0
SP_4_16,2026-05-25,0.0,0.1902646146953155,-7.9249303234164135,-16.35937506464037,5.9,0.0,6.2,0.0
SP_4_16,2026-05-27,0.0,0.24902209554207003,-6.410381505039636,-16.50834595892334,11.4,0.0,13.0,0.0
SP_4_16,2026-05-28,0.0,0.2553062267015946,-9.643684379557246,-19.29516178583212,8.5,0.0,14.5,0.0
SP_4_16,2026-05-29,0.0,0.26759459107050115,-8.346320499684047,-18.30266260361671,7.300000000000001,0.0,18.0,0.0
SP_4_16,2026-05-30,0.0,0.2690129219365502,-10.02315401664145,-17.35044751716615,7.4,0.0,18.8,0.0
SP_4_16,2026-06-08,0.0,0.1967709192186009,-11.633230362143943,-22.79363615859517,0.0,0.0,1.2999999999999998,10.0
SP_4_16,2026-06-09,0.0,0.16183864179816074,-11.86250538155817,-23.094668864819845,0.0,0.0,1.2999999999999998,10.0
SP_4_16,2026-06-11,0.0,0.15,-10.534583705631565,-22.07922220793874,0.0,0.0,0.7999999999999999,10.0
SP_4_16,2026-06-18,0.0,0.2680334886011764,-6.395037467224429,-21.441853603055222,5.1,0.0,19.2,10.0
SP_4_16,2026-06-21,0.0,0.22531288762514287,-9.717510168536936,-21.97564623736912,0.5,0.0,13.5,10.0
SP_4_16,2026-06-23,0.0,0.21899692640173168,-6.455282942462613,-18.233593245841174,3.6,0.0,8.3,0.0
SP_4_16,2026-06-27,0.0,0.2533519395553874,-6.951941353820028,-17.97541532201295,2.1999999999999997,15.0,5.8,15.0
SP_4_16,2026-06-29,0.0,0.22496755696558846,-5.231756372108705,-16.024339615521725,2.0,0.0,2.4,15.0
SP_4_16,2026-06-30,0.0,0.2066754400793944,-6.776468649625097,-16.16607852326012,0.1,0.0,2.3,15.0
SP_4_16,2026-07-03,0.0,0.1988439024230389,-3.312155101806344,-13.136825853423375,5.8999999999999995,0.0,7.8999999999999995,0.0
SP_4_16,2026-07-05,0.0,0.28150713566525454,-1.79331423053113,-12.205947818474016,28.5,0.0,29.299999999999997,0.0
SP_4_16,2026-07-06,0.0,0.2810489933152892,-2.737975559274913,-12.930678858099505,27.599999999999998,0.0,33.5,0.0
SP_4_16,2026-07-09,0.0,0.28070710166009594,-3.486504926698146,-12.528550730115334,11.4,0.0,44.1,0.0
SP_4_16,2026-07-11,0.0,0.2986039890095547,-3.140208351053398,-12.498826248175403,18.6,0.0,34.2,0.0
SP_4_16,2026-07-12,0.0,0.2933640963335229,-4.474971805416454,-12.750592090606599,14.399999999999999,0.0,30.0,0.0
SP_4_16,2026-07-15,0.0,0.27768463396902726,-5.456586366730657,-12.93169893372324,5.7,0.0,26.6,0.0
SP_4_16,2026-07-17,0.0,0.26273212498333415,-5.987216648931225,-13.619778586371865,4.800000000000001,0.0,21.7,0.0
SP_4_16,2026-07-18,0.0,0.24974606978150454,-6.433888400935366,-13.483337026751878,2.6,0.0,10.6,0.0
SP_4_16,2026-07-21,0.0,0.2608474280703516,-5.69132296144263,-12.517186910535996,9.9,0.0,14.700000000000001,0.0
SP_4_16,2026-07-23,0.0,0.2609601137568344,-5.610612610366621,-13.325916760623997,17.5,0.0,17.5,0.0
SP_4_16,2026-07-24,0.0,0.2652904452496548,-6.358478886208251,-13.400962602508738,10.6,0.0,20.5,0.0
SP_4_16,2026-07-27,0.0,0.32507418865160936,-6.144237367453533,-12.915239133394039,28.7,0.0,49.2,0.0
SP_4_16,2026-07-29,0.0,0.3215049287759898,-5.581624568766764,-13.09138366878024,8.4,0.0,40.0,0.0
SP_4_16,2026-07-30,0.0,0.3364847897785896,-6.26432967073888,-13.494467566331618,16.1,0.0,47.8,0.0
SP_4_16,2026-08-02,0.0,0.279946412741185,-5.939396040628622,-12.646734749239467,0.3,0.0,16.5,0.0
SP_4_16,2026-08-04,0.0,0.26893209651879485,-4.398239966701457,-12.315323320752986,2.4,0.0,15.299999999999999,0.0
SP_4_16,2026-08-05,0.0,0.26054856266917836,-5.935780403641061,-13.235319265566936,2.4,0.0,10.5,0.0
SP_4_16,2026-08-08,0.0,0.2959437477984208,-5.589157815092234,-12.45223033396851,19.8,0.0,22.2,0.0
SP_4_16,2026-08-10,0.0,0.26612418933505316,-5.1628461542747575,-12.811618700974217,5.1,0.0,21.0,0.0
SP_4_16,2026-08-11,0.0,0.25768280681212347,-6.029814334095568,-13.13705322138222,0.75,0.0,20.55,0.0
SP_4_16,2026-08-14,0.0,0.29665674448534235,-6.543656491402072,-13.013808190781441,17.1,0.0,22.35,0.0
SP_4_16,2026-08-16,0.0,0.26535819542175854,-5.977775867605278,-12.974047691789671,16.400000000000002,0.0,17.85,0.0
SP_4_16,2026-08-17,0.0,0.24305737375987208,-6.738703859808856,-13.352665759755013,0.65,0.0,17.900000000000002,0.0
SP_4_16,2026-08-20,0.0,0.19092319092139046,-6.4440306900914806,-13.16004660810746,1.4,0.0,17.85,0.0
SP_4_16,2026-08-22,0.0,0.17631891153427143,-5.813394313126828,-13.061389682871148,2.8,0.0,2.85,0.0
SP_4_16,2026-08-23,0.0,0.15670824749950857,-6.171769438643771,-13.203019683290814,1.4000000000000001,0.0,2.85,0.0
SP_4_16,2026-08-26,0.0,0.15,-6.401014873962776,-13.004557811288803,0.6,0.0,3.4,0.0
SP_4_3,2026-04-06,0.0,0.2649331292346549,-9.592911984820121,-18.5470467365869,10.600000000000001,0.0,14.5,0.0
SP_4_3,2026-04-09,0.0,0.27917626992296934,-7.507082167766939,-15.37451117287311,9.2,0.0,19.900000000000002,0.0
SP_4_3,2026-04-11,0.0,0.2800090108600946,-5.042546778412084,-14.777807122683999,12.7,0.0,23.3,0.0
SP_4_3,2026-04-12,0.0,0.27373076312148964,-7.082813489416263,-15.57376863633374,6.4,0.0,18.7,0.0
SP_4_3,2026-04-18,0.0,0.29011208279612627,-7.33658955056255,-15.97926389884336,12.7,0.0,21.1,0.0
SP_4_3,2026-04-21,0.0,0.2905027673204742,-7.5549009588061224,-16.902762447139786,5.5,0.0,20.2,0.0
SP_4_3,2026-04-23,0.0,0.30008339472313267,-5.824655667981581,-17.575364244202984,9.1,0.0,14.9,0.0
SP_4_3,2026-04-24,0.0,0.31091796211575007,-7.179977504999522,-15.646587514089433,12.899999999999999,0.0,19.5,0.0
SP_4_3,2026-04-30,0.0,0.3403991131692913,-8.606760778150427,-19.184077396963602,3.8000000000000003,0.0,38.3,0.0
SP_4_3,2026-05-03,0.0,0.3011056925370648,-12.59481710338678,-22.66446100849563,0.0,0.0,13.3,0.0
SP_4_3,2026-05-05,0.0,0.2692497798199645,-10.07574060473621,-20.176565571918346,0.3,0.0,2.8000000000000003,0.0
SP_4_3,2026-05-06,0.0,0.25064289330689804,-13.109539578729475,-22.845081633350716,0.3,0.0,0.9000000000000001,0.0
SP_4_3,2026-05-13,0.0,0.2884818539654335,-8.120813968904452,-18.203882362094262,16.3,0.0,18.7,0.0
SP_4_3,2026-05-15,0.0,0.271647052126225,-13.273510053484019,-23.09966646462088,0.1,0.0,18.400000000000002,0.0
SP_4_3,2026-05-16,0.0,0.264076761144212,-13.52302554186136,-23.262524637574092,0.1,0.0,17.5,0.0
SP_4_3,2026-05-17,0.0,0.2586417472332857,-10.090698201854453,-20.25504840461213,0.7999999999999999,0.0,17.1,0.0
SP_4_3,2026-05-18,0.0,0.23359804588488514,-4.668542875522227,-16.289224623218097,0.7,0.0,5.2,0.0
SP_4_3,2026-05-24,0.0,0.15,-10.938067301261746,-21.721942917175966,1.4000000000000001,0.0,1.6,0.0
SP_4_3,2026-05-25,0.0,0.1887721273979677,-7.737581873015197,-18.48788593709693,5.9,0.0,6.2,0.0
SP_4_3,2026-05-27,0.0,0.24590110872220802,-7.8234574081324295,-18.70262185067226,11.4,0.0,13.0,0.0
SP_4_3,2026-05-28,0.0,0.2523225414276628,-12.122417915740398,-21.95859376712776,8.5,0.0,14.5,0.0
SP_4_3,2026-05-29,0.0,0.2650044908644257,-8.808707858294804,-19.636808151997066,7.300000000000001,0.0,18.0,0.0
SP_4_3,2026-05-30,0.0,0.2662590984702426,-9.235516291565233,-15.766183447665922,7.4,0.0,18.8,0.0
SP_4_3,2026-06-08,0.0,0.15,-11.717654032743841,-21.098781039457958,0.0,0.0,1.2999999999999998,0.0
SP_4_3,2026-06-09,0.0,0.15,-11.628387564380972,-21.032521997433705,0.0,0.0,1.2999999999999998,0.0
SP_4_3,2026-06-11,0.0,0.20136896595145995,-11.005736576063676,-20.02301936200452,0.0,15.0,0.7999999999999999,15.0
SP_4_3,2026-06-18,0.0,0.23979013880637237,-11.30096780314913,-19.201026502289608,5.1,0.0,19.2,0.0
SP_4_3,2026-06-21,0.0,0.20277788681839473,-10.682695574100666,-17.692484787671763,0.5,0.0,13.5,0.0
SP_4_3,2026-06-23,0.0,0.20311568825370016,-7.591344447635931,-14.546383088553123,3.6,0.0,8.3,0.0
SP_4_3,2026-06-27,0.0,0.24025199737097958,-9.705244572076065,-16.04481185354883,2.1999999999999997,15.0,5.8,15.0
SP_4_3,2026-06-29,0.0,0.21033832627719726,-9.310972673865356,-16.258158396666737,2.0,0.0,2.4,15.0
SP_4_3,2026-06-30,0.0,0.19413795795960795,-9.422095138653702,-16.038354484302822,0.1,0.0,2.3,15.0
SP_4_3,2026-07-03,0.0,0.19427975069194414,-7.892600074480265,-13.867601288727503,5.8999999999999995,0.0,7.8999999999999995,0.0
SP_4_3,2026-07-05,0.0,0.2669812426903625,-6.951851229818747,-13.357437447028381,28.5,0.0,29.299999999999997,0.0
SP_4_3,2026-07-06,0.0,0.2635603860650973,-8.518849290329571,-14.48222126698196,27.599999999999998,0.0,33.5,0.0
SP_4_3,2026-07-09,0.0,0.2617361481138364,-7.950384143334731,-13.947653498750077,11.4,0.0,44.1,0.0
SP_4_3,2026-07-11,0.0,0.2768746864800506,-8.039542198103529,-14.364944034801034,18.6,0.0,34.2,0.0
SP_4_3,2026-07-12,0.0,0.2713044320234125,-8.099499985875415,-14.04933098750931,14.399999999999999,0.0,30.0,0.0
SP_4_3,2026-07-15,0.0,0.25526457811157516,-9.053460318431526,-14.777902617338686,5.7,0.0,26.6,0.0
SP_4_3,2026-07-17,0.0,0.23935722436262036,-7.770152227908428,-12.198970460322094,4.800000000000001,0.0,21.7,0.0
SP_4_3,2026-07-18,0.0,0.22520484977131527,-9.3149747825044,-13.053006124407876,2.6,0.0,10.6,0.0
SP_4_3,2026-07-21,0.0,0.24332290131402923,-7.6506805650195,-11.596275175339843,9.9,0.0,14.700000000000001,0.0
SP_4_3,2026-07-23,0.0,0.23926175361664617,-7.883100407515682,-12.732448722091473,17.5,0.0,17.5,0.0
SP_4_3,2026-07-24,0.0,0.2444196496930197,-8.621379963658594,-13.232477243503158,10.6,0.0,20.5,0.0
SP_4_3,2026-07-27,0.0,0.2997543169270425,-7.92170823389646,-12.24619651073678,28.7,0.0,49.2,0.0
SP_4_3,2026-07-29,0.0,0.2959583248228171,-7.539847876807149,-12.113904586244903,8.4,0.0,40.0,0.0
SP_4_3,2026-07-30,0.0,0.3108317466739466,-8.45422307635921,-13.147714841784948,16.1,0.0,47.8,0.0
SP_4_3,2026-08-02,0.0,0.24931559511721457,-8.27644871608589,-13.12122303284233,0.3,0.0,16.5,0.0
SP_4_3,2026-08-04,0.0,0.23803408678044558,-7.28221396485122,-12.841116065852724,2.4,0.0,15.299999999999999,0.0
SP_4_3,2026-08-05,0.0,0.22759873789113294,-8.791159867598031,-14.173640673697168,2.4,0.0,10.5,0.0
SP_4_3,2026-08-08,0.0,0.27213126695481993,-9.259296897517071,-14.01351913169979,19.8,0.0,22.2,0.0
SP_4_3,2026-08-10,0.0,0.24577930523304836,-7.7529692711958855,-14.026947485025635,5.1,0.0,21.0,0.0
SP_4_3,2026-08-11,0.0,0.2390333075016548,-9.697025490949642,-15.219743938983193,0.75,0.0,20.55,0.0
SP_4_3,2026-08-14,0.0,0.2932137810437967,-8.281725903756586,-11.15015433923109,18.5,0.0,23.75,0.0
SP_4_3,2026-08-16,0.0,0.2642563861853744,-8.530125890466081,-12.454686441783844,17.8,0.0,19.25,0.0
SP_4_3,2026-08-17,0.0,0.24384805845585278,-9.687514725071567,-13.01400762243329,0.65,0.0,19.3,0.0
SP_4_3,2026-08-20,0.0,0.20401642873264197,-8.21020371373868,-11.859080389403271,2.0,0.0,19.849999999999998,0.0
SP_4_3,2026-08-22,0.0,0.19695169717523586,-8.662705412933306,-13.06210468958816,2.8,0.0,3.45,0.0
SP_4_3,2026-08-23,0.0,0.18053605537340445,-9.516247740870538,-13.50579201957932,1.4000000000000001,0.0,3.45,0.0
SP_4_3,2026-08-26,0.0,0.15,-8.481849466415138,-12.539115675655761,0.6,0.0,3.4,0.0
SP_4_6,2026-04-06,0.0,0.2648583117287897,-9.519557886323174,-18.568172509726427,10.600000000000001,0.0,14.5,0.0
SP_4_6,2026-04-09,0.0,0.27915096983802545,-7.485372107245172,-15.200059279093342,9.2,0.0,19.900000000000002,0.0
SP_4_6,2026-04-11,0.0,0.27999963528491156,-5.0081555017773605,-14.38760405703708,12.7,0.0,23.3,0.0
SP_4_6,2026-04-12,0.0,0.2737462496422408,-7.081595241079977,-15.445243021578523,6.4,0.0,18.7,0.0
SP_4_6,2026-04-18,0.0,0.2901780411935214,-7.412401205473143,-15.789353993878457,12.7,0.0,21.1,0.0
SP_4_6,2026-04-21,0.0,0.29057158262451427,-7.594407604451857,-16.8573210909168,5.5,0.0,20.2,0.0
SP_4_6,2026-04-23,0.0,0.3001606888583856,-6.133926058874383,-17.219241052389783,9.1,0.0,14.9,0.0
SP_4_6,2026-04-24,0.0,0.31101195601403825,-7.282241929563391,-15.381081658640259,12.899999999999999,0.0,19.5,0.0
SP_4_6,2026-04-30,0.0,0.3405068899055287,-8.450136961239444,-18.684898447877593,3.8000000000000003,0.0,38.3,0.0
SP_4_6,2026-05-03,0.0,0.3010293016699051,-12.266213481895793,-22.13422212677562,0.0,0.0,13.3,0.0
SP_4_6,2026-05-05,0.0,0.26924718223448374,-10.049804624403208,-19.743816171458942,0.3,0.0,2.8000000000000003,0.0
SP_4_6,2026-05-06,0.0,0.2506493180882343,-12.766271127032823,-22.367553536809098,0.3,0.0,0.9000000000000001,0.0
SP_4_6,2026-05-13,0.0,0.288594344416353,-8.352048286142978,-17.733935484653088,16.3,0.0,18.7,0.0
SP_4_6,2026-05-15,0.0,0.2718376748325901,-12.70986515139121,-22.007199985252306,0.1,0.0,18.400000000000002,0.0
SP_4_6,2026-05-16,0.0,0.2642385073553805,-12.826761087540177,-22.150634659820298,0.1,0.0,17.5,0.0
SP_4_6,2026-05-17,0.0,0.25878942451374254,-10.552747230028992,-19.268290663684446,0.7999999999999999,0.0,17.1,0.0
SP_4_6,2026-05-18,0.0,0.2339396489455467,-4.969916561576576,-14.761452412247252,0.7,0.0,5.2,0.0
SP_4_6,2026-05-24,0.0,0.15,-11.720316334888272,-21.807411038680673,1.4000000000000001,0.0,1.6,0.0
SP_4_6,2026-05-25,0.0,0.1888063930823162,-8.209513282306311,-18.48182892092494,5.9,0.0,6.2,0.0
SP_4_6,2026-05-27,0.0,0.2460275265244036,-8.40306927988591,-18.3221926388799,11.4,0.0,13.0,0.0
SP_4_6,2026-05-28,0.0,0.2524945610260522,-12.264405660607103,-21.455004603461116,8.5,0.0,14.5,0.0
SP_4_6,2026-05-29,0.0,0.2651491960721776,-9.649525771252009,-19.510097919319012,7.300000000000001,0.0,18.0,0.0
SP_4_6,2026-05-30,0.0,0.26639712298342144,-9.92008255190415,-17.17398084110439,7.4,0.0,18.8,0.0
SP_4_6,2026-06-08,0.0,0.16001172339324876,-12.158550422334184,-20.85007743846781,0.0,0.0,1.2999999999999998,0.0
SP_4_6,2026-06-09,0.0,0.24557762913992706,-12.068774446197308,-20.523568297976347,0.0,15.0,1.2999999999999998,15.0
SP_4_6,2026-06-11,0.0,0.18013698051600613,-11.399237933439093,-19.573526641884804,0.0,15.0,0.7999999999999999,15.0
SP_4_6,2026-06-18,0.0,0.24270972982606234,-11.21439341931394,-18.92157079119389,5.1,0.0,19.2,0.0
SP_4_6,2026-06-21,0.0,0.20611404596431016,-10.798855349992792,-17.261282450897188,0.5,0.0,13.5,0.0
SP_4_6,2026-06-23,0.0,0.2067990680256626,-7.111870371038399,-13.717882137546756,3.6,0.0,8.3,0.0
SP_4_6,2026-06-27,0.0,0.18080102263342118,-7.5756772336154645,-13.92927481711965,2.1999999999999997,0.0,5.8,0.0
SP_4_6,2026-06-29,0.0,0.24914575600678587,-9.002791855355976,-15.52865251449388,2.0,15.0,2.4,15.0
SP_4_6,2026-06-30,0.0,0.22345067961386902,-9.122655681117225,-15.222610219401055,0.1,15.0,2.3,15.0
SP_4_6,2026-07-03,0.0,0.2098810201167578,-7.207059493723804,-13.221097925840317,5.8999999999999995,0.0,7.8999999999999995,15.0
SP_4_6,2026-07-05,0.0,0.272263265113629,-6.962734422411506,-13.256788361949702,28.5,0.0,29.299999999999997,15.0
SP_4_6,2026-07-06,0.0,0.268875189068973,-8.48565243295041,-14.443337184684378,27.599999999999998,0.0,33.5,0.0
SP_4_6,2026-07-09,0.0,0.2654622217384717,-7.733967590951098,-13.842220730019317,11.4,0.0,44.1,0.0
SP_4_6,2026-07-11,0.0,0.28071615463196314,-8.077727668796294,-14.291266094259703,18.6,0.0,34.2,0.0
SP_4_6,2026-07-12,0.0,0.2751670939489889,-8.252032075910412,-14.281326286555071,14.399999999999999,0.0,30.0,0.0
SP_4_6,2026-07-15,0.0,0.2588687704720727,-8.629098561086813,-12.7835013175069,5.7,0.0,26.6,0.0
SP_4_6,2026-07-17,0.0,0.24298975758041505,-7.43026047786263,-12.314956897069944,4.800000000000001,0.0,21.7,0.0
SP_4_6,2026-07-18,0.0,0.22900841051176082,-8.873169678966429,-13.170854536785946,2.6,0.0,10.6,0.0
SP_4_6,2026-07-21,0.0,0.24561715966950803,-7.7169278859552985,-11.607526644330719,9.9,0.0,14.700000000000001,0.0
SP_4_6,2026-07-23,0.0,0.2422822663854718,-7.772501299311136,-12.479191497980906,17.5,0.0,17.5,0.0
SP_4_6,2026-07-24,0.0,0.24730798265375817,-8.517804999884966,-13.111754762524237,10.6,0.0,20.5,0.0
SP_4_6,2026-07-27,0.0,0.3033469445248912,-8.080165229888198,-12.108023622820618,28.7,0.0,49.2,0.0
SP_4_6,2026-07-29,0.0,0.29954123858709475,-7.61562466925923,-12.210479302652853,8.4,0.0,40.0,0.0
SP_4_6,2026-07-30,0.0,0.314425452092061,-8.500054268889949,-13.033461554028975,16.1,0.0,47.8,0.0
SP_4_6,2026-08-02,0.0,0.2535329880600997,-8.238761386384134,-12.810572386343422,0.3,0.0,16.5,0.0
SP_4_6,2026-08-04,0.0,0.24205342927299667,-7.25024874227008,-12.750711782642973,2.4,0.0,15.299999999999999,0.0
SP_4_6,2026-08-05,0.0,0.23200357440911845,-8.699854272675191,-13.981212031351157,2.4,0.0,10.5,0.0
SP_4_6,2026-08-08,0.0,0.2729294086352201,-9.335657841174381,-14.262231544700866,19.8,0.0,22.2,0.0
SP_4_6,2026-08-10,0.0,0.24705889950137816,-7.6894349915827505,-13.982768840299117,5.1,0.0,21.0,0.0
SP_4_6,2026-08-11,0.0,0.24058273304948816,-9.438587450974804,-14.963629889427763,0.75,0.0,20.55,0.0
SP_4_6,2026-08-14,0.0,0.2948869143298867,-8.238671425359216,-10.923034578116788,18.5,0.0,23.75,0.0
SP_4_6,2026-08-16,0.0,0.26611546760806015,-8.496032717328587,-12.340077443861588,17.8,0.0,19.25,0.0
SP_4_6,2026-08-17,0.0,0.2455894782747342,-9.234940132882318,-12.445039197379435,0.65,0.0,19.3,0.0
SP_4_6,2026-08-20,0.0,0.2075261856702043,-8.348829935930945,-11.492725882134389,2.0,0.0,19.849999999999998,0.0
SP_4_6,2026-08-22,0.0,0.20201088499525016,-8.43501921269979,-12.95899542579938,2.8,0.0,3.45,0.0
SP_4_6,2026-08-23,0.0,0.18677124861478142,-9.308603325080858,-13.315622673148011,1.4000000000000001,0.0,3.45,0.0
SP_4_6,2026-08-26,0.0,0.15324231659724818,-10.00673817182294,-15.31013190632942,0.6,0.0,3.4,0.0
SP_4_8,2026-04-06,0.0,0.2649331292346549,-8.991282617101557,-17.936732903073633,10.600000000000001,0.0,14.5,0.0
SP_4_8,2026-04-09,0.0,0.279203755718348,-4.969786842631512,-13.451482203934237,9.2,0.0,19.900000000000002,0.0
SP_4_8,2026-04-11,0.0,0.2800265806160695,-4.412069746018953,-12.712195638005877,12.7,0.0,23.3,0.0
SP_4_8,2026-04-12,0.0,0.27378055874195684,-5.226083805549885,-13.553303123283001,6.4,0.0,18.7,0.0
SP_4_8,2026-04-18,0.0,0.2901324460981865,-5.324325228874787,-13.533776560379314,12.7,0.0,21.1,0.0
SP_4_8,2026-04-21,0.0,0.2905330106453123,-4.7370259517753786,-13.239342390830661,5.5,0.0,20.2,0.0
SP_4_8,2026-04-23,0.0,0.30010978666045984,-5.8450065425098785,-14.537274700911698,9.1,0.0,14.9,0.0
SP_4_8,2026-04-24,0.0,0.31094325931584715,-5.231808006717445,-13.469382289534444,12.899999999999999,0.0,19.5,0.0
SP_4_8,2026-04-30,0.0,0.3404424394239876,-6.522270573370742,-15.53131049590283,3.8000000000000003,0.0,38.3,0.0
SP_4_8,2026-05-03,0.0,0.3009420739135777,-9.848591148802177,-20.212488451114066,0.0,0.0,13.3,0.0
SP_4_8,2026-05-05,0.0,0.26915721481946125,-9.235074800320342,-17.84517085370239,0.3,0.0,2.8000000000000003,0.0
SP_4_8,2026-05-06,0.0,0.2505491173645199,-10.717288956209437,-20.175332888320288,0.3,0.0,0.9000000000000001,0.0
SP_4_8,2026-05-13,0.0,0.2885274274276607,-3.1090305639328526,-20.132278248976743,16.3,0.0,18.7,0.0
SP_4_8,2026-05-15,0.0,0.27173967255759107,-10.892991322184608,-23.01526971312473,0.1,0.0,18.400000000000002,0.0
SP_4_8,2026-05-16,0.0,0.2641463406216326,-11.302444785883466,-23.00145872216255,0.1,0.0,17.5,0.0
SP_4_8,2026-05-17,0.0,0.2587020934274903,-9.372662753463844,-19.538650271894685,0.7999999999999999,0.0,17.1,0.0
SP_4_8,2026-05-18,0.0,0.23366643417207478,-3.6577700967122273,-17.52154498986349,0.7,0.0,5.2,0.0
SP_4_8,2026-05-24,0.0,0.15,-9.012541717082943,-23.47170905582502,1.4000000000000001,0.0,1.6,0.0
SP_4_8,2026-05-25,0.0,0.19015187101379513,-5.665626532608533,-21.54361865679003,5.9,0.0,6.2,0.0
SP_4_8,2026-05-27,0.0,0.2487822600149507,-3.8048106571365166,-20.508961061533153,11.4,0.0,13.0,0.0
SP_4_8,2026-05-28,0.0,0.25503308967840965,-9.070676807244745,-22.450964584647075,8.5,0.0,14.5,0.0
SP_4_8,2026-05-29,0.0,0.2673618743971668,-7.998396605843288,-20.9094162983676,7.300000000000001,0.0,18.0,0.0
SP_4_8,2026-05-30,0.0,0.2687680016097343,-7.831744870491449,-19.131871862754522,7.4,0.0,18.8,0.0
SP_4_8,2026-06-08,0.0,0.17643965162203432,-10.30365971488218,-21.755031237956167,0.0,0.0,1.2999999999999998,10.0
SP_4_8,2026-06-09,0.0,0.15,-10.266732792601172,-21.597203894874212,0.0,0.0,1.2999999999999998,0.0
SP_4_8,2026-06-11,0.0,0.23895973601125808,-8.90198970941501,-19.902351330288756,0.0,15.0,0.7999999999999999,15.0
SP_4_8,2026-06-18,0.0,0.2553864304932242,-7.019122300903858,-17.18487751676553,5.1,0.0,19.2,0.0
SP_4_8,2026-06-21,0.0,0.21174001777687665,-7.811155487625369,-16.52775784159828,0.5,0.0,13.5,0.0
SP_4_8,2026-06-23,0.0,0.20750888861450562,-5.788119572315509,-14.614128289228203,3.6,0.0,8.3,0.0
SP_4_8,2026-06-27,0.0,0.25558148254776897,-5.793419705639007,-15.236133061476531,2.1999999999999997,15.0,5.8,15.0
SP_4_8,2026-06-29,0.0,0.22186518636375943,-3.4348698880791977,-14.476863826154458,2.0,15.0,2.4,15.0
SP_4_8,2026-06-30,0.0,0.2028660535461249,-5.887343645059751,-14.608138577703452,0.1,0.0,2.3,15.0
SP_4_8,2026-07-03,0.0,0.19535171711122604,-3.0364368477435884,-12.552082138203755,5.8999999999999995,0.0,7.8999999999999995,15.0
SP_4_8,2026-07-05,0.0,0.27735741709001,-2.3748716539086816,-12.714114237967662,28.5,0.0,29.299999999999997,0.0
SP_4_8,2026-07-06,0.0,0.2763740984862545,-4.34707331171155,-13.628287638288853,27.599999999999998,0.0,33.5,0.0
SP_4_8,2026-07-09,0.0,0.2758269800867192,-4.26947447059602,-12.63642566397577,11.4,0.0,44.1,0.0
SP_4_8,2026-07-11,0.0,0.2931295882854493,-3.587433577684949,-13.202048218869646,18.6,0.0,34.2,0.0
SP_4_8,2026-07-12,0.0,0.28795304154947193,-4.795272458032401,-12.997022417328612,14.399999999999999,0.0,30.0,0.0
SP_4_8,2026-07-15,0.0,0.27236865388615544,-5.257040335873504,-12.692441234294867,5.7,0.0,26.6,0.0
SP_4_8,2026-07-17,0.0,0.25723809664996394,-4.980336068599626,-13.384026156647653,4.800000000000001,0.0,21.7,0.0
SP_4_8,2026-07-18,0.0,0.24405643338982755,-6.535958641614269,-13.643061012938041,2.6,0.0,10.6,0.0
SP_4_8,2026-07-21,0.0,0.256430020667466,-5.373726334421098,-12.482539741223066,9.9,0.0,14.700000000000001,0.0
SP_4_8,2026-07-23,0.0,0.2557890938244582,-5.102961129257961,-12.763137970863461,17.5,0.0,17.5,0.0
SP_4_8,2026-07-24,0.0,0.2603940306695436,-6.147644046309311,-13.239496506698858,10.6,0.0,20.5,0.0
SP_4_8,2026-07-27,0.0,0.31958603758407617,-5.682060525491695,-12.559989559050848,28.7,0.0,49.2,0.0
SP_4_8,2026-07-29,0.0,0.3159876549423718,-5.631181009873105,-12.564126932764228,8.4,0.0,40.0,0.0
SP_4_8,2026-07-30,0.0,0.33094926168736066,-6.366677270173011,-13.337777619818587,16.1,0.0,47.8,0.0
SP_4_8,2026-08-02,0.0,0.2743710245116722,-6.0165417836023245,-12.519835349584936,0.3,0.0,16.5,0.0
SP_4_8,2026-08-04,0.0,0.26363553332954404,-5.193196498168784,-12.269176740029701,2.4,0.0,15.299999999999999,0.0
SP_4_8,2026-08-05,0.0,0.25533686931721733,-6.315091607895709,-13.101256603746858,2.4,0.0,10.5,0.0
SP_4_8,2026-08-08,0.0,0.2906244252184734,-5.984577930339859,-12.583709906562309,19.8,0.0,22.2,0.0
SP_4_8,2026-08-10,0.0,0.26039508402708245,-5.711699672989166,-12.65592072176785,5.1,0.0,21.0,0.0
SP_4_8,2026-08-11,0.0,0.2518721580406912,-6.720980584995467,-13.277897017480672,0.75,0.0,20.55,0.0
SP_4_8,2026-08-14,0.0,0.29716345835440855,-6.955936734681729,-13.236837084023506,18.5,0.0,23.75,0.0
SP_4_8,2026-08-16,0.0,0.26427606636644224,-6.525589693299128,-12.961451403371356,17.8,0.0,19.25,0.0
SP_4_8,2026-08-17,0.0,0.24063727477694768,-7.3224976657606975,-13.63991888716819,0.65,0.0,19.3,0.0
SP_4_8,2026-08-20,0.0,0.18997190841679532,-6.90470216581343,-13.217496190172282,2.0,0.0,19.849999999999998,0.0
SP_4_8,2026-08-22,0.0,0.1735463561792704,-6.501547060293497,-13.062702663739529,2.8,0.0,3.45,0.0
SP_4_8,2026-08-23,0.0,0.15233427040138145,-6.900300245584562,-13.226159034132678,1.4000000000000001,0.0,3.45,0.0
SP_4_8,2026-08-26,0.0,0.15,-6.6367379086738545,-12.956936602934109,0.6,0.0,3.4,0.0
SP_6_1,2026-04-06,0.0,0.2661243485108451,-7.315796259227087,-15.574099897227413,11.3,0.0,15.5,0.0
SP_6_1,2026-04-09,0.0,0.27805160735508594,-4.62711060621194,-12.77831806251385,8.299999999999999,0.0,19.599999999999998,0.0
SP_6_1,2026-04-11,0.0,0.28022657239196097,-3.855976932371564,-11.989856075657519,13.0,0.0,22.5,0.0
SP_6_1,2026-04-12,0.0,0.27204618709857814,-5.04449854396324,-12.985072627551467,6.300000000000001,0.0,17.6,0.0
SP_6_1,2026-04-18,0.0,0.2955229763513138,-4.596142236873931,-12.294585131855193,14.2,0.0,23.0,0.0
SP_6_1,2026-04-21,0.0,0.2972095021958827,-4.792836438291534,-13.225747761373812,6.5,0.0,23.8,0.0
SP_6_1,2026-04-23,0.0,0.30022881670487694,-5.454403147836079,-14.885320196062215,7.7,0.0,15.1,0.0
SP_6_1,2026-04-24,0.0,0.3124818321663337,-5.024168367408283,-12.892290999288502,11.600000000000001,0.0,19.400000000000002,0.0
SP_6_1,2026-04-30,0.0,0.3421170511795159,-5.900787394246318,-14.757692778543154,3.5,0.0,38.6,0.0
SP_6_1,2026-05-03,0.0,0.302907565812144,-9.337514373613956,-18.88654500434167,0.0,0.0,13.2,0.0
SP_6_1,2026-05-05,0.0,0.2704353864699796,-7.946919329636407,-17.86459654998751,0.1,0.0,2.3000000000000003,0.0
SP_6_1,2026-05-06,0.0,0.2520886398462884,-9.636461060910301,-18.137496574636913,0.1,0.0,0.6,0.0
SP_6_1,2026-05-13,0.0,0.2910787190243454,-8.163555965498988,-17.57033460799468,16.4,0.0,19.4,0.0
SP_6_1,2026-05-15,0.0,0.2750319793281757,-10.48802353162553,-20.44390456161586,0.2,0.0,19.1,0.0
SP_6_1,2026-05-16,0.0,0.26646363341229157,-11.065776620955809,-21.23255913241774,0.2,0.0,18.0,0.0
SP_6_1,2026-05-17,0.0,0.2588404186259415,-7.088518950033168,-20.54328242736102,0.6000000000000001,0.0,17.0,0.0
SP_6_1,2026-05-18,0.0,0.2335527612960662,-7.659651543307956,-20.995828494766762,0.4,0.0,4.8,0.0
SP_6_1,2026-05-24,0.0,0.15,-10.452878378195994,-21.62406964807669,2.8000000000000003,0.0,3.2,0.0
SP_6_1,2026-05-25,0.0,0.26298175925920814,-5.26568845444077,-18.765246806174467,6.4,10.0,6.800000000000001,10.0
SP_6_1,2026-05-27,0.0,0.27454688456538956,-4.448777057239173,-18.902491433708338,11.0,10.0,14.200000000000001,10.0
SP_6_1,2026-05-28,0.0,0.27304759206829504,-9.788571980037059,-21.246026035274134,8.6,0.0,15.0,10.0
SP_6_1,2026-05-29,0.0,0.2814715608045697,-5.145700838787569,-20.28593780526277,7.2,0.0,18.5,10.0
SP_6_1,2026-05-30,0.0,0.28176004393470355,-11.192560211548745,-18.117416993622726,7.0,0.0,18.1,10.0
SP_6_1,2026-06-08,0.0,0.21206087417946498,-11.142115545120566,-21.175815059970716,0.0,10.0,1.1,10.0
SP_6_1,2026-06-09,0.0,0.1847872677897499,-11.055190272923854,-21.409432457176592,0.0,0.0,1.1,10.0
SP_6_1,2026-06-11,0.0,0.2388004619726244,-5.269429246833739,-20.625627395477203,0.0,15.0,1.0,25.0
SP_6_1,2026-06-18,0.0,0.24773032028726674,-5.820826032456086,-16.29926684189838,4.7,0.0,16.599999999999998,0.0
SP_6_1,2026-06-21,0.0,0.21194500035831676,-7.707025773360052,-16.831932140230073,0.5,0.0,11.7,0.0
SP_6_1,2026-06-23,0.0,0.21335349249541705,1.625404333463031,-14.609921648103818,4.3999999999999995,0.0,9.2,0.0
SP_6_1,2026-06-27,0.0,0.26063760901907956,-7.3255936540996185,-15.71334347931344,2.4,15.0,6.8,15.0
SP_6_1,2026-06-29,0.0,0.22426109863720672,0.6984785355927449,-13.51076538813913,2.1999999999999997,15.0,2.8,15.0
SP_6_1,2026-06-30,0.0,0.20692339464428805,-5.037789428747544,-13.630184261463832,0.30000000000000004,0.0,2.7,15.0
SP_6_1,2026-07-03,0.0,0.22558927772814952,-4.2427959434820055,-12.583899112138834,4.9,10.0,7.1,25.0
SP_6_1,2026-07-05,0.0,0.28576086222890995,-1.4224082411177186,-12.369340167709815,27.8,0.0,28.6,10.0
SP_6_1,2026-07-06,0.0,0.2810798372256318,-4.715191546059041,-13.070728525112651,27.7,0.0,32.6,10.0
SP_6_1,2026-07-09,0.0,0.2685699031852793,-5.229517829625253,-12.856453360262316,10.1,0.0,42.0,0.0
SP_6_1,2026-07-11,0.0,0.291200862910688,-3.2031805639371598,-13.081599045957166,18.7,0.0,36.8,0.0
SP_6_1,2026-07-12,0.0,0.284106006837268,-5.407222706957669,-13.215063539612636,15.700000000000001,0.0,29.9,0.0
SP_6_1,2026-07-15,0.0,0.2668071515192721,-6.460019658143585,-13.290028319308028,5.4,0.0,26.2,0.0
SP_6_1,2026-07-17,0.0,0.2517952351924961,-5.959212869590903,-14.020125963425677,4.8,0.0,23.1,0.0
SP_6_1,2026-07-18,0.0,0.2378727022863405,-6.68714028408909,-13.661980729245311,2.8,0.0,10.3,0.0
SP_6_1,2026-07-21,0.0,0.25375222010361004,-7.085112384823237,-13.63101556452083,10.7,0.0,15.5,0.0
SP_6_1,2026-07-23,0.0,0.30958644924146284,-5.383183595142106,-12.962521178404012,20.6,20.0,20.6,20.0
SP_6_1,2026-07-24,0.0,0.31243886395872295,-6.567545171857967,-13.278502166634158,15.3,20.0,26.0,20.0
SP_6_1,2026-07-27,0.0,0.3590810641108862,-6.359513453075002,-13.003888854511292,29.900000000000002,0.0,55.9,20.0
SP_6_1,2026-07-29,0.0,0.34635808788738387,-5.400520316350158,-13.192060041066412,7.9,0.0,43.2,0.0
SP_6_1,2026-07-30,0.0,0.35895598228810066,-6.030446510006167,-13.394764460202545,15.6,0.0,50.9,0.0
SP_6_1,2026-08-02,0.0,0.2967265393251726,-6.6252520421489525,-13.158386041655978,0.7,0.0,16.3,0.0
SP_6_1,2026-08-04,0.0,0.2814390069625485,-4.95540809106693,-12.391847078998026,2.2,0.0,14.5,0.0
SP_6_1,2026-08-05,0.0,0.27312376531995947,-6.481264375696623,-13.353531850148881,2.2,0.0,10.6,0.0
SP_6_1,2026-08-08,0.0,0.3169156296423811,-6.024718019862972,-12.192563275198955,19.7,0.0,21.9,0.0
SP_6_1,2026-08-10,0.0,0.29477933713624777,-5.6018479619176205,-12.633171789099757,7.800000000000001,0.0,21.4,0.0
SP_6_1,2026-08-11,0.0,0.2875810771047051,-6.126556387069053,-12.89024479810677,1.75,0.0,21.45,0.0
SP_6_1,2026-08-14,0.0,0.3301884022431988,-7.268160079743521,-13.36795277002041,17.65,0.0,25.6,0.0
SP_6_1,2026-08-16,0.0,0.3028594744528656,-6.221393969761493,-12.90593115104555,15.6,0.0,18.4,0.0
SP_6_1,2026-08-17,0.0,0.2855666546915571,-7.199454009837436,-13.463722971897996,0.65,0.0,18.45,0.0
SP_6_1,2026-08-20,0.0,0.2629599055054442,-7.013532172720503,-13.238777456724701,1.7999999999999998,0.0,17.45,0.0
SP_6_1,2026-08-22,0.0,0.2569454315483975,-6.467715119809178,-13.087964455793795,2.1,0.0,2.75,0.0
SP_6_1,2026-08-23,0.0,0.24890798685948068,-6.397101524697499,-12.915625330157328,0.9,0.0,2.75,0.0
SP_6_1,2026-08-26,0.0,0.2446536485975596,-6.850336287960287,-13.073081626409413,0.1,0.0,2.2,0.0
SP_6_2,2026-04-06,0.0,0.2662127612469686,-7.466895465382045,-15.988007745492547,11.3,0.0,15.5,0.0
SP_6_2,2026-04-09,0.0,0.2781465419742903,-4.924509840986878,-12.87208675810308,8.299999999999999,0.0,19.599999999999998,0.0
SP_6_2,2026-04-11,0.0,0.28032476369343934,-3.8714952315911138,-12.044288574975361,13.0,0.0,22.5,0.0
SP_6_2,2026-04-12,0.0,0.27219783682463156,-5.014538122533977,-13.146916262640243,6.300000000000001,0.0,17.6,0.0
SP_6_2,2026-04-18,0.0,0.2957159732760026,-4.5120920857864935,-12.444970737655616,14.2,0.0,23.0,0.0
SP_6_2,2026-04-21,0.0,0.2973997112754601,-4.932343430071208,-13.285522823313343,6.5,0.0,23.8,0.0
SP_6_2,2026-04-23,0.0,0.30045370000528754,-5.854196768581474,-15.338451702091875,7.7,0.0,15.1,0.0
SP_6_2,2026-04-24,0.0,0.31270662810028976,-5.131623404210842,-13.399206497611793,11.600000000000001,0.0,19.400000000000002,0.0
SP_6_2,2026-04-30,0.0,0.34238988374231294,-6.181977289432843,-15.395839417951816,3.5,0.0,38.6,0.0
SP_6_2,2026-05-03,0.0,0.3032636768759301,-9.619320046821736,-19.392334416044783,0.0,0.0,13.2,0.0
SP_6_2,2026-05-05,0.0,0.2709920256899239,-8.414506135110994,-18.594193927185984,0.1,0.0,2.3000000000000003,0.0
SP_6_2,2026-05-06,0.0,0.2528238505900695,-10.04876973331352,-18.916678674538602,0.1,0.0,0.6,0.0
SP_6_2,2026-05-13,0.0,0.29155688847037164,-7.926704832408697,-19.27617673288083,16.4,0.0,19.4,0.0
SP_6_2,2026-05-15,0.0,0.27553156258885775,-11.727084088381263,-22.49566775177478,0.2,0.0,19.1,0.0
SP_6_2,2026-05-16,0.0,0.26700152327625404,-11.855326901820098,-22.386734178749794,0.2,0.0,18.0,0.0
SP_6_2,2026-05-17,0.0,0.25942239746158724,-7.437185283543761,-21.778778130800664,0.6000000000000001,0.0,17.0,0.0
SP_6_2,2026-05-18,0.0,0.23438976256030772,-7.8096564133425295,-21.934785828704296,0.4,0.0,4.8,0.0
SP_6_2,2026-05-24,0.0,0.15,-6.5847909198822965,-22.372835536183754,2.8000000000000003,0.0,3.2,0.0
SP_6_2,2026-05-25,0.0,0.26351075346538994,-0.8628529852872564,-19.162673715213185,6.4,10.0,6.800000000000001,10.0
SP_6_2,2026-05-27,0.0,0.27513445835098416,-5.556691971982345,-19.20280122803121,11.0,10.0,14.200000000000001,10.0
SP_6_2,2026-05-28,0.0,0.2736795937274983,-11.225883935724319,-22.13532139238819,8.6,0.0,15.0,10.0
SP_6_2,2026-05-29,0.0,0.2820681563113628,-5.173134292845844,-21.1220744460166,7.2,0.0,18.5,10.0
SP_6_2,2026-05-30,0.0,0.28235971354037376,-10.542206621254591,-18.6000305105385,7.0,0.0,18.1,10.0
SP_6_2,2026-06-08,0.0,0.21256970837867548,-11.679436633753554,-22.160687274072146,0.0,10.0,1.1,10.0
SP_6_2,2026-06-09,0.0,0.18452064285078215,-11.54697455079421,-22.077510183437102,0.0,0.0,1.1,10.0
SP_6_2,2026-06-11,0.0,0.23906766748516112,-5.0707399095917784,-20.783919515966105,0.0,15.0,1.0,25.0
SP_6_2,2026-06-18,0.0,0.24854003013669523,-5.007088019626065,-16.212579030478782,4.7,0.0,16.599999999999998,0.0
SP_6_2,2026-06-21,0.0,0.21138320812247402,-8.266636397036482,-16.56605387173813,0.5,0.0,11.7,0.0
SP_6_2,2026-06-23,0.0,0.21408744989472625,0.25164249957994733,-14.734925701421261,4.3999999999999995,0.0,9.2,0.0
SP_6_2,2026-06-27,0.0,0.26152072401467263,-7.490721934087174,-15.761845387997129,2.4,15.0,6.8,15.0
SP_6_2,2026-06-29,0.0,0.2258196093114441,-1.1409965220803935,-14.015611124165869,2.1999999999999997,15.0,2.8,15.0
SP_6_2,2026-06-30,0.0,0.2086314606673505,-4.1754320734085235,-13.833761655983327,0.30000000000000004,0.0,2.7,15.0
SP_6_2,2026-07-03,0.0,0.22718752131342612,-4.406355198139018,-12.673650103967454,4.9,10.0,7.1,25.0
SP_6_2,2026-07-05,0.0,0.2876949005972853,-1.3431642743391787,-12.382785252655871,27.8,0.0,28.6,10.0
SP_6_2,2026-07-06,0.0,0.28320323909219625,-3.7021842889094363,-13.047595898423168,27.7,0.0,32.6,10.0
SP_6_2,2026-07-09,0.0,0.2708062074788765,-4.950616220844546,-12.764857918242352,10.1,0.0,42.0,0.0
SP_6_2,2026-07-11,0.0,0.2936835999050519,-2.848340773291287,-13.000003400707769,18.7,0.0,36.8,0.0
SP_6_2,2026-07-12,0.0,0.2865767428106858,-4.4926821334713996,-13.155042906880833,15.700000000000001,0.0,29.9,0.0
SP_6_2,2026-07-15,0.0,0.26932248800346953,-6.295930244791435,-13.076093382546341,5.4,0.0,26.2,0.0
SP_6_2,2026-07-17,0.0,0.25449245771339163,-5.6749679562965305,-13.809703665515551,4.8,0.0,23.1,0.0
SP_6_2,2026-07-18,0.0,0.24066122303288418,-6.238470041805466,-13.416011069492761,2.8,0.0,10.3,0.0
SP_6_2,2026-07-21,0.0,0.2559740683892867,-6.884076114182319,-13.533433670794704,10.7,0.0,15.5,0.0
SP_6_2,2026-07-23,0.0,0.31293611516877334,-5.04146877857361,-12.646243410640917,20.6,20.0,20.6,20.0
SP_6_2,2026-07-24,0.0,0.31573029199309977,-6.118904272821803,-13.10897035809745,15.3,20.0,26.0,20.0
SP_6_2,2026-07-27,0.0,0.3625181342998564,-6.2366376713900795,-12.789122912590116,29.900000000000002,0.0,55.9,20.0
SP_6_2,2026-07-29,0.0,0.34972308813368047,-5.122372219315521,-12.853005501443413,7.9,0.0,43.2,0.0
SP_6_2,2026-07-30,0.0,0.36230161251356613,-5.804134105075657,-13.033335034397702,15.6,0.0,50.9,0.0
SP_6_2,2026-08-02,0.0,0.3004349376959167,-6.525664680041009,-12.982109802588917,0.7,0.0,16.3,0.0
SP_6_2,2026-08-04,0.0,0.2850955283323343,-4.805622343832591,-12.189115147572549,2.2,0.0,14.5,0.0
SP_6_2,2026-08-05,0.0,0.27611009228919436,-6.319142900387268,-13.36503669294961,2.2,0.0,10.6,0.0
SP_6_2,2026-08-08,0.0,0.31353438236685255,-6.107470141403471,-12.318062724764916,19.7,0.0,21.9,0.0
SP_6_2,2026-08-10,0.0,0.29247784087076084,-5.313594314063748,-12.480991365853383,7.800000000000001,0.0,21.4,0.0
SP_6_2,2026-08-11,0.0,0.28570175547342985,-6.131576598094563,-12.875741293739576,1.75,0.0,21.45,0.0
SP_6_2,2026-08-14,0.0,0.3291553276386551,-7.150906997606534,-13.291017224183502,17.65,0.0,25.6,0.0
SP_6_2,2026-08-16,0.0,0.30213310228382984,-6.235256808733352,-12.67420210756313,15.6,0.0,18.4,0.0
SP_6_2,2026-08-17,0.0,0.284871049726257,-7.1325521400972915,-13.208054616827628,0.65,0.0,18.45,0.0
SP_6_2,2026-08-20,0.0,0.26240833635719796,-7.236208355996395,-13.033500550604941,1.7999999999999998,0.0,17.45,0.0
SP_6_2,2026-08-22,0.0,0.2565160461474185,-6.3429578713769965,-12.798189141046738,2.1,0.0,2.75,0.0
SP_6_2,2026-08-23,0.0,0.2485157793763383,-6.2569626237485725,-12.585258852148112,0.9,0.0,2.75,0.0
SP_6_2,2026-08-26,0.0,0.24432126084453637,-6.989166134556194,-13.047321169196156,0.1,0.0,2.2,0.0
SP_6_3,2026-04-06,0.0,0.2662127612469686,-7.034536552589735,-15.772222923757253,11.3,0.0,15.5,0.0
SP_6_3,2026-04-09,0.0,0.2781385577989955,-5.0133828600738095,-13.181213969371893,8.299999999999999,0.0,19.599999999999998,0.0
SP_6_3,2026-04-11,0.0,0.2803210501836643,-3.4482085168241756,-12.08530438539919,13.0,0.0,22.5,0.0
SP_6_3,2026-04-12,0.0,0.2721611847479681,-4.902186862722221,-13.150401798381369,6.300000000000001,0.0,17.6,0.0
SP_6_3,2026-04-18,0.0,0.29567836591860547,-4.394613031922686,-12.428520149342345,14.2,0.0,23.0,0.0
SP_6_3,2026-04-21,0.0,0.297361624549284,-5.249303401009168,-13.783918002434008,6.5,0.0,23.8,0.0
SP_6_3,2026-04-23,0.0,0.300422369372691,-5.340467132386189,-15.212570183156624,7.7,0.0,15.1,0.0
SP_6_3,2026-04-24,0.0,0.3126770763101609,-5.052501655496467,-13.442672525118686,11.600000000000001,0.0,19.400000000000002,0.0
SP_6_3,2026-04-30,0.0,0.34236476480836286,-6.056145355540185,-15.306698710245083,3.5,0.0,38.6,0.0
SP_6_3,2026-05-03,0.0,0.30324067463429577,-10.043099454631175,-19.795411135724205,0.0,0.0,13.2,0.0
SP_6_3,2026-05-05,0.0,0.27096468851589023,-8.409092178941185,-18.68719505504133,0.1,0.0,2.3000000000000003,0.0
SP_6_3,2026-05-06,0.0,0.2527923483431973,-10.203352638212708,-18.98190616284814,0.1,0.0,0.6,0.0
SP_6_3,2026-05-13,0.0,0.29153285669059686,-9.4317359545919,-19.09060219227765,16.4,0.0,19.4,0.0
SP_6_3,2026-05-15,0.0,0.2755086586214606,-10.791070741445164,-20.559027917316868,0.2,0.0,19.1,0.0
SP_6_3,2026-05-16,0.0,0.2669783546532186,-10.829990032404233,-20.514665584298868,0.2,0.0,18.0,0.0
SP_6_3,2026-05-17,0.0,0.2593988778032395,-9.168777587284566,-19.492423058340812,0.6000000000000001,0.0,17.0,0.0
SP_6_3,2026-05-18,0.0,0.23436114410567033,-9.705801176795871,-19.973940422391323,0.4,0.0,4.8,0.0
SP_6_3,2026-05-24,0.0,0.15,-11.03884371677401,-22.395080486293544,2.8000000000000003,0.0,3.2,0.0
SP_6_3,2026-05-25,0.0,0.26470995357596766,-5.244287325336358,-19.641900369467958,6.4,10.0,6.800000000000001,10.0
SP_6_3,2026-05-27,0.0,0.2758241926360314,-3.2381042524224313,-19.611240299370248,11.0,10.0,14.200000000000001,10.0
SP_6_3,2026-05-28,0.0,0.27426590037419396,-9.330198490576041,-22.278557207574647,8.6,0.0,15.0,10.0
SP_6_3,2026-05-29,0.0,0.2826102455747537,-7.2112779807312934,-20.95784492198401,7.2,0.0,18.5,10.0
SP_6_3,2026-05-30,0.0,0.2828654395603992,-10.322581672750326,-18.55952625019685,7.0,0.0,18.1,10.0
SP_6_3,2026-06-08,0.0,0.21209409285007969,-10.456193032256811,-22.123077392715643,0.0,10.0,1.1,10.0
SP_6_3,2026-06-09,0.0,0.18242617271972025,-10.61368091613138,-22.446813494504894,0.0,0.0,1.1,10.0
SP_6_3,2026-06-11,0.0,0.15,-8.627406278517679,-21.968242153453815,0.0,0.0,1.0,10.0
SP_6_3,2026-06-18,0.0,0.2558402696116362,-7.263036534271632,-19.078658298554753,4.7,0.0,16.599999999999998,15.0
SP_6_3,2026-06-21,0.0,0.2174221236769036,-9.574182471440688,-18.973573035804726,0.5,0.0,11.7,0.0
SP_6_3,2026-06-23,0.0,0.2180668802927381,-6.123218903021698,-17.50794125637812,4.3999999999999995,0.0,9.2,0.0
SP_6_3,2026-06-27,0.0,0.1952255497781496,-6.6528638992975715,-17.785157603768784,2.4,0.0,6.8,0.0
SP_6_3,2026-06-29,0.0,0.17469456804335434,-6.890485392490358,-16.58558952753273,2.1999999999999997,0.0,2.8,0.0
SP_6_3,2026-06-30,0.0,0.24793073511716565,-8.016637522604137,-16.43093471842426,0.30000000000000004,15.0,2.7,15.0
SP_6_3,2026-07-03,0.0,0.21683983333611537,-2.8963899321772786,-13.880427486680006,4.9,0.0,7.1,15.0
SP_6_3,2026-07-05,0.0,0.28184422041977836,-1.7030373139643442,-13.10546020146039,27.8,0.0,28.6,15.0
SP_6_3,2026-07-06,0.0,0.2775058335782104,-3.666149698992381,-13.225573190396853,27.7,0.0,32.6,15.0
SP_6_3,2026-07-09,0.0,0.26662717176784745,-4.060090647841496,-13.050398208180782,10.1,0.0,42.0,0.0
SP_6_3,2026-07-11,0.0,0.2896553692586303,-3.0903100310018248,-13.147886964504938,18.7,0.0,36.8,0.0
SP_6_3,2026-07-12,0.0,0.2826404298758252,-4.522584532767395,-12.841325228767207,15.700000000000001,0.0,29.9,0.0
SP_6_3,2026-07-15,0.0,0.26575495425184903,-5.742037229776528,-13.04668354147986,5.4,0.0,26.2,0.0
SP_6_3,2026-07-17,0.0,0.25095912324609126,-5.654692311581392,-13.4280593716766,4.8,0.0,23.1,0.0
SP_6_3,2026-07-18,0.0,0.2370943367394836,-6.463341805593574,-13.572797595298622,2.8,0.0,10.3,0.0
SP_6_3,2026-07-21,0.0,0.25367511576460106,-6.97474912103624,-13.396238403377394,10.7,0.0,15.5,0.0
SP_6_3,2026-07-23,0.0,0.30987260405810824,-5.763962927862848,-13.106800673752769,20.6,20.0,20.6,20.0
SP_6_3,2026-07-24,0.0,0.31276437241027244,-6.699791841682535,-13.468996114719232,15.3,20.0,26.0,20.0
SP_6_3,2026-07-27,0.0,0.3596477330193222,-6.140898355984895,-12.743292802503381,29.900000000000002,0.0,55.9,20.0
SP_6_3,2026-07-29,0.0,0.34690096885001065,-5.984266642952731,-13.233266723050821,7.9,0.0,43.2,0.0
SP_6_3,2026-07-30,0.0,0.3594664023809466,-6.381285705237424,-13.266700074559958,15.6,0.0,50.9,0.0
SP_6_3,2026-08-02,0.0,0.298271980868695,-6.565095065462288,-13.041283670993401,0.7,0.0,16.3,0.0
SP_6_3,2026-08-04,0.0,0.28288358303056144,-5.306377540403,-12.583817259817536,2.2,0.0,14.5,0.0
SP_6_3,2026-08-05,0.0,0.2744387989109932,-6.799980043073473,-13.484091337120516,2.2,0.0,10.6,0.0
SP_6_3,2026-08-08,0.0,0.3113682474815379,-6.271350962378918,-12.592587642344045,19.7,0.0,21.9,0.0
SP_6_3,2026-08-10,0.0,0.28305094042228574,-5.815780830144851,-12.843818703445166,7.800000000000001,0.0,21.4,0.0
SP_6_3,2026-08-11,0.0,0.27383778901666217,-6.514300748932112,-13.18383631816302,1.75,0.0,21.45,0.0
SP_6_3,2026-08-14,0.0,0.3203373544629262,-7.341054228939702,-13.60393979836402,17.75,0.0,25.7,0.0
SP_6_3,2026-08-16,0.0,0.2941974523743294,-6.419690444841523,-13.145393642585121,15.6,0.0,18.5,0.0
SP_6_3,2026-08-17,0.0,0.2765265910486219,-7.295532319161422,-13.606509810467948,0.65,0.0,18.55,0.0
SP_6_3,2026-08-20,0.0,0.2540034783788342,-7.161040475108983,-13.09560488379046,1.7999999999999998,0.0,17.45,0.0
SP_6_3,2026-08-22,0.0,0.24833867154049688,-6.53375556850627,-13.321154950031797,2.1,0.0,2.75,0.0
SP_6_3,2026-08-23,0.0,0.2399108758287998,-6.761889612902667,-13.28295489512164,0.9,0.0,2.75,0.0
SP_6_3,2026-08-26,0.0,0.23483949436073412,-6.990864966155997,-13.232535501292567,0.1,0.0,2.2,0.0
SP_6_4,2026-04-06,0.0,0.2662610795410672,-6.519609404848876,-15.177781209750794,11.3,0.0,15.5,0.0
SP_6_4,2026-04-11,0.0,0.2803882785270924,-3.795465017529451,-12.097436466118879,13.0,0.0,22.5,0.0
SP_6_4,2026-04-12,0.0,0.2722500026524434,-5.021067281761588,-13.062497788974007,6.300000000000001,0.0,17.6,0.0
SP_6_4,2026-04-18,0.0,0.2957902105561544,-4.666231989500232,-12.520081213300884,14.2,0.0,23.0,0.0
SP_6_4,2026-04-23,0.0,0.3005777782575847,-5.9566787064455315,-15.670908133983517,7.7,0.0,15.1,0.0
SP_6_4,2026-04-24,0.0,0.3128362843319925,-5.032521059559336,-13.27147188578297,11.600000000000001,0.0,19.400000000000002,0.0
SP_6_4,2026-04-30,0.0,0.3424947968012145,-6.239382849501084,-15.648600945060272,3.5,0.0,38.6,0.0
SP_6_4,2026-05-05,0.0,0.2712223221575121,-8.544221313727384,-18.93735594781803,0.1,0.0,2.3000000000000003,0.0
SP_6_4,2026-05-06,0.0,0.2530731044365362,-9.953903348694704,-19.142940700995716,0.1,0.0,0.6,0.0
SP_6_4,2026-05-13,0.0,0.291748977213192,-6.825211093237286,-18.56532124807304,16.4,0.0,19.4,0.0
SP_6_4,2026-05-17,0.0,0.2597717942181998,-9.687470287002851,-20.669083493494718,0.6000000000000001,0.0,17.0,0.0
SP_6_4,2026-05-18,0.0,0.23494541403610902,-10.227713704997365,-20.90380622516018,0.4,0.0,4.8,0.0
SP_6_4,2026-05-24,0.0,0.15,-9.882288894109532,-22.167504819968503,2.8000000000000003,0.0,3.2,0.0
SP_6_4,2026-05-25,0.0,0.26478605477339856,-5.413393997619077,-19.600374379563977,6.4,10.0,6.800000000000001,10.0
SP_6_4,2026-05-29,0.0,0.2841620868093831,-7.791840797836,-20.782688460478305,7.2,0.0,18.5,10.0
SP_6_4,2026-05-30,0.0,0.2846647514375766,-10.057643571623062,-17.916184269326024,7.0,0.0,18.1,10.0
SP_6_4,2026-06-11,0.0,0.24088826929971266,-8.670323088748702,-20.455062485395203,0.0,15.0,1.0,25.0
SP_6_4,2026-06-18,0.0,0.2742835085283891,-5.5294442457081585,-16.914184790348553,4.7,10.0,16.599999999999998,10.0
SP_6_4,2026-06-23,0.0,0.22871805743145124,-2.399357507176463,-15.588724096297003,4.3999999999999995,0.0,9.2,0.0
SP_6_4,2026-06-29,0.0,0.23312806819178136,-4.0740129783385575,-15.155785576132994,2.1999999999999997,10.0,2.8,10.0
SP_6_4,2026-06-30,0.0,0.21626423181418192,-6.389151161166153,-15.286370269495562,0.30000000000000004,10.0,2.7,10.0
SP_6_4,2026-07-05,0.0,0.29705926014648004,-2.527908750350829,-13.130788400931706,27.8,0.0,28.6,10.0
SP_6_4,2026-07-06,0.0,0.2930559761470889,-4.422972890835348,-13.471714917537573,27.7,0.0,32.6,10.0
SP_6_4,2026-07-11,0.0,0.3047336321088134,-3.3233475531246603,-13.254387661591377,18.7,0.0,36.8,0.0
SP_6_4,2026-07-12,0.0,0.2975455819658132,-4.682464364553398,-13.22248891844316,15.700000000000001,0.0,29.9,0.0
SP_6_4,2026-07-17,0.0,0.26534285066102,-6.043854310772055,-13.959010930917636,4.8,0.0,23.1,0.0
SP_6_4,2026-07-18,0.0,0.25181224002168456,-6.945959755379802,-13.890838856450568,2.8,0.0,10.3,0.0
SP_6_4,2026-07-23,0.0,0.26967096055444734,-5.882467726190258,-13.58234459330861,20.6,0.0,20.6,0.0
SP_6_4,2026-07-24,0.0,0.28107097881805665,-7.010366714614646,-14.019936060905549,15.3,0.0,26.0,0.0
SP_6_4,2026-07-29,0.0,0.3321311296894426,-5.698416355302354,-13.276931429674121,7.9,0.0,43.2,0.0
SP_6_4,2026-07-30,0.0,0.34599598901066914,-6.156099453879129,-13.325827441309212,15.6,0.0,50.9,0.0
SP_6_4,2026-08-04,0.0,0.27415139526062476,-5.410535628713303,-12.579575543331789,2.2,0.0,14.5,0.0
SP_6_4,2026-08-05,0.0,0.26534382884573904,-6.98471370397863,-13.660546658816695,2.2,0.0,10.6,0.0
SP_6_4,2026-08-10,0.0,0.27483743759375345,-5.961870841020586,-12.975971122351284,7.800000000000001,0.0,21.4,0.0
SP_6_4,2026-08-11,0.0,0.26570032540191363,-6.73876272884943,-13.637196609404025,1.75,0.0,21.45,0.0
SP_6_4,2026-08-16,0.0,0.2736560203934028,-6.753637277995668,-13.373539900241166,15.6,0.0,18.4,0.0
SP_6_4,2026-08-17,0.0,0.2552304218895424,-7.561053038981954,-13.785347908722771,0.65,0.0,18.45,0.0
SP_6_4,2026-08-22,0.0,0.22478913649780344,-6.835398188863241,-13.425446521602876,2.1,0.0,2.75,0.0
SP_6_4,2026-08-23,0.0,0.2143383664165387,-6.917019081361762,-13.550128094539264,0.9,0.0,2.75,0.0
SP_6_5,2026-04-06,0.0,0.26630100248673166,-5.918299455036596,-14.00928860321086,11.3,0.0,15.5,0.0
SP_6_5,2026-04-09,0.0,0.27822528028971627,-4.995195348352114,-12.956912419448429,8.299999999999999,0.0,19.599999999999998,0.0
SP_6_5,2026-04-11,0.0,0.28041524380718813,-3.6571583452271073,-12.03859658862305,13.0,0.0,22.5,0.0
SP_6_5,2026-04-12,0.0,0.272275782258201,-4.937721676022887,-12.72903536554515,6.300000000000001,0.0,17.6,0.0
SP_6_5,2026-04-18,0.0,0.29584308501834616,-4.8706858452895,-12.555317213188557,14.2,0.0,23.0,0.0
SP_6_5,2026-04-21,0.0,0.29753144082080535,-5.181576930003111,-13.293141075511253,6.5,0.0,23.8,0.0
SP_6_5,2026-04-23,0.0,0.3006293362553633,-4.884763719149796,-14.039089633210216,7.7,0.0,15.1,0.0
SP_6_5,2026-04-24,0.0,0.31288461753063146,-5.250615352185769,-13.12965625652862,11.600000000000001,0.0,19.400000000000002,0.0
SP_6_5,2026-04-30,0.0,0.3426036750206589,-5.097256100785269,-13.316696013402288,3.5,0.0,38.6,0.0
SP_6_5,2026-05-03,0.0,0.30349482115777904,-7.541442438379139,-16.37974409363909,0.0,0.0,13.2,0.0
SP_6_5,2026-05-05,0.0,0.27130918050334385,-6.10575228692821,-15.885463548548959,0.1,0.0,2.3000000000000003,0.0
SP_6_5,2026-05-06,0.0,0.2533328890392631,-8.648674287571858,-17.395992740635798,0.1,0.0,0.6,0.0
SP_6_5,2026-05-13,0.0,0.2919809330492688,-7.1755757304070675,-16.213944238375962,16.4,0.0,19.4,0.0
SP_6_5,2026-05-15,0.0,0.27599148720677374,-10.519378917961411,-19.979390804434033,0.2,0.0,19.1,0.0
SP_6_5,2026-05-16,0.0,0.2674987841966551,-10.608499858036167,-19.724066619076982,0.2,0.0,18.0,0.0
SP_6_5,2026-05-17,0.0,0.2599623881667038,-8.907222297773183,-18.54611085282196,0.6000000000000001,0.0,17.0,0.0
SP_6_5,2026-05-18,0.0,0.2351723517206345,-9.733983992447047,-19.14444389755831,0.4,0.0,4.8,0.0
SP_6_5,2026-05-24,0.0,0.15,5.349780879391246,-21.184948577877208,2.8000000000000003,0.0,3.2,0.0
SP_6_5,2026-05-25,0.0,0.1765462872580143,9.619011803045263,-18.74990124617929,6.4,0.0,6.800000000000001,0.0
SP_6_5,2026-05-27,0.0,0.2463367459582591,-8.683089922769065,-19.763318284158625,11.0,0.0,14.200000000000001,0.0
SP_6_5,2026-05-28,0.0,0.2512066678459359,-12.49269700861937,-21.946783107120677,8.6,0.0,15.0,0.0
SP_6_5,2026-05-29,0.0,0.26463606945773605,0.7600512983772046,-20.92340710969396,7.2,0.0,18.5,0.0
SP_6_5,2026-05-30,0.0,0.26726309982992646,-9.740063776294328,-16.355602504711758,7.0,0.0,18.1,0.0
SP_6_5,2026-06-08,0.0,0.15,-13.417647930286849,-22.015484840570558,0.0,0.0,1.1,0.0
SP_6_5,2026-06-09,0.0,0.15,-13.31928995335984,-22.05967360743553,0.0,0.0,1.1,0.0
SP_6_5,2026-06-11,0.0,0.2042615305180733,5.330670080402839,-19.648466681063997,0.0,15.0,1.0,15.0
SP_6_5,2026-06-18,0.0,0.2611158933746506,-0.04463067120312236,-20.84416175773532,4.7,10.0,16.599999999999998,10.0
SP_6_5,2026-06-21,0.0,0.21654183020399914,-12.798822558541193,-21.799167361408152,0.5,0.0,11.7,10.0
SP_6_5,2026-06-23,0.0,0.21415740787071874,9.730736268336939,-18.132227838383468,4.3999999999999995,0.0,9.2,0.0
SP_6_5,2026-06-27,0.0,0.1748094750447847,-11.968268949231685,-20.133888302704072,2.4,0.0,6.8,0.0
SP_6_5,2026-06-29,0.0,0.21967080306772724,8.187763097914546,-16.656798957884188,2.1999999999999997,10.0,2.8,10.0
SP_6_5,2026-06-30,0.0,0.20096857958914943,1.7846249501416414,-16.89528678842506,0.30000000000000004,10.0,2.7,10.0
SP_6_5,2026-07-03,0.0,0.2265865812220988,-6.592475137132992,-15.104447620011483,4.9,10.0,7.1,20.0
SP_6_5,2026-07-05,0.0,0.2894837017648406,10.976373427111671,-14.029031561286143,27.8,0.0,28.6,10.0
SP_6_5,2026-07-06,0.0,0.2854915634759409,3.6735244298958487,-14.26596224954496,27.7,0.0,32.6,10.0
SP_6_5,2026-07-09,0.0,0.27432707331429407,-6.081518606253958,-13.876040617990162,10.1,0.0,42.0,0.0
SP_6_5,2026-07-11,0.0,0.29808616392299736,7.9287972171202945,-13.953245895361599,18.7,0.0,36.8,0.0
SP_6_5,2026-07-12,0.0,0.29092158893189257,1.106620891958644,-13.087865230691847,15.700000000000001,0.0,29.9,0.0
SP_6_5,2026-07-15,0.0,0.27391365380770205,-6.444228952964151,-13.382335489883097,5.4,0.0,26.2,0.0
SP_6_5,2026-07-17,0.0,0.2594484560019247,0.7585773282539042,-13.824761842189083,4.8,0.0,23.1,0.0
SP_6_5,2026-07-18,0.0,0.2459839672319558,-6.165833202931421,-13.97535185826396,2.8,0.0,10.3,0.0
SP_6_5,2026-07-21,0.0,0.2603072955444204,-7.5899057114307675,-13.57855226373745,10.7,0.0,15.5,0.0
SP_6_5,2026-07-23,0.0,0.26500471764368627,-3.798504421439097,-13.67338110785159,20.6,0.0,20.6,0.0
SP_6_5,2026-07-24,0.0,0.27665954712404284,-6.938607190867154,-14.350446249307575,15.3,0.0,26.0,0.0
SP_6_5,2026-07-27,0.0,0.33530629456917044,-6.458198421666514,-13.109206897261165,29.900000000000002,0.0,55.9,0.0
SP_6_5,2026-07-29,0.0,0.3272803603059624,-4.078591910942328,-13.601369406947905,7.9,0.0,43.2,0.0
SP_6_5,2026-07-30,0.0,0.3411808371552205,-6.181277651048065,-13.35167352496606,15.6,0.0,50.9,0.0
SP_6_5,2026-08-02,0.0,0.2846788876732106,-7.043653397448298,-13.438001491802773,0.7,0.0,16.3,0.0
SP_6_5,2026-08-04,0.0,0.27072288006502127,-5.08453090718565,-13.1980417282841,2.2,0.0,14.5,0.0
SP_6_5,2026-08-05,0.0,0.2620195207024561,-6.909626752388016,-13.959666413390213,2.2,0.0,10.6,0.0
SP_6_5,2026-08-08,0.0,0.30012283006816276,-6.662369704073016,-12.4507974538263,19.7,0.0,21.9,0.0
SP_6_5,2026-08-10,0.0,0.27167591753896464,-6.038938651718589,-13.227495529133062,7.800000000000001,0.0,21.4,0.0
SP_6_5,2026-08-11,0.0,0.26242973550639065,-7.049758507467444,-13.581653477279552,1.75,0.0,21.45,0.0
SP_6_5,2026-08-14,0.0,0.30104349882411535,-7.8867382280130585,-13.865417325202527,17.65,0.0,25.6,0.0
SP_6_5,2026-08-16,0.0,0.2702390943895077,-6.636804176161375,-13.472512397372828,15.6,0.0,18.4,0.0
SP_6_5,2026-08-17,0.0,0.2465199765574283,-7.187972897939675,-13.80196550953416,0.65,0.0,18.45,0.0
SP_6_5,2026-08-20,0.0,0.20889068106070982,-7.452163984307538,-13.343943233391826,1.7999999999999998,0.0,17.45,0.0
SP_6_5,2026-08-22,0.0,0.19799284377325227,-6.781364387111993,-13.59924561051822,2.1,0.0,2.75,0.0
SP_6_5,2026-08-23,0.0,0.18215279644819019,-6.7220752797940015,-13.464023669223735,0.9,0.0,2.75,0.0
SP_6_5,2026-08-26,0.0,0.15,-7.788392368284885,-13.813250399557456,0.1,0.0,2.2,0.0
SP_6_6,2026-04-06,0.0,0.2662127612469686,-7.851380719096329,-18.548480482048525,11.3,0.0,15.5,0.0
SP_6_6,2026-04-09,0.0,0.2781385577989955,-7.222959079660237,-16.521486714786604,8.299999999999999,0.0,19.599999999999998,0.0
SP_6_6,2026-04-11,0.0,0.2803210501836643,-4.652372830793623,-15.340477969452602,13.0,0.0,22.5,0.0
SP_6_6,2026-04-12,0.0,0.2721611847479681,-6.81411959407998,-17.611774663042404,6.300000000000001,0.0,17.6,0.0
SP_6_6,2026-04-18,0.0,0.29567836591860547,-6.650820487529119,-16.54143398193893,14.2,0.0,23.0,0.0
SP_6_6,2026-04-21,0.0,0.29737272110545193,-7.735165391264982,-19.162779922568646,6.5,0.0,23.8,0.0
SP_6_6,2026-04-23,0.0,0.300430220670873,-7.0649160370452115,-19.77875192347934,7.7,0.0,15.1,0.0
SP_6_6,2026-04-24,0.0,0.31268406434607865,-7.125477319053982,-16.673750173130685,11.600000000000001,0.0,19.400000000000002,0.0
SP_6_6,2026-04-30,0.0,0.3423696636378823,-8.622339878164453,-20.276065915166836,3.5,0.0,38.6,0.0
SP_6_6,2026-05-03,0.0,0.30324500982957486,-10.828224120168166,-21.427861084609525,0.0,0.0,13.2,0.0
SP_6_6,2026-05-05,0.0,0.2709697834831748,-8.928088217728202,-21.01504773289185,0.1,0.0,2.3000000000000003,0.0
SP_6_6,2026-05-06,0.0,0.2527981932011061,-11.418257813731268,-20.478710322702653,0.1,0.0,0.6,0.0
SP_6_6,2026-05-13,0.0,0.2915372940027548,-11.083263702327713,-20.608319783962624,16.4,0.0,19.4,0.0
SP_6_6,2026-05-15,0.0,0.27551287859899426,-12.569746146699343,-21.60345084176023,0.2,0.0,19.1,0.0
SP_6_6,2026-05-16,0.0,0.2669826236907334,-12.511746185622483,-21.29521324074911,0.2,0.0,18.0,0.0
SP_6_6,2026-05-17,0.0,0.2594032102652347,-10.828597370873325,-20.94135110422662,0.6000000000000001,0.0,17.0,0.0
SP_6_6,2026-05-18,0.0,0.23436641811319486,-11.526147730163295,-21.08744662565246,0.4,0.0,4.8,0.0
SP_6_6,2026-05-24,0.0,0.15,-11.552509848790704,-19.66210919162867,2.8000000000000003,0.0,3.2,0.0
SP_6_6,2026-05-25,0.0,0.17653953141320192,-7.574019578393724,-15.302853071207602,6.4,0.0,6.800000000000001,0.0
SP_6_6,2026-05-27,0.0,0.24614224683742122,-8.157215198607803,-16.14622719563823,11.0,0.0,14.200000000000001,0.0
SP_6_6,2026-05-28,0.0,0.2509994640355052,-11.085391067960998,-18.16810340772178,8.6,0.0,15.0,0.0
SP_6_6,2026-05-29,0.0,0.26444952192638654,-8.238231933712548,-16.37389866585886,7.2,0.0,18.5,0.0
SP_6_6,2026-05-30,0.0,0.2670606451450611,-9.0322669334199,-18.77463592920406,7.0,0.0,18.1,0.0
SP_6_6,2026-06-08,0.0,0.15,-10.466765385398629,-15.99181432329715,0.0,0.0,1.1,0.0
SP_6_6,2026-06-09,0.0,0.15,-10.225841514936286,-15.892216433716529,0.0,0.0,1.1,0.0
SP_6_6,2026-06-11,0.0,0.20676219361503406,-8.879398689534318,-15.390618389098137,0.0,15.0,1.0,15.0
SP_6_6,2026-06-18,0.0,0.2623193761880238,-9.30717120524007,-15.082415247632984,4.7,10.0,16.599999999999998,10.0
SP_6_6,2026-06-21,0.0,0.21608574009472853,-9.744421042103813,-15.043766837889551,0.5,0.0,11.7,10.0
SP_6_6,2026-06-23,0.0,0.21279980706566456,-8.286668062933195,-15.735226421880267,4.3999999999999995,0.0,9.2,0.0
SP_6_6,2026-06-27,0.0,0.16111036554730793,-11.296501567992125,-19.096437377312903,2.4,0.0,6.8,0.0
SP_6_6,2026-06-29,0.0,0.15,-9.733565836017515,-18.73376984343257,2.1999999999999997,0.0,2.8,0.0
SP_6_6,2026-06-30,0.0,0.24126750091141086,-11.153535370749166,-19.407471297573768,0.30000000000000004,15.0,2.7,15.0
SP_6_6,2026-07-03,0.0,0.2125296782342725,-5.6734045345569,-16.49645105913767,4.9,0.0,7.1,15.0
SP_6_6,2026-07-05,0.0,0.2856580338053104,-4.25264645627344,-15.156156148373798,27.8,0.0,28.6,15.0
SP_6_6,2026-07-06,0.0,0.2825573422335414,-6.29462701504322,-16.21258213894958,27.7,0.0,32.6,15.0
SP_6_6,2026-07-09,0.0,0.27323346378923197,-6.952347674679825,-16.649808217947864,10.1,0.0,42.0,0.0
SP_6_6,2026-07-11,0.0,0.2976761679324732,-5.203559255010494,-16.069828169898525,18.7,0.0,36.8,0.0
SP_6_6,2026-07-12,0.0,0.29076159168245075,-6.911125887626488,-14.76336413882713,15.700000000000001,0.0,29.9,0.0
SP_6_6,2026-07-15,0.0,0.2743031116071753,-10.275660775806765,-17.414685687395295,5.4,0.0,26.2,0.0
SP_6_6,2026-07-17,0.0,0.26010001289105633,-9.586760190595998,-17.975890466271753,4.8,0.0,23.1,0.0
SP_6_6,2026-07-18,0.0,0.24674147830716744,-10.951728738374513,-18.097402353332203,2.8,0.0,10.3,0.0
SP_6_6,2026-07-21,0.0,0.2611711548173576,-12.553177968188196,-21.02023222218898,10.7,0.0,15.5,0.0
SP_6_6,2026-07-23,0.0,0.26626543529173385,-10.642251452229885,-20.350241564812496,20.6,0.0,20.6,0.0
SP_6_6,2026-07-24,0.0,0.27790364156023145,-12.896863099582847,-21.42793090453538,15.3,0.0,26.0,0.0
SP_6_6,2026-07-27,0.0,0.33678128759206466,-10.921652178418098,-19.72547835718664,29.900000000000002,0.0,55.9,0.0
SP_6_6,2026-07-29,0.0,0.3288620933723639,-5.657889995904073,-16.365105668484436,7.9,0.0,43.2,0.0
SP_6_6,2026-07-30,0.0,0.342760680853152,-7.517251295477822,-17.214602069987023,15.6,0.0,50.9,0.0
SP_6_6,2026-08-02,0.0,0.2866545495065331,-12.454723927592903,-21.019425300028267,0.7,0.0,16.3,0.0
SP_6_6,2026-08-04,0.0,0.27355481081723737,-9.86372363730858,-19.870225006108917,2.2,0.0,14.5,0.0
SP_6_6,2026-08-05,0.0,0.26559835198826665,-12.747592237050059,-21.1354197319504,2.2,0.0,10.6,0.0
SP_6_6,2026-08-08,0.0,0.30287851037245267,-8.226255147177612,-18.210243210156385,19.7,0.0,21.9,0.0
SP_6_6,2026-08-10,0.0,0.27495784893494524,-9.102520338838882,-18.918947291106008,7.800000000000001,0.0,21.4,0.0
SP_6_6,2026-08-11,0.0,0.26571461796010803,-12.440361073821029,-20.445545562381987,1.75,0.0,21.45,0.0
SP_6_6,2026-08-14,0.0,0.30360999967984365,-9.047966457933281,-18.413042089991677,17.75,0.0,25.7,0.0
SP_6_6,2026-08-16,0.0,0.27272107813288726,-8.99880129497969,-18.193315157792295,15.6,0.0,18.5,0.0
SP_6_6,2026-08-17,0.0,0.24994943575899994,-10.377922252859033,-19.059690044472248,0.65,0.0,18.55,0.0
SP_6_6,2026-08-20,0.0,0.20820410596476346,-10.543481559977598,-18.712996547438593,1.7999999999999998,0.0,17.45,0.0
SP_6_6,2026-08-22,0.0,0.1904345512268075,-9.396029141002568,-18.453674099824873,2.1,0.0,2.75,0.0
SP_6_6,2026-08-23,0.0,0.17184900637620115,-9.912604355477688,-18.541505769967177,0.9,0.0,2.75,0.0
SP_6_6,2026-08-26,0.0,0.15,-10.854055757270677,-18.664048959764234,0.1,0.0,2.2,0.0
SP_6_7,2026-04-06,0.0,0.2662127612469686,-8.45785626721791,-18.709144666933092,11.3,0.0,15.5,0.0
SP_6_7,2026-04-11,0.0,0.28032476369343934,-4.553584506652545,-15.582527296195765,13.0,0.0,22.5,0.0
SP_6_7,2026-04-12,0.0,0.27216447132640764,-7.093984156307713,-17.80553479668733,6.300000000000001,0.0,17.6,0.0
SP_6_7,2026-04-18,0.0,0.2957065238610829,-6.815677090991054,-16.61361522026539,14.2,0.0,23.0,0.0
SP_6_7,2026-04-23,0.0,0.300446492249873,-7.188343067969401,-20.182209092188724,7.7,0.0,15.1,0.0
SP_6_7,2026-04-24,0.0,0.3126995619689658,-7.226826354929019,-16.68840461887074,11.600000000000001,0.0,19.400000000000002,0.0
SP_6_7,2026-04-30,0.0,0.34238320665164107,-9.208113996007622,-20.814502570058636,3.5,0.0,38.6,0.0
SP_6_7,2026-05-05,0.0,0.2709845915758486,-9.882868419065176,-21.527785411009823,0.1,0.0,2.3000000000000003,0.0
SP_6_7,2026-05-06,0.0,0.2528152688701856,-12.227797191813954,-20.955509137013667,0.1,0.0,0.6,0.0
SP_6_7,2026-05-13,0.0,0.29155031770438194,-11.521050879418668,-21.10150331974271,16.4,0.0,19.4,0.0
SP_6_7,2026-05-17,0.0,0.25941597231283975,-10.714914407849182,-21.3284043382422,0.6000000000000001,0.0,17.0,0.0
SP_6_7,2026-05-18,0.0,0.23438194581228888,-11.15224761098654,-21.477578896660702,0.4,0.0,4.8,0.0
SP_6_7,2026-05-24,0.0,0.15,-11.276746566869257,-19.770660414993305,2.8000000000000003,0.0,3.2,0.0
SP_6_7,2026-05-25,0.0,0.17653863007429715,-7.340903072158026,-15.116062727506293,6.4,0.0,6.800000000000001,0.0
SP_6_7,2026-05-29,0.0,0.26444300591516984,-7.712160360925877,-16.230819684939625,7.2,0.0,18.5,0.0
SP_6_7,2026-05-30,0.0,0.2670542298238885,-8.958738246702731,-21.93127810636767,7.0,0.0,18.1,0.0
SP_6_7,2026-06-11,0.0,0.20397980584121442,-8.645069410317292,-15.17458034102301,0.0,15.0,1.0,15.0
SP_6_7,2026-06-18,0.0,0.2621789938109481,-9.00914676014728,-14.757279381421373,4.7,10.0,16.599999999999998,10.0
SP_6_7,2026-06-23,0.0,0.23658219555053178,-7.998928797622375,-13.96292504444861,4.3999999999999995,0.0,9.2,10.0
SP_6_7,2026-06-29,0.0,0.17455983290948685,-10.107684498442215,-18.5133700331675,2.1999999999999997,0.0,2.8,0.0
SP_6_7,2026-06-30,0.0,0.15259559016770602,-11.570621467414288,-19.013724624477156,0.30000000000000004,0.0,2.7,0.0
SP_6_7,2026-07-05,0.0,0.276119945980747,-4.422266708223392,-15.300764728096796,27.8,0.0,28.6,0.0
SP_6_7,2026-07-06,0.0,0.27402342743251895,-6.418552352628739,-16.354837062811786,27.7,0.0,32.6,0.0
SP_6_7,2026-07-11,0.0,0.29239062567393054,-5.207706331464864,-16.756742920891853,18.7,0.0,36.8,0.0
SP_6_7,2026-07-12,0.0,0.2858210149772628,-6.679855484098935,-14.67131068613504,15.700000000000001,0.0,29.9,0.0
SP_6_7,2026-07-17,0.0,0.2557978357401819,-9.118753382690535,-18.390662309100474,4.8,0.0,23.1,0.0
SP_6_7,2026-07-18,0.0,0.24234163508582188,-11.098680888337967,-18.69553664470747,2.8,0.0,10.3,0.0
SP_6_7,2026-07-23,0.0,0.26250462790860807,-10.376667625603702,-20.013158369702385,20.6,0.0,20.6,0.0
SP_6_7,2026-07-24,0.0,0.34391669180076834,-12.773406372632154,-21.10129566008274,15.3,20.0,26.0,20.0
SP_6_7,2026-07-29,0.0,0.3594619724577704,-5.124187040335375,-15.878972669774143,7.9,0.0,43.2,20.0
SP_6_7,2026-07-30,0.0,0.3710260008533876,-7.406287062550523,-16.847632249850683,15.6,0.0,50.9,20.0
SP_6_7,2026-08-04,0.0,0.29461855222762845,-9.657546566703704,-19.964577924531135,2.2,0.0,14.5,0.0
SP_6_7,2026-08-05,0.0,0.2855484573343048,-12.902363092249471,-21.247856149111964,2.2,0.0,10.6,0.0
SP_6_7,2026-08-10,0.0,0.29324978527012746,-9.032815040138807,-19.572282935105072,7.800000000000001,0.0,21.4,0.0
SP_6_7,2026-08-11,0.0,0.2837981373338634,-12.747775987270701,-20.99978397938375,1.75,0.0,21.45,0.0
SP_6_7,2026-08-16,0.0,0.2895891581313924,-8.625503686151205,-18.20003912760381,15.6,0.0,18.5,0.0
SP_6_7,2026-08-17,0.0,0.26775484131121347,-9.664036722628772,-18.409726870404906,0.65,0.0,18.55,0.0
SP_6_7,2026-08-22,0.0,0.21991792674070657,-9.38204549460532,-18.532357924023835,2.1,0.0,2.75,0.0
SP_6_7,2026-08-23,0.0,0.20828947439592538,-9.853089035175502,-18.662409171549406,0.9,0.0,2.75,0.0
SP_7_10,2026-04-06,0.0,0.26630100248673166,-6.648735918522655,-14.864468537596444,11.3,0.0,15.5,0.0
SP_7_10,2026-04-09,0.0,0.27822528028971627,-4.6606986348479,-12.602319794689024,8.299999999999999,0.0,19.599999999999998,0.0
SP_7_10,2026-04-11,0.0,0.28041524380718813,-3.6610793911885384,-12.005450209923033,13.0,0.0,22.5,0.0
SP_7_10,2026-04-12,0.0,0.272275782258201,-4.398690190721918,-12.526556998015657,6.300000000000001,0.0,17.6,0.0
SP_7_10,2026-04-18,0.0,0.29584308501834616,-4.726477277691161,-12.853104083348963,14.2,0.0,23.0,0.0
SP_7_10,2026-04-21,0.0,0.29753144082080535,-4.7206963693145205,-13.078230800811074,6.5,0.0,23.8,0.0
SP_7_10,2026-04-23,0.0,0.3006293362553633,-4.299859649467232,-12.977320142895575,7.7,0.0,15.1,0.0
SP_7_10,2026-04-24,0.0,0.31288461753063146,-4.50131107728513,-12.584295456669405,11.600000000000001,0.0,19.400000000000002,0.0
SP_7_10,2026-04-30,0.0,0.34262190524133224,-4.803921288550855,-13.107439474488867,3.5,0.0,38.6,0.0
SP_7_10,2026-05-03,0.0,0.30358206304138846,-6.257625108849486,-14.998361479480668,0.0,0.0,13.2,0.0
SP_7_10,2026-05-05,0.0,0.2715012620839053,-5.19885505740148,-14.14603967326546,0.1,0.0,2.3000000000000003,0.0
SP_7_10,2026-05-06,0.0,0.2535008865389009,-7.222671714040656,-16.101929374333665,0.1,0.0,0.6,0.0
SP_7_10,2026-05-13,0.0,0.29205264269203796,-6.328734369156378,-15.451584932272386,16.4,0.0,19.4,0.0
SP_7_10,2026-05-15,0.0,0.2760547293818184,-9.619059747253553,-18.96377611041268,0.2,0.0,19.1,0.0
SP_7_10,2026-05-16,0.0,0.2675609685188876,-10.040514609953718,-19.184475458318474,0.2,0.0,18.0,0.0
SP_7_10,2026-05-17,0.0,0.2600240802164235,-8.28040779988491,-16.91754918800244,0.6000000000000001,0.0,17.0,0.0
SP_7_10,2026-05-18,0.0,0.23524618061525374,-9.024850102314376,-17.29097942291673,0.4,0.0,4.8,0.0
SP_7_10,2026-05-24,0.0,0.15,-11.280245644787552,-21.57695925628223,2.8000000000000003,0.0,3.2,0.0
SP_7_10,2026-05-25,0.0,0.17654784355941497,-10.38460144237147,-21.17444998856407,6.4,0.0,6.800000000000001,0.0
SP_7_10,2026-05-27,0.0,0.24460114546442793,1.0087731877613373,-19.073778625969492,11.0,0.0,14.200000000000001,0.0
SP_7_10,2026-05-28,0.0,0.24941625837615575,-3.0752772522723437,-21.09663187341834,8.6,0.0,15.0,0.0
SP_7_10,2026-05-29,0.0,0.2631322015056063,-7.598022228353285,-20.12233346736589,7.2,0.0,18.5,0.0
SP_7_10,2026-05-30,0.0,0.26557179857613444,-12.047004243475929,-16.545701390359042,7.0,0.0,18.1,0.0
SP_7_10,2026-06-08,0.0,0.15,-6.95414865393987,-21.132038468233915,0.0,0.0,1.1,0.0
SP_7_10,2026-06-09,0.0,0.15,-6.8376940593905635,-21.415961074259116,0.0,0.0,1.1,0.0
SP_7_10,2026-06-11,0.0,0.15,-9.779871125631265,-20.61353983969382,0.0,0.0,1.0,0.0
SP_7_10,2026-06-18,0.0,0.23458100799611276,-10.750030941030275,-20.90403565222198,4.7,0.0,16.599999999999998,0.0
SP_7_10,2026-06-21,0.0,0.23995236871743592,-6.246533946347622,-19.30276005668322,0.5,15.0,11.7,15.0
SP_7_10,2026-06-23,0.0,0.27615317243755033,-2.438055745196907,-15.254308127225915,4.3999999999999995,14.0,9.2,29.0
SP_7_10,2026-06-27,0.0,0.2366245169795634,-5.9053793188698736,-17.7642789452975,2.4,0.0,6.8,14.0
SP_7_10,2026-06-29,0.0,0.2142942945556556,-6.9931698375342535,-16.785371449703376,2.1999999999999997,0.0,2.8,7.0
SP_7_10,2026-06-30,0.0,0.19897282200088615,-8.249642428036575,-16.544193948826614,0.30000000000000004,0.0,2.7,0.0
SP_7_10,2026-07-03,0.0,0.19345328857949393,0.22949686754582527,-13.530946224765586,4.9,0.0,7.1,0.0
SP_7_10,2026-07-05,0.0,0.2757155926060698,-1.7297387358761425,-12.961836508941136,27.8,0.0,28.6,0.0
SP_7_10,2026-07-06,0.0,0.2725348757333827,-4.06638108400879,-13.840675238676528,27.7,0.0,32.6,0.0
SP_7_10,2026-07-09,0.0,0.26444512154277944,-1.2101556547073007,-13.144538718446961,10.1,0.0,42.0,0.0
SP_7_10,2026-07-11,0.0,0.2882283162549462,-2.6607324977956193,-13.056457564607387,18.7,0.0,36.8,0.0
SP_7_10,2026-07-12,0.0,0.2814587990116353,-4.560910274358662,-12.921270246320448,15.700000000000001,0.0,29.9,0.0
SP_7_10,2026-07-15,0.0,0.26506926767130523,-4.502455601818116,-13.009406552395928,5.4,0.0,26.2,0.0
SP_7_10,2026-07-17,0.0,0.2504727037432235,-5.164902179477753,-13.623794703440886,4.8,0.0,23.1,0.0
SP_7_10,2026-07-18,0.0,0.23668016277342122,-6.78997738733127,-13.824577109900982,2.8,0.0,10.3,0.0
SP_7_10,2026-07-21,0.0,0.25355464635856456,-5.120308618434174,-12.814438041419397,10.7,0.0,15.5,0.0
SP_7_10,2026-07-23,0.0,0.25638743523987373,-5.084719745524665,-13.365068354961133,20.6,0.0,20.6,0.0
SP_7_10,2026-07-24,0.0,0.2684600493673856,-6.459070478006924,-13.511573497362031,15.3,0.0,26.0,0.0
SP_7_10,2026-07-27,0.0,0.3257501777048186,-5.793476139950775,-13.084601636999247,29.900000000000002,0.0,55.9,0.0
SP_7_10,2026-07-29,0.0,0.31761450463481233,-5.889209809153931,-13.353798104432279,7.9,0.0,43.2,0.0
SP_7_10,2026-07-30,0.0,0.3314221575198191,-6.731286673518149,-13.65348802041493,15.6,0.0,50.9,0.0
SP_7_10,2026-08-02,0.0,0.2730218553128472,-6.350005065319163,-12.982036595835089,0.7,0.0,16.3,0.0
SP_7_10,2026-08-04,0.0,0.25890393441426196,-5.367503372542676,-12.684302545033923,2.2,0.0,14.5,0.0
SP_7_10,2026-08-05,0.0,0.24974205166112248,-6.80061161828468,-13.808510613591125,2.2,0.0,10.6,0.0
SP_7_10,2026-08-08,0.0,0.28989272721306625,-6.201099378234682,-12.792999566826499,19.7,0.0,21.9,0.0
SP_7_10,2026-08-10,0.0,0.2609089941657998,-6.164606047806735,-13.015547319659035,7.800000000000001,0.0,21.4,0.0
SP_7_10,2026-08-11,0.0,0.2516955534933071,-6.940062645695414,-13.578838781583421,1.75,0.0,21.45,0.0
SP_7_10,2026-08-14,0.0,0.29910175520610627,-7.23952757100673,-13.50053975480894,18.099999999999998,0.0,26.05,0.0
SP_7_10,2026-08-16,0.0,0.2718706095288395,-6.5991207744119755,-13.455357483033927,16.2,0.0,18.849999999999998,0.0
SP_7_10,2026-08-17,0.0,0.25331374194826956,-6.94061288536928,-13.615081021142101,0.65,0.0,18.9,0.0
SP_7_10,2026-08-20,0.0,0.22152116745611933,-7.0446581530063135,-13.572352109696062,1.7999999999999998,0.0,18.05,0.0
SP_7_10,2026-08-22,0.0,0.21413439127820164,-6.396523101843102,-13.34236090180704,2.1,0.0,2.75,0.0
SP_7_10,2026-08-23,0.0,0.2016923412315625,-6.741096571549479,-13.500033684971156,0.9,0.0,2.75,0.0
SP_7_10,2026-08-26,0.0,0.17820471120958292,-7.185747733045832,-13.652048426732843,0.6,0.0,2.7,0.0
SP_7_11,2026-04-06,0.0,0.26627090832421235,-6.382918928763051,-14.621660871621447,11.3,0.0,15.5,0.0
SP_7_11,2026-04-09,0.0,0.2782071291702448,-4.46999679699944,-12.564855227950886,8.299999999999999,0.0,19.599999999999998,0.0
SP_7_11,2026-04-11,0.0,0.2803990049006366,-3.749936414509838,-12.05182480572251,13.0,0.0,22.5,0.0
SP_7_11,2026-04-12,0.0,0.27226016264463393,-4.628768695711065,-12.654706910049761,6.300000000000001,0.0,17.6,0.0
SP_7_11,2026-04-18,0.0,0.2957988219673499,-5.0106597819151455,-12.941856450826961,14.2,0.0,23.0,0.0
SP_7_11,2026-04-21,0.0,0.2974700503457247,-4.633526157197049,-13.177288430166264,6.5,0.0,23.8,0.0
SP_7_11,2026-04-23,0.0,0.30058565889998684,-4.90540543550315,-13.452896809798274,7.7,0.0,15.1,0.0
SP_7_11,2026-04-24,0.0,0.31284413949299494,-4.724011934783174,-12.60387833618493,11.600000000000001,0.0,19.400000000000002,0.0
SP_7_11,2026-04-30,0.0,0.342540325373319,-5.042518075829639,-13.20359907677278,3.5,0.0,38.6,0.0
SP_7_11,2026-05-03,0.0,0.30345149320542336,-6.475543932832734,-15.331116963268997,0.0,0.0,13.2,0.0
SP_7_11,2026-05-05,0.0,0.27126047283363947,-6.020329808568859,-14.67745790652369,0.1,0.0,2.3000000000000003,0.0
SP_7_11,2026-05-06,0.0,0.2531161287730928,-7.926563865647798,-16.795266387174117,0.1,0.0,0.6,0.0
SP_7_11,2026-05-13,0.0,0.29182888286522246,-6.995158640630757,-15.873235224157305,16.4,0.0,19.4,0.0
SP_7_11,2026-05-15,0.0,0.275861389257814,-9.824232913269098,-19.152046065799297,0.2,0.0,19.1,0.0
SP_7_11,2026-05-16,0.0,0.26737234583269587,-10.173127040657079,-19.40323113296366,0.2,0.0,18.0,0.0
SP_7_11,2026-05-17,0.0,0.2598381568661084,-8.701915095700455,-17.185932236966362,0.6000000000000001,0.0,17.0,0.0
SP_7_11,2026-05-18,0.0,0.23502454486156443,-9.299504280936567,-17.539134972172686,0.4,0.0,4.8,0.0
SP_7_11,2026-05-24,0.0,0.15,-9.79127296305913,-18.151181588041744,2.8000000000000003,0.0,3.2,0.0
SP_7_11,2026-05-25,0.0,0.17654373810731627,-8.22163935732018,-16.29332041283999,6.4,0.0,6.800000000000001,0.0
SP_7_11,2026-05-27,0.0,0.24630502775619992,-3.7929982292001494,-14.272665500514174,11.0,0.0,14.200000000000001,0.0
SP_7_11,2026-05-28,0.0,0.25117184751374055,-7.51189620722874,-16.68961794149003,8.6,0.0,15.0,0.0
SP_7_11,2026-05-29,0.0,0.2646026436938283,-7.480905737148374,-15.948916009421275,7.2,0.0,18.5,0.0
SP_7_11,2026-05-30,0.0,0.26722813941035506,-9.7271412145472,-15.89059412314356,7.0,0.0,18.1,0.0
SP_7_11,2026-06-08,0.0,0.15,-8.631368874009063,-15.436513397379692,0.0,0.0,1.1,0.0
SP_7_11,2026-06-09,0.0,0.15,-8.711159763725188,-15.43629846610109,0.0,0.0,1.1,0.0
SP_7_11,2026-06-11,0.0,0.15,-9.640118153518873,-16.100400853636824,0.0,0.0,1.0,0.0
SP_7_11,2026-06-18,0.0,0.23531792298130239,-13.13421138643365,-22.155056203254155,4.7,0.0,16.599999999999998,0.0
SP_7_11,2026-06-21,0.0,0.240605467705345,-8.852013441099665,-20.75425973847054,0.5,15.0,11.7,15.0
SP_7_11,2026-06-23,0.0,0.23061146152735112,-7.758003180280105,-16.89178031393256,4.3999999999999995,0.0,9.2,15.0
SP_7_11,2026-06-27,0.0,0.20535279771454945,-10.028207488333914,-21.02535941491841,2.4,0.0,6.8,0.0
SP_7_11,2026-06-29,0.0,0.18438632057548163,-10.849935214761635,-19.87927491021292,2.1999999999999997,0.0,2.8,0.0
SP_7_11,2026-06-30,0.0,0.16903311775287314,-11.433095932996478,-20.187763759112993,0.30000000000000004,0.0,2.7,0.0
SP_7_11,2026-07-03,0.0,0.17776981767112962,-3.658154456680063,-16.453926399795755,4.9,0.0,7.1,0.0
SP_7_11,2026-07-05,0.0,0.26813918602613734,-4.658530468282799,-13.66341881491502,27.8,0.0,28.6,0.0
SP_7_11,2026-07-06,0.0,0.26390725255901554,-6.429043655566458,-15.197943505876307,27.7,0.0,32.6,0.0
SP_7_11,2026-07-09,0.0,0.2568627133222948,-3.908186101248536,-15.26832074720197,10.1,0.0,42.0,0.0
SP_7_11,2026-07-11,0.0,0.2801190305221747,-5.252550826412059,-13.92464076060901,18.7,0.0,36.8,0.0
SP_7_11,2026-07-12,0.0,0.2731859993727579,-5.648226120031002,-13.508380193607973,15.700000000000001,0.0,29.9,0.0
SP_7_11,2026-07-15,0.0,0.25694480602802255,-6.226941269616314,-15.051604036748898,5.4,0.0,26.2,0.0
SP_7_11,2026-07-17,0.0,0.24237353416522203,-7.097605416474371,-14.772940350876588,4.8,0.0,23.1,0.0
SP_7_11,2026-07-18,0.0,0.22817244726156422,-8.016232094114326,-15.184172783359235,2.8,0.0,10.3,0.0
SP_7_11,2026-07-21,0.0,0.24813936446820084,-4.230760561495915,-12.61033225210888,10.7,0.0,15.5,0.0
SP_7_11,2026-07-23,0.0,0.24968687656290295,-5.042227959049931,-13.005710808163233,20.6,0.0,20.6,0.0
SP_7_11,2026-07-24,0.0,0.26216645579682385,-6.068760592810971,-13.163278263169031,15.3,0.0,26.0,0.0
SP_7_11,2026-07-27,0.0,0.31812131176942915,-5.139304596463344,-12.936237915144302,29.900000000000002,0.0,55.9,0.0
SP_7_11,2026-07-29,0.0,0.310051856637698,-5.789854730271946,-12.58976730344642,7.9,0.0,43.2,0.0
SP_7_11,2026-07-30,0.0,0.32381584855806156,-6.472068742643032,-13.20538260863881,15.6,0.0,50.9,0.0
SP_7_11,2026-08-02,0.0,0.26558159484424687,-6.33887175494932,-12.94324626261436,0.7,0.0,16.3,0.0
SP_7_11,2026-08-04,0.0,0.2517630619944438,-4.748149270506833,-12.339057489577572,2.2,0.0,14.5,0.0
SP_7_11,2026-08-05,0.0,0.24225998871618487,-6.318774902809924,-13.224997963111793,2.2,0.0,10.6,0.0
SP_7_11,2026-08-08,0.0,0.28328101561061864,-6.083446725675649,-12.549545408564104,19.7,0.0,21.9,0.0
SP_7_11,2026-08-10,0.0,0.25385388234122036,-5.674569509502085,-12.833469019722257,7.800000000000001,0.0,21.4,0.0
SP_7_11,2026-08-11,0.0,0.24437198022182777,-6.417196702668785,-13.194890866878788,1.75,0.0,21.45,0.0
SP_7_11,2026-08-14,0.0,0.2893558466381393,-7.071497368637109,-13.41258921828603,18.099999999999998,0.0,26.05,0.0
SP_7_11,2026-08-16,0.0,0.26235853073456805,-6.267133592331482,-12.963939966112488,16.2,0.0,18.849999999999998,0.0
SP_7_11,2026-08-17,0.0,0.24294839776885563,-6.825224380126138,-13.475417184879397,0.65,0.0,18.9,0.0
SP_7_11,2026-08-20,0.0,0.20399743130336095,-6.6911034712902016,-13.431360186739221,1.7999999999999998,0.0,18.05,0.0
SP_7_11,2026-08-22,0.0,0.18976663563529733,-5.811107051102425,-13.15549871308627,2.1,0.0,2.75,0.0
SP_7_11,2026-08-23,0.0,0.17167972455993114,-6.210706414155773,-13.232455079685373,0.9,0.0,2.75,0.0
SP_7_11,2026-08-26,0.0,0.15,-6.666584696323135,-13.271883523598673,0.6,0.0,2.7,0.0
SP_7_12,2026-04-06,0.0,0.26630100248673166,-7.640372493329306,-16.287173338847346,11.3,0.0,15.5,0.0
SP_7_12,2026-04-09,0.0,0.27822528028971627,-4.682427982749325,-13.008346613976443,8.299999999999999,0.0,19.599999999999998,0.0
SP_7_12,2026-04-11,0.0,0.28041524380718813,-4.0506410113091365,-12.574537182550394,13.0,0.0,22.5,0.0
SP_7_12,2026-04-12,0.0,0.272275782258201,-5.154459868223787,-13.372939904525953,6.300000000000001,0.0,17.6,0.0
SP_7_12,2026-04-18,0.0,0.29581225655508225,-5.392948065966624,-13.406686546931034,14.2,0.0,23.0,0.0
SP_7_12,2026-04-21,0.0,0.297494318174672,-5.101205207939544,-13.743014099907784,6.5,0.0,23.8,0.0
SP_7_12,2026-04-23,0.0,0.3006066809731627,-6.298186144525565,-15.288726930380573,7.7,0.0,15.1,0.0
SP_7_12,2026-04-24,0.0,0.31286431641251056,-4.913117345859796,-13.04676014322151,11.600000000000001,0.0,19.400000000000002,0.0
SP_7_12,2026-04-30,0.0,0.3425890929616152,-6.378322965866127,-14.788596179755853,3.5,0.0,38.6,0.0
SP_7_12,2026-05-03,0.0,0.3034818314849991,-8.499160092478848,-17.57730808881391,0.0,0.0,13.2,0.0
SP_7_12,2026-05-05,0.0,0.2712939009513241,-7.687704494210671,-16.919732085709914,0.1,0.0,2.3000000000000003,0.0
SP_7_12,2026-05-06,0.0,0.25331537805723153,-9.578964468018249,-18.39688089263823,0.1,0.0,0.6,0.0
SP_7_12,2026-05-13,0.0,0.29193686189160045,-7.802069764154536,-16.985844754752016,16.4,0.0,19.4,0.0
SP_7_12,2026-05-15,0.0,0.27595361251160394,-9.974602542901899,-19.43653299041412,0.2,0.0,19.1,0.0
SP_7_12,2026-05-16,0.0,0.2674619070934019,-10.255440013974656,-19.680008221841263,0.2,0.0,18.0,0.0
SP_7_12,2026-05-17,0.0,0.25992610858641896,-9.064047740825552,-18.2090892308212,0.6000000000000001,0.0,17.0,0.0
SP_7_12,2026-05-18,0.0,0.2351291487842755,-9.249676396091361,-18.19434461615653,0.4,0.0,4.8,0.0
SP_7_12,2026-05-24,0.0,0.15,-11.916280008612347,-22.37513979344569,2.8000000000000003,0.0,3.2,0.0
SP_7_12,2026-05-25,0.0,0.17654547130634377,-10.749996887831347,-21.772368465068585,6.4,0.0,6.800000000000001,0.0
SP_7_12,2026-05-27,0.0,0.24632690416181036,3.489082555092986,-19.32062059219612,11.0,0.0,14.200000000000001,0.0
SP_7_12,2026-05-28,0.0,0.25119593807219665,-1.7127356728482859,-21.88697085942996,8.6,0.0,15.0,0.0
SP_7_12,2026-05-29,0.0,0.2646258254979873,-9.0253026189508,-20.39044397114916,7.2,0.0,18.5,0.0
SP_7_12,2026-05-30,0.0,0.2672524194559331,-10.09641298924955,-16.737803894348083,7.0,0.0,18.1,0.0
SP_7_12,2026-06-08,0.0,0.15,-4.74987528673573,-21.3795235822184,0.0,0.0,1.1,0.0
SP_7_12,2026-06-09,0.0,0.15,-4.746841190482597,-21.80164305799227,0.0,0.0,1.1,0.0
SP_7_12,2026-06-11,0.0,0.15,-9.569185703265822,-20.788110919654113,0.0,0.0,1.0,0.0
SP_7_12,2026-06-18,0.0,0.23608562972348404,-10.301609781839115,-20.393384425726488,4.7,0.0,16.599999999999998,0.0
SP_7_12,2026-06-21,0.0,0.24124135140790454,-3.9632801086112956,-18.95181329109277,0.5,15.0,11.7,15.0
SP_7_12,2026-06-23,0.0,0.287311317077526,-3.719362258287066,-15.29872885101982,4.3999999999999995,15.0,9.2,30.0
SP_7_12,2026-06-27,0.0,0.24129805009620633,-3.675274168285937,-17.115216219117634,2.4,0.0,6.8,15.0
SP_7_12,2026-06-29,0.0,0.2193163070024275,-7.045886200679509,-16.012780831439766,2.1999999999999997,0.0,2.8,15.0
SP_7_12,2026-06-30,0.0,0.2042102982017364,-7.582700284823409,-15.88086379561058,0.30000000000000004,0.0,2.7,0.0
SP_7_12,2026-07-03,0.0,0.19779533292647014,2.3170697685626154,-13.487727505404052,4.9,0.0,7.1,0.0
SP_7_12,2026-07-05,0.0,0.27872605078486984,-2.4406520712450845,-12.676042999281261,27.8,0.0,28.6,0.0
SP_7_12,2026-07-06,0.0,0.2758599984949324,-4.46180670360448,-13.696487837935818,27.7,0.0,32.6,0.0
SP_7_12,2026-07-09,0.0,0.2677457411427902,0.7541925621465168,-12.807349340493133,10.1,0.0,42.0,0.0
SP_7_12,2026-07-11,0.0,0.2918026889234228,-3.4442643269550306,-12.999772840402413,18.7,0.0,36.8,0.0
SP_7_12,2026-07-12,0.0,0.28504121495986123,-4.848144488396636,-12.776529870974754,15.700000000000001,0.0,29.9,0.0
SP_7_12,2026-07-15,0.0,0.26859334512284755,-3.557614991814775,-13.196304746655244,5.4,0.0,26.2,0.0
SP_7_12,2026-07-17,0.0,0.25409529611909687,-5.686212495362129,-13.322843655674399,4.8,0.0,23.1,0.0
SP_7_12,2026-07-18,0.0,0.2403737545414216,-7.0071766895458145,-13.671280904127393,2.8,0.0,10.3,0.0
SP_7_12,2026-07-21,0.0,0.25619727023718053,-4.158395378342052,-12.555701205801224,10.7,0.0,15.5,0.0
SP_7_12,2026-07-23,0.0,0.2597907734267236,-5.353464207149083,-13.266157374120166,20.6,0.0,20.6,0.0
SP_7_12,2026-07-24,0.0,0.27167923789773135,-6.457405635862111,-13.34799629172003,15.3,0.0,26.0,0.0
SP_7_12,2026-07-27,0.0,0.32969173852898787,-5.020040395869911,-12.80090572995398,29.900000000000002,0.0,55.9,0.0
SP_7_12,2026-07-29,0.0,0.3216005197153006,-6.03862976321348,-12.904217208513714,7.9,0.0,43.2,0.0
SP_7_12,2026-07-30,0.0,0.3354179481886703,-6.745184946228716,-13.492288105997488,15.6,0.0,50.9,0.0
SP_7_12,2026-08-02,0.0,0.2776370568922278,-5.830597340463823,-12.711437688598664,0.7,0.0,16.3,0.0
SP_7_12,2026-08-04,0.0,0.2635712907864439,-5.339491850484448,-12.574090418877654,2.2,0.0,14.5,0.0
SP_7_12,2026-08-05,0.0,0.2545498380031255,-6.8011360394638825,-13.580791001872257,2.2,0.0,10.6,0.0
SP_7_12,2026-08-08,0.0,0.2937418229051141,-5.903001852823317,-12.687582658971303,19.7,0.0,21.9,0.0
SP_7_12,2026-08-10,0.0,0.26490026034586756,-6.1638814781305395,-12.935963695347326,7.800000000000001,0.0,21.4,0.0
SP_7_12,2026-08-11,0.0,0.25575131329635076,-6.895672635061983,-13.3171226306883,1.75,0.0,21.45,0.0
SP_7_12,2026-08-14,0.0,0.2974121265350764,-6.92881854840604,-13.497561977874428,18.099999999999998,0.0,26.05,0.0
SP_7_12,2026-08-16,0.0,0.26768996926129807,-6.388828384539505,-13.07240436152783,16.2,0.0,18.849999999999998,0.0
SP_7_12,2026-08-17,0.0,0.2493504550329734,-7.210001017047453,-13.595172413723258,0.65,0.0,18.9,0.0
SP_7_12,2026-08-20,0.0,0.21660413187891142,-6.543990039265319,-13.36441092122805,1.7999999999999998,0.0,18.05,0.0
SP_7_12,2026-08-22,0.0,0.20841958459783083,-6.298386622568351,-13.080860039796423,2.1,0.0,2.75,0.0
SP_7_12,2026-08-23,0.0,0.19495626375211628,-6.617935277956548,-13.220746871868714,0.9,0.0,2.75,0.0
SP_7_12,2026-08-26,0.0,0.16579267258698796,-6.601496846801598,-13.148772673626903,0.6,0.0,2.7,0.0
SP_7_13,2026-04-06,0.0,0.2662610795410672,-6.3790555320387305,-14.333186737098863,11.3,0.0,15.5,0.0
SP_7_13,2026-04-09,0.0,0.2781886971843355,-4.52686490627813,-12.345555996921709,8.299999999999999,0.0,19.599999999999998,0.0
SP_7_13,2026-04-11,0.0,0.2803587356815648,-3.9381236433100906,-11.952697208238469,13.0,0.0,22.5,0.0
SP_7_13,2026-04-12,0.0,0.2722296183478694,-4.622977183310013,-12.530084279738452,6.300000000000001,0.0,17.6,0.0
SP_7_13,2026-04-18,0.0,0.29576448091372554,-5.087919431328356,-12.84207300688208,14.2,0.0,23.0,0.0
SP_7_13,2026-04-21,0.0,0.2974402535365878,-4.72436737460977,-12.90343644127688,6.5,0.0,23.8,0.0
SP_7_13,2026-04-23,0.0,0.30052590467074075,-4.732375144693818,-13.400162518025581,7.7,0.0,15.1,0.0
SP_7_13,2026-04-24,0.0,0.31276520506177063,-4.775942941257967,-12.423821097594521,11.600000000000001,0.0,19.400000000000002,0.0
SP_7_13,2026-04-30,0.0,0.34245202211022036,-5.076402021138194,-12.79604925309898,3.5,0.0,38.6,0.0
SP_7_13,2026-05-03,0.0,0.3033172197915419,-5.295845868448143,-13.64629586511329,0.0,0.0,13.2,0.0
SP_7_13,2026-05-05,0.0,0.271120568478988,-5.018179379580746,-13.668844327522896,0.1,0.0,2.3000000000000003,0.0
SP_7_13,2026-05-06,0.0,0.2529610203223596,-7.157121754738469,-15.232461441322648,0.1,0.0,0.6,0.0
SP_7_13,2026-05-13,0.0,0.2916683031965319,-6.874393941973044,-15.23580060062817,16.4,0.0,19.4,0.0
SP_7_13,2026-05-15,0.0,0.27566502633367146,-9.55560739900503,-18.93010635963789,0.2,0.0,19.1,0.0
SP_7_13,2026-05-16,0.0,0.2671968405363027,-10.169513240004566,-19.379274483126203,0.2,0.0,18.0,0.0
SP_7_13,2026-05-17,0.0,0.25966865826503827,-8.931177229322794,-17.480930582217983,0.6000000000000001,0.0,17.0,0.0
SP_7_13,2026-05-18,0.0,0.2346507116331605,-9.497967433066968,-17.772700304242115,0.4,0.0,4.8,0.0
SP_7_13,2026-05-24,0.0,0.15,-9.620275835105161,-17.34357278501418,2.8000000000000003,0.0,3.2,0.0
SP_7_13,2026-05-25,0.0,0.17523896950382278,-8.266418639215178,-15.800238499188524,6.4,0.0,6.800000000000001,0.0
SP_7_13,2026-05-27,0.0,0.2435232623421923,-5.2791471673545365,-13.20506526814512,11.0,0.0,14.200000000000001,0.0
SP_7_13,2026-05-28,0.0,0.2485803330329829,-7.331945427296506,-15.147689529048536,8.6,0.0,15.0,0.0
SP_7_13,2026-05-29,0.0,0.2624982944464275,-6.855756175635318,-14.364195835129694,7.2,0.0,18.5,0.0
SP_7_13,2026-05-30,0.0,0.264963203030478,-8.195281398386193,-20.20578091493097,7.0,0.0,18.1,0.0
SP_7_13,2026-06-08,0.0,0.15,-8.540495752152292,-14.220052896167044,0.0,0.0,1.1,0.0
SP_7_13,2026-06-09,0.0,0.15,-8.669663157218508,-14.945628130049872,0.0,0.0,1.1,0.0
SP_7_13,2026-06-11,0.0,0.15,-13.241260890662547,-20.120861059724263,0.0,0.0,1.0,0.0
SP_7_13,2026-06-18,0.0,0.23335307497750388,-14.025425369789971,-22.506815875874658,4.7,0.0,16.599999999999998,0.0
SP_7_13,2026-06-21,0.0,0.2388221484423825,-7.937024945418862,-21.24711152343346,0.5,15.0,11.7,15.0
SP_7_13,2026-06-23,0.0,0.24966703860314773,-8.69665618851711,-16.785337702080003,4.3999999999999995,7.0,9.2,22.0
SP_7_13,2026-06-27,0.0,0.2205557098025814,-8.43656502392312,-21.8882453877978,2.4,0.0,6.8,7.0
SP_7_13,2026-06-29,0.0,0.19829091712251365,-12.650600620872392,-20.54246711348774,2.1999999999999997,0.0,2.8,0.0
SP_7_13,2026-06-30,0.0,0.25668498635059633,-13.474418737266117,-21.268592978127614,0.30000000000000004,15.0,2.7,15.0
SP_7_13,2026-07-03,0.0,0.22340198375868528,-0.6255790569047771,-16.65352628353858,4.9,0.0,7.1,15.0
SP_7_13,2026-07-05,0.0,0.28700440531426796,-5.976406770839007,-13.80133957415731,27.8,0.0,28.6,15.0
SP_7_13,2026-07-06,0.0,0.2829025322016691,-7.481112084738342,-15.526055125649483,27.7,0.0,32.6,15.0
SP_7_13,2026-07-09,0.0,0.27129799305060576,-1.3771813331839025,-15.069223067630533,10.1,0.0,42.0,0.0
SP_7_13,2026-07-11,0.0,0.29452910676198524,-5.843832273605525,-13.92676098580279,18.7,0.0,36.8,0.0
SP_7_13,2026-07-12,0.0,0.28745981103786283,-5.54051635373035,-13.219997477517325,15.700000000000001,0.0,29.9,0.0
SP_7_13,2026-07-15,0.0,0.2702902877990458,-4.087333108524468,-14.060433766367703,5.4,0.0,26.2,0.0
SP_7_13,2026-07-17,0.0,0.2555184100984353,-6.310553052615221,-14.199090858872816,4.8,0.0,23.1,0.0
SP_7_13,2026-07-18,0.0,0.24173227439337797,-6.972948885507815,-14.0357346282215,2.8,0.0,10.3,0.0
SP_7_13,2026-07-21,0.0,0.25674831053683445,-3.1840635471992433,-11.424459616890559,10.7,0.0,15.5,0.0
SP_7_13,2026-07-23,0.0,0.26040220010410303,-4.86795258730435,-12.392957754215379,20.6,0.0,20.6,0.0
SP_7_13,2026-07-24,0.0,0.2720990358325778,-5.861171277301974,-12.659571681060592,15.3,0.0,26.0,0.0
SP_7_13,2026-07-27,0.0,0.3297501388069592,-5.123852588550988,-12.76253071791643,29.900000000000002,0.0,55.9,0.0
SP_7_13,2026-07-29,0.0,0.3215972078808831,-5.486812682579024,-12.731735435366154,7.9,0.0,43.2,0.0
SP_7_13,2026-07-30,0.0,0.335414476725355,-6.841910648983048,-13.198531076868555,15.6,0.0,50.9,0.0
SP_7_13,2026-08-02,0.0,0.27636433297845736,-6.1295936097427495,-12.842217559282041,0.7,0.0,16.3,0.0
SP_7_13,2026-08-04,0.0,0.26202672495485213,-4.479013557402433,-12.424468048991645,2.2,0.0,14.5,0.0
SP_7_13,2026-08-05,0.0,0.25287221163773327,-6.385090546133831,-13.571074835628206,2.2,0.0,10.6,0.0
SP_7_13,2026-08-08,0.0,0.2932377405513281,-6.051395932193703,-12.77744173440807,19.7,0.0,21.9,0.0
SP_7_13,2026-08-10,0.0,0.2643103989824087,-5.0125236927139385,-12.6446058295938,7.800000000000001,0.0,21.4,0.0
SP_7_13,2026-08-11,0.0,0.25811076350166057,-6.466071493177873,-13.492689825527197,1.75,0.0,21.45,0.0
SP_7_13,2026-08-14,0.0,0.3073639038050653,-6.892416622788837,-13.408490452465,18.099999999999998,0.0,26.05,0.0
SP_7_13,2026-08-16,0.0,0.279897796014295,-5.723935612746855,-12.931207875006205,16.2,0.0,18.849999999999998,0.0
SP_7_13,2026-08-17,0.0,0.2617250408718363,-6.698596313600596,-13.513162777174905,0.65,0.0,18.9,0.0
SP_7_13,2026-08-20,0.0,0.23325484311420014,-6.488270621742825,-13.53689488479673,1.7999999999999998,0.0,18.05,0.0
SP_7_13,2026-08-22,0.0,0.22732522650276255,-5.5359003085207545,-13.101356053913747,2.1,0.0,2.75,0.0
SP_7_13,2026-08-23,0.0,0.2168561416567187,-6.460227313625925,-13.212421961828895,0.9,0.0,2.75,0.0
SP_7_13,2026-08-26,0.0,0.20653962609059384,-6.697281064126141,-13.209236105878336,0.4,0.0,2.5,0.0
SP_7_14,2026-04-06,0.0,0.26630100248673166,-7.3613345508053225,-15.565644128918532,11.3,0.0,15.5,0.0
SP_7_14,2026-04-09,0.0,0.27822528028971627,-4.710938216186457,-12.654193086816829,8.299999999999999,0.0,19.599999999999998,0.0
SP_7_14,2026-04-11,0.0,0.28041524380718813,-4.128931855548992,-12.088053934659282,13.0,0.0,22.5,0.0
SP_7_14,2026-04-12,0.0,0.2720519097122799,-4.7061209271346325,-12.714910646326567,6.300000000000001,0.0,17.6,0.0
SP_7_14,2026-04-18,0.0,0.29580573184577186,-5.074329343000571,-12.81581797898118,14.2,0.0,23.0,0.0
SP_7_14,2026-04-21,0.0,0.2975072175687119,-4.692632635873176,-13.157459999976442,6.5,0.0,23.8,0.0
SP_7_14,2026-04-23,0.0,0.30060331281517433,-4.9556318485611435,-13.654661787643931,7.7,0.0,15.1,0.0
SP_7_14,2026-04-24,0.0,0.31285791621822867,-4.631099570019283,-12.456145509615714,11.600000000000001,0.0,19.400000000000002,0.0
SP_7_14,2026-04-30,0.0,0.3425937634778081,-5.1615985048747675,-13.286825024219645,3.5,0.0,38.6,0.0
SP_7_14,2026-05-03,0.0,0.3035555375528956,-6.851937493844355,-15.735118920816385,0.0,0.0,13.2,0.0
SP_7_14,2026-05-05,0.0,0.2714695623192107,-6.445313760745369,-15.252291510574306,0.1,0.0,2.3000000000000003,0.0
SP_7_14,2026-05-06,0.0,0.253464381082488,-8.42645958894398,-17.07130859416521,0.1,0.0,0.6,0.0
SP_7_14,2026-05-13,0.0,0.29208353480631705,-6.6259255854171375,-15.342135540771519,16.4,0.0,19.4,0.0
SP_7_14,2026-05-15,0.0,0.27606192088725434,-9.778594364065004,-19.136522008427143,0.2,0.0,19.1,0.0
SP_7_14,2026-05-16,0.0,0.2675647921495074,-10.02384315785347,-19.310031902559288,0.2,0.0,18.0,0.0
SP_7_14,2026-05-17,0.0,0.2600253030414356,-8.672913337574492,-17.54898888226022,0.6000000000000001,0.0,17.0,0.0
SP_7_14,2026-05-18,0.0,0.2352457325223655,-9.222506663036727,-17.726544964110364,0.4,0.0,4.8,0.0
SP_7_14,2026-05-24,0.0,0.15,-9.30217683309327,-17.319056448184924,2.8000000000000003,0.0,3.2,0.0
SP_7_14,2026-05-25,0.0,0.17551227424857646,-8.201916723127642,-15.976009877883131,6.4,0.0,6.800000000000001,0.0
SP_7_14,2026-05-27,0.0,0.24348535675946043,-4.052093334982686,-14.946930680963167,11.0,0.0,14.200000000000001,0.0
SP_7_14,2026-05-28,0.0,0.24845527555312705,-6.6248960864480955,-16.898833982449702,8.6,0.0,15.0,0.0
SP_7_14,2026-05-29,0.0,0.2623475328178935,-7.770719875404193,-15.736342681888525,7.2,0.0,18.5,0.0
SP_7_14,2026-05-30,0.0,0.26484917768830923,-9.264517349225022,-19.719426768587333,7.0,0.0,18.1,0.0
SP_7_14,2026-06-08,0.0,0.15,-8.771832710002103,-16.07104172505304,0.0,0.0,1.1,0.0
SP_7_14,2026-06-09,0.0,0.15,-3.7445151537609482,-19.317587895832652,0.0,0.0,1.1,0.0
SP_7_14,2026-06-11,0.0,0.15,-13.19240123912454,-21.046099465714562,0.0,0.0,1.0,0.0
SP_7_14,2026-06-18,0.0,0.23267162498017704,-12.776266746903426,-21.586337125553637,4.7,0.0,16.599999999999998,0.0
SP_7_14,2026-06-21,0.0,0.23832089500050946,-2.830391839880197,-20.103157443612055,0.5,15.0,11.7,15.0
SP_7_14,2026-06-23,0.0,0.28335200334610156,-7.029438803060215,-15.268448936824413,4.3999999999999995,15.0,9.2,30.0
SP_7_14,2026-06-27,0.0,0.23674200200493953,-2.2762876147648745,-18.323668494960373,2.4,0.0,6.8,15.0
SP_7_14,2026-06-29,0.0,0.21357997515752924,-8.943737984712882,-16.784244338391208,2.1999999999999997,0.0,2.8,15.0
SP_7_14,2026-06-30,0.0,0.2635189641026388,-9.448983366567191,-16.740143301583583,0.30000000000000004,15.0,2.7,15.0
SP_7_14,2026-07-03,0.0,0.23002744263141586,2.5900871295524173,-12.731128272150404,4.9,0.0,7.1,15.0
SP_7_14,2026-07-05,0.0,0.2933760922302664,-4.6242777271914175,-12.523870536516561,27.8,0.0,28.6,15.0
SP_7_14,2026-07-06,0.0,0.28938424659862966,-5.960917627514978,-13.812730085099199,27.7,0.0,32.6,15.0
SP_7_14,2026-07-09,0.0,0.27704161751076956,1.300854641323783,-13.19908487570389,10.1,0.0,42.0,0.0
SP_7_14,2026-07-11,0.0,0.30056534817539143,-4.80865671070606,-12.907139948610716,18.7,0.0,36.8,0.0
SP_7_14,2026-07-12,0.0,0.2934013220694933,-5.3493575602461005,-12.864407941818127,15.700000000000001,0.0,29.9,0.0
SP_7_14,2026-07-15,0.0,0.2758857606826409,-2.9448694905531902,-13.445079971944251,5.4,0.0,26.2,0.0
SP_7_14,2026-07-17,0.0,0.26102585227756103,-6.576918790032372,-13.662703619769214,4.8,0.0,23.1,0.0
SP_7_14,2026-07-18,0.0,0.24738932268467673,-6.96818372505391,-13.803191038030437,2.8,0.0,10.3,0.0
SP_7_14,2026-07-21,0.0,0.26067834645200255,-5.190711044682263,-12.415083702935213,10.7,0.0,15.5,0.0
SP_7_14,2026-07-23,0.0,0.26488648137174275,-5.620382894663286,-13.108965698807557,20.6,0.0,20.6,0.0
SP_7_14,2026-07-24,0.0,0.2764337261068863,-6.335367455601888,-13.329009607983764,15.3,0.0,26.0,0.0
SP_7_14,2026-07-27,0.0,0.33473687567083393,-6.20362491230524,-13.066874169988319,29.900000000000002,0.0,55.9,0.0
SP_7_14,2026-07-29,0.0,0.3265093585295937,-5.688894806279654,-13.31630229232201,7.9,0.0,43.2,0.0
SP_7_14,2026-07-30,0.0,0.3403718312441605,-6.640908831421511,-13.316166526864688,15.6,0.0,50.9,0.0
SP_7_14,2026-08-02,0.0,0.28116123470717813,-6.098523683882395,-12.997602358622387,0.7,0.0,16.3,0.0
SP_7_14,2026-08-04,0.0,0.26680653530506176,-4.5649695642455494,-12.377236201543298,2.2,0.0,14.5,0.0
SP_7_14,2026-08-05,0.0,0.2578514736495499,-6.359035645096416,-13.395183970193806,2.2,0.0,10.6,0.0
SP_7_14,2026-08-08,0.0,0.29783706637367036,-6.07401252474888,-12.560488181524631,19.7,0.0,21.9,0.0
SP_7_14,2026-08-10,0.0,0.276212269353675,-5.21964526626064,-12.703028130605095,7.800000000000001,0.0,21.4,0.0
SP_7_14,2026-08-11,0.0,0.26968551104887256,-6.670739490127138,-13.413060689185928,1.75,0.0,21.45,0.0
SP_7_14,2026-08-14,0.0,0.31609961100078676,-6.919402359751549,-13.297910321133068,18.099999999999998,0.0,26.05,0.0
SP_7_14,2026-08-16,0.0,0.28787690403115906,-6.217800141134359,-12.820533297515347,16.2,0.0,18.849999999999998,0.0
SP_7_14,2026-08-17,0.0,0.2706187021979512,-6.667677545207566,-13.36118777818121,0.725,0.0,18.974999999999998,0.0
SP_7_14,2026-08-20,0.0,0.24447318679754096,-6.590606447188462,-13.366033360259381,1.7999999999999998,0.0,18.125,0.0
SP_7_14,2026-08-22,0.0,0.23899789501537208,-5.944799835785682,-13.147617996216132,2.1,0.0,2.825,0.0
SP_7_14,2026-08-23,0.0,0.22983901311381583,-6.3620600773964675,-13.240460126357888,0.9,0.0,2.825,0.0
SP_7_14,2026-08-26,0.0,0.224910252151777,-6.558372663784695,-13.37075604694278,0.6,0.0,2.7,0.0
SP_7_17,2026-04-06,0.0,0.266349172175019,-8.498196546740843,-17.17140322237055,11.3,0.0,15.5,0.0
SP_7_17,2026-04-09,0.0,0.2782752703036875,-4.946376414310699,-12.844282360625236,8.299999999999999,0.0,19.599999999999998,0.0
SP_7_17,2026-04-11,0.0,0.2804528139422727,-3.990122811702567,-12.248480049238708,13.0,0.0,22.5,0.0
SP_7_17,2026-04-12,0.0,0.27212167418163347,-4.954496718805573,-12.860077801567689,6.300000000000001,0.0,17.6,0.0
SP_7_17,2026-04-18,0.0,0.2958659738306559,-5.036910033147959,-12.852560398683831,14.2,0.0,23.0,0.0
SP_7_17,2026-04-21,0.0,0.2975576363302221,-4.9337606195651595,-13.2379046587114,6.5,0.0,23.8,0.0
SP_7_17,2026-04-23,0.0,0.3006845450794514,-4.933505382118087,-13.711646060208642,7.7,0.0,15.1,0.0
SP_7_17,2026-04-24,0.0,0.31295032850779475,-4.600603055264365,-12.288894707547907,11.600000000000001,0.0,19.400000000000002,0.0
SP_7_17,2026-04-30,0.0,0.3426729969642426,-5.311902506975221,-13.561511729858273,3.5,0.0,38.6,0.0
SP_7_17,2026-05-03,0.0,0.30368606438486423,-8.688065094533643,-17.486649175434216,0.0,0.0,13.2,0.0
SP_7_17,2026-05-05,0.0,0.27167219424740147,-7.417705441849028,-16.410320636872243,0.1,0.0,2.3000000000000003,0.0
SP_7_17,2026-05-06,0.0,0.2536811833478037,-9.277424902044638,-18.021989496196547,0.1,0.0,0.6,0.0
SP_7_17,2026-05-13,0.0,0.29224218625896375,-7.352073116682018,-16.38305152043898,16.4,0.0,19.4,0.0
SP_7_17,2026-05-15,0.0,0.27623907638089185,-10.89945042185951,-21.65055042934743,0.2,0.0,19.1,0.0
SP_7_17,2026-05-16,0.0,0.2678033421666133,-10.51558118896078,-21.953260584826253,0.2,0.0,18.0,0.0
SP_7_17,2026-05-17,0.0,0.2603145143784864,-11.082888951920095,-19.801114050962305,0.6000000000000001,0.0,17.0,0.0
SP_7_17,2026-05-18,0.0,0.23555780367917653,-11.500690809044745,-20.009801259733287,0.4,0.0,4.8,0.0
SP_7_17,2026-05-24,0.0,0.15,-11.53170538148202,-22.482896277829852,2.8000000000000003,0.0,3.2,0.0
SP_7_17,2026-05-25,0.0,0.1766430162722828,-10.090217204905045,-21.681302512044482,6.4,0.0,6.800000000000001,0.0
SP_7_17,2026-05-27,0.0,0.2447914364851542,-2.2365298884292875,-18.440576465096044,11.0,0.0,14.200000000000001,0.0
SP_7_17,2026-05-28,0.0,0.24959760991486063,-5.03347571232161,-20.55609974211969,8.6,0.0,15.0,0.0
SP_7_17,2026-05-29,0.0,0.2632819888813405,-7.055481508692547,-19.330090482840813,7.2,0.0,18.5,0.0
SP_7_17,2026-05-30,0.0,0.26573149846234334,-10.612110441962553,-16.36943093493926,7.0,0.0,18.1,0.0
SP_7_17,2026-06-08,0.0,0.15,-9.242894456722462,-20.244125495667106,0.0,0.0,1.1,0.0
SP_7_17,2026-06-09,0.0,0.15,-9.251261167773864,-20.915106008368426,0.0,0.0,1.1,0.0
SP_7_17,2026-06-11,0.0,0.2366246586490227,-9.227891010668861,-20.085447819743077,0.0,15.0,1.0,15.0
SP_7_17,2026-06-18,0.0,0.24352162414457307,-7.504386338252482,-17.283734884249522,4.7,0.0,16.599999999999998,0.0
SP_7_17,2026-06-21,0.0,0.2024951984295853,-7.415156259954574,-16.74441418442955,0.5,0.0,11.7,0.0
SP_7_17,2026-06-23,0.0,0.20562852130547515,-2.866390245045665,-13.444123062310883,4.3999999999999995,0.0,9.2,0.0
SP_7_17,2026-06-27,0.0,0.17945510347405938,-6.651578524250418,-15.657319750863923,2.4,0.0,6.8,0.0
SP_7_17,2026-06-29,0.0,0.15885429256150893,-7.14821008444105,-15.40461914968973,2.1999999999999997,0.0,2.8,0.0
SP_7_17,2026-06-30,0.0,0.2204514745829467,-7.206353644524311,-15.337142264428827,0.30000000000000004,10.0,2.7,10.0
SP_7_17,2026-07-03,0.0,0.20042971657836528,-1.4038061022245736,-12.121125091473967,4.9,0.0,7.1,10.0
SP_7_17,2026-07-05,0.0,0.27151927158616784,-2.7452267242142865,-12.437185574359855,27.8,0.0,28.6,10.0
SP_7_17,2026-07-06,0.0,0.26643222118401033,-4.595977960049542,-13.235691093392859,27.7,0.0,32.6,10.0
SP_7_17,2026-07-09,0.0,0.2575055143645324,-3.239916370330864,-12.284352478951154,10.1,0.0,42.0,0.0
SP_7_17,2026-07-11,0.0,0.28018360477672316,-3.521452016844782,-12.616801669226094,18.7,0.0,36.8,0.0
SP_7_17,2026-07-12,0.0,0.2730599135937057,-5.067510944434373,-12.668492574098975,15.700000000000001,0.0,29.9,0.0
SP_7_17,2026-07-15,0.0,0.2565214496277163,-5.1551851240288435,-13.093566690559404,5.4,0.0,26.2,0.0
SP_7_17,2026-07-17,0.0,0.2419071754287834,-5.539122771470886,-13.435712371827302,4.8,0.0,23.1,0.0
SP_7_17,2026-07-18,0.0,0.2276996091579192,-6.497769802048215,-13.380283363703196,2.8,0.0,10.3,0.0
SP_7_17,2026-07-21,0.0,0.2478695627042017,-5.697951506649954,-12.260863243122671,10.7,0.0,15.5,0.0
SP_7_17,2026-07-23,0.0,0.2493060309042411,-5.191636132550101,-12.599725767119205,20.6,0.0,20.6,0.0
SP_7_17,2026-07-24,0.0,0.26177352225087347,-6.002879998567547,-13.113330528808635,15.3,0.0,26.0,0.0
SP_7_17,2026-07-27,0.0,0.31750473118038647,-6.076710759807393,-12.726414378906416,29.900000000000002,0.0,55.9,0.0
SP_7_17,2026-07-29,0.0,0.3094651959819698,-6.056592035741131,-13.022968138092496,7.9,0.0,43.2,0.0
SP_7_17,2026-07-30,0.0,0.32323048366312424,-6.471124947980255,-13.31628845975408,15.6,0.0,50.9,0.0
SP_7_17,2026-08-02,0.0,0.2649175663408086,-6.429776124985992,-12.76599764449032,0.7,0.0,16.3,0.0
SP_7_17,2026-08-04,0.0,0.2511525043073484,-5.013114016872739,-12.280117057763423,2.2,0.0,14.5,0.0
SP_7_17,2026-08-05,0.0,0.24162149828133064,-6.499121814631238,-13.341967470281908,2.2,0.0,10.6,0.0
SP_7_17,2026-08-08,0.0,0.2829032220795773,-6.1424258967765075,-12.708658913377581,19.7,0.0,21.9,0.0
SP_7_17,2026-08-10,0.0,0.2535269418702116,-5.790183383418798,-12.698591116703755,7.800000000000001,0.0,21.4,0.0
SP_7_17,2026-08-11,0.0,0.2440636055499056,-6.532053375898164,-13.132487209887048,1.75,0.0,21.45,0.0
SP_7_17,2026-08-14,0.0,0.2922009475481249,-7.101080346864617,-13.40270658627773,18.099999999999998,0.0,26.05,0.0
SP_7_17,2026-08-16,0.0,0.26536348166852536,-6.414815231764686,-13.064036428299126,16.2,0.0,18.849999999999998,0.0
SP_7_17,2026-08-17,0.0,0.2463824557736157,-6.8041000679316035,-13.487289520270151,0.725,0.0,18.974999999999998,0.0
SP_7_17,2026-08-20,0.0,0.2092725886786652,-6.960141145935318,-13.371399347557665,1.7999999999999998,0.0,18.125,0.0
SP_7_17,2026-08-22,0.0,0.19762289992108975,-5.984466156859481,-12.85416664124119,2.1,0.0,2.825,0.0
SP_7_17,2026-08-23,0.0,0.18135533720749025,-6.501093279666713,-13.164561555335839,0.9,0.0,2.825,0.0
SP_7_17,2026-08-26,0.0,0.15,-6.912686096163298,-13.316114932072987,0.6,0.0,2.7,0.0
SP_7_18,2026-04-06,0.0,0.2662127612469686,-5.846089140762426,-14.594130151553014,11.3,0.0,15.5,0.0
SP_7_18,2026-04-09,0.0,0.2781465419742903,-4.87310181830598,-13.104804182181066,8.299999999999999,0.0,19.599999999999998,0.0
SP_7_18,2026-04-11,0.0,0.28032476369343934,-3.6348480683036617,-12.62150820351179,13.0,0.0,22.5,0.0
SP_7_18,2026-04-12,0.0,0.27216447132640764,-4.674350732880088,-13.101884153612495,6.300000000000001,0.0,17.6,0.0
SP_7_18,2026-04-18,0.0,0.2957065238610829,-4.867856020734655,-13.316638504012907,14.2,0.0,23.0,0.0
SP_7_18,2026-04-21,0.0,0.2973918776316632,-5.4367947020983465,-14.174359627552937,6.5,0.0,23.8,0.0
SP_7_18,2026-04-23,0.0,0.300446492249873,-5.267837791178422,-14.902170651565317,7.7,0.0,15.1,0.0
SP_7_18,2026-04-24,0.0,0.3126995619689658,-4.589452211047796,-12.966853405307411,11.600000000000001,0.0,19.400000000000002,0.0
SP_7_18,2026-04-30,0.0,0.34238320665164107,-5.632459113125585,-14.421039536494826,3.5,0.0,38.6,0.0
SP_7_18,2026-05-03,0.0,0.3032574714248747,-7.757570160112463,-16.19879349449138,0.0,0.0,13.2,0.0
SP_7_18,2026-05-05,0.0,0.2709845915758486,-6.739618683130123,-16.048757855284432,0.1,0.0,2.3000000000000003,0.0
SP_7_18,2026-05-06,0.0,0.2528152688701856,-8.368263714024508,-17.053844536655824,0.1,0.0,0.6,0.0
SP_7_18,2026-05-13,0.0,0.29155031770438194,-7.946809256623756,-16.85550713788418,16.4,0.0,19.4,0.0
SP_7_18,2026-05-15,0.0,0.2755253113347515,-10.163339877442487,-19.021738024457655,0.2,0.0,19.1,0.0
SP_7_18,2026-05-16,0.0,0.2669952013240628,-10.526302442213364,-19.07870933482989,0.2,0.0,18.0,0.0
SP_7_18,2026-05-17,0.0,0.25941597231283975,-8.910947072948991,-17.93484595759209,0.6000000000000001,0.0,17.0,0.0
SP_7_18,2026-05-18,0.0,0.23438194581228888,-9.232394432743277,-18.15738326710366,0.4,0.0,4.8,0.0
SP_7_18,2026-05-24,0.0,0.15,-9.96574308978381,-17.608337859441377,2.8000000000000003,0.0,3.2,0.0
SP_7_18,2026-05-25,0.0,0.17653863007429715,-8.506011515504323,-15.9303950069914,6.4,0.0,6.800000000000001,0.0
SP_7_18,2026-05-27,0.0,0.24613464904995153,-6.031137807576748,-13.354541359392067,11.0,0.0,14.200000000000001,0.0
SP_7_18,2026-05-28,0.0,0.25099198709492443,-7.436842905195774,-14.75783062116265,8.6,0.0,15.0,0.0
SP_7_18,2026-05-29,0.0,0.26444300591516984,-6.291186180068093,-14.30856755662067,7.2,0.0,18.5,0.0
SP_7_18,2026-05-30,0.0,0.2670542298238885,-12.08921641827622,-18.020329275084848,7.0,0.0,18.1,0.0
SP_7_18,2026-06-08,0.0,0.15,-9.261547911479465,-14.091563959557456,0.0,0.0,1.1,0.0
SP_7_18,2026-06-09,0.0,0.15,-9.263720103842708,-14.522101277240704,0.0,0.0,1.1,0.0
SP_7_18,2026-06-11,0.0,0.15,-8.595101872468943,-14.00705968423779,0.0,0.0,1.0,0.0
SP_7_18,2026-06-18,0.0,0.24269118425903763,-13.069503123300962,-19.41530587831336,4.7,0.0,16.599999999999998,0.0
SP_7_18,2026-06-21,0.0,0.24971984878326686,-12.78872702566322,-19.998296703125554,0.5,15.0,11.7,15.0
SP_7_18,2026-06-23,0.0,0.23852709897283472,-9.975022648681533,-15.538901438713594,4.3999999999999995,0.0,9.2,15.0
SP_7_18,2026-06-27,0.0,0.19171976859364157,-14.1709307607191,-21.052963456858155,2.4,0.0,6.8,0.0
SP_7_18,2026-06-29,0.0,0.15,-14.31221713770447,-21.063398621451515,2.1999999999999997,0.0,2.8,0.0
SP_7_18,2026-06-30,0.0,0.24402754547439878,-14.835208692077092,-21.296261670205535,0.30000000000000004,15.0,2.7,15.0
SP_7_18,2026-07-03,0.0,0.2051077551125469,-7.944382201118845,-15.46205573391397,4.9,0.0,7.1,15.0
SP_7_18,2026-07-05,0.0,0.29198097401647005,-8.009213091522142,-13.833676733657434,27.8,0.0,28.6,15.0
SP_7_18,2026-07-06,0.0,0.28939528673182763,-9.198551957508943,-14.487176113417455,27.7,0.0,32.6,15.0
SP_7_18,2026-07-09,0.0,0.280709866396605,-7.703821511116579,-15.027683917560086,10.1,0.0,42.0,0.0
SP_7_18,2026-07-11,0.0,0.3068757023378703,-6.940199608514107,-12.992733030957162,18.7,0.0,36.8,0.0
SP_7_18,2026-07-12,0.0,0.3005084954700793,-7.4776219218858575,-12.980382867303842,15.700000000000001,0.0,29.9,0.0
SP_7_18,2026-07-15,0.0,0.28432326556000115,-8.037569556370665,-14.801670436235199,5.4,0.0,26.2,0.0
SP_7_18,2026-07-17,0.0,0.2708813898351543,-8.112019030508517,-14.814596540535732,4.8,0.0,23.1,0.0
SP_7_18,2026-07-18,0.0,0.2580613334937279,-8.698695730901465,-14.791902520157844,2.8,0.0,10.3,0.0
SP_7_18,2026-07-21,0.0,0.2720671009050195,-5.385798766438312,-11.491473962654608,10.7,0.0,15.5,0.0
SP_7_18,2026-07-23,0.0,0.2793665654954654,-5.701674957478378,-12.577628000529382,20.6,0.0,20.6,0.0
SP_7_18,2026-07-24,0.0,0.29091465481423406,-6.49039913313473,-12.91164069818667,15.3,0.0,26.0,0.0
SP_7_18,2026-07-27,0.0,0.3510677850354878,-6.749657137710158,-12.76488108662006,29.900000000000002,0.0,55.9,0.0
SP_7_18,2026-07-29,0.0,0.3435227879013199,-6.177587746220681,-13.157080520609576,7.9,0.0,43.2,0.0
SP_7_18,2026-07-30,0.0,0.357509340363785,-6.906230008798904,-13.41152445769605,15.6,0.0,50.9,0.0
SP_7_18,2026-08-02,0.0,0.302328164131674,-6.921849322879447,-12.860619057679656,0.7,0.0,16.3,0.0
SP_7_18,2026-08-04,0.0,0.2893531083599247,-5.169830679803082,-12.737870364845516,2.2,0.0,14.5,0.0
SP_7_18,2026-08-05,0.0,0.2812316707537146,-6.603409021421408,-13.754284492936552,2.2,0.0,10.6,0.0
SP_7_18,2026-08-08,0.0,0.3189779962009687,-6.795090174894466,-12.846220922416764,19.7,0.0,21.9,0.0
SP_7_18,2026-08-10,0.0,0.29271030994216485,-5.8373040597456,-13.037658034867752,7.800000000000001,0.0,21.4,0.0
SP_7_18,2026-08-11,0.0,0.28383069879112377,-6.780270666455195,-13.476863800516515,1.75,0.0,21.45,0.0
SP_7_18,2026-08-14,0.0,0.3226886706826729,-7.457134334227096,-13.399712561375265,18.099999999999998,0.0,26.05,0.0
SP_7_18,2026-08-16,0.0,0.29206267171225353,-6.330820349586065,-13.165126351407427,16.2,0.0,18.849999999999998,0.0
SP_7_18,2026-08-17,0.0,0.2737127653679059,-7.027395275093785,-13.806457186293795,0.65,0.0,18.9,0.0
SP_7_18,2026-08-20,0.0,0.24135175529542754,-7.072407611134795,-13.636246204393899,1.7999999999999998,0.0,18.05,0.0
SP_7_18,2026-08-22,0.0,0.23093416125408572,-5.9118522443194275,-13.340952994870213,2.1,0.0,2.75,0.0
SP_7_18,2026-08-23,0.0,0.22047882555507445,-6.388836026655692,-13.60885827530365,0.9,0.0,2.75,0.0
SP_7_18,2026-08-26,0.0,0.2060974437028395,-6.953851940653076,-13.429149583122825,0.3,0.0,2.4,0.0
SP_7_3,2026-04-06,0.0,0.26494810459011625,-8.071303878051324,-15.481771203585616,10.600000000000001,0.0,14.5,0.0
SP_7_3,2026-04-09,0.0,0.2792135016529552,-6.001842502562233,-12.988554615862977,9.2,0.0,19.900000000000002,0.0
SP_7_3,2026-04-11,0.0,0.2800549909369582,-5.296634453008703,-12.54975967915049,12.7,0.0,23.3,0.0
SP_7_3,2026-04-12,0.0,0.2738005004912854,-6.238685189551737,-13.4409287970999,6.4,0.0,18.7,0.0
SP_7_3,2026-04-18,0.0,0.29015877672043855,-6.580924970947341,-13.527583472465015,12.7,0.0,21.1,0.0
SP_7_3,2026-04-21,0.0,0.29055525546641897,-6.278999096318953,-14.068624188322367,5.5,0.0,20.2,0.0
SP_7_3,2026-04-23,0.0,0.3001307714799209,-6.161336015531385,-13.825860850699936,9.1,0.0,14.9,0.0
SP_7_3,2026-04-24,0.0,0.3109639251095843,-6.189733130675358,-13.050477776597717,12.899999999999999,0.0,19.5,0.0
SP_7_3,2026-04-30,0.0,0.34047843938466676,-6.930832887909845,-14.551664691190744,3.8000000000000003,0.0,38.3,0.0
SP_7_3,2026-05-03,0.0,0.3009730981820215,-7.173656650308702,-15.690595219706506,0.0,0.0,13.3,0.0
SP_7_3,2026-05-05,0.0,0.26919365192072,-6.9464040750654386,-14.904788712339807,0.3,0.0,2.8000000000000003,0.0
SP_7_3,2026-05-06,0.0,0.2505912344307663,-8.386239979048213,-16.42287007910056,0.3,0.0,0.9000000000000001,0.0
SP_7_3,2026-05-13,0.0,0.28855988365732943,-8.133939200367813,-15.789584535552647,16.3,0.0,18.7,0.0
SP_7_3,2026-05-15,0.0,0.2717704553731443,-9.326358347073695,-17.15315276610844,0.1,0.0,18.400000000000002,0.0
SP_7_3,2026-05-16,0.0,0.26417715572622635,-9.673979620419724,-17.478073680332976,0.1,0.0,17.5,0.0
SP_7_3,2026-05-17,0.0,0.2587325263416928,-8.56620893275729,-15.609419330142257,0.7999999999999999,0.0,17.1,0.0
SP_7_3,2026-05-18,0.0,0.233703319380245,-9.055544104753228,-15.866576441407458,0.7,0.0,5.2,0.0
SP_7_3,2026-05-24,0.0,0.15,-9.572144563712765,-16.311138833892333,1.4000000000000001,0.0,1.6,0.0
SP_7_3,2026-05-25,0.0,0.19015367672782824,-8.881162631076498,-15.519293085018415,5.9,0.0,6.2,0.0
SP_7_3,2026-05-27,0.0,0.2487930242038285,-7.832301507818043,-14.595616491246176,11.4,0.0,13.0,0.0
SP_7_3,2026-05-28,0.0,0.25504422884926403,-9.162258760162892,-15.62247732582315,8.5,0.0,14.5,0.0
SP_7_3,2026-05-29,0.0,0.2673727016111438,-8.547846621153834,-15.206036199057237,7.300000000000001,0.0,18.0,0.0
SP_7_3,2026-05-30,0.0,0.26877932561661133,-11.519887815286028,-15.953681692173431,7.4,0.0,18.8,0.0
SP_7_3,2026-06-08,0.0,0.15,-10.18738215059707,-15.01837889670583,0.0,0.0,1.2999999999999998,0.0
SP_7_3,2026-06-09,0.0,0.15,-10.227987833971143,-15.287574582458703,0.0,0.0,1.2999999999999998,0.0
SP_7_3,2026-06-11,0.0,0.15,-9.844669522772536,-14.666610439501168,0.0,0.0,0.7999999999999999,0.0
SP_7_3,2026-06-18,0.0,0.24874034863283478,-10.218368750285267,-15.189938330863288,5.1,0.0,19.2,0.0
SP_7_3,2026-06-21,0.0,0.20488343914738583,-7.460771463239867,-13.607807417667466,0.5,0.0,13.5,0.0
SP_7_3,2026-06-23,0.0,0.2013610029306425,-9.688790306321241,-13.928040449727167,3.6,0.0,8.3,0.0
SP_7_3,2026-06-27,0.0,0.15,-6.53906060777104,-12.41975328938653,2.1999999999999997,0.0,5.8,0.0
SP_7_3,2026-06-29,0.0,0.15,-10.05463848831961,-14.66196723446332,2.0,0.0,2.4,0.0
SP_7_3,2026-06-30,0.0,0.15,-10.283456540774981,-14.836019092764609,0.1,0.0,2.3,0.0
SP_7_3,2026-07-03,0.0,0.17809122319757517,-6.176253664302643,-11.193315019124725,5.8999999999999995,0.0,7.8999999999999995,0.0
SP_7_3,2026-07-05,0.0,0.2803335707629963,-8.396838236937919,-13.207542094738367,28.5,0.0,29.299999999999997,0.0
SP_7_3,2026-07-06,0.0,0.27957341061927216,-9.534125292865777,-14.396527996517817,27.599999999999998,0.0,33.5,0.0
SP_7_3,2026-07-09,0.0,0.27959267695602374,-6.360630765514036,-11.512600908564615,11.4,0.0,44.1,0.0
SP_7_3,2026-07-11,0.0,0.24726143708347614,-8.721302926446475,-13.666439457964017,7.5,0.0,23.1,0.0
SP_7_3,2026-07-12,0.0,0.2523794115523824,-8.80597962451245,-13.649965646050555,5.75,0.0,21.35,0.0
SP_7_3,2026-07-15,0.0,0.2542719473938203,-6.950324643583485,-12.163472116233462,5.7,0.0,17.95,0.0
SP_7_3,2026-07-17,0.0,0.24260250258267654,-9.784792496745288,-14.662943458346025,4.800000000000001,0.0,13.05,0.0
SP_7_3,2026-07-18,0.0,0.2294274339038574,-9.847271497209642,-14.594003260718653,2.6,0.0,13.05,0.0
SP_7_3,2026-07-21,0.0,0.24980242786133464,-6.815898491978137,-12.286490832320958,9.9,0.0,14.700000000000001,0.0
SP_7_3,2026-07-23,0.0,0.31230413202953744,-7.684730256756788,-13.971110085658015,32.25,0.0,32.25,0.0
SP_7_3,2026-07-24,0.0,0.29848291691242707,-9.388207416904017,-15.027708282637285,26.700000000000003,0.0,36.6,0.0
SP_7_3,2026-07-27,0.0,0.261674056056255,-8.424890644884833,-13.90799218865517,2.65,0.0,39.25,0.0
SP_7_3,2026-07-29,0.0,0.2767896933939624,-6.9013924529831545,-13.751077040222619,8.4,0.0,36.9,0.0
SP_7_3,2026-07-30,0.0,0.2959481057272035,-8.086782764952996,-14.341403527070987,16.1,0.0,23.099999999999998,0.0
SP_7_3,2026-08-02,0.0,0.24906554164894767,-8.681439715349038,-14.485103990554258,0.3,0.0,16.5,0.0
SP_7_3,2026-08-04,0.0,0.2429246075444401,-8.437842475261757,-15.038215947245083,2.4,0.0,15.299999999999999,0.0
SP_7_3,2026-08-05,0.0,0.23525914819656435,-10.295217947959312,-16.487077383002838,2.4,0.0,10.5,0.0
SP_7_3,2026-08-08,0.0,0.27591245666292613,-7.721398239264575,-14.318278383553146,19.8,0.0,22.2,0.0
SP_7_3,2026-08-10,0.0,0.24797464624785845,-9.047758089030111,-15.741176376920114,5.1,0.0,21.0,0.0
SP_7_3,2026-08-11,0.0,0.2402398741765563,-10.10264835331631,-16.207547484683317,0.75,0.0,20.55,0.0
SP_7_3,2026-08-14,0.0,0.28377096990986866,-9.627500261324474,-16.301582106682897,18.099999999999998,0.0,23.349999999999998,0.0
SP_7_3,2026-08-16,0.0,0.25319964909165604,-9.259380932362397,-16.136553231700677,16.2,0.0,18.849999999999998,0.0
SP_7_3,2026-08-17,0.0,0.2353640463620546,-9.966322192398934,-16.89056661116196,0.65,0.0,18.9,0.0
SP_7_3,2026-08-20,0.0,0.20416916731708862,-9.275019665543361,-15.981868311825355,2.0,0.0,18.25,0.0
SP_7_3,2026-08-22,0.0,0.19528443055742728,-8.53111854716363,-15.50977353850014,2.8,0.0,3.45,0.0
SP_7_3,2026-08-23,0.0,0.1822192647660043,-9.203252047202502,-16.13227158421121,1.4000000000000001,0.0,3.45,0.0
SP_7_3,2026-08-26,0.0,0.15936469772650694,-11.068469900454868,-18.50279492270831,0.6,0.0,3.4,0.0
SP_7_5,2026-04-06,0.0,0.2662610795410672,-6.7781889185537425,-15.447970023995811,11.3,0.0,15.5,0.0
SP_7_5,2026-04-09,0.0,0.2781995322548869,-4.521898724340444,-12.872065689874182,8.299999999999999,0.0,19.599999999999998,0.0
SP_7_5,2026-04-11,0.0,0.2803882785270924,-3.552298615160903,-12.194302994560198,13.0,0.0,22.5,0.0
SP_7_5,2026-04-12,0.0,0.2722500026524434,-4.379763236848852,-12.721500435934125,6.300000000000001,0.0,17.6,0.0
SP_7_5,2026-04-18,0.0,0.2957902105561544,-4.777624755595963,-13.211652837688128,14.2,0.0,23.0,0.0
SP_7_5,2026-04-21,0.0,0.2974618824356568,-4.640061723632022,-13.364163118059027,6.5,0.0,23.8,0.0
SP_7_5,2026-04-23,0.0,0.3005777782575847,-4.786548329658053,-13.733497199198348,7.7,0.0,15.1,0.0
SP_7_5,2026-04-24,0.0,0.3128362843319925,-4.442290688385087,-12.61504365508567,11.600000000000001,0.0,19.400000000000002,0.0
SP_7_5,2026-04-30,0.0,0.3424947968012145,-5.07150921349878,-13.91423963263687,3.5,0.0,38.6,0.0
SP_7_5,2026-05-03,0.0,0.3034170819444323,-7.419227151968705,-16.489229713756117,0.0,0.0,13.2,0.0
SP_7_5,2026-05-05,0.0,0.2712223221575121,-6.315173402737681,-15.492888183104935,0.1,0.0,2.3000000000000003,0.0
SP_7_5,2026-05-06,0.0,0.2530731044365362,-7.904095117182676,-16.917938546803203,0.1,0.0,0.6,0.0
SP_7_5,2026-05-13,0.0,0.291748977213192,-7.150974432404361,-16.578436918937054,16.4,0.0,19.4,0.0
SP_7_5,2026-05-15,0.0,0.27579236881772345,-9.86033853173856,-19.17222120255387,0.2,0.0,19.1,0.0
SP_7_5,2026-05-16,0.0,0.267305007893442,-10.113015478966101,-19.58056383475145,0.2,0.0,18.0,0.0
SP_7_5,2026-05-17,0.0,0.2597717942181998,-8.478737309556102,-17.478248176291494,0.6000000000000001,0.0,17.0,0.0
SP_7_5,2026-05-18,0.0,0.23494541403610902,-9.101459439750608,-17.686567136261836,0.4,0.0,4.8,0.0
SP_7_5,2026-05-24,0.0,0.15,-9.962617113447164,-18.64458241584674,2.8000000000000003,0.0,3.2,0.0
SP_7_5,2026-05-25,0.0,0.17515232226632343,-8.033836873514238,-16.636126661721804,6.4,0.0,6.800000000000001,0.0
SP_7_5,2026-05-27,0.0,0.24370443123001628,-4.990409037093222,-14.197134529105476,11.0,0.0,14.200000000000001,0.0
SP_7_5,2026-05-28,0.0,0.24877209423165503,-8.701698355329803,-17.272046294957242,8.6,0.0,15.0,0.0
SP_7_5,2026-05-29,0.0,0.2626712568994986,-6.880728514000455,-15.797470705938576,7.2,0.0,18.5,0.0
SP_7_5,2026-05-30,0.0,0.26516736353012826,-8.534935472621934,-15.497798015496917,7.0,0.0,18.1,0.0
SP_7_5,2026-06-08,0.0,0.15,-8.874078521202595,-16.26340247392173,0.0,0.0,1.1,0.0
SP_7_5,2026-06-09,0.0,0.15,-10.533515372592406,-20.66180118640915,0.0,0.0,1.1,0.0
SP_7_5,2026-06-11,0.0,0.15,-10.918348021217515,-21.10220738116886,0.0,0.0,1.0,0.0
SP_7_5,2026-06-18,0.0,0.23399623060386346,-10.861853120290455,-21.237429740160657,4.7,0.0,16.599999999999998,0.0
SP_7_5,2026-06-21,0.0,0.23944588514043366,-9.164330085780824,-21.085911217738257,0.5,15.0,11.7,15.0
SP_7_5,2026-06-23,0.0,0.22998219318589383,-3.087943829351012,-16.54295102395674,4.3999999999999995,0.0,9.2,15.0
SP_7_5,2026-06-27,0.0,0.20545933025754887,-8.621212779765736,-20.840829595051478,2.4,0.0,6.8,0.0
SP_7_5,2026-06-29,0.0,0.18394000077743242,-8.533795749933597,-20.600916295650453,2.1999999999999997,0.0,2.8,0.0
SP_7_5,2026-06-30,0.0,0.1685645413151995,-10.472031998108115,-20.793253040552454,0.30000000000000004,0.0,2.7,0.0
SP_7_5,2026-07-03,0.0,0.17762054352165235,-1.019407768678168,-15.979109413330663,4.9,0.0,7.1,0.0
SP_7_5,2026-07-05,0.0,0.2672211714642708,-1.7318707794346704,-14.299991622387207,27.8,0.0,28.6,0.0
SP_7_5,2026-07-06,0.0,0.2624848913171691,-3.3308985862267706,-15.468931592703687,27.7,0.0,32.6,0.0
SP_7_5,2026-07-09,0.0,0.2552887646418313,-1.7609442476147743,-14.33218962207544,10.1,0.0,42.0,0.0
SP_7_5,2026-07-11,0.0,0.278270151259654,-1.7893684612561223,-13.183339530610521,18.7,0.0,36.8,0.0
SP_7_5,2026-07-12,0.0,0.27122054945835705,-2.9532018217361506,-12.56946513653093,15.700000000000001,0.0,29.9,0.0
SP_7_5,2026-07-15,0.0,0.2549194701432374,-4.257162251573869,-13.42248034423948,5.4,0.0,26.2,0.0
SP_7_5,2026-07-17,0.0,0.24028404167531814,-4.499264506639247,-13.469272044986994,4.8,0.0,23.1,0.0
SP_7_5,2026-07-18,0.0,0.22595382365982705,-6.172023698523511,-13.870993165498454,2.8,0.0,10.3,0.0
SP_7_5,2026-07-21,0.0,0.24673083760963785,-4.211180818181521,-12.153420647347456,10.7,0.0,15.5,0.0
SP_7_5,2026-07-23,0.0,0.24792443417028062,-3.7829509839135396,-12.990558602741334,20.6,0.0,20.6,0.0
SP_7_5,2026-07-24,0.0,0.26050031899483594,-5.535311754971417,-13.177166722768002,15.3,0.0,26.0,0.0
SP_7_5,2026-07-27,0.0,0.3155953997830598,-5.715385269588197,-12.9932102504454,29.900000000000002,0.0,55.9,0.0
SP_7_5,2026-07-29,0.0,0.30753034018982184,-5.107294277010829,-13.305746307429446,7.9,0.0,43.2,0.0
SP_7_5,2026-07-30,0.0,0.32128413553052027,-6.340898267190288,-13.839074927909818,15.6,0.0,50.9,0.0
SP_7_5,2026-08-02,0.0,0.2623853501998535,-6.413252057419222,-12.886240569442242,0.7,0.0,16.3,0.0
SP_7_5,2026-08-04,0.0,0.2484902588082453,-4.4318655258836674,-12.738194575059204,2.2,0.0,14.5,0.0
SP_7_5,2026-08-05,0.0,0.23865260144745512,-6.087916151696086,-13.568136356073738,2.2,0.0,10.6,0.0
SP_7_5,2026-08-08,0.0,0.2808575202341916,-6.106920913426857,-12.701950962992496,19.7,0.0,21.9,0.0
SP_7_5,2026-08-10,0.0,0.2511322881027221,-5.223096768736207,-12.899005236878285,7.800000000000001,0.0,21.4,0.0
SP_7_5,2026-08-11,0.0,0.2415161507929957,-6.219246772432325,-13.542143154836854,1.75,0.0,21.45,0.0
SP_7_5,2026-08-14,0.0,0.293204101232048,-7.104356823317845,-13.494278164361273,18.099999999999998,0.0,26.05,0.0
SP_7_5,2026-08-16,0.0,0.2654055194277386,-6.0297852025129135,-13.224821520909645,16.2,0.0,18.849999999999998,0.0
SP_7_5,2026-08-17,0.0,0.24646586771288387,-6.688908329170694,-13.740483221064366,0.725,0.0,18.974999999999998,0.0
SP_7_5,2026-08-20,0.0,0.20934780612088408,-6.719768461984988,-13.512682075915212,1.7999999999999998,0.0,18.125,0.0
SP_7_5,2026-08-22,0.0,0.1974424931037158,-5.459820225740946,-13.199561112182735,2.1,0.0,2.825,0.0
SP_7_5,2026-08-23,0.0,0.18112290102498943,-6.338609150454429,-13.639366947211888,0.9,0.0,2.825,0.0
SP_7_5,2026-08-26,0.0,0.15,-6.5374987014501675,-13.454339519751315,0.6,0.0,2.7,0.0
SP_7_8,2026-04-06,0.0,0.266349172175019,-8.69008877835859,-17.321886780926032,11.3,0.0,15.5,0.0
SP_7_8,2026-04-09,0.0,0.2782752703036875,-5.351159528247034,-13.424740178605063,8.299999999999999,0.0,19.599999999999998,0.0
SP_7_8,2026-04-11,0.0,0.2804528139422727,-4.168253820916795,-12.71350879904401,13.0,0.0,22.5,0.0
SP_7_8,2026-04-12,0.0,0.27212167418163347,-5.1850660298265385,-13.325278114552823,6.300000000000001,0.0,17.6,0.0
SP_7_8,2026-04-18,0.0,0.2958659738306559,-5.312956654273368,-13.381876732251134,14.2,0.0,23.0,0.0
SP_7_8,2026-04-21,0.0,0.2975576363302221,-5.240219121976063,-13.772839961069103,6.5,0.0,23.8,0.0
SP_7_8,2026-04-23,0.0,0.3006845450794514,-5.230129302187317,-13.994655557168807,7.7,0.0,15.1,0.0
SP_7_8,2026-04-24,0.0,0.312925411294636,-4.933587515936144,-12.661675754903868,11.600000000000001,0.0,19.400000000000002,0.0
SP_7_8,2026-04-30,0.0,0.3426643604776364,-5.667468859373081,-14.172147077605747,3.5,0.0,38.6,0.0
SP_7_8,2026-05-03,0.0,0.3036169702131679,-8.80852934404365,-17.950615507948715,0.0,0.0,13.2,0.0
SP_7_8,2026-05-05,0.0,0.2716068705865706,-7.66855236031163,-16.28298695941031,0.1,0.0,2.3000000000000003,0.0
SP_7_8,2026-05-06,0.0,0.2536112074516789,-9.38228319150833,-18.04651903523598,0.1,0.0,0.6,0.0
SP_7_8,2026-05-13,0.0,0.2922021175887146,-7.610050416468334,-16.283768424715298,16.4,0.0,19.4,0.0
SP_7_8,2026-05-15,0.0,0.2761688560106465,-6.804119633558754,-19.410755633059946,0.2,0.0,19.1,0.0
SP_7_8,2026-05-16,0.0,0.2677380364847878,-2.202878636511793,-20.39302687015529,0.2,0.0,18.0,0.0
SP_7_8,2026-05-17,0.0,0.2602518749123214,-10.251413984934816,-17.69860090629255,0.6000000000000001,0.0,17.0,0.0
SP_7_8,2026-05-18,0.0,0.2354843390770392,-10.920190748070555,-18.185393997632833,0.4,0.0,4.8,0.0
SP_7_8,2026-05-24,0.0,0.15,-12.097716969459459,-20.139763631625165,2.8000000000000003,0.0,3.2,0.0
SP_7_8,2026-05-25,0.0,0.17543018155166054,-10.506376658130971,-18.791707407142635,6.4,0.0,6.800000000000001,0.0
SP_7_8,2026-05-27,0.0,0.24376931698867996,7.778432197560937,-15.943995561316072,11.0,0.0,14.200000000000001,0.0
SP_7_8,2026-05-28,0.0,0.24879451045572154,4.001622001773196,-17.705985439419283,8.6,0.0,15.0,0.0
SP_7_8,2026-05-29,0.0,0.2626646241400287,-7.898164978567249,-16.977715683279996,7.2,0.0,18.5,0.0
SP_7_8,2026-05-30,0.0,0.26514176774785236,-10.769024990770104,-17.057385615824767,7.0,0.0,18.1,0.0
SP_7_8,2026-06-08,0.0,0.15,-0.1943325669133023,-18.56999472770334,0.0,0.0,1.1,0.0
SP_7_8,2026-06-09,0.0,0.15,-0.1544918439713534,-19.118279640428767,0.0,0.0,1.1,0.0
SP_7_8,2026-06-11,0.0,0.15,-11.475362055118891,-19.87960430934571,0.0,0.0,1.0,0.0
SP_7_8,2026-06-18,0.0,0.2485248434979623,-9.9728318785456,-17.9910572598097,4.7,0.0,16.599999999999998,15.0
SP_7_8,2026-06-21,0.0,0.20973123823318607,-0.351642371019844,-17.773941542480514,0.5,0.0,11.7,0.0
SP_7_8,2026-06-23,0.0,0.21218606596728576,-4.893643220638253,-13.567105424029196,4.3999999999999995,0.0,9.2,0.0
SP_7_8,2026-06-27,0.0,0.188461059751653,-1.0775102921035111,-16.7157137376656,2.4,0.0,6.8,0.0
SP_7_8,2026-06-29,0.0,0.16760092572638144,-8.546938609075145,-16.41178426028248,2.1999999999999997,0.0,2.8,0.0
SP_7_8,2026-06-30,0.0,0.15277322546156033,-8.811043645518629,-16.410336276245317,0.30000000000000004,0.0,2.7,0.0
SP_7_8,2026-07-03,0.0,0.17724748882376554,1.3593924725768125,-11.644903418632195,4.9,0.0,7.1,0.0
SP_7_8,2026-07-05,0.0,0.26564904415460294,-4.290435393057369,-12.887789653099478,27.8,0.0,28.6,0.0
SP_7_8,2026-07-06,0.0,0.26002752764221354,-5.844742877157243,-13.762758350317428,27.7,0.0,32.6,0.0
SP_7_8,2026-07-09,0.0,0.25257706552021997,-1.7053602095743892,-12.36602076374746,10.1,0.0,42.0,0.0
SP_7_8,2026-07-11,0.0,0.2751667562673043,-4.590085100753036,-12.811754277184225,18.7,0.0,36.8,0.0
SP_7_8,2026-07-12,0.0,0.26781995274117343,-5.586482335974936,-12.874092621360651,15.700000000000001,0.0,29.9,0.0
SP_7_8,2026-07-15,0.0,0.2515617252467626,-4.594032196821204,-12.840302436428665,5.4,0.0,26.2,0.0
SP_7_8,2026-07-17,0.0,0.23690422402934108,-6.3153523273723,-13.556375170564321,4.8,0.0,23.1,0.0
SP_7_8,2026-07-18,0.0,0.22241806270905984,-7.292378918898432,-13.935278411804315,2.8,0.0,10.3,0.0
SP_7_8,2026-07-21,0.0,0.2445673669550049,-5.381007785170753,-11.982418443908875,10.7,0.0,15.5,0.0
SP_7_8,2026-07-23,0.0,0.2453202828282922,-5.92382176021474,-13.161119320510915,20.6,0.0,20.6,0.0
SP_7_8,2026-07-24,0.0,0.25791042191378155,-6.778910022127689,-13.440060209311351,15.3,0.0,26.0,0.0
SP_7_8,2026-07-27,0.0,0.3119844594557758,-6.265685570803293,-12.800564794882721,29.900000000000002,0.0,55.9,0.0
SP_7_8,2026-07-29,0.0,0.30395231163091346,-6.0281820394440455,-13.28811692592566,7.9,0.0,43.2,0.0
SP_7_8,2026-07-30,0.0,0.3176587721885925,-6.909143733095363,-13.714192490047473,15.6,0.0,50.9,0.0
SP_7_8,2026-08-02,0.0,0.2583717029683292,-6.497820309588189,-13.029918707940194,0.7,0.0,16.3,0.0
SP_7_8,2026-08-04,0.0,0.24444220195728916,-5.718953406049751,-13.006473930420592,2.2,0.0,14.5,0.0
SP_7_8,2026-08-05,0.0,0.23434399902108496,-7.005390549102264,-13.859627387607041,2.2,0.0,10.6,0.0
SP_7_8,2026-08-08,0.0,0.2777852743607137,-6.249995172051936,-13.010144950650135,19.7,0.0,21.9,0.0
SP_7_8,2026-08-10,0.0,0.25111198028053777,-6.309515045910647,-13.259921084713856,7.800000000000001,0.0,21.4,0.0
SP_7_8,2026-08-11,0.0,0.24439067787451974,-7.227819575086933,-13.786622035757865,1.75,0.0,21.45,0.0
SP_7_8,2026-08-14,0.0,0.29443501004881734,-7.389284457755627,-13.945760408370294,18.099999999999998,0.0,26.05,0.0
SP_7_8,2026-08-16,0.0,0.266149849325706,-6.999665298409569,-13.74772480837242,16.2,0.0,18.849999999999998,0.0
SP_7_8,2026-08-17,0.0,0.2471485527967802,-7.621572032945804,-14.21458744212272,0.725,0.0,18.974999999999998,0.0
SP_7_8,2026-08-20,0.0,0.21008177971104644,-7.083734109497314,-13.949676863295736,1.7999999999999998,0.0,18.125,0.0
SP_7_8,2026-08-22,0.0,0.19857257776848594,-6.7859599606645515,-13.662979888157736,2.1,0.0,2.825,0.0
SP_7_8,2026-08-23,0.0,0.18248660809110911,-7.267598902481711,-13.954035792063648,0.9,0.0,2.825,0.0
SP_7_8,2026-08-26,0.0,0.15,-6.8914037882506936,-13.873793286049477,0.6,0.0,2.7,0.0
SP_7_9,2026-04-06,0.0,0.266349172175019,-7.819553004350702,-16.05190062145469,11.3,0.0,15.5,0.0
SP_7_9,2026-04-09,0.0,0.2782752703036875,-4.670277415891395,-12.75469263468613,8.299999999999999,0.0,19.599999999999998,0.0
SP_7_9,2026-04-11,0.0,0.2804528139422727,-4.029512677893589,-12.197075624053966,13.0,0.0,22.5,0.0
SP_7_9,2026-04-12,0.0,0.27212167418163347,-4.655946604340458,-12.790183954971203,6.300000000000001,0.0,17.6,0.0
SP_7_9,2026-04-18,0.0,0.2958559950342353,-4.916918894267122,-12.86004068892754,14.2,0.0,23.0,0.0
SP_7_9,2026-04-21,0.0,0.2975508156850405,-4.7145529294372714,-13.259105607707673,6.5,0.0,23.8,0.0
SP_7_9,2026-04-23,0.0,0.3006787856349925,-5.065956840634964,-13.608555201257724,7.7,0.0,15.1,0.0
SP_7_9,2026-04-24,0.0,0.31291993367153315,-4.444306970216806,-12.572971083680113,11.600000000000001,0.0,19.400000000000002,0.0
SP_7_9,2026-04-30,0.0,0.34264365209087977,-5.368208866434985,-13.92722547430555,3.5,0.0,38.6,0.0
SP_7_9,2026-05-03,0.0,0.3036009212363212,-7.409852917471031,-16.665745148827,0.0,0.0,13.2,0.0
SP_7_9,2026-05-05,0.0,0.27152318084118465,-6.684762607942581,-15.436734535683064,0.1,0.0,2.3000000000000003,0.0
SP_7_9,2026-05-06,0.0,0.2535259063900111,-8.455288834109856,-17.2752100435588,0.1,0.0,0.6,0.0
SP_7_9,2026-05-13,0.0,0.29213029798785844,-6.841030756954282,-15.963739826834074,16.4,0.0,19.4,0.0
SP_7_9,2026-05-15,0.0,0.2761065614996111,-9.623988943022146,-19.064979340328517,0.2,0.0,19.1,0.0
SP_7_9,2026-05-16,0.0,0.267609945335865,-9.885860807261954,-19.32555850999398,0.2,0.0,18.0,0.0
SP_7_9,2026-05-17,0.0,0.26007112313562203,-8.26164826885184,-16.86275233209065,0.6000000000000001,0.0,17.0,0.0
SP_7_9,2026-05-18,0.0,0.23530133646864113,-8.983787350052685,-17.189834159548404,0.4,0.0,4.8,0.0
SP_7_9,2026-05-24,0.0,0.15,-9.713295222880776,-19.9032757039067,2.8000000000000003,0.0,3.2,0.0
SP_7_9,2026-05-25,0.0,0.17664040155395114,-9.87542400630423,-20.505582461594244,6.4,0.0,6.800000000000001,0.0
SP_7_9,2026-05-27,0.0,0.24639691035516234,-4.01635227537016,-18.33413774593169,11.0,0.0,14.200000000000001,0.0
SP_7_9,2026-05-28,0.0,0.2512954897168225,-7.037331227832056,-20.365576069944726,8.6,0.0,15.0,0.0
SP_7_9,2026-05-29,0.0,0.2646917187734076,-6.335409226370339,-19.308313053923417,7.2,0.0,18.5,0.0
SP_7_9,2026-05-30,0.0,0.26731194433188127,-9.71069862846279,-16.212029068388198,7.0,0.0,18.1,0.0
SP_7_9,2026-06-08,0.0,0.15,-10.399876877675037,-20.971116764220664,0.0,0.0,1.1,0.0
SP_7_9,2026-06-09,0.0,0.15,-10.500315706521832,-21.374785083477846,0.0,0.0,1.1,0.0
SP_7_9,2026-06-11,0.0,0.15,-9.94430957571508,-20.653718340799113,0.0,0.0,1.0,0.0
SP_7_9,2026-06-18,0.0,0.24290402013333082,-10.365816955448592,-21.236912987562384,4.7,0.0,16.599999999999998,0.0
SP_7_9,2026-06-21,0.0,0.2500631087518457,-10.251102374520713,-20.57786797036698,0.5,15.0,11.7,15.0
SP_7_9,2026-06-23,0.0,0.23577107374145798,-3.6580400872027967,-15.800876401584546,4.3999999999999995,0.0,9.2,15.0
SP_7_9,2026-06-27,0.0,0.19030491374172515,-9.289883869862736,-18.397415426376295,2.4,0.0,6.8,0.0
SP_7_9,2026-06-29,0.0,0.15,-7.299837525598402,-16.71238127989628,2.1999999999999997,0.0,2.8,0.0
SP_7_9,2026-06-30,0.0,0.15,-8.094225551103962,-16.494649883196363,0.30000000000000004,0.0,2.7,0.0
SP_7_9,2026-07-03,0.0,0.17063164812000287,-3.3697913871254217,-13.166440340961117,4.9,0.0,7.1,0.0
SP_7_9,2026-07-05,0.0,0.2817253114666685,-2.052563391880498,-12.357525622175496,27.8,0.0,28.6,0.0
SP_7_9,2026-07-06,0.0,0.2800072343037032,-3.838723436766855,-13.561961995812371,27.7,0.0,32.6,0.0
SP_7_9,2026-07-09,0.0,0.273702389245514,-3.8193742884481114,-13.206347069295866,10.1,0.0,42.0,0.0
SP_7_9,2026-07-11,0.0,0.3002031066570409,-3.1491102299116576,-12.723017764954367,18.7,0.0,36.8,0.0
SP_7_9,2026-07-12,0.0,0.2939162600059603,-4.949177923356549,-12.839017565715949,15.700000000000001,0.0,29.9,0.0
SP_7_9,2026-07-15,0.0,0.2784576927393763,-5.976223731281443,-13.19145403241639,5.4,0.0,26.2,0.0
SP_7_9,2026-07-17,0.0,0.2653130861971692,-6.05865149943778,-13.58811157632826,4.8,0.0,23.1,0.0
SP_7_9,2026-07-18,0.0,0.25240455184865335,-7.00439799021347,-13.646023644337506,2.8,0.0,10.3,0.0
SP_7_9,2026-07-21,0.0,0.2668761323126442,-6.115095483167053,-12.946214392106288,10.7,0.0,15.5,0.0
SP_7_9,2026-07-23,0.0,0.27358833536764776,-5.40927220440455,-13.370397817464998,20.6,0.0,20.6,0.0
SP_7_9,2026-07-24,0.0,0.2851462217184574,-6.435323466286269,-13.62178428346018,15.3,0.0,26.0,0.0
SP_7_9,2026-07-27,0.0,0.3448881022191687,-6.33869090991526,-13.19541300830544,29.900000000000002,0.0,55.9,0.0
SP_7_9,2026-07-29,0.0,0.33735474573238755,-5.626691247116935,-13.36590493239597,7.9,0.0,43.2,0.0
SP_7_9,2026-07-30,0.0,0.35131389743443514,-6.538174182468303,-13.776795186156285,15.6,0.0,50.9,0.0
SP_7_9,2026-08-02,0.0,0.2963137300037797,-6.571638911378617,-13.140118154035852,0.7,0.0,16.3,0.0
SP_7_9,2026-08-04,0.0,0.28330474116131665,-4.564996353654712,-12.712624679274022,2.2,0.0,14.5,0.0
SP_7_9,2026-08-05,0.0,0.27522111382972053,-6.386905337725517,-13.746450103857033,2.2,0.0,10.6,0.0
SP_7_9,2026-08-08,0.0,0.3132606198754526,-6.517932969583185,-13.058906697635535,19.7,0.0,21.9,0.0
SP_7_9,2026-08-10,0.0,0.2869021341871647,-5.476594912780639,-12.975081181225846,7.800000000000001,0.0,21.4,0.0
SP_7_9,2026-08-11,0.0,0.2781222113597012,-6.549559741237044,-13.704045089725046,1.75,0.0,21.45,0.0
SP_7_9,2026-08-14,0.0,0.31719100378815074,-7.591352844255079,-13.959080758172135,18.099999999999998,0.0,26.05,0.0
SP_7_9,2026-08-16,0.0,0.28591457657660996,-6.195072020813485,-13.451259064065969,16.2,0.0,18.849999999999998,0.0
SP_7_9,2026-08-17,0.0,0.2672751723106776,-6.849484084249192,-13.918145150006637,0.725,0.0,18.974999999999998,0.0
SP_7_9,2026-08-20,0.0,0.23344428786724955,-6.940011094312552,-13.817452470700601,1.7999999999999998,0.0,18.125,0.0
SP_7_9,2026-08-22,0.0,0.22243666806840875,-5.897714763865953,-13.443168487975436,2.1,0.0,2.825,0.0
SP_7_9,2026-08-23,0.0,0.21087768095426085,-6.63598381053216,-13.672749152889828,0.9,0.0,2.825,0.0
SP_7_9,2026-08-26,0.0,0.19451608697982833,-7.051365571995221,-13.87396094685733,0.6,0.0,2.7,0.0
